loan_number,biz_id,draw,processing_method,date_approved,borrower_name,borrower_address,borrower_city,borrower_state,borrower_zip,naics_code,business_type,initial_approval_amount,current_approval_amount,loan_status,jobs_reported,payroll_proceed,refinance_eidl_proceed,forgiveness_amount,originating_lender,historical_payroll_proxy_annual,payroll_proxy_basis,in_current_source,first_seen_run,last_seen_run
4349297001,biz-001,first draw,PPP,04/03/2020,CPS CORPORATION,21 BRIGHAM ST,WESTBOROUGH,MA,01581-1603,238220,Corporation,208500,208500,Paid in Full,12,166800,,209687.28,St. Mary's CU,1000800,"4349297001 (PPP, 04/03/2020): 208,500.00 / 2.5 x 12",yes,20261007T202810Z,20261007T202838Z
4350727007,biz-002,first draw,PPP,04/03/2020,KEN PECORE PLUMBING & HEATING LLC,460 WORCESTER RD,CHARLTON,MA,01507-1508,238220,Limited  Liability Company(LLC),208800,208800,Paid in Full,12,208800,,209977.4,Cornerstone Bank,unknown,business type 'Limited  Liability Company(LLC)' may use owner income/SE basis,yes,20261007T202810Z,20261007T202838Z
4351507002,biz-003,first draw,PPP,04/03/2020,"LEPREVOST PLUMBING & HEATING, INC.",18 RUN WAY,LEE,MA,01238-9612,238220,Corporation,250000,250000,Paid in Full,17,250000,,251410.96,Lee Bank,1200000,"4351507002 (PPP, 04/03/2020): 250,000.00 / 2.5 x 12",yes,20261007T202810Z,20261007T202838Z
4352027002,biz-004,first draw,PPP,04/03/2020,"TC CONTROLS AND SERVICES, INC.",53 East CENTRAL ST,WORCESTER,MA,01605-3036,238220,Subchapter S Corporation,289500,289500,Paid in Full,17,289500,,291623,Rollstone Bank & Trust,1389600,"4352027002 (PPP, 04/03/2020): 289,500.00 / 2.5 x 12",yes,20261007T202810Z,20261007T202838Z
4376697009,biz-005,first draw,PPP,04/03/2020,PIONEER HEATING & COOLING INC.,52 Maple Street,FLORENCE,MA,01062-1233,238220,Corporation,164500,164500,Paid in Full,12,164500,,165451.03,bankESB,789600,"4376697009 (PPP, 04/03/2020): 164,500.00 / 2.5 x 12",yes,20261007T202810Z,20261007T202838Z
4382327010,biz-006,first draw,PPP,04/03/2020,"HAROLD BROTHERS MECHANICAL CONTRACTORS, INC.",44 WOODROCK RD,EAST WEYMOUTH,MA,02189-2336,238220,Corporation,4657000,4657000,Paid in Full,325,4657000,,4711863.29,Coastal Heritage Bank,22353600,"4382327010 (PPP, 04/03/2020): 4,657,000.00 / 2.5 x 12",yes,20261007T202810Z,20261007T202838Z
2435488308,biz-007,second draw,PPS,01/20/2021,BOULANGER'S PLUMBING & HEATING INC.,373 Main St,Easthampton,MA,01027-1961,238220,Corporation,479432,479432,Paid in Full,42,479429,,482965.35,bankESB,2301274,"2435488308 (PPS, 01/20/2021): 479,432.00 / 2.5 x 12",yes,20261007T202810Z,20261007T202838Z
4384687006,biz-007,first draw,PPP,04/03/2020,"BOULANGER'S PLUMBING & HEATING, INC",373 Main Street,EASTHAMPTON,MA,01027-1961,238220,Corporation,639900,639900,Paid in Full,43,639900,,643739.4,bankESB,3071520,"4384687006 (PPP, 04/03/2020): 639,900.00 / 2.5 x 12",yes,20261007T202810Z,20261007T202838Z
4393567007,biz-008,first draw,PPP,04/03/2020,MCDONALD HEATING AIR CONDITIONING AND PLUMBING INC,200 Auburn Street,Auburn,MA,01524-1004,238220,Corporation,322800,322800,Paid in Full,20,322800,,324620.23,Cornerstone Bank,1549440,"4393567007 (PPP, 04/03/2020): 322,800.00 / 2.5 x 12",yes,20261007T202810Z,20261007T202838Z
4406187000,biz-009,first draw,PPP,04/03/2020,"NORTH MECHANICAL SERVICES, INC.",25 Mulberry St.,HAVERHILL,MA,01830-3914,238220,Corporation,571500,571500,Paid in Full,38,428700,,575389.38,Pentucket Bank,2743200,"4406187000 (PPP, 04/03/2020): 571,500.00 / 2.5 x 12",yes,20261007T202810Z,20261007T202838Z
4451337007,biz-010,first draw,PPP,04/03/2020,SANTON PLUMBING & HEATING INC,99 W MAIN ST,MILLBURY,MA,01527-2000,238220,Corporation,160800,209722,Paid in Full,30,209722,,212192.7,bankHometown,unknown,current amount differs from initial approval,yes,20261007T202810Z,20261007T202838Z
4458407007,biz-011,first draw,PPP,04/03/2020,"ALLIED FIRE PROTECTION, INC.",11 East Fisk Ave,SPRINGFIELD,MA,01107-1056,238220,Corporation,199000,178900,Paid in Full,10,178900,,180483.14,bankESB,unknown,current amount differs from initial approval,yes,20261007T202810Z,20261007T202838Z
4046688609,biz-012,second draw,PPS,03/17/2021,DOBBERT HEATING AND AIR CONDITIONING INC.,558 Union St,North Adams,MA,01247-2964,238220,Corporation,327020.65,327020.65,Paid in Full,20,327020.65,,330039.99,Adams Community Bank,1569699,"4046688609 (PPS, 03/17/2021): 327,020.65 / 2.5 x 12",yes,20261007T202810Z,20261007T202838Z
4459127008,biz-012,first draw,PPP,04/03/2020,"DOBBERT HEATING & AIR CONDITIONING, INC.",558 UNION ST,NORTH ADAMS,MA,01247-2964,238220,Corporation,319200,319200,Paid in Full,21,319200,,322164.62,Adams Community Bank,1532160,"4459127008 (PPP, 04/03/2020): 319,200.00 / 2.5 x 12",yes,20261007T202810Z,20261007T202838Z
4464167003,biz-013,first draw,PPP,04/03/2020,N. & T. MECHANICAL CONTRACTORS,417 Bolton Road,LANCASTER,MA,01523-2291,238220,Corporation,490000,425800,Paid in Full,20,400000,,429533.04,Main Street Bank,unknown,current amount differs from initial approval; implied pay per reported job reaches $100K cap,yes,20261007T202810Z,20261007T202838Z
7089628802,biz-013,second draw,PPS,04/21/2021,N&T MECHANICAL CONTRACTORS INC,417 Bolton Rd,Lancaster,MA,01523-2339,238220,Corporation,471555.37,471555.37,Paid in Full,25,471555.37,,474139.24,Main Street Bank,2263466,"7089628802 (PPS, 04/21/2021): 471,555.37 / 2.5 x 12",yes,20261007T202810Z,20261007T202838Z
4471157009,biz-014,first draw,PPP,04/03/2020,CONTROL POINT MECHANICAL INC.,165 MEMORIAL DR Suite F,SHREWSBURY,MA,01545-4030,238220,Subchapter S Corporation,270000,270000,Paid in Full,17,216000,,273892.5,Webster Five Cents Savings Bank,1296000,"4471157009 (PPP, 04/03/2020): 270,000.00 / 2.5 x 12",yes,20261007T202810Z,20261007T202838Z
4496707004,biz-015,first draw,PPP,04/03/2020,"A. DUQUETTE & SON, INC.",104 Blackstone River Road,WORCESTER,MA,01607-1488,238220,Subchapter S Corporation,441000,441000,Paid in Full,26,441000,,443486.75,Webster Five Cents Savings Bank,2116800,"4496707004 (PPP, 04/03/2020): 441,000.00 / 2.5 x 12",yes,20261007T202810Z,20261007T202838Z
4555697004,biz-016,first draw,PPP,04/03/2020,"ALL CLEAR PLUMBING, INC.",12 WILMINGTON RD,BURLINGTON,MA,01803-1729,238220,Subchapter S Corporation,927000,927000,Paid in Full,87,927000,,934570.5,"North Shore Bank, a Co-operative Bank",4449600,"4555697004 (PPP, 04/03/2020): 927,000.00 / 2.5 x 12",yes,20261007T202810Z,20261007T202838Z
4608547010,biz-017,first draw,PPP,04/04/2020,COMPLETE COMFORT SYSTEMS INC,230 ESSEX ST,HAVERHILL,MA,01832-5539,238220,Corporation,449900,449900,Paid in Full,40,449900,,452696.61,Pentucket Bank,2159520,"4608547010 (PPP, 04/04/2020): 449,900.00 / 2.5 x 12",yes,20261007T202810Z,20261007T202838Z
5007148308,biz-017,second draw,PPS,01/23/2021,COMPLETE COMFORT SYSTEMS INC.,230 Essex St,Haverhill,MA,01832-5539,238220,Corporation,494042,494042,Paid in Full,43,494042,,497857.1,Pentucket Bank,2371402,"5007148308 (PPS, 01/23/2021): 494,042.00 / 2.5 x 12",yes,20261007T202810Z,20261007T202838Z
4644347006,biz-018,first draw,PPP,04/04/2020,POLAR MECHANICAL INC.,37 KNOLLWOOD DR,CHARLTON,MA,01507-1814,238220,Corporation,150500,150500,Paid in Full,2,150500,,152130.42,Cornerstone Bank,unknown,implied pay per reported job reaches $100K cap,yes,20261007T202810Z,20261007T202838Z
4659597003,biz-019,first draw,PPP,04/04/2020,"WILSON BROTHERS, HVAC, INC.",35 Lowell Road,PEPPERELL,MA,01463-1704,238220,Corporation,456700,456700,Paid in Full,33,456700,,460979.22,Main Street Bank,2192160,"4659597003 (PPP, 04/04/2020): 456,700.00 / 2.5 x 12",yes,20261007T202810Z,20261007T202838Z
4676857000,biz-020,first draw,PPP,04/04/2020,"DEWOLFE CONTRACTING, INC.",211 SHREWSBURY ST,WEST BOYLSTON,MA,01583-2107,238220,Corporation,261200,261200,Paid in Full,47,261200,,263125.01,bankHometown,1253760,"4676857000 (PPP, 04/04/2020): 261,200.00 / 2.5 x 12",yes,20261007T202810Z,20261007T202838Z
4699867006,biz-021,first draw,PPP,04/04/2020,"BOSTON AIR SYSTEMS, INC.",115 MESSINA DR,BRAINTREE,MA,02184-6703,238220,Corporation,1421600,1421600,Paid in Full,90,1421600,,1437119.13,South Shore Bank,6823680,"4699867006 (PPP, 04/04/2020): 1,421,600.00 / 2.5 x 12",yes,20261007T202810Z,20261007T202838Z
2128618506,biz-022,second draw,PPS,02/19/2021,IEC MECHANICAL CORPORATION,83 Leicester St,North Oxford,MA,01537-1001,238220,Corporation,201125,201125,Paid in Full,20,201123,,204253.61,Digital FCU,965400,"2128618506 (PPS, 02/19/2021): 201,125.00 / 2.5 x 12",yes,20261007T202810Z,20261007T202838Z
4707507004,biz-022,first draw,PPP,04/04/2020,IEC MECHANICAL CORPORATION,83 Leicester Street,NORTH OXFORD,MA,01537-1001,238220,Corporation,210300,210300,Paid in Full,16,169527,,213109.84,Digital FCU,1009440,"4707507004 (PPP, 04/04/2020): 210,300.00 / 2.5 x 12",yes,20261007T202810Z,20261007T202838Z
4709647004,biz-023,first draw,PPP,04/04/2020,"JOSEPH A. DIPIETRO HEATING & COOLING, INC.",5 SOUTH SUMMER ST,HAVERHILL,MA,01835-7433,238220,Subchapter S Corporation,1768700,1903163.09,Paid in Full,111,1903163.09,,1782017.88,Haverhill Bank,unknown,current amount differs from initial approval,yes,20261007T202810Z,20261007T202838Z
9716528403,biz-023,second draw,PPS,02/17/2021,JOSEPH A. DIPIETRO HEATING AND COOLING INC.,32 Middlesex St,Bradford,MA,01835-7403,238220,Subchapter S Corporation,1764859.5,1764859.5,Paid in Full,111,1764857.5,,1775497.68,Haverhill Bank,8471326,"9716528403 (PPS, 02/17/2021): 1,764,859.50 / 2.5 x 12",yes,20261007T202810Z,20261007T202838Z
4710097002,biz-024,first draw,PPP,04/04/2020,ANYTIME PLUMBING AND HEATING INC,123 BROADWAY,TAUNTON,MA,02780-2507,238220,Corporation,198700,175300,Paid in Full,17,165300,,176692.66,Mechanics Cooperative Bank,unknown,current amount differs from initial approval,yes,20261007T202810Z,20261007T202838Z
4733737007,biz-025,first draw,PPP,04/04/2020,"NORTHEASTERN MECHANICAL, INC.",35 INDUSTRIAL DR,CANTON,MA,02021-2801,238220,Corporation,3500800,3403900,Paid in Full,100,3403900,,3441910.22,Needham Bank,unknown,current amount differs from initial approval; implied pay per reported job reaches $100K cap,yes,20261007T202810Z,20261007T202838Z
7427398700,biz-025,second draw,PPS,04/06/2021,NORTHEASTERN MECHANICAL INC,35 Industrial Dr,Canton,MA,02021-2801,238220,Corporation,2000000,2000000,Paid in Full,120,2000000,,2009777.78,Needham Bank,unknown,at program cap,yes,20261007T202810Z,20261007T202838Z
4742747001,biz-026,first draw,PPP,04/04/2020,"PATRIOT PLUMBING & HEATING, INC.",35 INDUSTRIAL DR,CANTON,MA,02021-2801,238220,Corporation,1200300,862400,Paid in Full,14,862400,,871503.11,Needham Bank,unknown,current amount differs from initial approval; implied pay per reported job reaches $100K cap,yes,20261007T202810Z,20261007T202838Z
3591588408,biz-027,second draw,PPS,02/05/2021,VALANTE MECHANICAL INC,32 Furnace Ave,Quincy,MA,02169-4050,238220,Corporation,564342,564342,Paid in Full,28,564338,,570078.19,Coastal Heritage Bank,2708842,"3591588408 (PPS, 02/05/2021): 564,342.00 / 2.5 x 12",yes,20261007T202810Z,20261007T202838Z
4746127000,biz-027,first draw,PPP,04/04/2020,VALANTE MECHANICAL INC,32 FURNACE AVE,QUINCY,MA,02169-4050,238220,Corporation,564200,564200,Paid in Full,15,564200,,570398.47,Coastal Heritage Bank,unknown,implied pay per reported job reaches $100K cap,yes,20261007T202810Z,20261007T202838Z
4747947001,biz-028,first draw,PPP,04/04/2020,GRAY COMPANY,28 Nashua Road Unit C,NORTH BILLERICA,MA,01862-2071,238220,Corporation,410000,410000,Paid in Full,39,388000,,412987.95,The Lowell Five Cent Savings Bank,1968000,"4747947001 (PPP, 04/04/2020): 410,000.00 / 2.5 x 12",yes,20261007T202810Z,20261007T202838Z
1395738409,biz-029,second draw,PPS,02/01/2021,GRATTA REFRIGERATION AND AIR CONDITIONING INC.,1047 Washington St,East Weymouth,MA,02189-1945,238220,Subchapter S Corporation,569100,569100,Paid in Full,36,569096,,571882.27,South Shore Bank,2731680,"1395738409 (PPS, 02/01/2021): 569,100.00 / 2.5 x 12",yes,20261007T202810Z,20261007T202838Z
4750697010,biz-029,first draw,PPP,04/04/2020,"GRATTA REFRIGERATION AND AIR CONDITIONING, INC",1047 WASHINGTON ST,EAST WEYMOUTH,MA,02189-1945,238220,Subchapter S Corporation,569100,569100,Paid in Full,37,569100,,572388.13,South Shore Bank,2731680,"4750697010 (PPP, 04/04/2020): 569,100.00 / 2.5 x 12",yes,20261007T202810Z,20261007T202838Z
4768477001,biz-030,first draw,PPP,04/04/2020,PIERCE REFRIGERATION LLC,439 EAST CENTER STREET,WEST BRIDGEWATER,MA,02379-1815,238220,Corporation,375500,375500,Paid in Full,25,375500,,378411.41,HarborOne Bank,1802400,"4768477001 (PPP, 04/04/2020): 375,500.00 / 2.5 x 12",yes,20261007T202810Z,20261007T202838Z
4771637002,biz-031,first draw,PPP,04/04/2020,G & L PLUMBING INC,140 Shrewsbury Street,BOYLSTON,MA,01505-1710,238220,Corporation,290600,290600,Paid in Full,20,290600,,293546.36,Webster Five Cents Savings Bank,1394880,"4771637002 (PPP, 04/04/2020): 290,600.00 / 2.5 x 12",yes,20261007T202810Z,20261007T202838Z
4800327003,biz-032,first draw,PPP,04/04/2020,ACE TEMPERATURE CONTROL INC.,30 WARD ST,WORCESTER,MA,01610-1923,238220,Corporation,262500,262500,Paid in Full,19,262500,,263958.33,Bay State Savings Bank,1260000,"4800327003 (PPP, 04/04/2020): 262,500.00 / 2.5 x 12",yes,20261007T202810Z,20261007T202838Z
6164288302,biz-032,second draw,PPS,01/26/2021,ACE TEMPERATURE CONTROL INC.,30 Ward St,Worcester,MA,01610-1923,238220,Corporation,322108,322108,Paid in Full,21,322102,,323262.22,Bay State Savings Bank,1546118,"6164288302 (PPS, 01/26/2021): 322,108.00 / 2.5 x 12",yes,20261007T202810Z,20261007T202838Z
4802817001,biz-033,first draw,PPP,04/04/2020,"EAGLE SPRINKLER FIRE AND PROTECTION, INC.",781 main street,WHITINSVILLE,MA,01588-1705,238220,Corporation,383900,383900,Paid in Full,29,383900,,386235.39,UniBank for Savings,1842720,"4802817001 (PPP, 04/04/2020): 383,900.00 / 2.5 x 12",yes,20261007T202810Z,20261007T202838Z
4838467005,biz-034,first draw,PPP,04/04/2020,"JIM DORSEY & SONS, INC",82 INGELL ST,TAUNTON,MA,02780-3507,238220,Corporation,230800,230800,Paid in Full,24,204200,,232518.18,Mechanics Cooperative Bank,1107840,"4838467005 (PPP, 04/04/2020): 230,800.00 / 2.5 x 12",yes,20261007T202810Z,20261007T202838Z
4927417003,biz-035,first draw,PPP,04/04/2020,AFM PLUMBING INC,370 CIRCUIT ST,NORWELL,MA,02061-2132,238220,Subchapter S Corporation,241100,241100,Paid in Full,20,227400,,243283.29,Mechanics Cooperative Bank,1157280,"4927417003 (PPP, 04/04/2020): 241,100.00 / 2.5 x 12",yes,20261007T202810Z,20261007T202838Z
5006207010,biz-036,first draw,PPP,04/04/2020,DENOMMEE PLUMBING & HEATING INC,21 Westech Drive,TYNGSBORO,MA,01879-2720,238220,Corporation,402000,402000,Paid in Full,32,383000,,404601.83,Enterprise Bank and Trust Company,1929600,"5006207010 (PPP, 04/04/2020): 402,000.00 / 2.5 x 12",yes,20261007T202810Z,20261007T202838Z
5072877010,biz-037,first draw,PPP,04/05/2020,NEW ENGLAND PLUMBING SOLUTIONS LLC,759 CHIEF JUSTICE CUSHING HWY,COHASSET,MA,02025-2115,238220,Limited  Liability Company(LLC),301600,301600,Paid in Full,32,301600,,304297.64,South Shore Bank,unknown,business type 'Limited  Liability Company(LLC)' may use owner income/SE basis,yes,20261007T202810Z,20261007T202838Z
5084327006,biz-038,first draw,PPP,04/05/2020,EXCEL MECHANICAL INC,392 MCGRATH HWY,SOMERVILLE,MA,02143-2116,238220,Corporation,185000,185600,Paid in Full,13,185600,,186089.86,BankGloucester,unknown,current amount differs from initial approval,yes,20261007T202810Z,20261007T202838Z
5088157000,biz-039,first draw,PPP,04/05/2020,"TAVANO MECHANICAL SYSTEMS, LLC",270 Comunications Way,HYANNIS,MA,02601-1883,238220,Corporation,222200,208000,Paid in Full,18,208000,,209298.56,The Cape Cod Five Cents Savings Bank,unknown,current amount differs from initial approval,yes,20261007T202810Z,20261007T202838Z
6195238301,biz-039,second draw,PPS,01/26/2021,"TAVANO MECHANICAL SYSTEMS, LLC",270 Communication Way Unit 1B,Hyannis,MA,02601-1883,238220,Corporation,242957.5,242957.5,Paid in Full,21,242957.5,,245461.31,The Cape Cod Five Cents Savings Bank,1166196,"6195238301 (PPS, 01/26/2021): 242,957.50 / 2.5 x 12",yes,20261007T202810Z,20261007T202838Z
5100887000,biz-040,first draw,PPP,04/05/2020,"O'CONNELL PLUMBING, INC.",19A LARCHMONT RD,SALEM,MA,01970-2419,238220,Corporation,229400,229400,Paid in Full,8,229400,,231955.26,"North Shore Bank, a Co-operative Bank",unknown,implied pay per reported job reaches $100K cap,yes,20261007T202810Z,20261007T202838Z
3976138403,biz-041,second draw,PPS,02/05/2021,CASWELL MECHANICAL INC.,24 Graf Rd,Newburyport,MA,01950-4015,238220,Corporation,486600,486600,Paid in Full,36,486594,,489972.87,Institution for Savings In Newburyport and its Vicinity,2335680,"3976138403 (PPS, 02/05/2021): 486,600.00 / 2.5 x 12",yes,20261007T202810Z,20261007T202838Z
5115257002,biz-041,first draw,PPP,04/05/2020,"CASWELL MECHANICAL, INC.",24 Graf Road,NEWBURYPORT,MA,01950,238220,Corporation,538000,507900,Paid in Full,43,380925,,511837.96,Institution for Savings In Newburyport and its Vicinity,unknown,current amount differs from initial approval,yes,20261007T202810Z,20261007T202838Z
5146817007,biz-042,first draw,PPP,04/05/2020,"CHATHAM SHEETMETAL, INC.",28 Village Landing P.O. BOX 1467,WEST CHATHAM,MA,02633-1882,238220,Corporation,1145000,1020000,Paid in Full,68,974300,,1029151.67,The Cape Cod Five Cents Savings Bank,unknown,current amount differs from initial approval,yes,20261007T202810Z,20261007T202838Z
5179507004,biz-043,first draw,PPP,04/05/2020,"LC MECHANICAL, INC",147 HYACINTH ST,FALL RIVER,MA,02720-7600,238220,Corporation,277900,267300,Paid in Full,19,267300,,269540.93,Fall River Five Cents Savings Bank d/b/a BankFive,unknown,current amount differs from initial approval,yes,20261007T202810Z,20261007T202838Z
5197667010,biz-044,first draw,PPP,04/05/2020,"SUBURBAN HVAC, INC.",16 Southwest Park,WESTWOOD,MA,02090-1726,238220,Corporation,330200,330200,Paid in Full,30,264200,,332080.31,Walpole Co-Operative Bank,1584960,"5197667010 (PPP, 04/05/2020): 330,200.00 / 2.5 x 12",yes,20261007T202810Z,20261007T202838Z
5204827009,biz-045,first draw,PPP,04/05/2020,SUBURBAN SERVICE CORPORATION OF NORWOOD,16 Southwest Park,WESTWOOD,MA,02090-1726,238220,Corporation,286400,286400,Paid in Full,28,229100,,288030.89,Walpole Co-Operative Bank,1374720,"5204827009 (PPP, 04/05/2020): 286,400.00 / 2.5 x 12",yes,20261007T202810Z,20261007T202838Z
5219627000,biz-046,first draw,PPP,04/05/2020,ADVANCED ENERGY CONCEPTS OF WORCESTER INC,151 SOUTHBRIDGE ST,AUBURN,MA,01501-2503,238220,Corporation,175400,175400,Paid in Full,18,175400,,176745.53,Savers Co-Operative Bank,841920,"5219627000 (PPP, 04/05/2020): 175,400.00 / 2.5 x 12",yes,20261007T202810Z,20261007T202838Z
6245988400,biz-046,second draw,PPS,02/10/2021,ADVANCED ENERGY CONCEPTS OF WORCESTER INC,151 Southbridge St Ste 2,Auburn,MA,01501-2679,238220,Corporation,239200,239200,Paid in Full,26,239197,,240497.58,Savers Co-Operative Bank,1148160,"6245988400 (PPS, 02/10/2021): 239,200.00 / 2.5 x 12",yes,20261007T202810Z,20261007T202838Z
5222967009,biz-047,first draw,PPP,04/05/2020,"HVACR SERVICE CONTRACTORS, INC .",29 Sword Street,AUBURN,MA,01501-2146,238220,Corporation,327600,327600,Paid in Full,21,327600,,329765.8,Country Bank for Savings,1572480,"5222967009 (PPP, 04/05/2020): 327,600.00 / 2.5 x 12",yes,20261007T202810Z,20261007T202838Z
5275727000,biz-048,first draw,PPP,04/05/2020,"NEW ENGLAND DUCTLESS, INC.",41 Hollingsworth Street,MATTAPAN,MA,02126-2019,238220,Subchapter S Corporation,173424,173424,Paid in Full,17,173424,,174570.53,BayCoast Bank,832435,"5275727000 (PPP, 04/05/2020): 173,424.00 / 2.5 x 12",yes,20261007T202810Z,20261007T202838Z
5376167008,biz-049,first draw,PPP,04/05/2020,BOSTON STANDARD PLUMBING & HEATING INCORPORATED,41 Hollingsworth Street,Mattapan,MA,02186,238220,Corporation,477775,477775,Paid in Full,47,477775,,480960.17,BayCoast Bank,2293320,"5376167008 (PPP, 04/05/2020): 477,775.00 / 2.5 x 12",yes,20261007T202810Z,20261007T202838Z
5432307008,biz-050,first draw,PPP,04/05/2020,"NASHOBA AIR, INC.",527 GREAT RD,LITTLETON,MA,01460-1208,238220,Subchapter S Corporation,631700,631700,Paid in Full,42,578300,,637823.98,Enterprise Bank and Trust Company,3032160,"5432307008 (PPP, 04/05/2020): 631,700.00 / 2.5 x 12",yes,20261007T202810Z,20261007T202838Z
5562727003,biz-051,first draw,PPP,04/05/2020,"MILLTOWN PLUMBING & HEATING, INC.",131 STEADMAN ST #6,CHELMSFORD,MA,01824-1868,238220,Corporation,684200,684200,Paid in Full,48,613200,,690338.79,Enterprise Bank and Trust Company,3284160,"5562727003 (PPP, 04/05/2020): 684,200.00 / 2.5 x 12",yes,20261007T202810Z,20261007T202838Z
5630827001,biz-052,first draw,PPP,04/06/2020,"BOUCHER ENERGY SYSTEMS, INC",88 MILLVILLE,MENDON,MA,01756-1269,238220,Subchapter S Corporation,289100,289100,Paid in Full,17,231280,,291316.43,Charles River Bank,1387680,"5630827001 (PPP, 04/06/2020): 289,100.00 / 2.5 x 12",yes,20261007T202810Z,20261007T202838Z
5657697010,biz-053,first draw,PPP,04/06/2020,MAGUIRE COMPANY,254 ADAMS STREET,NEWTON,MA,02458-1204,238220,Corporation,705672.5,705672.5,Paid in Full,36,705672.5,,710815.21,Webster Bank National Association,3387228,"5657697010 (PPP, 04/06/2020): 705,672.50 / 2.5 x 12",yes,20261007T202810Z,20261007T202838Z
5670227003,biz-054,first draw,PPP,04/06/2020,"ATCO PLUMBING AND MECHANICAL, LLC",93 Weaver Street,FALL RIVER,MA,02720-1309,238220,Limited  Liability Company(LLC),287556,287556,Paid in Full,30,287556,,291118.5,BayCoast Bank,unknown,business type 'Limited  Liability Company(LLC)' may use owner income/SE basis,yes,20261007T202810Z,20261007T202838Z
5686027007,biz-055,first draw,PPP,04/06/2020,MACCORMACK PLUMBING INC.,17 BRIDGE ST Suite 104,BILLERICA,MA,01821-1000,238220,Subchapter S Corporation,3093400,3093400,Paid in Full,202,2350000,,3129489.67,Enterprise Bank and Trust Company,14848320,"5686027007 (PPP, 04/06/2020): 3,093,400.00 / 2.5 x 12",yes,20261007T202810Z,20261007T202838Z
2986038309,biz-056,second draw,PPS,01/21/2021,PIPING SYSTEMS INC,32 Mill St,Assonet,MA,02702-1104,238220,Subchapter S Corporation,809016,809016,Paid in Full,45,809016,,813690.31,BayCoast Bank,3883277,"2986038309 (PPS, 01/21/2021): 809,016.00 / 2.5 x 12",yes,20261007T202810Z,20261007T202838Z
5690417009,biz-056,first draw,PPP,04/06/2020,PIPING SYSTEMS INC.,32 Mill Street PO Box 409,ASSONET,MA,02702,238220,Subchapter S Corporation,760000,760000,Paid in Full,49,760000,,766058.89,BayCoast Bank,3648000,"5690417009 (PPP, 04/06/2020): 760,000.00 / 2.5 x 12",yes,20261007T202810Z,20261007T202838Z
5705397009,biz-057,first draw,PPP,04/06/2020,GUSTAFSON PLUMBERS INC,1035 MILLBURY ST,WORCESTER,MA,01607-1494,238220,Corporation,155100,155100,Paid in Full,17,155100,,155977.81,bankHometown,744480,"5705397009 (PPP, 04/06/2020): 155,100.00 / 2.5 x 12",yes,20261007T202810Z,20261007T202838Z
5267218301,biz-058,second draw,PPS,01/25/2021,AMERICAN PLUMBING & HEATING CORP.,1000 Cordwainer Dr,Norwell,MA,02061-1631,238220,Subchapter S Corporation,1125000,1125000,Paid in Full,236,1124998,,1129250,South Shore Bank,5400000,"5267218301 (PPS, 01/25/2021): 1,125,000.00 / 2.5 x 12",yes,20261007T202810Z,20261007T202838Z
5742577003,biz-058,first draw,PPP,04/06/2020,AMERICAN PLUMBING AND HEATING CORP,1000 Cordwainer,NORWELL,MA,02061-1631,238220,Subchapter S Corporation,1125000,1125000,Paid in Full,65,1125000,,1131281.25,South Shore Bank,5400000,"5742577003 (PPP, 04/06/2020): 1,125,000.00 / 2.5 x 12",yes,20261007T202810Z,20261007T202838Z
5803937009,biz-059,first draw,PPP,04/06/2020,ACCUTEMP ENGINEERING INC.,100 Maple Street Bldg B,STONEHAM,MA,02180-3143,238220,Subchapter S Corporation,1054600,1054600,Paid in Full,48,1054600,,1062831.74,Watertown Savings Bank,unknown,implied pay per reported job reaches $100K cap,yes,20261007T202810Z,20261007T202838Z
5815267006,biz-060,first draw,PPP,04/06/2020,"WALTER SMITH PLUMBING & HEATING, INC.",8 Weeks Lane,EDGARTOWN,MA,02539-6703,238220,Subchapter S Corporation,481452,481452,Paid in Full,23,481452,,487710.88,The Cape Cod Five Cents Savings Bank,unknown,implied pay per reported job reaches $100K cap,yes,20261007T202810Z,20261007T202838Z
5830197007,biz-061,first draw,PPP,04/06/2020,"KINGSTON PLUMBING & HEATING, INC.",100 Ferncroft Rd Suite 201,DANVERS,MA,01923-4027,238220,Subchapter S Corporation,190700,190700,Paid in Full,13,190700,,192273.28,Cape Ann Savings Bank,915360,"5830197007 (PPP, 04/06/2020): 190,700.00 / 2.5 x 12",yes,20261007T202810Z,20261007T202838Z
8622068401,biz-061,second draw,PPS,02/13/2021,KINGSTON PLUMBING & HEATING INC,7 Ryan Rd,Danvers,MA,01923-2631,238220,Subchapter S Corporation,163412.5,163412.5,Paid in Full,13,163407.5,,164547.31,Cape Ann Savings Bank,784380,"8622068401 (PPS, 02/13/2021): 163,412.50 / 2.5 x 12",yes,20261007T202810Z,20261007T202838Z
5834827003,biz-062,first draw,PPP,04/06/2020,"B.L. MECHANICAL, INC.",726 Quaker Highway,UXBRIDGE,MA,01569-2227,238220,Corporation,851800,851800,Paid in Full,47,851800,,,UniBank for Savings,4088640,"5834827003 (PPP, 04/06/2020): 851,800.00 / 2.5 x 12",yes,20261007T202810Z,20261007T202838Z
5861077009,biz-063,first draw,PPP,04/06/2020,MCCUSKER-GILL INC,60 RESEARCH RD,HINGHAM,MA,02043-4310,238220,Corporation,4272200,4272200,Paid in Full,220,4272200,,4321804.99,Eastern Bank,20506560,"5861077009 (PPP, 04/06/2020): 4,272,200.00 / 2.5 x 12",yes,20261007T202810Z,20261007T202838Z
5869527007,biz-064,first draw,PPP,04/06/2020,"NEW ENGLAND COOLING TOWERS, INC.",69 WESTECH DR,TYNGSBORO,MA,01879-2720,238220,Corporation,357700,357700,Paid in Full,26,196664.85,,359669.8,The Lowell Five Cent Savings Bank,1716960,"5869527007 (PPP, 04/06/2020): 357,700.00 / 2.5 x 12",yes,20261007T202810Z,20261007T202838Z
5878337000,biz-065,first draw,PPP,04/06/2020,"EMOND PLUMBING & HEATING, INC",555 WINTHROP ST,TAUNTON,MA,02780-2166,238220,Corporation,2223000,2223000,Paid in Full,165,1778000,,2250046.5,Bristol County Savings Bank,10670400,"5878337000 (PPP, 04/06/2020): 2,223,000.00 / 2.5 x 12",yes,20261007T202810Z,20261007T202838Z
5913067009,biz-066,first draw,PPP,04/06/2020,"SIGMA MECHANICAL SERVICES, LLC",25 ROCKWOOD RD,MARSHFIELD,MA,02050-2104,238220,Limited  Liability Company(LLC),289400,289400,Paid in Full,19,289400,,290961.97,Coastal Heritage Bank,unknown,business type 'Limited  Liability Company(LLC)' may use owner income/SE basis,yes,20261007T202810Z,20261007T202838Z
5950127002,biz-067,first draw,PPP,04/06/2020,"WORCESTER AIR CONDITIONING, LLC",148 Pleasant St,ASHLAND,MA,01721-1145,238220,Limited  Liability Company(LLC),3893050,1900000,Paid in Full,114,1900000,,1930868.49,Manufacturers and Traders Trust Company,unknown,business type 'Limited  Liability Company(LLC)' may use owner income/SE basis; current amount differs from initial approval,yes,20261007T202810Z,20261007T202838Z
5978867003,biz-068,first draw,PPP,04/06/2020,"EMPIRE ENGINEERING CO., INC.",263 REVERE ST,CANTON,MA,02021-2921,238220,Corporation,188530,161000,Paid in Full,10,161000,,161961.53,Needham Bank,unknown,current amount differs from initial approval,yes,20261007T202810Z,20261007T202838Z
9322228306,biz-068,second draw,PPS,01/30/2021,EMPIRE ENGINEERING CO. INC,263 Revere St,Canton,MA,02021-2921,238220,Corporation,153176.17,153176.17,Paid in Full,11,153173.17,,153712.29,Needham Bank,735246,"9322228306 (PPS, 01/30/2021): 153,176.17 / 2.5 x 12",yes,20261007T202810Z,20261007T202838Z
6027697010,biz-069,first draw,PPP,04/06/2020,BELMONT ENERGY CORPORATION,42 Brighton St,BELMONT,MA,02478-4172,238220,Subchapter S Corporation,265270,265270,Paid in Full,13,265270,,266868.89,Manufacturers and Traders Trust Company,1273296,"6027697010 (PPP, 04/06/2020): 265,270.00 / 2.5 x 12",yes,20261007T202810Z,20261007T202838Z
6162547003,biz-070,first draw,PPP,04/06/2020,"PATRICK J KENNEDY & SONS, INC",39 GIBSON ST,DORCHESTER,MA,02122-1222,238220,Subchapter S Corporation,1994427.6,1979256.6,Paid in Full,60,1979256.6,,2001303.32,Eastern Bank,unknown,current amount differs from initial approval; implied pay per reported job reaches $100K cap,yes,20261007T202810Z,20261007T202838Z
6260327000,biz-071,first draw,PPP,04/06/2020,COMMONWEALTH HOME SERVICES INC,59 MITCHELL RD,IPSWICH,MA,01938-1257,238220,Subchapter S Corporation,485900,485900,Paid in Full,30,391300,,489854.69,Enterprise Bank and Trust Company,2332320,"6260327000 (PPP, 04/06/2020): 485,900.00 / 2.5 x 12",yes,20261007T202810Z,20261007T202838Z
6284967009,biz-072,first draw,PPP,04/06/2020,"BOSTON SILA HEATING AND AIR CONDITIONING, LLC",12 MANISON ST,STONEHAM,MA,02180-3148,238220,Limited  Liability Company(LLC),1231800,1231800,Paid in Full,76,1231800,,1238482.09,"Wilmington Savings Fund Society, FSB",unknown,business type 'Limited  Liability Company(LLC)' may use owner income/SE basis,yes,20261007T202810Z,20261007T202838Z
6310667007,biz-073,first draw,PPP,04/06/2020,"E. AMANTI & SONS, INC.",390 HIGHLAND AVE,SALEM,MA,01970-1745,238220,Corporation,2806432,2806434.06,Paid in Full,110,2806434.06,,2839253.75,Eastern Bank,unknown,current amount differs from initial approval; implied pay per reported job reaches $100K cap,yes,20261007T202810Z,20261007T202838Z
9551868401,biz-073,second draw,PPS,02/17/2021,E AMANTI & SONS INC,390 Highland Ave,Salem,MA,01970-1745,238220,Corporation,2000000,2000000,Paid in Full,100,1999997,,2012500,Eastern Bank,unknown,at program cap,yes,20261007T202810Z,20261007T202838Z
6369057006,biz-074,first draw,PPP,04/06/2020,"POWDERLY & SONS PLUMBING & HEATING, INC",572 BOSTON RD #12,BILLERICA,MA,01821-3738,238220,Corporation,503900,503900,Paid in Full,41,503900,,508757.04,Northern Bank and Trust Company,2418720,"6369057006 (PPP, 04/06/2020): 503,900.00 / 2.5 x 12",yes,20261007T202810Z,20261007T202838Z
6542747006,biz-075,first draw,PPP,04/07/2020,"THERMO-DYNAMICS INTERNATIONAL, INC",101 MARKET ST,AMESBURY,MA,01913-1725,238220,Corporation,766200,766200,Paid in Full,30,766200,,774670.77,Salem Five Cents Savings Bank,unknown,implied pay per reported job reaches $100K cap,yes,20261007T202810Z,20261007T202838Z
6569557008,biz-076,first draw,PPP,04/07/2020,WHITNEY BROTHERS OIL CORPORATION,696 Main St,CLINTON,MA,01510-2430,238220,Subchapter S Corporation,221870,221870,Paid in Full,17,221870,,223564.84,Avidia Bank,1064976,"6569557008 (PPP, 04/07/2020): 221,870.00 / 2.5 x 12",yes,20261007T202810Z,20261007T202838Z
5975548405,biz-077,second draw,PPS,02/09/2021,BOSTON AIR CORP.,1595 Central St Ste 2,Stoughton,MA,02072-1694,238220,Corporation,325185,325185,Paid in Full,37,325180,,327244.51,Bristol County Savings Bank,1560888,"5975548405 (PPS, 02/09/2021): 325,185.00 / 2.5 x 12",yes,20261007T202810Z,20261007T202838Z
6587977009,biz-077,first draw,PPP,04/07/2020,BOSTON AIR CORP.,1595 CENTRAL ST Unit #3,STOUGHTON,MA,02072-1686,238220,Corporation,405600,405600,Paid in Full,47,325000,,408281.47,Bristol County Savings Bank,1946880,"6587977009 (PPP, 04/07/2020): 405,600.00 / 2.5 x 12",yes,20261007T202810Z,20261007T202838Z
6590227008,biz-078,first draw,PPP,04/07/2020,"C & C TEMP CONTROL, INC.",167 SW CUTOFF,WORCESTER,MA,01604-2728,238220,Corporation,200300,200300,Paid in Full,32,200300,,202464.35,Cornerstone Bank,961440,"6590227008 (PPP, 04/07/2020): 200,300.00 / 2.5 x 12",yes,20261007T202810Z,20261007T202838Z
6592587004,biz-079,first draw,PPP,04/07/2020,JV MECHANICAL CONTRACTORS INC.,929 SCHOOL ST,WEBSTER,MA,01570-3028,238220,Subchapter S Corporation,158000,158000,Paid in Full,16,158000,,159408.83,Webster Five Cents Savings Bank,758400,"6592587004 (PPP, 04/07/2020): 158,000.00 / 2.5 x 12",yes,20261007T202810Z,20261007T202838Z
6609607005,biz-080,first draw,PPP,04/07/2020,"BAY STATE AIR, INC.",21 SPENCER ST,STONEHAM,MA,02180-2615,238220,Corporation,1014200,1014200,Paid in Full,34,1014200,,1026145.02,Eastern Bank,unknown,implied pay per reported job reaches $100K cap,yes,20261007T202810Z,20261007T202838Z
6664337010,biz-081,first draw,PPP,04/07/2020,"DRY AIR SYSTEMS, INC",62 FOREST RIDGE DR,ROWLEY,MA,01969-2143,238220,Subchapter S Corporation,873500,873500,Paid in Full,65,873500,,880099.78,Salem Five Cents Savings Bank,4192800,"6664337010 (PPP, 04/07/2020): 873,500.00 / 2.5 x 12",yes,20261007T202810Z,20261007T202838Z
6675547009,biz-082,first draw,PPP,04/07/2020,DESIGN MECHANICAL INC,70 Tenney Street,GEORGETOWN,MA,01833-1820,238220,Subchapter S Corporation,813865,659635,Paid in Full,62,659635,,667587.27,Eastern Bank,unknown,current amount differs from initial approval,yes,20261007T202810Z,20261007T202838Z
1293548301,biz-083,second draw,PPS,01/16/2021,"TOTAL TEMPERATURE CONTROL, INC.",39 W Water St,Wakefield,MA,01880-2914,238220,Subchapter S Corporation,305812.5,305812.5,Paid in Full,19,305812.5,,308021.15,The Savings Bank,1467900,"1293548301 (PPS, 01/16/2021): 305,812.50 / 2.5 x 12",yes,20261007T202810Z,20261007T202838Z
6693397005,biz-083,first draw,PPP,04/07/2020,"TOTAL TEMPERATURE CONTROL, INC.",39 West Water Street,WAKEFIELD,MA,01880-2914,238220,Subchapter S Corporation,305800,305800,Paid in Full,19,305800,,308008.56,The Savings Bank,1467840,"6693397005 (PPP, 04/07/2020): 305,800.00 / 2.5 x 12",yes,20261007T202810Z,20261007T202838Z
6731967001,biz-084,first draw,PPP,04/07/2020,"T & J HEATING AND AIR CONDITIONING, INC",121 mechanic st,BELLINGHAM,MA,02019-1962,238220,Subchapter S Corporation,758300,758300,Paid in Full,59,758300,,762681.29,Charles River Bank,3639840,"6731967001 (PPP, 04/07/2020): 758,300.00 / 2.5 x 12",yes,20261007T202810Z,20261007T202838Z
6792617005,biz-085,first draw,PPP,04/07/2020,"ERIC C. FOSTER PLUMBING & HEATING, LLC",145 Stedman St,CHELMSFORD,MA,01824-1869,238220,Limited  Liability Company(LLC),189600,189600,Paid in Full,23,189600,,190648.07,Northern Bank and Trust Company,unknown,business type 'Limited  Liability Company(LLC)' may use owner income/SE basis,yes,20261007T202810Z,20261007T202838Z
6834627007,biz-086,first draw,PPP,04/07/2020,"KERMIT B. SCHULZ & SONS, INC.",39 NORFOLK RD,MILLIS,MA,02054-1716,238220,Corporation,179200,179200,Paid in Full,20,179200,,180190.58,Needham Bank,860160,"6834627007 (PPP, 04/07/2020): 179,200.00 / 2.5 x 12",yes,20261007T202810Z,20261007T202838Z
6909407006,biz-087,first draw,PPP,04/07/2020,"READY-ROOTER, INC.","17 Jan Sebastian Drive, Unit 16",SANDWICH,MA,02563-2325,238220,Corporation,242900,242900,Paid in Full,15,242900,,244271.03,The Cooperative Bank of Cape Cod,1165920,"6909407006 (PPP, 04/07/2020): 242,900.00 / 2.5 x 12",yes,20261007T202810Z,20261007T202838Z
6933907003,biz-088,first draw,PPP,04/07/2020,128 PLUMBING & HEATING INC.,78 Foundry Street,WAKEFIELD,MA,01880-3204,238220,Subchapter S Corporation,1221900,1221900,Paid in Full,74,1221900,,1229130.97,Wakefield Co-Operative Bank,5865120,"6933907003 (PPP, 04/07/2020): 1,221,900.00 / 2.5 x 12",yes,20261007T202810Z,20261007T202838Z
7073327010,biz-089,first draw,PPP,04/07/2020,"DAVID HEATING AND COOLING, INC.",19 CHURCH ST,MERRIMAC,MA,01860-1502,238220,Corporation,253261.55,253261.55,Paid in Full,17,253261.55,,254703.93,Haverhill Bank,1215655,"7073327010 (PPP, 04/07/2020): 253,261.55 / 2.5 x 12",yes,20261007T202810Z,20261007T202838Z
7096447003,biz-090,first draw,PPP,04/07/2020,"FILTER SALES & SERVICE, INC.",15 Adams St,BURLINGTON,MA,01803-4916,238220,Corporation,230425,722500,Paid in Full,53,722500,,728942.29,Eastern Bank,unknown,current amount differs from initial approval,yes,20261007T202810Z,20261007T202838Z
7133107006,biz-091,first draw,PPP,04/07/2020,"COOLING UNLIMITED, INC.",556 A Main Street,READING,MA,01867-3106,238220,Corporation,277200,277200,Paid in Full,18,277200,,278967.34,Northern Bank and Trust Company,1330560,"7133107006 (PPP, 04/07/2020): 277,200.00 / 2.5 x 12",yes,20261007T202810Z,20261007T202838Z
8652488301,biz-091,second draw,PPS,01/29/2021,COOLING UNLIMITED INC,565 Main St # 1,Reading,MA,01867-3135,238220,Corporation,298088,298088,Paid in Full,18,298086,,301880.34,Northern Bank and Trust Company,1430822,"8652488301 (PPS, 01/29/2021): 298,088.00 / 2.5 x 12",yes,20261007T202810Z,20261007T202838Z
7136147002,biz-092,first draw,PPP,04/07/2020,"DG SERVICE COMPANY, INC.",23 County Road,MATTAPOISETT,MA,02739,238220,Corporation,158270,158270,Paid in Full,14,158270,,159716.41,BayCoast Bank,759696,"7136147002 (PPP, 04/07/2020): 158,270.00 / 2.5 x 12",yes,20261007T202810Z,20261007T202838Z
7326157006,biz-093,first draw,PPP,04/07/2020,T J CONWAY COMPANY,26 PROGRESS AVE,SPRINGFIELD,MA,01104-3214,238220,Subchapter S Corporation,815750,815750,Paid in Full,46,815750,,820353.96,Manufacturers and Traders Trust Company,3915600,"7326157006 (PPP, 04/07/2020): 815,750.00 / 2.5 x 12",yes,20261007T202810Z,20261007T202838Z
7379057004,biz-094,first draw,PPP,04/07/2020,INDEPENDENT MECHANICAL CONTRACTORS INC.,21 G OLYMPIA AVE,WOBURN,MA,01801-6307,238220,Corporation,399200,399200,Paid in Full,13,399200,,403552.92,East Cambridge Savings Bank,unknown,implied pay per reported job reaches $100K cap,yes,20261007T202810Z,20261007T202838Z
7431837000,biz-095,first draw,PPP,04/07/2020,P.H. MECHANICAL CORP,161 GRANITE AVE,DORCHESTER CENTER,MA,02124-5437,238220,Corporation,737305,737305,Paid in Full,9,737305,,745497.28,Eastern Bank,unknown,implied pay per reported job reaches $100K cap,yes,20261007T202810Z,20261007T202838Z
7530437004,biz-096,first draw,PPP,04/07/2020,"CALLAHAN A/C AND HEATING SERVICES, INC.",91 BELMONT ST,NORTH ANDOVER,MA,01845-2304,238220,Corporation,534928,534928,Paid in Full,39,534928,,539073.69,Merrimack Valley CU,2567654,"7530437004 (PPP, 04/07/2020): 534,928.00 / 2.5 x 12",yes,20261007T202810Z,20261007T202838Z
9774768403,biz-096,second draw,PPS,02/17/2021,CALLAHAN A/C & HEATING SERVICES,91 Belmont St,North Andover,MA,01845-2304,238220,Corporation,534928,534928,Paid in Full,39,534928,,538657.64,Merrimack Valley CU,2567654,"9774768403 (PPS, 02/17/2021): 534,928.00 / 2.5 x 12",yes,20261007T202810Z,20261007T202838Z
7554277009,biz-097,first draw,PPP,04/07/2020,"FLEET REFRIGERATION AND AIR CONDITIONING CO., INC.",27 CANAL ST,MEDFORD,MA,02155-3621,238220,Corporation,150000,150000,Paid in Full,14,150000,,150849.86,East Cambridge Savings Bank,720000,"7554277009 (PPP, 04/07/2020): 150,000.00 / 2.5 x 12",yes,20261007T202810Z,20261007T202838Z
3885678602,biz-098,second draw,PPS,03/17/2021,EDWARD H. MARCHANT CO. INC,153 Old Colony Ave,Quincy,MA,02170-3803,238220,Corporation,863432,863432,Paid in Full,40,863427,,875855.83,Eastern Bank,unknown,implied pay per reported job reaches $100K cap,yes,20261007T202810Z,20261007T202838Z
7585067008,biz-098,first draw,PPP,04/07/2020,"EDWARD H. MARCHANT CO, INC",153 Old Colony Ave,QUINCY,MA,02170-3803,238220,Corporation,1604626,1353285,Paid in Full,40,1353285,,1368659.82,Eastern Bank,unknown,current amount differs from initial approval; implied pay per reported job reaches $100K cap,yes,20261007T202810Z,20261007T202838Z
7592147006,biz-099,first draw,PPP,04/07/2020,"KIRKLAND AND SHAW, INC.",5 ADAMS ST,BURLINGTON,MA,01803-4917,238220,Corporation,224500,224500,Paid in Full,16,224500,,225934.76,Brookline Bank,1077600,"7592147006 (PPP, 04/07/2020): 224,500.00 / 2.5 x 12",yes,20261007T202810Z,20261007T202838Z
7698237007,biz-100,first draw,PPP,04/08/2020,"NORTHEAST AUTOMATIC SPRINKLER CO, INC",25 MARION DR,KINGSTON,MA,02364-2250,238220,Corporation,1066000,1066000,Paid in Full,17,1066000,,1077696.39,Eastern Bank,unknown,implied pay per reported job reaches $100K cap,yes,20261007T202810Z,20261007T202838Z
7711377009,biz-101,first draw,PPP,04/08/2020,SS SERVICE CORP,30 ROBERT W BOYDEN RD,TAUNTON,MA,02780-7820,238220,Corporation,432100,432100,Paid in Full,38,432100,,437119.46,HarborOne Bank,2074080,"7711377009 (PPP, 04/08/2020): 432,100.00 / 2.5 x 12",yes,20261007T202810Z,20261007T202838Z
7766347008,biz-102,first draw,PPP,04/08/2020,"CHASE AND TOLAN PLUMBING & HEATING, INC.",1 Summer Street,WATERTOWN,MA,02472,238220,Subchapter S Corporation,232355,232355,Paid in Full,14,,,234459.1,Watertown Savings Bank,1115304,"7766347008 (PPP, 04/08/2020): 232,355.00 / 2.5 x 12",yes,20261007T202810Z,20261007T202838Z
7815867008,biz-103,first draw,PPP,04/08/2020,GLIONNA PLUMBING AND HEATING,31 STAAF RD,SAUGUS,MA,01906-4366,238220,Corporation,461542,461500,Paid in Full,17,461500,,467512.32,Eastern Bank,unknown,current amount differs from initial approval; implied pay per reported job reaches $100K cap,yes,20261007T202810Z,20261007T202838Z
7910627004,biz-104,first draw,PPP,04/08/2020,DAN'S SERVICE INC,26 ELM ST,SOMERVILLE,MA,02143-2229,238220,Subchapter S Corporation,324900,324900,Paid in Full,31,324900,,326991.82,East Cambridge Savings Bank,1559520,"7910627004 (PPP, 04/08/2020): 324,900.00 / 2.5 x 12",yes,20261007T202810Z,20261007T202838Z
4912698402,biz-105,second draw,PPS,02/07/2021,MECHANICAL ENERGY CORP,153 Washington St,East Walpole,MA,02032-1163,238220,Corporation,156307.5,156307.5,Paid in Full,9,156301.5,,157149.82,Needham Bank,750276,"4912698402 (PPS, 02/07/2021): 156,307.50 / 2.5 x 12",yes,20261007T202810Z,20261007T202838Z
7999787001,biz-105,first draw,PPP,04/08/2020,MECHANICAL ENERGY CORP,153 WASHINGTON ST,EAST WALPOLE,MA,02032-1163,238220,Corporation,167720,167700,Paid in Full,9,167700,,168939.12,Needham Bank,unknown,current amount differs from initial approval,yes,20261007T202810Z,20261007T202838Z
8284287005,biz-106,first draw,PPP,04/08/2020,KENNEDY MECHANICAL INC,271 SALEM ST,WOBURN,MA,01801-2004,238220,Subchapter S Corporation,326100,326100,Paid in Full,13,326100,,329816.65,Manufacturers and Traders Trust Company,unknown,implied pay per reported job reaches $100K cap,yes,20261007T202810Z,20261007T202838Z
8838548402,biz-106,second draw,PPS,02/14/2021,KENNEDY MECHANICAL INC,271 Salem St Unit H,Woburn,MA,01801-2004,238220,Subchapter S Corporation,326105,326105,Paid in Full,20,326099,,327972.29,Manufacturers and Traders Trust Company,1565304,"8838548402 (PPS, 02/14/2021): 326,105.00 / 2.5 x 12",yes,20261007T202810Z,20261007T202838Z
8479017005,biz-107,first draw,PPP,04/08/2020,"INDUSTRIAL BOILER AND MECHANICAL SERVICE, LLC",156 MAPLE ST,DANVERS,MA,01923-2137,238220,Limited  Liability Company(LLC),192000,192000,Paid in Full,10,192000,,193046.79,BankGloucester,unknown,business type 'Limited  Liability Company(LLC)' may use owner income/SE basis,yes,20261007T202810Z,20261007T202838Z
6824618301,biz-108,second draw,PPS,01/27/2021,PANN HOME SERVICES CORPORATION,247 Salem St,Woburn,MA,01801-2004,238220,Corporation,364444,364444,Paid in Full,25,364444,,367499.34,Northeast Bank,1749331,"6824618301 (PPS, 01/27/2021): 364,444.00 / 2.5 x 12",yes,20261007T202810Z,20261007T202838Z
8504597007,biz-108,first draw,PPP,04/08/2020,PANN HOME SERVICES CORPORATION,247 Salem St.,WOBURN,MA,01801-2004,238220,Corporation,308000,308000,Paid in Full,25,292000,,311071.56,Five Star Bank,1478400,"8504597007 (PPP, 04/08/2020): 308,000.00 / 2.5 x 12",yes,20261007T202810Z,20261007T202838Z
4113218500,biz-109,second draw,PPS,02/25/2021,DAVID M. MURPHY PLUMBING HEATING AND GAS FITTING INC..,159 Perry St,Lowell,MA,01852-3602,238220,Corporation,177400,177400,Paid in Full,12,177400,,178365.84,Enterprise Bank and Trust Company,851520,"4113218500 (PPS, 02/25/2021): 177,400.00 / 2.5 x 12",yes,20261007T202810Z,20261007T202838Z
8504647009,biz-109,first draw,PPP,04/08/2020,"DAVID M. MURPHY PLUMBING, HEATING AND GAS FITTING, INC",159 PERRY ST,LOWELL,MA,01852-3602,238220,Corporation,177400,177400,Paid in Full,11,165900,,178548.17,Enterprise Bank and Trust Company,851520,"8504647009 (PPP, 04/08/2020): 177,400.00 / 2.5 x 12",yes,20261007T202810Z,20261007T202838Z
8551957000,biz-110,first draw,PPP,04/08/2020,"KEYES NORTH ATLANTIC, INC.",459 WATERTOWN ST,NEWTONVILLE,MA,02460-1451,238220,Subchapter S Corporation,1060117,1060117,Paid in Full,69,1060117,,1068946.47,The Village Bank,5088562,"8551957000 (PPP, 04/08/2020): 1,060,117.00 / 2.5 x 12",yes,20261007T202810Z,20261007T202838Z
8641107007,biz-111,first draw,PPP,04/08/2020,"A. SPOLIDORO & SONS, INC.",17 SIMONDS FARM RD,NORTH BILLERICA,MA,01862-2844,238220,Corporation,695200,695200,Paid in Full,55,695200,,699062.22,Northern Bank and Trust Company,3336960,"8641107007 (PPP, 04/08/2020): 695,200.00 / 2.5 x 12",yes,20261007T202810Z,20261007T202838Z
8692637002,biz-112,first draw,PPP,04/08/2020,MARTEL HVAC CORP,58 Union Street,ASHLAND,MA,01721-1744,238220,Corporation,418000,418000,Paid in Full,37,418000,,420310.61,Avidia Bank,2006400,"8692637002 (PPP, 04/08/2020): 418,000.00 / 2.5 x 12",yes,20261007T202810Z,20261007T202838Z
7232628501,biz-113,second draw,PPS,03/05/2021,MEDFORD WELLINGTON SERVICE CO. INC.,9 Executive Park Dr,North Billerica,MA,01862-1318,238220,Corporation,1994910,1994910,Paid in Full,118,1994906,,2007589.98,Northeast Bank,9575568,"7232628501 (PPS, 03/05/2021): 1,994,910.00 / 2.5 x 12",yes,20261007T202810Z,20261007T202838Z
8722467001,biz-113,first draw,PPP,04/08/2020,"MEDFORD WELLINGTON SERVICE CO, INC.",9 Executive Park Drive,NORTH BILLERICA,MA,01862-1318,238220,Corporation,2138500,2138500,Paid in Full,119,855400,,2161994.21,Berkshire Bank,10264800,"8722467001 (PPP, 04/08/2020): 2,138,500.00 / 2.5 x 12",yes,20261007T202810Z,20261007T202838Z
4724998510,biz-114,second draw,PPS,02/26/2021,MUISE MECHANICAL INC.,9 Cartwright Ln,Billerica,MA,01821-3772,238220,Subchapter S Corporation,259100,259100,Paid in Full,19,259099,,261158.41,Enterprise Bank and Trust Company,1243680,"4724998510 (PPS, 02/26/2021): 259,100.00 / 2.5 x 12",yes,20261007T202810Z,20261007T202838Z
8963547002,biz-114,first draw,PPP,04/09/2020,MUISE MECHANICAL INC,9 CARTWRIGHT LN,BILLERICA,MA,01821-3772,238220,Subchapter S Corporation,219700,219700,Paid in Full,20,201343,,222073.98,Enterprise Bank and Trust Company,1054560,"8963547002 (PPP, 04/09/2020): 219,700.00 / 2.5 x 12",yes,20261007T202810Z,20261007T202838Z
8965007008,biz-115,first draw,PPP,04/09/2020,"RUSTY'S, INC.",222 Mid-Tech Drive,WEST YARMOUTH,MA,02673-2580,238220,Corporation,494700,494700,Paid in Full,35,494700,,498740.05,The Cooperative Bank of Cape Cod,2374560,"8965007008 (PPP, 04/09/2020): 494,700.00 / 2.5 x 12",yes,20261007T202810Z,20261007T202838Z
9010497006,biz-116,first draw,PPP,04/09/2020,"D.D.S INDUSTRIES, INC.",250 Ace Street,FALL RIVER,MA,02720-1320,238220,Corporation,633888,633888,Paid in Full,53,633888,,641705.95,BayCoast Bank,3042662,"9010497006 (PPP, 04/09/2020): 633,888.00 / 2.5 x 12",yes,20261007T202810Z,20261007T202838Z
9043287009,biz-117,first draw,PPP,04/09/2020,"RIVERDALE PLUMBING & HEATING, INC.",35 MERCHANTS DR,WALPOLE,MA,02081-1763,238220,Subchapter S Corporation,200000,154100,Paid in Full,8,116000,,155884.99,Walpole Co-Operative Bank,unknown,current amount differs from initial approval,yes,20261007T202810Z,20261007T202838Z
9051127007,biz-118,first draw,PPP,04/09/2020,"BRAGA BROS, INC.",110 BREEDS HILL RD Unit 5,HYANNIS,MA,02601-1860,238220,Corporation,197000,197000,Paid in Full,17,197000,,198521.28,Salem Five Cents Savings Bank,945600,"9051127007 (PPP, 04/09/2020): 197,000.00 / 2.5 x 12",yes,20261007T202810Z,20261007T202838Z
4183618410,biz-119,second draw,PPS,02/06/2021,ATLANTIC HEATING & AIR CONDITIONING CO,116 Cypress St,Brookline,MA,02445-6015,238220,Corporation,743459.95,743459.95,Paid in Full,57,743459.95,,747197.9,Brookline Bank,3568608,"4183618410 (PPS, 02/06/2021): 743,459.95 / 2.5 x 12",yes,20261007T202810Z,20261007T202838Z
9159797000,biz-119,first draw,PPP,04/09/2020,"ATLANTIC HEATING AND AIR CONDITIONING CO., INC.",116 CYPRESS ST,BROOKLINE,MA,02445-6015,238220,Corporation,728231,728231,Paid in Full,61,728231,,732114.9,Brookline Bank,3495509,"9159797000 (PPP, 04/09/2020): 728,231.00 / 2.5 x 12",yes,20261007T202810Z,20261007T202838Z
9168717000,biz-120,first draw,PPP,04/09/2020,AALANCO SERVICE CORPORATION,80B TURNPIKE RD,WESTBOROUGH,MA,01581-1730,238220,Corporation,726600,726600,Paid in Full,32,726600,,731397.55,Berkshire Bank,unknown,implied pay per reported job reaches $100K cap,yes,20261007T202810Z,20261007T202838Z
9808028305,biz-120,second draw,PPS,01/31/2021,AALANCO SERVICE CORPORATION,80B Turnpike Rd,Westborough,MA,01581-1885,238220,Corporation,625379,625379,Paid in Full,33,625377,,632215.33,Northeast Bank,3001819,"9808028305 (PPS, 01/31/2021): 625,379.00 / 2.5 x 12",yes,20261007T202810Z,20261007T202838Z
9177717002,biz-121,first draw,PPP,04/09/2020,INLINE MECHANICAL LLC,226 LOWELL ST,WILMINGTON,MA,01887-3062,238220,Limited  Liability Company(LLC),505900,505900,Paid in Full,28,505900,,509822.46,Manufacturers and Traders Trust Company,unknown,business type 'Limited  Liability Company(LLC)' may use owner income/SE basis,yes,20261007T202810Z,20261007T202838Z
9266607006,biz-122,first draw,PPP,04/09/2020,JJ SULLIVAN PLUMBING & HEATING CO INC,346 SOMERVILLE AVE,SOMERVILLE,MA,02143-2918,238220,Corporation,199500,199500,Paid in Full,15,199500,,200996.25,Eastern Bank,957600,"9266607006 (PPP, 04/09/2020): 199,500.00 / 2.5 x 12",yes,20261007T202810Z,20261007T202838Z
9270427003,biz-123,first draw,PPP,04/09/2020,FRANK B PAIGE PLUMBING & HEATING SERVICES INC,19 Knollwood Dr,EAST LONGMEADOW,MA,01028-2718,238220,Corporation,154100,154100,Paid in Full,7,154100,,155370.8,Manufacturers and Traders Trust Company,unknown,implied pay per reported job reaches $100K cap,yes,20261007T202810Z,20261007T202838Z
3134318304,biz-124,second draw,PPS,01/21/2021,B&B MECHANICAL SERVICES INC,34 Sullivan Rd Ste 34,North Billerica,MA,01862-2000,238220,Corporation,214590,214590,Paid in Full,14,214585,,215442.48,The Lowell Five Cent Savings Bank,1030032,"3134318304 (PPS, 01/21/2021): 214,590.00 / 2.5 x 12",yes,20261007T202810Z,20261007T202838Z
9307297006,biz-124,first draw,PPP,04/09/2020,B & B MECHANICAL SERVICES INC.,"34 Sullivan Road, Suite 34",NORTH BILLERICA,MA,01862-1275,238220,Corporation,232054,232054,Paid in Full,12,213554,,233338.24,The Lowell Five Cent Savings Bank,1113859,"9307297006 (PPP, 04/09/2020): 232,054.00 / 2.5 x 12",yes,20261007T202810Z,20261007T202838Z
3132068504,biz-125,second draw,PPS,02/23/2021,EXCEL HVAC INC.,61 Glenn St,Lawrence,MA,01843-1021,238220,Corporation,536458.18,536458.18,Paid in Full,38,536453.18,,540213.39,Haverhill Bank,2574999,"3132068504 (PPS, 02/23/2021): 536,458.18 / 2.5 x 12",yes,20261007T202810Z,20261007T202838Z
9317477005,biz-125,first draw,PPP,04/09/2020,"EXCEL HVAC, INC.",61 Glenn Street,LAWRENCE,MA,01843-1021,238220,Corporation,519357.5,519357.5,Paid in Full,29,519357.5,,523887.45,Haverhill Bank,2492916,"9317477005 (PPP, 04/09/2020): 519,357.50 / 2.5 x 12",yes,20261007T202810Z,20261007T202838Z
9349927003,biz-126,first draw,PPP,04/09/2020,"THOMAS G. GALLAGHER, INC.",309 WAVERLEY OAKS RD,WALTHAM,MA,02452-8403,238220,Subchapter S Corporation,8323800,8323800,Paid in Full,294,7095400,,8420679.78,Enterprise Bank and Trust Company,unknown,implied pay per reported job reaches $100K cap,yes,20261007T202810Z,20261007T202838Z
9392617010,biz-127,first draw,PPP,04/09/2020,"BILO PLUMBING & HEATING CO., INC.",198 HIGH ST,IPSWICH,MA,01938-1248,238220,Corporation,269245,269245,Paid in Full,24,269245,,271398.96,Brookline Bank,1292376,"9392617010 (PPP, 04/09/2020): 269,245.00 / 2.5 x 12",yes,20261007T202810Z,20261007T202838Z
9400147001,biz-128,first draw,PPP,04/09/2020,"HOWSE CORPORATION, INC.",197 Main Street,NORTH READING,MA,01864-3102,238220,Corporation,724192,724192,Paid in Full,36,724192,,731896.6,Reading Co-Operative Bank,3476122,"9400147001 (PPP, 04/09/2020): 724,192.00 / 2.5 x 12",yes,20261007T202810Z,20261007T202838Z
9497047001,biz-129,first draw,PPP,04/09/2020,"HOKUM ROCK CORPORATION, THE",357 HOKUM ROCK RD,DENNIS,MA,02638,238220,Corporation,255100,255100,Paid in Full,18,255100,,256488.88,The Cooperative Bank of Cape Cod,1224480,"9497047001 (PPP, 04/09/2020): 255,100.00 / 2.5 x 12",yes,20261007T202810Z,20261007T202838Z
5036808500,biz-130,second draw,PPS,02/26/2021,EDWARD F CORCORAN PLUMBING & HEATING CO. INC.,5 Rose Pl,Springfield,MA,01104-3103,238220,Corporation,696766.15,696766.15,Paid in Full,29,696766.15,,699457.77,New Valley Bank & Trust,unknown,implied pay per reported job reaches $100K cap,yes,20261007T202810Z,20261007T202838Z
9622437000,biz-130,first draw,PPP,04/09/2020,"EDWARD F. CORCORAN PLUMBING & HEATING CO., INC.",5 ROSE PL,SPRINGFIELD,MA,01104-3103,238220,Corporation,606725,606725,Paid in Full,16,606725,,613473.78,New Valley Bank & Trust,unknown,implied pay per reported job reaches $100K cap,yes,20261007T202810Z,20261007T202838Z
9622567004,biz-131,first draw,PPP,04/09/2020,MARK E MEACHAM INC.,253 A Worcester Rd,CHARLTON,MA,01507-1501,238220,Corporation,334200,334200,Paid in Full,22,334200,,338405.35,Country Bank for Savings,1604160,"9622567004 (PPP, 04/09/2020): 334,200.00 / 2.5 x 12",yes,20261007T202810Z,20261007T202838Z
8679828601,biz-132,second draw,PPS,03/25/2021,V&G  PLUMBING AND HEATING CO. LLC,5 Mason St,Worcester,MA,01609-1803,238220,Limited  Liability Company(LLC),212500,212500,Paid in Full,20,212498,,214042.36,Leominster CU,unknown,business type 'Limited  Liability Company(LLC)' may use owner income/SE basis,yes,20261007T202810Z,20261007T202838Z
9639087009,biz-132,first draw,PPP,04/09/2020,"V & G PLUMBING AND HEATING CO., LLC",05 Mason st,WORCESTER,MA,01609-1803,238220,Limited  Liability Company(LLC),180000,180000,Paid in Full,25,180000,,181000,Leominster CU,unknown,business type 'Limited  Liability Company(LLC)' may use owner income/SE basis,yes,20261007T202810Z,20261007T202838Z
9762697010,biz-133,first draw,PPP,04/09/2020,FLYNN & CATALDO INC,67 Smith Place Unit 11,CAMBRIDGE,MA,02138-1063,238220,Subchapter S Corporation,323475,323475,Paid in Full,26,323475,,326296.42,Watertown Savings Bank,1552680,"9762697010 (PPP, 04/09/2020): 323,475.00 / 2.5 x 12",yes,20261007T202810Z,20261007T202838Z
2049228302,biz-134,second draw,PPS,01/20/2021,SUNDAY RIVER LLC,9 Bonazzoli Ave Ste 25,Hudson,MA,01749-2857,238220,Limited  Liability Company(LLC),229921,229921.52,Paid in Full,12,229921.52,,232353.02,Pathward National Association,unknown,business type 'Limited  Liability Company(LLC)' may use owner income/SE basis; current amount differs from initial approval,yes,20261007T202810Z,20261007T202838Z
9780537001,biz-134,first draw,PPP,04/09/2020,SUNDAY RIVER LLC,9 Bonazzoli Ave Ste 25,Hudson,MA,01749-2849,238220,Limited  Liability Company(LLC),229035,229035,Paid in Full,13,229035,,230898.65,Pathward National Association,unknown,business type 'Limited  Liability Company(LLC)' may use owner income/SE basis,yes,20261007T202810Z,20261007T202838Z
6913438504,biz-135,second draw,PPS,03/04/2021,MANSFIELD & ROBBINS PLUMBING & HEATING INC.,234 Albion St,Wakefield,MA,01880-3125,238220,Corporation,176605,176605,Paid in Full,12,176605,,178414.6,Wakefield Co-Operative Bank,847704,"6913438504 (PPS, 03/04/2021): 176,605.00 / 2.5 x 12",yes,20261007T202810Z,20261007T202838Z
9817827010,biz-135,first draw,PPP,04/09/2020,"MANSFIELD AND ROBBINS PLUMBING & HEATING, INC.",234 ALBION ST,WAKEFIELD,MA,01880-3125,238220,Corporation,176607,176607,Paid in Full,13,176607,,178987.57,Wakefield Co-Operative Bank,847714,"9817827010 (PPP, 04/09/2020): 176,607.00 / 2.5 x 12",yes,20261007T202810Z,20261007T202838Z
4560928710,biz-136,second draw,PPS,04/01/2021,JEFFREY J PEABODY PLUMBING & HEATING LLC,58R PULASKI ST,PEABODY,MA,01960,238220,Limited  Liability Company(LLC),1112317,1112317,Paid in Full,60,1112313,,1119670.65,Brookline Bank,unknown,business type 'Limited  Liability Company(LLC)' may use owner income/SE basis,yes,20261007T202810Z,20261007T202838Z
9940347003,biz-136,first draw,PPP,04/09/2020,"JEFFREY J. PEABODY PLUMBING AND HEATING, LLC",58 R PULASKI ST,PEABODY,MA,01960-1800,238220,Limited  Liability Company(LLC),1034156,1034156,Paid in Full,50,1034156,,1044066.66,Brookline Bank,unknown,business type 'Limited  Liability Company(LLC)' may use owner income/SE basis,yes,20261007T202810Z,20261007T202838Z
1209407100,biz-137,first draw,PPP,04/10/2020,"HOUGHTON PLUMBING AND HEATING, INC.",130 CENTRAL ST,STONEHAM,MA,02180-4101,238220,Corporation,159200,159200,Paid in Full,17,159200,,160579.73,Salem Five Cents Savings Bank,764160,"1209407100 (PPP, 04/10/2020): 159,200.00 / 2.5 x 12",yes,20261007T202810Z,20261007T202838Z
1213477102,biz-138,first draw,PPP,04/10/2020,"CGR MECHANICAL, INC.",89 BELMONT ST,NORTH ANDOVER,MA,01845-2304,238220,Subchapter S Corporation,501700,501700,Paid in Full,56,501700,,434612.71,Salem Five Cents Savings Bank,2408160,"1213477102 (PPP, 04/10/2020): 501,700.00 / 2.5 x 12",yes,20261007T202810Z,20261007T202838Z
5348098402,biz-138,second draw,PPS,02/08/2021,CGR MECHANICAL INC,89,NORTH ANDOVER,MA,01845,238220,Subchapter S Corporation,301739.17,301739.17,Paid in Full,14,301734.17,,304312.33,Itria Ventures LLC,unknown,implied pay per reported job reaches $100K cap,yes,20261007T202810Z,20261007T202838Z
1277497107,biz-139,first draw,PPP,04/10/2020,"J.S. MORTIMER, INC.",13 ROCKLAND RD,AUBURN,MA,01501-2023,238220,Subchapter S Corporation,290457,290457,Paid in Full,18,290457,,293724.64,"TD Bank, National Association",1394194,"1277497107 (PPP, 04/10/2020): 290,457.00 / 2.5 x 12",yes,20261007T202810Z,20261007T202838Z
8666388710,biz-139,second draw,PPS,04/07/2021,J S MORTIMER INC,13 Rockland Rd,Auburn,MA,01501-2023,238220,Subchapter S Corporation,246715,246715,Paid in Full,18,246713,,249065.65,"TD Bank, National Association",1184232,"8666388710 (PPS, 04/07/2021): 246,715.00 / 2.5 x 12",yes,20261007T202810Z,20261007T202838Z
1285947100,biz-140,first draw,PPP,04/10/2020,"BURKE & SONS PLUMBING & HEATING, INC.",1 FEDERAL WAY,GROVELAND,MA,01834-1564,238220,Subchapter S Corporation,162600,162600,Paid in Full,12,162600,,164749.93,Pentucket Bank,780480,"1285947100 (PPP, 04/10/2020): 162,600.00 / 2.5 x 12",yes,20261007T202810Z,20261007T202838Z
2466458509,biz-140,second draw,PPS,02/20/2021,BURKE & SONS PLUMBING & HEATING INC.,1 Federal Way,Groveland,MA,01834-1564,238220,Subchapter S Corporation,155266,155266,Paid in Full,11,155266,,156965.3,Pentucket Bank,745277,"2466458509 (PPS, 02/20/2021): 155,266.00 / 2.5 x 12",yes,20261007T202810Z,20261007T202838Z
1295537110,biz-141,first draw,PPP,04/10/2020,WILLIAM MUELLER PLUMBING INC,7-A Street Airport Park,Edgartown,MA,02539,238220,Corporation,188900,188900,Paid in Full,11,188900,,190737.25,Martha's Vineyard Bank,906720,"1295537110 (PPP, 04/10/2020): 188,900.00 / 2.5 x 12",yes,20261007T202810Z,20261007T202838Z
1393787108,biz-142,first draw,PPP,04/10/2020,TRETHEWEY BROTHERS INC,4280 WASHINGTON ST,ROSLINDALE,MA,02131-3001,238220,Corporation,327750,327750,Paid in Full,23,327750,,330165.47,"Bank of America, National Association",1573200,"1393787108 (PPP, 04/10/2020): 327,750.00 / 2.5 x 12",yes,20261007T202810Z,20261007T202838Z
1497287105,biz-143,first draw,PPP,04/10/2020,A PLUS HVAC INC.,26 Airport Drive,WESTFIELD,MA,01085-1300,238220,Corporation,322700,306700,Paid in Full,18,306700,,308968.74,Berkshire Bank,unknown,current amount differs from initial approval,yes,20261007T202810Z,20261007T202838Z
1588727101,biz-144,first draw,PPP,04/10/2020,"ENERGY CONSTRUCTION SERVICES, INC.",213 SOUTHBRIDGE ST,AUBURN,MA,01501-2548,238220,Corporation,222070,222070,Paid in Full,20,222070,,212396.89,"TD Bank, National Association",1065936,"1588727101 (PPP, 04/10/2020): 222,070.00 / 2.5 x 12",yes,20261007T202810Z,20261007T202838Z
1616407108,biz-145,first draw,PPP,04/10/2020,"JEC SERVICE COMPANY, INC.",110 Clematis Ave # 1,Waltham,MA,02453-7013,238220,Corporation,895917.5,895917.5,Paid in Full,13,895917.5,,905858.5,MountainOne Bank,unknown,implied pay per reported job reaches $100K cap,yes,20261007T202810Z,20261007T202838Z
1659947106,biz-146,first draw,PPP,04/10/2020,"DIAMOND MECHANICAL, INC",723 WASHINGTON ST,WEYMOUTH,MA,02188-3321,238220,Corporation,177700,177700,Paid in Full,7,177700,,179710.69,HarborOne Bank,unknown,implied pay per reported job reaches $100K cap,yes,20261007T202810Z,20261007T202838Z
1698497105,biz-147,first draw,PPP,04/10/2020,"THOMAS E. SNOWDEN, INC.",189 CENTRAL ST,SAUGUS,MA,01906-2106,238220,Corporation,399727.5,399727.5,Paid in Full,19,399727.5,,403469.39,Eastern Bank,unknown,implied pay per reported job reaches $100K cap,yes,20261007T202810Z,20261007T202838Z
7627418502,biz-147,second draw,PPS,03/06/2021,THOMAS E. SNOWDEN INC.,189 Central St,Saugus,MA,01906-2106,238220,Corporation,439957,439957,Paid in Full,18,439951,,443268.9,Eastern Bank,unknown,implied pay per reported job reaches $100K cap,yes,20261007T202810Z,20261007T202838Z
1781037108,biz-148,first draw,PPP,04/10/2020,"YANKEE SPRINKLER CO., INC.",612 PLYMOUTH ST,EAST BRIDGEWATER,MA,02333-2008,238220,Corporation,578302.5,578304,Paid in Full,38,578304,,585259.71,Eastern Bank,unknown,current amount differs from initial approval,yes,20261007T202810Z,20261007T202838Z
1823887104,biz-149,first draw,PPP,04/10/2020,"CITY POINT FIRE PROTECTION, INC.",10 COMMERCE RD,ROCKLAND,MA,02370-1053,238220,Corporation,740200,740200,Paid in Full,25,625000,,748615.97,Bluestone Bank,unknown,implied pay per reported job reaches $100K cap,yes,20261007T202810Z,20261007T202838Z
1901357105,biz-150,first draw,PPP,04/10/2020,"MONIQUE'S BATH SHOWROOM, INC",123 N Beacon Street,WATERTOWN,MA,02472-2712,238220,Corporation,194472,194472,Paid in Full,16,194472,,195606.42,Watertown Savings Bank,933466,"1901357105 (PPP, 04/10/2020): 194,472.00 / 2.5 x 12",yes,20261007T202810Z,20261007T202838Z
1957727108,biz-151,first draw,PPP,04/10/2020,DARCY CO INC (THE),44 CLEMENTE ST,HOLYOKE,MA,01040-5749,238220,Corporation,589572,589572,Paid in Full,52,589572,,593093.28,Manufacturers and Traders Trust Company,2829946,"1957727108 (PPP, 04/10/2020): 589,572.00 / 2.5 x 12",yes,20261007T202810Z,20261007T202838Z
1982707104,biz-152,first draw,PPP,04/10/2020,SOLAR ON EARTH INC,11 WILLOW RD,AYER,MA,01432-1500,238220,Corporation,273600,273600,Paid in Full,25,273600,,275089.6,Avidia Bank,1313280,"1982707104 (PPP, 04/10/2020): 273,600.00 / 2.5 x 12",yes,20261007T202810Z,20261007T202838Z
2010297101,biz-153,first draw,PPP,04/10/2020,ADVANCE AIR & HEAT COMPANY INC,177 BULLOCK RD,EAST FREETOWN,MA,02717-1419,238220,Corporation,383200,383200,Paid in Full,27,306600,,386042.07,Bristol County Savings Bank,1839360,"2010297101 (PPP, 04/10/2020): 383,200.00 / 2.5 x 12",yes,20261007T202810Z,20261007T202838Z
2013007101,biz-154,first draw,PPP,04/10/2020,"FOUR SEASONS HEATING & COOLING, INC.",134 East Housatonic Street,DALTON,MA,01226-1928,238220,Corporation,545100,479400,Paid in Full,36,479400,,485271.01,Berkshire Bank,unknown,current amount differs from initial approval,yes,20261007T202810Z,20261007T202838Z
3977448502,biz-154,second draw,PPS,02/24/2021,FOUR SEASONS HEATING & COOLING INC.,134 E Housatonic St,Dalton,MA,01226-1928,238220,Corporation,598540,598540,Paid in Full,36,598536,,606804.77,Northeast Bank,2872992,"3977448502 (PPS, 02/24/2021): 598,540.00 / 2.5 x 12",yes,20261007T202810Z,20261007T202838Z
2050287103,biz-155,first draw,PPP,04/10/2020,CHAVES HEATING & AIR CONDITIONING INC,15 BONAZZOLI AVE,HUDSON,MA,01749-2850,238220,Subchapter S Corporation,376000,376000,Paid in Full,28,376000,,380720.89,Avidia Bank,1804800,"2050287103 (PPP, 04/10/2020): 376,000.00 / 2.5 x 12",yes,20261007T202810Z,20261007T202838Z
2081877106,biz-156,first draw,PPP,04/10/2020,INDUSTRIAL BURNER SYSTEMS INC,61 COPELAND ST,QUINCY,MA,02169-6420,238220,Corporation,294100,294100,Paid in Full,13,294100,,296665.21,South Shore Bank,unknown,implied pay per reported job reaches $100K cap,yes,20261007T202810Z,20261007T202838Z
2116357104,biz-157,first draw,PPP,04/10/2020,HURLEY & DAVID INC,90 FISK AVE,SPRINGFIELD,MA,01107-1050,238220,Corporation,625606.1,625606.1,Paid in Full,43,625606.1,,632835.33,Westfield Bank,3002909,"2116357104 (PPP, 04/10/2020): 625,606.10 / 2.5 x 12",yes,20261007T202810Z,20261007T202838Z
2185457103,biz-158,first draw,PPP,04/10/2020,HILLIS CORP,555 WOBURN ST,TEWKSBURY,MA,01876-3425,238220,Subchapter S Corporation,623100,623100,Paid in Full,53,563100,,628604.05,Enterprise Bank and Trust Company,2990880,"2185457103 (PPP, 04/10/2020): 623,100.00 / 2.5 x 12",yes,20261007T202810Z,20261007T202838Z
2226997109,biz-159,first draw,PPP,04/10/2020,"DJ PLUMBING & HEATING, INC.",67 IPSWICH RD,BOXFORD,MA,01921-2020,238220,Corporation,284215,284215,Paid in Full,15,284215,,286646.62,"North Shore Bank, a Co-operative Bank",1364232,"2226997109 (PPP, 04/10/2020): 284,215.00 / 2.5 x 12",yes,20261007T202810Z,20261007T202838Z
2447467107,biz-160,first draw,PPP,04/10/2020,"CLIMATE HEATING AND COOLING, INC.",146 Hubbard Avenue,PITTSFIELD,MA,01201-3861,238220,Corporation,764100,659700,Paid in Full,52,659700,,668086.32,Berkshire Bank,unknown,current amount differs from initial approval,yes,20261007T202810Z,20261007T202838Z
3021818501,biz-160,second draw,PPS,02/22/2021,CLIMATE HEATING AND COOLING INC.,146 Hubbard Ave,Pittsfield,MA,01201-3861,238220,Corporation,659700,659700,Paid in Full,52,659700,,668791.21,Northeast Bank,3166560,"3021818501 (PPS, 02/22/2021): 659,700.00 / 2.5 x 12",yes,20261007T202810Z,20261007T202838Z
2474797107,biz-161,first draw,PPP,04/10/2020,COASTAL PLUMBING AND HEATING LLC,299 WHITES PATH,SOUTH YARMOUTH,MA,02664-1214,238220,Limited  Liability Company(LLC),349200,349200,Paid in Full,29,349200,,352944.2,The Cooperative Bank of Cape Cod,unknown,business type 'Limited  Liability Company(LLC)' may use owner income/SE basis,yes,20261007T202810Z,20261007T202838Z
2842338306,biz-161,second draw,PPS,01/21/2021,COASTAL PLUMBING AND HEATING LLC,21 Fruean Way Unit L,South Yarmouth,MA,02664-1690,238220,Limited  Liability Company(LLC),349262.87,349262.87,Paid in Full,28,349260.87,,351397.25,The Cooperative Bank of Cape Cod,unknown,business type 'Limited  Liability Company(LLC)' may use owner income/SE basis,yes,20261007T202810Z,20261007T202838Z
2527607101,biz-162,first draw,PPP,04/10/2020,T. SULLIVAN MECHANICAL INC,1102 Hanover Street,HANOVER,MA,02339-2023,238220,Corporation,214700,214700,Paid in Full,17,214700,,217485.14,South Shore Bank,1030560,"2527607101 (PPP, 04/10/2020): 214,700.00 / 2.5 x 12",yes,20261007T202810Z,20261007T202838Z
6534078307,biz-162,second draw,PPS,01/27/2021,T. SULLIVAN MECHANICAL INC.,1102 Hanover St Unit 1,Hanover,MA,02339-2043,238220,Corporation,214742,214742,Paid in Full,9,214737,,216638.89,South Shore Bank,unknown,implied pay per reported job reaches $100K cap,yes,20261007T202810Z,20261007T202838Z
2692557103,biz-163,first draw,PPP,04/11/2020,"GERVAIS MECHANICAL SERVICES, LLC",317 SOUTHBRIDGE ST,AUBURN,MA,01501-2682,238220,Limited  Liability Company(LLC),275600,275600,Paid in Full,24,275600,,277582.79,Avidia Bank,unknown,business type 'Limited  Liability Company(LLC)' may use owner income/SE basis,yes,20261007T202810Z,20261007T202838Z
2700037101,biz-164,first draw,PPP,04/11/2020,CARL F RIEDELL & SON INC,778 MAIN ST,OSTERVILLE,MA,02655-2011,238220,Corporation,600000,600000,Paid in Full,45,600000,,604850,Rockland Trust Company,2880000,"2700037101 (PPP, 04/11/2020): 600,000.00 / 2.5 x 12",yes,20261007T202810Z,20261007T202838Z
2742417106,biz-165,first draw,PPP,04/11/2020,"UNITED APPLIANCE CENTER, INC.",422A BOSTON ST,TOPSFIELD,MA,01983-1216,238220,Corporation,159200,159200,Paid in Full,9,159200,,160721.24,Salem Five Cents Savings Bank,764160,"2742417106 (PPP, 04/11/2020): 159,200.00 / 2.5 x 12",yes,20261007T202810Z,20261007T202838Z
2748597104,biz-166,first draw,PPP,04/11/2020,"NORTHEAST MECHANICAL SOLUTIONS, INC.",12 COMMERCE ROAD,SHREWSBURY,MA,01545-4292,238220,Subchapter S Corporation,204460,204400,Paid in Full,20,204400,,207054.4,Berkshire Bank,unknown,current amount differs from initial approval,yes,20261007T202810Z,20261007T202838Z
2772967108,biz-167,first draw,PPP,04/11/2020,"DILLON BOILER SERVICES CO., INC.",380 CRAWFORD ST,FITCHBURG,MA,01420-6806,238220,Corporation,390000,390000,Paid in Full,20,390000,,394333.33,"TD Bank, National Association",1872000,"2772967108 (PPP, 04/11/2020): 390,000.00 / 2.5 x 12",yes,20261007T202810Z,20261007T202838Z
2792577106,biz-168,first draw,PPP,04/11/2020,"H.I.M. MECHANICAL SYSTEMS, INC.",90 1ST ST,BRIDGEWATER,MA,02324-1070,238220,Corporation,236700,236700,Paid in Full,12,177525,,238139.93,Bristol County Savings Bank,1136160,"2792577106 (PPP, 04/11/2020): 236,700.00 / 2.5 x 12",yes,20261007T202810Z,20261007T202838Z
4020038310,biz-168,second draw,PPS,01/22/2021,HIM MECHANICAL SYSTEMS INC,90 1st St,Bridgewater,MA,02324-1070,238220,Corporation,236782.5,236782.5,Paid in Full,18,236782.5,,239229.25,Bristol County Savings Bank,1136556,"4020038310 (PPS, 01/22/2021): 236,782.50 / 2.5 x 12",yes,20261007T202810Z,20261007T202838Z
2552688504,biz-169,second draw,PPS,02/20/2021,AIR CONTROL SYSTEMS INC.,19 Rantoule St N/A,Weymouth,MA,02190-1143,238220,Corporation,408518,408518,Paid in Full,35,408517,,412166.68,Customers Bank,1960886,"2552688504 (PPS, 02/20/2021): 408,518.00 / 2.5 x 12",yes,20261007T202810Z,20261007T202838Z
2858177108,biz-169,first draw,PPP,04/11/2020,"AIR CONTROL SYSTEMS, INC.",19 RANTOULE ST,SOUTH WEYMOUTH,MA,02190-1143,238220,Corporation,386149,439681,Paid in Full,39,439681,,442957.53,Customers Bank,unknown,current amount differs from initial approval,yes,20261007T202810Z,20261007T202838Z
2860187110,biz-170,first draw,PPP,04/11/2020,DIVISION 15 HVAC INC,"300 Oak St, Suite 930",PEMBROKE,MA,02359-1930,238220,Corporation,544785,544785,Paid in Full,32,544785,,549173.55,Rockland Trust Company,2614968,"2860187110 (PPP, 04/11/2020): 544,785.00 / 2.5 x 12",yes,20261007T202810Z,20261007T202838Z
3040457107,biz-171,first draw,PPP,04/11/2020,SMART LLC,160 2ND ST,CHELSEA,MA,02150-1800,238220,Limited  Liability Company(LLC),237000,237000,Paid in Full,12,237000,,240752.5,Eastern Bank,unknown,business type 'Limited  Liability Company(LLC)' may use owner income/SE basis,yes,20261007T202810Z,20261007T202838Z
3041397104,biz-172,first draw,PPP,04/11/2020,TOTAL TEMP. INC.,22 CAMBRIDGE ST,MIDDLEBORO,MA,02346-2070,238220,Corporation,150000,150000,Paid in Full,12,150000,,151366.67,Eastern Bank,720000,"3041397104 (PPP, 04/11/2020): 150,000.00 / 2.5 x 12",yes,20261007T202810Z,20261007T202838Z
9184848403,biz-172,second draw,PPS,02/16/2021,TOTAL TEMP INC,22 Cambridge St,Middleboro,MA,02346-2090,238220,Corporation,150000,150000,Paid in Full,10,149998,,151412.5,Eastern Bank,720000,"9184848403 (PPS, 02/16/2021): 150,000.00 / 2.5 x 12",yes,20261007T202810Z,20261007T202838Z
3103217103,biz-173,first draw,PPP,04/11/2020,A FAGUNDES PLUMBING & HEATING INC.,225 STEDMAN ST Unit 16,LOWELL,MA,01851-2700,238220,Corporation,242500,242500,Paid in Full,25,223000,,244615.14,Enterprise Bank and Trust Company,1164000,"3103217103 (PPP, 04/11/2020): 242,500.00 / 2.5 x 12",yes,20261007T202810Z,20261007T202838Z
3188017100,biz-174,first draw,PPP,04/11/2020,"HOLDEN MECHANICAL CONTRACTORS, INC.",255 Brooks St,WORCESTER,MA,01606-3307,238220,Subchapter S Corporation,277800,277800,Paid in Full,13,277800,,279421.13,Clinton Savings Bank,unknown,implied pay per reported job reaches $100K cap,yes,20261007T202810Z,20261007T202838Z
5306178600,biz-174,second draw,PPS,03/20/2021,HOLDEN MECHANICAL CONTRACTORS INC.,255 Brooks St,Worcester,MA,01606-3307,238220,Subchapter S Corporation,224850,224850,Paid in Full,14,224850,,226143.66,Clinton Savings Bank,1079280,"5306178600 (PPS, 03/20/2021): 224,850.00 / 2.5 x 12",yes,20261007T202810Z,20261007T202838Z
3262377102,biz-175,first draw,PPP,04/11/2020,"BRIGGS MECHANICAL, INC.",149 CHESTNUT ST,NORTH ATTLEBORO,MA,02760-3201,238220,Corporation,259900,259900,Paid in Full,20,207976,,262080.27,Bristol County Savings Bank,1247520,"3262377102 (PPP, 04/11/2020): 259,900.00 / 2.5 x 12",yes,20261007T202810Z,20261007T202838Z
3811618505,biz-175,second draw,PPS,02/24/2021,BRIGGS MECHANICAL INC.,149 Chestnut St,North Attleboro,MA,02760-3201,238220,Corporation,231085,231085,Paid in Full,16,231082,,232734.69,Bristol County Savings Bank,1109208,"3811618505 (PPS, 02/24/2021): 231,085.00 / 2.5 x 12",yes,20261007T202810Z,20261007T202838Z
3274577100,biz-176,first draw,PPP,04/11/2020,"ANANIA PLUMBING & HEATING, INC.",89 WEST ST,WEST BRIDGEWATER,MA,02379-1400,238220,Corporation,307973.82,307973.82,Paid in Full,10,307973.82,,311361.53,Rockland Trust Company,unknown,implied pay per reported job reaches $100K cap,yes,20261007T202810Z,20261007T202838Z
9477198304,biz-176,second draw,PPS,01/30/2021,ANANIA PLUMBING & HEATING INC,89 West St # 0,West Bridgewater,MA,02379-1400,238220,Corporation,291777,291777,Paid in Full,10,291777,,294670.46,Rockland Trust Company,unknown,implied pay per reported job reaches $100K cap,yes,20261007T202810Z,20261007T202838Z
3355307102,biz-177,first draw,PPP,04/11/2020,"AIR MASTERS HVAC SERVICES OF NE, INC.",59 TURNER ST,FALL RIVER,MA,02720-2517,238220,Corporation,314600,314700,Paid in Full,24,314700,,316398.52,Fall River Five Cents Savings Bank d/b/a BankFive,unknown,current amount differs from initial approval,yes,20261007T202810Z,20261007T202838Z
3365177104,biz-178,first draw,PPP,04/11/2020,"PANTON PLUMBING & HEATING, INC.",116 BERNARD ST JEAN DR,FALMOUTH,MA,02540,238220,Corporation,159640,159640,Paid in Full,17,159640,,160410.76,Eastern Bank,766272,"3365177104 (PPP, 04/11/2020): 159,640.00 / 2.5 x 12",yes,20261007T202810Z,20261007T202838Z
3375237102,biz-179,first draw,PPP,04/11/2020,SAGAMORE PLUMBING & HEATING,75 Research Rd,Hingham,MA,02043-4322,238220,Corporation,3369897.5,3369897.5,Paid in Full,132,3369897.5,,3408212.77,MountainOne Bank,unknown,implied pay per reported job reaches $100K cap,yes,20261007T202810Z,20261007T202838Z
9327498501,biz-179,second draw,PPS,03/12/2021,SAGAMORE PLUMBING & HEATING INC.,75 Research Rd,Hingham,MA,02043-4322,238220,Corporation,2000000,2000000,Paid in Full,124,1999997,,2016712.33,MountainOne Bank,unknown,at program cap,yes,20261007T202810Z,20261007T202838Z
3572317101,biz-180,first draw,PPP,04/11/2020,WINSTON BUILDERS CORP,55 Hopkinton Rd,WESTBOROUGH,MA,01581-2103,238220,Corporation,368000,368000,Paid in Full,15,368000,,372027.56,Avidia Bank,unknown,implied pay per reported job reaches $100K cap,yes,20261007T202810Z,20261007T202838Z
1586448408,biz-181,second draw,PPS,02/02/2021,COX ENGINEERING COMPANY,21 Pacella Park Dr # 0,Randolph,MA,02368-1755,238220,Corporation,2000000,2000000,Paid in Full,263,2000000,,2016277.78,Rockland Trust Company,unknown,at program cap,yes,20261007T202810Z,20261007T202838Z
3639307104,biz-181,first draw,PPP,04/11/2020,COX ENGINEERING CO INC,21 PACELLA PARK DR,RANDOLPH,MA,02368-1755,238220,Corporation,6003700,6003700,Paid in Full,157,6003700,,6073076.09,Rockland Trust Company,unknown,implied pay per reported job reaches $100K cap,yes,20261007T202810Z,20261007T202838Z
3308178300,biz-182,second draw,PPS,01/21/2021,GERVAIS PLUMBING & HEATING INC.,317 Southbridge St,Auburn,MA,01501-2682,238220,Corporation,323816.62,323816.62,Paid in Full,22,323816.62,,325876.45,Avidia Bank,1554320,"3308178300 (PPS, 01/21/2021): 323,816.62 / 2.5 x 12",yes,20261007T202810Z,20261007T202838Z
3751417102,biz-182,first draw,PPP,04/12/2020,"GERVAIS PLUMBING & HEATING, INC.",317 SOUTHBRIDGE ST,AUBURN,MA,01501-2682,238220,Corporation,690800,690800,Paid in Full,58,690800,,695769.92,Avidia Bank,3315840,"3751417102 (PPP, 04/12/2020): 690,800.00 / 2.5 x 12",yes,20261007T202810Z,20261007T202838Z
3754967109,biz-183,first draw,PPP,04/12/2020,ROYAL STEAM HEATER CO,499 MAIN ST,GARDNER,MA,01440-3020,238220,Corporation,480277,480277,Paid in Full,26,480277,,486440.55,"TD Bank, National Association",2305330,"3754967109 (PPP, 04/12/2020): 480,277.00 / 2.5 x 12",yes,20261007T202810Z,20261007T202838Z
3820437102,biz-184,first draw,PPP,04/12/2020,"MUIRFIELD MECHANICAL SERVICES, LLC",60 Willow Rd,AYER,MA,01432-1513,238220,Partnership,325000,315000,Paid in Full,22,315000,,317073.75,"TD Bank, National Association",unknown,business type 'Partnership' may use owner income/SE basis; current amount differs from initial approval,yes,20261007T202810Z,20261007T202838Z
6781758405,biz-184,second draw,PPS,02/11/2021,MUIRFIELD MECHANICAL SERVICES LLC,60 Willow Rd,Ayer,MA,01432-1513,238220,Partnership,315000,315000,Paid in Full,18,314997,,317152.5,"TD Bank, National Association",unknown,business type 'Partnership' may use owner income/SE basis,yes,20261007T202810Z,20261007T202838Z
3880177109,biz-185,first draw,PPP,04/12/2020,"RENAUD HVAC & CONTROLS, INC.",11 JOHN RD,SUTTON,MA,01590-2509,238220,Corporation,573400,573400,Paid in Full,25,430112.33,,576808.54,Homefield Credit Union,unknown,implied pay per reported job reaches $100K cap,yes,20261007T202810Z,20261007T202838Z
3921407103,biz-186,first draw,PPP,04/12/2020,"MECHANICAL AIR CONTROLS, INC.",40 ACCORD PARK DR STE 202,NORWELL,MA,02061-1606,238220,Corporation,193632,193632,Paid in Full,11,193632,,195218.71,Rockland Trust Company,929434,"3921407103 (PPP, 04/12/2020): 193,632.00 / 2.5 x 12",yes,20261007T202810Z,20261007T202838Z
8295638408,biz-186,second draw,PPS,02/13/2021,MECHANICAL AIR CONTROLS INC,40 Accord Park Dr Ste 202 0,Norwell,MA,02061-1613,238220,Corporation,180230,180230,Paid in Full,11,180227,,181556.69,Rockland Trust Company,865104,"8295638408 (PPS, 02/13/2021): 180,230.00 / 2.5 x 12",yes,20261007T202810Z,20261007T202838Z
3957957106,biz-187,first draw,PPP,04/12/2020,AMERICAN AIR INC,1 Box Car Blvd,TEWKSBURY,MA,01876-1400,238220,Corporation,155000,155000,Paid in Full,11,155000,,156726.53,"TD Bank, National Association",744000,"3957957106 (PPP, 04/12/2020): 155,000.00 / 2.5 x 12",yes,20261007T202810Z,20261007T202838Z
4084097102,biz-188,first draw,PPP,04/12/2020,"TECH MECHANICAL SYSTEMS, INC.",420 WEST ST,WEST BRIDGEWATER,MA,02379-1015,238220,Subchapter S Corporation,1255390,1255390,Paid in Full,80,1255390,,1269408.52,Rockland Trust Company,6025872,"4084097102 (PPP, 04/12/2020): 1,255,390.00 / 2.5 x 12",yes,20261007T202810Z,20261007T202838Z
4089277107,biz-189,first draw,PPP,04/12/2020,ADDARIO INCORPORATED,2 GILL ST Suite J,WOBURN,MA,01801-1721,238220,Corporation,400000,400000,Paid in Full,38,400000,,403822.22,Eastern Bank,1920000,"4089277107 (PPP, 04/12/2020): 400,000.00 / 2.5 x 12",yes,20261007T202810Z,20261007T202838Z
8830808305,biz-189,second draw,PPS,01/30/2021,ADDARIO INCORPORATED,2J Gill St,Woburn,MA,01801-1721,238220,Corporation,422572,422572,Paid in Full,42,422567,,427126.39,Eastern Bank,2028346,"8830808305 (PPS, 01/30/2021): 422,572.00 / 2.5 x 12",yes,20261007T202810Z,20261007T202838Z
4129907101,biz-190,first draw,PPP,04/12/2020,BERRY MECHANICAL SERVICES INC,3 Milton Way,GEORGETOWN,MA,01833-1603,238220,Corporation,167245,167245.44,Paid in Full,10,167245.44,,169401.05,"TD Bank, National Association",unknown,current amount differs from initial approval,yes,20261007T202810Z,20261007T202838Z
4473537107,biz-191,first draw,PPP,04/13/2020,PIPE CRAFT INC,125 Main Street,Reading,MA,01867,238220,Subchapter S Corporation,173014.18,173014.38,Paid in Full,11,173014.38,,174533.06,Rockland Trust Company,unknown,current amount differs from initial approval,yes,20261007T202810Z,20261007T202838Z
4505357107,biz-192,first draw,PPP,04/13/2020,"MURPHY SERVICES, INC.",34 WHITES PATH,SOUTH YARMOUTH,MA,02664-1212,238220,Corporation,555000,555000,Paid in Full,34,555000,,560656.44,Pinnacle Bank,2664000,"4505357107 (PPP, 04/13/2020): 555,000.00 / 2.5 x 12",yes,20261007T202810Z,20261007T202838Z
4616057103,biz-193,first draw,PPP,04/13/2020,EDGEWATER PLUMBING AND HEATING INC,8 OTIS PARK DR,BUZZARDS BAY,MA,02532-3870,238220,Subchapter S Corporation,182974,182974,Paid in Full,14,182974,,185347.58,First Citizens FCU,878275,"4616057103 (PPP, 04/13/2020): 182,974.00 / 2.5 x 12",yes,20261007T202810Z,20261007T202838Z
4660427104,biz-194,first draw,PPP,04/13/2020,"WILLIAM M COLLINS COMPANY, INC",105 Bay State Dr,Braintree,MA,02184,238220,Subchapter S Corporation,232118,232118,Paid in Full,12,232118,,234155.48,Rockland Trust Company,1114166,"4660427104 (PPP, 04/13/2020): 232,118.00 / 2.5 x 12",yes,20261007T202810Z,20261007T202838Z
9577158409,biz-194,second draw,PPS,02/17/2021,WILLIAM M COLLINS COMPANY INC,105 Bay State Dr # 0,Braintree,MA,02184-5203,238220,Subchapter S Corporation,828637.5,828637.5,Paid in Full,35,828632.5,,837177.07,Rockland Trust Company,unknown,implied pay per reported job reaches $100K cap,yes,20261007T202810Z,20261007T202838Z
4666067104,biz-195,first draw,PPP,04/13/2020,RICHMAN CORPORATION,65 LIBERTY ST,QUINCY,MA,02169-6501,238220,Corporation,163470,163470,Paid in Full,6,163470,,165372.61,Eastern Bank,unknown,implied pay per reported job reaches $100K cap,yes,20261007T202810Z,20261007T202838Z
4679067103,biz-196,first draw,PPP,04/13/2020,FARINA CORPORATION,24 SPICE ST,CHARLESTOWN,MA,02129-1306,238220,Subchapter S Corporation,234200,234200,Paid in Full,11,234200,,235598.69,Northern Bank and Trust Company,unknown,implied pay per reported job reaches $100K cap,yes,20261007T202810Z,20261007T202838Z
4692837103,biz-197,first draw,PPP,04/13/2020,"COOLING & HEATING SPECIALISTS, INC.",151 CALIFORNIA STREET,NEWTON,MA,02458-1023,238220,Corporation,484500,484500,Paid in Full,16,484500,,489802.58,UniBank for Savings,unknown,implied pay per reported job reaches $100K cap,yes,20261007T202810Z,20261007T202838Z
4694137109,biz-198,first draw,PPP,04/13/2020,UPTACK PLUMBING & HEATING INC.,32 ROCHAMBAULT ST,HAVERHILL,MA,01832-1941,238220,Subchapter S Corporation,444727.5,444727.5,Paid in Full,32,444727.5,,447544.11,Haverhill Bank,2134692,"4694137109 (PPP, 04/13/2020): 444,727.50 / 2.5 x 12",yes,20261007T202810Z,20261007T202838Z
1930198405,biz-199,second draw,PPS,02/02/2021,WJS MECHANICAL CORP.,90 Worthern Pl,Tewksbury,MA,01876-3578,238220,Corporation,227251.45,227251.45,Paid in Full,19,227251.45,,228932.49,Hanscom FCU,1090807,"1930198405 (PPS, 02/02/2021): 227,251.45 / 2.5 x 12",yes,20261007T202810Z,20261007T202838Z
4718007100,biz-199,first draw,PPP,04/13/2020,WJS MECHANICAL CORP,90 Worthern Place,TEWKSBURY,MA,01876-3578,238220,Corporation,228800,228800,Paid in Full,85,228800,,231050.39,Hanscom FCU,1098240,"4718007100 (PPP, 04/13/2020): 228,800.00 / 2.5 x 12",yes,20261007T202810Z,20261007T202838Z
4247718307,biz-200,second draw,PPS,01/23/2021,ARRELL CORP,36 Spinelli Pl,Cambridge,MA,02138-1064,238220,Corporation,343007.5,343007.5,Paid in Full,19,343003.5,,345618.17,Eastern Bank,1646436,"4247718307 (PPS, 01/23/2021): 343,007.50 / 2.5 x 12",yes,20261007T202810Z,20261007T202838Z
4736557105,biz-200,first draw,PPP,04/13/2020,ARRELL CORP,36 Spinelli Pl Cambridge Ma 02138-1064,Cambridge,MA,02138-1046,238220,Corporation,245790,245790,Paid in Full,21,245790,,247114.54,Eastern Bank,1179792,"4736557105 (PPP, 04/13/2020): 245,790.00 / 2.5 x 12",yes,20261007T202810Z,20261007T202838Z
3396628510,biz-201,second draw,PPS,02/23/2021,DUCTS INC,200 Recreation Park Dr # 0,Hingham,MA,02043-4241,238220,Subchapter S Corporation,340507,340507,Paid in Full,24,340507,,343306.72,Rockland Trust Company,1634434,"3396628510 (PPS, 02/23/2021): 340,507.00 / 2.5 x 12",yes,20261007T202810Z,20261007T202838Z
4894007110,biz-201,first draw,PPP,04/13/2020,DUCTS INCORPORATED,200 RECREATION PARK DRIVE,HINGHAM,MA,02043-4241,238220,Subchapter S Corporation,340507.6,340507.6,Paid in Full,24,340507.6,,343846.47,Rockland Trust Company,1634436,"4894007110 (PPP, 04/13/2020): 340,507.60 / 2.5 x 12",yes,20261007T202810Z,20261007T202838Z
4954057106,biz-202,first draw,PPP,04/13/2020,"A. H. BURNS CO., INC.",296 WEYMOUTH ST STE A,ROCKLAND,MA,02370-1139,238220,Corporation,540800,540800,Paid in Full,21,405600,,547635.11,The Bank of Canton,unknown,implied pay per reported job reaches $100K cap,yes,20261007T202810Z,20261007T202838Z
5066008301,biz-202,second draw,PPS,01/25/2021,A H BURNS CO. INC.,296 Weymouth St Ste A,Rockland,MA,02370-1178,238220,Corporation,549190.07,549190.07,Paid in Full,23,549189.07,,552698.78,The Bank of Canton,unknown,implied pay per reported job reaches $100K cap,yes,20261007T202810Z,20261007T202838Z
3927788501,biz-203,second draw,PPS,02/24/2021,BEST AUTOMATIC SPRINKLER CORP,77 Elm St # 0,Braintree,MA,02184-3239,238220,Corporation,397130,397130,Paid in Full,22,397130,,400417.35,Rockland Trust Company,1906224,"3927788501 (PPS, 02/24/2021): 397,130.00 / 2.5 x 12",yes,20261007T202810Z,20261007T202838Z
4983157100,biz-203,first draw,PPP,04/13/2020,BEST AUTOMATIC SPRINKLER CORP.,77 Elm Street,Braintree,MA,02184-3239,238220,Corporation,388400,388400,Paid in Full,23,388400,,391820.08,Rockland Trust Company,1864320,"4983157100 (PPP, 04/13/2020): 388,400.00 / 2.5 x 12",yes,20261007T202810Z,20261007T202838Z
5045647103,biz-204,first draw,PPP,04/13/2020,"REIDY HEATING AND COOLING, INC.",539 Canal St,HOLYOKE,MA,01040-5580,238220,Subchapter S Corporation,152500,152500,Paid in Full,10,152500,,154175.41,PeoplesBank,732000,"5045647103 (PPP, 04/13/2020): 152,500.00 / 2.5 x 12",yes,20261007T202810Z,20261007T202838Z
5182327108,biz-205,first draw,PPP,04/13/2020,"CAPE COD MECHANICAL SYSTEMS, INC.",8 FRUEAN WAY,SOUTH YARMOUTH,MA,02664-1670,238220,Subchapter S Corporation,166845,166845,Paid in Full,15,166845,,168471.74,Rockland Trust Company,800856,"5182327108 (PPP, 04/13/2020): 166,845.00 / 2.5 x 12",yes,20261007T202810Z,20261007T202838Z
5189377104,biz-206,first draw,PPP,04/13/2020,"NORTH SHORE MECHANICAL CONTRACTORS, LLC",6 GARDEN ST STE TWO,DANVERS,MA,01923-1431,238220,Limited  Liability Company(LLC),2036800,2036800,Paid in Full,98,2036800,,2060619.24,Mid Penn Bank,unknown,business type 'Limited  Liability Company(LLC)' may use owner income/SE basis,yes,20261007T202810Z,20261007T202838Z
5189407100,biz-207,first draw,PPP,04/13/2020,MPK ENTERPRISES INC.,15 Crawford Street,Watertown,MA,02472-2819,238220,Subchapter S Corporation,1238495,1238495,Paid in Full,60,1238495,,1245049.93,Eastern Bank,5944776,"5189407100 (PPP, 04/13/2020): 1,238,495.00 / 2.5 x 12",yes,20261007T202810Z,20261007T202838Z
5240137109,biz-208,first draw,PPP,04/13/2020,GEORGE S PATEY & SONS INC,215 Bridge Street,DEDHAM,MA,02026-1711,238220,Subchapter S Corporation,188067.52,188067.53,Paid in Full,13,188067.53,,189744.47,Rockland Trust Company,unknown,current amount differs from initial approval,yes,20261007T202810Z,20261007T202838Z
5246607109,biz-209,first draw,PPP,04/13/2020,"CORSO PLUMBING & HEATING, INC.",100 Hale Street,HAVERHILL,MA,01830-3972,238220,Corporation,169627,169627,Paid in Full,18,169627,,171841.57,"TD Bank, National Association",814210,"5246607109 (PPP, 04/13/2020): 169,627.00 / 2.5 x 12",yes,20261007T202810Z,20261007T202838Z
5280707108,biz-210,first draw,PPP,04/13/2020,"CENTRAL COOLING & HEATING, INC.",9 North MAPLE ST,WOBURN,MA,01801-1713,238220,Corporation,864000,864000,Paid in Full,68,864000,,870360,Northern Bank and Trust Company,4147200,"5280707108 (PPP, 04/13/2020): 864,000.00 / 2.5 x 12",yes,20261007T202810Z,20261007T202838Z
5284457102,biz-211,first draw,PPP,04/13/2020,"MILHARMER ASSOCIATES, INC.",534 NEW STATE HWY,RAYNHAM,MA,02767-5452,238220,Corporation,371295,371295,Paid in Full,19,371295,,374337.56,Eastern Bank,1782216,"5284457102 (PPP, 04/13/2020): 371,295.00 / 2.5 x 12",yes,20261007T202810Z,20261007T202838Z
5511497104,biz-212,first draw,PPP,04/13/2020,"LAPAN MECHANICAL CONTRACTORS, INC.",3 BETHANY ST,WORCESTER,MA,01604-3305,238220,Subchapter S Corporation,165576.41,165576.41,Paid in Full,12,165576.41,,166510.08,Webster First FCU,794767,"5511497104 (PPP, 04/13/2020): 165,576.41 / 2.5 x 12",yes,20261007T202810Z,20261007T202838Z
5611797108,biz-213,first draw,PPP,04/13/2020,JOHN'S SEWER & PIPE CLEANING INC,4 BREED AVE,WOBURN,MA,01801-1165,238220,Corporation,1152800,1152800,Paid in Full,62,1152800,,1161253.87,"PNC Bank, National Association",5533440,"5611797108 (PPP, 04/13/2020): 1,152,800.00 / 2.5 x 12",yes,20261007T202810Z,20261007T202838Z
5915747103,biz-214,first draw,PPP,04/14/2020,PEAK MECHANICAL SERVICES CORP,35 CORPORATE PARK DR,PEMBROKE,MA,02359-1966,238220,Corporation,2019400,2019400,Paid in Full,72,2019400,,2042735.29,South Shore Bank,unknown,implied pay per reported job reaches $100K cap,yes,20261007T202810Z,20261007T202838Z
7231238304,biz-214,second draw,PPS,01/28/2021,PEAK MECHANICAL SERVICES CORP,35 Corporate Park Dr,Pembroke,MA,02359-4970,238220,Corporation,1949350,1949350,Paid in Full,68,1949345,,1960125.57,South Shore Bank,unknown,implied pay per reported job reaches $100K cap,yes,20261007T202810Z,20261007T202838Z
5211078308,biz-215,second draw,PPS,01/25/2021,YOUNGBLOOD COMPANY INC,32 Ashland Steet,Haverhill,MA,01830,238220,Corporation,745000,745000,Paid in Full,55,744996,,748890.56,Enterprise Bank and Trust Company,3576000,"5211078308 (PPS, 01/25/2021): 745,000.00 / 2.5 x 12",yes,20261007T202810Z,20261007T202838Z
5952397104,biz-215,first draw,PPP,04/14/2020,"YOUNGBLOOD COMPANY, INC.",32 Ashland Street,HAVERHILL,MA,01830-4143,238220,Corporation,832000,832000,Paid in Full,67,721000,,836694.55,Enterprise Bank and Trust Company,3993600,"5952397104 (PPP, 04/14/2020): 832,000.00 / 2.5 x 12",yes,20261007T202810Z,20261007T202838Z
6023217107,biz-216,first draw,PPP,04/14/2020,"BJ DOYLE, INC.",4 JEWEL DR Unit 8,WILMINGTON,MA,01887-3334,238220,Subchapter S Corporation,127300,224500,Paid in Full,19,224500,,225672.39,Northern Bank and Trust Company,unknown,current amount differs from initial approval,yes,20261007T202810Z,20261007T202838Z
3636308508,biz-217,second draw,PPS,02/24/2021,ENVIRONMENTAL SYSTEMS INC,6 Howard Ireland Dr,Attleboro,MA,02703-4612,238220,Subchapter S Corporation,2000000,2000000,Paid in Full,209,1999998,,2014222.22,Bristol County Savings Bank,unknown,at program cap,yes,20261007T202810Z,20261007T202838Z
6080557100,biz-217,first draw,PPP,04/14/2020,"ENVIRONMENTAL SYSTEMS, INC.",6 HOWARD IRELAND DR,ATTLEBORO,MA,02703-4612,238220,Subchapter S Corporation,2569000,2569000,Paid in Full,203,1926750,,2598472.14,Bristol County Savings Bank,12331200,"6080557100 (PPP, 04/14/2020): 2,569,000.00 / 2.5 x 12",yes,20261007T202810Z,20261007T202838Z
6195727103,biz-218,first draw,PPP,04/14/2020,MERRIMACK VALLEY CORPORATION,15 AEGEAN DR Unit 3,METHUEN,MA,01844-1558,238220,Subchapter S Corporation,311400,311400,Paid in Full,39,282300,,315655.8,Enterprise Bank and Trust Company,1494720,"6195727103 (PPP, 04/14/2020): 311,400.00 / 2.5 x 12",yes,20261007T202810Z,20261007T202838Z
6207137101,biz-219,first draw,PPP,04/14/2020,PHOENIX MECHANICAL CONTRACTING INC,197 W CENTRAL ST,NATICK,MA,01760-3737,238220,Subchapter S Corporation,404752,404752,Paid in Full,3,404752,,409406.65,"TD Bank, National Association",unknown,implied pay per reported job reaches $100K cap,yes,20261007T202810Z,20261007T202838Z
6214487110,biz-220,first draw,PPP,04/14/2020,"BEANTOWN AC, INC",9 ALDRIN RD STE 1,PLYMOUTH,MA,02360-5479,238220,Corporation,152100,152100,Paid in Full,13,152100,,152949.22,The Cooperative Bank of Cape Cod,730080,"6214487110 (PPP, 04/14/2020): 152,100.00 / 2.5 x 12",yes,20261007T202810Z,20261007T202838Z
6216527102,biz-221,first draw,PPP,04/14/2020,M & E MECHANICAL CONTRACTORS INC,1 ALLEN ST,SPRINGFIELD,MA,01108-1953,238220,Corporation,191110,191110,Paid in Full,16,191110,,193528.98,Manufacturers and Traders Trust Company,917328,"6216527102 (PPP, 04/14/2020): 191,110.00 / 2.5 x 12",yes,20261007T202810Z,20261007T202838Z
6237397110,biz-222,first draw,PPP,04/14/2020,"LYNCO FIRE PROTECTION, INC.",19 GRANT AVE,BURLINGTON,MA,01803-2123,238220,Corporation,345600,345600,Paid in Full,27,345600,,348268.8,Northern Bank and Trust Company,1658880,"6237397110 (PPP, 04/14/2020): 345,600.00 / 2.5 x 12",yes,20261007T202810Z,20261007T202838Z
8287498403,biz-222,second draw,PPS,02/13/2021,LYNCO FIRE PROTECTION INC,19 Grant Ave,Burlington,MA,01803-2123,238220,Corporation,396475,396475,Paid in Full,28,396473,,400219.49,Northern Bank and Trust Company,1903080,"8287498403 (PPS, 02/13/2021): 396,475.00 / 2.5 x 12",yes,20261007T202810Z,20261007T202838Z
1394368610,biz-223,second draw,PPS,03/13/2021,MERRIMACK VALLEY SYSTEMS INC.,15 Aegean Dr Ste 3,Methuen,MA,01844-1558,238220,Limited  Liability Company(LLC),872552,872552,Paid in Full,77,872547,,884913.15,Enterprise Bank and Trust Company,unknown,business type 'Limited  Liability Company(LLC)' may use owner income/SE basis,yes,20261007T202810Z,20261007T202838Z
6299227100,biz-223,first draw,PPP,04/14/2020,"MERRIMACK VALLEY SYSTEMS, INC.","15 AEGEAN DR, Unit 3",METHUEN,MA,01844-1558,238220,Limited  Liability Company(LLC),872500,872500,Paid in Full,93,762800,,884593.82,Enterprise Bank and Trust Company,unknown,business type 'Limited  Liability Company(LLC)' may use owner income/SE basis,yes,20261007T202810Z,20261007T202838Z
6314777100,biz-224,first draw,PPP,04/14/2020,JOHN DONOVAN PLUMBING AND HEATING CORP,28 FORGE PKWY,FRANKLIN,MA,02038-3247,238220,Subchapter S Corporation,165700,165700,Paid in Full,9,165700,,167444.45,Charles River Bank,795360,"6314777100 (PPP, 04/14/2020): 165,700.00 / 2.5 x 12",yes,20261007T202810Z,20261007T202838Z
6365067110,biz-225,first draw,PPP,04/14/2020,"DUGGAN MECHANICAL SERVICES, INC.",136 Will Drive,Canton,MA,02021,238220,Corporation,862500,862500,Paid in Full,32,862500,,871867.71,Rockland Trust Company,unknown,implied pay per reported job reaches $100K cap,yes,20261007T202810Z,20261007T202838Z
6400757101,biz-226,first draw,PPP,04/14/2020,CORRECT TEMP INCORPORATED,268 Hampstead Street,METHUEN,MA,01844,238220,Corporation,344450,344450,Paid in Full,26,344450,,348554.7,"TD Bank, National Association",1653360,"6400757101 (PPP, 04/14/2020): 344,450.00 / 2.5 x 12",yes,20261007T202810Z,20261007T202838Z
9904048507,biz-226,second draw,PPS,03/12/2021,CORRECT TEMP INC,268 Hampstead St,Methuen,MA,01844-1250,238220,Corporation,392452,392452,Paid in Full,26,392448,,395057.45,"TD Bank, National Association",1883770,"9904048507 (PPS, 03/12/2021): 392,452.00 / 2.5 x 12",yes,20261007T202810Z,20261007T202838Z
6540067108,biz-227,first draw,PPP,04/14/2020,RODENHISER HOME SERVICES INC.,325 HOPPING BROOK RD,HOLLISTON,MA,01746-1456,238220,Corporation,2378880,2378880,Paid in Full,167,1903104,,2406699.68,Middlesex Savings Bank,11418624,"6540067108 (PPP, 04/14/2020): 2,378,880.00 / 2.5 x 12",yes,20261007T202810Z,20261007T202838Z
6688547106,biz-228,first draw,PPP,04/14/2020,"ASPINWALL PLUMBING & HEATING, CO. INC.",723 Washington Street,Quincy,MA,02169-7330,238220,Corporation,312538.55,312538.55,Paid in Full,13,312538.55,,316306.38,Rockland Trust Company,unknown,implied pay per reported job reaches $100K cap,yes,20261007T202810Z,20261007T202838Z
8253568402,biz-228,second draw,PPS,02/13/2021,ASPINWALL PLUMBING & HEATING LLC,723 Washington St # 0,Quincy,MA,02169-7330,238220,Corporation,325210,325210,Paid in Full,27,325205,,328751.18,Rockland Trust Company,1561008,"8253568402 (PPS, 02/13/2021): 325,210.00 / 2.5 x 12",yes,20261007T202810Z,20261007T202838Z
6731027110,biz-229,first draw,PPP,04/14/2020,"MARCOUX PLUMBING & HEATING, INC.",273 DRACUT ST,DRACUT,MA,01826-4510,238220,Subchapter S Corporation,152300,152300,Paid in Full,10,137305,,153606.02,The Lowell Five Cent Savings Bank,731040,"6731027110 (PPP, 04/14/2020): 152,300.00 / 2.5 x 12",yes,20261007T202810Z,20261007T202838Z
6929418405,biz-229,second draw,PPS,02/11/2021,MARCOUX PLUMBING & HEATING INC.,273 Dracut St,Dracut,MA,01826-4510,238220,Subchapter S Corporation,165450,165450,Paid in Full,12,165445,,166234.19,The Lowell Five Cent Savings Bank,794160,"6929418405 (PPS, 02/11/2021): 165,450.00 / 2.5 x 12",yes,20261007T202810Z,20261007T202838Z
6636078308,biz-230,second draw,PPS,01/27/2021,COMMONWEALTH PLUMBING CORP.,290 Weymouth St,Rockland,MA,02370-1137,238220,Subchapter S Corporation,1734337,1734337.5,Paid in Full,53,1734334.5,,1752773.74,MountainOne Bank,unknown,current amount differs from initial approval; implied pay per reported job reaches $100K cap,yes,20261007T202810Z,20261007T202838Z
6734627108,biz-230,first draw,PPP,04/14/2020,COMMONWEALTH PLUMBING CORP.,290 Weymouth St,Rockland,MA,02370-1137,238220,Subchapter S Corporation,1734337.5,1734337.5,Paid in Full,22,1734337.5,,1752916.29,MountainOne Bank,unknown,implied pay per reported job reaches $100K cap,yes,20261007T202810Z,20261007T202838Z
6755537104,biz-231,first draw,PPP,04/14/2020,ASAP DRAINS INC,405 A ESSEX ST,SALEM,MA,01970-3155,238220,Subchapter S Corporation,228000,228000,Paid in Full,17,228000,,229862,Salem Five Cents Savings Bank,1094400,"6755537104 (PPP, 04/14/2020): 228,000.00 / 2.5 x 12",yes,20261007T202810Z,20261007T202838Z
6897567108,biz-232,first draw,PPP,04/14/2020,"TEAM MECHANICAL, LLC",820 LIVINGSTON ST,TEWKSBURY,MA,01876-1383,238220,Limited  Liability Company(LLC),189200,189200,Paid in Full,17,189200,,190424.54,Northern Bank and Trust Company,unknown,business type 'Limited  Liability Company(LLC)' may use owner income/SE basis,yes,20261007T202810Z,20261007T202838Z
7016167101,biz-233,first draw,PPP,04/14/2020,CRANNEY COMPANIES INC,24 WATER ST,DANVERS,MA,01923-3728,238220,Corporation,816572,816572,Paid in Full,63,816572,,821292.46,Manufacturers and Traders Trust Company,3919546,"7016167101 (PPP, 04/14/2020): 816,572.00 / 2.5 x 12",yes,20261007T202810Z,20261007T202838Z
7110817102,biz-234,first draw,PPP,04/14/2020,"PREFERRED CONTRACTORS, INC.",223 Center St,PEMBROKE,MA,02359,238220,Corporation,399552,399552,Paid in Full,29,399552,,403048.08,Rockland Trust Company,1917850,"7110817102 (PPP, 04/14/2020): 399,552.00 / 2.5 x 12",yes,20261007T202810Z,20261007T202838Z
7144007104,biz-235,first draw,PPP,04/14/2020,"AYOTTE MECHANICAL, INC.",108 MIDDLESEX ST #5,NORTH CHELMSFORD,MA,01863-2058,238220,Corporation,224100,224100,Paid in Full,13,207200,,226235.18,Enterprise Bank and Trust Company,1075680,"7144007104 (PPP, 04/14/2020): 224,100.00 / 2.5 x 12",yes,20261007T202810Z,20261007T202838Z
6361228610,biz-236,second draw,PPS,03/23/2021,TOM FRICKER COMPLETE HEATING AND COOLING LLC,355R Chestnut St,Needham,MA,02492-2408,238220,Limited  Liability Company(LLC),200122,200122,Paid in Full,15,200122,,201322.73,Middlesex Savings Bank,unknown,business type 'Limited  Liability Company(LLC)' may use owner income/SE basis,yes,20261007T202810Z,20261007T202838Z
7175767101,biz-236,first draw,PPP,04/14/2020,"TOM FRICKER COMPLETE HEATING AND COOLING, LLC",355 R CHESTNUT ST,NEEDHAM,MA,02492-2408,238220,Limited  Liability Company(LLC),178940,178940,Paid in Full,15,143152,,180739.34,Middlesex Savings Bank,unknown,business type 'Limited  Liability Company(LLC)' may use owner income/SE basis,yes,20261007T202810Z,20261007T202838Z
5561078406,biz-237,second draw,PPS,02/08/2021,LUNDY INC.,5 Pinecrest Rd,Hingham,MA,02043-3027,238220,Corporation,280885,280885,Paid in Full,20,280881,,283288.13,South Shore Bank,1348248,"5561078406 (PPS, 02/08/2021): 280,885.00 / 2.5 x 12",yes,20261007T202810Z,20261007T202838Z
7418537108,biz-237,first draw,PPP,04/14/2020,LUNDY INC.,5 PINECREST RD,HINGHAM,MA,02043-3027,238220,Corporation,249100,249100,Paid in Full,25,249100,,251065.12,South Shore Bank,1195680,"7418537108 (PPP, 04/14/2020): 249,100.00 / 2.5 x 12",yes,20261007T202810Z,20261007T202838Z
7446777107,biz-238,first draw,PPP,04/14/2020,TRIANGLE REFRIGERATION AIR CONDITIONING & PLUMBING INC,425 Pleasant Street Suite 22,Fall River,MA,02721,238220,Subchapter S Corporation,186736.42,186736.42,Paid in Full,18,186736.42,,188577.85,Rockland Trust Company,896335,"7446777107 (PPP, 04/14/2020): 186,736.42 / 2.5 x 12",yes,20261007T202810Z,20261007T202838Z
7626587106,biz-239,first draw,PPP,04/14/2020,PREFERRED MECHANICAL SERVICES,223 Center Street,PEMBROKE,MA,02359-2610,238220,Subchapter S Corporation,169055,169055,Paid in Full,14,169055,,170496.66,Rockland Trust Company,811464,"7626587106 (PPP, 04/14/2020): 169,055.00 / 2.5 x 12",yes,20261007T202810Z,20261007T202838Z
1006107202,biz-240,first draw,PPP,04/15/2020,BLUE BEAR PLUMBING INC,100 Corporate Park Drive #1740,PEMBROKE,MA,02359,238220,Corporation,214704.32,214704.32,Paid in Full,26,214704.32,,216726.12,Rockland Trust Company,1030581,"1006107202 (PPP, 04/15/2020): 214,704.32 / 2.5 x 12",yes,20261007T202810Z,20261007T202838Z
1017157201,biz-241,first draw,PPP,04/15/2020,PREFERRED AIR INC,424 B BOSTON STREET,Topsfield,MA,01983,238220,Subchapter S Corporation,463000,463000,Paid in Full,30,463000,,467591.95,"Citizens Bank, National Association",2222400,"1017157201 (PPP, 04/15/2020): 463,000.00 / 2.5 x 12",yes,20261007T202810Z,20261007T202838Z
1029337204,biz-242,first draw,PPP,04/15/2020,"P.J. DIONNE CO., INC.",72 Jonspin Road,Wilmington,MA,01887,238220,Subchapter S Corporation,3333200,3333200,Paid in Full,193,3333200,,3369910.86,"Citizens Bank, National Association",15999360,"1029337204 (PPP, 04/15/2020): 3,333,200.00 / 2.5 x 12",yes,20261007T202810Z,20261007T202838Z
1166967201,biz-243,first draw,PPP,04/15/2020,KJ MILLER MECHANICAL,155 South Row Road,Townsend,MA,01469,238220,Subchapter S Corporation,217900,217900,Paid in Full,13,217900,,220031.24,"Citizens Bank, National Association",1045920,"1166967201 (PPP, 04/15/2020): 217,900.00 / 2.5 x 12",yes,20261007T202810Z,20261007T202838Z
1182517206,biz-244,first draw,PPP,04/15/2020,"RUSTIC FIRE PROTECTION, INC",320 West Main St,Norton,MA,02766,238220,Corporation,899317,899317,Paid in Full,52,899317,,906636.44,Rockland Trust Company,4316722,"1182517206 (PPP, 04/15/2020): 899,317.00 / 2.5 x 12",yes,20261007T202810Z,20261007T202838Z
9041638304,biz-244,second draw,PPS,01/30/2021,RUSTIC FIRE PROTECTION INC,320 W Main St # 0,Norton,MA,02766-2151,238220,Corporation,899317.5,899317.5,Paid in Full,52,899313.5,,906037.4,Rockland Trust Company,4316724,"9041638304 (PPS, 01/30/2021): 899,317.50 / 2.5 x 12",yes,20261007T202810Z,20261007T202838Z
1262307202,biz-245,first draw,PPP,04/15/2020,BAYSIDE MECHANICAL CORP,497 Thomas B. Landers Road,EAST FALMOUTH,MA,02536-4452,238220,Corporation,217938.83,217938.83,Paid in Full,15,217938.83,,219736.83,Rockland Trust Company,1046106,"1262307202 (PPP, 04/15/2020): 217,938.83 / 2.5 x 12",yes,20261007T202810Z,20261007T202838Z
9413858302,biz-245,second draw,PPS,01/30/2021,BAYSIDE MECHANICAL CORP,497 Thomas B Landers Rd # 0,East Falmouth,MA,02536-4452,238220,Corporation,213480,213480,Paid in Full,19,213474,,216474.65,Rockland Trust Company,1024704,"9413858302 (PPS, 01/30/2021): 213,480.00 / 2.5 x 12",yes,20261007T202810Z,20261007T202838Z
1310747200,biz-246,first draw,PPP,04/15/2020,"CARL-LOUIS CO., INC.",104 Victory Rd,Dorchester,MA,02122,238220,Corporation,175300,175300,Paid in Full,10,175300,,176486.28,"Citizens Bank, National Association",841440,"1310747200 (PPP, 04/15/2020): 175,300.00 / 2.5 x 12",yes,20261007T202810Z,20261007T202838Z
1550928408,biz-246,second draw,PPS,02/02/2021,CARL-LOUIS CO. INC.,104 Victory Rd,Dorchester,MA,02122-3544,238220,Corporation,150000,150000,Paid in Full,5,149996,,150789.04,"Citizens Bank, National Association",unknown,implied pay per reported job reaches $100K cap,yes,20261007T202810Z,20261007T202838Z
1986087203,biz-247,first draw,PPP,04/15/2020,SEASIDE GAS SERVICE INC.,67 HELMSMAN DRIVE,YARMOUTH PORT,MA,02675,238220,Subchapter S Corporation,155188,155188,Paid in Full,10,155188,,156554.52,Rockland Trust Company,744902,"1986087203 (PPP, 04/15/2020): 155,188.00 / 2.5 x 12",yes,20261007T202810Z,20261007T202838Z
8027157109,biz-248,first draw,PPP,04/15/2020,NETR LLC,85 Flagship Drive Unit E,North Andover,MA,01845,238220,Limited  Liability Company(LLC),786500,786500,Paid in Full,44,786500,,794839.05,"Citizens Bank, National Association",unknown,business type 'Limited  Liability Company(LLC)' may use owner income/SE basis,yes,20261007T202810Z,20261007T202838Z
8035767104,biz-249,first draw,PPP,04/15/2020,ENTERPRISE EQUIPMENT CO INC,276 Libbey Parkway,Weymouth,MA,02189,238220,Subchapter S Corporation,686700,686700,Paid in Full,29,686700,,690707.32,"Citizens Bank, National Association",unknown,implied pay per reported job reaches $100K cap,yes,20261007T202810Z,20261007T202838Z
8068058400,biz-249,second draw,PPS,02/12/2021,ENTERPRISE EQUIPMENT CO. INC.,276 Libbey Industrial Pkwy,East Weymouth,MA,02189-3102,238220,Subchapter S Corporation,666665,666665,Paid in Full,32,666662,,671202.03,Rockland Trust Company,3199992,"8068058400 (PPS, 02/12/2021): 666,665.00 / 2.5 x 12",yes,20261007T202810Z,20261007T202838Z
8079147108,biz-250,first draw,PPP,04/15/2020,AMERICAN TEST AND BALANCE INC,335R Washington St,Norwell,MA,02061,238220,Subchapter S Corporation,293100,293100,Paid in Full,10,293100,,296416.45,"Citizens Bank, National Association",unknown,implied pay per reported job reaches $100K cap,yes,20261007T202810Z,20261007T202838Z
8083947104,biz-251,first draw,PPP,04/15/2020,"ELMAN PLUMBING CO., INC.",671 Sawmill Brook Parkway,Newton Centre,MA,02459,238220,Subchapter S Corporation,286900,232200,Paid in Full,17,232200,,233551.22,"Citizens Bank, National Association",unknown,current amount differs from initial approval,yes,20261007T202810Z,20261007T202838Z
8085287100,biz-252,first draw,PPP,04/15/2020,A.F. VENTOLIERI PLUMBING & HEATING,P.O. Box 520356,Winthrop,MA,02152,238220,Subchapter S Corporation,191100,191100,Paid in Full,9,191100,,193272.78,"Citizens Bank, National Association",unknown,implied pay per reported job reaches $100K cap,yes,20261007T202810Z,20261007T202838Z
8095347109,biz-253,first draw,PPP,04/15/2020,TC TYNDALL AND CLARK PLUMBING AND HEATING CO,18 ATLANTIC AVE,SOUTH DENNIS,MA,02660,238220,Subchapter S Corporation,183900,183900,Paid in Full,12,183900,,184862.33,"Citizens Bank, National Association",882720,"8095347109 (PPP, 04/15/2020): 183,900.00 / 2.5 x 12",yes,20261007T202810Z,20261007T202838Z
8104777101,biz-254,first draw,PPP,04/15/2020,MINUS ELEVEN INC,70 Finnell Drive Suite 11,WEYMOUTH,MA,02188,238220,Corporation,256300,256300,Paid in Full,15,256300,,258666.39,"Citizens Bank, National Association",1230240,"8104777101 (PPP, 04/15/2020): 256,300.00 / 2.5 x 12",yes,20261007T202810Z,20261007T202838Z
8146947102,biz-255,first draw,PPP,04/15/2020,BUDGE IT DRAINS INC,571 ELM ST unit B,BRIDGEWATER,MA,02324,238220,Corporation,214400,214400,Paid in Full,15,214400,,216303.17,"Citizens Bank, National Association",1029120,"8146947102 (PPP, 04/15/2020): 214,400.00 / 2.5 x 12",yes,20261007T202810Z,20261007T202838Z
8148187103,biz-256,first draw,PPP,04/15/2020,R.P.HOLMES,97 Border Street,West Newton,MA,02465,238220,Subchapter S Corporation,213400,213400,Paid in Full,9,213400,,214715.48,"Citizens Bank, National Association",unknown,implied pay per reported job reaches $100K cap,yes,20261007T202810Z,20261007T202838Z
8560557109,biz-257,first draw,PPP,04/15/2020,J & J HEATING & AC INC.,17 ARLINGTON ST,DRACUT,MA,01826-3952,238220,Corporation,626900,626900,Paid in Full,47,626900,,632396.11,Jeanne D' Arc CU,3009120,"8560557109 (PPP, 04/15/2020): 626,900.00 / 2.5 x 12",yes,20261007T202810Z,20261007T202838Z
8609347107,biz-258,first draw,PPP,04/15/2020,KNEELAND PLUMBING & HEATING INC,63 HAMMOND ST,ROWLEY,MA,01969-1844,238220,Corporation,206470,206470,Paid in Full,12,206470,,208213.52,Brookline Bank,991056,"8609347107 (PPP, 04/15/2020): 206,470.00 / 2.5 x 12",yes,20261007T202810Z,20261007T202838Z
8609587109,biz-259,first draw,PPP,04/15/2020,"JERRY DALEY & SONS PLUMBING & HEATING, INC",91 TYNGSBORO RD,N. CHELMSFORD,MA,01863,238220,Corporation,162640.35,162640.35,Paid in Full,11,162640.35,,163910.28,Washington Savings Bank,780674,"8609587109 (PPP, 04/15/2020): 162,640.35 / 2.5 x 12",yes,20261007T202810Z,20261007T202838Z
7366998306,biz-260,second draw,PPS,01/28/2021,ZONE MECHANICAL INC.,160 Bear Hill Rd,Waltham,MA,02451-1036,238220,Corporation,277300,277300,Paid in Full,14,277297,,278509.34,StonehamBank,1331040,"7366998306 (PPS, 01/28/2021): 277,300.00 / 2.5 x 12",yes,20261007T202810Z,20261007T202838Z
8612297106,biz-260,first draw,PPP,04/15/2020,ZONE MECHANICAL INC,160 Bear Hill Road,WALTHAM,MA,02451-1036,238220,Corporation,279490,279490,Paid in Full,16,279490,,281710.39,StonehamBank,1341552,"8612297106 (PPP, 04/15/2020): 279,490.00 / 2.5 x 12",yes,20261007T202810Z,20261007T202838Z
4680708501,biz-261,second draw,PPS,02/26/2021,MOURADIAN PLUMBING AND HEATING INC,32 Prentiss Rd Ste 204,Arlington,MA,02476-4558,238220,Corporation,158862,158862,Paid in Full,11,158860,,160009.34,"TD Bank, National Association",762538,"4680708501 (PPS, 02/26/2021): 158,862.00 / 2.5 x 12",yes,20261007T202810Z,20261007T202838Z
8680727106,biz-261,first draw,PPP,04/15/2020,MOURADIAN PLUMBING & HEATING INC.,32 Prentiss Rd.,Arlington,MA,02476,238220,Corporation,211870,211870,Paid in Full,11,211870,,214383.01,"TD Bank, National Association",1016976,"8680727106 (PPP, 04/15/2020): 211,870.00 / 2.5 x 12",yes,20261007T202810Z,20261007T202838Z
8708097110,biz-262,first draw,PPP,04/15/2020,PETER GARABEDIAN PLUMBING,208 AUSTIN STREET,WORCESTER,MA,01609,238220,Partnership,375347,375347,Paid in Full,26,375347,,379882.44,"TD Bank, National Association",unknown,business type 'Partnership' may use owner income/SE basis,yes,20261007T202810Z,20261007T202838Z
8818687100,biz-263,first draw,PPP,04/15/2020,"BURNELL CONTROLS, INC.",153 Andover Street Suite 202,DANVERS,MA,01923-1450,238220,Subchapter S Corporation,666466,652044,Paid in Full,31,642044,10000,660484.35,StonehamBank,unknown,EIDL refinance added to loan; current amount differs from initial approval; implied pay per reported job reaches $100K cap,yes,20261007T202810Z,20261007T202838Z
8900317104,biz-264,first draw,PPP,04/15/2020,RACEPOINT ENERGY LLC,886 Main Street,Osterville,MA,02655,238220,Partnership,1041667,1041667,Paid in Full,50,1041667,,1053675.11,"TD Bank, National Association",unknown,business type 'Partnership' may use owner income/SE basis; implied pay per reported job reaches $100K cap,yes,20261007T202810Z,20261007T202838Z
6614848509,biz-265,second draw,PPS,03/04/2021,RST THERMAL INC,372 University Ave # 0,Westwood,MA,02090-2311,238220,Subchapter S Corporation,166967,166967,Paid in Full,9,166965,,168219.25,Rockland Trust Company,801442,"6614848509 (PPS, 03/04/2021): 166,967.00 / 2.5 x 12",yes,20261007T202810Z,20261007T202838Z
8988617104,biz-265,first draw,PPP,04/15/2020,"RST THERMAL, INC",372 University Ave,Westwood,MA,02090,238220,Subchapter S Corporation,198910,198910,Paid in Full,9,198910,,200937.78,Rockland Trust Company,unknown,implied pay per reported job reaches $100K cap,yes,20261007T202810Z,20261007T202838Z
9054057103,biz-266,first draw,PPP,04/15/2020,"RENE L. COTE SONS, INC.",896 MAIN ST,HOLYOKE,MA,01040-7400,238220,Corporation,252107,252107,Paid in Full,12,252107,,,Westfield Bank,unknown,implied pay per reported job reaches $100K cap,yes,20261007T202810Z,20261007T202838Z
2609448700,biz-267,second draw,PPS,03/30/2021,MACDOUGALL PLUMBING & MECHANICAL LLC,406 Libbey Industrial Pkwy # 0,East Weymouth,MA,02189-3134,238220,Corporation,399315,399315,Paid in Full,27,399314,,402165.67,Rockland Trust Company,1916712,"2609448700 (PPS, 03/30/2021): 399,315.00 / 2.5 x 12",yes,20261007T202810Z,20261007T202838Z
9060017109,biz-267,first draw,PPP,04/15/2020,"MACDOUGALL PLUMBING & MECHANICAL, LLC",406 Libbey Industrial Parkway,EAST WEYMOUTH,MA,02189-3106,238220,Corporation,393134.32,393134.32,Paid in Full,30,393134.32,,396847.26,Rockland Trust Company,1887045,"9060017109 (PPP, 04/15/2020): 393,134.32 / 2.5 x 12",yes,20261007T202810Z,20261007T202838Z
9132807110,biz-268,first draw,PPP,04/15/2020,"THOMAS J. KENNEDY PLUMBING, HEATING, & HVAC, INC.",1635 BROADWAY Suite #2,RAYNHAM,MA,02767-1940,238220,Subchapter S Corporation,539000,539000,Paid in Full,42,539000,,545069.29,Bluestone Bank,2587200,"9132807110 (PPP, 04/15/2020): 539,000.00 / 2.5 x 12",yes,20261007T202810Z,20261007T202838Z
9179037101,biz-269,first draw,PPP,04/15/2020,"NORTHSTAR MECHANICAL, INC.",95 CAMELOT DR UNIT 1,PLYMOUTH,MA,02360,238220,Subchapter S Corporation,272000,272000,Paid in Full,17,272000,,273979.56,Rockland Trust Company,1305600,"9179037101 (PPP, 04/15/2020): 272,000.00 / 2.5 x 12",yes,20261007T202810Z,20261007T202838Z
2643138302,biz-270,second draw,PPS,01/21/2021,CONTROLAIR SYSTEMS INC,25 Ray Ave,Burlington,MA,01803-4762,238220,Corporation,658770,658770,Paid in Full,43,658768,,662830.91,"Santander Bank, National Association",3162096,"2643138302 (PPS, 01/21/2021): 658,770.00 / 2.5 x 12",yes,20261007T202810Z,20261007T202838Z
9205897106,biz-270,first draw,PPP,04/15/2020,"CONTROLAIR SYSTEMS, INC.",25 RAY AVE,BURLINGTON,MA,01803,238220,Corporation,658770,658770,Paid in Full,46,658770,,663838.87,"Santander Bank, National Association",3162096,"9205897106 (PPP, 04/15/2020): 658,770.00 / 2.5 x 12",yes,20261007T202810Z,20261007T202838Z
9326867104,biz-271,first draw,PPP,04/15/2020,REID MECHANICAL CORPORATION,27 CHARLES ST #3,NORTH ANDOVER,MA,01845-1664,238220,Corporation,160700,160700,Paid in Full,11,145000,,162673.04,Enterprise Bank and Trust Company,771360,"9326867104 (PPP, 04/15/2020): 160,700.00 / 2.5 x 12",yes,20261007T202810Z,20261007T202838Z
9768127102,biz-272,first draw,PPP,04/15/2020,WILLWERTH PLUMBING & HEATING INC.,126 MAIN ST,NORTH READING,MA,01864-2293,238220,Corporation,154700,154700,Paid in Full,10,154700,,155814.69,East Cambridge Savings Bank,742560,"9768127102 (PPP, 04/15/2020): 154,700.00 / 2.5 x 12",yes,20261007T202810Z,20261007T202838Z
9990147109,biz-273,first draw,PPP,04/15/2020,"ROBIE'S REFRIGERATION, INC.",279 YARMOUTH RD,HYANNIS,MA,02601,238220,Corporation,178260,178260,Paid in Full,33,178260,,180141.63,Eastern Bank,855648,"9990147109 (PPP, 04/15/2020): 178,260.00 / 2.5 x 12",yes,20261007T202810Z,20261007T202838Z
4116488310,biz-274,second draw,PPS,01/22/2021,"ALTERNATIVE CREATIVE ENERGY & HVAC, INC.",55 Union St,Blackstone,MA,01504-1114,238220,Corporation,346400,346400,Paid in Full,28,346399,,348601.78,"Citizens Bank, National Association",1662720,"4116488310 (PPS, 01/22/2021): 346,400.00 / 2.5 x 12",yes,20261007T202810Z,20261007T202838Z
9990767107,biz-274,first draw,PPP,04/15/2020,"ALTERNATIVE CREATIVE ENERGY & HVAC, INC.",55 Union St,Blackstone,MA,01504,238220,Corporation,346400,346400,Paid in Full,30,346400,,349028.84,"Citizens Bank, National Association",1662720,"9990767107 (PPP, 04/15/2020): 346,400.00 / 2.5 x 12",yes,20261007T202810Z,20261007T202838Z
1809568701,biz-275,second draw,PPS,03/27/2021,PREMIER MECHANICAL LLC,220 Commercial St,Boston,MA,02109-1309,238220,Subchapter S Corporation,439900,439900,Paid in Full,19,439898,,442334.52,"Citizens Bank, National Association",unknown,implied pay per reported job reaches $100K cap,yes,20261007T202810Z,20261007T202838Z
2639817208,biz-275,first draw,PPP,04/16/2020,PREMIER MECHANICAL LLC,220 Commercial Street,Boston,MA,02109,238220,Subchapter S Corporation,439900,439900,Paid in Full,19,439900,,443599.98,"Citizens Bank, National Association",unknown,implied pay per reported job reaches $100K cap,yes,20261007T202810Z,20261007T202838Z
2680687208,biz-276,first draw,PPP,04/16/2020,"A AND K PLUMBING AND HEATING, INC.",64 Shirley Avenue,Revere,MA,02151,238220,Subchapter S Corporation,158100,158100,Paid in Full,12,158100,,159150.3,"Citizens Bank, National Association",758880,"2680687208 (PPP, 04/16/2020): 158,100.00 / 2.5 x 12",yes,20261007T202810Z,20261007T202838Z
2904647207,biz-277,first draw,PPP,04/16/2020,"GENNARI PLUMBING & HEATING, INC",305 STOCKBRIDGE RD SUITE 2,GREAT BARRINGTON,MA,01230-1301,238220,Corporation,214900,214900,Paid in Full,12,214900,,217490.74,Greylock FCU,1031520,"2904647207 (PPP, 04/16/2020): 214,900.00 / 2.5 x 12",yes,20261007T202810Z,20261007T202838Z
5201058309,biz-277,second draw,PPS,01/25/2021,GENNARI PLUMBING & HEATING INC.,305 Stockbridge Rd,Great Barrington,MA,01230-1387,238220,Corporation,224900,224900,Paid in Full,12,224894,,227792.46,Greylock FCU,1079520,"5201058309 (PPS, 01/25/2021): 224,900.00 / 2.5 x 12",yes,20261007T202810Z,20261007T202838Z
3052877210,biz-278,first draw,PPP,04/16/2020,DF PLUMBING & MECHANICAL CONTRACTORS,9 STADLER ST,BELCHERTOWN,MA,01007-9448,238220,Limited  Liability Company(LLC),303300,279200,Paid in Full,25,279200,,282697.76,Country Bank for Savings,unknown,business type 'Limited  Liability Company(LLC)' may use owner income/SE basis; current amount differs from initial approval,yes,20261007T202810Z,20261007T202838Z
3112007210,biz-279,first draw,PPP,04/16/2020,"BRENNAN & CO., LLC","79 Madaline Lane 148 Katama Rd Edgrtown, MA",Vineyard Haven,MA,02568,238220,Subchapter S Corporation,227500,227500,Paid in Full,20,227500,,230423.22,Martha's Vineyard Bank,1092000,"3112007210 (PPP, 04/16/2020): 227,500.00 / 2.5 x 12",yes,20261007T202810Z,20261007T202838Z
3314558510,biz-280,second draw,PPS,02/23/2021,NORTHEAST PROCESS SYSTEMS INC,20 Kettle Cove Ln,Gloucester,MA,01930-5105,238220,Corporation,155665,155665,Paid in Full,10,155665,,157004.15,"Santander Bank, National Association",747192,"3314558510 (PPS, 02/23/2021): 155,665.00 / 2.5 x 12",yes,20261007T202810Z,20261007T202838Z
3497667209,biz-280,first draw,PPP,04/27/2020,"NORTHEAST PROCESS SYSTEMS, INC.",20 Kettle Cove Lane,"Gloucester,",MA,01930,238220,Corporation,183765,183765,Paid in Full,11,183765,,185416.37,"Santander Bank, National Association",882072,"3497667209 (PPP, 04/27/2020): 183,765.00 / 2.5 x 12",yes,20261007T202810Z,20261007T202838Z
3597477208,biz-281,first draw,PPP,04/27/2020,"N.B. KENNEY COMPANY, INC.",68 Barnum Road 0,Devens,MA,01434-3508,238220,Subchapter S Corporation,4456300,4456300,Paid in Full,92,4456300,,4505195.51,"Citibank, N.A.",unknown,implied pay per reported job reaches $100K cap,yes,20261007T202810Z,20261007T202838Z
9641668502,biz-281,second draw,PPS,03/12/2021,N.B. KENNEY COMPANY INC.,68 Barnum Rd,Devens,MA,01434-3508,238220,Subchapter S Corporation,2000000,2000000,Paid in Full,112,1999997,,2014111.11,"Citibank, N.A.",unknown,at program cap,yes,20261007T202810Z,20261007T202838Z
3690697209,biz-282,first draw,PPP,04/27/2020,UNITED HVAC CO. INC.,333 Weymouth Sttreet,Rockland,MA,02370,238220,Corporation,1030644,1030644,Paid in Full,18,1030644,,1041402.23,MountainOne Bank,unknown,implied pay per reported job reaches $100K cap,yes,20261007T202810Z,20261007T202838Z
5392708305,biz-282,second draw,PPS,01/25/2021,UNITED HVAC CO. INC.,333 Weymouth Sttreet,Rockland,MA,02370,238220,Corporation,1030644,1030644,Paid in Full,67,1030642,,1038663.26,MountainOne Bank,4947091,"5392708305 (PPS, 01/25/2021): 1,030,644.00 / 2.5 x 12",yes,20261007T202810Z,20261007T202838Z
3719387204,biz-283,first draw,PPP,04/27/2020,"BASNETT PLUMBING & HEATING, INC.",438 KING ST,LITTLETON,MA,01460-1269,238220,Subchapter S Corporation,288100,288100,Paid in Full,20,244200,,291069.03,Enterprise Bank and Trust Company,1382880,"3719387204 (PPP, 04/27/2020): 288,100.00 / 2.5 x 12",yes,20261007T202810Z,20261007T202838Z
3834057205,biz-284,first draw,PPP,04/27/2020,SUPERIOR PLUMBING INC,356 University Ave,WESTWOOD,MA,02090,238220,Corporation,4140000,4140000,Paid in Full,333,4140000,,4187865.21,Rockland FCU,19872000,"3834057205 (PPP, 04/27/2020): 4,140,000.00 / 2.5 x 12",yes,20261007T202810Z,20261007T202838Z
3927367203,biz-285,first draw,PPP,04/27/2020,STEVEN  HENRIQUES,344 John L. Dietsch Blvd. Unit 8238220,ATTLEBORO FALLS,MA,02763,238220,Corporation,309500,309500,Paid in Full,18,309500,,312628.92,Rockland FCU,1485600,"3927367203 (PPP, 04/27/2020): 309,500.00 / 2.5 x 12",yes,20261007T202810Z,20261007T202838Z
3944847207,biz-286,first draw,PPP,04/27/2020,"O'KEEFE PLUMBING & HEATING, INC.",56 PULASKI ST,PEABODY,MA,01960-1888,238220,Subchapter S Corporation,288765,288765,Paid in Full,20,288765,,291500.25,Rockland Trust Company,1386072,"3944847207 (PPP, 04/27/2020): 288,765.00 / 2.5 x 12",yes,20261007T202810Z,20261007T202838Z
4033147202,biz-287,first draw,PPP,04/27/2020,C G MECHANICAL INC,23 BRYANT ST,WOBURN,MA,01801-5621,238220,Corporation,364100,364100,Paid in Full,20,364100,,367821.91,Northern Bank and Trust Company,1747680,"4033147202 (PPP, 04/27/2020): 364,100.00 / 2.5 x 12",yes,20261007T202810Z,20261007T202838Z
4166767204,biz-288,first draw,PPP,04/27/2020,"MORAN SHEET METAL, INC.",613 Meadow Street,AGAWAM,MA,01001-2012,238220,Corporation,276000,276000,Paid in Full,39,276000,,277799.67,PeoplesBank,1324800,"4166767204 (PPP, 04/27/2020): 276,000.00 / 2.5 x 12",yes,20261007T202810Z,20261007T202838Z
4966598304,biz-288,second draw,PPS,01/23/2021,MORAN SHEET METAL INC.,613 Meadow St,Agawam,MA,01001,238220,Corporation,447895,447895,Paid in Full,16,447895,,452398.49,PeoplesBank,unknown,implied pay per reported job reaches $100K cap,yes,20261007T202810Z,20261007T202838Z
2309088501,biz-289,second draw,PPS,02/20/2021,J.F PLUMBING LLC,745 E Squantum St,Quincy,MA,02171-1257,238220,Limited  Liability Company(LLC),289922,289922,Paid in Full,12,289919,,291838.71,Rockland Trust Company,unknown,business type 'Limited  Liability Company(LLC)' may use owner income/SE basis; implied pay per reported job reaches $100K cap,yes,20261007T202810Z,20261007T202838Z
4289747209,biz-289,first draw,PPP,04/27/2020,"J.F PLUMBING, LLC",745 East Squantum Street,QUINCY,MA,02171-1257,238220,Limited  Liability Company(LLC),289922,289922,Paid in Full,55,289922,,293248.05,Rockland Trust Company,unknown,business type 'Limited  Liability Company(LLC)' may use owner income/SE basis,yes,20261007T202810Z,20261007T202838Z
4295307202,biz-290,first draw,PPP,04/27/2020,"GEORGE T. WILKINSON, INC.",405 VFW DRIVE,ROCKLAND,MA,02370,238220,Subchapter S Corporation,1118192,1118192,Paid in Full,65,1118192,0,1123828.91,Webster Bank National Association,5367322,"4295307202 (PPP, 04/27/2020): 1,118,192.00 / 2.5 x 12",yes,20261007T202810Z,20261007T202838Z
4387147210,biz-291,first draw,PPP,04/27/2020,"M.J. MORAN, INC.",4 South Main Street,HAYDENVILLE,MA,01039-9735,238220,Subchapter S Corporation,1108305,1108305,Paid in Full,67,894143,,1113983.17,Florence Bank,5319864,"4387147210 (PPP, 04/27/2020): 1,108,305.00 / 2.5 x 12",yes,20261007T202810Z,20261007T202838Z
5999518303,biz-291,second draw,PPS,01/26/2021,M.J.MORAN INC.,4 S Main St,Haydenville,MA,01039-9735,238220,Subchapter S Corporation,637849.2,637849.2,Paid in Full,41,637844.2,,640365.65,Florence Bank,3061676,"5999518303 (PPS, 01/26/2021): 637,849.20 / 2.5 x 12",yes,20261007T202810Z,20261007T202838Z
4424557204,biz-292,first draw,PPP,04/27/2020,STAR PETROLEUM CO INC,95 Washington Street,Foxboro,MA,02035,238220,Corporation,260900,260900,Paid in Full,25,260900,,264248.22,"TD Bank, National Association",1252320,"4424557204 (PPP, 04/27/2020): 260,900.00 / 2.5 x 12",yes,20261007T202810Z,20261007T202838Z
4471907205,biz-293,first draw,PPP,04/27/2020,LARKIN / HATHAWAY INC.,90  1ST ST,BRIDGEWATER,MA,02324-1070,238220,Corporation,567065,567065,Paid in Full,68,567065,,571958.85,"Abington Bank, A Division of North Shore Bank, a Co-operative Bank",2721912,"4471907205 (PPP, 04/27/2020): 567,065.00 / 2.5 x 12",yes,20261007T202810Z,20261007T202838Z
4606387202,biz-294,first draw,PPP,04/27/2020,"INDUSTRIAL PIPING, INC.",667 Westminster Street,FITCHBURG,MA,01420-4641,238220,Corporation,162075,162075,Paid in Full,20,162075,,163491.49,Fidelity Co-Operative Bank,777960,"4606387202 (PPP, 04/27/2020): 162,075.00 / 2.5 x 12",yes,20261007T202810Z,20261007T202838Z
4877797209,biz-295,first draw,PPP,04/27/2020,ARAUJO BROTHERS PLUMBING & HEATING,"224 Nyes Lane ,",Acushnet,MA,02743,238220,Corporation,1385415,1385415,Paid in Full,75,1385415,,1405797.68,"Santander Bank, National Association",6649992,"4877797209 (PPP, 04/27/2020): 1,385,415.00 / 2.5 x 12",yes,20261007T202810Z,20261007T202838Z
4898567209,biz-296,first draw,PPP,04/27/2020,"BREEN & SULLIVAN MECHANICAL SERVICES, INC",7 HEALY CT,DANVERS,MA,01923-3109,238220,Subchapter S Corporation,1303500,1303500,Paid in Full,94,1303500,,1314941.83,Salem Five Cents Savings Bank,6256800,"4898567209 (PPP, 04/27/2020): 1,303,500.00 / 2.5 x 12",yes,20261007T202810Z,20261007T202838Z
5262347201,biz-297,first draw,PPP,04/27/2020,CHASE PLUMBING COMPANY INC,13 Adams Street,Burlington,MA,01803,238220,Corporation,319318,319318,Paid in Full,25,319318,,322546.17,"Santander Bank, National Association",1532726,"5262347201 (PPP, 04/27/2020): 319,318.00 / 2.5 x 12",yes,20261007T202810Z,20261007T202838Z
2868968501,biz-298,second draw,PPS,02/22/2021,GERMAIN PLUMBING AND HEATING INC,64 Water St,Attleboro,MA,02703-2056,238220,Corporation,180000,180000,Paid in Full,13,179995,,181225,Bristol County Savings Bank,864000,"2868968501 (PPS, 02/22/2021): 180,000.00 / 2.5 x 12",yes,20261007T202810Z,20261007T202838Z
5451897201,biz-298,first draw,PPP,04/27/2020,GERMAIN PLUMBING AND HEATING INC,64 WATER ST,ATTLEBORO,MA,02703,238220,Corporation,180000,180000,Paid in Full,13,180000,,181540,Bristol County Savings Bank,864000,"5451897201 (PPP, 04/27/2020): 180,000.00 / 2.5 x 12",yes,20261007T202810Z,20261007T202838Z
2326668903,biz-299,second draw,PPS,04/26/2021,MANNYS PLUMBING AND HEATING INC,47 Tennis Rd,Agawam,MA,01001-2353,238220,Corporation,237690,237690,Paid in Full,28,237684,,239135.68,Manufacturers and Traders Trust Company,1140912,"2326668903 (PPS, 04/26/2021): 237,690.00 / 2.5 x 12",yes,20261007T202810Z,20261007T202838Z
5521407201,biz-299,first draw,PPP,04/27/2020,"MANNY'S PLUMBING & HEATING, INC.",47 tennis road,AGAWAM,MA,01001-2353,238220,Corporation,237600,237600,Paid in Full,23,237600,,240216.85,Manufacturers and Traders Trust Company,1140480,"5521407201 (PPP, 04/27/2020): 237,600.00 / 2.5 x 12",yes,20261007T202810Z,20261007T202838Z
5584917209,biz-300,first draw,PPP,04/27/2020,K REGAN MECHANICAL INC,10 FEDERAL ST,SALEM,MA,01970-4080,238220,Corporation,422800,422800,Paid in Full,33,400000,,427298.12,Enterprise Bank and Trust Company,2029440,"5584917209 (PPP, 04/27/2020): 422,800.00 / 2.5 x 12",yes,20261007T202810Z,20261007T202838Z
7754358402,biz-300,second draw,PPS,02/12/2021,K. REGAN MECHANICAL INC.,10 Federal St Ste 408,Salem,MA,01970-4080,238220,Corporation,397000,397000,Paid in Full,31,396998,,399448.17,Enterprise Bank and Trust Company,1905600,"7754358402 (PPS, 02/12/2021): 397,000.00 / 2.5 x 12",yes,20261007T202810Z,20261007T202838Z
5689777200,biz-301,first draw,PPP,04/27/2020,"BROUILLETTE HVAC AND SHEET METAL, INC.",13 STEVENS ST,EAST TAUNTON,MA,02718-1026,238220,Corporation,172900,172900,Paid in Full,10,129675,,174720.25,Bristol County Savings Bank,829920,"5689777200 (PPP, 04/27/2020): 172,900.00 / 2.5 x 12",yes,20261007T202810Z,20261007T202838Z
5710307205,biz-302,first draw,PPP,04/27/2020,"MCL MECHANICAL SERVICES, INC.",26 KELSO AVE,WEST SPRINGFIELD,MA,01089-3440,238220,Subchapter S Corporation,513675,513675,Paid in Full,36,513675,,516560.02,Florence Bank,2465640,"5710307205 (PPP, 04/27/2020): 513,675.00 / 2.5 x 12",yes,20261007T202810Z,20261007T202838Z
5731767202,biz-303,first draw,PPP,04/27/2020,GLOBAL MECHANICAL SERVICES INC,5 PERKINS WAY,NEWBURYPORT,MA,01950-4074,238220,Corporation,1367752,1367752,Paid in Full,50,1367752,,1385608.76,UniBank for Savings,unknown,implied pay per reported job reaches $100K cap,yes,20261007T202810Z,20261007T202838Z
5778697202,biz-304,first draw,PPP,04/27/2020,CLIMATE ENGINEERING LLC,142 Bay Rd,Norton,MA,02766-3034,238220,Limited Liability Partnership,198762,185633,Paid in Full,10,185633,,187168.92,North Easton Savings Bank,unknown,business type 'Limited Liability Partnership' may use owner income/SE basis; current amount differs from initial approval,yes,20261007T202810Z,20261007T202838Z
5897187205,biz-305,first draw,PPP,04/27/2020,"POIRIER & SPRINGER, INC.",17E STERLING RD,NORTH BILLERICA,MA,01862,238220,Corporation,571600,571600,Paid in Full,30,571600,,575759.98,Northern Bank and Trust Company,2743680,"5897187205 (PPP, 04/27/2020): 571,600.00 / 2.5 x 12",yes,20261007T202810Z,20261007T202838Z
6048247210,biz-306,first draw,PPP,04/27/2020,WILLIAM F LYNCH CO INC,50 MILLBROOK ST,WORCESTER,MA,01606-2840,238220,Subchapter S Corporation,681200,681200,Paid in Full,29,681200,,688422.59,bankHometown,unknown,implied pay per reported job reaches $100K cap,yes,20261007T202810Z,20261007T202838Z
6127407208,biz-307,first draw,PPP,04/27/2020,PROCESS COOLING SYSTEMS INC,800 RESEARCH DR,LEOMINSTER,MA,01453,238220,Subchapter S Corporation,1082800,1082800,Paid in Full,65,1082800,,1089747.97,Enterprise Bank and Trust Company,5197440,"6127407208 (PPP, 04/27/2020): 1,082,800.00 / 2.5 x 12",yes,20261007T202810Z,20261007T202838Z
1237698709,biz-308,second draw,PPS,03/26/2021,G & G FIRE PROTECTION INC,792 Foundry St S Easton Ma 02375-1310,South Easton,MA,02375-1310,238220,Corporation,179122,179122,Paid in Full,10,179118,,180653.13,Bluestone Bank,859786,"1237698709 (PPS, 03/26/2021): 179,122.00 / 2.5 x 12",yes,20261007T202810Z,20261007T202838Z
6134247206,biz-308,first draw,PPP,04/27/2020,"G & G FIRE PROTECTION, INC",792 Foundry St,SOUTH EASTON,MA,02375-1310,238220,Corporation,179100,179100,Paid in Full,10,179100,,180881.19,Bluestone Bank,859680,"6134247206 (PPP, 04/27/2020): 179,100.00 / 2.5 x 12",yes,20261007T202810Z,20261007T202838Z
3871088503,biz-309,second draw,PPS,02/24/2021,DESIGN FLOW ASSOCIATES LLC,27 Lantern Ln,Halifax,MA,02338-1122,238220,Limited Liability Partnership,267911.35,267911.35,Paid in Full,7,267911.35,,269386.7,North Easton Savings Bank,unknown,business type 'Limited Liability Partnership' may use owner income/SE basis; implied pay per reported job reaches $100K cap,yes,20261007T202810Z,20261007T202838Z
6259227204,biz-309,first draw,PPP,04/27/2020,DESIGN FLOW ASSOCIATES LLC,27 Lantern Ln,Halifax,MA,02338-1122,238220,Limited Liability Partnership,263047,263047,Paid in Full,9,263047,,265929.71,North Easton Savings Bank,unknown,business type 'Limited Liability Partnership' may use owner income/SE basis; implied pay per reported job reaches $100K cap,yes,20261007T202810Z,20261007T202838Z
1039907300,biz-310,first draw,PPP,04/28/2020,"LISCO, INC.",114 POND ST,SEEKONK,MA,02771-3915,238220,Subchapter S Corporation,188000,188000,Paid in Full,19,150400,,189321.22,Bristol County Savings Bank,902400,"1039907300 (PPP, 04/28/2020): 188,000.00 / 2.5 x 12",yes,20261007T202810Z,20261007T202838Z
1200077308,biz-311,first draw,PPP,04/28/2020,APEX CORPORATION,6 Charles St,"Abington,",MA,02351,238220,Corporation,771584,771584,Paid in Full,30,771584,,781075.54,"Santander Bank, National Association",unknown,implied pay per reported job reaches $100K cap,yes,20261007T202810Z,20261007T202838Z
8198398308,biz-311,second draw,PPS,01/29/2021,APEX CORP,56 Charles St,Abington,MA,02351-1808,238220,Corporation,771585,771585,Paid in Full,24,771580,,780653.77,"Santander Bank, National Association",unknown,implied pay per reported job reaches $100K cap,yes,20261007T202810Z,20261007T202838Z
1426317300,biz-312,first draw,PPP,04/28/2020,"PAUL FLAHERTY PLUMBING & HEATING COMPANY, INC.",186 FOUNTAIN ST,FRAMINGHAM,MA,01702-6260,238220,Subchapter S Corporation,324250,324250,Paid in Full,21,286537,,326780.95,Middlesex Savings Bank,1556400,"1426317300 (PPP, 04/28/2020): 324,250.00 / 2.5 x 12",yes,20261007T202810Z,20261007T202838Z
3515728302,biz-312,second draw,PPS,01/22/2021,PAUL FLAHERTY PLUMBING & HEATING INC.,186 Fountain St,Framingham,MA,01702-6260,238220,Subchapter S Corporation,304457,304457,Paid in Full,21,304457,,306063.86,Middlesex Savings Bank,1461394,"3515728302 (PPS, 01/22/2021): 304,457.00 / 2.5 x 12",yes,20261007T202810Z,20261007T202838Z
6421717208,biz-313,first draw,PPP,04/28/2020,FULLIN & BETTENCOURT PLUMBING & HEATING INC,23A N Line Rd,Edgartown,MA,02539-6008,238220,Subchapter S Corporation,264880,264880,Paid in Full,17,264880,,266829.81,The Cape Cod Five Cents Savings Bank,1271424,"6421717208 (PPP, 04/28/2020): 264,880.00 / 2.5 x 12",yes,20261007T202810Z,20261007T202838Z
6479347207,biz-314,first draw,PPP,04/28/2020,BARTLETT AND STEADMAN PLUMBING CORP,67 R Village Street,MARBLEHEAD,MA,01945,238220,Corporation,167100,167100,Paid in Full,12,167100,,169219.65,The National Grand Bank of Marblehead,802080,"6479347207 (PPP, 04/28/2020): 167,100.00 / 2.5 x 12",yes,20261007T202810Z,20261007T202838Z
6912627210,biz-315,first draw,PPP,04/28/2020,"R. A. MECHANICAL, INC.",16 Lomar Park Suite 1,Pepperell,MA,01463,238220,Corporation,165457,165457,Paid in Full,20,165457,,166966.51,"Santander Bank, National Association",794194,"6912627210 (PPP, 04/28/2020): 165,457.00 / 2.5 x 12",yes,20261007T202810Z,20261007T202838Z
7091047209,biz-316,first draw,PPP,04/28/2020,"GRINNELL MECHANICAL, INC.",21 Ray Avenue,BURLINGTON,MA,01803-4720,238220,Corporation,862000,862000,Paid in Full,51,862000,,870548.17,Enterprise Bank and Trust Company,4137600,"7091047209 (PPP, 04/28/2020): 862,000.00 / 2.5 x 12",yes,20261007T202810Z,20261007T202838Z
7177897207,biz-317,first draw,PPP,04/28/2020,"NORTHEAST DISTRIBUTORS, INC",210 Essex Street,Whitman,MA,02382,238220,Corporation,341584,341584,Paid in Full,16,341584,,344962.41,"Santander Bank, National Association",unknown,implied pay per reported job reaches $100K cap,yes,20261007T202810Z,20261007T202838Z
7361837200,biz-318,first draw,PPP,04/28/2020,"BDL HEATING & COOLING, INC.",90 GEORGE LEVEN DR,NORTH ATTLEBORO,MA,02760-6430,238220,Subchapter S Corporation,385100,385100,Paid in Full,34,308158,,387506.88,Bristol County Savings Bank,1848480,"7361837200 (PPP, 04/28/2020): 385,100.00 / 2.5 x 12",yes,20261007T202810Z,20261007T202838Z
7640797204,biz-319,first draw,PPP,04/28/2020,"SEEKONK HEATING SERVICES, INC.",911 Taunton Avenue,Seekonk,MA,02771,238220,Corporation,190896,190896,Paid in Full,8,190896,,192916.32,BayCoast Bank,unknown,implied pay per reported job reaches $100K cap,yes,20261007T202810Z,20261007T202838Z
3169388608,biz-320,second draw,PPS,03/16/2021,MORRIS MECHANICAL SALES AND SERVICE INC.,19 Parker St,Clinton,MA,01510-1905,238220,Corporation,173100,173100,Paid in Full,13,173100,,173792.4,Enterprise Bank and Trust Company,830880,"3169388608 (PPS, 03/16/2021): 173,100.00 / 2.5 x 12",yes,20261007T202810Z,20261007T202838Z
7694297202,biz-320,first draw,PPP,04/28/2020,"MORRIS MECHANICAL SALES AND SERVICE, INC.",15 PARKER ST,CLINTON,MA,01510-1905,238220,Corporation,172900,172900,Paid in Full,12,147800,,174422.48,Enterprise Bank and Trust Company,829920,"7694297202 (PPP, 04/28/2020): 172,900.00 / 2.5 x 12",yes,20261007T202810Z,20261007T202838Z
7779327208,biz-321,first draw,PPP,04/28/2020,"LAKE INDUSTRIES, INC.",41 PLEASANT ST,STONEHAM,MA,02180-3829,238220,Subchapter S Corporation,1375985,1375985,Paid in Full,86,1375985,,1387566.21,Rockland Trust Company,6604728,"7779327208 (PPP, 04/28/2020): 1,375,985.00 / 2.5 x 12",yes,20261007T202810Z,20261007T202838Z
7933827204,biz-322,first draw,PPP,04/28/2020,LAMCO SYSTEMS INC,4 CUMMINGS RD,TYNGSBORO,MA,01879-1406,238220,Subchapter S Corporation,397200,397200,Paid in Full,33,397200,,402220.17,Enterprise Bank and Trust Company,1906560,"7933827204 (PPP, 04/28/2020): 397,200.00 / 2.5 x 12",yes,20261007T202810Z,20261007T202838Z
8245887201,biz-323,first draw,PPP,04/28/2020,"SWAMPSCOTT REFRIGERATION, INC.",163 ESSEX ST,LYNN,MA,01902,238220,Corporation,164465,164465,Paid in Full,10,164465,,165789.86,Eastern Bank,789432,"8245887201 (PPP, 04/28/2020): 164,465.00 / 2.5 x 12",yes,20261007T202810Z,20261007T202838Z
8377607200,biz-324,first draw,PPP,04/28/2020,"KANNAN & PRICONE PLUMBING & HEATING, INC.",3 WEST AYER ST,METHUEN,MA,01844-5509,238220,Subchapter S Corporation,166600,166600,Paid in Full,10,166600,,168816.71,Enterprise Bank and Trust Company,799680,"8377607200 (PPP, 04/28/2020): 166,600.00 / 2.5 x 12",yes,20261007T202810Z,20261007T202838Z
1424278500,biz-325,second draw,PPS,02/18/2021,E L BARRETT COMPANY INC,1147 Hancock St Ste 201,Quincy,MA,02169-4360,238220,Corporation,170550,170550,Paid in Full,10,170550,,171748.59,Eastern Bank,818640,"1424278500 (PPS, 02/18/2021): 170,550.00 / 2.5 x 12",yes,20261007T202810Z,20261007T202838Z
8399847203,biz-325,first draw,PPP,04/28/2020,"E.L. BARRETT COMPANY, INC.",1147 HANCOCK ST,QUINCY,MA,02169,238220,Corporation,170547,170547,Paid in Full,10,170547,,172479.87,Eastern Bank,818626,"8399847203 (PPP, 04/28/2020): 170,547.00 / 2.5 x 12",yes,20261007T202810Z,20261007T202838Z
8580547201,biz-326,first draw,PPP,04/28/2020,MCCORMICK-ALLUM COMPANY INC,165 STAFFORD ST,SPRINGFIELD,MA,01101,238220,Corporation,217500,217500,Paid in Full,26,217500,,219347.26,bankESB,1044000,"8580547201 (PPP, 04/28/2020): 217,500.00 / 2.5 x 12",yes,20261007T202810Z,20261007T202838Z
8944207206,biz-327,first draw,PPP,04/28/2020,MCCLAREN HEATING & AIR CONDITIONING INC,22 Industrial Blvd Unit C,HANSON,MA,02341,238220,Corporation,170563,170563,Paid in Full,16,170563,,172605.02,Rockland Trust Company,818702,"8944207206 (PPP, 04/28/2020): 170,563.00 / 2.5 x 12",yes,20261007T202810Z,20261007T202838Z
9054447200,biz-328,first draw,PPP,04/28/2020,BRUNO BROTHERS PLUMBING & HVAC INC.,10 PATRICK AVE,BILLERICA,MA,01821-5503,238220,Corporation,246700,246700,Paid in Full,80,246700,,249393.14,Enterprise Bank and Trust Company,1184160,"9054447200 (PPP, 04/28/2020): 246,700.00 / 2.5 x 12",yes,20261007T202810Z,20261007T202838Z
1496528502,biz-329,second draw,PPS,02/19/2021,METRO-SWIFT SPRINKLER CORP,58 R PULASKI STREET,PEABODY,MA,01960,238220,Corporation,457667,457667,Paid in Full,33,457667,,460781.68,Rockland Trust Company,2196802,"1496528502 (PPS, 02/19/2021): 457,667.00 / 2.5 x 12",yes,20261007T202810Z,20261007T202838Z
9511317203,biz-329,first draw,PPP,04/28/2020,METRO-SWIFT SPRINKLER CORP.,58 R Pulaski Street,PEABODY,MA,01960-1800,238220,Corporation,457667,457667,Paid in Full,38,457667,,461608.02,Rockland Trust Company,2196802,"9511317203 (PPP, 04/28/2020): 457,667.00 / 2.5 x 12",yes,20261007T202810Z,20261007T202838Z
9599207209,biz-330,first draw,PPP,04/28/2020,"CHILLER TECHNOLOGY, INC",22 6th St STE 4,Woburn,MA,01801,238220,Subchapter S Corporation,350800,350800,Paid in Full,14,350800,,354853.69,Salem Five Cents Savings Bank,unknown,implied pay per reported job reaches $100K cap,yes,20261007T202810Z,20261007T202838Z
1292878805,biz-331,second draw,PPS,04/10/2021,NEW ENGLAND AIR INC,56 Leonard St Ste 3,Foxboro,MA,02035-2939,238220,Corporation,318265,318265,Paid in Full,17,318262,,320439.81,Sharon & Crescent United CU,1527672,"1292878805 (PPS, 04/10/2021): 318,265.00 / 2.5 x 12",yes,20261007T202810Z,20261007T202838Z
9658077208,biz-331,first draw,PPP,04/28/2020,"NEW ENGLAND AIR, INC.",56 Leonard St Suite 3,Foxboro,MA,02035-2939,238220,Corporation,318200,318200,Paid in Full,18,318200,,320613.02,Sharon & Crescent United CU,1527360,"9658077208 (PPP, 04/28/2020): 318,200.00 / 2.5 x 12",yes,20261007T202810Z,20261007T202838Z
1971337301,biz-332,first draw,PPP,04/29/2020,GENERAL AIR-CONDITIONING / HEATING INC,7 Gaston St,DORCHESTER,MA,02121,238220,Corporation,608784,608784,Paid in Full,25,608784,,615205.42,"Bank of America, National Association",unknown,implied pay per reported job reaches $100K cap,yes,20261007T202810Z,20261007T202838Z
5981588402,biz-332,second draw,PPS,02/09/2021,GENERAL AIR-CONDITIONING / HEATING INC,7 Gaston St,Dorchester,MA,02121-1815,238220,Corporation,608785,608785,Paid in Full,27,608785,,614289.08,"Bank of America, National Association",unknown,implied pay per reported job reaches $100K cap,yes,20261007T202810Z,20261007T202838Z
2134687309,biz-333,first draw,PPP,04/29/2020,BARRETT PLUMBING & HEATING INC.,10 Edgerton Dr,NORTH FALMOUTH,MA,02556,238220,Corporation,191600,191600,Paid in Full,17,191600,,193404.23,Rockland Trust Company,919680,"2134687309 (PPP, 04/29/2020): 191,600.00 / 2.5 x 12",yes,20261007T202810Z,20261007T202838Z
2494227304,biz-334,first draw,PPP,04/29/2020,BEDFORD MECHANICAL INC,44 North Rd,Bedford,MA,01730,238220,Corporation,158700,158700,Paid in Full,10,158700,,160473.96,"Citizens Bank, National Association",761760,"2494227304 (PPP, 04/29/2020): 158,700.00 / 2.5 x 12",yes,20261007T202810Z,20261007T202838Z
2780317308,biz-335,first draw,PPP,04/29/2020,"PAPALIA PLUMBING AND HEATING, INC.",1220 LIBERTY SQUARE RD,BOXBOROUGH,MA,01719-1115,238220,Subchapter S Corporation,548400,548400,Paid in Full,40,150000,,553411.77,Middlesex Savings Bank,2632320,"2780317308 (PPP, 04/29/2020): 548,400.00 / 2.5 x 12",yes,20261007T202810Z,20261007T202838Z
2923207308,biz-336,first draw,PPP,04/29/2020,"REDSTONE ENERGY, INC.",3 DABILIS AVE,TYNGSBORO,MA,01879-2458,238220,Corporation,217100,217100,Paid in Full,7,177900,,200496.41,Enterprise Bank and Trust Company,unknown,implied pay per reported job reaches $100K cap,yes,20261007T202810Z,20261007T202838Z
7876278400,biz-336,second draw,PPS,02/12/2021,REDSTONE ENERGY INC.,3 Dabilis Ave,Tyngsboro,MA,01879-2458,238220,Corporation,217100,217100,Paid in Full,12,217096,,219548.41,Enterprise Bank and Trust Company,1042080,"7876278400 (PPS, 02/12/2021): 217,100.00 / 2.5 x 12",yes,20261007T202810Z,20261007T202838Z
3018677303,biz-337,first draw,PPP,04/29/2020,MECHANICAL MANAGEMENT INC,1501 MAIN ST UNIT 27,TEWKSBURY,MA,01876-4725,238220,Corporation,208500,208500,Paid in Full,13,173700,,210446,Enterprise Bank and Trust Company,1000800,"3018677303 (PPP, 04/29/2020): 208,500.00 / 2.5 x 12",yes,20261007T202810Z,20261007T202838Z
3105877302,biz-338,first draw,PPP,04/29/2020,CORPORATE MECHANICAL OF NEW ENGLAND LLC,12 Walnut Hill Park,WOBURN,MA,01801-3754,238220,Limited  Liability Company(LLC),1111305,1111305,Paid in Full,29,1111305,,1122692.07,"Bank of America, National Association",unknown,business type 'Limited  Liability Company(LLC)' may use owner income/SE basis; implied pay per reported job reaches $100K cap,yes,20261007T202810Z,20261007T202838Z
4075507310,biz-339,first draw,PPP,04/29/2020,CHARLES M. MORAN PLUMBING & HEATING CORP,54 ALLEN ST.,CLINTON,MA,01510,238220,Corporation,326250,326250,Paid in Full,25,326250,,329154.97,"Santander Bank, National Association",1566000,"4075507310 (PPP, 04/29/2020): 326,250.00 / 2.5 x 12",yes,20261007T202810Z,20261007T202838Z
4109077300,biz-340,first draw,PPP,04/29/2020,JUNCTION INCORPORATED,"588 Pleasant St, Unit 6",Norwood,MA,02062,238220,Corporation,243860,243700,Paid in Full,23,243700,,246793.64,Needham Bank,unknown,current amount differs from initial approval,yes,20261007T202810Z,20261007T202838Z
4145407300,biz-341,first draw,PPP,04/29/2020,SCHLAGER COMPANY INC,41 MATHEWSON DR STE A,EAST WEYMOUTH,MA,02189-2300,238220,Corporation,622650,622650,Paid in Full,50,622650,,626368.84,"Bank of America, National Association",2988720,"4145407300 (PPP, 04/29/2020): 622,650.00 / 2.5 x 12",yes,20261007T202810Z,20261007T202838Z
4651327303,biz-342,first draw,PPP,04/30/2020,AKIAN PLUMBING LLC,181 SCHOOL ST,WATERTOWN,MA,02472,238220,Limited  Liability Company(LLC),156997,156997,Paid in Full,14,156997,,158671.63,Eastern Bank,unknown,business type 'Limited  Liability Company(LLC)' may use owner income/SE basis,yes,20261007T202810Z,20261007T202838Z
5085847305,biz-343,first draw,PPP,04/30/2020,SYDNEY SHEET METAL,7 Gaston street,Dorchester,MA,02121,238220,Corporation,245000,245000,Paid in Full,8,245000,,249772.47,"Santander Bank, National Association",unknown,implied pay per reported job reaches $100K cap,yes,20261007T202810Z,20261007T202838Z
5403647300,biz-344,first draw,PPP,04/30/2020,UNITED MECHANICAL CONTRACTING INC,145 Newton St. Suite 4,Waltham,MA,02453,238220,Corporation,156480,156480,Paid in Full,12,156480,,157839.02,"Santander Bank, National Association",751104,"5403647300 (PPP, 04/30/2020): 156,480.00 / 2.5 x 12",yes,20261007T202810Z,20261007T202838Z
1764848501,biz-345,second draw,PPS,02/19/2021,D. R. HOWARD INC.,1 Whitney St,Saugus,MA,01906-4387,238220,Corporation,530650,530650,Paid in Full,30,530645,,536958.84,Rockland Trust Company,2547120,"1764848501 (PPS, 02/19/2021): 530,650.00 / 2.5 x 12",yes,20261007T202810Z,20261007T202838Z
5656757307,biz-345,first draw,PPP,04/30/2020,DR HOWARD INC,1 Whitney St,Saugus,MA,01906,238220,Corporation,552148,552148,Paid in Full,26,552148,,560891.6,Customers Bank,unknown,implied pay per reported job reaches $100K cap,yes,20261007T202810Z,20261007T202838Z
6303277304,biz-346,first draw,PPP,04/30/2020,EAST NATIONAL WATER LLC,81 BEECH ST,PALMER,MA,01069,238220,Limited  Liability Company(LLC),187902,187902,Paid in Full,14,187902,,190270.08,Manufacturers and Traders Trust Company,unknown,business type 'Limited  Liability Company(LLC)' may use owner income/SE basis,yes,20261007T202810Z,20261007T202838Z
9571888306,biz-346,second draw,PPS,01/31/2021,EAST NATIONAL WATER LLC,81 Beech St,Palmer,MA,01069-2102,238220,Limited  Liability Company(LLC),187905,187905,Paid in Full,14,187905,,189202.32,Manufacturers and Traders Trust Company,unknown,business type 'Limited  Liability Company(LLC)' may use owner income/SE basis,yes,20261007T202810Z,20261007T202838Z
6592097304,biz-347,first draw,PPP,04/30/2020,"HARDING & SMITH, LLC",200 MAIN ST,WALPOLE,MA,02081-1426,238220,Limited  Liability Company(LLC),385550,385550,Paid in Full,17,370000,,387713.36,Middlesex Savings Bank,unknown,business type 'Limited  Liability Company(LLC)' may use owner income/SE basis; implied pay per reported job reaches $100K cap,yes,20261007T202810Z,20261007T202838Z
6657197301,biz-348,first draw,PPP,04/30/2020,"T. DUPRE COMPANY, LLP",1565 MAIN ST Unit 200,TEWKSBURY,MA,01876-4735,238220,Limited Liability Partnership,230500,230500,Paid in Full,18,201500,,232862.63,Enterprise Bank and Trust Company,unknown,business type 'Limited Liability Partnership' may use owner income/SE basis,yes,20261007T202810Z,20261007T202838Z
6711507300,biz-349,first draw,PPP,04/30/2020,MAJESTIC MECHANICAL CONTRACTORS INC,1921R Main Street,Tewksbury,MA,01876,238220,Corporation,174820,174820,Paid in Full,7,174820,0,176788.52,"Santander Bank, National Association",unknown,implied pay per reported job reaches $100K cap,yes,20261007T202810Z,20261007T202838Z
6850727307,biz-350,first draw,PPP,04/30/2020,"PITTSFIELD PIPERS, INC",73 Fourth Street,Pittsfield,MA,01201,238220,Corporation,569053,569053,Paid in Full,29,569053,,576972.97,Customers Bank,2731454,"6850727307 (PPP, 04/30/2020): 569,053.00 / 2.5 x 12",yes,20261007T202810Z,20261007T202838Z
7827287302,biz-351,first draw,PPP,04/30/2020,Y.G. SERVICES INC,21 CENTRAL TER,AUBURNDALE,MA,02466-2304,238220,Corporation,163822,163822,Paid in Full,14,163822,,165608.33,"Bank of America, National Association",786346,"7827287302 (PPP, 04/30/2020): 163,822.00 / 2.5 x 12",yes,20261007T202810Z,20261007T202838Z
6343728309,biz-352,second draw,PPS,01/26/2021,BACK BAY MECHANICAL CORPORATION,260 Tosca Dr,Stoughton,MA,02072-1506,238220,Corporation,257712,257712,Paid in Full,9,257712,,259237.09,"Santander Bank, National Association",unknown,implied pay per reported job reaches $100K cap,yes,20261007T202810Z,20261007T202838Z
7906437308,biz-352,first draw,PPP,04/30/2020,BACK BAY MECHANICAL CORP.,260 Toasca Drive,Stoughton,MA,02072,238220,Corporation,200000,200000,Paid in Full,10,200000,,201808.22,"Santander Bank, National Association",960000,"7906437308 (PPP, 04/30/2020): 200,000.00 / 2.5 x 12",yes,20261007T202810Z,20261007T202838Z
5001977705,biz-353,first draw,PPP,05/01/2020,GREEN EARTH ENERGY PHOTOVOLTAIC CORPORATION,208 SHAKER RD,LONGMEADOW,MA,01106-2411,238220,Corporation,560299,560299,Charged Off,59,560299,,,"Bank of America, National Association",2689435,"5001977705 (PPP, 05/01/2020): 560,299.00 / 2.5 x 12",yes,20261007T202810Z,20261007T202838Z
5142197700,biz-354,first draw,PPP,05/01/2020,"NICHOLSON PLUMBING, HEATING &AMP; AIR CONDIT",71 WHITNEY ST,HOLLISTON,MA,01746-2010,238220,Corporation,498887,505139,Paid in Full,33,505139,,512695.33,"Bank of America, National Association",unknown,current amount differs from initial approval,yes,20261007T202810Z,20261007T202838Z
5396787700,biz-355,first draw,PPP,05/01/2020,WAREHOUSE MECHANICAL CONTRACTORS INC,342 BRITTON ST,CHICOPEE,MA,01020-4312,238220,Corporation,333740,333740,Paid in Full,18,333740,,336309.34,"Bank of America, National Association",1601952,"5396787700 (PPP, 05/01/2020): 333,740.00 / 2.5 x 12",yes,20261007T202810Z,20261007T202838Z
4954058407,biz-356,second draw,PPS,02/07/2021,CARLYSLE ENGINEERING INC,132 Brookside Ave,Boston,MA,02130-2649,238220,Corporation,2000000,2000000,Paid in Full,103,2000000,,2014410.96,"Bank of America, National Association",unknown,at program cap,yes,20261007T202810Z,20261007T202838Z
5405807707,biz-356,first draw,PPP,05/01/2020,CARLYSLE ENGINEERING INC,132 BROOKSIDE AVE,JAMAICA PLAIN,MA,02130-2649,238220,Corporation,2214387,2214387,Paid in Full,95,2214387,,2239624.94,"Bank of America, National Association",unknown,implied pay per reported job reaches $100K cap,yes,20261007T202810Z,20261007T202838Z
5412567705,biz-357,first draw,PPP,05/01/2020,AUTOMATIC TEMPERATURE CONTROL CORP,86 FINNELL DR STE 1,WEYMOUTH,MA,02188-1100,238220,Corporation,170037,170037,Paid in Full,7,170037,,171346.05,"Bank of America, National Association",unknown,implied pay per reported job reaches $100K cap,yes,20261007T202810Z,20261007T202838Z
5475927703,biz-358,first draw,PPP,05/01/2020,HARRY GRODSKY &AMP; CO INC,33 Shaws Ln,Springfield,MA,01104,238220,Corporation,8255687,8255687,Paid in Full,135,8255687,,8425324.4,"Bank of America, National Association",unknown,implied pay per reported job reaches $100K cap,yes,20261007T202810Z,20261007T202838Z
5864577709,biz-359,first draw,PPP,05/01/2020,GLOVER SHEET METAL INC,44 RIVERDALE AVE,NEWTON,MA,02458-1004,238220,Corporation,214334,214335,Paid in Full,11,214335,,216101.36,"Bank of America, National Association",unknown,current amount differs from initial approval,yes,20261007T202810Z,20261007T202838Z
5013288409,biz-360,second draw,PPS,02/07/2021,E W S PLUMBING & HEATING INC,339 Main St,Monson,MA,01057-1306,238220,Corporation,262315,262315,Paid in Full,18,262313,,263745.16,"Bank of America, National Association",1259112,"5013288409 (PPS, 02/07/2021): 262,315.00 / 2.5 x 12",yes,20261007T202810Z,20261007T202838Z
5917547705,biz-360,first draw,PPP,05/01/2020,E W S PLUMBING & HEATING INC,339 MAIN ST,MONSON,MA,01057-1306,238220,Corporation,298458,298458,Paid in Full,24,298458,,300755.72,"Bank of America, National Association",1432598,"5917547705 (PPP, 05/01/2020): 298,458.00 / 2.5 x 12",yes,20261007T202810Z,20261007T202838Z
5694338405,biz-361,second draw,PPS,02/09/2021,RMN MECHANICAL INC,73 Main St Ste C,Carver,MA,02330-1090,238220,Corporation,183745,183745,Paid in Full,12,183741,,185038.77,"Bank of America, National Association",881976,"5694338405 (PPS, 02/09/2021): 183,745.00 / 2.5 x 12",yes,20261007T202810Z,20261007T202838Z
5981457707,biz-361,first draw,PPP,05/01/2020,RMN MECHANICAL INC,73 MAIN ST STE C,CARVER,MA,02330-1090,238220,Corporation,183742,183742,Paid in Full,12,183742,,186430.17,"Bank of America, National Association",881962,"5981457707 (PPP, 05/01/2020): 183,742.00 / 2.5 x 12",yes,20261007T202810Z,20261007T202838Z
6344707701,biz-362,first draw,PPP,05/01/2020,SWEENEY ROGERS GERAGHTY INC,250 Richmond St,Raynham,MA,02767,238220,Corporation,628587,628587,Paid in Full,30,628587,,635148.41,"Bank of America, National Association",unknown,implied pay per reported job reaches $100K cap,yes,20261007T202810Z,20261007T202838Z
6424587702,biz-363,first draw,PPP,05/01/2020,UNIVERSAL AUTOMATION &AMP; MECHANICAL SERVICES INC,24 Walpole Park South Suite 8,Walpole,MA,02081,238220,Corporation,1288622,1288622,Paid in Full,61,1288622,,1298507.32,"Bank of America, National Association",unknown,implied pay per reported job reaches $100K cap,yes,20261007T202810Z,20261007T202838Z
6516617706,biz-364,first draw,PPP,05/01/2020,BOSTON COOLING &AMP; HEATING CO INC,588 PLEASANT ST STE 1,NORWOOD,MA,02062-4553,238220,Corporation,235464,235464,Paid in Full,14,235464,,236986.45,"Bank of America, National Association",1130227,"6516617706 (PPP, 05/01/2020): 235,464.00 / 2.5 x 12",yes,20261007T202810Z,20261007T202838Z
6534547702,biz-365,first draw,PPP,05/01/2020,G &AMP; G MECHANICAL INC,1 E MELVIN ST,WAKEFIELD,MA,01880,238220,Corporation,546475,546475,Paid in Full,34,546475,,550682.11,"Bank of America, National Association",2623080,"6534547702 (PPP, 05/01/2020): 546,475.00 / 2.5 x 12",yes,20261007T202810Z,20261007T202838Z
7057737701,biz-366,first draw,PPP,05/01/2020,CARLSON HVAC INC,251 OLD CONCORD RD,BILLERICA,MA,01821-3496,238220,Corporation,196250,165959,Paid in Full,10,165959,,167223.02,"Bank of America, National Association",unknown,current amount differs from initial approval,yes,20261007T202810Z,20261007T202838Z
3120418603,biz-367,second draw,PPS,03/16/2021,PERFORMANCE AIR CONDITIONING INC,52 Brook Rd,Needham,MA,02494-2929,238220,Corporation,194602,194602,Paid in Full,6,194600,,195801.6,"Bank of America, National Association",unknown,implied pay per reported job reaches $100K cap,yes,20261007T202810Z,20261007T202838Z
8092237301,biz-367,first draw,PPP,05/01/2020,PERFORMANCE AIR CONDITIONING INC,52 Brook Rd,NEEDHAM HEIGHTS,MA,02494-2929,238220,Corporation,194602,194602,Paid in Full,6,194602,,198637.99,"Bank of America, National Association",unknown,implied pay per reported job reaches $100K cap,yes,20261007T202810Z,20261007T202838Z
8215427300,biz-368,first draw,PPP,05/01/2020,"BRADY COMPANIES, INC.",225  STEDMAN ST Unit 9/10,LOWELL,MA,01851-2700,238220,Corporation,176900,176900,Paid in Full,10,176900,,179229.18,Primary Bank,849120,"8215427300 (PPP, 05/01/2020): 176,900.00 / 2.5 x 12",yes,20261007T202810Z,20261007T202838Z
8971727705,biz-369,first draw,PPP,05/01/2020,CLIMATE TECHNOLOGIES INC (UNIQUE INDOOR COMFORT),77 Alexander Rd  9,Billerica,MA,01821,238220,Corporation,202500,202500,Paid in Full,16,202500,,203942.47,"Citizens Bank, National Association",972000,"8971727705 (PPP, 05/01/2020): 202,500.00 / 2.5 x 12",yes,20261007T202810Z,20261007T202838Z
9182487707,biz-370,first draw,PPP,05/01/2020,BURNS MECHANICAL CORP,110 Rear Columbus Ave,Waltham,MA,02451,238220,Corporation,184500,184500,Paid in Full,12,184500,,185986.11,"Citizens Bank, National Association",885600,"9182487707 (PPP, 05/01/2020): 184,500.00 / 2.5 x 12",yes,20261007T202810Z,20261007T202838Z
9492647310,biz-371,first draw,PPP,05/02/2020,"CENTRAL SYSTEMS COMPANY, INC.",865 BEDFORD ST,BRIDGEWATER,MA,02324,238220,Corporation,153212,153212,Paid in Full,8,153212,,154782.42,Eastern Bank,735418,"9492647310 (PPP, 05/02/2020): 153,212.00 / 2.5 x 12",yes,20261007T202810Z,20261007T202838Z
5840867708,biz-372,first draw,PPP,05/03/2020,PERFORMANCE PIPING INC,52 BROOK RD,NEEDHAM,MA,02494-2929,238220,Corporation,399588,570652,Paid in Full,23,570652,,580110.75,"Bank of America, National Association",unknown,current amount differs from initial approval; implied pay per reported job reaches $100K cap,yes,20261007T202810Z,20261007T202838Z
8894328400,biz-372,second draw,PPS,02/14/2021,PERFORMANCE PIPING INC,52 Brook Rd,Needham,MA,02494-2929,238220,Corporation,570652,570652,Paid in Full,13,570650,,579297.77,"Bank of America, National Association",unknown,implied pay per reported job reaches $100K cap,yes,20261007T202810Z,20261007T202838Z
2731828809,biz-373,second draw,PPS,04/13/2021,A I M PLUMBING & HEATING,104 Copicut Rd,Assonet,MA,02702-1733,238220,Corporation,209725,209725,Paid in Full,17,209723,,211350.37,Eastern Bank,1006680,"2731828809 (PPS, 04/13/2021): 209,725.00 / 2.5 x 12",yes,20261007T202810Z,20261007T202838Z
2891407401,biz-373,first draw,PPP,05/06/2020,"A.I.M. PLUMBING & HEATING, INC.",6 COPICUT RD,ASSONET,MA,02702,238220,Corporation,209722,209722,Paid in Full,8,209722,,211924.08,Eastern Bank,unknown,implied pay per reported job reaches $100K cap,yes,20261007T202810Z,20261007T202838Z
2814278402,biz-374,second draw,PPS,02/04/2021,COMMONWEALTH VENTILATION SYSTEMS INC,72 Sharp St Ste C1,Hingham,MA,02043-4364,238220,Limited  Liability Company(LLC),954465,954465,Paid in Full,62,954464,,962577.95,Rockland Trust Company,unknown,business type 'Limited  Liability Company(LLC)' may use owner income/SE basis,yes,20261007T202810Z,20261007T202838Z
5047467406,biz-374,first draw,PPP,05/11/2020,COMMONWEALTH VENTILATION SYSTEMS INC,72 SHARP ST UNIT C-1,HINGHAM,MA,02043,238220,Limited  Liability Company(LLC),954465.35,954465.35,Paid in Full,62,954465.35,,965627.29,Rockland Trust Company,unknown,business type 'Limited  Liability Company(LLC)' may use owner income/SE basis,yes,20261007T202810Z,20261007T202838Z
6012937410,biz-375,first draw,PPP,05/13/2020,AVILA PLUMBING AND HEATING INC,112 Cross Street,lawrence,MA,01841,238220,Corporation,348490,348490,Paid in Full,20,348490,0,353588.46,"Santander Bank, National Association",1672752,"6012937410 (PPP, 05/13/2020): 348,490.00 / 2.5 x 12",yes,20261007T202810Z,20261007T202838Z
3755457808,biz-376,first draw,PPP,05/27/2020,OBIE MECHANICAL SERVICES INC,82 HERBERT ST,FRAMINGHAM,MA,01702,238220,Subchapter S Corporation,281100,281100,Paid in Full,18,281100,,283294.89,"Citizens Bank, National Association",1349280,"3755457808 (PPP, 05/27/2020): 281,100.00 / 2.5 x 12",yes,20261007T202810Z,20261007T202838Z
4114188310,biz-376,second draw,PPS,01/22/2021,OBIE MECHANICAL SERVICES INC,82 Herbert St Unit 1E,Framingham,MA,01702-8772,238220,Subchapter S Corporation,281100,281100,Paid in Full,16,281100,,282778.9,"Citizens Bank, National Association",1349280,"4114188310 (PPS, 01/22/2021): 281,100.00 / 2.5 x 12",yes,20261007T202810Z,20261007T202838Z
1927518208,biz-377,first draw,PPP,07/31/2020,HARWICH PORT HEATING & COOLING LLC,461 Lower County Road,Harwich Port,MA,02646,238220,Limited  Liability Company(LLC),911275,911275,Paid in Full,70,911275,,899542.5,The Cooperative Bank of Cape Cod,unknown,business type 'Limited  Liability Company(LLC)' may use owner income/SE basis,yes,20261007T202810Z,20261007T202838Z
1137878304,biz-378,second draw,PPS,01/16/2021,J D HALL CORPORATION,11 River St Ste 1,Middleton,MA,01949-2429,238220,Corporation,277089.92,277089.92,Paid in Full,23,277087.92,,279506.76,Reading Co-Operative Bank,1330032,"1137878304 (PPS, 01/16/2021): 277,089.92 / 2.5 x 12",yes,20261007T202810Z,20261007T202838Z
2275418309,biz-379,second draw,PPS,01/20/2021,PLATINUM FIRE PROTECTION & SERVICES LLC,237 Cedar Hill St,Marlborough,MA,01752-4173,238220,Limited  Liability Company(LLC),1225000,1225000,Paid in Full,105,1224999,,1236780.14,bankHometown,unknown,business type 'Limited  Liability Company(LLC)' may use owner income/SE basis,yes,20261007T202810Z,20261007T202838Z
2587208304,biz-380,second draw,PPS,01/21/2021,"COTTI-JOHNSON HVAC, INC.",30 Waverly St,Taunton,MA,02780-1460,238220,Corporation,634282,634282,Paid in Full,49,634279,,639761.49,Coastal1 Credit Union,3044554,"2587208304 (PPS, 01/21/2021): 634,282.00 / 2.5 x 12",yes,20261007T202810Z,20261007T202838Z
2754118310,biz-381,second draw,PPS,01/21/2021,KARPOUZIS COMMERCIAL REFRIGERATION INC.,875 Waverley St,Framingham,MA,01702-6812,238220,Corporation,275892.6,275892.6,Paid in Full,19,275892.6,,277419.46,MutualOne Bank,1324284,"2754118310 (PPS, 01/21/2021): 275,892.60 / 2.5 x 12",yes,20261007T202810Z,20261007T202838Z
3683718309,biz-382,second draw,PPS,01/22/2021,HANLON SHEET METAL CONTRACTORS INC.,28 Nashua Rd Ste A,North Billerica,MA,01862-2071,238220,Corporation,524067,524067,Paid in Full,41,524066,,526206.34,The Lowell Five Cent Savings Bank,2515522,"3683718309 (PPS, 01/22/2021): 524,067.00 / 2.5 x 12",yes,20261007T202810Z,20261007T202838Z
3781818308,biz-383,second draw,PPS,01/22/2021,WARREN ENTERPRISES INC.,271 Milton St,Dedham,MA,02026-2917,238220,Corporation,243318.97,243318.97,Paid in Full,14,243316.97,,244525.57,Dedham Institution for Savings,1167931,"3781818308 (PPS, 01/22/2021): 243,318.97 / 2.5 x 12",yes,20261007T202810Z,20261007T202838Z
4022178310,biz-384,second draw,PPS,01/22/2021,MONAHAN TECHNOLOGIES INC.,525 Woburn St Ste 2,Tewksbury,MA,01876-3432,238220,Corporation,293600,293600,Paid in Full,21,293597,,295433.99,The Lowell Five Cent Savings Bank,1409280,"4022178310 (PPS, 01/22/2021): 293,600.00 / 2.5 x 12",yes,20261007T202810Z,20261007T202838Z
4686068304,biz-385,second draw,PPS,01/23/2021,TCA SOLUTIONS LLC,39 State St,Newburyport,MA,01950-6609,238220,Limited  Liability Company(LLC),182500,182500,Paid in Full,11,182496,,184020.83,Newburyport Five Cents Savings Bank,unknown,business type 'Limited  Liability Company(LLC)' may use owner income/SE basis,yes,20261007T202810Z,20261007T202838Z
5996538303,biz-386,second draw,PPS,01/26/2021,INTERSTATE MECHANICAL SERVUCES INC,292 Page St,Stoughton,MA,02072-1136,238220,Corporation,450100,414300,Paid in Full,16,414300,,420236.41,"Leader Bank, National Association",unknown,current amount differs from initial approval; implied pay per reported job reaches $100K cap,yes,20261007T202810Z,20261007T202838Z
6307148304,biz-387,second draw,PPS,01/26/2021,NELSON MECHANICAL DESIGN INC.,455 State Rd,Vineyard Haven,MA,02568-5695,238220,Corporation,377200,377200,Paid in Full,23,377196,,379153.17,Martha's Vineyard Bank,1810560,"6307148304 (PPS, 01/26/2021): 377,200.00 / 2.5 x 12",yes,20261007T202810Z,20261007T202838Z
7386378305,biz-388,second draw,PPS,01/28/2021,MPK ENTERPRISES INC.,225 New Boston St,Woburn,MA,01801-6214,238220,Subchapter S Corporation,1238495,1238495,Paid in Full,62,1238491,,1243001.75,Eastern Bank,5944776,"7386378305 (PPS, 01/28/2021): 1,238,495.00 / 2.5 x 12",yes,20261007T202810Z,20261007T202838Z
7445548309,biz-389,second draw,PPS,01/28/2021,JSD MECHANICAL INC,43 Sheridan St,Chicopee,MA,01020-2723,238220,Corporation,185240,185240,Paid in Full,19,185235,,187330.93,Manufacturers and Traders Trust Company,889152,"7445548309 (PPS, 01/28/2021): 185,240.00 / 2.5 x 12",yes,20261007T202810Z,20261007T202838Z
3190458403,biz-390,second draw,PPS,02/04/2021,GUSTAVO PRESTON COMPANY INC.,23 Industrial Ave,Chelmsford,MA,01824-3611,238220,Corporation,1069725,1069725,Paid in Full,63,1069720,,1075938.2,The Lowell Five Cent Savings Bank,5134680,"3190458403 (PPS, 02/04/2021): 1,069,725.00 / 2.5 x 12",yes,20261007T202810Z,20261007T202838Z
3391478405,biz-391,second draw,PPS,02/04/2021,THE TOWNSEND GROUP INC.,815 Woburn St,Wilmington,MA,01887-3414,238220,Corporation,283593.03,283593.03,Paid in Full,14,283588.03,,284727.4,Eastern Bank,1361247,"3391478405 (PPS, 02/04/2021): 283,593.03 / 2.5 x 12",yes,20261007T202810Z,20261007T202838Z
4238848407,biz-392,second draw,PPS,02/06/2021,DAVID FREDENBURGH,9 Stadler St,Belchertown,MA,01007-9448,238220,Limited  Liability Company(LLC),279200,279200,Paid in Full,22,279198,,281643,Country Bank for Savings,unknown,business type 'Limited  Liability Company(LLC)' may use owner income/SE basis,yes,20261007T202810Z,20261007T202838Z
6189388402,biz-393,second draw,PPS,02/10/2021,G & G MECHANICAL INC,1 Melvin St,Wakefield,MA,01880-2577,238220,Corporation,546475,546475,Paid in Full,33,546473,,549619.1,"Bank of America, National Association",2623080,"6189388402 (PPS, 02/10/2021): 546,475.00 / 2.5 x 12",yes,20261007T202810Z,20261007T202838Z
8060998406,biz-394,second draw,PPS,02/12/2021,PINNACLE PIPING AND SERVICE CORPORATION,950 Dorchester Ave Ste 103,Dorchester,MA,02125-1272,238220,Subchapter S Corporation,827495,827495,Paid in Full,29,827490,,832299.07,South Shore Bank,unknown,implied pay per reported job reaches $100K cap,yes,20261007T202810Z,20261007T202838Z
8854578400,biz-395,second draw,PPS,02/14/2021,CAPAVI-USA INC,271 Salem St Ste K,Woburn,MA,01801-2004,238220,Corporation,455500,455500,Paid in Full,20,455495,,457587.71,Enterprise Bank and Trust Company,unknown,implied pay per reported job reaches $100K cap,yes,20261007T202810Z,20261007T202838Z
1538388507,biz-396,second draw,PPS,02/19/2021,UNIVERSAL AUTOMATION & MECHANICAL SERVICES INC.,24 Walpole Park S Ste 8,Walpole,MA,02081-2541,238220,Corporation,1288632,1288632,Paid in Full,34,1288632,,1301800.76,"Bank of America, National Association",unknown,implied pay per reported job reaches $100K cap,yes,20261007T202810Z,20261007T202838Z
1628068509,biz-397,second draw,PPS,02/19/2021,BAYSTATE AIR INC.,20 Terry Ave,Burlington,MA,01803-2516,238220,Corporation,962002.73,962002.73,Paid in Full,47,962002.73,,972157.2,Eastern Bank,4617613,"1628068509 (PPS, 02/19/2021): 962,002.73 / 2.5 x 12",yes,20261007T202810Z,20261007T202838Z
2614118504,biz-398,second draw,PPS,02/20/2021,BOSTON STANDARD PLUMBING HEATING & COOLING,41 Hollingsworth St,Mattapan,MA,02126-2019,238220,Corporation,574192,574192,Paid in Full,41,574187,,576696.12,BayCoast Bank,2756122,"2614118504 (PPS, 02/20/2021): 574,192.00 / 2.5 x 12",yes,20261007T202810Z,20261007T202838Z
3961078504,biz-399,second draw,PPS,02/24/2021,J.J. SULLIVAN PLUMBING & HEATING CO. INC.,8 Micro Dr,Woburn,MA,01801-5702,238220,Corporation,223572.17,223572.17,Paid in Full,17,223570.17,,224863.92,Eastern Bank,1073146,"3961078504 (PPS, 02/24/2021): 223,572.17 / 2.5 x 12",yes,20261007T202810Z,20261007T202838Z
5404808505,biz-400,second draw,PPS,02/27/2021,WAMBOLT PLUMBING AND HEATING CORP,11 Wadsworth Ave,Waltham,MA,02453-5012,238220,Corporation,154502,154502,Paid in Full,12,154499,,155424.78,"Bank of America, National Association",741610,"5404808505 (PPS, 02/27/2021): 154,502.00 / 2.5 x 12",yes,20261007T202810Z,20261007T202838Z
5680118506,biz-401,second draw,PPS,03/01/2021,WEST MECHANICAL INC,1000 Turnpike St,Canton,MA,02021-2839,238220,Corporation,262500,262500,Paid in Full,15,262498,,263657.88,"Santander Bank, National Association",1260000,"5680118506 (PPS, 03/01/2021): 262,500.00 / 2.5 x 12",yes,20261007T202810Z,20261007T202838Z
7352658504,biz-402,second draw,PPS,03/05/2021,MAJESTIC MECHANICAL CONTRACTOR,1921 Main St,Tewksbury,MA,01876-2192,238220,Corporation,192845,192845,Paid in Full,15,192843,,193663.93,"Santander Bank, National Association",925656,"7352658504 (PPS, 03/05/2021): 192,845.00 / 2.5 x 12",yes,20261007T202810Z,20261007T202838Z
8389238505,biz-403,second draw,PPS,03/09/2021,DRAIN DOCTOR INC.,612 Broadway,Somerville,MA,02145-2562,238220,Corporation,275134.62,275134.62,Paid in Full,18,275134.62,,277824.83,Eastern Bank,1320646,"8389238505 (PPS, 03/09/2021): 275,134.62 / 2.5 x 12",yes,20261007T202810Z,20261007T202838Z
1098948602,biz-404,second draw,PPS,03/12/2021,MCDONALD HEATING AIR CONDITIONING AND PLUMBING INC.,200 Auburn St,Auburn,MA,01501-1612,238220,Corporation,322800,322800,Paid in Full,20,322798,,325319.63,Cornerstone Bank,1549440,"1098948602 (PPS, 03/12/2021): 322,800.00 / 2.5 x 12",yes,20261007T202810Z,20261007T202838Z
9775298504,biz-405,second draw,PPS,03/12/2021,MPC SERVICES INC.,14 Deborah Dr,Sutton,MA,01590-2510,238220,Corporation,335565.82,335565.82,Paid in Full,24,335559.82,,338719.22,bankHometown,1610716,"9775298504 (PPS, 03/12/2021): 335,565.82 / 2.5 x 12",yes,20261007T202810Z,20261007T202838Z
2588778607,biz-406,second draw,PPS,03/15/2021,BEACON PIPING COMPANY,45 Industrial Dr,Canton,MA,02021-2801,238220,Subchapter S Corporation,1183327,1183327,Paid in Full,177,1183327,,1193451.02,Rockland Trust Company,5679970,"2588778607 (PPS, 03/15/2021): 1,183,327.00 / 2.5 x 12",yes,20261007T202810Z,20261007T202838Z
2904798605,biz-407,first draw,PPP,03/16/2021,ULTRA SERVICES INC.,8 Cook St,Billerica,MA,01821-6064,238220,Subchapter S Corporation,1027300,1027300,Paid in Full,42,1027294,,1034034.52,Enterprise Bank and Trust Company,unknown,implied pay per reported job reaches $100K cap,yes,20261007T202810Z,20261007T202838Z
3302078609,biz-408,second draw,PPS,03/16/2021,THOMAS J KENNEDY PLUMBING HEATING & HV,1635 Broadway Ste 2 Raynham Ma 02767-1940,Raynham,MA,02767-1940,238220,Subchapter S Corporation,507950,507950,Paid in Full,45,507946,,512486.76,Bluestone Bank,2438160,"3302078609 (PPS, 03/16/2021): 507,950.00 / 2.5 x 12",yes,20261007T202810Z,20261007T202838Z
4306018604,biz-409,second draw,PPS,03/18/2021,REID MECHANICAL CORP./RMC,27 Charles St Ste 3,North Andover,MA,01845-1664,238220,Corporation,160337,160337,Paid in Full,11,160334,,161717.68,Enterprise Bank and Trust Company,769618,"4306018604 (PPS, 03/18/2021): 160,337.00 / 2.5 x 12",yes,20261007T202810Z,20261007T202838Z
5780968609,biz-410,second draw,PPS,03/20/2021,MCCORMICK-ALLUM CO. INC.,165 Stafford St,Springfield,MA,01104-3503,238220,Corporation,456249.07,456249.07,Paid in Full,28,456248.07,,459224.06,bankESB,2189996,"5780968609 (PPS, 03/20/2021): 456,249.07 / 2.5 x 12",yes,20261007T202810Z,20261007T202838Z
2412828703,biz-411,second draw,PPS,03/29/2021,PINNACLE CONSTRUCTION SERVICES LLC,950 Dorchester Ave Ste 103,Dorchester,MA,02125-1272,238220,Limited  Liability Company(LLC),817202,817202,Paid in Full,26,817199,,821900.91,South Shore Bank,unknown,business type 'Limited  Liability Company(LLC)' may use owner income/SE basis; implied pay per reported job reaches $100K cap,yes,20261007T202810Z,20261007T202838Z
2946928703,biz-412,second draw,PPS,03/30/2021,EVOLVED MECHANICAL LLC,650 Broadway,Malden,MA,02148-2040,238220,Limited  Liability Company(LLC),150000,150000,Paid in Full,13,149998,,150804.17,Eastern Bank,unknown,business type 'Limited  Liability Company(LLC)' may use owner income/SE basis,yes,20261007T202810Z,20261007T202838Z
3873758703,biz-413,second draw,PPS,03/31/2021,MANCINI SHEET METAL INC,9 Innis Dr,Billerica,MA,01821-2604,238220,Corporation,340672,340672,Paid in Full,20,340670,,342790.7,"Santander Bank, National Association",1635226,"3873758703 (PPS, 03/31/2021): 340,672.00 / 2.5 x 12",yes,20261007T202810Z,20261007T202838Z
4254658801,biz-414,first draw,PPP,04/16/2021,RANCO ENTERPRISES INC,100 Hicks Ave,Medford,MA,02155-6319,238220,Corporation,238190.68,238190.68,Paid in Full,17,238188.68,,240764.46,Eastern Bank,1143315,"4254658801 (PPP, 04/16/2021): 238,190.68 / 2.5 x 12",yes,20261007T202810Z,20261007T202838Z
9038518803,biz-415,second draw,PPS,04/23/2021,A&E FIRE PROTECTION INC.,25 North St,Canton,MA,02021-3338,238220,Subchapter S Corporation,990897.18,990897.18,Paid in Full,102,990892.18,,998356.43,Commonwealth Cooperative Bank,4756306,"9038518803 (PPS, 04/23/2021): 990,897.18 / 2.5 x 12",yes,20261007T202810Z,20261007T202838Z
8109508902,biz-416,second draw,PPS,05/11/2021,US AIR CONDITIONING HEAT,1126 Main St,Weymouth,MA,02190-1511,238220,Corporation,499115,499115,Paid in Full,18,499111,,502650.4,Eastern Bank,unknown,implied pay per reported job reaches $100K cap,yes,20261007T202810Z,20261007T202838Z
