biz_id,plan_id,match_confidence,match_evidence,form,dataset_year,ack_id,plan_name,sponsor_name,sponsor_dba,sponsor_ein,sponsor_state,plan_year_begin,plan_year_end,filing_date_received,active_participants_eoy,retirement_codes,pension_codes_all,final_filing,amended,filing_status,source_id,source_url,source_sha256
biz-001,351987544-001,low (review),"sponsor name 'CPS, INC.' matches; sponsor address differs (4611 LISBORN DR. SUITE 100, CARMEL IN 46033)",5500-SF,2024,20251001101728NAL0005870387001,"CPS, INC. 401(K) PROFIT SHARING PLAN","CPS, INC.",,351987544,IN,2024-01-01,2024-12-31,2025-10-01,4,2E 2G 2J 2K 2R 2T,2E2G2J2K2R2T3D,0,0,FILING_RECEIVED,DOL_FORM_5500_SF_2024,https://askebsa.dol.gov/FOIA%20Files/2024/Latest/F_5500_SF_2024_Latest.zip,11370908e2bbc78d1d418b2f2a2177875e0524c12b69a181432d6fd65a5966c3
biz-001,351987544-002,low (review),"sponsor name 'CPS, INC.' matches; sponsor address differs (4611 LISBORN DRIVE, CARMEL IN 46033)",5500-SF,2024,20251001131022NAL0005938355001,"CPS, INC. CASH BALANCE PLAN","CPS, INC.",,351987544,IN,2024-01-01,2024-12-31,2025-10-01,3,1A 1C 1D,1A1C1D,0,0,FILING_RECEIVED,DOL_FORM_5500_SF_2024,https://askebsa.dol.gov/FOIA%20Files/2024/Latest/F_5500_SF_2024_Latest.zip,11370908e2bbc78d1d418b2f2a2177875e0524c12b69a181432d6fd65a5966c3
biz-001,450351556-002,low (review),"sponsor name 'CPS LTD' matches; sponsor address differs (308 2ND AVE N # 101, GRAND FORKS ND 582033732)",5500-SF,2024,20250421102033NAL0006610898001,"CPS, LTD 401(K) PLAN",CPS LTD,,450351556,ND,2024-01-01,2024-12-31,2025-04-21,17,2E 2F 2G 2J 2K 2T,2E2F2G2J2K2T3D,0,0,FILING_RECEIVED,DOL_FORM_5500_SF_2024,https://askebsa.dol.gov/FOIA%20Files/2024/Latest/F_5500_SF_2024_Latest.zip,11370908e2bbc78d1d418b2f2a2177875e0524c12b69a181432d6fd65a5966c3
biz-001,450351556-002,low (review),"sponsor name 'CPS, LTD' matches; sponsor address differs (308 2ND AVE N # 101, GRAND FORKS ND 582033732)",5500-SF,2025,20260520133242NAL0003443170001,"CPS, LTD 401(K) PLAN","CPS, LTD",,450351556,ND,2025-01-01,2025-12-31,2026-05-20,16,2E 2F 2G 2J 2K 2T,2E2F2G2J2K2T3D,0,0,FILING_RECEIVED,DOL_FORM_5500_SF_2025,https://askebsa.dol.gov/FOIA%20Files/2025/Latest/F_5500_SF_2025_Latest.zip,2db4677bd93455ccc082d378fdd56594ac90ca0fc6f2da1639a15aea8ed3e94d
biz-001,860745045-001,low (review),"sponsor name 'CPS, INC.' matches; sponsor address differs (645 E MISSOURI AVE, #119, PHOENIX AZ 85012)",5500,2024,20251014135143NAL0001455107001,CONSOLIDATED PERSONNEL SERVICES 401(K) PROFIT SHARING PLAN,"CPS, INC.",,860745045,AZ,2024-01-01,2024-12-31,2025-10-14,1412,2A 2E 2F 2G 2J 2K 2T 2V,2A2E2F2G2J2K2T3D2V,0,0,FILING_RECEIVED,DOL_FORM_5500_2024,https://askebsa.dol.gov/FOIA%20Files/2024/Latest/F_5500_2024_Latest.zip,8884391d48a9e362fd7d2b91d6e37430bd2e54355c9dbc3479985c9d876872f8
biz-002,465296495-001,medium,"sponsor name 'KEN PECORE PLUMBING & HEATING, L.L. C.' matches; sponsor address corroborates (460 WORCESTER ROAD, CHARLTON MA 01507)",5500-SF,2024,20250401110730NAL0003971331001,"KEN PECORE PLUMBING & HEATING, L.L.C. 401(K) PLAN","KEN PECORE PLUMBING & HEATING, L.L. C.",,465296495,MA,2024-01-01,2024-12-31,2025-04-01,8,2E 2F 2G 2J 2K,2E2F2G2J2K3D,0,0,FILING_RECEIVED,DOL_FORM_5500_SF_2024,https://askebsa.dol.gov/FOIA%20Files/2024/Latest/F_5500_SF_2024_Latest.zip,11370908e2bbc78d1d418b2f2a2177875e0524c12b69a181432d6fd65a5966c3
biz-002,465296495-002,medium,"sponsor name 'KEN PECORE PLUMBING & HEATING, L.L. C.' matches; sponsor address corroborates (460 WORCESTER ROAD, CHARLTON MA 01507)",5500-SF,2024,20250617122627NAL0001609633001,"KEN PECORE PLUMBING & HEATING, L.L.C. CASH BALANCE PLAN","KEN PECORE PLUMBING & HEATING, L.L. C.",,465296495,MA,2024-01-01,2024-12-31,2025-06-17,8,1C,1C3D,0,0,FILING_RECEIVED,DOL_FORM_5500_SF_2024,https://askebsa.dol.gov/FOIA%20Files/2024/Latest/F_5500_SF_2024_Latest.zip,11370908e2bbc78d1d418b2f2a2177875e0524c12b69a181432d6fd65a5966c3
biz-004,203539922-001,low (review),"sponsor name 'TC CONTROLS & SERVICES, INC.' matches; sponsor address differs (80 LEICESTER STREET, OXFORD MA 01537)",5500-SF,2024,20250929143833NAL0010985025001,TC CONTROLS RETIREMENT PLAN,"TC CONTROLS & SERVICES, INC.",,203539922,MA,2024-01-01,2024-12-31,2025-09-29,32,2E 2F 2G 2J 2K 2T,2E2F2G2J2K2T3D,0,,FILING_RECEIVED,DOL_FORM_5500_SF_2024,https://askebsa.dol.gov/FOIA%20Files/2024/Latest/F_5500_SF_2024_Latest.zip,11370908e2bbc78d1d418b2f2a2177875e0524c12b69a181432d6fd65a5966c3
biz-004,203539922-001,low (review),"sponsor name 'TC CONTROLS & SERVICES, INC.' matches; sponsor address differs (80 LEICESTER STREET, OXFORD MA 01537)",5500-SF,2025,20260715181327NAL0002462627002,TC CONTROLS RETIREMENT PLAN,"TC CONTROLS & SERVICES, INC.",,203539922,MA,2025-01-01,2025-12-31,2026-07-15,35,2E 2F 2G 2J 2K 2T,2E2F2G2J2K2T3D,0,,FILING_RECEIVED,DOL_FORM_5500_SF_2025,https://askebsa.dol.gov/FOIA%20Files/2025/Latest/F_5500_SF_2025_Latest.zip,2db4677bd93455ccc082d378fdd56594ac90ca0fc6f2da1639a15aea8ed3e94d
biz-006,263189470-001,medium,"sponsor name 'HAROLD BROTHERS MECHANICAL CONTRACTORS, INC.' matches; sponsor address corroborates (44 WOODROCK ROAD, WEYMOUTH MA 02189)",5500,2024,20251014112831NAL0002644897001,HAROLD BROTHERS MECHANICAL 401(K) PLAN,"HAROLD BROTHERS MECHANICAL CONTRACTORS, INC.",,263189470,MA,2024-01-01,2024-12-31,2025-10-14,283,2E 2F 2G 2J 2K 2T,2E2F2G2J2K2T3D,0,0,FILING_RECEIVED,DOL_FORM_5500_2024,https://askebsa.dol.gov/FOIA%20Files/2024/Latest/F_5500_2024_Latest.zip,8884391d48a9e362fd7d2b91d6e37430bd2e54355c9dbc3479985c9d876872f8
biz-007,042160424-001,medium,"sponsor name 'BOULANGER'S PLUMBING & HEATING, INC.' matches; sponsor address corroborates (373 MAIN STREET, EASTHAMPTON MA 01027)",5500-SF,2024,20250731074842NAL0002417619001,BOULANGER'S PLUMBING & HEATING 401(K) PLAN,"BOULANGER'S PLUMBING & HEATING, INC.",,042160424,MA,2024-04-01,2025-03-31,2025-07-31,41,2A 2E 2F 2G 2J 2K 2T,2A2E2F2G2J2K2T3D,0,0,FILING_RECEIVED,DOL_FORM_5500_SF_2024,https://askebsa.dol.gov/FOIA%20Files/2024/Latest/F_5500_SF_2024_Latest.zip,11370908e2bbc78d1d418b2f2a2177875e0524c12b69a181432d6fd65a5966c3
biz-011,561479670-001,low (review),"sponsor name 'ALLIED FIRE PROTECTION, INC.' matches; sponsor address differs (PO BOX 27075, RALEIGH NC 27611)",5500-SF,2024,20250919101310NAL0002540512001,"ALLIED FIRE PROTECTION, INC. PROFIT SHARING PLAN","ALLIED FIRE PROTECTION, INC.",,561479670,NC,2024-01-01,2024-12-31,2025-09-19,34,2E 2G 2F 2T 2K 2J 2A,2E3D2G2F2T2K2J2A,0,0,FILING_RECEIVED,DOL_FORM_5500_SF_2024,https://askebsa.dol.gov/FOIA%20Files/2024/Latest/F_5500_SF_2024_Latest.zip,11370908e2bbc78d1d418b2f2a2177875e0524c12b69a181432d6fd65a5966c3
biz-011,561479670-001,low (review),"sponsor name 'ALLIED FIRE PROTECTION, INC.' matches; sponsor address differs (PO BOX 27075, RALEIGH NC 27611)",5500-SF,2025,20260803101712NAL0000479907001,"ALLIED FIRE PROTECTION, INC. PROFIT SHARING PLAN","ALLIED FIRE PROTECTION, INC.",,561479670,NC,2025-01-01,2025-12-31,2026-08-03,38,2E 2G 2F 2T 2K 2J 2A,2E3D2G2F2T2K2J2A,0,0,FILING_RECEIVED,DOL_FORM_5500_SF_2025,https://askebsa.dol.gov/FOIA%20Files/2025/Latest/F_5500_SF_2025_Latest.zip,2db4677bd93455ccc082d378fdd56594ac90ca0fc6f2da1639a15aea8ed3e94d
biz-011,760560731-002,low (review),"sponsor name 'ALLIED FIRE PROTECTION, LP' matches; sponsor address differs (2003 MYKAWA ROAD, PEARLAND TX 77581)",5500,2024,20251015095741NAL0002111859001,"ALLIED FIRE PROTECTION, LP 401(K) PROFIT SHARING PLAN AND T","ALLIED FIRE PROTECTION, LP",,760560731,TX,2024-01-01,2024-12-31,2025-10-15,460,2E 2F 2G 2J 2K 2T,2E2F2G2J2K2T3D,0,0,FILING_RECEIVED,DOL_FORM_5500_2024,https://askebsa.dol.gov/FOIA%20Files/2024/Latest/F_5500_2024_Latest.zip,8884391d48a9e362fd7d2b91d6e37430bd2e54355c9dbc3479985c9d876872f8
biz-011,861044361-001,low (review),"sponsor name 'ALLIED FIRE PROTECTION, INC.' matches; sponsor address differs (2845 N. NORFOLK, MESA AZ 85215)",5500-SF,2024,20250704081953NAL0003139426001,"ALLIED FIRE PROTECTION, INC. 401(K) PLAN","ALLIED FIRE PROTECTION, INC.",,861044361,AZ,2024-01-01,2024-12-31,2025-07-04,30,2A 2E 2F 2G 2J 2K,2A2E2F2G2J2K3D,0,,FILING_RECEIVED,DOL_FORM_5500_SF_2024,https://askebsa.dol.gov/FOIA%20Files/2024/Latest/F_5500_SF_2024_Latest.zip,11370908e2bbc78d1d418b2f2a2177875e0524c12b69a181432d6fd65a5966c3
biz-011,861044361-001,low (review),"sponsor name 'ALLIED FIRE PROTECTION, INC.' matches; sponsor address differs (3033 N. NORFOLK, MESA AZ 85215)",5500-SF,2025,20260702132010NAL0018560560001,"ALLIED FIRE PROTECTION, INC. 401(K) PLAN","ALLIED FIRE PROTECTION, INC.",,861044361,AZ,2025-01-01,2025-12-31,2026-07-02,37,2A 2E 2F 2G 2J 2K,2A2E2F2G2J2K3D,0,,FILING_RECEIVED,DOL_FORM_5500_SF_2025,https://askebsa.dol.gov/FOIA%20Files/2025/Latest/F_5500_SF_2025_Latest.zip,2db4677bd93455ccc082d378fdd56594ac90ca0fc6f2da1639a15aea8ed3e94d
biz-011,941665896-001,low (review),"sponsor name 'ALLIED FIRE PROTECTION' matches; sponsor address differs (555 HIGH STREET, OAKLAND CA 94601)",5500-SF,2024,20250815120226NAL0005868691001,ALLIED FIRE PROTECTION 401(K) PROFIT SHARING PLAN,ALLIED FIRE PROTECTION,,941665896,CA,2024-01-01,2024-12-31,2025-08-15,30,2A 2E 2F 2G 2J 2K 2T,2A2E2F2G2J2K2T3D,0,0,FILING_RECEIVED,DOL_FORM_5500_SF_2024,https://askebsa.dol.gov/FOIA%20Files/2024/Latest/F_5500_SF_2024_Latest.zip,11370908e2bbc78d1d418b2f2a2177875e0524c12b69a181432d6fd65a5966c3
biz-011,941665896-001,low (review),"sponsor name 'ALLIED FIRE PROTECTION' matches; sponsor address differs (555 HIGH STREET, OAKLAND CA 94601)",5500-SF,2025,20260420101317NAL0002643298001,ALLIED FIRE PROTECTION 401(K) PROFIT SHARING PLAN,ALLIED FIRE PROTECTION,,941665896,CA,2025-01-01,2025-12-31,2026-04-20,18,2A 2E 2F 2G 2J 2K 2T,2A2E2F2G2J2K2T3D,0,0,FILING_RECEIVED,DOL_FORM_5500_SF_2025,https://askebsa.dol.gov/FOIA%20Files/2025/Latest/F_5500_SF_2025_Latest.zip,2db4677bd93455ccc082d378fdd56594ac90ca0fc6f2da1639a15aea8ed3e94d
biz-013,260306414-001,low (review),"sponsor name 'N&T MECHANICAL CONTRACTOR'S, INC.' matches; sponsor address differs (180 STONE STREET, CLINTON MA 01510)",5500-SF,2024,20250402082436NAL0008503441001,"N&T MECHANICAL CONTRACTOR'S, INC. 401(K) PROFIT SHARING PLAN","N&T MECHANICAL CONTRACTOR'S, INC.",,260306414,MA,2024-01-01,2024-12-31,2025-04-02,16,2A 2E 2F 2G 2J 2K 2T,2A2E2F2G2J2K2T3D,0,0,FILING_RECEIVED,DOL_FORM_5500_SF_2024,https://askebsa.dol.gov/FOIA%20Files/2024/Latest/F_5500_SF_2024_Latest.zip,11370908e2bbc78d1d418b2f2a2177875e0524c12b69a181432d6fd65a5966c3
biz-013,260306414-001,low (review),"sponsor name 'N&T MECHANICAL CONTRACTOR'S, INC' matches; sponsor address differs (86 LEOMINSTER RD. SUITE 1, STERLING MA 01564)",5500-SF,2025,20260623151537NAL0011904514001,"N&T MECHANICAL CONTRACTOR'S, INC. 401(K) PROFIT SHARING PLAN","N&T MECHANICAL CONTRACTOR'S, INC",,260306414,MA,2025-01-01,2025-12-31,2026-06-23,16,2A 2E 2F 2G 2J 2K 2T,2A2E2F2G2J2K2T3D,0,0,FILING_RECEIVED,DOL_FORM_5500_SF_2025,https://askebsa.dol.gov/FOIA%20Files/2025/Latest/F_5500_SF_2025_Latest.zip,2db4677bd93455ccc082d378fdd56594ac90ca0fc6f2da1639a15aea8ed3e94d
biz-014,450550247-001,medium,sponsor name 'CONTROL POINT MECHANICAL' matches; sponsor ZIP corroborates (SHREWSBURY MA 01545),5500-SF,2024,20250701134411NAL0012748081001,CONTROL POINT MECHANICAL INC 401K PROFIT SHARING PLAN,CONTROL POINT MECHANICAL,,450550247,MA,2024-01-01,2024-12-31,2025-07-01,19,2E 2F 2G 2J 2K 2T,2E2F2G2J2K2T3D,0,0,FILING_RECEIVED,DOL_FORM_5500_SF_2024,https://askebsa.dol.gov/FOIA%20Files/2024/Latest/F_5500_SF_2024_Latest.zip,11370908e2bbc78d1d418b2f2a2177875e0524c12b69a181432d6fd65a5966c3
biz-016,852621302-001,low (review),"sponsor name 'ALL CLEAR PLUMBING, LLC' matches; sponsor address differs (1033 CASTAWAY ISLAND RD, ECLECTIC AL 36024)",5500-SF,2024,20250704202637NAL0002914688001,"ALL CLEAR PLUMBING, LLC 401(K) PLAN","ALL CLEAR PLUMBING, LLC",,852621302,AL,2024-01-01,2024-12-31,2025-07-04,6,2F 2G 2J 2K 2T 2E,2F2G2J2K2T3D2E,0,0,FILING_RECEIVED,DOL_FORM_5500_SF_2024,https://askebsa.dol.gov/FOIA%20Files/2024/Latest/F_5500_SF_2024_Latest.zip,11370908e2bbc78d1d418b2f2a2177875e0524c12b69a181432d6fd65a5966c3
biz-016,852621302-001,low (review),"sponsor name 'ALL CLEAR PLUMBING, LLC' matches; sponsor address differs (1033 CASTAWAY ISLAND RD, ECLECTIC AL 36024)",5500-SF,2025,20260721212747NAL0011356401001,"ALL CLEAR PLUMBING, LLC 401(K) PLAN","ALL CLEAR PLUMBING, LLC",,852621302,AL,2025-01-01,2025-12-31,2026-07-21,9,2F 2G 2J 2K 2T 2E,2F2G2J2K2T3D2E,0,0,FILING_RECEIVED,DOL_FORM_5500_SF_2025,https://askebsa.dol.gov/FOIA%20Files/2025/Latest/F_5500_SF_2025_Latest.zip,2db4677bd93455ccc082d378fdd56594ac90ca0fc6f2da1639a15aea8ed3e94d
biz-017,273665698-001,medium,"sponsor name 'COMPLETE COMFORT SYSTEMS INC' matches; sponsor address corroborates (230 ESSEX ST, HAVERHILL MA 018325539)",5500-SF,2025,20260710121321NAL0001847506001,COMPLETE COMFORT SYSTEMS INC 401(K) PROFIT SHARING PLAN & TRUST,COMPLETE COMFORT SYSTEMS INC,,273665698,MA,2025-01-01,2025-12-31,2026-07-10,31,2E 2F 2G 2J 2K 2T,2E2F2G2J2K2T3D,0,0,FILING_RECEIVED,DOL_FORM_5500_SF_2025,https://askebsa.dol.gov/FOIA%20Files/2025/Latest/F_5500_SF_2025_Latest.zip,2db4677bd93455ccc082d378fdd56594ac90ca0fc6f2da1639a15aea8ed3e94d
biz-017,571193326-001,low (review),"sponsor name 'COMPLETE COMFORT SYSTEMS, INC.' matches; sponsor address differs (11301 UPPER GILCHRIST ROAD, MT. VERNON OH 43050)",5500-SF,2024,20250520085941NAL0001816611001,COMPLETE COMFORT SYSTEMS 401(K) AND PROFIT SHARING PLAN,"COMPLETE COMFORT SYSTEMS, INC.",,571193326,OH,2024-01-01,2024-12-31,2025-05-20,10,2A 2E 2J 2K 2F 2G 2T,2A2E2J2K2F2G3D2T,0,0,FILING_RECEIVED,DOL_FORM_5500_SF_2024,https://askebsa.dol.gov/FOIA%20Files/2024/Latest/F_5500_SF_2024_Latest.zip,11370908e2bbc78d1d418b2f2a2177875e0524c12b69a181432d6fd65a5966c3
biz-017,571193326-001,low (review),"sponsor name 'COMPLETE COMFORT SYSTEMS, INC.' matches; sponsor address differs (11301 UPPER GILCHRIST ROAD, MT. VERNON OH 43050)",5500-SF,2025,20260721082409NAL0010826097001,COMPLETE COMFORT SYSTEMS 401(K) AND PROFIT SHARING PLAN,"COMPLETE COMFORT SYSTEMS, INC.",,571193326,OH,2025-01-01,2025-12-31,2026-07-21,10,2A 2E 2J 2K 2F 2G 2T,2A2E2J2K2F2G3D2T,0,0,FILING_RECEIVED,DOL_FORM_5500_SF_2025,https://askebsa.dol.gov/FOIA%20Files/2025/Latest/F_5500_SF_2025_Latest.zip,2db4677bd93455ccc082d378fdd56594ac90ca0fc6f2da1639a15aea8ed3e94d
biz-018,461540629-002,medium,"sponsor name 'POLAR MECHANICAL INC' matches; sponsor address corroborates (37 KNOLLWOOD DR, CHARLTON MA 01507)",5500-SF,2025,20260715210854NAL0004922370001,"POLAR MECHANICAL, INC 401(K) PS PLAN AND TRUST",POLAR MECHANICAL INC,,461540629,MA,2025-01-01,2025-12-31,2026-07-15,9,2E 2F 2G 2J 2T 2K,2E2F2G2J2T3D2K,0,0,FILING_RECEIVED,DOL_FORM_5500_SF_2025,https://askebsa.dol.gov/FOIA%20Files/2025/Latest/F_5500_SF_2025_Latest.zip,2db4677bd93455ccc082d378fdd56594ac90ca0fc6f2da1639a15aea8ed3e94d
biz-020,042985718-001,medium,"sponsor name 'DEWOLFE CONTRACTING, INC.' matches; sponsor address corroborates (211 SHREWSBURY ST., WEST BOYLSTON MA 01583)",5500-SF,2025,20260526080914NAL0006836672001,"DEWOLFE CONTRACTING, INC. 401(K) PLAN","DEWOLFE CONTRACTING, INC.",,042985718,MA,2025-01-01,2025-12-31,2026-05-26,17,2E 2F 2G 2J 2K 2T,2E2F2G2J2K2T3D3H,0,,FILING_RECEIVED,DOL_FORM_5500_SF_2025,https://askebsa.dol.gov/FOIA%20Files/2025/Latest/F_5500_SF_2025_Latest.zip,2db4677bd93455ccc082d378fdd56594ac90ca0fc6f2da1639a15aea8ed3e94d
biz-023,262448645-001,medium,"sponsor name 'JOSEPH A. DIPIETRO HEATING AND COOLING, INC.' matches; sponsor address corroborates (32 MIDDLESEX STREET, HAVERHILL MA 01835)",5500-SF,2024,20250507154443NAL0016289424001,"JOSEPH A. DIPIETRO HEATING AND COOLING, INC. 401(K) PLAN","JOSEPH A. DIPIETRO HEATING AND COOLING, INC.",,262448645,MA,2024-01-01,2024-12-31,2025-05-07,49,2E 2F 2G 2J 2K 2T,2E2F2G2J2K2T3D3H,0,0,FILING_RECEIVED,DOL_FORM_5500_SF_2024,https://askebsa.dol.gov/FOIA%20Files/2024/Latest/F_5500_SF_2024_Latest.zip,11370908e2bbc78d1d418b2f2a2177875e0524c12b69a181432d6fd65a5966c3
biz-025,043140175-001,medium,"sponsor name 'NORTHEASTERN MECHANICAL INC.' matches; sponsor address corroborates (35 INDUSTRIAL DRIVE, CANTON MA 02021)",5500-SF,2025,20260909101557NAL0003968001001,"NORTHEASTERN MECHANICAL, INC. 401(K) PROFIT SHARING PLAN AND TRUST",NORTHEASTERN MECHANICAL INC.,,043140175,MA,2025-01-01,2025-12-31,2026-09-09,24,2E 2F 2G 2J 2K 2T,2E2F2G2J2K2T3D,0,0,FILING_RECEIVED,DOL_FORM_5500_SF_2025,https://askebsa.dol.gov/FOIA%20Files/2025/Latest/F_5500_SF_2025_Latest.zip,2db4677bd93455ccc082d378fdd56594ac90ca0fc6f2da1639a15aea8ed3e94d
biz-027,383715438-001,medium,"sponsor name 'VALANTE MECHANICAL INC.' matches; sponsor address corroborates (32 FURNACE AVE, QUINCY MA 02169)",5500-SF,2025,20260408163109NAL0014545360001,VALANTE MECHANICAL INC. 401(K) PLAN,VALANTE MECHANICAL INC.,,383715438,MA,2026-01-01,2026-03-11,2026-04-08,0,2A 2E 2F 2G 2J 2T,2A2E2F2G2J2T3D,1,0,FILING_RECEIVED,DOL_FORM_5500_SF_2025,https://askebsa.dol.gov/FOIA%20Files/2025/Latest/F_5500_SF_2025_Latest.zip,2db4677bd93455ccc082d378fdd56594ac90ca0fc6f2da1639a15aea8ed3e94d
biz-028,200050479-001,medium,"sponsor name 'GRAY COMPANY' matches; sponsor address corroborates (28 NASHUA ROAD, UNIT C, BILLERICA MA 01862)",5500-SF,2025,20260507102725NAL0002268435001,GRAY COMPANY 401(K) PLAN,GRAY COMPANY,,200050479,MA,2025-01-01,2025-12-31,2026-05-07,32,2A 2E 2F 2G 2J 2K,2A2E2F2G2J2K3D,0,0,FILING_RECEIVED,DOL_FORM_5500_SF_2025,https://askebsa.dol.gov/FOIA%20Files/2025/Latest/F_5500_SF_2025_Latest.zip,2db4677bd93455ccc082d378fdd56594ac90ca0fc6f2da1639a15aea8ed3e94d
biz-028,200965681-001,low (review),"sponsor name 'GRAY COMPANY' matches; sponsor address differs (300 OZARK TRAILS DR STE 210, ELLISVILLE MO 63011)",5500-SF,2024,20250731114651NAL0010404706001,GRAYCO. 401(K),GRAY COMPANY,,200965681,MO,2024-01-01,2024-12-31,2025-07-31,7,2A 2E 2J 2K 2F 2G,2A2E2J2K2F2G3D,0,0,FILING_RECEIVED,DOL_FORM_5500_SF_2024,https://askebsa.dol.gov/FOIA%20Files/2024/Latest/F_5500_SF_2024_Latest.zip,11370908e2bbc78d1d418b2f2a2177875e0524c12b69a181432d6fd65a5966c3
biz-028,200965681-001,low (review),"sponsor name 'GRAY COMPANY' matches; sponsor address differs (300 OZARK TRAILS DR STE 210, ELLISVILLE MO 63011)",5500-SF,2025,20260730114725NAL0020114643001,GRAYCO. 401(K),GRAY COMPANY,,200965681,MO,2025-01-01,2025-12-31,2026-07-30,6,2A 2E 2J 2K 2F 2G,2A2E2J2K2F2G3D,0,0,FILING_RECEIVED,DOL_FORM_5500_SF_2025,https://askebsa.dol.gov/FOIA%20Files/2025/Latest/F_5500_SF_2025_Latest.zip,2db4677bd93455ccc082d378fdd56594ac90ca0fc6f2da1639a15aea8ed3e94d
biz-028,351983887-001,low (review),"sponsor name 'GRAY COMPANY, INC.' matches; sponsor address differs (1233 EAST 400 NORTH, ALBION IN 46701)",5500-SF,2024,20250715124909NAL0001613203001,"GRAY COMPANY, INC. 401(K) PLAN","GRAY COMPANY, INC.",,351983887,IN,2024-01-01,2024-12-31,2025-07-15,6,2E 2J 2K 2G 2A 2T,2E2J2K2G2A3D2T,0,0,FILING_RECEIVED,DOL_FORM_5500_SF_2024,https://askebsa.dol.gov/FOIA%20Files/2024/Latest/F_5500_SF_2024_Latest.zip,11370908e2bbc78d1d418b2f2a2177875e0524c12b69a181432d6fd65a5966c3
biz-028,351983887-001,low (review),"sponsor name 'GRAY COMPANY, INC.' matches; sponsor address differs (1233 EAST 400 NORTH, ALBION IN 46701)",5500-SF,2025,20260305123435NAL0006433264001,"GRAY COMPANY, INC. 401(K) PLAN","GRAY COMPANY, INC.",,351983887,IN,2025-01-01,2025-12-31,2026-03-05,6,2E 2J 2K 2G 2A 2T,2E2J2K2G2A3D2T,0,0,FILING_RECEIVED,DOL_FORM_5500_SF_2025,https://askebsa.dol.gov/FOIA%20Files/2025/Latest/F_5500_SF_2025_Latest.zip,2db4677bd93455ccc082d378fdd56594ac90ca0fc6f2da1639a15aea8ed3e94d
biz-028,394658044-001,low (review),"sponsor name 'GRAY CORP.' matches; sponsor address differs (3172 SWEETGRASS PKWY, DACONO CO 80514)",5500,2025,20260414150252NAL0024624640001,GRAY CORP. 401K PROFIT SHARING PLAN,GRAY CORP.,,394658044,CO,2025-10-30,2025-12-31,2026-04-14,2,2E 2J 2K 2H 2S,2E2J2K2H3D2S,0,0,FILING_RECEIVED,DOL_FORM_5500_2025,https://askebsa.dol.gov/FOIA%20Files/2025/Latest/F_5500_2025_Latest.zip,9f6245cdcbb86ae167af4595bb3dba4fbf7845df98f4ccd6748aa98fa2a4e582
biz-028,610990547-002,low (review),"sponsor name 'GRAY, INC.' matches; sponsor address differs (10 QUALITY STREET, LEXINGTON KY 405071443)",5500,2024,20251008081347NAL0003115827001,"GRAY, INC. EMPLOYEE STOCK OWNERSHIP PLAN","GRAY, INC.",,610990547,KY,2024-01-01,2024-12-31,2025-10-08,1529,2E 2P 2Q,2E2P2Q3H3I,0,0,FILING_RECEIVED,DOL_FORM_5500_2024,https://askebsa.dol.gov/FOIA%20Files/2024/Latest/F_5500_2024_Latest.zip,8884391d48a9e362fd7d2b91d6e37430bd2e54355c9dbc3479985c9d876872f8
biz-030,042488848-001,medium,"sponsor name 'PIERCE REFRIGERATION INC' matches; sponsor address corroborates (439 E. CENTER ST.,, WEST BRIDGEWATER MA 02379)",5500-SF,2024,20260804185954NAL0002094320001,PIERCE REFRIGERATION INC 401K PROFIT-SHARING PLAN,PIERCE REFRIGERATION INC,,042488848,MA,2024-12-01,2025-11-30,2026-08-04,30,2A 2E 2F 2G 2J 2K 2T,2A2E2F2G2J2K2T3D,0,0,FILING_RECEIVED,DOL_FORM_5500_SF_2024,https://askebsa.dol.gov/FOIA%20Files/2024/Latest/F_5500_SF_2024_Latest.zip,11370908e2bbc78d1d418b2f2a2177875e0524c12b69a181432d6fd65a5966c3
biz-031,042525838-001,medium,"sponsor name 'G & L PLUMBING, INC.' matches; sponsor address corroborates (140 SHREWSBURY STREET, BOYLSTON MA 01505)",5500-SF,2025,20260729104532NAL0025024880001,"G & L PLUMBING, INC. 401(K) PLAN","G & L PLUMBING, INC.",,042525838,MA,2025-01-01,2025-12-31,2026-07-29,21,2T 2E 2J 2F 2G 2K,2T2E2J2F2G3D2K,0,0,FILING_RECEIVED,DOL_FORM_5500_SF_2025,https://askebsa.dol.gov/FOIA%20Files/2025/Latest/F_5500_SF_2025_Latest.zip,2db4677bd93455ccc082d378fdd56594ac90ca0fc6f2da1639a15aea8ed3e94d
biz-032,042459653-001,medium,"sponsor name 'ACE TEMPERATURE CONTROL INC' matches; sponsor address corroborates (30 WARD STREET, WORCESTER MA 01610)",5500-SF,2025,20260623093710NAL0005312595001,"ACE TEMPERATURE CONTROL, INC 401(K) PLAN",ACE TEMPERATURE CONTROL INC,,042459653,MA,2025-01-01,2025-12-31,2026-06-23,20,2E 2G 2J 2K 2F 2T,2E3D2G2J2K2F2T,0,0,FILING_RECEIVED,DOL_FORM_5500_SF_2025,https://askebsa.dol.gov/FOIA%20Files/2025/Latest/F_5500_SF_2025_Latest.zip,2db4677bd93455ccc082d378fdd56594ac90ca0fc6f2da1639a15aea8ed3e94d
biz-035,043166199-001,medium,"sponsor name 'AFM PLUMBING, INC.' matches; sponsor ZIP corroborates (NORWELL MA 02061)",5500-SF,2025,20260527144332NAL0009736832001,"AFM PLUMBING, INC. 401(K) PLAN","AFM PLUMBING, INC.",,043166199,MA,2025-01-01,2025-12-31,2026-05-27,17,2A 2E 2F 2G 2J 2K 2T,2A2E2F2G2J2K2T3D,0,0,FILING_RECEIVED,DOL_FORM_5500_SF_2025,https://askebsa.dol.gov/FOIA%20Files/2025/Latest/F_5500_SF_2025_Latest.zip,2db4677bd93455ccc082d378fdd56594ac90ca0fc6f2da1639a15aea8ed3e94d
biz-036,300239055-001,medium,"sponsor name 'DENOMMEE PLUMBING & HEATING, INC.' matches; sponsor address corroborates (21 WESTECH DRIVE, TYNGSBORO MA 01879)",5500-SF,2024,20250917103929NAL0000376001001,"DENOMMEE PLUMBING & HEATING, INC. PROFIT SHARING PLAN","DENOMMEE PLUMBING & HEATING, INC.",,300239055,MA,2024-01-01,2024-12-31,2025-09-17,54,2E 2F 2G 2J 2K 2T,2E2F2G2J2K2T3D,0,0,FILING_RECEIVED,DOL_FORM_5500_SF_2024,https://askebsa.dol.gov/FOIA%20Files/2024/Latest/F_5500_SF_2024_Latest.zip,11370908e2bbc78d1d418b2f2a2177875e0524c12b69a181432d6fd65a5966c3
biz-037,611649628-001,medium,"sponsor name 'NEW ENGLAND PLUMBING SOLUTIONS, LLC' matches; sponsor ZIP corroborates (COHASSET MA 02025)",5500-SF,2025,20260811224352NAL0009616288001,"NEW ENGLAND PLUMBING SOLUTIONS, LLC 401(K) PLAN","NEW ENGLAND PLUMBING SOLUTIONS, LLC",,611649628,MA,2025-01-01,2025-12-31,2026-08-11,17,2A 2E 2J 2K 2F 2G 2T,2A2E2J2K2F2G3D2T,0,0,FILING_RECEIVED,DOL_FORM_5500_SF_2025,https://askebsa.dol.gov/FOIA%20Files/2025/Latest/F_5500_SF_2025_Latest.zip,2db4677bd93455ccc082d378fdd56594ac90ca0fc6f2da1639a15aea8ed3e94d
biz-038,202136146-001,low (review),"sponsor name 'EXCEL MECHANICAL, INC' matches; sponsor address differs (2392 40TH STREET SW, WAVERLY MN 55390)",5500-SF,2024,20250412220354NAL0025716657065,"EXCEL MECHANICAL, INC 401(K) PLAN","EXCEL MECHANICAL, INC",,202136146,MN,2024-01-01,2024-12-31,2025-04-12,5,2E 2F 2G 2J 2K 2S 2T,2E2F2G2J2K2S2T3D,0,0,FILING_RECEIVED,DOL_FORM_5500_SF_2024,https://askebsa.dol.gov/FOIA%20Files/2024/Latest/F_5500_SF_2024_Latest.zip,11370908e2bbc78d1d418b2f2a2177875e0524c12b69a181432d6fd65a5966c3
biz-038,202136146-001,low (review),"sponsor name 'EXCEL MECHANICAL, INC' matches; sponsor address differs (2392 40TH STREET SW, WAVERLY MN 55390)",5500-SF,2025,20260407220041NAL0009302337084,"EXCEL MECHANICAL, INC 401(K) PLAN","EXCEL MECHANICAL, INC",,202136146,MN,2025-01-01,2025-12-31,2026-04-07,6,2E 2F 2G 2J 2K 2S 2T,2E2F2G2J2K2S2T3D,0,0,FILING_RECEIVED,DOL_FORM_5500_SF_2025,https://askebsa.dol.gov/FOIA%20Files/2025/Latest/F_5500_SF_2025_Latest.zip,2db4677bd93455ccc082d378fdd56594ac90ca0fc6f2da1639a15aea8ed3e94d
biz-038,860544922-001,low (review),"sponsor name 'EXCEL MECHANICAL INC' matches; sponsor address differs (3565 E GOLF LINKS RD, TUCSON AZ 857135318)",5500-SF,2024,20250522154633NAL0008520610001,THE ZARLING COMPANIES 401(K) PROFIT SHARING PLAN,EXCEL MECHANICAL INC,,860544922,AZ,2024-01-01,2024-12-31,2025-05-22,0,2E 2F 2G 2J 2K 2T,2E2F2G2J2K2T3D3H,0,0,FILING_RECEIVED,DOL_FORM_5500_SF_2024,https://askebsa.dol.gov/FOIA%20Files/2024/Latest/F_5500_SF_2024_Latest.zip,11370908e2bbc78d1d418b2f2a2177875e0524c12b69a181432d6fd65a5966c3
biz-038,860544922-001,low (review),"sponsor name 'EXCEL MECHANICAL, INC.' matches; sponsor address differs (3565 E GOLF LINKS RD, TUCSON AZ 857135318)",5500-SF,2024,20250728181246NAL0003466736001,THE ZARLING COMPANIES 401(K) PROFIT SHARING PLAN,"EXCEL MECHANICAL, INC.",,860544922,AZ,2025-01-01,2025-06-17,2025-07-28,0,2E 2F 2G 2J 2K 2T,2E2F2G2J2K2T3D3H,1,0,FILING_RECEIVED,DOL_FORM_5500_SF_2024,https://askebsa.dol.gov/FOIA%20Files/2024/Latest/F_5500_SF_2024_Latest.zip,11370908e2bbc78d1d418b2f2a2177875e0524c12b69a181432d6fd65a5966c3
biz-043,203275344-001,low (review),"sponsor name 'LC MECHANICAL, INC.' matches; sponsor address differs (P.O. BOX 275, FALL RIVER MA 02724)",5500-SF,2024,20250103140402NAL0003773889001,"LC MECHANICAL, INC. 401(K) PROFIT SHARING PLAN","LC MECHANICAL, INC.",,203275344,MA,2021-01-01,2021-12-31,2025-01-03,19,2A 2E 2F 2G 2J 2K 2T,2A2E2F2G2J2K2T3D,0,,FILING_RECEIVED,DOL_FORM_5500_SF_2024,https://askebsa.dol.gov/FOIA%20Files/2024/Latest/F_5500_SF_2024_Latest.zip,11370908e2bbc78d1d418b2f2a2177875e0524c12b69a181432d6fd65a5966c3
biz-043,203275344-001,low (review),"sponsor name 'LC MECHANICAL, INC.' matches; sponsor address differs (P.O. BOX 275, FALL RIVER MA 02724)",5500-SF,2024,20250618143900NAL0002551249002,"LC MECHANICAL, INC. 401(K) PROFIT SHARING PLAN","LC MECHANICAL, INC.",,203275344,MA,2024-01-01,2024-12-31,2025-06-18,24,2A 2E 2F 2G 2J 2K 2T,2A2E2F2G2J2K2T3D,0,,FILING_RECEIVED,DOL_FORM_5500_SF_2024,https://askebsa.dol.gov/FOIA%20Files/2024/Latest/F_5500_SF_2024_Latest.zip,11370908e2bbc78d1d418b2f2a2177875e0524c12b69a181432d6fd65a5966c3
biz-043,203275344-001,low (review),"sponsor name 'LC MECHANICAL, INC.' matches; sponsor address differs (P.O. BOX 275, FALL RIVER MA 02724)",5500-SF,2025,20260508142831NAL0005064144002,"LC MECHANICAL, INC. 401(K) PROFIT SHARING PLAN","LC MECHANICAL, INC.",,203275344,MA,2025-01-01,2025-12-31,2026-05-08,21,2A 2E 2F 2G 2J 2K 2T,2A2E2F2G2J2K2T3D,0,,FILING_RECEIVED,DOL_FORM_5500_SF_2025,https://askebsa.dol.gov/FOIA%20Files/2025/Latest/F_5500_SF_2025_Latest.zip,2db4677bd93455ccc082d378fdd56594ac90ca0fc6f2da1639a15aea8ed3e94d
biz-053,042451003-001,low (review),"sponsor name 'MAGUIRE COMPANY, INC.' matches; sponsor address differs (254 ADAMS STREET, NEWTON MA 02158)",5500-SF,2024,20250618145242NAL0003579376001,"MAGUIRE COMPANY, INC. PROFIT SHARING PLAN","MAGUIRE COMPANY, INC.",,042451003,MA,2024-01-01,2024-12-31,2025-06-18,27,2E 2H 2J 2K 2T,2E2H2J2K2T3D,0,0,FILING_RECEIVED,DOL_FORM_5500_SF_2024,https://askebsa.dol.gov/FOIA%20Files/2024/Latest/F_5500_SF_2024_Latest.zip,11370908e2bbc78d1d418b2f2a2177875e0524c12b69a181432d6fd65a5966c3
biz-053,042451003-001,low (review),"sponsor name 'MAGUIRE COMPANY, INC.' matches; sponsor address differs (254 ADAMS STREET, NEWTON MA 02158)",5500-SF,2025,20260708094521NAL0033830754001,"MAGUIRE COMPANY, INC. PROFIT SHARING PLAN","MAGUIRE COMPANY, INC.",,042451003,MA,2025-01-01,2025-12-31,2026-07-08,27,2E 2H 2J 2K 2T,2E2H2J2K2T3D,0,0,FILING_RECEIVED,DOL_FORM_5500_SF_2025,https://askebsa.dol.gov/FOIA%20Files/2025/Latest/F_5500_SF_2025_Latest.zip,2db4677bd93455ccc082d378fdd56594ac90ca0fc6f2da1639a15aea8ed3e94d
biz-053,042451003-002,low (review),"sponsor name 'MAGUIRE COMPANY, INC.' matches; sponsor address differs (254 ADAMS STREET, NEWTON MA 02158)",5500-SF,2024,20250618145127NAL0006025746001,"MAGUIRE COMPANY, INC. PREVAILING WAGE PLAN","MAGUIRE COMPANY, INC.",,042451003,MA,2024-01-01,2024-12-31,2025-06-18,34,2E 2G,2E2G3D,0,0,FILING_RECEIVED,DOL_FORM_5500_SF_2024,https://askebsa.dol.gov/FOIA%20Files/2024/Latest/F_5500_SF_2024_Latest.zip,11370908e2bbc78d1d418b2f2a2177875e0524c12b69a181432d6fd65a5966c3
biz-053,042451003-002,low (review),"sponsor name 'MAGUIRE COMPANY, INC.' matches; sponsor address differs (254 ADAMS STREET, NEWTON MA 02158)",5500-SF,2025,20260708134127NAL0034172850001,"MAGUIRE COMPANY, INC. PREVAILING WAGE PLAN","MAGUIRE COMPANY, INC.",,042451003,MA,2025-01-01,2025-12-31,2026-07-08,31,2E 2G,2E2G3D,0,0,FILING_RECEIVED,DOL_FORM_5500_SF_2025,https://askebsa.dol.gov/FOIA%20Files/2025/Latest/F_5500_SF_2025_Latest.zip,2db4677bd93455ccc082d378fdd56594ac90ca0fc6f2da1639a15aea8ed3e94d
biz-054,201722721-001,medium,"sponsor name 'ATCO PLUMBING AND MECHANICAL, LLC' matches; sponsor address corroborates (93 WEAVER ST, FALL RIVER MA 027201309)",5500-SF,2025,20260817105429NAL0015829985001,"ATCO PLUMBING AND MECHANICAL, LLC 401(K) PROFIT SHARING PLAN","ATCO PLUMBING AND MECHANICAL, LLC",,201722721,MA,2025-01-01,2025-12-31,2026-08-17,36,2A 2E 2F 2G 2J 2K,2A2E2F2G2J2K3D,0,0,FILING_RECEIVED,DOL_FORM_5500_SF_2025,https://askebsa.dol.gov/FOIA%20Files/2025/Latest/F_5500_SF_2025_Latest.zip,2db4677bd93455ccc082d378fdd56594ac90ca0fc6f2da1639a15aea8ed3e94d
biz-055,043280350-001,medium,"sponsor name 'MACCORMACK PLUMBING INC' matches; sponsor address corroborates (17 BRIDGE ST STE 104, BILLERICA MA 018211000)",5500,2024,20251014145911NAL0001545427001,MACCORMACK PLUMBING INC 401(K) PROFIT SHARING PLAN & TRUST,MACCORMACK PLUMBING INC,,043280350,MA,2024-01-01,2024-12-31,2025-10-14,206,2E 2F 2G 2J 2K 2T,2E2F2G2J2K2T3D3H,0,0,FILING_RECEIVED,DOL_FORM_5500_2024,https://askebsa.dol.gov/FOIA%20Files/2024/Latest/F_5500_2024_Latest.zip,8884391d48a9e362fd7d2b91d6e37430bd2e54355c9dbc3479985c9d876872f8
biz-056,200258591-001,low (review),"sponsor name 'PIPING SYSTEMS, INC' matches; sponsor address differs (9642 24TH BAY STREET, NORFOLK VA 23518)",5500-SF,2024,20251014110238NAL0003712000001,"PIPING SYSTEMS, INC. 401(K) PROFIT SHARING PLAN","PIPING SYSTEMS, INC",,200258591,VA,2024-01-01,2024-12-31,2025-10-14,16,2E 2F 2G 2J 2K 2T,2E2F2G2J2K2T3D,0,0,FILING_RECEIVED,DOL_FORM_5500_SF_2024,https://askebsa.dol.gov/FOIA%20Files/2024/Latest/F_5500_SF_2024_Latest.zip,11370908e2bbc78d1d418b2f2a2177875e0524c12b69a181432d6fd65a5966c3
biz-056,208668417-002,low (review),"sponsor name 'PIPING SYSTEMS INC.' matches; sponsor address differs (719 INDUSTRIAL PARK AVE, HORTONVILLE WI 54944)",5500-SF,2024,20251009095733NAL0006795841001,PIPING SYSTEMS INC. 401(K) PLAN,PIPING SYSTEMS INC.,,208668417,WI,2024-01-01,2024-12-31,2025-10-09,39,2E 2F 2G 2J 2K 2S 2T,2E2F2G2J2K2S2T3D3F,0,,FILING_RECEIVED,DOL_FORM_5500_SF_2024,https://askebsa.dol.gov/FOIA%20Files/2024/Latest/F_5500_SF_2024_Latest.zip,11370908e2bbc78d1d418b2f2a2177875e0524c12b69a181432d6fd65a5966c3
biz-056,208668417-002,low (review),"sponsor name 'PIPING SYSTEMS INC.' matches; sponsor address differs (719 INDUSTRIAL PARK AVE, HORTONVILLE WI 54944)",5500-SF,2025,20260918073337NAL0006914275001,PIPING SYSTEMS INC. 401(K) PLAN,PIPING SYSTEMS INC.,,208668417,WI,2025-01-01,2025-12-31,2026-09-18,40,2E 2F 2G 2J 2K 2S 2T,2E2F2G2J2K2S2T3D3F,0,,FILING_RECEIVED,DOL_FORM_5500_SF_2025,https://askebsa.dol.gov/FOIA%20Files/2025/Latest/F_5500_SF_2025_Latest.zip,2db4677bd93455ccc082d378fdd56594ac90ca0fc6f2da1639a15aea8ed3e94d
biz-058,042900232-001,medium,"sponsor name 'AMERICAN PLUMBING & HEATING CO' matches; sponsor address corroborates (1000 CORDWAINER DR, NORWELL MA 020611631)",5500-SF,2025,20260728130846NAL0032469298001,AMERICAN PLUMBING & HEATING CO 401(K) PROFIT SHARING PLAN & TRUST,AMERICAN PLUMBING & HEATING CO,,042900232,MA,2025-01-01,2025-12-31,2026-07-28,41,2A 2E 2F 2G 2J 2K 2S 2T,2A2E2F2G2J2K2S2T3D,0,0,FILING_RECEIVED,DOL_FORM_5500_SF_2025,https://askebsa.dol.gov/FOIA%20Files/2025/Latest/F_5500_SF_2025_Latest.zip,2db4677bd93455ccc082d378fdd56594ac90ca0fc6f2da1639a15aea8ed3e94d
biz-058,050478776-001,low (review),"sponsor name 'AMERICAN PLUMBING & HEATING INC.' matches; sponsor address differs (1793 SMITH STREET, NORTH PROVIDENCE RI 02911)",5500-SF,2024,20251009072038NAL0003709683001,APH RETIREMENT PLAN,AMERICAN PLUMBING & HEATING INC.,,050478776,RI,2024-01-01,2024-12-31,2025-10-09,8,2E 2F 2G 2J,2E2F2G2J3D,0,0,FILING_RECEIVED,DOL_FORM_5500_SF_2024,https://askebsa.dol.gov/FOIA%20Files/2024/Latest/F_5500_SF_2024_Latest.zip,11370908e2bbc78d1d418b2f2a2177875e0524c12b69a181432d6fd65a5966c3
biz-059,042635965-001,medium,"sponsor name 'ACCUTEMP ENGINEERING, INC.' matches; sponsor address corroborates (100 MAPLE STREET, BLDG. B, STONEHAM MA 02180)",5500-SF,2024,20250902135202NAL0024539904001,"ACCUTEMP ENGINEERING, INC. 401(K) PLAN","ACCUTEMP ENGINEERING, INC.",,042635965,MA,2024-01-01,2024-12-31,2025-09-02,98,2E 2F 2G 2J 2K 2S 2T,2E2F2G2J2K2S2T3D,0,0,FILING_RECEIVED,DOL_FORM_5500_SF_2024,https://askebsa.dol.gov/FOIA%20Files/2024/Latest/F_5500_SF_2024_Latest.zip,11370908e2bbc78d1d418b2f2a2177875e0524c12b69a181432d6fd65a5966c3
biz-060,042704730-001,medium,"sponsor name 'WALTER SMITH PLUMBING & HEATING, INC.' matches; sponsor ZIP corroborates (EDGARTOWN MA 02539)",5500-SF,2025,20260605205808NAL0002145665001,"WALTER SMITH PLUMBING AND HEATING, INC. 401(K) PLAN","WALTER SMITH PLUMBING & HEATING, INC.",,042704730,MA,2025-01-01,2025-12-31,2026-06-05,14,2A 2E 2F 2G 2J 2K 2T,2A2E2F2G2J2K2T3D,0,0,FILING_RECEIVED,DOL_FORM_5500_SF_2025,https://askebsa.dol.gov/FOIA%20Files/2025/Latest/F_5500_SF_2025_Latest.zip,2db4677bd93455ccc082d378fdd56594ac90ca0fc6f2da1639a15aea8ed3e94d
biz-062,202320726-001,medium,"sponsor name 'BL MECHANICAL, INC.' matches; sponsor address corroborates (726 QUAKER HIGHWAY, UXBRIDGE MA 01569)",5500-SF,2025,20260226100306NAL0010405762001,"BL MECHANICAL, INC. 401(K) RETIREMENT PLAN","BL MECHANICAL, INC.",,202320726,MA,2025-01-01,2025-12-31,2026-02-26,40,2F 2G 2J 2K 2T,2F2G2J2K2T3D,0,,FILING_RECEIVED,DOL_FORM_5500_SF_2025,https://askebsa.dol.gov/FOIA%20Files/2025/Latest/F_5500_SF_2025_Latest.zip,2db4677bd93455ccc082d378fdd56594ac90ca0fc6f2da1639a15aea8ed3e94d
biz-063,043111642-001,medium,"sponsor name 'MCCUSKER-GILL, INC.' matches; sponsor address corroborates (60 RESEARCH ROAD, HINGHAM MA 02043)",5500-SF,2024,20260813081454NAL0009256931001,"MCCUSKER-GILL, INC. PROFIT SHARING PLAN","MCCUSKER-GILL, INC.",,043111642,MA,2024-11-01,2025-10-31,2026-08-13,22,2E 2G 2J 2K 2T,2E2G2J2K2T3D,0,0,FILING_RECEIVED,DOL_FORM_5500_SF_2024,https://askebsa.dol.gov/FOIA%20Files/2024/Latest/F_5500_SF_2024_Latest.zip,11370908e2bbc78d1d418b2f2a2177875e0524c12b69a181432d6fd65a5966c3
biz-064,043333667-001,low (review),"sponsor name 'NEW ENGLAND COOLING TOWERS, INC.' matches; sponsor address differs (69 WESTECH PARK DRIVE, TYNGSBORO MA 01886)",5500-SF,2024,20250603061625NAL0009982897001,"NEW ENGLAND COOLING TOWERS, INC. 401K PLAN","NEW ENGLAND COOLING TOWERS, INC.",,043333667,MA,2024-01-01,2024-12-31,2025-06-03,29,2E 2F 2G 2J 2K 2T 2A,2E2F2G2J2K2T3D2A,0,0,FILING_RECEIVED,DOL_FORM_5500_SF_2024,https://askebsa.dol.gov/FOIA%20Files/2024/Latest/F_5500_SF_2024_Latest.zip,11370908e2bbc78d1d418b2f2a2177875e0524c12b69a181432d6fd65a5966c3
biz-064,043333667-001,low (review),"sponsor name 'NEW ENGLAND COOLING TOWERS, INC.' matches; sponsor address differs (69 WESTECH PARK DRIVE, TYNGSBORO MA 01886)",5500-SF,2025,20260730030010NAL0019640131001,"NEW ENGLAND COOLING TOWERS, INC. 401K PLAN","NEW ENGLAND COOLING TOWERS, INC.",,043333667,MA,2025-01-01,2025-12-31,2026-07-30,32,2E 2F 2G 2J 2K 2T 2A,2E2F2G2J2K2T3D2A,0,0,FILING_RECEIVED,DOL_FORM_5500_SF_2025,https://askebsa.dol.gov/FOIA%20Files/2025/Latest/F_5500_SF_2025_Latest.zip,2db4677bd93455ccc082d378fdd56594ac90ca0fc6f2da1639a15aea8ed3e94d
biz-065,043034257-001,medium,"sponsor name 'EMOND PLUMBING & HEATING, INC' matches; sponsor address corroborates (555 WINTHROP STREET, TAUNTON MA 027802714)",5500-SF,2025,20260720143853NAL0007119843001,"EMOND PLUMBING & HEATING, INC. 401(K) PLAN","EMOND PLUMBING & HEATING, INC",,043034257,MA,2025-01-01,2025-12-31,2026-07-20,70,2E 2F 2G 2J 2K,2E2F2G2J2K3D,0,0,FILING_RECEIVED,DOL_FORM_5500_SF_2025,https://askebsa.dol.gov/FOIA%20Files/2025/Latest/F_5500_SF_2025_Latest.zip,2db4677bd93455ccc082d378fdd56594ac90ca0fc6f2da1639a15aea8ed3e94d
biz-065,043034257-003,medium,"sponsor name 'EMOND PLUMBING & HEATING, INC.' matches; sponsor address corroborates (555 WINTHROP STREET, TAUNTON MA 027802714)",5500-SF,2025,20260720143650NAL0009689025001,EMOND PLUMBING & HEATING RETIREMENT PLAN,"EMOND PLUMBING & HEATING, INC.",,043034257,MA,2025-01-01,2025-12-31,2026-07-20,15,2C 2F 2G 2T,2C2F2G2T3D,0,0,FILING_RECEIVED,DOL_FORM_5500_SF_2025,https://askebsa.dol.gov/FOIA%20Files/2025/Latest/F_5500_SF_2025_Latest.zip,2db4677bd93455ccc082d378fdd56594ac90ca0fc6f2da1639a15aea8ed3e94d
biz-066,471153791-001,medium,"sponsor name 'SIGMA MECHANICAL SERVICES, LLC' matches; sponsor address corroborates (25 ROCKWOOD ROAD, MARSHFIELD MA 02050)",5500-SF,2025,20260623001113NAL0008186448001,"SIGMA MECHANICAL, INC. 401(K) PROFIT SHARING PLAN","SIGMA MECHANICAL SERVICES, LLC",,471153791,MA,2025-01-01,2025-12-31,2026-06-23,25,2A 2E 2F 2G 2J 2K 2T,2A2E2F2G2J2K2T3D,0,0,FILING_RECEIVED,DOL_FORM_5500_SF_2025,https://askebsa.dol.gov/FOIA%20Files/2025/Latest/F_5500_SF_2025_Latest.zip,2db4677bd93455ccc082d378fdd56594ac90ca0fc6f2da1639a15aea8ed3e94d
biz-067,262617565-001,medium,"sponsor name 'WORCESTER AIR CONDITIONING CO., LLC' matches; sponsor ZIP corroborates (ASHLAND MA 017210228)",5500-SF,2025,20260730031820NAL0022678833001,WORCESTER AIR CONDITIONING 401(K) PLAN,"WORCESTER AIR CONDITIONING CO., LLC",,262617565,MA,2025-01-01,2025-12-31,2026-07-30,19,2E 2F 2G 2J 2K 2T 2A,2E2F2G2J2K2T3D2A,0,0,FILING_RECEIVED,DOL_FORM_5500_SF_2025,https://askebsa.dol.gov/FOIA%20Files/2025/Latest/F_5500_SF_2025_Latest.zip,2db4677bd93455ccc082d378fdd56594ac90ca0fc6f2da1639a15aea8ed3e94d
biz-069,043293270-001,medium,"sponsor name 'BELMONT ENERGY CORPORATION' matches; sponsor address corroborates (42 BRIGHTON STREET, BELMONT MA 02478)",5500-SF,2025,20260609121438NAL0004393363001,BELMONT ENERGY CORPORATION 401(K) PROFIT SHARING PLAN & TRU,BELMONT ENERGY CORPORATION,,043293270,MA,2025-01-01,2025-12-31,2026-06-09,19,2E 2F 2G 2J 2K 2T,2E2F2G2J2K2T3D,0,0,FILING_RECEIVED,DOL_FORM_5500_SF_2025,https://askebsa.dol.gov/FOIA%20Files/2025/Latest/F_5500_SF_2025_Latest.zip,2db4677bd93455ccc082d378fdd56594ac90ca0fc6f2da1639a15aea8ed3e94d
biz-070,042496994-002,medium,"sponsor name 'PATRICK J. KENNEDY & SONS, INC.' matches; sponsor address corroborates (39 GIBSON STREET, DORCHESTER MA 02122)",5500-SF,2024,20260427092644NAL0004756867001,"P.J.K. & SONS, INC. PROFIT SHARING PLAN AND TRUST","PATRICK J. KENNEDY & SONS, INC.",,042496994,MA,2024-10-01,2025-09-30,2026-04-27,12,2A 2E 2F 2H 2J 2K 2T,2A2E2F2H2J2K2T3D,0,,FILING_RECEIVED,DOL_FORM_5500_SF_2024,https://askebsa.dol.gov/FOIA%20Files/2024/Latest/F_5500_SF_2024_Latest.zip,11370908e2bbc78d1d418b2f2a2177875e0524c12b69a181432d6fd65a5966c3
biz-071,824038519-002,medium,"sponsor name 'COMMONWEALTH HOME SERVICES, INC.' matches; sponsor ZIP corroborates (IPSWICH MA 01938)",5500-SF,2025,20260826082421NAL0000143234001,"COMMONWEALTH HOME SERVICES, INC. 401(K) PLAN","COMMONWEALTH HOME SERVICES, INC.",,824038519,MA,2025-01-01,2025-12-31,2026-08-26,34,2A 2E 2F 2G 2J 2K 2T,2A2E2F2G2J2K2T3D,0,0,FILING_RECEIVED,DOL_FORM_5500_SF_2025,https://askebsa.dol.gov/FOIA%20Files/2025/Latest/F_5500_SF_2025_Latest.zip,2db4677bd93455ccc082d378fdd56594ac90ca0fc6f2da1639a15aea8ed3e94d
biz-073,042326673-001,medium,"sponsor name 'E. AMANTI & SONS, INC.' matches; sponsor address corroborates (390 HIGHLAND AVE, SALEM MA 01970)",5500,2025,20260715183557NAL0004714594001,AMANTI EMPLOYEE RETIREMENT PLAN,"E. AMANTI & SONS, INC.",,042326673,MA,2025-01-01,2025-12-31,2026-07-15,84,2E 2G 2J 2K 2F 2S 2T,2E2G2J2K3D2F2S2T,,,FILING_RECEIVED,DOL_FORM_5500_2025,https://askebsa.dol.gov/FOIA%20Files/2025/Latest/F_5500_2025_Latest.zip,9f6245cdcbb86ae167af4595bb3dba4fbf7845df98f4ccd6748aa98fa2a4e582
biz-074,042897459-001,low (review),"sponsor name 'POWDERLY & SONS PLUMBING & HEATING' matches; sponsor address differs (PO BOX 235, NUTTING LAKE MA 01865)",5500-SF,2024,20250530085014NAL0021964466001,POWDERLY & SONS PLUMBING & HEATING 401K PLAN,POWDERLY & SONS PLUMBING & HEATING,,042897459,MA,2024-01-01,2024-12-31,2025-05-30,36,2A 2E 2F 2G 2J 2T,2A2E2F2G2J2T3D,0,0,FILING_RECEIVED,DOL_FORM_5500_SF_2024,https://askebsa.dol.gov/FOIA%20Files/2024/Latest/F_5500_SF_2024_Latest.zip,11370908e2bbc78d1d418b2f2a2177875e0524c12b69a181432d6fd65a5966c3
biz-074,042897459-001,low (review),"sponsor name 'POWDERLY & SONS PLUMBING & HEATING' matches; sponsor address differs (PO BOX 235, NUTTING LAKE MA 01865)",5500-SF,2025,20260706155459NAL0018164593001,POWDERLY & SONS PLUMBING & HEATING 401K PLAN,POWDERLY & SONS PLUMBING & HEATING,,042897459,MA,2025-01-01,2025-12-31,2026-07-06,34,2A 2E 2F 2G 2J 2K 2T,2A2E2F2G2J2K2T3D,0,0,FILING_RECEIVED,DOL_FORM_5500_SF_2025,https://askebsa.dol.gov/FOIA%20Files/2025/Latest/F_5500_SF_2025_Latest.zip,2db4677bd93455ccc082d378fdd56594ac90ca0fc6f2da1639a15aea8ed3e94d
biz-075,043426133-001,low (review),"sponsor name 'THERMO-DYNAMICS INTERNATIONAL' matches; sponsor address differs (200 CHICKERING ROAD UNIT 107B, NORTH ANDOVER MA 018451077)",5500-SF,2024,20250619121209NAL0004708240001,THERMO-DYNAMICS INTERNATIONAL 401(K) PROFIT SHARING PLAN & TRUST,THERMO-DYNAMICS INTERNATIONAL,,043426133,MA,2024-01-01,2024-12-31,2025-06-19,11,2E 2F 2G 2J 2K 2T,2E2F2G2J2K2T3D3H,0,0,FILING_RECEIVED,DOL_FORM_5500_SF_2024,https://askebsa.dol.gov/FOIA%20Files/2024/Latest/F_5500_SF_2024_Latest.zip,11370908e2bbc78d1d418b2f2a2177875e0524c12b69a181432d6fd65a5966c3
biz-075,043426133-001,low (review),"sponsor name 'THERMO-DYNAMICS INTERNATIONAL' matches; sponsor address differs (200 CHICKERING ROAD UNIT 107B, NORTH ANDOVER MA 01845)",5500-SF,2025,20260901064723NAL0008661729001,THERMO-DYNAMICS INTERNATIONAL 401(K) PROFIT SHARING PLAN AND TRUST,THERMO-DYNAMICS INTERNATIONAL,,043426133,MA,2025-01-01,2025-12-31,2026-09-01,15,2A 2F 2G 2J 2K 2T 2E,2A2F2G2J2K2T3D2E3H,0,0,FILING_RECEIVED,DOL_FORM_5500_SF_2025,https://askebsa.dol.gov/FOIA%20Files/2025/Latest/F_5500_SF_2025_Latest.zip,2db4677bd93455ccc082d378fdd56594ac90ca0fc6f2da1639a15aea8ed3e94d
biz-077,273519866-001,medium,"sponsor name 'BOSTON AIR CORP.' matches; sponsor address corroborates (1595 CENTRAL ST., UNIT 2, STOUGHTON MA 02072)",5500-SF,2025,20260513113111NAL0007519729004,BOSTON AIR CORP 401(K) PLAN,BOSTON AIR CORP.,,273519866,MA,2025-01-01,2025-12-31,2026-05-13,30,2A 2E 2F 2G 2J 2K 2T,2A2E2F2G2J2K2T3D,0,,FILING_RECEIVED,DOL_FORM_5500_SF_2025,https://askebsa.dol.gov/FOIA%20Files/2025/Latest/F_5500_SF_2025_Latest.zip,2db4677bd93455ccc082d378fdd56594ac90ca0fc6f2da1639a15aea8ed3e94d
biz-078,203474437-001,medium,"sponsor name 'C & C TEMP CONTROL, INC.' matches; sponsor address corroborates (167 SW CUTOFF UNIT J, WORCESTER MA 01604)",5500-SF,2025,20260525124047NAL0005716323001,"C & C TEMP CONTROL, INC. 401(K) P/S PLAN","C & C TEMP CONTROL, INC.",,203474437,MA,2025-01-01,2025-12-31,2026-05-25,23,2E 2F 2G 2J 2K 2S 2T,2E2F2G2J2K2S2T3D,0,0,FILING_RECEIVED,DOL_FORM_5500_SF_2025,https://askebsa.dol.gov/FOIA%20Files/2025/Latest/F_5500_SF_2025_Latest.zip,2db4677bd93455ccc082d378fdd56594ac90ca0fc6f2da1639a15aea8ed3e94d
biz-079,043148602-001,medium,"sponsor name 'JV MECHANICAL CONTRACTORS, INC.' matches; sponsor address corroborates (929 SCHOOL ST, WEBSTER MA 01570)",5500-SF,2025,20260720043512NAL0007069507001,"JV MECHANICAL CONTRACTORS, INC. RETIREMENT PLAN","JV MECHANICAL CONTRACTORS, INC.",,043148602,MA,2025-01-01,2025-12-31,2026-07-20,22,2A 2E 2F 2G 2J 2K 2T,2A2E2F2G2J2K2T3D,0,0,FILING_RECEIVED,DOL_FORM_5500_SF_2025,https://askebsa.dol.gov/FOIA%20Files/2025/Latest/F_5500_SF_2025_Latest.zip,2db4677bd93455ccc082d378fdd56594ac90ca0fc6f2da1639a15aea8ed3e94d
biz-081,043049276-002,low (review),"sponsor name 'DRY AIR SYSTEMS, INC.' matches; sponsor address differs (3 STANLEY TUCKER DR, NEWBURYPORT MA 01950)",5500-SF,2024,20250730062813NAL0009501746001,"DRY AIR SYSTEMS, INC. 401(K) PROFIT SHARING PLAN","DRY AIR SYSTEMS, INC.",,043049276,MA,2024-01-01,2024-12-31,2025-07-30,74,2E 2F 2G 2J 2K 2T,2E2F2G2J2K2T3D3H,0,0,FILING_RECEIVED,DOL_FORM_5500_SF_2024,https://askebsa.dol.gov/FOIA%20Files/2024/Latest/F_5500_SF_2024_Latest.zip,11370908e2bbc78d1d418b2f2a2177875e0524c12b69a181432d6fd65a5966c3
biz-081,043049276-002,low (review),"sponsor name 'DRY AIR SYSTEMS, INC.' matches; sponsor address differs (3 STANLEY TUCKER DR, NEWBURYPORT MA 01950)",5500-SF,2025,20260825070535NAL0029291155001,"DRY AIR SYSTEMS, INC. 401(K) PROFIT SHARING PLAN","DRY AIR SYSTEMS, INC.",,043049276,MA,2025-01-01,2025-12-31,2026-08-25,78,2E 2F 2G 2J 2K 2T,2E2F2G2J2K2T3D3H,0,0,FILING_RECEIVED,DOL_FORM_5500_SF_2025,https://askebsa.dol.gov/FOIA%20Files/2025/Latest/F_5500_SF_2025_Latest.zip,2db4677bd93455ccc082d378fdd56594ac90ca0fc6f2da1639a15aea8ed3e94d
biz-082,462451401-001,medium,"sponsor name 'DESIGN MECHANICAL INC' matches; sponsor address corroborates (70 TENNEY STREET, GEORGETOWN MA 01833)",5500-SF,2025,20260515061451NAL0011400144001,DESIGN MECHANICAL INC 401K PLAN,DESIGN MECHANICAL INC,,462451401,MA,2025-01-01,2025-12-31,2026-05-15,44,2E 2F 2G 2J 2K 2T,2E2F2G2J2K2T3D,0,0,FILING_RECEIVED,DOL_FORM_5500_SF_2025,https://askebsa.dol.gov/FOIA%20Files/2025/Latest/F_5500_SF_2025_Latest.zip,2db4677bd93455ccc082d378fdd56594ac90ca0fc6f2da1639a15aea8ed3e94d
biz-082,200144625-001,low (review),"sponsor name 'DESIGN MECHANICAL, INC.' matches; sponsor address differs (PO BOX 7190, SHAWNEE MISSION KS 66207)",5500-SF,2024,20251013110432NAL0002586674001,"DESIGN MECHANICAL, INC. 401(K) RETIREMENT PLAN","DESIGN MECHANICAL, INC.",,200144625,KS,2024-01-01,2024-12-31,2025-10-13,59,2E 2F 2G 2J 2K 2T,2E2F2G2J2K2T3D,0,0,FILING_RECEIVED,DOL_FORM_5500_SF_2024,https://askebsa.dol.gov/FOIA%20Files/2024/Latest/F_5500_SF_2024_Latest.zip,11370908e2bbc78d1d418b2f2a2177875e0524c12b69a181432d6fd65a5966c3
biz-082,200144625-001,low (review),"sponsor name 'DESIGN MECHANICAL, INC.' matches; sponsor address differs (100 GREYSTONE AVE., KANSAS CITY KS 66103)",5500-SF,2025,20260803161626NAL0000835075001,"DESIGN MECHANICAL, INC. 401(K) RETIREMENT PLAN","DESIGN MECHANICAL, INC.",,200144625,KS,2025-01-01,2025-12-31,2026-08-03,61,2A 2E 2J 2F 2G 2T,2A2E2J2F2G3D2T,0,0,FILING_RECEIVED,DOL_FORM_5500_SF_2025,https://askebsa.dol.gov/FOIA%20Files/2025/Latest/F_5500_SF_2025_Latest.zip,2db4677bd93455ccc082d378fdd56594ac90ca0fc6f2da1639a15aea8ed3e94d
biz-082,200144625-002,low (review),"sponsor name 'DESIGN MECHANICAL, INC.' matches; sponsor address differs (100 GREYSTONE AVENUE, KANSAS CITY KS 66103)",5500,2024,20251015083942NAL0008365538001,"DESIGN MECHANICAL, INC. EMPLOYEE STOCK OWNERSHIP PLAN","DESIGN MECHANICAL, INC.",,200144625,KS,2024-01-01,2024-12-31,2025-10-15,45,2P 2Q 2I,2P2Q3I2I,0,0,FILING_RECEIVED,DOL_FORM_5500_2024,https://askebsa.dol.gov/FOIA%20Files/2024/Latest/F_5500_2024_Latest.zip,8884391d48a9e362fd7d2b91d6e37430bd2e54355c9dbc3479985c9d876872f8
biz-082,371396511-001,low (review),"sponsor name 'DESIGN MECHANICAL, INC.' matches; sponsor address differs (126 NORTH 30TH, STE 101, QUINCY IL 62301)",5500-SF,2024,20250707141448NAL0003871825001,"DESIGN MECHANICAL, INC. 401(K) PROFIT SHARING PLAN","DESIGN MECHANICAL, INC.",,371396511,IL,2024-01-01,2024-12-31,2025-07-07,4,2A 2E 2F 2G 2J 2K,2A2E2F2G2J2K3D,0,0,FILING_RECEIVED,DOL_FORM_5500_SF_2024,https://askebsa.dol.gov/FOIA%20Files/2024/Latest/F_5500_SF_2024_Latest.zip,11370908e2bbc78d1d418b2f2a2177875e0524c12b69a181432d6fd65a5966c3
biz-083,043180967-001,medium,"sponsor name 'TOTAL TEMPERATURE CONTROL, INC.' matches; sponsor address corroborates (39 WEST WATER STREET, WAKEFIELD MA 01880)",5500-SF,2025,20260216161351NAL0006664242001,"TOTAL TEMPERATURE CONTROL, INC. 401(K) PLAN","TOTAL TEMPERATURE CONTROL, INC.",,043180967,MA,2025-01-01,2025-12-31,2026-02-16,13,2A 2E 2F 2G 2J 2T,2A2E2F2G2J2T3D,0,,FILING_RECEIVED,DOL_FORM_5500_SF_2025,https://askebsa.dol.gov/FOIA%20Files/2025/Latest/F_5500_SF_2025_Latest.zip,2db4677bd93455ccc082d378fdd56594ac90ca0fc6f2da1639a15aea8ed3e94d
biz-085,043542016-002,medium,"sponsor name 'ERIC C. FOSTER PLUMBING & HEATING, LLC' matches; sponsor address corroborates (145 STEDMAN STREET, CHELMSFORD MA 01824)",5500-SF,2025,20260810094017NAL0006608881001,"ERIC C. FOSTER PLUMBING & HEATING, LLC 401(K) PROFIT SHARING PLAN","ERIC C. FOSTER PLUMBING & HEATING, LLC",,043542016,MA,2025-01-01,2025-12-31,2026-08-10,25,2E 2F 2H 2J 2K 2T,2E2F2H2J2K2T3D,0,0,FILING_RECEIVED,DOL_FORM_5500_SF_2025,https://askebsa.dol.gov/FOIA%20Files/2025/Latest/F_5500_SF_2025_Latest.zip,2db4677bd93455ccc082d378fdd56594ac90ca0fc6f2da1639a15aea8ed3e94d
biz-086,042760544-001,medium,"sponsor name 'KERMIT B SCHULZ & SONS INC' matches; sponsor address corroborates (39 NORFOLK RD, MILLIS MA 020541716)",5500-SF,2024,20250929102332NAL0015046387001,KERMIT B SCHULZ & SONS INC 401(K) PROFIT SHARING PLAN & TRUST,KERMIT B SCHULZ & SONS INC,,042760544,MA,2024-01-01,2024-12-31,2025-09-29,15,2A 2E 2F 2G 2J 2T,2A2E2F2G2J2T3D,0,0,FILING_RECEIVED,DOL_FORM_5500_SF_2024,https://askebsa.dol.gov/FOIA%20Files/2024/Latest/F_5500_SF_2024_Latest.zip,11370908e2bbc78d1d418b2f2a2177875e0524c12b69a181432d6fd65a5966c3
biz-087,871982981-001,low (review),"sponsor name 'READY ROOTER' matches; sponsor address differs (13222 SE 30TH ST STE A1, BELLEVUE WA 98005)",5500-SF,2025,20260727185854NAL0023825552001,READY ROOTER 401(K) PLAN,READY ROOTER,,871982981,WA,2025-01-01,2025-12-31,2026-07-27,40,2A 2E 2F 2G 2J 2K 2S 2T,2A2E2F2G2J2K2S2T3D,0,0,FILING_RECEIVED,DOL_FORM_5500_SF_2025,https://askebsa.dol.gov/FOIA%20Files/2025/Latest/F_5500_SF_2025_Latest.zip,2db4677bd93455ccc082d378fdd56594ac90ca0fc6f2da1639a15aea8ed3e94d
biz-088,043215014-001,medium,"sponsor name '128 PLUMBING & HEATING, INC.' matches; sponsor address corroborates (78 FOUNDRY STREET, WAKEFIELD MA 01880)",5500,2024,20251014083849NAL0001126067001,"128 PLUMBING & HEATING, INC. 401(K) PLAN","128 PLUMBING & HEATING, INC.",,043215014,MA,2024-01-01,2024-12-31,2025-10-14,183,2E 2F 2G 2J 2K 2S 2T,2E2F2G2J2K2S2T3D3H,0,0,FILING_RECEIVED,DOL_FORM_5500_2024,https://askebsa.dol.gov/FOIA%20Files/2024/Latest/F_5500_2024_Latest.zip,8884391d48a9e362fd7d2b91d6e37430bd2e54355c9dbc3479985c9d876872f8
biz-090,042162235-001,medium,"sponsor name 'FILTER SALES & SERVICE INC.' matches; sponsor address corroborates (15 ADAMS STREET, BURLINGTON MA 01803)",5500-SF,2025,20260812101430NAL0008469683001,FILTER SALES & SERVICE INC 401(K) PLAN,FILTER SALES & SERVICE INC.,,042162235,MA,2025-01-01,2025-12-31,2026-08-12,69,2S 2E 2G 2J 2K 2F 2T,2S2E3D2G2J2K2F2T,0,0,FILING_RECEIVED,DOL_FORM_5500_SF_2025,https://askebsa.dol.gov/FOIA%20Files/2025/Latest/F_5500_SF_2025_Latest.zip,2db4677bd93455ccc082d378fdd56594ac90ca0fc6f2da1639a15aea8ed3e94d
biz-091,043075017-001,medium,sponsor name 'COOLING UNLIMITED INC.' matches; sponsor ZIP corroborates (READING MA 01867),5500-SF,2025,20260617082113NAL0002599730001,COOLING UNLIMITED INC. 401K PLAN,COOLING UNLIMITED INC.,,043075017,MA,2025-01-01,2025-12-31,2026-06-17,20,2A 2E 2F 2G 2J 2K 2T,2A2E2F2G2J2K2T3D,0,0,FILING_RECEIVED,DOL_FORM_5500_SF_2025,https://askebsa.dol.gov/FOIA%20Files/2025/Latest/F_5500_SF_2025_Latest.zip,2db4677bd93455ccc082d378fdd56594ac90ca0fc6f2da1639a15aea8ed3e94d
biz-092,274481778-001,medium,"sponsor name 'DG SERVICE COMPANY, INC.' matches; sponsor address corroborates (23 COUNTY ROAD, MATTAPOISETT MA 02739)",5500-SF,2025,20260506195756NAL0001695635001,"DG SERVICE COMPANY, INC. PROFIT SHARING PLAN","DG SERVICE COMPANY, INC.",,274481778,MA,2025-01-01,2025-12-31,2026-05-06,0,2A 2E,2A2E3D,1,,FILING_RECEIVED,DOL_FORM_5500_SF_2025,https://askebsa.dol.gov/FOIA%20Files/2025/Latest/F_5500_SF_2025_Latest.zip,2db4677bd93455ccc082d378fdd56594ac90ca0fc6f2da1639a15aea8ed3e94d
biz-093,042035618-001,medium,"sponsor name 'T.J. CONWAY COMPANY, INC.' matches; sponsor ZIP corroborates (SPRINGFIELD MA 01104)",5500-SF,2024,20260323103415NAL0001448032001,"T. J. CONWAY COMPANY, INC. 401(K) PLAN","T.J. CONWAY COMPANY, INC.",,042035618,MA,2024-10-01,2025-09-30,2026-03-23,8,2E 2F 2G 2J 2T,2E2F2G3D2J2T,0,0,FILING_RECEIVED,DOL_FORM_5500_SF_2024,https://askebsa.dol.gov/FOIA%20Files/2024/Latest/F_5500_SF_2024_Latest.zip,11370908e2bbc78d1d418b2f2a2177875e0524c12b69a181432d6fd65a5966c3
biz-094,271315271-001,medium,"sponsor name 'INDEPENDENT MECHANICAL CONTRACTORS, INC.' matches; sponsor ZIP corroborates (WOBURN MA 01801)",5500-SF,2025,20260707001419NAL0023129408001,INDEPENDENT MECHANICAL CONTRACTORS 401(K) PLAN,"INDEPENDENT MECHANICAL CONTRACTORS, INC.",,271315271,MA,2025-01-01,2025-12-31,2026-07-07,7,2A 2E 2F 2G 2J 2K 2T,2A2E2F2G2J2K2T3D,0,0,FILING_RECEIVED,DOL_FORM_5500_SF_2025,https://askebsa.dol.gov/FOIA%20Files/2025/Latest/F_5500_SF_2025_Latest.zip,2db4677bd93455ccc082d378fdd56594ac90ca0fc6f2da1639a15aea8ed3e94d
biz-095,042539594-001,low (review),"sponsor name 'P.H. MECHANICAL' matches; sponsor address differs (251 REVERE STREET, CANTON MA 02021)",5500-SF,2024,20251010102546NAL0017648242001,P.H. MECHANICAL CORPORATION 401(K) PLAN AND TRUST,P.H. MECHANICAL,,042539594,MA,2024-01-01,2024-12-31,2025-10-10,51,2E 2F 2G 2J 2K 2T,2E2F2G2J2K2T3D,0,0,FILING_RECEIVED,DOL_FORM_5500_SF_2024,https://askebsa.dol.gov/FOIA%20Files/2024/Latest/F_5500_SF_2024_Latest.zip,11370908e2bbc78d1d418b2f2a2177875e0524c12b69a181432d6fd65a5966c3
biz-095,042539594-001,low (review),"sponsor name 'P.H. MECHANICAL CORP.' matches; sponsor address differs (251 REVERE STREET, CANTON MA 02021)",5500-SF,2025,20260729143817NAL0021951329001,P.H. MECHANICAL CORPORATION 401(K) PLAN AND TRUST,P.H. MECHANICAL CORP.,,042539594,MA,2025-01-01,2025-12-31,2026-07-29,58,2E 2F 2G 2J 2K 2T,2E2F2G2J2K2T3D,0,0,FILING_RECEIVED,DOL_FORM_5500_SF_2025,https://askebsa.dol.gov/FOIA%20Files/2025/Latest/F_5500_SF_2025_Latest.zip,2db4677bd93455ccc082d378fdd56594ac90ca0fc6f2da1639a15aea8ed3e94d
biz-098,042481627-001,medium,"sponsor name 'EDWARD H. MARCHANT CO, INC.' matches; sponsor ZIP corroborates (QUINCY MA 02170)",5500-SF,2025,20260723032932NAL0015924464001,"EDWARD H. MARCHANT CO, INC 401(K) PLAN","EDWARD H. MARCHANT CO, INC.",,042481627,MA,2025-01-01,2025-12-31,2026-07-23,13,2A 2E 2F 2G 2J 2S 2T,2A2E2F2G2J2S2T3D,0,0,FILING_RECEIVED,DOL_FORM_5500_SF_2025,https://askebsa.dol.gov/FOIA%20Files/2025/Latest/F_5500_SF_2025_Latest.zip,2db4677bd93455ccc082d378fdd56594ac90ca0fc6f2da1639a15aea8ed3e94d
biz-099,042441491-001,medium,"sponsor name 'KIRKLAND & SHAW INC' matches; sponsor address corroborates (5 ADAMS ST, BURLINGTON MA 018034917)",5500-SF,2025,20260610190226NAL0004816369001,KIRKLAND & SHAW INC 401(K) PROFIT SHARING PLAN & TRUST,KIRKLAND & SHAW INC,,042441491,MA,2025-01-01,2025-12-31,2026-06-10,15,2A 2E 2F 2G 2J 2K 2S 2T,2A2E2F2G2J2K2S2T3D,0,0,FILING_RECEIVED,DOL_FORM_5500_SF_2025,https://askebsa.dol.gov/FOIA%20Files/2025/Latest/F_5500_SF_2025_Latest.zip,2db4677bd93455ccc082d378fdd56594ac90ca0fc6f2da1639a15aea8ed3e94d
biz-100,042383193-001,medium,"sponsor name 'NORTHEAST AUTOMATIC SPRINKLER CO., INC.' matches; sponsor address corroborates (25 MARION DRIVE, KINGSTON MA 02364)",5500-SF,2024,20250518143711NAL0000882642001,"NORTHEAST AUTOMATIC SPRINKLER CO., INC. 401(K) PLAN","NORTHEAST AUTOMATIC SPRINKLER CO., INC.",,042383193,MA,2024-01-01,2024-12-31,2025-05-18,16,2E 2F 2G 2J 2K 2T,2E2F2G2J2K2T3D,0,0,FILING_RECEIVED,DOL_FORM_5500_SF_2024,https://askebsa.dol.gov/FOIA%20Files/2024/Latest/F_5500_SF_2024_Latest.zip,11370908e2bbc78d1d418b2f2a2177875e0524c12b69a181432d6fd65a5966c3
biz-101,043281394-001,low (review),"sponsor name 'SS SERVICE CORP.' matches; sponsor address differs (450 RICHMOND ST, RAYNHAM MA 02767)",5500-SF,2024,20250731150744NAL0013563826001,SS SERVICE CORP. 401(K) PLAN,SS SERVICE CORP.,,043281394,MA,2024-01-01,2024-12-31,2025-07-31,67,2E 2F 2G 2J 2K 2S 2T,2E2F2G2J2K2S2T3D,0,0,FILING_RECEIVED,DOL_FORM_5500_SF_2024,https://askebsa.dol.gov/FOIA%20Files/2024/Latest/F_5500_SF_2024_Latest.zip,11370908e2bbc78d1d418b2f2a2177875e0524c12b69a181432d6fd65a5966c3
biz-101,043281394-001,low (review),"sponsor name 'SS SERVICE CORP.' matches; sponsor address differs (450 RICHMOND ST, RAYNHAM MA 02767)",5500-SF,2025,20260716164348NAL0005781392001,SS SERVICE CORP. 401(K) PLAN,SS SERVICE CORP.,,043281394,MA,2025-01-01,2025-12-31,2026-07-16,70,2E 2F 2G 2J 2K 2S 2T,2E2F2G2J2K2S2T3D,0,0,FILING_RECEIVED,DOL_FORM_5500_SF_2025,https://askebsa.dol.gov/FOIA%20Files/2025/Latest/F_5500_SF_2025_Latest.zip,2db4677bd93455ccc082d378fdd56594ac90ca0fc6f2da1639a15aea8ed3e94d
biz-105,320295874-001,medium,"sponsor name 'MECHANICAL ENERGY CORPORATION' matches; sponsor address corroborates (153 WASHINGTON ST STE 11, EAST WALPOLE MA 020321163)",5500-SF,2025,20260504093352NAL0004733648001,MECHANICAL ENERGY CORPORATION 401(K) PROFIT SHARING PLAN & TRUST,MECHANICAL ENERGY CORPORATION,,320295874,MA,2025-01-01,2025-12-31,2026-05-04,8,2E 2F 2G 2J 2K 2S 2T,2E2F2G2J2K2S2T3D,0,0,FILING_RECEIVED,DOL_FORM_5500_SF_2025,https://askebsa.dol.gov/FOIA%20Files/2025/Latest/F_5500_SF_2025_Latest.zip,2db4677bd93455ccc082d378fdd56594ac90ca0fc6f2da1639a15aea8ed3e94d
biz-108,042392626-001,medium,"sponsor name 'PANN HOME SERVICES CORPORATION' matches; sponsor address corroborates (247 SALEM ST, WOBURN MA 018012004)",5500-SF,2025,20260511080123NAL0005515953001,PANN HOME SERVICES INC 401(K) PROFIT SHARING PLAN & TRUST,PANN HOME SERVICES CORPORATION,,042392626,MA,2025-01-01,2025-12-31,2026-05-11,19,2E 2F 2G 2J 2K 2T,2E2F2G2J2K2T3D,0,0,FILING_RECEIVED,DOL_FORM_5500_SF_2025,https://askebsa.dol.gov/FOIA%20Files/2025/Latest/F_5500_SF_2025_Latest.zip,2db4677bd93455ccc082d378fdd56594ac90ca0fc6f2da1639a15aea8ed3e94d
biz-110,042318898-002,medium,"sponsor name 'KEYES NORTH ATLANTIC, INC.' matches; sponsor address corroborates (459 WATERTOWN ST., NEWTON MA 02460)",5500,2025,20260625123405NAL0008706257001,"KEYES NORTH ATLANTIC, INC. 401(K)/PROFIT SHARING PLAN","KEYES NORTH ATLANTIC, INC.",,042318898,MA,2025-01-01,2025-12-31,2026-06-25,58,2E 2F 2G 2J 2K 2S 2T,2E2F2G2J2K2S2T3D,0,,FILING_RECEIVED,DOL_FORM_5500_2025,https://askebsa.dol.gov/FOIA%20Files/2025/Latest/F_5500_2025_Latest.zip,9f6245cdcbb86ae167af4595bb3dba4fbf7845df98f4ccd6748aa98fa2a4e582
biz-112,201140594-002,medium,"sponsor name 'MARTEL HVAC CORP' matches; sponsor address corroborates (58 UNION STREET, ASHLAND MA 01721)",5500-SF,2025,20260922085128NAL0012018195001,MARTEL HVAC CORP 401(K) PROFIT SHARING PLAN & TRUST,MARTEL HVAC CORP,,201140594,MA,2025-01-01,2025-12-31,2026-09-22,47,2E 2F 2G 2J 2K 2T,2E2F2G2J2K2T3D,0,0,FILING_RECEIVED,DOL_FORM_5500_SF_2025,https://askebsa.dol.gov/FOIA%20Files/2025/Latest/F_5500_SF_2025_Latest.zip,2db4677bd93455ccc082d378fdd56594ac90ca0fc6f2da1639a15aea8ed3e94d
biz-113,042478203-001,medium,"sponsor name 'MEDFORD WELLINGTON SERVICE CO., INC.' matches; sponsor address corroborates (9 EXECUTIVE PARK DRIVE, N. BILLERICA MA 018621318)",5500,2024,20251009083207NAL0015008354001,"MEDFORD WELLINGTON, INC. 401(K) AND PROFIT SHARING PLAN","MEDFORD WELLINGTON SERVICE CO., INC.",,042478203,MA,2024-01-01,2024-12-31,2025-10-09,135,2E 2F 2G 2J 2K 2T,2E2F2G2J2K2T3D,0,,FILING_RECEIVED,DOL_FORM_5500_2024,https://askebsa.dol.gov/FOIA%20Files/2024/Latest/F_5500_2024_Latest.zip,8884391d48a9e362fd7d2b91d6e37430bd2e54355c9dbc3479985c9d876872f8
biz-118,463501379-001,medium,"sponsor name 'BRAGA BROS INC' matches; sponsor address corroborates (110 BREEDS HILL RD, HYANNIS MA 026011864)",5500-SF,2025,20260611122858NAL0006265553001,BRAGA BROS INC 401(K) PROFIT SHARING PLAN & TRUST,BRAGA BROS INC,,463501379,MA,2025-01-01,2025-12-31,2026-06-11,34,2E 2F 2G 2J 2S 2T,2E2F2G2J2S2T3D,0,0,FILING_RECEIVED,DOL_FORM_5500_SF_2025,https://askebsa.dol.gov/FOIA%20Files/2025/Latest/F_5500_SF_2025_Latest.zip,2db4677bd93455ccc082d378fdd56594ac90ca0fc6f2da1639a15aea8ed3e94d
biz-119,042303434-004,medium,"sponsor name 'ATLANTIC HEATING & AIR CONDITIONING CO., INC.' matches; sponsor address corroborates (116 CYPRESS STREET, BROOKLINE MA 02445)",5500-SF,2025,20260515101821NAL0008105027001,"ATLANTIC HEATING & AIR CONDITIONING CO., INC. 401(K) PLAN","ATLANTIC HEATING & AIR CONDITIONING CO., INC.",,042303434,MA,2025-01-01,2025-12-31,2026-05-15,55,2E 2F 2G 2J 2K 2T,2E2F2G2J2K2T3D,0,0,FILING_RECEIVED,DOL_FORM_5500_SF_2025,https://askebsa.dol.gov/FOIA%20Files/2025/Latest/F_5500_SF_2025_Latest.zip,2db4677bd93455ccc082d378fdd56594ac90ca0fc6f2da1639a15aea8ed3e94d
biz-120,043172931-001,medium,sponsor name 'AALANCO SERVICE CORPORATION' matches; sponsor ZIP corroborates (WESTBORO MA 01581),5500-SF,2025,20260511080057NAL0005705633001,AALANCO SERVICE CORPORATION 401(K) PROFIT SHARING PLAN & TRUST,AALANCO SERVICE CORPORATION,,043172931,MA,2025-01-01,2025-12-31,2026-05-11,38,2E 2F 2J 2S 2T 2G 2K,2E2F2J2S2T3H2G2K3D,0,0,FILING_RECEIVED,DOL_FORM_5500_SF_2025,https://askebsa.dol.gov/FOIA%20Files/2025/Latest/F_5500_SF_2025_Latest.zip,2db4677bd93455ccc082d378fdd56594ac90ca0fc6f2da1639a15aea8ed3e94d
biz-121,208492243-001,medium,"sponsor name 'INLINE MECHANICAL LLC' matches; sponsor address corroborates (226 LOWELL ST, STE A3, LOWELL MA 01887)",5500-SF,2025,20260608163139NAL0004977760001,INLINE MECHANICAL 401(K) PLAN,INLINE MECHANICAL LLC,,208492243,MA,2025-01-01,2025-12-31,2026-06-08,23,2A 2E 2F 2G 2J 2S 2T,2A2E2F2G2J2S2T3D,0,0,FILING_RECEIVED,DOL_FORM_5500_SF_2025,https://askebsa.dol.gov/FOIA%20Files/2025/Latest/F_5500_SF_2025_Latest.zip,2db4677bd93455ccc082d378fdd56594ac90ca0fc6f2da1639a15aea8ed3e94d
biz-122,042255227-001,low (review),"sponsor name 'J.J. SULLIVAN PLUMBING AND HEATING CO., INC.' matches; sponsor address differs (8 MICRO DRIVE, WOBURN MA 01801)",5500-SF,2024,20250604153619NAL0008495715001,"J.J. SULLIVAN PLUMBING AND HEATING CO., INC. 401(K) PLAN","J.J. SULLIVAN PLUMBING AND HEATING CO., INC.",,042255227,MA,2024-01-01,2024-12-31,2025-06-04,17,2A 2E 2F 2G 2J 2K,2A2E2F2G2J2K3D,0,0,FILING_RECEIVED,DOL_FORM_5500_SF_2024,https://askebsa.dol.gov/FOIA%20Files/2024/Latest/F_5500_SF_2024_Latest.zip,11370908e2bbc78d1d418b2f2a2177875e0524c12b69a181432d6fd65a5966c3
biz-122,042255227-001,low (review),"sponsor name 'J.J. SULLIVAN PLUMBING AND HEATING CO., INC.' matches; sponsor address differs (8 MICRO DRIVE, WOBURN MA 01801)",5500-SF,2025,20260615175231NAL0000177619001,"J.J. SULLIVAN PLUMBING AND HEATING CO., INC. 401(K) PLAN","J.J. SULLIVAN PLUMBING AND HEATING CO., INC.",,042255227,MA,2025-01-01,2025-12-31,2026-06-15,15,2A 2E 2F 2G 2J 2K,2A2E2F2G2J2K3D,0,0,FILING_RECEIVED,DOL_FORM_5500_SF_2025,https://askebsa.dol.gov/FOIA%20Files/2025/Latest/F_5500_SF_2025_Latest.zip,2db4677bd93455ccc082d378fdd56594ac90ca0fc6f2da1639a15aea8ed3e94d
biz-124,233011499-001,low (review),"sponsor name 'B & B MECHANICAL SERVICES' matches; sponsor address differs (1410 ELKINS AVE, LEVITTOWN PA 190575012)",5500-SF,2024,20250407103249NAL0032490370001,B & B MECHANICAL SERVICES 401(K) PROFIT SHARING PLAN & TRUST,B & B MECHANICAL SERVICES,,233011499,PA,2024-01-01,2024-12-31,2025-04-07,8,2E 2F 2G 2J 2K 2T,2E2F2G2J2K2T3D,0,0,FILING_RECEIVED,DOL_FORM_5500_SF_2024,https://askebsa.dol.gov/FOIA%20Files/2024/Latest/F_5500_SF_2024_Latest.zip,11370908e2bbc78d1d418b2f2a2177875e0524c12b69a181432d6fd65a5966c3
biz-124,233011499-001,low (review),"sponsor name 'B & B MECHANICAL SERVICES' matches; sponsor address differs (1410 ELKINS AVE, LEVITTOWN PA 190575012)",5500-SF,2025,20260413180859NAL0030633234001,B & B MECHANICAL SERVICES 401(K) PROFIT SHARING PLAN & TRUST,B & B MECHANICAL SERVICES,,233011499,PA,2025-01-01,2025-12-31,2026-04-13,7,2E 2F 2G 2J 2K 2T,2E2F2G2J2K2T3D,0,0,FILING_RECEIVED,DOL_FORM_5500_SF_2025,https://askebsa.dol.gov/FOIA%20Files/2025/Latest/F_5500_SF_2025_Latest.zip,2db4677bd93455ccc082d378fdd56594ac90ca0fc6f2da1639a15aea8ed3e94d
biz-124,271337254-001,low (review),"sponsor name 'B&B MECHANICAL SERVICES, INC.' matches; sponsor address differs (1040 SERPENTINE LD STE 202, PLEASANTON CA 94566)",5500-SF,2024,20250929143124NAL0010974913001,B&B MECHANICAL SERVICES INC 401K PLAN,"B&B MECHANICAL SERVICES, INC.",,271337254,CA,2024-01-01,2024-12-31,2025-09-29,7,2E 2F 2G 2J 2K 2T,2E2F2G2J2K2T3D,0,0,FILING_RECEIVED,DOL_FORM_5500_SF_2024,https://askebsa.dol.gov/FOIA%20Files/2024/Latest/F_5500_SF_2024_Latest.zip,11370908e2bbc78d1d418b2f2a2177875e0524c12b69a181432d6fd65a5966c3
biz-124,271337254-001,low (review),"sponsor name 'B&B MECHANICAL SERVICES, INC.' matches; sponsor address differs (1040 SERPENTINE LD STE 202, PLEASANTON CA 94566)",5500-SF,2025,20260529163149NAL0019485266001,B&B MECHANICAL SERVICES INC 401K PLAN,"B&B MECHANICAL SERVICES, INC.",,271337254,CA,2025-01-01,2025-12-31,2026-05-29,7,2E 2F 2G 2J 2K 2T,2E2F2G2J2K2T3D,0,0,FILING_RECEIVED,DOL_FORM_5500_SF_2025,https://askebsa.dol.gov/FOIA%20Files/2025/Latest/F_5500_SF_2025_Latest.zip,2db4677bd93455ccc082d378fdd56594ac90ca0fc6f2da1639a15aea8ed3e94d
biz-124,352190704-001,low (review),"sponsor name 'B&B MECHANICAL SERVICES, INC.' matches; sponsor address differs (8E INDUSTRIAL WAY, SALEM NH 03079)",5500-SF,2024,20250523202106NAL0003130083001,"B&B MECHANICAL SERVICES, INC. 401(K) PROFIT SHARING PLAN AND T","B&B MECHANICAL SERVICES, INC.",,352190704,NH,2024-01-01,2024-12-31,2025-05-23,11,2E 2F 2G 2J 2K 2T,2E2F2G2J2K2T3D,0,0,FILING_RECEIVED,DOL_FORM_5500_SF_2024,https://askebsa.dol.gov/FOIA%20Files/2024/Latest/F_5500_SF_2024_Latest.zip,11370908e2bbc78d1d418b2f2a2177875e0524c12b69a181432d6fd65a5966c3
biz-124,352190704-001,low (review),"sponsor name 'B&B MECHANICAL SERVICES, INC.' matches; sponsor address differs (8E INDUSTRIAL WAY, SALEM NH 03079)",5500-SF,2025,20260521121121NAL0003212608001,"B&B MECHANICAL SERVICES, INC. 401(K) PROFIT SHARING PLAN AND T","B&B MECHANICAL SERVICES, INC.",,352190704,NH,2025-01-01,2025-12-31,2026-05-21,15,2E 2F 2G 2J 2K 2T,2E2F2G2J2K2T3D,0,0,FILING_RECEIVED,DOL_FORM_5500_SF_2025,https://askebsa.dol.gov/FOIA%20Files/2025/Latest/F_5500_SF_2025_Latest.zip,2db4677bd93455ccc082d378fdd56594ac90ca0fc6f2da1639a15aea8ed3e94d
biz-125,043335202-001,medium,"sponsor name 'EXCEL HVAC' matches; sponsor address corroborates (61 GLENN ST, LAWRENCE MA 01843)",5500-SF,2024,20251007085206NAL0007576720001,EXCEL HVAC RETIREMENT AND TRUST,EXCEL HVAC,,043335202,MA,2024-01-01,2024-12-31,2025-10-07,2,2E 2J 2K,2E2J2K3D,0,0,FILING_RECEIVED,DOL_FORM_5500_SF_2024,https://askebsa.dol.gov/FOIA%20Files/2024/Latest/F_5500_SF_2024_Latest.zip,11370908e2bbc78d1d418b2f2a2177875e0524c12b69a181432d6fd65a5966c3
biz-126,042049088-002,medium,"sponsor name 'THOMAS G. GALLAGHER, INC.' matches; sponsor ZIP corroborates (WALTHAM MA 02452)",5500,2024,20260811071048NAL0008790624001,"THOMAS G. GALLAGHER, INC. 401(K) RETIREMENT PLAN","THOMAS G. GALLAGHER, INC.",,042049088,MA,2024-12-01,2025-11-30,2026-08-11,132,2A 2E 2F 2G 2J 2K 2T,2A2E2F2G2J2K2T3B3D,0,0,FILING_RECEIVED,DOL_FORM_5500_2024,https://askebsa.dol.gov/FOIA%20Files/2024/Latest/F_5500_2024_Latest.zip,8884391d48a9e362fd7d2b91d6e37430bd2e54355c9dbc3479985c9d876872f8
biz-127,043339899-001,medium,"sponsor name 'BILO PLUMBING & HEATING CO. INC.' matches; sponsor address corroborates (198 HIGH STREET, IPSWICH MA 01938)",5500-SF,2025,20260727133755NAL0015992115001,BILO PLUMBING & HEATING CO. INC. 401K PROFIT SHARING PLAN,BILO PLUMBING & HEATING CO. INC.,,043339899,MA,2025-01-01,2025-12-31,2026-07-27,24,2E 2F 2G 2J 2K 2T,2E2F2G2J2K2T3D,0,0,FILING_RECEIVED,DOL_FORM_5500_SF_2025,https://askebsa.dol.gov/FOIA%20Files/2025/Latest/F_5500_SF_2025_Latest.zip,2db4677bd93455ccc082d378fdd56594ac90ca0fc6f2da1639a15aea8ed3e94d
biz-128,043285264-002,medium,"sponsor name 'HOWSE CORPORATION, INC.' matches; sponsor address corroborates (197 MAIN ST. #102, NORTH READING MA 01864)",5500-SF,2025,20260421083014NAL0002412657001,THE CONTRACTORS RETIREMENT PLAN,"HOWSE CORPORATION, INC.",,043285264,MA,2025-01-01,2025-12-31,2026-04-21,55,2A 2E 2F 2G 2J 2K 2T,2A2E2F2G2J2K2T3D,0,,FILING_RECEIVED,DOL_FORM_5500_SF_2025,https://askebsa.dol.gov/FOIA%20Files/2025/Latest/F_5500_SF_2025_Latest.zip,2db4677bd93455ccc082d378fdd56594ac90ca0fc6f2da1639a15aea8ed3e94d
biz-137,043203699-001,medium,"sponsor name 'HOUGHTON PLUMBING & HEATING, INC.' matches; sponsor address corroborates (130 CENTRAL STREET, STONEHAM MA 02180)",5500-SF,2025,20260819090547NAL0018463777001,HOUGHTON PLUMBING & HEATING INC. EE QUALIFIED INVESTMENT PLAN,"HOUGHTON PLUMBING & HEATING, INC.",,043203699,MA,2025-01-01,2025-12-31,2026-08-19,12,2A 2E 2F 2G 2J 2K,2A2E2F2G2J2K3D,0,0,FILING_RECEIVED,DOL_FORM_5500_SF_2025,https://askebsa.dol.gov/FOIA%20Files/2025/Latest/F_5500_SF_2025_Latest.zip,2db4677bd93455ccc082d378fdd56594ac90ca0fc6f2da1639a15aea8ed3e94d
biz-139,043529621-002,medium,"sponsor name 'J.S. MORTIMER, INC.' matches; sponsor address corroborates (13 ROCKLAND ROAD, AUBURN MA 01501)",5500-SF,2024,20260702102645NAL0012298723001,"J.S. MORTIMER, INC. PROFIT SHARING PLAN","J.S. MORTIMER, INC.",,043529621,MA,2024-10-01,2025-09-30,2026-07-02,16,2A 2E 2F 2G 2T 2J 2K,2A2E2F2G2T3D2J2K,0,0,FILING_RECEIVED,DOL_FORM_5500_SF_2024,https://askebsa.dol.gov/FOIA%20Files/2024/Latest/F_5500_SF_2024_Latest.zip,11370908e2bbc78d1d418b2f2a2177875e0524c12b69a181432d6fd65a5966c3
biz-139,043529621-003,medium,"sponsor name 'J. S. MORTIMER, INC.' matches; sponsor address corroborates (13 ROCKLAND ROAD, AUBURN MA 01501)",5500-SF,2024,20260715101731NAL0002755329001,"J. S. MORTIMER, INC. PENSION PLAN","J. S. MORTIMER, INC.",,043529621,MA,2024-10-01,2025-09-30,2026-07-15,13,1A 1C,1A1C3D,0,0,FILING_RECEIVED,DOL_FORM_5500_SF_2024,https://askebsa.dol.gov/FOIA%20Files/2024/Latest/F_5500_SF_2024_Latest.zip,11370908e2bbc78d1d418b2f2a2177875e0524c12b69a181432d6fd65a5966c3
biz-142,042481543-001,medium,"sponsor name 'TRETHEWEY BROTHERS, INC.' matches; sponsor address corroborates (4280 WASHINGTON STREET, ROSLINDALE MA 021319905)",5500-SF,2024,20250926103459NAL0003951955001,"TRETHEWEY BROTHERS, INC. 401(K) PLAN","TRETHEWEY BROTHERS, INC.",,042481543,MA,2024-01-01,2024-12-31,2025-09-26,27,2E 2F 2G 2J 2K 2T,2E2F2G2J2K2T3D,0,0,FILING_RECEIVED,DOL_FORM_5500_SF_2024,https://askebsa.dol.gov/FOIA%20Files/2024/Latest/F_5500_SF_2024_Latest.zip,11370908e2bbc78d1d418b2f2a2177875e0524c12b69a181432d6fd65a5966c3
biz-143,204759327-001,medium,"sponsor name 'A PLUS HVAC INC' matches; sponsor address corroborates (26 AIRPORT DR, WESTFIELD MA 010851499)",5500-SF,2025,20260511075928NAL0005126691001,A PLUS HVAC INC 401(K) PROFIT SHARING PLAN & TRUST,A PLUS HVAC INC,,204759327,MA,2025-01-01,2025-12-31,2026-05-11,15,2E 2F 2G 2J 2T,2E2F2G2J2T3D,0,0,FILING_RECEIVED,DOL_FORM_5500_SF_2025,https://askebsa.dol.gov/FOIA%20Files/2025/Latest/F_5500_SF_2025_Latest.zip,2db4677bd93455ccc082d378fdd56594ac90ca0fc6f2da1639a15aea8ed3e94d
biz-144,043045593-001,medium,"sponsor name 'ENERGY CONSTRUCTION SERVICES, INC.' matches; sponsor address corroborates (213 SOUTHBRIDGE STREET, AUBURN MA 01501)",5500-SF,2025,20260317113623NAL0002077569001,"ENERGY CONSTRUCTION SERVICES, INC. 401(K) PROFIT SHARING PLAN","ENERGY CONSTRUCTION SERVICES, INC.",,043045593,MA,2025-01-01,2025-12-31,2026-03-17,11,2E 2F 2G 2J 2K 2S 2T,2E2F2G2J2K2S2T3D,0,0,FILING_RECEIVED,DOL_FORM_5500_SF_2025,https://askebsa.dol.gov/FOIA%20Files/2025/Latest/F_5500_SF_2025_Latest.zip,2db4677bd93455ccc082d378fdd56594ac90ca0fc6f2da1639a15aea8ed3e94d
biz-145,203564610-001,medium,sponsor name 'JEC SERVICE COMPANY' matches; sponsor ZIP corroborates (WALTHAM MA 02453),5500-SF,2025,20260724093651NAL0021590258001,JEC SERVICE COMPANY 401(K) PLAN,JEC SERVICE COMPANY,,203564610,MA,2025-01-01,2025-12-31,2026-07-24,13,2A 2E 2F 2G 2J 2K 2S 2T,2A2E2F2G2J2K2S2T3D,0,0,FILING_RECEIVED,DOL_FORM_5500_SF_2025,https://askebsa.dol.gov/FOIA%20Files/2025/Latest/F_5500_SF_2025_Latest.zip,2db4677bd93455ccc082d378fdd56594ac90ca0fc6f2da1639a15aea8ed3e94d
biz-146,822408428-001,medium,"sponsor name 'DIAMOND MECHANICAL INC.' matches; sponsor address corroborates (723 WASHINGTON STREET, WEYMOUTH MA 02188)",5500-SF,2025,20260430120243NAL0006397459001,DIAMOND MECHANICAL INC. 401(K) PROFIT SHARING PLAN,DIAMOND MECHANICAL INC.,,822408428,MA,2025-01-01,2025-12-31,2026-04-30,10,2A 2E 2F 2G 2J 2K 2S 2T,2A2E2F2G2J2K2S2T3D,0,0,FILING_RECEIVED,DOL_FORM_5500_SF_2025,https://askebsa.dol.gov/FOIA%20Files/2025/Latest/F_5500_SF_2025_Latest.zip,2db4677bd93455ccc082d378fdd56594ac90ca0fc6f2da1639a15aea8ed3e94d
biz-146,854033756-001,low (review),"sponsor name 'DIAMOND MECHANICAL INC.' matches; sponsor address differs (16301 PALM BEACH BLVD., ALVA FL 33920)",5500-SF,2024,20250213095659NAL0012444355001,DIAMOND MECHANICAL 401(K) PROFIT SHARING PLAN,DIAMOND MECHANICAL INC.,,854033756,FL,2024-01-01,2024-12-31,2025-02-13,6,2A 2E 2J 2F 2G,2A2E2J2F2G3D,0,0,FILING_RECEIVED,DOL_FORM_5500_SF_2024,https://askebsa.dol.gov/FOIA%20Files/2024/Latest/F_5500_SF_2024_Latest.zip,11370908e2bbc78d1d418b2f2a2177875e0524c12b69a181432d6fd65a5966c3
biz-146,854033756-001,low (review),"sponsor name 'DIAMOND MECHANICAL INC.' matches; sponsor address differs (16301 PALM BEACH BLVD., ALVA FL 33920)",5500-SF,2025,20260728135747NAL0025191616001,DIAMOND MECHANICAL 401(K) PROFIT SHARING PLAN,DIAMOND MECHANICAL INC.,,854033756,FL,2025-01-01,2025-12-31,2026-07-28,6,2A 2E 2F 2G 2J,2A2E2F2G2J3D,0,0,FILING_RECEIVED,DOL_FORM_5500_SF_2025,https://askebsa.dol.gov/FOIA%20Files/2025/Latest/F_5500_SF_2025_Latest.zip,2db4677bd93455ccc082d378fdd56594ac90ca0fc6f2da1639a15aea8ed3e94d
biz-147,043056236-001,low (review),"sponsor name 'THOMAS E. SNOWDEN, INC.' matches; sponsor address differs (177 N. MAIN STREET, MIDDLETON MA 01949)",5500-SF,2024,20250806095539NAL0001650387001,"THOMAS E. SNOWDEN, INC. 401(K) PLAN","THOMAS E. SNOWDEN, INC.",,043056236,MA,2024-01-01,2024-12-31,2025-08-06,14,2E 2F 2G 2J 2K 2T,2E2F2G2J2K2T3D3H,0,0,FILING_RECEIVED,DOL_FORM_5500_SF_2024,https://askebsa.dol.gov/FOIA%20Files/2024/Latest/F_5500_SF_2024_Latest.zip,11370908e2bbc78d1d418b2f2a2177875e0524c12b69a181432d6fd65a5966c3
biz-147,043056236-001,low (review),"sponsor name 'THOMAS E. SNOWDEN, INC.' matches; sponsor address differs (177 N. MAIN STREET, MIDDLETON MA 01949)",5500-SF,2025,20260915081414NAL0002576673001,"THOMAS E. SNOWDEN, INC. 401(K) PLAN","THOMAS E. SNOWDEN, INC.",,043056236,MA,2025-01-01,2025-12-31,2026-09-15,23,2E 2F 2G 2J 2K 2T,2E2F2G2J2K2T3D3H,0,0,FILING_RECEIVED,DOL_FORM_5500_SF_2025,https://askebsa.dol.gov/FOIA%20Files/2025/Latest/F_5500_SF_2025_Latest.zip,2db4677bd93455ccc082d378fdd56594ac90ca0fc6f2da1639a15aea8ed3e94d
biz-150,042722496-001,medium,"sponsor name 'MONIQUES BATH SHOWROOM, INC.' matches; sponsor address corroborates (123 N. BEACON STREET, WATERTOWN MA 02472)",5500-SF,2025,20260706215923NAL0018456193001,MONIQUE'S BATH SHOWROOM 401(K) PLAN,"MONIQUES BATH SHOWROOM, INC.",,042722496,MA,2025-01-01,2025-12-31,2026-07-06,14,2A 2E 2J 2K 2F 2G 2T,2A2E2J2K2F2G3D2T,0,0,FILING_RECEIVED,DOL_FORM_5500_SF_2025,https://askebsa.dol.gov/FOIA%20Files/2025/Latest/F_5500_SF_2025_Latest.zip,2db4677bd93455ccc082d378fdd56594ac90ca0fc6f2da1639a15aea8ed3e94d
biz-152,475539698-001,low (review),"sponsor name 'SOLAR ON EARTH, INC.' matches; sponsor address differs (35 NAGOG PARK, ACTON MA 01720)",5500-SF,2024,20250718145422NAL0003234994001,"SOLAR ON EARTH, INC. 401(K) PLAN","SOLAR ON EARTH, INC.",,475539698,MA,2024-01-01,2024-12-31,2025-07-18,36,2A 2E 2F 2G 2J 2K 2S 2T,2A2E2F2G2J2K2S2T3D3H,0,0,FILING_RECEIVED,DOL_FORM_5500_SF_2024,https://askebsa.dol.gov/FOIA%20Files/2024/Latest/F_5500_SF_2024_Latest.zip,11370908e2bbc78d1d418b2f2a2177875e0524c12b69a181432d6fd65a5966c3
biz-152,475539698-001,low (review),"sponsor name 'SOLAR ON EARTH, INC.' matches; sponsor address differs (35 NAGOG PARK, ACTON MA 01720)",5500-SF,2025,20260726205916NAL0014328627001,"SOLAR ON EARTH, INC. 401(K) PLAN","SOLAR ON EARTH, INC.",,475539698,MA,2025-01-01,2025-12-31,2026-07-26,42,2A 2E 2F 2G 2J 2K 2S 2T,2A2E2F2G2J2K2S2T3D3H,0,0,FILING_RECEIVED,DOL_FORM_5500_SF_2025,https://askebsa.dol.gov/FOIA%20Files/2025/Latest/F_5500_SF_2025_Latest.zip,2db4677bd93455ccc082d378fdd56594ac90ca0fc6f2da1639a15aea8ed3e94d
biz-153,043027952-002,low (review),"sponsor name 'ADVANCE AIR & HEAT CO., INC.' matches; sponsor address differs (21 BARNABAS RD, MARION MA 02738)",5500-SF,2024,20251208101612NAL0002046752001,"ADVANCE AIR & HEAT CO., INC. 401(K) PROFIT SHARING PLAN","ADVANCE AIR & HEAT CO., INC.",,043027952,MA,2024-11-01,2025-10-31,2025-12-08,6,2E 2F 2G 2J 2K 2T,2E2F2G2J2K2T3D,0,0,FILING_RECEIVED,DOL_FORM_5500_SF_2024,https://askebsa.dol.gov/FOIA%20Files/2024/Latest/F_5500_SF_2024_Latest.zip,11370908e2bbc78d1d418b2f2a2177875e0524c12b69a181432d6fd65a5966c3
biz-154,261125001-001,low (review),"sponsor name 'HCK HOLDINGS, INC.' / DBA 'FOUR SEASONS HEATING & COOLING' matches; sponsor address differs (411 LIVE OAK, BEAUFORT NC 28516)",5500,2024,20251008134203NAL0003325459001,"HCK HOLDINGS, INC. 401(K) PLAN","HCK HOLDINGS, INC.",FOUR SEASONS HEATING & COOLING,261125001,NC,2024-01-01,2024-12-31,2025-10-08,13,2E 2G 2J 2K 2R,2E2G2J2K2R3D3H,0,0,FILING_RECEIVED,DOL_FORM_5500_2024,https://askebsa.dol.gov/FOIA%20Files/2024/Latest/F_5500_2024_Latest.zip,8884391d48a9e362fd7d2b91d6e37430bd2e54355c9dbc3479985c9d876872f8
biz-154,462566713-001,low (review),"sponsor name 'FOUR SEASONS HEATING AND COOLING, INC.' matches; sponsor address differs (2747 SHERWIN AVE, VENTURA CA 93003)",5500-SF,2024,20250718085441NAL0001373697001,FOUR SEASONS HEATING AND COOLING INC. 401(K) PLAN,"FOUR SEASONS HEATING AND COOLING, INC.",,462566713,CA,2024-01-01,2024-12-31,2025-07-18,12,2E 2F 2G 2J 2K 2T,2E2F2G2J2K2T3D,0,0,FILING_RECEIVED,DOL_FORM_5500_SF_2024,https://askebsa.dol.gov/FOIA%20Files/2024/Latest/F_5500_SF_2024_Latest.zip,11370908e2bbc78d1d418b2f2a2177875e0524c12b69a181432d6fd65a5966c3
biz-154,462566713-001,low (review),"sponsor name 'FOUR SEASONS HEATING AND COOLING, INC.' matches; sponsor address differs (2747 SHERWIN AVE, VENTURA CA 93003)",5500-SF,2025,20260724114301NAL0012482483001,FOUR SEASONS HEATING AND COOLING INC. 401(K) PLAN,"FOUR SEASONS HEATING AND COOLING, INC.",,462566713,CA,2025-01-01,2025-12-31,2026-07-24,12,2E 2F 2G 2J 2K 2T,2E2F2G2J2K2T3D,0,0,FILING_RECEIVED,DOL_FORM_5500_SF_2025,https://askebsa.dol.gov/FOIA%20Files/2025/Latest/F_5500_SF_2025_Latest.zip,2db4677bd93455ccc082d378fdd56594ac90ca0fc6f2da1639a15aea8ed3e94d
biz-154,611141911-001,low (review),"sponsor name 'FOUR SEASONS HEATING & COOLING' matches; sponsor address differs (1722 TRIPLETT ST, OWENSBORO KY 42303)",5500-SF,2025,20260807084339NAL0003785139001,FOUR SEASONS HEATING & COOLING 401(K),FOUR SEASONS HEATING & COOLING,,611141911,KY,2025-07-01,2025-12-31,2026-08-07,13,2E 2F 2G 2J 2K 2S 2T,2E2F2G2J2K2S2T3D,0,0,FILING_RECEIVED,DOL_FORM_5500_SF_2025,https://askebsa.dol.gov/FOIA%20Files/2025/Latest/F_5500_SF_2025_Latest.zip,2db4677bd93455ccc082d378fdd56594ac90ca0fc6f2da1639a15aea8ed3e94d
biz-156,042467993-001,medium,"sponsor name 'INDUSTRIAL BURNER SYSTEMS, INC.' / DBA 'NC.' matches; sponsor address corroborates (61 COPELAND STREET, QUINCY MA 02169)",5500-SF,2025,20260402140224NAL0001197107001,"INDUSTRIAL BURNER SYSTEMS, INC. 401(K) PLAN","INDUSTRIAL BURNER SYSTEMS, INC.",NC.,042467993,MA,2025-01-01,2025-12-31,2026-04-02,16,2A 2E 2F 2G 2J,2A2E2F2G2J3D,0,0,FILING_RECEIVED,DOL_FORM_5500_SF_2025,https://askebsa.dol.gov/FOIA%20Files/2025/Latest/F_5500_SF_2025_Latest.zip,2db4677bd93455ccc082d378fdd56594ac90ca0fc6f2da1639a15aea8ed3e94d
biz-161,814845772-002,medium,"sponsor name 'COASTAL PLUMBING AND HEATING, LLC' matches; sponsor ZIP corroborates (SOUTH YARMOUTH MA 02664)",5500-SF,2025,20260904121351NAL0013779824002,COASTAL MECHANICAL 401(K) PLAN,"COASTAL PLUMBING AND HEATING, LLC",,814845772,MA,2025-01-01,2025-12-31,2026-09-04,58,2F 2G 2J 2K 2T,2F2G2J2K2T3D,0,,FILING_RECEIVED,DOL_FORM_5500_SF_2025,https://askebsa.dol.gov/FOIA%20Files/2025/Latest/F_5500_SF_2025_Latest.zip,2db4677bd93455ccc082d378fdd56594ac90ca0fc6f2da1639a15aea8ed3e94d
biz-163,843163540-002,medium,"sponsor name 'GERVAIS MECHANICAL SERVICES, LLC' matches; sponsor ZIP corroborates (AUBURN MA 01501)",5500-SF,2024,20250925080932NAL0008302801001,GERVAIS 401(K) PLAN,"GERVAIS MECHANICAL SERVICES, LLC",,843163540,MA,2024-01-01,2024-12-31,2025-09-25,0,2A 2E 2F 2G 2J 2K 2T,2A2E2F2G2J2K2T3D,0,0,FILING_RECEIVED,DOL_FORM_5500_SF_2024,https://askebsa.dol.gov/FOIA%20Files/2024/Latest/F_5500_SF_2024_Latest.zip,11370908e2bbc78d1d418b2f2a2177875e0524c12b69a181432d6fd65a5966c3
biz-164,042459660-002,medium,"sponsor name 'CARL F. RIEDELL & SON, INC.' matches; sponsor address corroborates (778 MAIN STREET, OSTERVILLE MA 02655)",5500-SF,2025,20260603095421NAL0001902161001,"CARL F. RIEDELL & SON, INC. 401(K) PROFIT SHARING PLAN","CARL F. RIEDELL & SON, INC.",,042459660,MA,2025-01-01,2025-12-31,2026-06-03,33,2A 2E 2F 2G 2J 2K 2T,2A2E2F2G2J2K2T3D,0,0,FILING_RECEIVED,DOL_FORM_5500_SF_2025,https://askebsa.dol.gov/FOIA%20Files/2025/Latest/F_5500_SF_2025_Latest.zip,2db4677bd93455ccc082d378fdd56594ac90ca0fc6f2da1639a15aea8ed3e94d
biz-166,272857490-001,medium,sponsor name 'NORTHEAST MECHANICAL SOLUTIONS' matches; sponsor ZIP corroborates (SHREWSBURY MA 015454291),5500-SF,2025,20260708061412NAL0016078819001,NORTHEAST MECHANICAL SOLUTIONS 401(K) PROFIT SHARING PLAN & TRUST,NORTHEAST MECHANICAL SOLUTIONS,,272857490,MA,2025-01-01,2025-12-31,2026-07-08,16,2E 2F 2G 2J 2T 2K,2E2F2G3D2J2T2K,0,0,FILING_RECEIVED,DOL_FORM_5500_SF_2025,https://askebsa.dol.gov/FOIA%20Files/2025/Latest/F_5500_SF_2025_Latest.zip,2db4677bd93455ccc082d378fdd56594ac90ca0fc6f2da1639a15aea8ed3e94d
biz-167,042926200-001,medium,"sponsor name 'DILLON BOILER SERVICES CO., INC.' matches; sponsor address corroborates (380 CRAWFORD STREET, FITCHBURG MA 01420)",5500-SF,2025,20260227073359NAL0000095043001,"DILLON BOILER SERVICES CO., INC. 401(K) PLAN","DILLON BOILER SERVICES CO., INC.",,042926200,MA,2025-01-01,2025-12-31,2026-02-27,14,2A 2E 2J 2F 2G,2A2E2J2F2G3D,0,0,FILING_RECEIVED,DOL_FORM_5500_SF_2025,https://askebsa.dol.gov/FOIA%20Files/2025/Latest/F_5500_SF_2025_Latest.zip,2db4677bd93455ccc082d378fdd56594ac90ca0fc6f2da1639a15aea8ed3e94d
biz-168,042653581-001,medium,"sponsor name 'HIM MECHANICAL SYSTEMS, INC.' matches; sponsor ZIP corroborates (BRIDGEWATER MA 023241054)",5500-SF,2025,20260416124550NAL0018175873001,HIM 401(K)PLAN,"HIM MECHANICAL SYSTEMS, INC.",,042653581,MA,2025-01-01,2025-12-31,2026-04-16,18,2E 2F 2G 2J 2K,2E2F2G2J2K3D,0,0,FILING_RECEIVED,DOL_FORM_5500_SF_2025,https://askebsa.dol.gov/FOIA%20Files/2025/Latest/F_5500_SF_2025_Latest.zip,2db4677bd93455ccc082d378fdd56594ac90ca0fc6f2da1639a15aea8ed3e94d
biz-169,814961531-001,medium,"sponsor name 'AIR CONTROL SYSTEMS INC' matches; sponsor address corroborates (19 RANTOULE ST, WEYMOUTH MA 02190)",5500-SF,2024,20250624155223NAL0010598384001,AIR CONTROL SYSTEMS INC RETIREMENT PLAN,AIR CONTROL SYSTEMS INC,,814961531,MA,2024-01-01,2024-12-31,2025-06-24,22,2E 2F 2G 2J 2K 2T,2E2F2G2J2K2T3D,0,0,FILING_RECEIVED,DOL_FORM_5500_SF_2024,https://askebsa.dol.gov/FOIA%20Files/2024/Latest/F_5500_SF_2024_Latest.zip,11370908e2bbc78d1d418b2f2a2177875e0524c12b69a181432d6fd65a5966c3
biz-169,330491402-001,low (review),"sponsor name 'AIR CONTROL SYSTEMS, INC.' matches; sponsor address differs (1940 SOUTH GROVE AVE., ONTARIO CA 91761)",5500,2024,20250804151136NAL0001106785001,"AIR CONTROL SYSTEMS, INC. 401(K) RETIREMENT PLAN","AIR CONTROL SYSTEMS, INC.",,330491402,CA,2024-01-01,2024-12-31,2025-08-04,183,2A 2E 2F 2G 2J 2K 2S 2T,2A2E2F2G2J2K2S2T3D,0,1,FILING_RECEIVED,DOL_FORM_5500_2024,https://askebsa.dol.gov/FOIA%20Files/2024/Latest/F_5500_2024_Latest.zip,8884391d48a9e362fd7d2b91d6e37430bd2e54355c9dbc3479985c9d876872f8
biz-169,330491402-001,low (review),"sponsor name 'AIR CONTROL SYSTEMS, INC.' matches; sponsor address differs (1940 SOUTH GROVE AVE., ONTARIO CA 91761)",5500,2025,20260914050333NAL0001342563001,"AIR CONTROL SYSTEMS, INC. 401(K) RETIREMENT PLAN","AIR CONTROL SYSTEMS, INC.",,330491402,CA,2025-01-01,2025-12-31,2026-09-14,199,2A 2E 2F 2G 2J 2K 2S 2T,2A2E2F2G2J2K2S2T3D,0,0,FILING_RECEIVED,DOL_FORM_5500_2025,https://askebsa.dol.gov/FOIA%20Files/2025/Latest/F_5500_2025_Latest.zip,9f6245cdcbb86ae167af4595bb3dba4fbf7845df98f4ccd6748aa98fa2a4e582
biz-169,582440264-001,low (review),"sponsor name 'AIR CONTROL SYSTEMS, LLC' matches; sponsor address differs (36 PERSIMMON ST., BLUFFTON SC 29910)",5500-SF,2024,20250728094918NAL0000767971001,"AIR CONTROL SYSTEMS, LLC 401(K) PLAN","AIR CONTROL SYSTEMS, LLC",,582440264,SC,2024-01-01,2024-12-31,2025-07-28,10,2A 2E 2J 2F 2G 2K 2T,2A2E2J2F2G3D2K2T,0,0,FILING_RECEIVED,DOL_FORM_5500_SF_2024,https://askebsa.dol.gov/FOIA%20Files/2024/Latest/F_5500_SF_2024_Latest.zip,11370908e2bbc78d1d418b2f2a2177875e0524c12b69a181432d6fd65a5966c3
biz-169,582440264-001,low (review),"sponsor name 'AIR CONTROL SYSTEMS, LLC' matches; sponsor address differs (36 PERSIMMON ST., BLUFFTON SC 29910)",5500-SF,2025,20260528113137NAL0007403313001,"AIR CONTROL SYSTEMS, LLC 401(K) PLAN","AIR CONTROL SYSTEMS, LLC",,582440264,SC,2025-01-01,2025-12-31,2026-05-28,10,2A 2E 2J 2F 2G 2K 2T,2A2E2J2F2G3D2K2T,0,0,FILING_RECEIVED,DOL_FORM_5500_SF_2025,https://askebsa.dol.gov/FOIA%20Files/2025/Latest/F_5500_SF_2025_Latest.zip,2db4677bd93455ccc082d378fdd56594ac90ca0fc6f2da1639a15aea8ed3e94d
biz-170,264003318-001,medium,"sponsor name 'DIVISION 15 HVAC INC.' matches; sponsor address corroborates (300 OAK STREET, SUITE 930, PEMBROKE MA 02359)",5500-SF,2025,20260601062646NAL0022442930001,THE CONTRACTORS RETIREMENT PLAN,DIVISION 15 HVAC INC.,,264003318,MA,2025-01-01,2025-12-31,2026-06-01,44,2A 2E 2F 2G 2J 2K 2T,2A2E2F2G2J2K2T3D,0,,FILING_RECEIVED,DOL_FORM_5500_SF_2025,https://askebsa.dol.gov/FOIA%20Files/2025/Latest/F_5500_SF_2025_Latest.zip,2db4677bd93455ccc082d378fdd56594ac90ca0fc6f2da1639a15aea8ed3e94d
biz-171,300269003-001,medium,"sponsor name 'SMART, LLC' matches; sponsor ZIP corroborates (CHELSEA MA 02150)",5500-SF,2025,20260421114237NAL0001336515001,"SMART, LLC 401(K) PLAN","SMART, LLC",,300269003,MA,2025-01-01,2025-12-31,2026-04-21,10,2A 2E 2F 2G 2J 2K 2T,2A2E2F2G2J2K2T3D,0,0,FILING_RECEIVED,DOL_FORM_5500_SF_2025,https://askebsa.dol.gov/FOIA%20Files/2025/Latest/F_5500_SF_2025_Latest.zip,2db4677bd93455ccc082d378fdd56594ac90ca0fc6f2da1639a15aea8ed3e94d
biz-171,043685662-001,low (review),"sponsor name 'SMART CORPORATION, INC.' matches; sponsor address differs (1122 SWENSON BLVD., SUITE A, ELGIN TX 78621)",5500-SF,2024,20250728181345NAL0002722288001,"SMART COMPANIES, INC. 401(K) PROFIT SHARING PLAN","SMART CORPORATION, INC.",,043685662,TX,2024-01-01,2024-12-31,2025-07-28,14,2A 2E 2F 2G 2J 2K 2T,2A2E2F2G2J2K2T3D,0,0,FILING_RECEIVED,DOL_FORM_5500_SF_2024,https://askebsa.dol.gov/FOIA%20Files/2024/Latest/F_5500_SF_2024_Latest.zip,11370908e2bbc78d1d418b2f2a2177875e0524c12b69a181432d6fd65a5966c3
biz-171,043685662-001,low (review),"sponsor name 'SMART CORPORATION, INC.' matches; sponsor address differs (1122 SWENSON BLVD., SUITE A, ELGIN TX 78621)",5500-SF,2025,20260521191003NAL0005540850001,"SMART COMPANIES, INC. 401(K) PROFIT SHARING PLAN","SMART CORPORATION, INC.",,043685662,TX,2025-01-01,2025-12-31,2026-05-21,13,2A 2E 2F 2G 2J 2K 2T,2A2E2F2G2J2K2T3D,0,0,FILING_RECEIVED,DOL_FORM_5500_SF_2025,https://askebsa.dol.gov/FOIA%20Files/2025/Latest/F_5500_SF_2025_Latest.zip,2db4677bd93455ccc082d378fdd56594ac90ca0fc6f2da1639a15aea8ed3e94d
biz-171,223928762-001,low (review),"sponsor name 'THE SMART COMPANIES. LLC' matches; sponsor address differs (6182 IDLEWILD STREET, FORT MYERS FL 33966)",5500,2024,20251118154941NAL0002716865001,THE SMART COMPANIES. LLC 401(K) PS PLAN,THE SMART COMPANIES. LLC,,223928762,FL,2024-01-01,2024-12-31,2025-11-18,420,2A 2S 2E 2G 2J 2K 2F 2T,2A2S2E3D2G2J2K2F2T,0,1,FILING_RECEIVED,DOL_FORM_5500_2024,https://askebsa.dol.gov/FOIA%20Files/2024/Latest/F_5500_2024_Latest.zip,8884391d48a9e362fd7d2b91d6e37430bd2e54355c9dbc3479985c9d876872f8
biz-178,042839901-001,medium,"sponsor name 'PANTON PLUMBING & HEATING, INC.' matches; sponsor address corroborates (116 BERNARD SAINT JEAN DRIVE, EAST FALMOUTH MA 02540)",5500-SF,2025,20260609143154NAL0005968240001,"PANTON PLUMBING & HEATING, INC. 401(K) PLAN","PANTON PLUMBING & HEATING, INC.",,042839901,MA,2025-01-01,2025-12-31,2026-06-09,12,2E 2F 2G 2J,2E2F2G2J3D,0,0,FILING_RECEIVED,DOL_FORM_5500_SF_2025,https://askebsa.dol.gov/FOIA%20Files/2025/Latest/F_5500_SF_2025_Latest.zip,2db4677bd93455ccc082d378fdd56594ac90ca0fc6f2da1639a15aea8ed3e94d
biz-179,043125156-001,medium,"sponsor name 'SAGAMORE PLUMBING & HEATING LLC' matches; sponsor address corroborates (75 RESEARCH ROAD, HINGHAM MA 02043)",5500,2024,20250930145954NAL0012436385001,SAGAMORE PLUMBING & HEATING LLC 401(K) PROFIT SHARING PLAN,SAGAMORE PLUMBING & HEATING LLC,,043125156,MA,2024-01-01,2024-12-31,2025-09-30,94,2E 2F 2G 2J 2K 2T,2E2F2G2J2K2T3D,0,0,FILING_RECEIVED,DOL_FORM_5500_2024,https://askebsa.dol.gov/FOIA%20Files/2024/Latest/F_5500_2024_Latest.zip,8884391d48a9e362fd7d2b91d6e37430bd2e54355c9dbc3479985c9d876872f8
biz-180,042479486-002,medium,"sponsor name 'WINSTON BUILDERS CORPORATION' matches; sponsor address corroborates (55 HOPKINTON ROAD, WESTBOROUGH MA 01581)",5500-SF,2025,20260611092959NAL0005725155001,WINSTON BUILDERS CORPORATION PROFIT SHARING PLAN AND TRUST,WINSTON BUILDERS CORPORATION,,042479486,MA,2025-01-01,2025-12-31,2026-06-11,21,2A 2E 2F 2G 2J 2T,2A2E2F2G2J2T3D,0,0,FILING_RECEIVED,DOL_FORM_5500_SF_2025,https://askebsa.dol.gov/FOIA%20Files/2025/Latest/F_5500_SF_2025_Latest.zip,2db4677bd93455ccc082d378fdd56594ac90ca0fc6f2da1639a15aea8ed3e94d
biz-181,042017923-001,medium,"sponsor name 'COX ENGINEERING COMPANY' matches; sponsor address corroborates (21 PACELLA PARK DR, RANDOLPH MA 02368)",5500,2024,20251015085035NAL0004380017001,COX ENGINEERING COMPANY 401(K) PLAN AND TRUST,COX ENGINEERING COMPANY,,042017923,MA,2024-01-01,2024-12-31,2025-10-15,126,2S 2E 2G 2J 2K 2F 2T,2S2E3D2G2J2K2F2T,0,0,FILING_RECEIVED,DOL_FORM_5500_2024,https://askebsa.dol.gov/FOIA%20Files/2024/Latest/F_5500_2024_Latest.zip,8884391d48a9e362fd7d2b91d6e37430bd2e54355c9dbc3479985c9d876872f8
biz-181,042017923-002,medium,"sponsor name 'COX ENGINEERING COMPANY' matches; sponsor address corroborates (21 PACELLA PARK DR, RANDOLPH MA 02368)",5500-SF,2024,20251119062351NAL0008658626001,CAMBRIDGEPORT AIR SYSTEMS UNION 401(K) PLAN,COX ENGINEERING COMPANY,,042017923,MA,2024-04-01,2025-03-31,2025-11-19,107,2E 2G 2J 2K 2F 2T,2E3D2G2J2K2F2T,0,0,FILING_RECEIVED,DOL_FORM_5500_SF_2024,https://askebsa.dol.gov/FOIA%20Files/2024/Latest/F_5500_SF_2024_Latest.zip,11370908e2bbc78d1d418b2f2a2177875e0524c12b69a181432d6fd65a5966c3
biz-185,043414213-001,medium,"sponsor name 'RENAUD HVAC AND CONTROLS, INC.' matches; sponsor ZIP corroborates (SUTTON MA 01590)",5500-SF,2025,20260702034624NAL0014411313001,"RENAUD HVAC AND CONTROLS, INC. 401 (K) PLAN","RENAUD HVAC AND CONTROLS, INC.",,043414213,MA,2025-01-01,2025-12-31,2026-07-02,33,2E 2F 2G 2J 2K,2E2F2G2J2K3D,0,0,FILING_RECEIVED,DOL_FORM_5500_SF_2025,https://askebsa.dol.gov/FOIA%20Files/2025/Latest/F_5500_SF_2025_Latest.zip,2db4677bd93455ccc082d378fdd56594ac90ca0fc6f2da1639a15aea8ed3e94d
biz-188,043154332-001,medium,"sponsor name 'TECH MECHANICAL SYSTEMS, INC.' matches; sponsor address corroborates (420 WEST STREET, WEST BRIDGEWATER MA 02379)",5500-SF,2025,20260921110138NAL0007925953001,"TECH MECHANICAL SYSTEMS, INC. 401(K) PROFIT SHARING PLAN","TECH MECHANICAL SYSTEMS, INC.",,043154332,MA,2025-01-01,2025-12-31,2026-09-21,70,2F 2G 2K 2J 2S 2T,2F2G2K2J2S2T3D,0,0,FILING_RECEIVED,DOL_FORM_5500_SF_2025,https://askebsa.dol.gov/FOIA%20Files/2025/Latest/F_5500_SF_2025_Latest.zip,2db4677bd93455ccc082d378fdd56594ac90ca0fc6f2da1639a15aea8ed3e94d
biz-190,043552751-001,medium,"sponsor name 'BERRY MECHANICAL SERVICES, INC.' matches; sponsor address corroborates (3 MILTON WAY, GEORGETOWN MA 01833)",5500,2025,20260721050629NAL0015538082001,BERRY MECHANICAL 401(K) PLAN,"BERRY MECHANICAL SERVICES, INC.",,043552751,MA,2025-01-01,2025-12-31,2026-07-21,9,2F 2G 2J 2K 2T 2S 2E 2R,2F2G2J2K2T2S2E3D2R,0,,FILING_RECEIVED,DOL_FORM_5500_2025,https://askebsa.dol.gov/FOIA%20Files/2025/Latest/F_5500_2025_Latest.zip,9f6245cdcbb86ae167af4595bb3dba4fbf7845df98f4ccd6748aa98fa2a4e582
biz-191,832329549-001,medium,"sponsor name 'PIPE CRAFT INC' matches; sponsor address corroborates (125 MAIN ST, READING MA 01867)",5500-SF,2025,20260728152403NAL0016888451001,PIPE CRAFT INC SAVINGS PLAN,PIPE CRAFT INC,,832329549,MA,2025-01-01,2025-12-31,2026-07-28,10,2E 2J 2K,2E2J2K3D,0,0,FILING_RECEIVED,DOL_FORM_5500_SF_2025,https://askebsa.dol.gov/FOIA%20Files/2025/Latest/F_5500_SF_2025_Latest.zip,2db4677bd93455ccc082d378fdd56594ac90ca0fc6f2da1639a15aea8ed3e94d
biz-191,222865628-001,low (review),"sponsor name 'PIPE CRAFT, INC.' matches; sponsor address differs (28 READING BOULEVARD, BELLE MEAD NJ 08502)",5500-SF,2024,20250603135400NAL0010733169001,"PIPE CRAFT, INC. 401(K) PROFIT SHARING PLAN","PIPE CRAFT, INC.",,222865628,NJ,2024-01-01,2024-12-31,2025-06-03,10,2A 2E 2F 2G 2J 2K 2T,2A2E2F2G2J2K2T3D,0,0,FILING_RECEIVED,DOL_FORM_5500_SF_2024,https://askebsa.dol.gov/FOIA%20Files/2024/Latest/F_5500_SF_2024_Latest.zip,11370908e2bbc78d1d418b2f2a2177875e0524c12b69a181432d6fd65a5966c3
biz-191,222865628-001,low (review),"sponsor name 'PIPE CRAFT, INC.' matches; sponsor address differs (28 READING BOULEVARD, BELLE MEAD NJ 08502)",5500-SF,2025,20260518081507NAL0013923360001,"PIPE CRAFT, INC. 401(K) PROFIT SHARING PLAN","PIPE CRAFT, INC.",,222865628,NJ,2025-01-01,2025-12-31,2026-05-18,11,2A 2E 2F 2G 2J 2K 2T,2A2E2F2G2J2K2T3D,0,0,FILING_RECEIVED,DOL_FORM_5500_SF_2025,https://askebsa.dol.gov/FOIA%20Files/2025/Latest/F_5500_SF_2025_Latest.zip,2db4677bd93455ccc082d378fdd56594ac90ca0fc6f2da1639a15aea8ed3e94d
biz-192,270190218-001,medium,"sponsor name 'MURPHY SERVICES, LLC' matches; sponsor address corroborates (34 WHITES PATH, SOUTH YARMOUTH MA 02664)",5500-SF,2025,20260730155547NAL0023564465001,MURPHY SERVICES INC.RETIREMENT PLAN,"MURPHY SERVICES, LLC",,270190218,MA,2025-01-01,2025-12-31,2026-07-30,101,2E 2F 2G 2J 2K 2S 2T,2E2F2G2J2K2S2T3D,0,0,FILING_RECEIVED,DOL_FORM_5500_SF_2025,https://askebsa.dol.gov/FOIA%20Files/2025/Latest/F_5500_SF_2025_Latest.zip,2db4677bd93455ccc082d378fdd56594ac90ca0fc6f2da1639a15aea8ed3e94d
biz-194,042520903-002,medium,"sponsor name 'WILLIAM M COLLINS' matches; sponsor address corroborates (105 BAY STATE DRIVE, BRAINTREE MA 02184)",5500-SF,2025,20260730141815NAL0023407953001,WILLIAM M COLLINS 401(K) PROFIT SHARING PLAN & TRUST,WILLIAM M COLLINS,,042520903,MA,2025-01-01,2025-12-31,2026-07-30,5,2E 2G 2J 2K 2F 2T,2E3D2G2J2K2F2T,0,0,FILING_RECEIVED,DOL_FORM_5500_SF_2025,https://askebsa.dol.gov/FOIA%20Files/2025/Latest/F_5500_SF_2025_Latest.zip,2db4677bd93455ccc082d378fdd56594ac90ca0fc6f2da1639a15aea8ed3e94d
biz-194,611093770-003,low (review),"sponsor name 'WILLIAM M. COLLINS' matches; sponsor address differs (P.O. BOX 748, WHITESBURG KY 41858)",5500-SF,2024,20251002125726NAL0000348163001,WILLIAM M. COLLINS 401(K) PLAN,WILLIAM M. COLLINS,,611093770,KY,2024-01-01,2024-12-31,2025-10-02,2,2A 2E 2F 2G 2J 2R 2T,2A2E2F2G2J2R2T3B3D,0,0,FILING_RECEIVED,DOL_FORM_5500_SF_2024,https://askebsa.dol.gov/FOIA%20Files/2024/Latest/F_5500_SF_2024_Latest.zip,11370908e2bbc78d1d418b2f2a2177875e0524c12b69a181432d6fd65a5966c3
biz-196,042393861-001,medium,"sponsor name 'FARINA CORPORATION' matches; sponsor address corroborates (24 SPICE STREET, CHARLESTOWN MA 02129)",5500-SF,2025,20260730175257NAL0027370080001,FARINA CORPORATION,FARINA CORPORATION,,042393861,MA,2025-01-01,2025-12-31,2026-07-30,11,2E 2F 2G 2J 2K 2T,2E2F2G2J2K2T3D,0,0,FILING_RECEIVED,DOL_FORM_5500_SF_2025,https://askebsa.dol.gov/FOIA%20Files/2025/Latest/F_5500_SF_2025_Latest.zip,2db4677bd93455ccc082d378fdd56594ac90ca0fc6f2da1639a15aea8ed3e94d
biz-201,043148618-001,medium,"sponsor name 'DUCTS, INC.' matches; sponsor address corroborates (200 RECREATION PARK DRIVE, HINGHAM MA 02043)",5500-SF,2025,20260716102152NAL0005889810001,"DUCTS, INC. 401(K) PLAN","DUCTS, INC.",,043148618,MA,2025-01-01,2025-12-31,2026-07-16,15,2E 2F 2G 2J 2K,2E2F2G2J2K3D,0,0,FILING_RECEIVED,DOL_FORM_5500_SF_2025,https://askebsa.dol.gov/FOIA%20Files/2025/Latest/F_5500_SF_2025_Latest.zip,2db4677bd93455ccc082d378fdd56594ac90ca0fc6f2da1639a15aea8ed3e94d
biz-202,042431733-001,medium,"sponsor name 'A H BURNS COMPANY, INC.' matches; sponsor ZIP corroborates (ROCKLAND MA 02370)",5500-SF,2025,20260724112416NAL0019222192001,A H BURNS 401K SAFE HARBOR PLAN,"A H BURNS COMPANY, INC.",,042431733,MA,2025-01-01,2025-12-31,2026-07-24,6,2A 2E 2F 2G 2H 2J 2T,2A2E2F2G2H2J2T3D,0,0,FILING_RECEIVED,DOL_FORM_5500_SF_2025,https://askebsa.dol.gov/FOIA%20Files/2025/Latest/F_5500_SF_2025_Latest.zip,2db4677bd93455ccc082d378fdd56594ac90ca0fc6f2da1639a15aea8ed3e94d
biz-207,810701808-001,low (review),"sponsor name 'MPK ENTERPRISES INC' matches; sponsor address differs (225 NEW BOSTON ST, WOBURN MA 018016214)",5500-SF,2024,20250708084330NAL0002534243001,MPK ENTERPRISES INC 401(K) PROFIT SHARING PLAN & TRUST,MPK ENTERPRISES INC,,810701808,MA,2024-01-01,2024-12-31,2025-07-08,79,2E 2F 2G 2J 2K 2T,2E2F2G2J2K2T3D,0,0,FILING_RECEIVED,DOL_FORM_5500_SF_2024,https://askebsa.dol.gov/FOIA%20Files/2024/Latest/F_5500_SF_2024_Latest.zip,11370908e2bbc78d1d418b2f2a2177875e0524c12b69a181432d6fd65a5966c3
biz-208,042432222-001,medium,"sponsor name 'GEORGE S. PATEY & SONS, INC.' matches; sponsor address corroborates (215 BRIDGE STREET, DEDHAM MA 02026)",5500-SF,2024,20250909222104NAL0013112515001,"GEORGE S. PATEY & SONS, INC. RETIREMENT PLAN","GEORGE S. PATEY & SONS, INC.",,042432222,MA,2024-01-01,2024-12-31,2025-09-09,6,2A 2E 2F 2G 2J 2K 2T,2A2E2F2G2J2K2T3D,0,,FILING_RECEIVED,DOL_FORM_5500_SF_2024,https://askebsa.dol.gov/FOIA%20Files/2024/Latest/F_5500_SF_2024_Latest.zip,11370908e2bbc78d1d418b2f2a2177875e0524c12b69a181432d6fd65a5966c3
biz-209,472820092-001,medium,sponsor name 'CORSO PLUMBING & HEATING INC.' matches; sponsor ZIP corroborates (HAVERHILL MA 01830),5500-SF,2024,20251010114131NAL0012486816001,CORSO PLUMBING & HEATING 401(K) PROFIT SHARING PLAN & TRUST,CORSO PLUMBING & HEATING INC.,,472820092,MA,2024-01-01,2024-12-31,2025-10-10,31,2A 2E 2J 2F 2G 2K 2T,2A2E2J2F2G3D2K2T,0,0,FILING_RECEIVED,DOL_FORM_5500_SF_2024,https://askebsa.dol.gov/FOIA%20Files/2024/Latest/F_5500_SF_2024_Latest.zip,11370908e2bbc78d1d418b2f2a2177875e0524c12b69a181432d6fd65a5966c3
biz-209,472820092-002,medium,sponsor name 'CORSO PLUMBING & HEATING INC.' matches; sponsor ZIP corroborates (HAVERHILL MA 01830),5500-SF,2024,20251010114242NAL0012488432001,CORSO PLUMBING & HEATING INC. CASH BALANCE PENSION PLAN AND TRUST,CORSO PLUMBING & HEATING INC.,,472820092,MA,2024-01-01,2024-12-31,2025-10-10,17,1A 1C 1D,1A1C1D,0,0,FILING_RECEIVED,DOL_FORM_5500_SF_2024,https://askebsa.dol.gov/FOIA%20Files/2024/Latest/F_5500_SF_2024_Latest.zip,11370908e2bbc78d1d418b2f2a2177875e0524c12b69a181432d6fd65a5966c3
biz-212,200450785-001,medium,"sponsor name 'LAPAN MECHANICAL CONTRACTORS, INC.' matches; sponsor address corroborates (3 BETHANY ST., WORCESTER MA 01604)",5500-SF,2025,20260429084014NAL0010248161001,THE CONTRACTORS RETIREMENT PLAN,"LAPAN MECHANICAL CONTRACTORS, INC.",,200450785,MA,2025-01-01,2025-12-31,2026-04-29,11,2A 2E 2F 2G 2J 2K 2T,2A2E2F2G2J2K2T3D,0,,FILING_RECEIVED,DOL_FORM_5500_SF_2025,https://askebsa.dol.gov/FOIA%20Files/2025/Latest/F_5500_SF_2025_Latest.zip,2db4677bd93455ccc082d378fdd56594ac90ca0fc6f2da1639a15aea8ed3e94d
biz-213,364448458-001,medium,"sponsor name 'JOHNS SEWER & PIPE CLEANING INC' matches; sponsor address corroborates (4 BREED AVENUE, WOBURN MA 01801)",5500-SF,2025,20260724093851NAL0018958272001,JOHNS SEWER & PIPE CLEANING INC 401(K) PLAN,JOHNS SEWER & PIPE CLEANING INC,,364448458,MA,2025-01-01,2025-12-31,2026-07-24,98,2E 2F 2G 2J 2K 2S 2T,2E2F2G2J2K2S2T3D3H,0,0,FILING_RECEIVED,DOL_FORM_5500_SF_2025,https://askebsa.dol.gov/FOIA%20Files/2025/Latest/F_5500_SF_2025_Latest.zip,2db4677bd93455ccc082d378fdd56594ac90ca0fc6f2da1639a15aea8ed3e94d
biz-214,208137185-001,medium,"sponsor name 'PEAK MECHANICAL SERVICES CORP.' matches; sponsor address corroborates (35 CORPORATE PARK DRIVE, PEMBROKE MA 02359)",5500-SF,2024,20250713124534NAL0000368625001,PEAK MECHANICAL SERVICES CORP. 401(K) PLAN,PEAK MECHANICAL SERVICES CORP.,,208137185,MA,2024-01-01,2024-12-31,2025-07-13,13,2A 2E 2F 2G 2J 2K 2T,2A2E2F2G2J2K2T3D,0,,FILING_RECEIVED,DOL_FORM_5500_SF_2024,https://askebsa.dol.gov/FOIA%20Files/2024/Latest/F_5500_SF_2024_Latest.zip,11370908e2bbc78d1d418b2f2a2177875e0524c12b69a181432d6fd65a5966c3
biz-214,208137185-002,medium,"sponsor name 'PEAK MECHANICAL SERVICES CORP' matches; sponsor address corroborates (35 CORPORATE PARK DRIVE, PEMBROKE MA 02359)",5500-SF,2024,20250728140747NAL0002158769001,PEAK MECHANICAL SERVICES CORP CASH BALANCE PLAN,PEAK MECHANICAL SERVICES CORP,,208137185,MA,2024-01-01,2024-12-31,2025-07-28,7,1A 1C 1I,1A1C1I3D,0,,FILING_RECEIVED,DOL_FORM_5500_SF_2024,https://askebsa.dol.gov/FOIA%20Files/2024/Latest/F_5500_SF_2024_Latest.zip,11370908e2bbc78d1d418b2f2a2177875e0524c12b69a181432d6fd65a5966c3
biz-215,020457097-001,medium,"sponsor name 'YOUNGBLOOD CO., INC.' matches; sponsor address corroborates (32 ASHLAND STREET, HAVERHILL MA 018304143)",5500-SF,2025,20260506083530NAL0001344243001,"YOUNGBLOOD CO., INC. 401(K) PROFIT SHARING PLAN","YOUNGBLOOD CO., INC.",,020457097,MA,2025-01-01,2025-12-31,2026-05-06,36,2E 2F 2G 2J 2K,2E2F2G2J2K3D,0,,FILING_RECEIVED,DOL_FORM_5500_SF_2025,https://askebsa.dol.gov/FOIA%20Files/2025/Latest/F_5500_SF_2025_Latest.zip,2db4677bd93455ccc082d378fdd56594ac90ca0fc6f2da1639a15aea8ed3e94d
biz-216,043456065-001,medium,"sponsor name 'B.J. DOYLE, INC.' matches; sponsor address corroborates (4 JEWEL DRIVE, UNIT 8, WILMINGTON MA 01887)",5500-SF,2025,20260702152329NAL0018025984002,"B. J. DOYLE, INC. 401(K) & PROFIT SHARING PLAN","B.J. DOYLE, INC.",,043456065,MA,2025-01-01,2025-12-31,2026-07-02,17,2A 2E 2F 2G 2J 2K 2T,2A2E2F2G2J2K2T3D,,,FILING_RECEIVED,DOL_FORM_5500_SF_2025,https://askebsa.dol.gov/FOIA%20Files/2025/Latest/F_5500_SF_2025_Latest.zip,2db4677bd93455ccc082d378fdd56594ac90ca0fc6f2da1639a15aea8ed3e94d
biz-216,043456065-002,medium,"sponsor name 'B.J. DOYLE, INC.' matches; sponsor address corroborates (4 JEWEL DRIVE, UNIT 8, WILMINGTON MA 01887)",5500-SF,2025,20260326152807NAL0005749057001,"B.J. DOYLE, INC. PENSION PLAN","B.J. DOYLE, INC.",,043456065,MA,2025-01-01,2025-12-31,2026-03-26,16,1C,1C3H,0,0,FILING_RECEIVED,DOL_FORM_5500_SF_2025,https://askebsa.dol.gov/FOIA%20Files/2025/Latest/F_5500_SF_2025_Latest.zip,2db4677bd93455ccc082d378fdd56594ac90ca0fc6f2da1639a15aea8ed3e94d
biz-217,042536592-001,low (review),"sponsor name 'ENVIRONMENTAL SYSTEMS, INC.' matches; sponsor address differs (130 DEVER DRIVE, TAUNTON MA 02780)",5500,2024,20250731092206NAL0005041681001,"ENVIRONMENTAL SYSTEMS, INC. PROFIT SHARING PLAN","ENVIRONMENTAL SYSTEMS, INC.",,042536592,MA,2024-01-01,2024-12-31,2025-07-31,338,2E 2J 2F 2G 2T,2E2J2F2G3D2T,0,0,FILING_RECEIVED,DOL_FORM_5500_2024,https://askebsa.dol.gov/FOIA%20Files/2024/Latest/F_5500_2024_Latest.zip,8884391d48a9e362fd7d2b91d6e37430bd2e54355c9dbc3479985c9d876872f8
biz-217,630716018-001,low (review),"sponsor name 'ENVIRONMENTAL SYSTEMS CORPORATION' matches; sponsor address differs (4114 ENVIRONMENTAL CIRCLE, HUNTSVILLE AL 35805)",5500-SF,2024,20250725144658NAL0015065090001,ENVIRONMENTAL SYSTEMS CORPORATION 401(K) PLAN,ENVIRONMENTAL SYSTEMS CORPORATION,,630716018,AL,2024-01-01,2024-12-31,2025-07-25,26,2E 2J 2K 2F 2G,2E2J2K2F2G3D,0,0,FILING_RECEIVED,DOL_FORM_5500_SF_2024,https://askebsa.dol.gov/FOIA%20Files/2024/Latest/F_5500_SF_2024_Latest.zip,11370908e2bbc78d1d418b2f2a2177875e0524c12b69a181432d6fd65a5966c3
biz-217,630716018-001,low (review),"sponsor name 'ENVIRONMENTAL SYSTEMS CORPORATION' matches; sponsor address differs (4114 ENVIRONMENTAL CIRCLE, HUNTSVILLE AL 35805)",5500-SF,2025,20260515113623NAL0018421906001,ENVIRONMENTAL SYSTEMS CORPORATION 401(K) PLAN,ENVIRONMENTAL SYSTEMS CORPORATION,,630716018,AL,2025-01-01,2025-12-31,2026-05-15,27,2E 2J 2K 2F 2G,2E2J2K2F2G3D,0,0,FILING_RECEIVED,DOL_FORM_5500_SF_2025,https://askebsa.dol.gov/FOIA%20Files/2025/Latest/F_5500_SF_2025_Latest.zip,2db4677bd93455ccc082d378fdd56594ac90ca0fc6f2da1639a15aea8ed3e94d
biz-219,042807646-001,low (review),"sponsor name 'PHOENIX MECHANICAL CONTRACTING, INC.' matches; sponsor address differs (2 WILLOW STREET, STE 102, SOUTHBOROUGH MA 01745)",5500-SF,2024,20251015130334NAL0009717602001,"PHOENIX MECHANICAL CONTRACTING, INC. 401(K) PROFIT SHARING PLAN","PHOENIX MECHANICAL CONTRACTING, INC.",,042807646,MA,2024-01-01,2024-12-31,2025-10-15,19,2E 2F 2G 2J 2K 2T,2E2F2G2J2K2T3D,0,,FILING_RECEIVED,DOL_FORM_5500_SF_2024,https://askebsa.dol.gov/FOIA%20Files/2024/Latest/F_5500_SF_2024_Latest.zip,11370908e2bbc78d1d418b2f2a2177875e0524c12b69a181432d6fd65a5966c3
biz-220,475663063-001,medium,"sponsor name 'BEANTOWN AC, INC.' matches; sponsor address corroborates (9 ALDRIN ROAD - SUITE 10, PLYMOUTH MA 02360)",5500-SF,2025,20260630193425NAL0010866419001,"BEANTOWN AC, INC. 401(K) PLAN","BEANTOWN AC, INC.",,475663063,MA,2025-01-01,2025-12-31,2026-06-30,27,2A 2E 2F 2G 2J 2K 2S 2T,2A2E2F2G2J2K2S2T3D,0,0,FILING_RECEIVED,DOL_FORM_5500_SF_2025,https://askebsa.dol.gov/FOIA%20Files/2025/Latest/F_5500_SF_2025_Latest.zip,2db4677bd93455ccc082d378fdd56594ac90ca0fc6f2da1639a15aea8ed3e94d
biz-226,020497926-001,medium,"sponsor name 'CORRECT TEMP, INC.' matches; sponsor address corroborates (268 HAMPSTEAD ROAD, UNIT #5, METHUEN MA 01844)",5500-SF,2025,20260508130830NAL0004736688001,"CORRECT TEMP, INC. 401(K) PROFIT SHARING PLAN","CORRECT TEMP, INC.",,020497926,MA,2025-01-01,2025-12-31,2026-05-08,25,2A 2E 2F 2G 2J 2K 2T,2A2E2F2G2J2K2T3D,0,0,FILING_RECEIVED,DOL_FORM_5500_SF_2025,https://askebsa.dol.gov/FOIA%20Files/2025/Latest/F_5500_SF_2025_Latest.zip,2db4677bd93455ccc082d378fdd56594ac90ca0fc6f2da1639a15aea8ed3e94d
biz-227,043279765-001,medium,"sponsor name 'RODENHISER HOME SERVICES, INC.' matches; sponsor address corroborates (325 HOPPING BROOK ROAD, HOLLISTON MA 01746)",5500,2024,20251013104047NAL0001724400001,"RODENHISER HOME SERVICES, INC. 401(K) PLAN","RODENHISER HOME SERVICES, INC.",,043279765,MA,2024-01-01,2024-12-31,2025-10-13,165,2T 2E 2F 2G 2J 2K 2S,2T3D2E2F2G2J2K2S,0,0,FILING_RECEIVED,DOL_FORM_5500_2024,https://askebsa.dol.gov/FOIA%20Files/2024/Latest/F_5500_2024_Latest.zip,8884391d48a9e362fd7d2b91d6e37430bd2e54355c9dbc3479985c9d876872f8
biz-228,042627494-001,low (review),"sponsor name 'ASPINWALL PLUMBING & HEATING COMPANY, INC.' matches; sponsor address differs (400 LIBBEY INDUSTRIAL PARKWAY, WEYMOUTH MA 02189)",5500-SF,2024,20250624123625NAL0006848913001,ASPINWALL 401(K) PLAN,"ASPINWALL PLUMBING & HEATING COMPANY, INC.",,042627494,MA,2024-01-01,2024-12-31,2025-06-24,27,2E 2F 2G 2J 2K,2E2F2G2J2K3D,0,0,FILING_RECEIVED,DOL_FORM_5500_SF_2024,https://askebsa.dol.gov/FOIA%20Files/2024/Latest/F_5500_SF_2024_Latest.zip,11370908e2bbc78d1d418b2f2a2177875e0524c12b69a181432d6fd65a5966c3
biz-228,042627494-001,low (review),"sponsor name 'ASPINWALL PLUMBING & HEATING COMPANY, INC' matches; sponsor address differs (400 LIBBEY INDUSTRIAL PARKWAY, WEYMOUTH MA 02189)",5500-SF,2025,20260604194548NAL0001005059001,ASPINWALL 401(K) PLAN,"ASPINWALL PLUMBING & HEATING COMPANY, INC",,042627494,MA,2025-01-01,2025-12-31,2026-06-04,24,2E 2F 2G 2J 2K,2E2F2G2J2K3D,0,0,FILING_RECEIVED,DOL_FORM_5500_SF_2025,https://askebsa.dol.gov/FOIA%20Files/2025/Latest/F_5500_SF_2025_Latest.zip,2db4677bd93455ccc082d378fdd56594ac90ca0fc6f2da1639a15aea8ed3e94d
biz-229,300956199-001,medium,"sponsor name 'MARCOUX PLUMBING & HEATING, INC.' matches; sponsor address corroborates (273 DRACUT STREET, DRACUT MA 01826)",5500-SF,2024,20251014135154NAL0002944497001,"MARCOUX PLUMBING & HEATING, INC. 401(K) PLAN","MARCOUX PLUMBING & HEATING, INC.",,300956199,MA,2024-01-01,2024-12-31,2025-10-14,11,2A 2E 2F 2G 2J 2K 2T,2A2E2F2G2J2K2T3D,0,0,FILING_RECEIVED,DOL_FORM_5500_SF_2024,https://askebsa.dol.gov/FOIA%20Files/2024/Latest/F_5500_SF_2024_Latest.zip,11370908e2bbc78d1d418b2f2a2177875e0524c12b69a181432d6fd65a5966c3
biz-230,043103483-001,medium,"sponsor name 'COMMONWEALTH PLUMBING CORP.' matches; sponsor address corroborates (290 WEYMOUTH STREET, ROCKLAND MA 023701137)",5500-SF,2025,20260818093538NAL0012630451001,COMMONWEALTH PLUMBING CORP. PROFIT SHARING PLAN,COMMONWEALTH PLUMBING CORP.,,043103483,MA,2025-01-01,2025-12-31,2026-08-18,11,2E 2F 2G 2J 2K 2T,2E2F2G2J2K2T3D,0,0,FILING_RECEIVED,DOL_FORM_5500_SF_2025,https://askebsa.dol.gov/FOIA%20Files/2025/Latest/F_5500_SF_2025_Latest.zip,2db4677bd93455ccc082d378fdd56594ac90ca0fc6f2da1639a15aea8ed3e94d
biz-232,270212908-001,low (review),"sponsor name 'TEAM MECHANICAL, LLC' matches; sponsor address differs (3585 CENTRE CIRCLE, FORT MILL SC 29715)",5500,2024,20250627132701NAL0009442017001,"TEAM MECHANICAL, LLC RETIREMENT PLAN","TEAM MECHANICAL, LLC",,270212908,SC,2024-01-01,2024-12-31,2025-06-27,72,2A 2E 2F 2G 2J 2K 2T,2A2E2F2G2J2K2T3D,0,0,FILING_RECEIVED,DOL_FORM_5500_2024,https://askebsa.dol.gov/FOIA%20Files/2024/Latest/F_5500_2024_Latest.zip,8884391d48a9e362fd7d2b91d6e37430bd2e54355c9dbc3479985c9d876872f8
biz-232,270212908-001,low (review),"sponsor name 'TEAM MECHANICAL, LLC' matches; sponsor address differs (3585 CENTRE CIRCLE, FORT MILL SC 29715)",5500,2025,20260715154133NAL0004490994001,"TEAM MECHANICAL, LLC RETIREMENT PLAN","TEAM MECHANICAL, LLC",,270212908,SC,2025-01-01,2025-12-31,2026-07-15,79,2A 2E 2F 2G 2J 2K 2T,2A2E2F2G2J2K2T3D,0,0,FILING_RECEIVED,DOL_FORM_5500_2025,https://askebsa.dol.gov/FOIA%20Files/2025/Latest/F_5500_2025_Latest.zip,9f6245cdcbb86ae167af4595bb3dba4fbf7845df98f4ccd6748aa98fa2a4e582
biz-234,364905342-001,low (review),"sponsor name 'PREFERRED CONTRACTORS, INC' matches; sponsor address differs (1536 QUAIL HOLLOW RD, BEN LOMOND CA 95005)",5500-SF,2024,20250718100624NAL0001491633001,"PREFERRED CONTRACTORS, INC. 401(K) PROFIT SHARING PLAN & TRUST","PREFERRED CONTRACTORS, INC",,364905342,CA,2024-01-01,2024-12-31,2025-07-18,6,2E 2F 2G 2J 2K 2T,2E2F2G2J2K2T3D,0,0,FILING_RECEIVED,DOL_FORM_5500_SF_2024,https://askebsa.dol.gov/FOIA%20Files/2024/Latest/F_5500_SF_2024_Latest.zip,11370908e2bbc78d1d418b2f2a2177875e0524c12b69a181432d6fd65a5966c3
biz-234,364905342-001,low (review),"sponsor name 'PREFERRED CONTRACTORS, INC' matches; sponsor address differs (1536 QUAIL HOLLOW RD, BEN LOMOND CA 95005)",5500-SF,2025,20260923153300NAL0007017763001,"PREFERRED CONTRACTORS, INC. 401(K) PROFIT SHARING PLAN & TRUST","PREFERRED CONTRACTORS, INC",,364905342,CA,2025-01-01,2025-12-31,2026-09-23,6,2E 2F 2G 2J 2K 2T,2E2F2G2J2K2T3D,0,0,FILING_RECEIVED,DOL_FORM_5500_SF_2025,https://askebsa.dol.gov/FOIA%20Files/2025/Latest/F_5500_SF_2025_Latest.zip,2db4677bd93455ccc082d378fdd56594ac90ca0fc6f2da1639a15aea8ed3e94d
biz-237,043279438-001,medium,"sponsor name 'LUNDY, INC.' matches; sponsor address corroborates (5 PINECREST RD, HINGHAM MA 02043)",5500-SF,2025,20260629075455NAL0020235810001,"LUNDY, INC. PROFIT SHARING PLAN","LUNDY, INC.",,043279438,MA,2025-01-01,2025-12-31,2026-06-29,15,2A 2E 2F 2G 2J 2K 2T,2A2E2F2G2J2K2T3D,0,0,FILING_RECEIVED,DOL_FORM_5500_SF_2025,https://askebsa.dol.gov/FOIA%20Files/2025/Latest/F_5500_SF_2025_Latest.zip,2db4677bd93455ccc082d378fdd56594ac90ca0fc6f2da1639a15aea8ed3e94d
biz-237,043279438-002,medium,"sponsor name 'LUNDY, INC.' matches; sponsor address corroborates (5 PINECREST ROAD, HINGHAM MA 02043)",5500-SF,2024,20250716070830NAL0002875025001,THE CONTRACTORS RETIREMENT PLAN,"LUNDY, INC.",,043279438,MA,2024-01-01,2024-12-19,2025-07-16,0,2C,2C3D,1,,FILING_RECEIVED,DOL_FORM_5500_SF_2024,https://askebsa.dol.gov/FOIA%20Files/2024/Latest/F_5500_SF_2024_Latest.zip,11370908e2bbc78d1d418b2f2a2177875e0524c12b69a181432d6fd65a5966c3
biz-237,043279438-003,medium,"sponsor name 'LUNDY, INC.' matches; sponsor address corroborates (5 PINECREST RD, HINGHAM MA 02043)",5500-SF,2025,20260629075753NAL0010301363001,"LUNDY, INC. CASH BALANCE PLAN","LUNDY, INC.",,043279438,MA,2025-01-01,2025-12-31,2026-06-29,13,1B 1C,1B1C3D,0,0,FILING_RECEIVED,DOL_FORM_5500_SF_2025,https://askebsa.dol.gov/FOIA%20Files/2025/Latest/F_5500_SF_2025_Latest.zip,2db4677bd93455ccc082d378fdd56594ac90ca0fc6f2da1639a15aea8ed3e94d
biz-237,721084741-002,low (review),"sponsor name 'LUNDY, LLP' matches; sponsor address differs (P.O. BOX 3010, LAKE CHARLES LA 706023010)",5500-SF,2025,20260921150942NAL0009305729001,LUNDY LLP 401K PROFIT SHARING PLAN,"LUNDY, LLP",,721084741,LA,2025-01-01,2025-12-31,2026-09-21,21,2A 2E 2F 2G 2J 2K 2T,2A2E2F2G2J2K2T3B3D,0,0,FILING_RECEIVED,DOL_FORM_5500_SF_2025,https://askebsa.dol.gov/FOIA%20Files/2025/Latest/F_5500_SF_2025_Latest.zip,2db4677bd93455ccc082d378fdd56594ac90ca0fc6f2da1639a15aea8ed3e94d
biz-242,043237385-001,low (review),"sponsor name 'P.J. DIONNE COMPANY, INC.' matches; sponsor address differs (64 INDUSTRIAL PARKWAY, WOBURN MA 01801)",5500-SF,2024,20251105112122NAL0008263425001,"P.J. DIONNE COMPANY, INC. 401(K) PLAN","P.J. DIONNE COMPANY, INC.",,043237385,MA,2024-07-01,2025-06-30,2025-11-05,18,2E 2F 2G 2J 2K 2T,2E2F2G2J2K2T3D,0,,FILING_RECEIVED,DOL_FORM_5500_SF_2024,https://askebsa.dol.gov/FOIA%20Files/2024/Latest/F_5500_SF_2024_Latest.zip,11370908e2bbc78d1d418b2f2a2177875e0524c12b69a181432d6fd65a5966c3
biz-244,042819828-001,medium,"sponsor name 'RUSTIC FIRE PROTECTION, INC.' matches; sponsor address corroborates (320 W MAIN STREET, NORTON MA 027660000)",5500-SF,2025,20260413120501NAL0029970674001,"RUSTIC FIRE PROTECTION, INC. PROFIT SHARING PLAN","RUSTIC FIRE PROTECTION, INC.",,042819828,MA,2025-01-01,2025-12-31,2026-04-13,70,2E 2F 2G 2J 2K,2E2F2G2J2K3D,0,0,FILING_RECEIVED,DOL_FORM_5500_SF_2025,https://askebsa.dol.gov/FOIA%20Files/2025/Latest/F_5500_SF_2025_Latest.zip,2db4677bd93455ccc082d378fdd56594ac90ca0fc6f2da1639a15aea8ed3e94d
biz-245,201083341-001,low (review),"sponsor name 'BAYSIDE MECHANICAL, INC.' matches; sponsor address differs (396 HATCH DRIVE, FOSTER CITY CA 94404)",5500-SF,2024,20250819133012NAL0002258849001,"BAYSIDE MECHANICAL, INC 401(K) PLAN","BAYSIDE MECHANICAL, INC.",,201083341,CA,2024-01-01,2024-12-31,2025-08-19,55,2A 2E 2G 2J 2F 2T,2A2E3D2G2J2F2T,0,1,FILING_RECEIVED,DOL_FORM_5500_SF_2024,https://askebsa.dol.gov/FOIA%20Files/2024/Latest/F_5500_SF_2024_Latest.zip,11370908e2bbc78d1d418b2f2a2177875e0524c12b69a181432d6fd65a5966c3
biz-245,201083341-001,low (review),"sponsor name 'BAYSIDE MECHANICAL, INC.' matches; sponsor address differs (396 HATCH DR., FOSTER CITY CA 94404)",5500-SF,2025,20260908101640NAL0002223857001,"BAYSIDE MECHANICAL, INC. 401(K) PLAN","BAYSIDE MECHANICAL, INC.",,201083341,CA,2025-01-01,2025-12-31,2026-09-08,46,2E 2F 2G 2J 2T,2E2F2G2J2T3D,0,0,FILING_RECEIVED,DOL_FORM_5500_SF_2025,https://askebsa.dol.gov/FOIA%20Files/2025/Latest/F_5500_SF_2025_Latest.zip,2db4677bd93455ccc082d378fdd56594ac90ca0fc6f2da1639a15aea8ed3e94d
biz-247,208733023-001,medium,"sponsor name 'SEASIDE GAS SERVICE INC' matches; sponsor address corroborates (67 HELMSMAN DR, YARMOUTH PORT MA 026752467)",5500-SF,2025,20260619114008NAL0005143728001,SEASIDE GAS SERVICE INC 401(K) PROFIT SHARING PLAN & TRUST,SEASIDE GAS SERVICE INC,,208733023,MA,2025-01-01,2025-12-31,2026-06-19,19,2E 2F 2G 2J 2K 2S 2T,2E2F2G2J2K2S2T3D,0,0,FILING_RECEIVED,DOL_FORM_5500_SF_2025,https://askebsa.dol.gov/FOIA%20Files/2025/Latest/F_5500_SF_2025_Latest.zip,2db4677bd93455ccc082d378fdd56594ac90ca0fc6f2da1639a15aea8ed3e94d
biz-249,042261062-002,medium,"sponsor name 'ENTERPRISE EQUIPMENT CO., INC.' matches; sponsor address corroborates (276 LIBBEY PKY, WEYMOUTH MA 02189)",5500-SF,2025,20260915131142NAL0006069170001,"ENTERPRISE EQUIPMENT CO., INC. 401K PROFIT SHARING PLAN","ENTERPRISE EQUIPMENT CO., INC.",,042261062,MA,2025-01-01,2025-12-31,2026-09-15,28,2A 2E 2H 2K 2J 2F,2A2E3D2H2K2J2F,0,0,FILING_RECEIVED,DOL_FORM_5500_SF_2025,https://askebsa.dol.gov/FOIA%20Files/2025/Latest/F_5500_SF_2025_Latest.zip,2db4677bd93455ccc082d378fdd56594ac90ca0fc6f2da1639a15aea8ed3e94d
biz-249,621674156-001,low (review),"sponsor name 'ENTERPRISE EQUIPMENT COMPANY, INC.' matches; sponsor address differs (4712 CENTRAL AVE PK, KNOXVILLE TN 37912)",5500-SF,2025,20260430220825NAL0000572768097,ENTEPRISE EQUIPMENT COMPANY 401(K) PLAN,"ENTERPRISE EQUIPMENT COMPANY, INC.",,621674156,TN,2025-01-01,2025-12-31,2026-04-30,3,2E 2F 2G 2J 2K 2S 2T,2E2F2G2J2K2S2T3D,0,0,FILING_RECEIVED,DOL_FORM_5500_SF_2025,https://askebsa.dol.gov/FOIA%20Files/2025/Latest/F_5500_SF_2025_Latest.zip,2db4677bd93455ccc082d378fdd56594ac90ca0fc6f2da1639a15aea8ed3e94d
biz-250,043493110-001,medium,"sponsor name 'AMERICAN TEST AND BALANCE, INC.' matches; sponsor address corroborates (335R WASHINGTON STREET, NORWELL MA 02061)",5500-SF,2024,20250603121441NAL0028519442001,"AMERICAN TEST AND BALANCE, INC. 401(K) PLAN - TERM","AMERICAN TEST AND BALANCE, INC.",,043493110,MA,2024-01-01,2024-12-31,2025-06-03,0,2E 2F 2G 2J 2K 2T,2E2F2G2J2K2T3D,0,0,FILING_RECEIVED,DOL_FORM_5500_SF_2024,https://askebsa.dol.gov/FOIA%20Files/2024/Latest/F_5500_SF_2024_Latest.zip,11370908e2bbc78d1d418b2f2a2177875e0524c12b69a181432d6fd65a5966c3
biz-254,042592245-001,low (review),"sponsor name 'MINUS-ELEVEN INC' matches; sponsor address differs (2026 PLYMOUTH ST STE A, EAST BRIDGEWATER MA 023332466)",5500-SF,2024,20250430120738NAL0001835345001,MINUS-ELEVEN INC 401(K) PROFIT SHARING PLAN & TRUST,MINUS-ELEVEN INC,,042592245,MA,2024-01-01,2024-12-31,2025-04-30,15,2E 2F 2G 2J 2K 2T,2E2F2G2J2K2T3D,0,0,FILING_RECEIVED,DOL_FORM_5500_SF_2024,https://askebsa.dol.gov/FOIA%20Files/2024/Latest/F_5500_SF_2024_Latest.zip,11370908e2bbc78d1d418b2f2a2177875e0524c12b69a181432d6fd65a5966c3
biz-254,042592245-001,low (review),"sponsor name 'MINUS-ELEVEN INC' matches; sponsor address differs (2026 PLYMOUTH ST STE A, EAST BRIDGEWATER MA 023332466)",5500-SF,2025,20260708090451NAL0026055024001,MINUS-ELEVEN INC 401(K) PROFIT SHARING PLAN & TRUST,MINUS-ELEVEN INC,,042592245,MA,2025-01-01,2025-12-31,2026-07-08,17,2E 2F 2G 2J 2K 2T,2E2F2G2J2K2T3D,0,0,FILING_RECEIVED,DOL_FORM_5500_SF_2025,https://askebsa.dol.gov/FOIA%20Files/2025/Latest/F_5500_SF_2025_Latest.zip,2db4677bd93455ccc082d378fdd56594ac90ca0fc6f2da1639a15aea8ed3e94d
biz-255,800923812-001,medium,"sponsor name 'BUDGE IT DRAINS' matches; sponsor address corroborates (571 ELM ST UNIT B, BRIDGEWATER MA 023241073)",5500-SF,2025,20260513123628NAL0009527456001,BUDGE IT DRAINS 401(K) PROFIT SHARING PLAN & TRUST,BUDGE IT DRAINS,,800923812,MA,2025-01-01,2025-12-31,2026-05-13,20,2E 2F 2G 2S 2J 2T 2K,2E2F2G2S3D2J2T2K,0,0,FILING_RECEIVED,DOL_FORM_5500_SF_2025,https://askebsa.dol.gov/FOIA%20Files/2025/Latest/F_5500_SF_2025_Latest.zip,2db4677bd93455ccc082d378fdd56594ac90ca0fc6f2da1639a15aea8ed3e94d
biz-256,042265598-001,medium,"sponsor name 'R.P. HOLMES CORPORATION' matches; sponsor address corroborates (97 BORDER STREET, WEST NEWTON MA 02465)",5500-SF,2025,20260313073918NAL0008519650001,R.P. HOLMES CORPORATION 401K PLAN,R.P. HOLMES CORPORATION,,042265598,MA,2025-01-01,2025-12-31,2026-03-13,11,2E 2F 2G 2J 2K 2T,2E2F2G2J2K2T3D,0,0,FILING_RECEIVED,DOL_FORM_5500_SF_2025,https://askebsa.dol.gov/FOIA%20Files/2025/Latest/F_5500_SF_2025_Latest.zip,2db4677bd93455ccc082d378fdd56594ac90ca0fc6f2da1639a15aea8ed3e94d
biz-258,042687185-011,medium,"sponsor name 'KNEELAND PLUMBING & HEATING, INC.' matches; sponsor address corroborates (63 HAMMOND STREET, ROWLEY MA 01969)",5500-SF,2025,20260511075438NAL0005480769001,"KNEELAND PLUMBING & HEATING, INC. RETIREMENT SAVINGS PLAN","KNEELAND PLUMBING & HEATING, INC.",,042687185,MA,2025-01-01,2025-12-31,2026-05-11,9,2E 2F 2G 2J 2K 2T,2E2F2G2J2K2T3D,0,0,FILING_RECEIVED,DOL_FORM_5500_SF_2025,https://askebsa.dol.gov/FOIA%20Files/2025/Latest/F_5500_SF_2025_Latest.zip,2db4677bd93455ccc082d378fdd56594ac90ca0fc6f2da1639a15aea8ed3e94d
biz-265,043096060-001,low (review),"sponsor name 'RST THERMAL INC' matches; sponsor address differs (52 FERRY ST # 1, FALL RIVER MA 027211106)",5500-SF,2024,20250826122410NAL0008697089001,RST THERMAL INC 401(K) PROFIT SHARING PLAN & TRUST,RST THERMAL INC,,043096060,MA,2024-01-01,2024-12-31,2025-08-26,7,2A 2E 2F 2G 2J 2K 2T,2A2E2F2G2J2K2T3D,0,0,FILING_RECEIVED,DOL_FORM_5500_SF_2024,https://askebsa.dol.gov/FOIA%20Files/2024/Latest/F_5500_SF_2024_Latest.zip,11370908e2bbc78d1d418b2f2a2177875e0524c12b69a181432d6fd65a5966c3
biz-265,043096060-001,low (review),"sponsor name 'RST THERMAL INC' matches; sponsor address differs (52 FERRY ST # 1, FALL RIVER MA 027211106)",5500-SF,2025,20260624100729NAL0006268675001,RST THERMAL INC 401(K) PROFIT SHARING PLAN & TRUST,RST THERMAL INC,,043096060,MA,2025-01-01,2025-12-31,2026-06-24,8,2A 2E 2F 2G 2J 2K 2T,2A2E2F2G2J2K2T3D,0,0,FILING_RECEIVED,DOL_FORM_5500_SF_2025,https://askebsa.dol.gov/FOIA%20Files/2025/Latest/F_5500_SF_2025_Latest.zip,2db4677bd93455ccc082d378fdd56594ac90ca0fc6f2da1639a15aea8ed3e94d
biz-266,042521327-001,medium,"sponsor name 'RENE L. COTE SONS, INC.' matches; sponsor address corroborates (896 MAIN STREET, HOLYOKE MA 01040)",5500,2024,20250922094453NAL0005046545001,RENE L. COTE SONS INC. RETIREMENT PLAN,"RENE L. COTE SONS, INC.",,042521327,MA,2024-04-01,2025-03-31,2025-09-22,10,2G 2J 2K 2T 2S 2E 2F 2R,2G2J2K2T2S2E2F3D2R,0,0,FILING_RECEIVED,DOL_FORM_5500_2024,https://askebsa.dol.gov/FOIA%20Files/2024/Latest/F_5500_2024_Latest.zip,8884391d48a9e362fd7d2b91d6e37430bd2e54355c9dbc3479985c9d876872f8
biz-267,275028936-001,medium,"sponsor name 'MACDOUGALL PLUMBING AND MECHANICAL' matches; sponsor address corroborates (406 LIBBEY INDUSTRIAL PARKWAY, WEYMOUTH MA 02189)",5500-SF,2025,20260710053159NAL0000957617001,MACDOUGALL PLUMBING & MECHANICAL 401K PROFIT SHARING PLAN & TRUST,MACDOUGALL PLUMBING AND MECHANICAL,,275028936,MA,2025-01-01,2025-12-31,2026-07-10,35,2E 2F 2G 2J 2K 2A 2T,2E2F2G2J2K2A2T3D,0,0,FILING_RECEIVED,DOL_FORM_5500_SF_2025,https://askebsa.dol.gov/FOIA%20Files/2025/Latest/F_5500_SF_2025_Latest.zip,2db4677bd93455ccc082d378fdd56594ac90ca0fc6f2da1639a15aea8ed3e94d
biz-268,200486459-001,medium,"sponsor name 'THOMAS J. KENNEDY PLUMBING, HEATING & HVAC, INC.' matches; sponsor address corroborates (1635 BROADWAY, SUITE 2, RAYNHAM MA 02767)",5500-SF,2024,20251008124559NAL0005563665001,TJK PLUMBING 401(K) PLAN,"THOMAS J. KENNEDY PLUMBING, HEATING & HVAC, INC.",,200486459,MA,2024-01-01,2024-12-31,2025-10-08,39,2E 2J 2K 2F 2G,2E2J2K2F2G3D,0,0,FILING_RECEIVED,DOL_FORM_5500_SF_2024,https://askebsa.dol.gov/FOIA%20Files/2024/Latest/F_5500_SF_2024_Latest.zip,11370908e2bbc78d1d418b2f2a2177875e0524c12b69a181432d6fd65a5966c3
biz-272,454996894-001,low (review),"sponsor name 'WILLWERTH PLUMBING AND HEATING' matches; sponsor address differs (26 GREEN STREET, READING MA 01867)",5500-SF,2024,20250528102336NAL0011996496001,"WILLWERTH PLUMBING AND HEATING, INC. 401(K) PROFIT SHARING PLAN",WILLWERTH PLUMBING AND HEATING,,454996894,MA,2024-01-01,2024-12-31,2025-05-28,2,2E 2F 2G 2J 2K 2T,2E2F2G2J2K2T3B3D,0,0,FILING_RECEIVED,DOL_FORM_5500_SF_2024,https://askebsa.dol.gov/FOIA%20Files/2024/Latest/F_5500_SF_2024_Latest.zip,11370908e2bbc78d1d418b2f2a2177875e0524c12b69a181432d6fd65a5966c3
biz-272,454996894-001,low (review),"sponsor name 'WILLWERTH PLUMBING AND HEATING' matches; sponsor address differs (26 GREEN STREET, READING MA 01867)",5500-SF,2025,20260520140146NAL0002459936001,"WILLWERTH PLUMBING AND HEATING, INC. 401(K) PROFIT SHARING PLAN",WILLWERTH PLUMBING AND HEATING,,454996894,MA,2025-01-01,2025-12-31,2026-05-20,9,2E 2F 2G 2J 2K 2T,2E2F2G2J2K2T3D,0,0,FILING_RECEIVED,DOL_FORM_5500_SF_2025,https://askebsa.dol.gov/FOIA%20Files/2025/Latest/F_5500_SF_2025_Latest.zip,2db4677bd93455ccc082d378fdd56594ac90ca0fc6f2da1639a15aea8ed3e94d
biz-273,042265250-001,medium,"sponsor name 'ROBIE'S REFRIGERATION, INC.' matches; sponsor address corroborates (279 YARMOUTH ROAD, HYANNIS MA 02601)",5500-SF,2025,20260717021617NAL0006759456001,ROBIES 401K PLAN,"ROBIE'S REFRIGERATION, INC.",,042265250,MA,2025-01-01,2025-12-31,2026-07-17,52,2A 2E 2F 2J 2G 2K 2T,2A2E2F2J2G2K2T3D,0,0,FILING_RECEIVED,DOL_FORM_5500_SF_2025,https://askebsa.dol.gov/FOIA%20Files/2025/Latest/F_5500_SF_2025_Latest.zip,2db4677bd93455ccc082d378fdd56594ac90ca0fc6f2da1639a15aea8ed3e94d
biz-275,475334263-001,medium,"sponsor name 'PREMIER MECHANICAL, LLC' matches; sponsor address corroborates (220 COMMERCIAL STREET, BOSTON MA 02109)",5500-SF,2024,20250710161228NAL0015520674001,PREMIER MECHANICAL 401(K) PROFIT SHARING PLAN,"PREMIER MECHANICAL, LLC",,475334263,MA,2024-01-01,2024-12-31,2025-07-10,15,2E 2F 2G 2J 2K 2S 2T,2E2F2G2J2K2S2T3D,0,0,FILING_RECEIVED,DOL_FORM_5500_SF_2024,https://askebsa.dol.gov/FOIA%20Files/2024/Latest/F_5500_SF_2024_Latest.zip,11370908e2bbc78d1d418b2f2a2177875e0524c12b69a181432d6fd65a5966c3
biz-275,363967568-001,low (review),"sponsor name 'PREMIER MECHANICAL, INC.' matches; sponsor address differs (130 S. FAIRBANK STREET, ADDISON IL 60101)",5500-SF,2024,20250902103302NAL0014158737001,"PREMIER MECHANICAL, INC. 401(K) PROFIT SHARING PLAN","PREMIER MECHANICAL, INC.",,363967568,IL,2024-01-01,2024-12-31,2025-09-02,28,2A 2E 2F 2H 2J 2T,2A2E2F2H2J2T3D,0,0,FILING_RECEIVED,DOL_FORM_5500_SF_2024,https://askebsa.dol.gov/FOIA%20Files/2024/Latest/F_5500_SF_2024_Latest.zip,11370908e2bbc78d1d418b2f2a2177875e0524c12b69a181432d6fd65a5966c3
biz-275,363967568-001,low (review),"sponsor name 'PREMIER MECHANICAL, INC.' matches; sponsor address differs (130 S. FAIRBANK STREET, ADDISON IL 60101)",5500-SF,2025,20260707132316NAL0023887872001,"PREMIER MECHANICAL, INC. 401(K) PROFIT SHARING PLAN","PREMIER MECHANICAL, INC.",,363967568,IL,2025-01-01,2025-12-31,2026-07-07,30,2A 2E 2F 2H 2J 2T,2A2E2F2H2J2T3D,0,0,FILING_RECEIVED,DOL_FORM_5500_SF_2025,https://askebsa.dol.gov/FOIA%20Files/2025/Latest/F_5500_SF_2025_Latest.zip,2db4677bd93455ccc082d378fdd56594ac90ca0fc6f2da1639a15aea8ed3e94d
biz-275,475334263-001,low (review),"sponsor name 'PREMIER MECHANICAL, LLC' matches; sponsor address differs (29 MYSTIC AVE, SOMERVILLE MA 02145)",5500-SF,2025,20260721053014NAL0010304433001,PREMIER MECHANICAL 401(K) PROFIT SHARING PLAN,"PREMIER MECHANICAL, LLC",,475334263,MA,2025-01-01,2025-12-31,2026-07-21,39,2E 2F 2G 2J 2K 2S 2T,2E2F2G2J2K2S2T3D,0,0,FILING_RECEIVED,DOL_FORM_5500_SF_2025,https://askebsa.dol.gov/FOIA%20Files/2025/Latest/F_5500_SF_2025_Latest.zip,2db4677bd93455ccc082d378fdd56594ac90ca0fc6f2da1639a15aea8ed3e94d
biz-275,843203208-001,low (review),"sponsor name 'PREMIER MECHANICAL LLC' matches; sponsor address differs (6522 MACCORKLE AVE, SAINT ALBANS WV 25177)",5500-SF,2024,20250821141628NAL0004235601001,PREMIER MECHANICAL LLC 401(K) PLAN,PREMIER MECHANICAL LLC,,843203208,WV,2024-01-01,2024-12-31,2025-08-21,7,2A 2E 2F 2J 2K 2T,2A2E2F2J2K2T3D,0,0,FILING_RECEIVED,DOL_FORM_5500_SF_2024,https://askebsa.dol.gov/FOIA%20Files/2024/Latest/F_5500_SF_2024_Latest.zip,11370908e2bbc78d1d418b2f2a2177875e0524c12b69a181432d6fd65a5966c3
biz-275,934957190-001,low (review),"sponsor name 'PREMIER MECHANICAL, INC.' / DBA 'PREMIER MECHANICAL SERVICES' matches; sponsor address differs (12215 NW 35TH STREET, CORAL SPRINGS FL 33065)",5500-SF,2025,20260817091046NAL0018397171001,"PREMIER MECHANICAL SERVICES, INC. 401(K) PLAN","PREMIER MECHANICAL, INC.",PREMIER MECHANICAL SERVICES,934957190,FL,2025-01-01,2025-12-31,2026-08-17,10,2E 2F 2G 2J 2K 2T,2E2F2G2J2K2T3D,0,0,FILING_RECEIVED,DOL_FORM_5500_SF_2025,https://askebsa.dol.gov/FOIA%20Files/2025/Latest/F_5500_SF_2025_Latest.zip,2db4677bd93455ccc082d378fdd56594ac90ca0fc6f2da1639a15aea8ed3e94d
biz-279,300099805-001,medium,"sponsor name 'BRENNAN & CO., LLC' matches; sponsor address corroborates (79 MADALINE LANE, VINEYARD HAVEN MA 02568)",5500-SF,2025,20260608084356NAL0003526448001,"BRENNAN & CO., LLC 401(K) PLAN","BRENNAN & CO., LLC",,300099805,MA,2025-01-01,2025-12-31,2026-06-08,0,2A 2F 2G 2J 2K 2E,2A2F2G2J2K3D2E,1,0,FILING_RECEIVED,DOL_FORM_5500_SF_2025,https://askebsa.dol.gov/FOIA%20Files/2025/Latest/F_5500_SF_2025_Latest.zip,2db4677bd93455ccc082d378fdd56594ac90ca0fc6f2da1639a15aea8ed3e94d
biz-281,042733016-001,medium,"sponsor name 'N.B. KENNEY COMPANY, INC.' matches; sponsor address corroborates (68 BARNUM ROAD, DEVENS MA 01434)",5500-SF,2024,20251010152833NAL0004748851002,"N.B. KENNEY COMPANY, INC. RETIREMENT SAVINGS PROGRAM","N.B. KENNEY COMPANY, INC.",,042733016,MA,2024-01-01,2024-12-31,2025-10-10,45,2A 2F 2G 2J 2K 2T,2A2F2G2J2K2T3D3H,0,,FILING_RECEIVED,DOL_FORM_5500_SF_2024,https://askebsa.dol.gov/FOIA%20Files/2024/Latest/F_5500_SF_2024_Latest.zip,11370908e2bbc78d1d418b2f2a2177875e0524c12b69a181432d6fd65a5966c3
biz-282,043140956-001,medium,"sponsor name 'UNITED HVAC' matches; sponsor address corroborates (333 WEYMOUTH STREET, ROCKLAND MA 02370)",5500-SF,2024,20250406085356NAL0029677778001,UNITED HVAC 401(K) PLAN,UNITED HVAC,,043140956,MA,2024-01-01,2024-12-31,2025-04-06,6,2E 2F 2G 2J 2K 2T,2E2F2G2J2K2T3D,0,0,FILING_RECEIVED,DOL_FORM_5500_SF_2024,https://askebsa.dol.gov/FOIA%20Files/2024/Latest/F_5500_SF_2024_Latest.zip,11370908e2bbc78d1d418b2f2a2177875e0524c12b69a181432d6fd65a5966c3
biz-283,043440475-001,medium,"sponsor name 'BASNETT PLUMBING AND HEATING, INC.' matches; sponsor ZIP corroborates (LITTLETON MA 01460)",5500-SF,2025,20260708023752NAL0015975587001,"BASNETT PLUMBING AND HEATING, INC. 401(K) PLAN","BASNETT PLUMBING AND HEATING, INC.",,043440475,MA,2025-01-01,2025-12-31,2026-07-08,45,2A 2E 2F 2G 2J 2K 2T,2A2E2F2G2J2K2T3D,0,0,FILING_RECEIVED,DOL_FORM_5500_SF_2025,https://askebsa.dol.gov/FOIA%20Files/2025/Latest/F_5500_SF_2025_Latest.zip,2db4677bd93455ccc082d378fdd56594ac90ca0fc6f2da1639a15aea8ed3e94d
biz-284,202506728-001,low (review),"sponsor name 'SUPERIOR PLUMBING INC' matches; sponsor address differs (3531 S 11TH AVE, ELDRIDGE IA 52748)",5500-SF,2024,20250611175025NAL0046658674001,SUPERIOR PLUMBING INC,SUPERIOR PLUMBING INC,,202506728,IA,2024-01-01,2024-12-31,2025-06-11,14,2E 2F 2G 2J 2K 2S 2T,2E2F2G2J2K2S2T3D,0,0,FILING_RECEIVED,DOL_FORM_5500_SF_2024,https://askebsa.dol.gov/FOIA%20Files/2024/Latest/F_5500_SF_2024_Latest.zip,11370908e2bbc78d1d418b2f2a2177875e0524c12b69a181432d6fd65a5966c3
biz-284,202506728-001,low (review),"sponsor name 'SUPERIOR PLUMBING INC' matches; sponsor address differs (3531 S 11TH AVE, ELDRIDGE IA 52748)",5500-SF,2025,20260714100235NAL0000964659001,SUPERIOR PLUMBING INC,SUPERIOR PLUMBING INC,,202506728,IA,2025-01-01,2025-12-31,2026-07-14,15,2E 2F 2G 2J 2K 2S 2T,2E2F2G2J2K2S2T3D,0,0,FILING_RECEIVED,DOL_FORM_5500_SF_2025,https://askebsa.dol.gov/FOIA%20Files/2025/Latest/F_5500_SF_2025_Latest.zip,2db4677bd93455ccc082d378fdd56594ac90ca0fc6f2da1639a15aea8ed3e94d
biz-286,043188335-001,medium,"sponsor name 'O'KEEFE PLUMBING AND HEATING, INC.' matches; sponsor address corroborates (56 PULASKI STREET, PEABODY MA 01960)",5500-SF,2025,20260220160702NAL0010986928001,"O'KEEFE PLUMBING AND HEATING, INC. 401(K) PLAN","O'KEEFE PLUMBING AND HEATING, INC.",,043188335,MA,2025-01-01,2025-12-31,2026-02-20,19,2A 2E 2F 2G 2J 2K 2S 2T,2A2E2F2G2J2K2S2T3D,0,0,FILING_RECEIVED,DOL_FORM_5500_SF_2025,https://askebsa.dol.gov/FOIA%20Files/2025/Latest/F_5500_SF_2025_Latest.zip,2db4677bd93455ccc082d378fdd56594ac90ca0fc6f2da1639a15aea8ed3e94d
biz-286,113115817-001,low (review),"sponsor name 'O'KEEFE PLUMBING & HEATING, INC.' matches; sponsor address differs (42 HARBOR WAY, SEA CLIFF NY 11579)",5500-SF,2024,20250711092216NAL0016859458001,"O'KEEFE PLUMBING & HEATING, INC. 401(K) PROFIT SHARING PLAN","O'KEEFE PLUMBING & HEATING, INC.",,113115817,NY,2024-01-01,2024-12-31,2025-07-11,3,2A 2E 2F 2G 2J 2T,2A2E2F2G2J2T3D,0,0,FILING_RECEIVED,DOL_FORM_5500_SF_2024,https://askebsa.dol.gov/FOIA%20Files/2024/Latest/F_5500_SF_2024_Latest.zip,11370908e2bbc78d1d418b2f2a2177875e0524c12b69a181432d6fd65a5966c3
biz-288,043203457-001,medium,"sponsor name 'MORAN SHEET METAL, INC.' matches; sponsor address corroborates (613 MEADOW STREET, AGAWAM MA 01001)",5500-SF,2025,20260519113847NAL0000535171001,THE CONTRACTORS RETIREMENT PLAN,"MORAN SHEET METAL, INC.",,043203457,MA,2025-01-01,2025-12-31,2026-05-19,4,2A 2E 2F 2G 2J 2K 2T,2A2E2F2G2J2K2T3D,0,,FILING_RECEIVED,DOL_FORM_5500_SF_2025,https://askebsa.dol.gov/FOIA%20Files/2025/Latest/F_5500_SF_2025_Latest.zip,2db4677bd93455ccc082d378fdd56594ac90ca0fc6f2da1639a15aea8ed3e94d
biz-289,510578864-001,medium,"sponsor name 'J.F. PLUMBING LLC' matches; sponsor address corroborates (745 E SQUANTUM ST, QUINCY MA 02171)",5500-SF,2025,20260701135755NAL0013736817001,JF PLUMBING LLC 401(K) P/S PLAN,J.F. PLUMBING LLC,,510578864,MA,2025-01-01,2025-12-31,2026-07-01,3,2E 2G 2J 2K 2F 2T,2E3D2G2J2K2F2T3B3H,0,0,FILING_RECEIVED,DOL_FORM_5500_SF_2025,https://askebsa.dol.gov/FOIA%20Files/2025/Latest/F_5500_SF_2025_Latest.zip,2db4677bd93455ccc082d378fdd56594ac90ca0fc6f2da1639a15aea8ed3e94d
biz-289,680619937-001,low (review),"sponsor name 'J.F. PLUMBING, INC.' matches; sponsor address differs (1252 WESTBROOK PLACE, LIVERMORE CA 945506430)",5500-SF,2024,20250627103344NAL0022578290002,THE CONTRACTORS RETIREMENT PLAN,"J.F. PLUMBING, INC.",,680619937,CA,2024-01-01,2024-12-31,2025-06-27,2,2A 2E 2F 2G 2T 2J,2A2E2F2G2T2J3D,0,,FILING_RECEIVED,DOL_FORM_5500_SF_2024,https://askebsa.dol.gov/FOIA%20Files/2024/Latest/F_5500_SF_2024_Latest.zip,11370908e2bbc78d1d418b2f2a2177875e0524c12b69a181432d6fd65a5966c3
biz-289,680619937-001,low (review),"sponsor name 'J.F. PLUMBING, INC.' matches; sponsor address differs (1252 WESTBROOK PLACE, LIVERMORE CA 945506430)",5500-SF,2025,20260510172148NAL0010345170001,THE CONTRACTORS RETIREMENT PLAN,"J.F. PLUMBING, INC.",,680619937,CA,2025-01-01,2025-12-31,2026-05-10,2,2A 2E 2F 2G 2J 2T,2A2E2F2G2J2T3D,0,,FILING_RECEIVED,DOL_FORM_5500_SF_2025,https://askebsa.dol.gov/FOIA%20Files/2025/Latest/F_5500_SF_2025_Latest.zip,2db4677bd93455ccc082d378fdd56594ac90ca0fc6f2da1639a15aea8ed3e94d
biz-290,042151614-002,medium,"sponsor name 'GEORGE T. WILKINSON, INC.' matches; sponsor address corroborates (405 VFW DRIVE, ROCKLAND MA 02370)",5500-SF,2025,20260402101321NAL0002173025001,"GEORGE T. WILKINSON, INC. 401(K) RETIREMENT PLAN","GEORGE T. WILKINSON, INC.",,042151614,MA,2025-01-01,2025-12-31,2026-04-02,72,2A 2E 2F 2G 2J 2K,2A2E2F2G2J2K3D3H,0,0,FILING_RECEIVED,DOL_FORM_5500_SF_2025,https://askebsa.dol.gov/FOIA%20Files/2025/Latest/F_5500_SF_2025_Latest.zip,2db4677bd93455ccc082d378fdd56594ac90ca0fc6f2da1639a15aea8ed3e94d
biz-291,042635698-001,medium,"sponsor name 'M. J. MORAN, INC.' matches; sponsor address corroborates (4 SOUTH MAIN STREET, P.O. BOX 278, HAYDENVILLE MA 010390278)",5500-SF,2025,20260812111044NAL0013493442001,"M. J. MORAN, INC. 401(K) PLAN AND TRUST","M. J. MORAN, INC.",,042635698,MA,2025-01-01,2025-12-31,2026-08-12,41,2E 2J,2E2J3D,0,0,FILING_RECEIVED,DOL_FORM_5500_SF_2025,https://askebsa.dol.gov/FOIA%20Files/2025/Latest/F_5500_SF_2025_Latest.zip,2db4677bd93455ccc082d378fdd56594ac90ca0fc6f2da1639a15aea8ed3e94d
biz-292,042054432-001,low (review),"sponsor name 'STAR PETROLEUM COMPANY, INC.' matches; sponsor address differs (95 WASHINGTON STREET, FOXBORO MA 023050107)",5500-SF,2024,20251015115340NAL0004460369001,"STAR PETROLEUM COMPANY, INC. 401(K) PROFIT SHARING PLAN","STAR PETROLEUM COMPANY, INC.",,042054432,MA,2024-01-01,2024-12-31,2025-10-15,13,2A 2G 2J 2E 2F,2A2G2J3D2E2F,0,0,FILING_RECEIVED,DOL_FORM_5500_SF_2024,https://askebsa.dol.gov/FOIA%20Files/2024/Latest/F_5500_SF_2024_Latest.zip,11370908e2bbc78d1d418b2f2a2177875e0524c12b69a181432d6fd65a5966c3
biz-293,043069599-001,medium,"sponsor name 'LARKIN/HATHAWAY, INC.' matches; sponsor ZIP corroborates (BRIDGEWATER MA 023241054)",5500-SF,2025,20260713135414NAL0000202755001,"401(K) PROFIT SHARING PLAN FOR EMPLOYEES OF LARKIN/HATHAWAY, INC.","LARKIN/HATHAWAY, INC.",,043069599,MA,2025-01-01,2025-12-31,2026-07-13,35,2G 2J 2K 2S 2T,2G3D2J2K2S2T,0,0,FILING_RECEIVED,DOL_FORM_5500_SF_2025,https://askebsa.dol.gov/FOIA%20Files/2025/Latest/F_5500_SF_2025_Latest.zip,2db4677bd93455ccc082d378fdd56594ac90ca0fc6f2da1639a15aea8ed3e94d
biz-294,204374370-001,low (review),"sponsor name 'INDUSTRIAL PIPING COMPANIES, LLC' matches; sponsor address differs (1933 S. ELLIOT ST, PRYOR OK 74361)",5500-SF,2024,20250530133514NAL0022442594001,INDUSTRIAL PIPING COMPANIES 401(K) PLAN,"INDUSTRIAL PIPING COMPANIES, LLC",,204374370,OK,2024-01-01,2024-12-31,2025-05-30,53,2A 2E 2F 2G 2J 2K 2T,2A2E2F2G2J2K2T3D,,,FILING_RECEIVED,DOL_FORM_5500_SF_2024,https://askebsa.dol.gov/FOIA%20Files/2024/Latest/F_5500_SF_2024_Latest.zip,11370908e2bbc78d1d418b2f2a2177875e0524c12b69a181432d6fd65a5966c3
biz-294,204374370-001,low (review),"sponsor name 'INDUSTRIAL PIPING COMPANIES, LLC' matches; sponsor address differs (1933 S. ELLIOT ST, PRYOR OK 74361)",5500-SF,2025,20260223143625NAL0001103649002,INDUSTRIAL PIPING COMPANIES 401(K) PLAN,"INDUSTRIAL PIPING COMPANIES, LLC",,204374370,OK,2025-01-01,2025-12-31,2026-02-23,56,2A 2E 2F 2G 2J 2K 2T,2A2E2F2G2J2K2T3D,0,0,FILING_RECEIVED,DOL_FORM_5500_SF_2025,https://askebsa.dol.gov/FOIA%20Files/2025/Latest/F_5500_SF_2025_Latest.zip,2db4677bd93455ccc082d378fdd56594ac90ca0fc6f2da1639a15aea8ed3e94d
biz-296,043173997-001,medium,"sponsor name 'BREEN & SULLIVAN MECHANICAL SERVICES, INC.' matches; sponsor address corroborates (7 HEALY COURT, DANVERS MA 01923)",5500-SF,2024,20250715004739NAL0002247248001,"BREEN & SULLIVAN MECHANICAL SERVICES, INC. 401(K) PLAN","BREEN & SULLIVAN MECHANICAL SERVICES, INC.",,043173997,MA,2024-01-01,2024-12-31,2025-07-15,0,2A 2E 2J 2K 2F 2G 2T,2A2E2J2K2F2G3D2T,1,0,FILING_RECEIVED,DOL_FORM_5500_SF_2024,https://askebsa.dol.gov/FOIA%20Files/2024/Latest/F_5500_SF_2024_Latest.zip,11370908e2bbc78d1d418b2f2a2177875e0524c12b69a181432d6fd65a5966c3
biz-297,261147652-001,medium,"sponsor name 'CHASE PLUMBING CO., INC.' matches; sponsor address corroborates (13 ADAMS STREET, BURLINGTON MA 01803)",5500-SF,2025,20260623164231NAL0012025538001,"CHASE PLUMBING CO., INC. 401(K) PLAN","CHASE PLUMBING CO., INC.",,261147652,MA,2025-01-01,2025-12-31,2026-06-23,24,2E 2F 2G 2J 2K 2T,2E2F2G2J2K2T3D,0,,FILING_RECEIVED,DOL_FORM_5500_SF_2025,https://askebsa.dol.gov/FOIA%20Files/2025/Latest/F_5500_SF_2025_Latest.zip,2db4677bd93455ccc082d378fdd56594ac90ca0fc6f2da1639a15aea8ed3e94d
biz-299,042440024-002,medium,"sponsor name 'MANNYS PLUMBING & HEATING, INC.' matches; sponsor address corroborates (47 TENNIS ROAD, AGAWAM MA 01001)",5500-SF,2024,20251217141015NAL0006327552001,"MANNY'S PLUMBING & HEATING, INC. PREVAILING WAGE PLAN","MANNYS PLUMBING & HEATING, INC.",,042440024,MA,2024-07-01,2025-06-30,2025-12-17,7,2E 2F 2G 2J 2T,2E2F2G2J2T3D,0,0,FILING_RECEIVED,DOL_FORM_5500_SF_2024,https://askebsa.dol.gov/FOIA%20Files/2024/Latest/F_5500_SF_2024_Latest.zip,11370908e2bbc78d1d418b2f2a2177875e0524c12b69a181432d6fd65a5966c3
biz-301,273883868-001,medium,"sponsor name 'BROUILLETTE HVAC AND SHEET METAL, INC' matches; sponsor address corroborates (13 STEVENS STREET, EAST TAUNTON MA 027181026)",5500-SF,2025,20260127123104NAL0004625378001,"BROUILLETTE HVAC & SHEET METAL, INC. 401(K) PLAN","BROUILLETTE HVAC AND SHEET METAL, INC",,273883868,MA,2025-01-01,2025-12-31,2026-01-27,8,2E 2F 2G 2J 2K 2T,2E2F2G2J2K2T3D,0,,FILING_RECEIVED,DOL_FORM_5500_SF_2025,https://askebsa.dol.gov/FOIA%20Files/2025/Latest/F_5500_SF_2025_Latest.zip,2db4677bd93455ccc082d378fdd56594ac90ca0fc6f2da1639a15aea8ed3e94d
biz-302,043499758-001,medium,"sponsor name 'MCL MECHANICAL SERVICES INC' matches; sponsor address corroborates (26 KELSO AVE, WEST SPRINGFIELD MA 010893440)",5500-SF,2025,20260413091805NAL0017853152001,MCL MECHANICAL SERVICES INC 401(K) PROFIT SHARING PLAN & TRUST,MCL MECHANICAL SERVICES INC,,043499758,MA,2025-01-01,2025-12-31,2026-04-13,30,2A 2E 2F 2G 2J 2T,2A2E2F2G2J2T3D,0,0,FILING_RECEIVED,DOL_FORM_5500_SF_2025,https://askebsa.dol.gov/FOIA%20Files/2025/Latest/F_5500_SF_2025_Latest.zip,2db4677bd93455ccc082d378fdd56594ac90ca0fc6f2da1639a15aea8ed3e94d
biz-304,043523317-001,low (review),"sponsor name 'CLIMATE ENGINEERING, LLC' matches; sponsor address differs (P.O. BOX 2421, ABINGTON MA 02351)",5500-SF,2024,20250731141847NAL0013436434001,"CLIMATE ENGINEERING, LLC PROFIT SHARING PLAN","CLIMATE ENGINEERING, LLC",,043523317,MA,2024-01-01,2024-12-31,2025-07-31,7,2A 2E,2A2E3D,0,0,FILING_RECEIVED,DOL_FORM_5500_SF_2024,https://askebsa.dol.gov/FOIA%20Files/2024/Latest/F_5500_SF_2024_Latest.zip,11370908e2bbc78d1d418b2f2a2177875e0524c12b69a181432d6fd65a5966c3
biz-304,043523317-001,low (review),"sponsor name 'CLIMATE ENGINEERING, LLC' matches; sponsor address differs (P.O. BOX 186, EASTON MA 02334)",5500-SF,2025,20260721194109NAL0008582339001,"CLIMATE ENGINEERING, LLC PROFIT SHARING PLAN","CLIMATE ENGINEERING, LLC",,043523317,MA,2025-01-01,2025-12-31,2026-07-21,11,2A 2E,2A2E3D,0,0,FILING_RECEIVED,DOL_FORM_5500_SF_2025,https://askebsa.dol.gov/FOIA%20Files/2025/Latest/F_5500_SF_2025_Latest.zip,2db4677bd93455ccc082d378fdd56594ac90ca0fc6f2da1639a15aea8ed3e94d
biz-304,061169064-001,low (review),"sponsor name 'CLIMATE ENGINEERING COMPANIES' matches; sponsor address differs (1601 PAGE BLVD, SPRINGFIELD MA 01104)",5500-SF,2024,20250814104928NAL0027702370001,CLIMATE ENGINEERING COMPANIES 401(K) PLAN,CLIMATE ENGINEERING COMPANIES,,061169064,MA,2024-01-01,2024-12-31,2025-08-14,60,2E 2F 2G 2J 2K 2S 2T,2E2F2G2J2K2S2T3D,0,0,FILING_RECEIVED,DOL_FORM_5500_SF_2024,https://askebsa.dol.gov/FOIA%20Files/2024/Latest/F_5500_SF_2024_Latest.zip,11370908e2bbc78d1d418b2f2a2177875e0524c12b69a181432d6fd65a5966c3
biz-305,043238155-001,medium,"sponsor name 'POIRIER AND SPRINGER, INC.' matches; sponsor address corroborates (17E STERLING ROAD, BILLERICA MA 01862)",5500-SF,2024,20250331122834NAL0003425427001,"POIRIER AND SPRINGER, INC. PROFIT SHARING PLAN","POIRIER AND SPRINGER, INC.",,043238155,MA,2024-01-01,2024-12-31,2025-03-31,10,2E 2F 2H 2J 2K 2T,2E2F2H2J2K2T3D,0,0,FILING_RECEIVED,DOL_FORM_5500_SF_2024,https://askebsa.dol.gov/FOIA%20Files/2024/Latest/F_5500_SF_2024_Latest.zip,11370908e2bbc78d1d418b2f2a2177875e0524c12b69a181432d6fd65a5966c3
biz-306,042254483-002,low (review),"sponsor name 'WILLIAM F. LYNCH CO., INC.' matches; sponsor address differs (50 MILLBROOK ST, WORCESTER MA 01610)",5500-SF,2024,20250924160833NAL0010871810001,WILLIAM F. LYNCH CO. INC. PROFIT SHARING PLAN,"WILLIAM F. LYNCH CO., INC.",,042254483,MA,2024-01-01,2024-12-31,2025-09-24,12,2E 2F 2G 2J 2K 2T,2E2F2G2J2K2T3D,0,0,FILING_RECEIVED,DOL_FORM_5500_SF_2024,https://askebsa.dol.gov/FOIA%20Files/2024/Latest/F_5500_SF_2024_Latest.zip,11370908e2bbc78d1d418b2f2a2177875e0524c12b69a181432d6fd65a5966c3
biz-306,042254483-002,low (review),"sponsor name 'WILLIAM F. LYNCH CO., INC.' matches; sponsor address differs (50 MILLBROOK ST, WORCESTER MA 01610)",5500-SF,2025,20260528134806NAL0008865491001,WILLIAM F. LYNCH CO. INC. PROFIT SHARING PLAN,"WILLIAM F. LYNCH CO., INC.",,042254483,MA,2025-01-01,2025-12-31,2026-05-28,12,2E 2F 2G 2J 2K 2T,2E2F2G2J2K2T3D,0,0,FILING_RECEIVED,DOL_FORM_5500_SF_2025,https://askebsa.dol.gov/FOIA%20Files/2025/Latest/F_5500_SF_2025_Latest.zip,2db4677bd93455ccc082d378fdd56594ac90ca0fc6f2da1639a15aea8ed3e94d
biz-307,042760904-001,medium,"sponsor name 'PROCESS COOLING SYSTEMS, INC.' matches; sponsor address corroborates (800 RESEARCH DRIVE, LEOMINISTER MA 01453)",5500-SF,2024,20250926074731NAL0003885571002,"PROCESS COOLING SYSTEMS, INC. 401(K) PROFIT SHARING PLAN","PROCESS COOLING SYSTEMS, INC.",,042760904,MA,2024-01-01,2024-12-31,2025-09-26,67,2A 2E 2F 2G 2J 2K 2T,2A2E2F2G2J2K2T3D,0,,FILING_RECEIVED,DOL_FORM_5500_SF_2024,https://askebsa.dol.gov/FOIA%20Files/2024/Latest/F_5500_SF_2024_Latest.zip,11370908e2bbc78d1d418b2f2a2177875e0524c12b69a181432d6fd65a5966c3
biz-307,042760904-002,medium,"sponsor name 'PROCESS COOLING SYSTEMS, INC.' matches; sponsor address corroborates (800 RESEARCH DRIVE, LEOMINISTER MA 01453)",5500-SF,2024,20250728120210NAL0001986289001,"PROCESS COOLING SYSTEMS, INC. CASH BALANCE PLAN","PROCESS COOLING SYSTEMS, INC.",,042760904,MA,2025-01-01,2025-02-07,2025-07-28,0,1A 1C 1H 1I,1A1C1H1I3D,1,0,FILING_RECEIVED,DOL_FORM_5500_SF_2024,https://askebsa.dol.gov/FOIA%20Files/2024/Latest/F_5500_SF_2024_Latest.zip,11370908e2bbc78d1d418b2f2a2177875e0524c12b69a181432d6fd65a5966c3
biz-307,042760904-003,medium,"sponsor name 'PROCESS COOLING SYSTEMS, INC.' matches; sponsor address corroborates (800 RESEARCH DRIVE, LEOMINSTER MA 01453)",5500,2025,20260717130140NAL0004576403001,"PROCESS COOLING SYSTEMS, INC. EMPLOYEE STOCK OWNERSHIP PLAN","PROCESS COOLING SYSTEMS, INC.",,042760904,MA,2025-01-01,2025-12-31,2026-07-17,53,2I 2P 2A,2I2P3I2A,0,0,FILING_RECEIVED,DOL_FORM_5500_2025,https://askebsa.dol.gov/FOIA%20Files/2025/Latest/F_5500_2025_Latest.zip,9f6245cdcbb86ae167af4595bb3dba4fbf7845df98f4ccd6748aa98fa2a4e582
biz-308,753020709-001,low (review),"sponsor name 'G. & G. FIRE PROTECTION, INC.' matches; sponsor address differs (61 HOLMAN STREET, ATTLEBORO MA 02703)",5500-SF,2024,20250603064358NAL0018257552001,"G & G FIRE PROTECTION, INC. 401(K) PLAN","G. & G. FIRE PROTECTION, INC.",,753020709,MA,2024-01-01,2024-12-31,2025-06-03,10,2A 2E 2J 2K 2F 2G 2T,2A2E2J2K2F2G3D2T,0,0,FILING_RECEIVED,DOL_FORM_5500_SF_2024,https://askebsa.dol.gov/FOIA%20Files/2024/Latest/F_5500_SF_2024_Latest.zip,11370908e2bbc78d1d418b2f2a2177875e0524c12b69a181432d6fd65a5966c3
biz-308,753020709-001,low (review),"sponsor name 'G. & G. FIRE PROTECTION, INC.' matches; sponsor address differs (61 HOLMAN STREET, ATTLEBORO MA 02703)",5500-SF,2025,20260625052633NAL0007027811001,"G & G FIRE PROTECTION, INC. 401(K) PLAN","G. & G. FIRE PROTECTION, INC.",,753020709,MA,2025-01-01,2025-12-31,2026-06-25,12,2A 2E 2J 2K 2F 2G 2T,2A2E2J2K2F2G3D2T,0,0,FILING_RECEIVED,DOL_FORM_5500_SF_2025,https://askebsa.dol.gov/FOIA%20Files/2025/Latest/F_5500_SF_2025_Latest.zip,2db4677bd93455ccc082d378fdd56594ac90ca0fc6f2da1639a15aea8ed3e94d
biz-311,042324698-001,medium,"sponsor name 'APEX CORPORATION' matches; sponsor address corroborates (56 CHARLES STREET, NORTH ABINGTON MA 02351)",5500-SF,2025,20260729105735NAL0021575057001,THE APEX CORPORATION PROFIT SHARING PLAN,APEX CORPORATION,,042324698,MA,2025-01-01,2025-12-31,2026-07-29,7,2E 2G,2E2G,,,FILING_RECEIVED,DOL_FORM_5500_SF_2025,https://askebsa.dol.gov/FOIA%20Files/2025/Latest/F_5500_SF_2025_Latest.zip,2db4677bd93455ccc082d378fdd56594ac90ca0fc6f2da1639a15aea8ed3e94d
biz-311,208038211-001,low (review),"sponsor name 'APEX COMPANIES, LLC' matches; sponsor address differs (302 WEST 61ST STREET NORTH, PARK CITY KS 67219)",5500-SF,2024,20250609110654NAL0013966785001,APEX COMPANIES 401(K) PLAN,"APEX COMPANIES, LLC",,208038211,KS,2024-01-01,2024-12-31,2025-06-09,59,2F 2G 2J 2K 2T,2F2G2J2K2T3D3H,0,0,FILING_RECEIVED,DOL_FORM_5500_SF_2024,https://askebsa.dol.gov/FOIA%20Files/2024/Latest/F_5500_SF_2024_Latest.zip,11370908e2bbc78d1d418b2f2a2177875e0524c12b69a181432d6fd65a5966c3
biz-311,208038211-001,low (review),"sponsor name 'APEX COMPANIES, LLC' matches; sponsor address differs (302 WEST 61ST STREET NORTH, PARK CITY KS 67219)",5500-SF,2025,20260622171301NAL0004967139001,APEX COMPANIES 401(K) PLAN,"APEX COMPANIES, LLC",,208038211,KS,2025-01-01,2025-12-31,2026-06-22,52,2F 2G 2J 2K 2T,2F2G2J2K2T3D3H,0,0,FILING_RECEIVED,DOL_FORM_5500_SF_2025,https://askebsa.dol.gov/FOIA%20Files/2025/Latest/F_5500_SF_2025_Latest.zip,2db4677bd93455ccc082d378fdd56594ac90ca0fc6f2da1639a15aea8ed3e94d
biz-311,521562320-001,low (review),"sponsor name 'APEX COMPANIES, LLC' matches; sponsor address differs (2101 GAITHER ROAD, ROCKVILLE MD 20850)",5500,2024,20251006113551NAL0003571969001,"APEX COMPANIES, LLC 401(K) PLAN","APEX COMPANIES, LLC",,521562320,MD,2024-01-01,2024-12-31,2025-10-06,1272,2E 2F 2G 2J 2K 2S 2T,2E2F2G2J2K2S2T3H3D,0,,FILING_RECEIVED,DOL_FORM_5500_2024,https://askebsa.dol.gov/FOIA%20Files/2024/Latest/F_5500_2024_Latest.zip,8884391d48a9e362fd7d2b91d6e37430bd2e54355c9dbc3479985c9d876872f8
biz-311,742884145-001,low (review),"sponsor name 'APEX LIMITED, INC.' matches; sponsor address differs (1007 23RD ST. BLDG. 2, HONDO TX 78861)",5500-SF,2024,20250718104540NAL0000732035001,THE CONTRACTORS RETIREMENT PLAN,"APEX LIMITED, INC.",,742884145,TX,2024-01-01,2024-12-31,2025-07-18,25,2A 2E 2F 2G 2T,2A2E2F2G2T3D,0,,FILING_RECEIVED,DOL_FORM_5500_SF_2024,https://askebsa.dol.gov/FOIA%20Files/2024/Latest/F_5500_SF_2024_Latest.zip,11370908e2bbc78d1d418b2f2a2177875e0524c12b69a181432d6fd65a5966c3
biz-311,742884145-001,low (review),"sponsor name 'APEX LIMITED, INC.' matches; sponsor address differs (1007 23RD ST. BLDG. 2, HONDO TX 78861)",5500-SF,2025,20260413105734NAL0029832418001,THE CONTRACTORS RETIREMENT PLAN,"APEX LIMITED, INC.",,742884145,TX,2025-01-01,2025-12-31,2026-04-13,24,2A 2E 2F 2G 2T,2A2E2F2G2T3D,0,,FILING_RECEIVED,DOL_FORM_5500_SF_2025,https://askebsa.dol.gov/FOIA%20Files/2025/Latest/F_5500_SF_2025_Latest.zip,2db4677bd93455ccc082d378fdd56594ac90ca0fc6f2da1639a15aea8ed3e94d
biz-311,921440642-001,low (review),"sponsor name 'APEX COMPANIES INC' matches; sponsor address differs (8608 EAGLE CREEK CIRCLE, SAVAGE MN 55378)",5500-SF,2024,20250721154815NAL0001395265001,APEX COMPANIES 401K PLAN,APEX COMPANIES INC,,921440642,MN,2024-01-01,2024-12-31,2025-07-21,41,2E 2F 2G 2J 2K 2S 2T,2E2F2G2J2K2S2T3D,0,0,FILING_RECEIVED,DOL_FORM_5500_SF_2024,https://askebsa.dol.gov/FOIA%20Files/2024/Latest/F_5500_SF_2024_Latest.zip,11370908e2bbc78d1d418b2f2a2177875e0524c12b69a181432d6fd65a5966c3
biz-311,921440642-001,low (review),"sponsor name 'APEX COMPANIES INC' matches; sponsor address differs (8608 EAGLE CREEK CIRCLE, SAVAGE MN 55378)",5500-SF,2025,20260716122553NAL0006256178001,APEX COMPANIES 401K PLAN,APEX COMPANIES INC,,921440642,MN,2025-01-01,2025-12-31,2026-07-16,57,2E 2F 2G 2J 2K 2S 2T,2E2F2G2J2K2S2T3D,0,0,FILING_RECEIVED,DOL_FORM_5500_SF_2025,https://askebsa.dol.gov/FOIA%20Files/2025/Latest/F_5500_SF_2025_Latest.zip,2db4677bd93455ccc082d378fdd56594ac90ca0fc6f2da1639a15aea8ed3e94d
biz-315,464693172-001,low (review),"sponsor name 'RA MECHANICAL, INC.' matches; sponsor address differs (P.O. BOX 1509, ROSEVILLE CA 95678)",5500-SF,2024,20250827155439NAL0009556481001,"RA MECHANICAL, INC. 401(K) PLAN","RA MECHANICAL, INC.",,464693172,CA,2024-01-01,2024-02-28,2025-08-27,0,2A 2E 2J 2K 2F 2G 2T,2A2E2J2K2F2G3D2T,1,0,FILING_RECEIVED,DOL_FORM_5500_SF_2024,https://askebsa.dol.gov/FOIA%20Files/2024/Latest/F_5500_SF_2024_Latest.zip,11370908e2bbc78d1d418b2f2a2177875e0524c12b69a181432d6fd65a5966c3
biz-316,042749198-001,medium,"sponsor name 'GRINNELL MECHANICAL, INC.' matches; sponsor ZIP corroborates (BURLINGTON MA 01803)",5500-SF,2024,20250909093853NAL0012804611001,MECHANICAL CONTRACTORS 401(K) PLAN,"GRINNELL MECHANICAL, INC.",,042749198,MA,2024-04-01,2025-03-31,2025-09-09,6,2E 2F 2G 2J 2K 2A 2T,2E2F2G2J2K3D2A2T3H,0,0,FILING_RECEIVED,DOL_FORM_5500_SF_2024,https://askebsa.dol.gov/FOIA%20Files/2024/Latest/F_5500_SF_2024_Latest.zip,11370908e2bbc78d1d418b2f2a2177875e0524c12b69a181432d6fd65a5966c3
biz-317,042647172-001,medium,"sponsor name 'NORTHEAST DISTRIBUTORS, INC.' matches; sponsor address corroborates (210 ESSEX STREET, SUITE 3, WHITMAN MA 02382)",5500-SF,2025,20260515154106NAL0009411329001,"NORTHEAST DISTRIBUTORS, INC. 401(K) PROFIT SHARING PLAN","NORTHEAST DISTRIBUTORS, INC.",,042647172,MA,2025-01-01,2025-12-31,2026-05-15,15,2A 2E 2F 2G 2J 2K,2A2E2F2G2J2K3D,0,0,FILING_RECEIVED,DOL_FORM_5500_SF_2025,https://askebsa.dol.gov/FOIA%20Files/2025/Latest/F_5500_SF_2025_Latest.zip,2db4677bd93455ccc082d378fdd56594ac90ca0fc6f2da1639a15aea8ed3e94d
biz-318,261464105-001,medium,"sponsor name 'BDL HEATING & COOLING, INC' matches; sponsor address corroborates (90 GEORGE LEVEN DRIVE, NORTH ATTLEBORO MA 02760)",5500-SF,2025,20260605084142NAL0001262147001,BDL HEATING & COOLING INC 401(K) PROFIT SHARING PLAN & TRUST,"BDL HEATING & COOLING, INC",,261464105,MA,2025-01-01,2025-12-31,2026-06-05,44,2E 2F 2G 2J 2K 2S 2T,2E2F2G2J2K2S2T3D,0,0,FILING_RECEIVED,DOL_FORM_5500_SF_2025,https://askebsa.dol.gov/FOIA%20Files/2025/Latest/F_5500_SF_2025_Latest.zip,2db4677bd93455ccc082d378fdd56594ac90ca0fc6f2da1639a15aea8ed3e94d
biz-321,900745722-001,low (review),"sponsor name 'LAKE INDUSTRIES INC' matches; sponsor address differs (5530 ARVILLE ST STE K-L, LAS VEGAS NV 891186215)",5500-SF,2024,20250613133002NAL0017592433001,LAKE INDUSTRIES INC 401(K) PROFIT SHARING PLAN & TRUST,LAKE INDUSTRIES INC,,900745722,NV,2024-01-01,2024-12-31,2025-06-13,18,2A 2E 2F 2G 2J 2K 2S 2T,2A2E2F2G2J2K2S2T3D,0,0,FILING_RECEIVED,DOL_FORM_5500_SF_2024,https://askebsa.dol.gov/FOIA%20Files/2024/Latest/F_5500_SF_2024_Latest.zip,11370908e2bbc78d1d418b2f2a2177875e0524c12b69a181432d6fd65a5966c3
biz-321,900745722-001,low (review),"sponsor name 'LAKE INDUSTRIES INC' matches; sponsor address differs (5530 ARVILLE ST STE K-L, LAS VEGAS NV 891186215)",5500-SF,2025,20260429094102NAL0006093219001,LAKE INDUSTRIES INC 401(K) PROFIT SHARING PLAN & TRUST,LAKE INDUSTRIES INC,,900745722,NV,2025-01-01,2025-12-31,2026-04-29,15,2A 2E 2F 2G 2J 2K 2S 2T,2A2E2F2G2J2K2S2T3D,0,0,FILING_RECEIVED,DOL_FORM_5500_SF_2025,https://askebsa.dol.gov/FOIA%20Files/2025/Latest/F_5500_SF_2025_Latest.zip,2db4677bd93455ccc082d378fdd56594ac90ca0fc6f2da1639a15aea8ed3e94d
biz-322,042437642-001,medium,"sponsor name 'LAMCO SYSTEMS, INC.' matches; sponsor address corroborates (4 CUMMINGS RD, TYNGSBOROUGH MA 01879)",5500-SF,2025,20260724060929NAL0014452321001,"LAMCO SYSTEMS, INC. PROFIT SHARING TRUST","LAMCO SYSTEMS, INC.",,042437642,MA,2025-01-01,2025-12-31,2026-07-24,26,2E 2F 2G 2J 2K 2T,2E2F2G2J2K2T3D,0,,FILING_RECEIVED,DOL_FORM_5500_SF_2025,https://askebsa.dol.gov/FOIA%20Files/2025/Latest/F_5500_SF_2025_Latest.zip,2db4677bd93455ccc082d378fdd56594ac90ca0fc6f2da1639a15aea8ed3e94d
biz-323,562287957-001,medium,"sponsor name 'SWAMPSCOTT REFRIGERATION CO INC' matches; sponsor address corroborates (163 ESSEX STREET, LYNN MA 01902)",5500-SF,2025,20260617103156NAL0002778354001,SWAMPSCOTT REFRIGERATION 401(K) PROFIT SHARING PLAN TRUST,SWAMPSCOTT REFRIGERATION CO INC,,562287957,MA,2025-01-01,2025-12-31,2026-06-17,10,2E 2F 2G 2J 2K 2T,2E2F2G2J2K2T3D,0,0,FILING_RECEIVED,DOL_FORM_5500_SF_2025,https://askebsa.dol.gov/FOIA%20Files/2025/Latest/F_5500_SF_2025_Latest.zip,2db4677bd93455ccc082d378fdd56594ac90ca0fc6f2da1639a15aea8ed3e94d
biz-326,042379378-002,medium,"sponsor name 'MCCORMICK-ALLUM CO., INC.' matches; sponsor address corroborates (165 STAFFORD STREET, SPRINGFIELD MA 01101)",5500-SF,2025,20260910070514NAL0004571731001,MCCORMICK ALLUM LLC 401(K) RETIREMENT PLAN,"MCCORMICK-ALLUM CO., INC.",,042379378,MA,2026-01-01,2026-06-30,2026-09-10,0,2E 2F 2G 2J 2K 2T,2E2F2G2J2K2T3D,1,,FILING_RECEIVED,DOL_FORM_5500_SF_2025,https://askebsa.dol.gov/FOIA%20Files/2025/Latest/F_5500_SF_2025_Latest.zip,2db4677bd93455ccc082d378fdd56594ac90ca0fc6f2da1639a15aea8ed3e94d
biz-326,853789072-002,medium,"sponsor name 'MCCORMICK ALLUM LLC' matches; sponsor address corroborates (165 STAFFORD STREET, SPRINGFIELD MA 01101)",5500-SF,2025,20260910070106NAL0005779378001,MCCORMICK ALLUM LLC 401(K) RETIREMENT PLAN,MCCORMICK ALLUM LLC,,853789072,MA,2025-01-01,2025-12-31,2026-09-10,15,2E 2F 2G 2J 2K 2T,2E2F2G2J2K2T3D,0,,FILING_RECEIVED,DOL_FORM_5500_SF_2025,https://askebsa.dol.gov/FOIA%20Files/2025/Latest/F_5500_SF_2025_Latest.zip,2db4677bd93455ccc082d378fdd56594ac90ca0fc6f2da1639a15aea8ed3e94d
biz-329,042481210-001,medium,sponsor name 'METRO SWIFT SPRINKLER CORPORATION' matches; sponsor ZIP corroborates (PEABODY MA 01960),5500-SF,2024,20260626144922NAL0009401153001,METRO SWIFT SPRINKLER CORPORATION 401(K) PLAN,METRO SWIFT SPRINKLER CORPORATION,,042481210,MA,2024-01-01,2024-08-31,2026-06-26,0,2E 2F 2G 2J 2K 2R 2T,2E2F2G2J2K2R2T3D,1,,FILING_RECEIVED,DOL_FORM_5500_SF_2024,https://askebsa.dol.gov/FOIA%20Files/2024/Latest/F_5500_SF_2024_Latest.zip,11370908e2bbc78d1d418b2f2a2177875e0524c12b69a181432d6fd65a5966c3
biz-331,043042968-001,medium,"sponsor name 'NEW ENGLAND AIR INC' matches; sponsor address corroborates (56 LEONARD ST STE 3, FOXBORO MA 020352939)",5500-SF,2024,20250715083108NAL0001441507001,NEW ENGLAND AIR INC 401(K) PLAN,NEW ENGLAND AIR INC,,043042968,MA,2024-01-01,2024-12-31,2025-07-15,22,2E 2F 2G 2J 2K,2E2F2G2J2K3D3H,0,0,FILING_RECEIVED,DOL_FORM_5500_SF_2024,https://askebsa.dol.gov/FOIA%20Files/2024/Latest/F_5500_SF_2024_Latest.zip,11370908e2bbc78d1d418b2f2a2177875e0524c12b69a181432d6fd65a5966c3
biz-334,042559941-002,medium,"sponsor name 'BEDFORD MECHANICAL, INC.' matches; sponsor ZIP corroborates (BEDFORD MA 01730)",5500-SF,2025,20260706083847NAL0022226352001,"BEDFORD MECHANICAL, INC. 401(K) PROFIT SHARING PLAN","BEDFORD MECHANICAL, INC.",,042559941,MA,2025-01-01,2025-12-31,2026-07-06,7,2A 2E 2G 2J 2K 2F 2T,2A2E2G2J2K3D2F2T,0,,FILING_RECEIVED,DOL_FORM_5500_SF_2025,https://askebsa.dol.gov/FOIA%20Files/2025/Latest/F_5500_SF_2025_Latest.zip,2db4677bd93455ccc082d378fdd56594ac90ca0fc6f2da1639a15aea8ed3e94d
biz-337,042804498-002,medium,"sponsor name 'MECHANICAL MANAGEMENT, INC.' matches; sponsor address corroborates (1501 MAIN STREET SUITE 27, TEWKSBURY MA 01876)",5500-SF,2025,20260303072442NAL0005046114001,"MECHANICAL MANAGEMENT, INC. 401(K) PROFIT SHARING PLAN & TRUST","MECHANICAL MANAGEMENT, INC.",,042804498,MA,2025-01-01,2025-12-31,2026-03-03,14,2E 2F 2G 2J 2K 2T 2A,2E2F2G2J2K2T3D2A,0,,FILING_RECEIVED,DOL_FORM_5500_SF_2025,https://askebsa.dol.gov/FOIA%20Files/2025/Latest/F_5500_SF_2025_Latest.zip,2db4677bd93455ccc082d378fdd56594ac90ca0fc6f2da1639a15aea8ed3e94d
biz-339,042723821-002,medium,"sponsor name 'CHARLES M. MORAN PLUMBING & HEATING, INC.' matches; sponsor address corroborates (54 ALLEN ST, CLINTON MA 015101102)",5500-SF,2025,20260617102327NAL0002596416001,"CHARLES M. MORAN PLUMBING & HEATING, INC. PROFIT SHARING RETIREMENT PLAN","CHARLES M. MORAN PLUMBING & HEATING, INC.",,042723821,MA,2025-01-01,2025-12-31,2026-06-17,24,2E 2F 2G 2T,2E2F2G2T,0,0,FILING_RECEIVED,DOL_FORM_5500_SF_2025,https://askebsa.dol.gov/FOIA%20Files/2025/Latest/F_5500_SF_2025_Latest.zip,2db4677bd93455ccc082d378fdd56594ac90ca0fc6f2da1639a15aea8ed3e94d
biz-341,042956151-001,medium,"sponsor name 'SCHLAGER CO., INC.' matches; sponsor ZIP corroborates (EAST WEYMOUTH MA 02189)",5500-SF,2025,20260623115046NAL0007152769001,"SCHLAGER CO., INC. 401(K) PLAN","SCHLAGER CO., INC.",,042956151,MA,2025-01-01,2025-12-31,2026-06-23,39,2A 2E 2F 2G 2J 2K 2T,2A2E2F2G2J2K2T3D,0,0,FILING_RECEIVED,DOL_FORM_5500_SF_2025,https://askebsa.dol.gov/FOIA%20Files/2025/Latest/F_5500_SF_2025_Latest.zip,2db4677bd93455ccc082d378fdd56594ac90ca0fc6f2da1639a15aea8ed3e94d
biz-342,821512270-001,medium,sponsor name 'AKIAN PLUMBING LLC' matches; sponsor ZIP corroborates (WATERTOWN MA 02472),5500-SF,2025,20260424072502NAL0011786354001,AKIAN PLUMBING 401(K) PLAN,AKIAN PLUMBING LLC,,821512270,MA,2025-01-01,2025-12-31,2026-04-24,35,2A 2E 2F 2G 2J 2S 2T,2A2E2F2G2J2S2T3D,0,0,FILING_RECEIVED,DOL_FORM_5500_SF_2025,https://askebsa.dol.gov/FOIA%20Files/2025/Latest/F_5500_SF_2025_Latest.zip,2db4677bd93455ccc082d378fdd56594ac90ca0fc6f2da1639a15aea8ed3e94d
biz-344,030492154-001,medium,"sponsor name 'UNITED MECHANICAL CONTRACTING' matches; sponsor address corroborates (145 NEWTON ST, WALTHAM MA 02453)",5500-SF,2024,20250730120322NAL0002320723001,UNITED MECHANICAL CONTRACTING 401K PROFIT SHARING PLAN AND TRU,UNITED MECHANICAL CONTRACTING,,030492154,MA,2024-01-01,2024-12-31,2025-07-30,12,2E 2F 2G 2J 2T,2E2F2G2J2T3D,0,0,FILING_RECEIVED,DOL_FORM_5500_SF_2024,https://askebsa.dol.gov/FOIA%20Files/2024/Latest/F_5500_SF_2024_Latest.zip,11370908e2bbc78d1d418b2f2a2177875e0524c12b69a181432d6fd65a5966c3
biz-347,272909722-001,medium,sponsor name 'HARDING & SMITH LLC' matches; sponsor ZIP corroborates (WALPOLE MA 02081),5500-SF,2024,20250730175224NAL0005120625001,HARDING & SMITH 401(K) PROFIT SHARING PLAN,HARDING & SMITH LLC,,272909722,MA,2024-01-01,2024-12-31,2025-07-30,6,2E 2G 2J 2T,2E2G2J2T3D,0,0,FILING_RECEIVED,DOL_FORM_5500_SF_2024,https://askebsa.dol.gov/FOIA%20Files/2024/Latest/F_5500_SF_2024_Latest.zip,11370908e2bbc78d1d418b2f2a2177875e0524c12b69a181432d6fd65a5966c3
biz-348,273416137-001,low (review),"sponsor name 'T. DUPRE COMPANY LLP' matches; sponsor address differs (38R MERRIMAC STREET STE 101, NEWBURYPORT MA 01950)",5500-SF,2025,20260914121328NAL0001172801001,T. DUPRE COMPANY LLP RETIREMENT PLAN,T. DUPRE COMPANY LLP,,273416137,MA,2025-01-01,2025-12-31,2026-09-14,14,2E 2F 2G 2J 2K 2T,2E2F2G2J2K2T3B3D3H,0,0,FILING_RECEIVED,DOL_FORM_5500_SF_2025,https://askebsa.dol.gov/FOIA%20Files/2025/Latest/F_5500_SF_2025_Latest.zip,2db4677bd93455ccc082d378fdd56594ac90ca0fc6f2da1639a15aea8ed3e94d
biz-348,273416137-001,low (review),"sponsor name 'T. DUPRE COMPANY LLP' matches; sponsor address differs (38R MERRIMAC STREET STE 101, NEWBURYPORT MA 01950)",5500-SF,2024,20260916094644NAL0004731218001,T. DUPRE COMPANY LLP RETIREMENT PLAN,T. DUPRE COMPANY LLP,,273416137,MA,2024-01-01,2024-12-31,2026-09-16,14,2E 2F 2G 2J 2K 2T,2E2F2G2J2K2T3D3B3H,0,1,FILING_RECEIVED,DOL_FORM_5500_SF_2024,https://askebsa.dol.gov/FOIA%20Files/2024/Latest/F_5500_SF_2024_Latest.zip,11370908e2bbc78d1d418b2f2a2177875e0524c12b69a181432d6fd65a5966c3
biz-350,042453979-001,low (review),"sponsor name 'PITTSFIELD PIPERS, INC.' matches; sponsor address differs (73 FOURTH STREET, PITTSFIELD MA 01202)",5500-SF,2024,20260407145851NAL0008779649001,"PITTSFIELD PIPERS, INC. 401(K) PLAN","PITTSFIELD PIPERS, INC.",,042453979,MA,2024-07-01,2025-06-30,2026-04-07,6,2E 2F 2G 2J 2K,2E2F2G2J2K3D,0,0,FILING_RECEIVED,DOL_FORM_5500_SF_2024,https://askebsa.dol.gov/FOIA%20Files/2024/Latest/F_5500_SF_2024_Latest.zip,11370908e2bbc78d1d418b2f2a2177875e0524c12b69a181432d6fd65a5966c3
biz-355,042703916-001,medium,"sponsor name 'WAREHOUSE MECHANICAL CONTRACTORS, INC.' matches; sponsor address corroborates (342 BRITTON STREET, CHICOPEE MA 01020)",5500-SF,2025,20260924165413NAL0013827824001,"WAREHOUSE MECHANICAL CONTRACTORS, INC. PROFIT SHARING PLAN","WAREHOUSE MECHANICAL CONTRACTORS, INC.",,042703916,MA,2025-07-01,2026-06-30,2026-09-24,15,2E 2F 2G 2J 2K 2T,2E2F2G2J2K2T3D,0,0,FILING_RECEIVED,DOL_FORM_5500_SF_2025,https://askebsa.dol.gov/FOIA%20Files/2025/Latest/F_5500_SF_2025_Latest.zip,2db4677bd93455ccc082d378fdd56594ac90ca0fc6f2da1639a15aea8ed3e94d
biz-356,042063690-001,medium,"sponsor name 'CARLYSLE ENGINEERING, INC.' matches; sponsor address corroborates (132 BROOKSIDE AVENUE, BOSTON MA 02130)",5500-SF,2025,20260629113422NAL0010440627001,"CARLYSLE ENGINEERING, INC. 401(K) PROFIT SHARING PLAN","CARLYSLE ENGINEERING, INC.",,042063690,MA,2025-01-01,2025-12-31,2026-06-29,34,2E 2F 2G 2J 2K 2T,2E2F2G2J2K2T3B3D,0,1,FILING_RECEIVED,DOL_FORM_5500_SF_2025,https://askebsa.dol.gov/FOIA%20Files/2025/Latest/F_5500_SF_2025_Latest.zip,2db4677bd93455ccc082d378fdd56594ac90ca0fc6f2da1639a15aea8ed3e94d
biz-359,042210217-001,medium,"sponsor name 'GLOVER SHEET METAL, INC.' matches; sponsor address corroborates (44 RIVERDALE AVENUE, NEWTON MA 02458)",5500-SF,2025,20260610072924NAL0004928659001,"GLOVER SHEET METAL, INC. PROFIT SHARING 401K PLAN","GLOVER SHEET METAL, INC.",,042210217,MA,2025-01-01,2025-12-31,2026-06-10,8,2E 2F 2G 2J 2K 2T,2E2F2G2J2K2T3D,0,,FILING_RECEIVED,DOL_FORM_5500_SF_2025,https://askebsa.dol.gov/FOIA%20Files/2025/Latest/F_5500_SF_2025_Latest.zip,2db4677bd93455ccc082d378fdd56594ac90ca0fc6f2da1639a15aea8ed3e94d
biz-360,043155556-001,medium,"sponsor name 'E.W.S. PLUMBING & HEATING,INC.' matches; sponsor address corroborates (339 MAIN ST, MONSON MA 01057)",5500-SF,2025,20260717121813NAL0004525235005,E.W.S. PLUMBING & HEATING PROFIT SHARING/401K PLAN,"E.W.S. PLUMBING & HEATING,INC.",,043155556,MA,2025-01-01,2025-12-31,2026-07-17,17,2E 2F 2G 2J 2K 2T,2E2F2G2J2K3D2T,0,,FILING_RECEIVED,DOL_FORM_5500_SF_2025,https://askebsa.dol.gov/FOIA%20Files/2025/Latest/F_5500_SF_2025_Latest.zip,2db4677bd93455ccc082d378fdd56594ac90ca0fc6f2da1639a15aea8ed3e94d
biz-361,043127734-001,medium,"sponsor name 'RMN MECHANICAL CO., INC' matches; sponsor address corroborates (73 MAIN ST. UNIT E, CARVER MA 02330)",5500-SF,2024,20251008131606NAL0009832512001,"RMN MECHANICAL CO., INC 401(K) PENSION PLAN","RMN MECHANICAL CO., INC",,043127734,MA,2024-01-01,2024-12-31,2025-10-08,8,2D 2E 2J,2D2E2J3D,0,0,FILING_RECEIVED,DOL_FORM_5500_SF_2024,https://askebsa.dol.gov/FOIA%20Files/2024/Latest/F_5500_SF_2024_Latest.zip,11370908e2bbc78d1d418b2f2a2177875e0524c12b69a181432d6fd65a5966c3
biz-361,043127734-002,medium,"sponsor name 'RMN MECHANICAL CO., INC' matches; sponsor address corroborates (73 MAIN ST. UNIT E, CARVER MA 02330)",5500-SF,2024,20251009102103NAL0006817457001,"RMN MECHANICAL CO., INC DEFINED BENEFIT PENSION PLAN","RMN MECHANICAL CO., INC",,043127734,MA,2024-01-01,2024-12-31,2025-10-09,5,1A 1D,1A1D3D,0,0,FILING_RECEIVED,DOL_FORM_5500_SF_2024,https://askebsa.dol.gov/FOIA%20Files/2024/Latest/F_5500_SF_2024_Latest.zip,11370908e2bbc78d1d418b2f2a2177875e0524c12b69a181432d6fd65a5966c3
biz-362,043368708-001,medium,"sponsor name 'SWEENEY ROGERS GERAGHTY, INC.' matches; sponsor address corroborates (250 RICHMOND STREET, RAYNHAM MA 02767)",5500-SF,2025,20260611091332NAL0005133777001,"SWEENEY ROGERS GERAGHTY, INC. 401(K) PLAN","SWEENEY ROGERS GERAGHTY, INC.",,043368708,MA,2025-01-01,2025-12-31,2026-06-11,32,2E 2F 2G 2J 2K 2T,2E2F2G2J2K2T3D3H,0,0,FILING_RECEIVED,DOL_FORM_5500_SF_2025,https://askebsa.dol.gov/FOIA%20Files/2025/Latest/F_5500_SF_2025_Latest.zip,2db4677bd93455ccc082d378fdd56594ac90ca0fc6f2da1639a15aea8ed3e94d
biz-366,010881770-001,low (review),"sponsor name 'CARLSON HVAC, INC.' matches; sponsor address differs (251 OLD CONCORD ROAD, BILLERICA MA 01823)",5500-SF,2024,20250715102312NAL0002748192001,"CARLSON HVAC, INC. 401(K) PROFIT SHARING PLAN","CARLSON HVAC, INC.",,010881770,MA,2024-01-01,2024-12-31,2025-07-15,8,2E 2F 2G 2J 2K 2S 2T,2E2F2G2J2K2S2T3D,0,0,FILING_RECEIVED,DOL_FORM_5500_SF_2024,https://askebsa.dol.gov/FOIA%20Files/2024/Latest/F_5500_SF_2024_Latest.zip,11370908e2bbc78d1d418b2f2a2177875e0524c12b69a181432d6fd65a5966c3
biz-368,390178960-003,low (review),"sponsor name 'BRADY CORPORATION' matches; sponsor address differs (P.O. BOX 571, MILWAUKEE WI 532010571)",5500,2024,20251014165426NAL0001703715001,BRADY MATCHED 401(K) PLAN,BRADY CORPORATION,,390178960,WI,2024-01-01,2024-12-31,2025-10-14,1688,2G 2J 2K 2S 2T 2E,2G2J2K2S2T2E3D,0,0,FILING_RECEIVED,DOL_FORM_5500_2024,https://askebsa.dol.gov/FOIA%20Files/2024/Latest/F_5500_2024_Latest.zip,8884391d48a9e362fd7d2b91d6e37430bd2e54355c9dbc3479985c9d876872f8
biz-368,390178960-003,low (review),"sponsor name 'BRADY CORPORATION' matches; sponsor address differs (P.O. BOX 571, MILWAUKEE WI 532010571)",5500,2025,20260921143316NAL0011962914001,BRADY MATCHED 401(K) PLAN,BRADY CORPORATION,,390178960,WI,2025-01-01,2025-12-31,2026-09-21,1772,2G 2J 2K 2S 2T 2E,2G2J2K2S2T2E3D,0,,FILING_RECEIVED,DOL_FORM_5500_2025,https://askebsa.dol.gov/FOIA%20Files/2025/Latest/F_5500_2025_Latest.zip,9f6245cdcbb86ae167af4595bb3dba4fbf7845df98f4ccd6748aa98fa2a4e582
biz-368,390178960-004,low (review),"sponsor name 'BRADY CORPORATION' matches; sponsor address differs (P.O. BOX 571, MILWAUKEE WI 532010571)",5500,2024,20251014165621NAL0004596976001,BRADY FUNDED RETIREMENT PLAN,BRADY CORPORATION,,390178960,WI,2024-01-01,2024-12-31,2025-10-14,1213,2C 2G 2T,2C2G2T3D,0,,FILING_RECEIVED,DOL_FORM_5500_2024,https://askebsa.dol.gov/FOIA%20Files/2024/Latest/F_5500_2024_Latest.zip,8884391d48a9e362fd7d2b91d6e37430bd2e54355c9dbc3479985c9d876872f8
biz-368,390178960-004,low (review),"sponsor name 'BRADY CORPORATION' matches; sponsor address differs (P.O. BOX 571, MILWAUKEE WI 532010571)",5500,2025,20260921143433NAL0011965010001,BRADY FUNDED RETIREMENT PLAN,BRADY CORPORATION,,390178960,WI,2025-01-01,2025-12-31,2026-09-21,1306,2C 2G 2T,2C2G2T3D,0,,FILING_RECEIVED,DOL_FORM_5500_2025,https://askebsa.dol.gov/FOIA%20Files/2025/Latest/F_5500_2025_Latest.zip,9f6245cdcbb86ae167af4595bb3dba4fbf7845df98f4ccd6748aa98fa2a4e582
biz-368,471404623-001,low (review),"sponsor name 'BRADY COMPANIES, LLC' matches; sponsor address differs (7055 LINDELL RD, LAS VEGAS NV 891184703)",5500,2024,20250925112445NAL0003496659001,"BRADY COMPANIES, LLC 401(K) PLAN","BRADY COMPANIES, LLC",,471404623,NV,2024-01-01,2024-12-31,2025-09-25,1204,2E 2F 2G 2J 2K 2S 2T,2E2F2G2J2K2S2T3D,0,,FILING_RECEIVED,DOL_FORM_5500_2024,https://askebsa.dol.gov/FOIA%20Files/2024/Latest/F_5500_2024_Latest.zip,8884391d48a9e362fd7d2b91d6e37430bd2e54355c9dbc3479985c9d876872f8
biz-370,043515610-001,medium,sponsor name 'BURNS MECHANICAL CORP' matches; sponsor ZIP corroborates (WALTHAM MA 024513617),5500-SF,2025,20260617130516NAL0001213267001,BURNS MECHANICAL CORP 401(K) PROFIT SHARING PLAN & TRUST,BURNS MECHANICAL CORP,,043515610,MA,2025-01-01,2025-12-31,2026-06-17,6,2E 2F 2G 2J 2K 2T,2E2F2G2J2K2T3D,0,0,FILING_RECEIVED,DOL_FORM_5500_SF_2025,https://askebsa.dol.gov/FOIA%20Files/2025/Latest/F_5500_SF_2025_Latest.zip,2db4677bd93455ccc082d378fdd56594ac90ca0fc6f2da1639a15aea8ed3e94d
biz-371,201530660-001,medium,"sponsor name 'CENTRAL SYSTEMS CO INC' matches; sponsor address corroborates (865 BEDFORD ST, BRIDGEWATER MA 023243051)",5500-SF,2025,20260602114917NAL0000818019001,CENTRAL SYSTEMS CO INC 401(K) PROFIT SHARING PLAN & TRUST,CENTRAL SYSTEMS CO INC,,201530660,MA,2025-01-01,2025-12-31,2026-06-02,8,2E 2F 2G 2S 2J 2K 2T,2E2F2G2S3D2J2K2T,0,0,FILING_RECEIVED,DOL_FORM_5500_SF_2025,https://askebsa.dol.gov/FOIA%20Files/2025/Latest/F_5500_SF_2025_Latest.zip,2db4677bd93455ccc082d378fdd56594ac90ca0fc6f2da1639a15aea8ed3e94d
biz-371,061040317-001,low (review),"sponsor name 'CENTRAL SYSTEMS INC' matches; sponsor address differs (211 POKORNY RD, HIGGANUM CT 06441)",5500-SF,2024,20250715104146NAL0001998849001,CENTRAL SYSTEMS INC 401(K) PROFIT SHARING PLAN & TRUST,CENTRAL SYSTEMS INC,,061040317,CT,2024-01-01,2024-12-31,2025-07-15,2,2E 2F 2G 2J 2K 2S 2T,2E2F2G2J2K2S2T3D,0,0,FILING_RECEIVED,DOL_FORM_5500_SF_2024,https://askebsa.dol.gov/FOIA%20Files/2024/Latest/F_5500_SF_2024_Latest.zip,11370908e2bbc78d1d418b2f2a2177875e0524c12b69a181432d6fd65a5966c3
biz-371,061040317-001,low (review),"sponsor name 'CENTRAL SYSTEMS INC' matches; sponsor address differs (211 POKORNY RD, HIGGANUM CT 06441)",5500-SF,2025,20260717080604NAL0004092723001,CENTRAL SYSTEMS INC 401(K) PROFIT SHARING PLAN & TRUST,CENTRAL SYSTEMS INC,,061040317,CT,2025-01-01,2025-12-31,2026-07-17,2,2E 2F 2G 2J 2K 2S 2T,2E2F2G2J2K2S2T3D,0,0,FILING_RECEIVED,DOL_FORM_5500_SF_2025,https://askebsa.dol.gov/FOIA%20Files/2025/Latest/F_5500_SF_2025_Latest.zip,2db4677bd93455ccc082d378fdd56594ac90ca0fc6f2da1639a15aea8ed3e94d
biz-372,043022750-001,low (review),"sponsor name 'PERFORMANCE PIPING, INC' matches; sponsor address differs (400 WEST CUMMINGS PARK, STE 3550, WOBURN MA 01801)",5500-SF,2024,20250724065953NAL0012477378001,"PERFORMANCE PIPING, INC 401(K) PLAN","PERFORMANCE PIPING, INC",,043022750,MA,2024-01-01,2024-12-31,2025-07-24,1,2E 2F 2G 2J 2K 2T,2E2F2G2J2K2T3D,0,0,FILING_RECEIVED,DOL_FORM_5500_SF_2024,https://askebsa.dol.gov/FOIA%20Files/2024/Latest/F_5500_SF_2024_Latest.zip,11370908e2bbc78d1d418b2f2a2177875e0524c12b69a181432d6fd65a5966c3
biz-372,043022750-001,low (review),"sponsor name 'PERFORMANCE PIPING, INC' matches; sponsor address differs (400 WEST CUMMINGS PARK, SUITE 35, WOBURN MA 01801)",5500-SF,2025,20260529053611NAL0018583042001,"PERFORMANCE PIPING, INC 401(K) PLAN","PERFORMANCE PIPING, INC",,043022750,MA,2025-01-01,2025-12-31,2026-05-29,1,2E 2F 2G 2J 2K 2T,2E2F2G2J2K2T3D3H,0,0,FILING_RECEIVED,DOL_FORM_5500_SF_2025,https://askebsa.dol.gov/FOIA%20Files/2025/Latest/F_5500_SF_2025_Latest.zip,2db4677bd93455ccc082d378fdd56594ac90ca0fc6f2da1639a15aea8ed3e94d
biz-379,274007186-001,medium,"sponsor name 'PLATINUM FIRE PROTECTION & SERVICES, LLC' matches; sponsor ZIP corroborates (MARLBOROUGH MA 01752)",5500,2025,20260921111310NAL0009097553001,"PLATINUM FIRE PROTECTION & SERVICES, LLC 401(K) PROFIT SHARING PLAN AND TRUST","PLATINUM FIRE PROTECTION & SERVICES, LLC",,274007186,MA,2025-01-01,2025-12-31,2026-09-21,162,2T 2J 2G 2K 2F 2E,2T2J2G2K3B2F2E3D,0,0,FILING_RECEIVED,DOL_FORM_5500_2025,https://askebsa.dol.gov/FOIA%20Files/2025/Latest/F_5500_2025_Latest.zip,9f6245cdcbb86ae167af4595bb3dba4fbf7845df98f4ccd6748aa98fa2a4e582
biz-380,113828040-001,medium,"sponsor name 'COTTI-JOHNSON HVAC, INC.' matches; sponsor address corroborates (30 WAVERLY STREET, TAUNTON MA 02780)",5500-SF,2025,20260911120914NAL0007927938001,"COTTI-JOHNSON HVAC, INC. 401(K) PROFIT SHARING PLAN","COTTI-JOHNSON HVAC, INC.",,113828040,MA,2025-01-01,2025-12-31,2026-09-11,60,2A 2E 2F 2G 2J 2K 2T,2A2E2F2G2J2K2T3D,0,0,FILING_RECEIVED,DOL_FORM_5500_SF_2025,https://askebsa.dol.gov/FOIA%20Files/2025/Latest/F_5500_SF_2025_Latest.zip,2db4677bd93455ccc082d378fdd56594ac90ca0fc6f2da1639a15aea8ed3e94d
biz-381,042512224-003,medium,"sponsor name 'KARPOUZIS COMMERCIAL REFRIGERATION, INC.' matches; sponsor ZIP corroborates (FRAMINGHAM MA 01702)",5500-SF,2024,20260401074602NAL0001013601001,"KCR, INC. 401(K) PLAN","KARPOUZIS COMMERCIAL REFRIGERATION, INC.",,042512224,MA,2024-12-01,2025-11-30,2026-04-01,15,2E 2F 2G 2J 2K 2T,2E2F2G2J2K2T3B3D,0,,FILING_RECEIVED,DOL_FORM_5500_SF_2024,https://askebsa.dol.gov/FOIA%20Files/2024/Latest/F_5500_SF_2024_Latest.zip,11370908e2bbc78d1d418b2f2a2177875e0524c12b69a181432d6fd65a5966c3
biz-382,043103934-001,medium,"sponsor name 'HANLON SHEET METAL CONTRACTORS, INC' matches; sponsor address corroborates (28 NASHUA RD UNIT A, NORTH BILLERICA MA 01862)",5500-SF,2025,20260608103432NAL0010763682001,HANLON SHEET METAL 401(K) PLAN,"HANLON SHEET METAL CONTRACTORS, INC",,043103934,MA,2025-01-01,2025-12-31,2026-06-08,51,2A 2E 2F 2G 2J 2K 2T,2A2E2F2G2J2K2T3D,0,0,FILING_RECEIVED,DOL_FORM_5500_SF_2025,https://askebsa.dol.gov/FOIA%20Files/2025/Latest/F_5500_SF_2025_Latest.zip,2db4677bd93455ccc082d378fdd56594ac90ca0fc6f2da1639a15aea8ed3e94d
biz-382,043103934-002,medium,"sponsor name 'HANLON SHEET METAL CONTRACTORS, INC' matches; sponsor address corroborates (28 NASHUA RD UNIT A, NORTH BILLERICA MA 01862)",5500-SF,2025,20260608103319NAL0003153635001,"HANLON SHEET METAL CONTRACTORS, INC. CASH BALANCE PENSION PLAN AND TRUST","HANLON SHEET METAL CONTRACTORS, INC",,043103934,MA,2025-01-01,2025-12-31,2026-06-08,46,1A 1C 1D,1A1C1D,0,0,FILING_RECEIVED,DOL_FORM_5500_SF_2025,https://askebsa.dol.gov/FOIA%20Files/2025/Latest/F_5500_SF_2025_Latest.zip,2db4677bd93455ccc082d378fdd56594ac90ca0fc6f2da1639a15aea8ed3e94d
biz-383,043271958-001,medium,"sponsor name 'WARREN ENTERPRISES INC' matches; sponsor address corroborates (271 MILTON ST, DEDHAM MA 020262917)",5500-SF,2025,20260529133612NAL0009710227001,WARREN ENTERPRISES INC 401(K) PROFIT SHARING PLAN & TRUST,WARREN ENTERPRISES INC,,043271958,MA,2025-01-01,2025-12-31,2026-05-29,29,2E 2F 2G 2J 2T,2E2F2G2J2T3D,0,0,FILING_RECEIVED,DOL_FORM_5500_SF_2025,https://askebsa.dol.gov/FOIA%20Files/2025/Latest/F_5500_SF_2025_Latest.zip,2db4677bd93455ccc082d378fdd56594ac90ca0fc6f2da1639a15aea8ed3e94d
biz-384,043182641-001,medium,"sponsor name 'MONAHAN TECHNOLOGIES INC' matches; sponsor address corroborates (525 WOBURN ST STE 2, TEWKSBURY MA 018763432)",5500-SF,2025,20260422133104NAL0001961107001,MONAHAN TECHNOLOGIES INC 401(K) PROFIT SHARING PLAN & TRUST,MONAHAN TECHNOLOGIES INC,,043182641,MA,2025-01-01,2025-12-31,2026-04-22,21,2E 2F 2G 2J 2K 2T,2E2F2G2J2K2T3D,0,0,FILING_RECEIVED,DOL_FORM_5500_SF_2025,https://askebsa.dol.gov/FOIA%20Files/2025/Latest/F_5500_SF_2025_Latest.zip,2db4677bd93455ccc082d378fdd56594ac90ca0fc6f2da1639a15aea8ed3e94d
biz-387,134298660-001,medium,"sponsor name 'NELSON MECHANICAL DESIGN INC' matches; sponsor address corroborates (455 STATE RD PMB 264, VINEYARD HAVEN MA 025685695)",5500-SF,2025,20260424232721NAL0003505571001,NELSON MECHANICAL DESIGN INC 401(K) PROFIT SHARING PLAN & TRUST,NELSON MECHANICAL DESIGN INC,,134298660,MA,2025-01-01,2025-12-31,2026-04-25,29,2E 2F 2G 2J 2T 2K,2E2F2G3D2J2T2K,0,0,FILING_RECEIVED,DOL_FORM_5500_SF_2025,https://askebsa.dol.gov/FOIA%20Files/2025/Latest/F_5500_SF_2025_Latest.zip,2db4677bd93455ccc082d378fdd56594ac90ca0fc6f2da1639a15aea8ed3e94d
biz-388,810701808-001,medium,"sponsor name 'MPK ENTERPRISES INC' matches; sponsor address corroborates (225 NEW BOSTON ST, WOBURN MA 018016214)",5500-SF,2024,20250708084330NAL0002534243001,MPK ENTERPRISES INC 401(K) PROFIT SHARING PLAN & TRUST,MPK ENTERPRISES INC,,810701808,MA,2024-01-01,2024-12-31,2025-07-08,79,2E 2F 2G 2J 2K 2T,2E2F2G2J2K2T3D,0,0,FILING_RECEIVED,DOL_FORM_5500_SF_2024,https://askebsa.dol.gov/FOIA%20Files/2024/Latest/F_5500_SF_2024_Latest.zip,11370908e2bbc78d1d418b2f2a2177875e0524c12b69a181432d6fd65a5966c3
biz-393,800002569-001,medium,"sponsor name 'G&G MECHANICAL, INC.' matches; sponsor ZIP corroborates (WAKEFIELD MA 01880)",5500-SF,2025,20260715113632NAL0003978242001,"G & G MECHANICAL, INC. 401(K) PLAN","G&G MECHANICAL, INC.",,800002569,MA,2025-01-01,2025-12-31,2026-07-15,32,2E 2F 2G 2J 2K 2R 2T,2E2F2G2J2K2R2T3D,0,0,FILING_RECEIVED,DOL_FORM_5500_SF_2025,https://askebsa.dol.gov/FOIA%20Files/2025/Latest/F_5500_SF_2025_Latest.zip,2db4677bd93455ccc082d378fdd56594ac90ca0fc6f2da1639a15aea8ed3e94d
biz-394,743096499-001,medium,"sponsor name 'PINNACLE PIPING AND SERVICE CORP.' matches; sponsor address corroborates (950 DORCHESTER AVE, DORCHESTER MA 02125)",5500-SF,2024,20251008114301NAL0009681840001,PINNACLE PIPING AND SERVICE CORP. 401(K) PLAN,PINNACLE PIPING AND SERVICE CORP.,,743096499,MA,2024-01-01,2024-12-31,2025-10-08,15,2A 2E 2F 2G 2J 2T,2A2E2F2G2J2T3D,0,0,FILING_RECEIVED,DOL_FORM_5500_SF_2024,https://askebsa.dol.gov/FOIA%20Files/2024/Latest/F_5500_SF_2024_Latest.zip,11370908e2bbc78d1d418b2f2a2177875e0524c12b69a181432d6fd65a5966c3
biz-395,475255401-001,medium,"sponsor name 'CAPAVI-USA, INC.' / DBA 'INDUSTRIAL PIPING & CERTIFIED WELDING CO., INC' matches; sponsor address corroborates (271 SALEM STREET, SUITE K, WOBURN MA 01801)",5500,2024,20251014085720NAL0005177922001,"CAPAVI-USA, INC. 401(K) PLAN","CAPAVI-USA, INC.","INDUSTRIAL PIPING & CERTIFIED WELDING CO., INC",475255401,MA,2024-01-01,2024-12-31,2025-10-14,15,2E 2F 2G 2J 2K 2R,2E2F2G2J2K2R3D,0,0,FILING_RECEIVED,DOL_FORM_5500_2024,https://askebsa.dol.gov/FOIA%20Files/2024/Latest/F_5500_2024_Latest.zip,8884391d48a9e362fd7d2b91d6e37430bd2e54355c9dbc3479985c9d876872f8
biz-397,711024420-001,medium,"sponsor name 'BAYSTATE AIR, INC.' matches; sponsor address corroborates (20 TERRY AVENUE, BURLINGTON MA 01803)",5500-SF,2025,20260423111422NAL0004620849001,"BAYSTATE AIR, INC. 401(K) PROFIT SHARING PLAN AND TRUST","BAYSTATE AIR, INC.",,711024420,MA,2025-01-01,2025-12-31,2026-04-23,10,2A 2E 2H 2J 2T,2A2E2H2J2T3D,0,0,FILING_RECEIVED,DOL_FORM_5500_SF_2025,https://askebsa.dol.gov/FOIA%20Files/2025/Latest/F_5500_SF_2025_Latest.zip,2db4677bd93455ccc082d378fdd56594ac90ca0fc6f2da1639a15aea8ed3e94d
biz-397,711024420-002,medium,"sponsor name 'BAYSTATE AIR, INC.' matches; sponsor address corroborates (20 TERRY AVENUE, BURLINGTON MA 01803)",5500-SF,2024,20251006134350NAL0006530880001,"BAYSTATE AIR, INC. CASH BALANCE PLAN","BAYSTATE AIR, INC.",,711024420,MA,2024-01-01,2024-12-31,2025-10-06,7,1C,1C3D,0,0,FILING_RECEIVED,DOL_FORM_5500_SF_2024,https://askebsa.dol.gov/FOIA%20Files/2024/Latest/F_5500_SF_2024_Latest.zip,11370908e2bbc78d1d418b2f2a2177875e0524c12b69a181432d6fd65a5966c3
biz-399,042255227-001,medium,"sponsor name 'J.J. SULLIVAN PLUMBING AND HEATING CO., INC.' matches; sponsor address corroborates (8 MICRO DRIVE, WOBURN MA 01801)",5500-SF,2025,20260615175231NAL0000177619001,"J.J. SULLIVAN PLUMBING AND HEATING CO., INC. 401(K) PLAN","J.J. SULLIVAN PLUMBING AND HEATING CO., INC.",,042255227,MA,2025-01-01,2025-12-31,2026-06-15,15,2A 2E 2F 2G 2J 2K,2A2E2F2G2J2K3D,0,0,FILING_RECEIVED,DOL_FORM_5500_SF_2025,https://askebsa.dol.gov/FOIA%20Files/2025/Latest/F_5500_SF_2025_Latest.zip,2db4677bd93455ccc082d378fdd56594ac90ca0fc6f2da1639a15aea8ed3e94d
biz-401,912118902-001,low (review),"sponsor name 'WEST MECHANICAL INC.' matches; sponsor address differs (4443 ALDRICH RD., BELLINGHAM WA 98226)",5500-SF,2024,20250708170043NAL0004914801001,WEST MECHANICAL INC. 401K PLAN,WEST MECHANICAL INC.,,912118902,WA,2024-01-01,2024-12-31,2025-07-08,27,2E 2F 2G 2J 2T,2E2F2G2J2T3D,0,0,FILING_RECEIVED,DOL_FORM_5500_SF_2024,https://askebsa.dol.gov/FOIA%20Files/2024/Latest/F_5500_SF_2024_Latest.zip,11370908e2bbc78d1d418b2f2a2177875e0524c12b69a181432d6fd65a5966c3
biz-401,912118902-001,low (review),"sponsor name 'WEST MECHANICAL INC.' matches; sponsor address differs (4443 ALDRICH RD., BELLINGHAM WA 98226)",5500-SF,2025,20260706105528NAL0023254656001,WEST MECHANICAL INC. 401K PLAN,WEST MECHANICAL INC.,,912118902,WA,2025-01-01,2025-12-31,2026-07-06,25,2E 2F 2G 2J 2K 2T,2E2F2G2J2K2T3D,0,0,FILING_RECEIVED,DOL_FORM_5500_SF_2025,https://askebsa.dol.gov/FOIA%20Files/2025/Latest/F_5500_SF_2025_Latest.zip,2db4677bd93455ccc082d378fdd56594ac90ca0fc6f2da1639a15aea8ed3e94d
biz-403,042868395-001,medium,"sponsor name 'DRAIN DOCTOR INC' matches; sponsor address corroborates (612 BROADWAY, SOMERVILLE MA 021452562)",5500-SF,2024,20250716082725NAL0006442306001,DRAIN DOCTOR INC 401(K) PROFIT SHARING PLAN & TRUST,DRAIN DOCTOR INC,,042868395,MA,2024-01-01,2024-12-31,2025-07-16,11,2E 2F 2G 2J 2K 2T,2E2F2G2J2K2T3D,0,0,FILING_RECEIVED,DOL_FORM_5500_SF_2024,https://askebsa.dol.gov/FOIA%20Files/2024/Latest/F_5500_SF_2024_Latest.zip,11370908e2bbc78d1d418b2f2a2177875e0524c12b69a181432d6fd65a5966c3
biz-403,161397337-001,low (review),"sponsor name 'DRAIN DOCTOR, INC.' matches; sponsor address differs (1400 COLLEGE AVENUE, NIAGARA FALLS NY 14305)",5500-SF,2024,20251008100618NAL0002906627001,"DRAIN DOCTOR, INC. 401(K) PROFIT SHARING PLAN & TRUST","DRAIN DOCTOR, INC.",,161397337,NY,2024-01-01,2024-12-31,2025-10-08,10,2E 2F 2G 2J 2K 2T,2E2F2G2J2K2T3D,0,0,FILING_RECEIVED,DOL_FORM_5500_SF_2024,https://askebsa.dol.gov/FOIA%20Files/2024/Latest/F_5500_SF_2024_Latest.zip,11370908e2bbc78d1d418b2f2a2177875e0524c12b69a181432d6fd65a5966c3
biz-403,161397337-001,low (review),"sponsor name 'DRAIN DOCTOR, INC.' matches; sponsor address differs (1400 COLLEGE AVENUE, NIAGARA FALLS NY 14305)",5500-SF,2025,20260729153202NAL0035302386001,"DRAIN DOCTOR, INC. 401(K) PROFIT SHARING PLAN & TRUST","DRAIN DOCTOR, INC.",,161397337,NY,2025-01-01,2025-12-31,2026-07-29,10,2E 2F 2G 2J 2K 2T,2E2F2G2J2K2T3D,0,0,FILING_RECEIVED,DOL_FORM_5500_SF_2025,https://askebsa.dol.gov/FOIA%20Files/2025/Latest/F_5500_SF_2025_Latest.zip,2db4677bd93455ccc082d378fdd56594ac90ca0fc6f2da1639a15aea8ed3e94d
biz-405,200350754-001,medium,"sponsor name 'MPC SERVICES, INC.' matches; sponsor address corroborates (14 DEBORAH DRIVE, SUTTON MA 01590)",5500-SF,2025,20260505164055NAL0000847491001,MPC RETIREMENT SAVINGS PLAN,"MPC SERVICES, INC.",,200350754,MA,2025-01-01,2025-12-31,2026-05-05,17,2E 2F 2G 2J 2K,2E2F2G2J2K3D,0,0,FILING_RECEIVED,DOL_FORM_5500_SF_2025,https://askebsa.dol.gov/FOIA%20Files/2025/Latest/F_5500_SF_2025_Latest.zip,2db4677bd93455ccc082d378fdd56594ac90ca0fc6f2da1639a15aea8ed3e94d
biz-407,043164872-001,medium,"sponsor name 'ULTRA SERVICES, INC.' matches; sponsor address corroborates (8 COOK ST, BILLERICA MA 01821)",5500-SF,2025,20260805121013NAL0003005168001,USIAASM 401(K) PLAN,"ULTRA SERVICES, INC.",,043164872,MA,2025-01-01,2025-12-31,2026-08-05,22,2E 2F 2G 2J 2K 2T,2E2F2G2J2K2T3B3D3H,0,0,FILING_RECEIVED,DOL_FORM_5500_SF_2025,https://askebsa.dol.gov/FOIA%20Files/2025/Latest/F_5500_SF_2025_Latest.zip,2db4677bd93455ccc082d378fdd56594ac90ca0fc6f2da1639a15aea8ed3e94d
biz-409,043039108-001,medium,"sponsor name 'REID MECHANICAL CORP/R.M.C' matches; sponsor address corroborates (27 CHARLES STREET, #3, NORTH ANDOVER MA 01845)",5500-SF,2025,20260513144008NAL0007580161001,REID MECHANICAL CORP/R.M.C 401(K) PLAN,REID MECHANICAL CORP/R.M.C,,043039108,MA,2025-01-01,2025-12-31,2026-05-13,10,2E 2F 2G 2J 2K 2R,2E2F2G2J2K2R3D,0,0,FILING_RECEIVED,DOL_FORM_5500_SF_2025,https://askebsa.dol.gov/FOIA%20Files/2025/Latest/F_5500_SF_2025_Latest.zip,2db4677bd93455ccc082d378fdd56594ac90ca0fc6f2da1639a15aea8ed3e94d
biz-410,042379378-002,low (review),"sponsor name 'MCCORMICK-ALLUM CO., INC.' matches; sponsor address differs (165 STAFFORD STREET, SPRINGFIELD MA 01101)",5500-SF,2025,20260910070514NAL0004571731001,MCCORMICK ALLUM LLC 401(K) RETIREMENT PLAN,"MCCORMICK-ALLUM CO., INC.",,042379378,MA,2026-01-01,2026-06-30,2026-09-10,0,2E 2F 2G 2J 2K 2T,2E2F2G2J2K2T3D,1,,FILING_RECEIVED,DOL_FORM_5500_SF_2025,https://askebsa.dol.gov/FOIA%20Files/2025/Latest/F_5500_SF_2025_Latest.zip,2db4677bd93455ccc082d378fdd56594ac90ca0fc6f2da1639a15aea8ed3e94d
biz-410,853789072-002,low (review),"sponsor name 'MCCORMICK ALLUM LLC' matches; sponsor address differs (165 STAFFORD STREET, SPRINGFIELD MA 01101)",5500-SF,2024,20250404142500NAL0013547345001,MCCORMICK ALLUM LLC 401(K) RETIREMENT PLAN,MCCORMICK ALLUM LLC,,853789072,MA,2024-01-01,2024-12-31,2025-04-04,21,2E 2F 2G 2J 2K 2T,2E2F2G2J2K2T3D,0,,FILING_RECEIVED,DOL_FORM_5500_SF_2024,https://askebsa.dol.gov/FOIA%20Files/2024/Latest/F_5500_SF_2024_Latest.zip,11370908e2bbc78d1d418b2f2a2177875e0524c12b69a181432d6fd65a5966c3
biz-410,853789072-002,low (review),"sponsor name 'MCCORMICK ALLUM LLC' matches; sponsor address differs (165 STAFFORD STREET, SPRINGFIELD MA 01101)",5500-SF,2025,20260910070106NAL0005779378001,MCCORMICK ALLUM LLC 401(K) RETIREMENT PLAN,MCCORMICK ALLUM LLC,,853789072,MA,2025-01-01,2025-12-31,2026-09-10,15,2E 2F 2G 2J 2K 2T,2E2F2G2J2K2T3D,0,,FILING_RECEIVED,DOL_FORM_5500_SF_2025,https://askebsa.dol.gov/FOIA%20Files/2025/Latest/F_5500_SF_2025_Latest.zip,2db4677bd93455ccc082d378fdd56594ac90ca0fc6f2da1639a15aea8ed3e94d
biz-413,042576421-001,medium,"sponsor name 'MANCINI SHEET METAL, INC.' matches; sponsor address corroborates (9 INNIS DRIVE, BILLERICA MA 018210541)",5500-SF,2025,20260924084850NAL0024864610001,"MANCINI SHEET METAL, INC. 401(K) PROFIT SHARING PLAN","MANCINI SHEET METAL, INC.",,042576421,MA,2025-01-01,2025-12-31,2026-09-24,13,2E 2F 2G 2J 2K 2T,2E2F2G2J2K2T3D,0,,FILING_RECEIVED,DOL_FORM_5500_SF_2025,https://askebsa.dol.gov/FOIA%20Files/2025/Latest/F_5500_SF_2025_Latest.zip,2db4677bd93455ccc082d378fdd56594ac90ca0fc6f2da1639a15aea8ed3e94d
biz-415,043536379-001,medium,"sponsor name 'A & E FIRE PROTECTION, INC.' matches; sponsor address corroborates (25 NORTH STREET, CANTON MA 02021)",5500-SF,2025,20260417165041NAL0013280131001,TEAM A & E FIRE 401(K) PLAN,"A & E FIRE PROTECTION, INC.",,043536379,MA,2025-01-01,2025-12-31,2026-04-17,117,2E 2J 2K 2G,2E2J2K3D2G,0,0,FILING_RECEIVED,DOL_FORM_5500_SF_2025,https://askebsa.dol.gov/FOIA%20Files/2025/Latest/F_5500_SF_2025_Latest.zip,2db4677bd93455ccc082d378fdd56594ac90ca0fc6f2da1639a15aea8ed3e94d
