biz_id,source_id,source_record_id,source_name,url,retrieved_date,source_sha256,reporting_period,match_method,match_evidence,match_confidence,first_logged_run,last_confirmed_run,current
biz-001,SBA_PPP_150K_PLUS,4349297001,SBA PPP FOIA - loans $150K and above,https://data.sba.gov/sites/default/files/distribution/SBA-OCA-2022-07-001/public_150k_plus_240930.csv,2026-10-07,3760a581dc3fd7ca12d09996aa360d749e075bcac517e5a6f7e92ae447a1cb8c,loan approved 04/03/2020; SBA data as of 2024-09-30,"filter BorrowerState=MA, NAICSCode=238220, CurrentApprovalAmount>=150000","CPS CORPORATION, 21 BRIGHAM ST, WESTBOROUGH 01581-1603; group: single loan",source record,20261007T202810Z,20261007T202838Z,yes
biz-002,DOL_FORM_5500_SF_2024,465296495-001 ACK 20250401110730NAL0003971331001,DOL Form 5500-SF dataset 2024 (Latest),https://askebsa.dol.gov/FOIA%20Files/2024/Latest/F_5500_SF_2024_Latest.zip,2026-10-07,11370908e2bbc78d1d418b2f2a2177875e0524c12b69a181432d6fd65a5966c3,plan year 2024-01-01..2024-12-31; received 2025-04-01,EIN and/or sponsor name + address,"sponsor name 'KEN PECORE PLUMBING & HEATING, L.L. C.' matches; sponsor address corroborates (460 WORCESTER ROAD, CHARLTON MA 01507)",medium,20261007T202810Z,20261007T202838Z,yes
biz-002,DOL_FORM_5500_SF_2024,465296495-002 ACK 20250617122627NAL0001609633001,DOL Form 5500-SF dataset 2024 (Latest),https://askebsa.dol.gov/FOIA%20Files/2024/Latest/F_5500_SF_2024_Latest.zip,2026-10-07,11370908e2bbc78d1d418b2f2a2177875e0524c12b69a181432d6fd65a5966c3,plan year 2024-01-01..2024-12-31; received 2025-06-17,EIN and/or sponsor name + address,"sponsor name 'KEN PECORE PLUMBING & HEATING, L.L. C.' matches; sponsor address corroborates (460 WORCESTER ROAD, CHARLTON MA 01507)",medium,20261007T202810Z,20261007T202838Z,yes
biz-002,SBA_PPP_150K_PLUS,4350727007,SBA PPP FOIA - loans $150K and above,https://data.sba.gov/sites/default/files/distribution/SBA-OCA-2022-07-001/public_150k_plus_240930.csv,2026-10-07,3760a581dc3fd7ca12d09996aa360d749e075bcac517e5a6f7e92ae447a1cb8c,loan approved 04/03/2020; SBA data as of 2024-09-30,"filter BorrowerState=MA, NAICSCode=238220, CurrentApprovalAmount>=150000","KEN PECORE PLUMBING & HEATING LLC, 460 WORCESTER RD, CHARLTON 01507-1508; group: single loan",source record,20261007T202810Z,20261007T202838Z,yes
biz-003,SBA_PPP_150K_PLUS,4351507002,SBA PPP FOIA - loans $150K and above,https://data.sba.gov/sites/default/files/distribution/SBA-OCA-2022-07-001/public_150k_plus_240930.csv,2026-10-07,3760a581dc3fd7ca12d09996aa360d749e075bcac517e5a6f7e92ae447a1cb8c,loan approved 04/03/2020; SBA data as of 2024-09-30,"filter BorrowerState=MA, NAICSCode=238220, CurrentApprovalAmount>=150000","LEPREVOST PLUMBING & HEATING, INC., 18 RUN WAY, LEE 01238-9612; group: single loan",source record,20261007T202810Z,20261007T202838Z,yes
biz-004,SBA_PPP_150K_PLUS,4352027002,SBA PPP FOIA - loans $150K and above,https://data.sba.gov/sites/default/files/distribution/SBA-OCA-2022-07-001/public_150k_plus_240930.csv,2026-10-07,3760a581dc3fd7ca12d09996aa360d749e075bcac517e5a6f7e92ae447a1cb8c,loan approved 04/03/2020; SBA data as of 2024-09-30,"filter BorrowerState=MA, NAICSCode=238220, CurrentApprovalAmount>=150000","TC CONTROLS AND SERVICES, INC., 53 East CENTRAL ST, WORCESTER 01605-3036; group: single loan",source record,20261007T202810Z,20261007T202838Z,yes
biz-005,SBA_PPP_150K_PLUS,4376697009,SBA PPP FOIA - loans $150K and above,https://data.sba.gov/sites/default/files/distribution/SBA-OCA-2022-07-001/public_150k_plus_240930.csv,2026-10-07,3760a581dc3fd7ca12d09996aa360d749e075bcac517e5a6f7e92ae447a1cb8c,loan approved 04/03/2020; SBA data as of 2024-09-30,"filter BorrowerState=MA, NAICSCode=238220, CurrentApprovalAmount>=150000","PIONEER HEATING & COOLING INC., 52 Maple Street, FLORENCE 01062-1233; group: single loan",source record,20261007T202810Z,20261007T202838Z,yes
biz-006,DOL_FORM_5500_2024,263189470-001 ACK 20251014112831NAL0002644897001,DOL Form 5500 dataset 2024 (Latest),https://askebsa.dol.gov/FOIA%20Files/2024/Latest/F_5500_2024_Latest.zip,2026-10-07,8884391d48a9e362fd7d2b91d6e37430bd2e54355c9dbc3479985c9d876872f8,plan year 2024-01-01..2024-12-31; received 2025-10-14,EIN and/or sponsor name + address,"sponsor name 'HAROLD BROTHERS MECHANICAL CONTRACTORS, INC.' matches; sponsor address corroborates (44 WOODROCK ROAD, WEYMOUTH MA 02189)",medium,20261007T202810Z,20261007T202838Z,yes
biz-006,SBA_PPP_150K_PLUS,4382327010,SBA PPP FOIA - loans $150K and above,https://data.sba.gov/sites/default/files/distribution/SBA-OCA-2022-07-001/public_150k_plus_240930.csv,2026-10-07,3760a581dc3fd7ca12d09996aa360d749e075bcac517e5a6f7e92ae447a1cb8c,loan approved 04/03/2020; SBA data as of 2024-09-30,"filter BorrowerState=MA, NAICSCode=238220, CurrentApprovalAmount>=150000","HAROLD BROTHERS MECHANICAL CONTRACTORS, INC., 44 WOODROCK RD, EAST WEYMOUTH 02189-2336; group: single loan",source record,20261007T202810Z,20261007T202838Z,yes
biz-007,DOL_FORM_5500_SF_2024,042160424-001 ACK 20250731074842NAL0002417619001,DOL Form 5500-SF dataset 2024 (Latest),https://askebsa.dol.gov/FOIA%20Files/2024/Latest/F_5500_SF_2024_Latest.zip,2026-10-07,11370908e2bbc78d1d418b2f2a2177875e0524c12b69a181432d6fd65a5966c3,plan year 2024-04-01..2025-03-31; received 2025-07-31,EIN and/or sponsor name + address,"sponsor name 'BOULANGER'S PLUMBING & HEATING, INC.' matches; sponsor address corroborates (373 MAIN STREET, EASTHAMPTON MA 01027)",medium,20261007T202810Z,20261007T202838Z,yes
biz-007,SBA_PPP_150K_PLUS,2435488308,SBA PPP FOIA - loans $150K and above,https://data.sba.gov/sites/default/files/distribution/SBA-OCA-2022-07-001/public_150k_plus_240930.csv,2026-10-07,3760a581dc3fd7ca12d09996aa360d749e075bcac517e5a6f7e92ae447a1cb8c,loan approved 01/20/2021; SBA data as of 2024-09-30,"filter BorrowerState=MA, NAICSCode=238220, CurrentApprovalAmount>=150000","BOULANGER'S PLUMBING & HEATING INC., 373 Main St, Easthampton 01027-1961; group: same legal name + same street address + ZIP",source record,20261007T202810Z,20261007T202838Z,yes
biz-007,SBA_PPP_150K_PLUS,4384687006,SBA PPP FOIA - loans $150K and above,https://data.sba.gov/sites/default/files/distribution/SBA-OCA-2022-07-001/public_150k_plus_240930.csv,2026-10-07,3760a581dc3fd7ca12d09996aa360d749e075bcac517e5a6f7e92ae447a1cb8c,loan approved 04/03/2020; SBA data as of 2024-09-30,"filter BorrowerState=MA, NAICSCode=238220, CurrentApprovalAmount>=150000","BOULANGER'S PLUMBING & HEATING, INC, 373 Main Street, EASTHAMPTON 01027-1961; group: same legal name + same street address + ZIP",source record,20261007T202810Z,20261007T202838Z,yes
biz-008,SBA_PPP_150K_PLUS,4393567007,SBA PPP FOIA - loans $150K and above,https://data.sba.gov/sites/default/files/distribution/SBA-OCA-2022-07-001/public_150k_plus_240930.csv,2026-10-07,3760a581dc3fd7ca12d09996aa360d749e075bcac517e5a6f7e92ae447a1cb8c,loan approved 04/03/2020; SBA data as of 2024-09-30,"filter BorrowerState=MA, NAICSCode=238220, CurrentApprovalAmount>=150000","MCDONALD HEATING AIR CONDITIONING AND PLUMBING INC, 200 Auburn Street, Auburn 01524-1004; group: single loan",source record,20261007T202810Z,20261007T202838Z,yes
biz-009,SBA_PPP_150K_PLUS,4406187000,SBA PPP FOIA - loans $150K and above,https://data.sba.gov/sites/default/files/distribution/SBA-OCA-2022-07-001/public_150k_plus_240930.csv,2026-10-07,3760a581dc3fd7ca12d09996aa360d749e075bcac517e5a6f7e92ae447a1cb8c,loan approved 04/03/2020; SBA data as of 2024-09-30,"filter BorrowerState=MA, NAICSCode=238220, CurrentApprovalAmount>=150000","NORTH MECHANICAL SERVICES, INC., 25 Mulberry St., HAVERHILL 01830-3914; group: single loan",source record,20261007T202810Z,20261007T202838Z,yes
biz-010,SBA_PPP_150K_PLUS,4451337007,SBA PPP FOIA - loans $150K and above,https://data.sba.gov/sites/default/files/distribution/SBA-OCA-2022-07-001/public_150k_plus_240930.csv,2026-10-07,3760a581dc3fd7ca12d09996aa360d749e075bcac517e5a6f7e92ae447a1cb8c,loan approved 04/03/2020; SBA data as of 2024-09-30,"filter BorrowerState=MA, NAICSCode=238220, CurrentApprovalAmount>=150000","SANTON PLUMBING & HEATING INC, 99 W MAIN ST, MILLBURY 01527-2000; group: single loan",source record,20261007T202810Z,20261007T202838Z,yes
biz-011,SBA_PPP_150K_PLUS,4458407007,SBA PPP FOIA - loans $150K and above,https://data.sba.gov/sites/default/files/distribution/SBA-OCA-2022-07-001/public_150k_plus_240930.csv,2026-10-07,3760a581dc3fd7ca12d09996aa360d749e075bcac517e5a6f7e92ae447a1cb8c,loan approved 04/03/2020; SBA data as of 2024-09-30,"filter BorrowerState=MA, NAICSCode=238220, CurrentApprovalAmount>=150000","ALLIED FIRE PROTECTION, INC., 11 East Fisk Ave, SPRINGFIELD 01107-1056; group: single loan",source record,20261007T202810Z,20261007T202838Z,yes
biz-012,SBA_PPP_150K_PLUS,4046688609,SBA PPP FOIA - loans $150K and above,https://data.sba.gov/sites/default/files/distribution/SBA-OCA-2022-07-001/public_150k_plus_240930.csv,2026-10-07,3760a581dc3fd7ca12d09996aa360d749e075bcac517e5a6f7e92ae447a1cb8c,loan approved 03/17/2021; SBA data as of 2024-09-30,"filter BorrowerState=MA, NAICSCode=238220, CurrentApprovalAmount>=150000","DOBBERT HEATING AND AIR CONDITIONING INC., 558 Union St, North Adams 01247-2964; group: same legal name + same street address + ZIP",source record,20261007T202810Z,20261007T202838Z,yes
biz-012,SBA_PPP_150K_PLUS,4459127008,SBA PPP FOIA - loans $150K and above,https://data.sba.gov/sites/default/files/distribution/SBA-OCA-2022-07-001/public_150k_plus_240930.csv,2026-10-07,3760a581dc3fd7ca12d09996aa360d749e075bcac517e5a6f7e92ae447a1cb8c,loan approved 04/03/2020; SBA data as of 2024-09-30,"filter BorrowerState=MA, NAICSCode=238220, CurrentApprovalAmount>=150000","DOBBERT HEATING & AIR CONDITIONING, INC., 558 UNION ST, NORTH ADAMS 01247-2964; group: same legal name + same street address + ZIP",source record,20261007T202810Z,20261007T202838Z,yes
biz-013,SBA_PPP_150K_PLUS,4464167003,SBA PPP FOIA - loans $150K and above,https://data.sba.gov/sites/default/files/distribution/SBA-OCA-2022-07-001/public_150k_plus_240930.csv,2026-10-07,3760a581dc3fd7ca12d09996aa360d749e075bcac517e5a6f7e92ae447a1cb8c,loan approved 04/03/2020; SBA data as of 2024-09-30,"filter BorrowerState=MA, NAICSCode=238220, CurrentApprovalAmount>=150000","N. & T. MECHANICAL CONTRACTORS, 417 Bolton Road, LANCASTER 01523-2291; group: same legal name + same street address + ZIP",source record,20261007T202810Z,20261007T202838Z,yes
biz-013,SBA_PPP_150K_PLUS,7089628802,SBA PPP FOIA - loans $150K and above,https://data.sba.gov/sites/default/files/distribution/SBA-OCA-2022-07-001/public_150k_plus_240930.csv,2026-10-07,3760a581dc3fd7ca12d09996aa360d749e075bcac517e5a6f7e92ae447a1cb8c,loan approved 04/21/2021; SBA data as of 2024-09-30,"filter BorrowerState=MA, NAICSCode=238220, CurrentApprovalAmount>=150000","N&T MECHANICAL CONTRACTORS INC, 417 Bolton Rd, Lancaster 01523-2339; group: same legal name + same street address + ZIP",source record,20261007T202810Z,20261007T202838Z,yes
biz-014,DOL_FORM_5500_SF_2024,450550247-001 ACK 20250701134411NAL0012748081001,DOL Form 5500-SF dataset 2024 (Latest),https://askebsa.dol.gov/FOIA%20Files/2024/Latest/F_5500_SF_2024_Latest.zip,2026-10-07,11370908e2bbc78d1d418b2f2a2177875e0524c12b69a181432d6fd65a5966c3,plan year 2024-01-01..2024-12-31; received 2025-07-01,EIN and/or sponsor name + address,sponsor name 'CONTROL POINT MECHANICAL' matches; sponsor ZIP corroborates (SHREWSBURY MA 01545),medium,20261007T202810Z,20261007T202838Z,yes
biz-014,SBA_PPP_150K_PLUS,4471157009,SBA PPP FOIA - loans $150K and above,https://data.sba.gov/sites/default/files/distribution/SBA-OCA-2022-07-001/public_150k_plus_240930.csv,2026-10-07,3760a581dc3fd7ca12d09996aa360d749e075bcac517e5a6f7e92ae447a1cb8c,loan approved 04/03/2020; SBA data as of 2024-09-30,"filter BorrowerState=MA, NAICSCode=238220, CurrentApprovalAmount>=150000","CONTROL POINT MECHANICAL INC., 165 MEMORIAL DR Suite F, SHREWSBURY 01545-4030; group: single loan",source record,20261007T202810Z,20261007T202838Z,yes
biz-015,SBA_PPP_150K_PLUS,4496707004,SBA PPP FOIA - loans $150K and above,https://data.sba.gov/sites/default/files/distribution/SBA-OCA-2022-07-001/public_150k_plus_240930.csv,2026-10-07,3760a581dc3fd7ca12d09996aa360d749e075bcac517e5a6f7e92ae447a1cb8c,loan approved 04/03/2020; SBA data as of 2024-09-30,"filter BorrowerState=MA, NAICSCode=238220, CurrentApprovalAmount>=150000","A. DUQUETTE & SON, INC., 104 Blackstone River Road, WORCESTER 01607-1488; group: single loan",source record,20261007T202810Z,20261007T202838Z,yes
biz-016,SBA_PPP_150K_PLUS,4555697004,SBA PPP FOIA - loans $150K and above,https://data.sba.gov/sites/default/files/distribution/SBA-OCA-2022-07-001/public_150k_plus_240930.csv,2026-10-07,3760a581dc3fd7ca12d09996aa360d749e075bcac517e5a6f7e92ae447a1cb8c,loan approved 04/03/2020; SBA data as of 2024-09-30,"filter BorrowerState=MA, NAICSCode=238220, CurrentApprovalAmount>=150000","ALL CLEAR PLUMBING, INC., 12 WILMINGTON RD, BURLINGTON 01803-1729; group: single loan",source record,20261007T202810Z,20261007T202838Z,yes
biz-017,DOL_FORM_5500_SF_2025,273665698-001 ACK 20260710121321NAL0001847506001,DOL Form 5500-SF dataset 2025 (Latest),https://askebsa.dol.gov/FOIA%20Files/2025/Latest/F_5500_SF_2025_Latest.zip,2026-10-07,2db4677bd93455ccc082d378fdd56594ac90ca0fc6f2da1639a15aea8ed3e94d,plan year 2025-01-01..2025-12-31; received 2026-07-10,EIN and/or sponsor name + address,"sponsor name 'COMPLETE COMFORT SYSTEMS INC' matches; sponsor address corroborates (230 ESSEX ST, HAVERHILL MA 018325539)",medium,20261007T202810Z,20261007T202838Z,yes
biz-017,SBA_PPP_150K_PLUS,4608547010,SBA PPP FOIA - loans $150K and above,https://data.sba.gov/sites/default/files/distribution/SBA-OCA-2022-07-001/public_150k_plus_240930.csv,2026-10-07,3760a581dc3fd7ca12d09996aa360d749e075bcac517e5a6f7e92ae447a1cb8c,loan approved 04/04/2020; SBA data as of 2024-09-30,"filter BorrowerState=MA, NAICSCode=238220, CurrentApprovalAmount>=150000","COMPLETE COMFORT SYSTEMS INC, 230 ESSEX ST, HAVERHILL 01832-5539; group: same legal name + same street address + ZIP",source record,20261007T202810Z,20261007T202838Z,yes
biz-017,SBA_PPP_150K_PLUS,5007148308,SBA PPP FOIA - loans $150K and above,https://data.sba.gov/sites/default/files/distribution/SBA-OCA-2022-07-001/public_150k_plus_240930.csv,2026-10-07,3760a581dc3fd7ca12d09996aa360d749e075bcac517e5a6f7e92ae447a1cb8c,loan approved 01/23/2021; SBA data as of 2024-09-30,"filter BorrowerState=MA, NAICSCode=238220, CurrentApprovalAmount>=150000","COMPLETE COMFORT SYSTEMS INC., 230 Essex St, Haverhill 01832-5539; group: same legal name + same street address + ZIP",source record,20261007T202810Z,20261007T202838Z,yes
biz-018,DOL_FORM_5500_SF_2025,461540629-002 ACK 20260715210854NAL0004922370001,DOL Form 5500-SF dataset 2025 (Latest),https://askebsa.dol.gov/FOIA%20Files/2025/Latest/F_5500_SF_2025_Latest.zip,2026-10-07,2db4677bd93455ccc082d378fdd56594ac90ca0fc6f2da1639a15aea8ed3e94d,plan year 2025-01-01..2025-12-31; received 2026-07-15,EIN and/or sponsor name + address,"sponsor name 'POLAR MECHANICAL INC' matches; sponsor address corroborates (37 KNOLLWOOD DR, CHARLTON MA 01507)",medium,20261007T202810Z,20261007T202838Z,yes
biz-018,SBA_PPP_150K_PLUS,4644347006,SBA PPP FOIA - loans $150K and above,https://data.sba.gov/sites/default/files/distribution/SBA-OCA-2022-07-001/public_150k_plus_240930.csv,2026-10-07,3760a581dc3fd7ca12d09996aa360d749e075bcac517e5a6f7e92ae447a1cb8c,loan approved 04/04/2020; SBA data as of 2024-09-30,"filter BorrowerState=MA, NAICSCode=238220, CurrentApprovalAmount>=150000","POLAR MECHANICAL INC., 37 KNOLLWOOD DR, CHARLTON 01507-1814; group: single loan",source record,20261007T202810Z,20261007T202838Z,yes
biz-019,SBA_PPP_150K_PLUS,4659597003,SBA PPP FOIA - loans $150K and above,https://data.sba.gov/sites/default/files/distribution/SBA-OCA-2022-07-001/public_150k_plus_240930.csv,2026-10-07,3760a581dc3fd7ca12d09996aa360d749e075bcac517e5a6f7e92ae447a1cb8c,loan approved 04/04/2020; SBA data as of 2024-09-30,"filter BorrowerState=MA, NAICSCode=238220, CurrentApprovalAmount>=150000","WILSON BROTHERS, HVAC, INC., 35 Lowell Road, PEPPERELL 01463-1704; group: single loan",source record,20261007T202810Z,20261007T202838Z,yes
biz-020,DOL_FORM_5500_SF_2025,042985718-001 ACK 20260526080914NAL0006836672001,DOL Form 5500-SF dataset 2025 (Latest),https://askebsa.dol.gov/FOIA%20Files/2025/Latest/F_5500_SF_2025_Latest.zip,2026-10-07,2db4677bd93455ccc082d378fdd56594ac90ca0fc6f2da1639a15aea8ed3e94d,plan year 2025-01-01..2025-12-31; received 2026-05-26,EIN and/or sponsor name + address,"sponsor name 'DEWOLFE CONTRACTING, INC.' matches; sponsor address corroborates (211 SHREWSBURY ST., WEST BOYLSTON MA 01583)",medium,20261007T202810Z,20261007T202838Z,yes
biz-020,SBA_PPP_150K_PLUS,4676857000,SBA PPP FOIA - loans $150K and above,https://data.sba.gov/sites/default/files/distribution/SBA-OCA-2022-07-001/public_150k_plus_240930.csv,2026-10-07,3760a581dc3fd7ca12d09996aa360d749e075bcac517e5a6f7e92ae447a1cb8c,loan approved 04/04/2020; SBA data as of 2024-09-30,"filter BorrowerState=MA, NAICSCode=238220, CurrentApprovalAmount>=150000","DEWOLFE CONTRACTING, INC., 211 SHREWSBURY ST, WEST BOYLSTON 01583-2107; group: single loan",source record,20261007T202810Z,20261007T202838Z,yes
biz-021,SBA_PPP_150K_PLUS,4699867006,SBA PPP FOIA - loans $150K and above,https://data.sba.gov/sites/default/files/distribution/SBA-OCA-2022-07-001/public_150k_plus_240930.csv,2026-10-07,3760a581dc3fd7ca12d09996aa360d749e075bcac517e5a6f7e92ae447a1cb8c,loan approved 04/04/2020; SBA data as of 2024-09-30,"filter BorrowerState=MA, NAICSCode=238220, CurrentApprovalAmount>=150000","BOSTON AIR SYSTEMS, INC., 115 MESSINA DR, BRAINTREE 02184-6703; group: single loan",source record,20261007T202810Z,20261007T202838Z,yes
biz-022,SBA_PPP_150K_PLUS,2128618506,SBA PPP FOIA - loans $150K and above,https://data.sba.gov/sites/default/files/distribution/SBA-OCA-2022-07-001/public_150k_plus_240930.csv,2026-10-07,3760a581dc3fd7ca12d09996aa360d749e075bcac517e5a6f7e92ae447a1cb8c,loan approved 02/19/2021; SBA data as of 2024-09-30,"filter BorrowerState=MA, NAICSCode=238220, CurrentApprovalAmount>=150000","IEC MECHANICAL CORPORATION, 83 Leicester St, North Oxford 01537-1001; group: same legal name + same street address + ZIP",source record,20261007T202810Z,20261007T202838Z,yes
biz-022,SBA_PPP_150K_PLUS,4707507004,SBA PPP FOIA - loans $150K and above,https://data.sba.gov/sites/default/files/distribution/SBA-OCA-2022-07-001/public_150k_plus_240930.csv,2026-10-07,3760a581dc3fd7ca12d09996aa360d749e075bcac517e5a6f7e92ae447a1cb8c,loan approved 04/04/2020; SBA data as of 2024-09-30,"filter BorrowerState=MA, NAICSCode=238220, CurrentApprovalAmount>=150000","IEC MECHANICAL CORPORATION, 83 Leicester Street, NORTH OXFORD 01537-1001; group: same legal name + same street address + ZIP",source record,20261007T202810Z,20261007T202838Z,yes
biz-023,DOL_FORM_5500_SF_2024,262448645-001 ACK 20250507154443NAL0016289424001,DOL Form 5500-SF dataset 2024 (Latest),https://askebsa.dol.gov/FOIA%20Files/2024/Latest/F_5500_SF_2024_Latest.zip,2026-10-07,11370908e2bbc78d1d418b2f2a2177875e0524c12b69a181432d6fd65a5966c3,plan year 2024-01-01..2024-12-31; received 2025-05-07,EIN and/or sponsor name + address,"sponsor name 'JOSEPH A. DIPIETRO HEATING AND COOLING, INC.' matches; sponsor address corroborates (32 MIDDLESEX STREET, HAVERHILL MA 01835)",medium,20261007T202810Z,20261007T202838Z,yes
biz-023,SBA_PPP_150K_PLUS,4709647004,SBA PPP FOIA - loans $150K and above,https://data.sba.gov/sites/default/files/distribution/SBA-OCA-2022-07-001/public_150k_plus_240930.csv,2026-10-07,3760a581dc3fd7ca12d09996aa360d749e075bcac517e5a6f7e92ae447a1cb8c,loan approved 04/04/2020; SBA data as of 2024-09-30,"filter BorrowerState=MA, NAICSCode=238220, CurrentApprovalAmount>=150000","JOSEPH A. DIPIETRO HEATING & COOLING, INC., 5 SOUTH SUMMER ST, HAVERHILL 01835-7433; group: same legal name + same ZIP (street spelling differs)",source record,20261007T202810Z,20261007T202838Z,yes
biz-023,SBA_PPP_150K_PLUS,9716528403,SBA PPP FOIA - loans $150K and above,https://data.sba.gov/sites/default/files/distribution/SBA-OCA-2022-07-001/public_150k_plus_240930.csv,2026-10-07,3760a581dc3fd7ca12d09996aa360d749e075bcac517e5a6f7e92ae447a1cb8c,loan approved 02/17/2021; SBA data as of 2024-09-30,"filter BorrowerState=MA, NAICSCode=238220, CurrentApprovalAmount>=150000","JOSEPH A. DIPIETRO HEATING AND COOLING INC., 32 Middlesex St, Bradford 01835-7403; group: same legal name + same ZIP (street spelling differs)",source record,20261007T202810Z,20261007T202838Z,yes
biz-024,SBA_PPP_150K_PLUS,4710097002,SBA PPP FOIA - loans $150K and above,https://data.sba.gov/sites/default/files/distribution/SBA-OCA-2022-07-001/public_150k_plus_240930.csv,2026-10-07,3760a581dc3fd7ca12d09996aa360d749e075bcac517e5a6f7e92ae447a1cb8c,loan approved 04/04/2020; SBA data as of 2024-09-30,"filter BorrowerState=MA, NAICSCode=238220, CurrentApprovalAmount>=150000","ANYTIME PLUMBING AND HEATING INC, 123 BROADWAY, TAUNTON 02780-2507; group: single loan",source record,20261007T202810Z,20261007T202838Z,yes
biz-025,DOL_FORM_5500_SF_2025,043140175-001 ACK 20260909101557NAL0003968001001,DOL Form 5500-SF dataset 2025 (Latest),https://askebsa.dol.gov/FOIA%20Files/2025/Latest/F_5500_SF_2025_Latest.zip,2026-10-07,2db4677bd93455ccc082d378fdd56594ac90ca0fc6f2da1639a15aea8ed3e94d,plan year 2025-01-01..2025-12-31; received 2026-09-09,EIN and/or sponsor name + address,"sponsor name 'NORTHEASTERN MECHANICAL INC.' matches; sponsor address corroborates (35 INDUSTRIAL DRIVE, CANTON MA 02021)",medium,20261007T202810Z,20261007T202838Z,yes
biz-025,SBA_PPP_150K_PLUS,4733737007,SBA PPP FOIA - loans $150K and above,https://data.sba.gov/sites/default/files/distribution/SBA-OCA-2022-07-001/public_150k_plus_240930.csv,2026-10-07,3760a581dc3fd7ca12d09996aa360d749e075bcac517e5a6f7e92ae447a1cb8c,loan approved 04/04/2020; SBA data as of 2024-09-30,"filter BorrowerState=MA, NAICSCode=238220, CurrentApprovalAmount>=150000","NORTHEASTERN MECHANICAL, INC., 35 INDUSTRIAL DR, CANTON 02021-2801; group: same legal name + same street address + ZIP",source record,20261007T202810Z,20261007T202838Z,yes
biz-025,SBA_PPP_150K_PLUS,7427398700,SBA PPP FOIA - loans $150K and above,https://data.sba.gov/sites/default/files/distribution/SBA-OCA-2022-07-001/public_150k_plus_240930.csv,2026-10-07,3760a581dc3fd7ca12d09996aa360d749e075bcac517e5a6f7e92ae447a1cb8c,loan approved 04/06/2021; SBA data as of 2024-09-30,"filter BorrowerState=MA, NAICSCode=238220, CurrentApprovalAmount>=150000","NORTHEASTERN MECHANICAL INC, 35 Industrial Dr, Canton 02021-2801; group: same legal name + same street address + ZIP",source record,20261007T202810Z,20261007T202838Z,yes
biz-026,SBA_PPP_150K_PLUS,4742747001,SBA PPP FOIA - loans $150K and above,https://data.sba.gov/sites/default/files/distribution/SBA-OCA-2022-07-001/public_150k_plus_240930.csv,2026-10-07,3760a581dc3fd7ca12d09996aa360d749e075bcac517e5a6f7e92ae447a1cb8c,loan approved 04/04/2020; SBA data as of 2024-09-30,"filter BorrowerState=MA, NAICSCode=238220, CurrentApprovalAmount>=150000","PATRIOT PLUMBING & HEATING, INC., 35 INDUSTRIAL DR, CANTON 02021-2801; group: single loan",source record,20261007T202810Z,20261007T202838Z,yes
biz-027,DOL_FORM_5500_SF_2025,383715438-001 ACK 20260408163109NAL0014545360001,DOL Form 5500-SF dataset 2025 (Latest),https://askebsa.dol.gov/FOIA%20Files/2025/Latest/F_5500_SF_2025_Latest.zip,2026-10-07,2db4677bd93455ccc082d378fdd56594ac90ca0fc6f2da1639a15aea8ed3e94d,plan year 2026-01-01..2026-03-11; received 2026-04-08,EIN and/or sponsor name + address,"sponsor name 'VALANTE MECHANICAL INC.' matches; sponsor address corroborates (32 FURNACE AVE, QUINCY MA 02169)",medium,20261007T202810Z,20261007T202838Z,yes
biz-027,SBA_PPP_150K_PLUS,3591588408,SBA PPP FOIA - loans $150K and above,https://data.sba.gov/sites/default/files/distribution/SBA-OCA-2022-07-001/public_150k_plus_240930.csv,2026-10-07,3760a581dc3fd7ca12d09996aa360d749e075bcac517e5a6f7e92ae447a1cb8c,loan approved 02/05/2021; SBA data as of 2024-09-30,"filter BorrowerState=MA, NAICSCode=238220, CurrentApprovalAmount>=150000","VALANTE MECHANICAL INC, 32 Furnace Ave, Quincy 02169-4050; group: same legal name + same street address + ZIP",source record,20261007T202810Z,20261007T202838Z,yes
biz-027,SBA_PPP_150K_PLUS,4746127000,SBA PPP FOIA - loans $150K and above,https://data.sba.gov/sites/default/files/distribution/SBA-OCA-2022-07-001/public_150k_plus_240930.csv,2026-10-07,3760a581dc3fd7ca12d09996aa360d749e075bcac517e5a6f7e92ae447a1cb8c,loan approved 04/04/2020; SBA data as of 2024-09-30,"filter BorrowerState=MA, NAICSCode=238220, CurrentApprovalAmount>=150000","VALANTE MECHANICAL INC, 32 FURNACE AVE, QUINCY 02169-4050; group: same legal name + same street address + ZIP",source record,20261007T202810Z,20261007T202838Z,yes
biz-028,DOL_FORM_5500_SF_2025,200050479-001 ACK 20260507102725NAL0002268435001,DOL Form 5500-SF dataset 2025 (Latest),https://askebsa.dol.gov/FOIA%20Files/2025/Latest/F_5500_SF_2025_Latest.zip,2026-10-07,2db4677bd93455ccc082d378fdd56594ac90ca0fc6f2da1639a15aea8ed3e94d,plan year 2025-01-01..2025-12-31; received 2026-05-07,EIN and/or sponsor name + address,"sponsor name 'GRAY COMPANY' matches; sponsor address corroborates (28 NASHUA ROAD, UNIT C, BILLERICA MA 01862)",medium,20261007T202810Z,20261007T202838Z,yes
biz-028,SBA_PPP_150K_PLUS,4747947001,SBA PPP FOIA - loans $150K and above,https://data.sba.gov/sites/default/files/distribution/SBA-OCA-2022-07-001/public_150k_plus_240930.csv,2026-10-07,3760a581dc3fd7ca12d09996aa360d749e075bcac517e5a6f7e92ae447a1cb8c,loan approved 04/04/2020; SBA data as of 2024-09-30,"filter BorrowerState=MA, NAICSCode=238220, CurrentApprovalAmount>=150000","GRAY COMPANY, 28 Nashua Road Unit C, NORTH BILLERICA 01862-2071; group: single loan",source record,20261007T202810Z,20261007T202838Z,yes
biz-029,SBA_PPP_150K_PLUS,1395738409,SBA PPP FOIA - loans $150K and above,https://data.sba.gov/sites/default/files/distribution/SBA-OCA-2022-07-001/public_150k_plus_240930.csv,2026-10-07,3760a581dc3fd7ca12d09996aa360d749e075bcac517e5a6f7e92ae447a1cb8c,loan approved 02/01/2021; SBA data as of 2024-09-30,"filter BorrowerState=MA, NAICSCode=238220, CurrentApprovalAmount>=150000","GRATTA REFRIGERATION AND AIR CONDITIONING INC., 1047 Washington St, East Weymouth 02189-1945; group: same legal name + same street address + ZIP",source record,20261007T202810Z,20261007T202838Z,yes
biz-029,SBA_PPP_150K_PLUS,4750697010,SBA PPP FOIA - loans $150K and above,https://data.sba.gov/sites/default/files/distribution/SBA-OCA-2022-07-001/public_150k_plus_240930.csv,2026-10-07,3760a581dc3fd7ca12d09996aa360d749e075bcac517e5a6f7e92ae447a1cb8c,loan approved 04/04/2020; SBA data as of 2024-09-30,"filter BorrowerState=MA, NAICSCode=238220, CurrentApprovalAmount>=150000","GRATTA REFRIGERATION AND AIR CONDITIONING, INC, 1047 WASHINGTON ST, EAST WEYMOUTH 02189-1945; group: same legal name + same street address + ZIP",source record,20261007T202810Z,20261007T202838Z,yes
biz-030,DOL_FORM_5500_SF_2024,042488848-001 ACK 20260804185954NAL0002094320001,DOL Form 5500-SF dataset 2024 (Latest),https://askebsa.dol.gov/FOIA%20Files/2024/Latest/F_5500_SF_2024_Latest.zip,2026-10-07,11370908e2bbc78d1d418b2f2a2177875e0524c12b69a181432d6fd65a5966c3,plan year 2024-12-01..2025-11-30; received 2026-08-04,EIN and/or sponsor name + address,"sponsor name 'PIERCE REFRIGERATION INC' matches; sponsor address corroborates (439 E. CENTER ST.,, WEST BRIDGEWATER MA 02379)",medium,20261007T202810Z,20261007T202838Z,yes
biz-030,SBA_PPP_150K_PLUS,4768477001,SBA PPP FOIA - loans $150K and above,https://data.sba.gov/sites/default/files/distribution/SBA-OCA-2022-07-001/public_150k_plus_240930.csv,2026-10-07,3760a581dc3fd7ca12d09996aa360d749e075bcac517e5a6f7e92ae447a1cb8c,loan approved 04/04/2020; SBA data as of 2024-09-30,"filter BorrowerState=MA, NAICSCode=238220, CurrentApprovalAmount>=150000","PIERCE REFRIGERATION LLC, 439 EAST CENTER STREET, WEST BRIDGEWATER 02379-1815; group: single loan",source record,20261007T202810Z,20261007T202838Z,yes
biz-031,DOL_FORM_5500_SF_2025,042525838-001 ACK 20260729104532NAL0025024880001,DOL Form 5500-SF dataset 2025 (Latest),https://askebsa.dol.gov/FOIA%20Files/2025/Latest/F_5500_SF_2025_Latest.zip,2026-10-07,2db4677bd93455ccc082d378fdd56594ac90ca0fc6f2da1639a15aea8ed3e94d,plan year 2025-01-01..2025-12-31; received 2026-07-29,EIN and/or sponsor name + address,"sponsor name 'G & L PLUMBING, INC.' matches; sponsor address corroborates (140 SHREWSBURY STREET, BOYLSTON MA 01505)",medium,20261007T202810Z,20261007T202838Z,yes
biz-031,SBA_PPP_150K_PLUS,4771637002,SBA PPP FOIA - loans $150K and above,https://data.sba.gov/sites/default/files/distribution/SBA-OCA-2022-07-001/public_150k_plus_240930.csv,2026-10-07,3760a581dc3fd7ca12d09996aa360d749e075bcac517e5a6f7e92ae447a1cb8c,loan approved 04/04/2020; SBA data as of 2024-09-30,"filter BorrowerState=MA, NAICSCode=238220, CurrentApprovalAmount>=150000","G & L PLUMBING INC, 140 Shrewsbury Street, BOYLSTON 01505-1710; group: single loan",source record,20261007T202810Z,20261007T202838Z,yes
biz-032,DOL_FORM_5500_SF_2025,042459653-001 ACK 20260623093710NAL0005312595001,DOL Form 5500-SF dataset 2025 (Latest),https://askebsa.dol.gov/FOIA%20Files/2025/Latest/F_5500_SF_2025_Latest.zip,2026-10-07,2db4677bd93455ccc082d378fdd56594ac90ca0fc6f2da1639a15aea8ed3e94d,plan year 2025-01-01..2025-12-31; received 2026-06-23,EIN and/or sponsor name + address,"sponsor name 'ACE TEMPERATURE CONTROL INC' matches; sponsor address corroborates (30 WARD STREET, WORCESTER MA 01610)",medium,20261007T202810Z,20261007T202838Z,yes
biz-032,SBA_PPP_150K_PLUS,4800327003,SBA PPP FOIA - loans $150K and above,https://data.sba.gov/sites/default/files/distribution/SBA-OCA-2022-07-001/public_150k_plus_240930.csv,2026-10-07,3760a581dc3fd7ca12d09996aa360d749e075bcac517e5a6f7e92ae447a1cb8c,loan approved 04/04/2020; SBA data as of 2024-09-30,"filter BorrowerState=MA, NAICSCode=238220, CurrentApprovalAmount>=150000","ACE TEMPERATURE CONTROL INC., 30 WARD ST, WORCESTER 01610-1923; group: same legal name + same street address + ZIP",source record,20261007T202810Z,20261007T202838Z,yes
biz-032,SBA_PPP_150K_PLUS,6164288302,SBA PPP FOIA - loans $150K and above,https://data.sba.gov/sites/default/files/distribution/SBA-OCA-2022-07-001/public_150k_plus_240930.csv,2026-10-07,3760a581dc3fd7ca12d09996aa360d749e075bcac517e5a6f7e92ae447a1cb8c,loan approved 01/26/2021; SBA data as of 2024-09-30,"filter BorrowerState=MA, NAICSCode=238220, CurrentApprovalAmount>=150000","ACE TEMPERATURE CONTROL INC., 30 Ward St, Worcester 01610-1923; group: same legal name + same street address + ZIP",source record,20261007T202810Z,20261007T202838Z,yes
biz-033,SBA_PPP_150K_PLUS,4802817001,SBA PPP FOIA - loans $150K and above,https://data.sba.gov/sites/default/files/distribution/SBA-OCA-2022-07-001/public_150k_plus_240930.csv,2026-10-07,3760a581dc3fd7ca12d09996aa360d749e075bcac517e5a6f7e92ae447a1cb8c,loan approved 04/04/2020; SBA data as of 2024-09-30,"filter BorrowerState=MA, NAICSCode=238220, CurrentApprovalAmount>=150000","EAGLE SPRINKLER FIRE AND PROTECTION, INC., 781 main street, WHITINSVILLE 01588-1705; group: single loan",source record,20261007T202810Z,20261007T202838Z,yes
biz-034,SBA_PPP_150K_PLUS,4838467005,SBA PPP FOIA - loans $150K and above,https://data.sba.gov/sites/default/files/distribution/SBA-OCA-2022-07-001/public_150k_plus_240930.csv,2026-10-07,3760a581dc3fd7ca12d09996aa360d749e075bcac517e5a6f7e92ae447a1cb8c,loan approved 04/04/2020; SBA data as of 2024-09-30,"filter BorrowerState=MA, NAICSCode=238220, CurrentApprovalAmount>=150000","JIM DORSEY & SONS, INC, 82 INGELL ST, TAUNTON 02780-3507; group: single loan",source record,20261007T202810Z,20261007T202838Z,yes
biz-035,DOL_FORM_5500_SF_2025,043166199-001 ACK 20260527144332NAL0009736832001,DOL Form 5500-SF dataset 2025 (Latest),https://askebsa.dol.gov/FOIA%20Files/2025/Latest/F_5500_SF_2025_Latest.zip,2026-10-07,2db4677bd93455ccc082d378fdd56594ac90ca0fc6f2da1639a15aea8ed3e94d,plan year 2025-01-01..2025-12-31; received 2026-05-27,EIN and/or sponsor name + address,"sponsor name 'AFM PLUMBING, INC.' matches; sponsor ZIP corroborates (NORWELL MA 02061)",medium,20261007T202810Z,20261007T202838Z,yes
biz-035,SBA_PPP_150K_PLUS,4927417003,SBA PPP FOIA - loans $150K and above,https://data.sba.gov/sites/default/files/distribution/SBA-OCA-2022-07-001/public_150k_plus_240930.csv,2026-10-07,3760a581dc3fd7ca12d09996aa360d749e075bcac517e5a6f7e92ae447a1cb8c,loan approved 04/04/2020; SBA data as of 2024-09-30,"filter BorrowerState=MA, NAICSCode=238220, CurrentApprovalAmount>=150000","AFM PLUMBING INC, 370 CIRCUIT ST, NORWELL 02061-2132; group: single loan",source record,20261007T202810Z,20261007T202838Z,yes
biz-036,DOL_FORM_5500_SF_2024,300239055-001 ACK 20250917103929NAL0000376001001,DOL Form 5500-SF dataset 2024 (Latest),https://askebsa.dol.gov/FOIA%20Files/2024/Latest/F_5500_SF_2024_Latest.zip,2026-10-07,11370908e2bbc78d1d418b2f2a2177875e0524c12b69a181432d6fd65a5966c3,plan year 2024-01-01..2024-12-31; received 2025-09-17,EIN and/or sponsor name + address,"sponsor name 'DENOMMEE PLUMBING & HEATING, INC.' matches; sponsor address corroborates (21 WESTECH DRIVE, TYNGSBORO MA 01879)",medium,20261007T202810Z,20261007T202838Z,yes
biz-036,SBA_PPP_150K_PLUS,5006207010,SBA PPP FOIA - loans $150K and above,https://data.sba.gov/sites/default/files/distribution/SBA-OCA-2022-07-001/public_150k_plus_240930.csv,2026-10-07,3760a581dc3fd7ca12d09996aa360d749e075bcac517e5a6f7e92ae447a1cb8c,loan approved 04/04/2020; SBA data as of 2024-09-30,"filter BorrowerState=MA, NAICSCode=238220, CurrentApprovalAmount>=150000","DENOMMEE PLUMBING & HEATING INC, 21 Westech Drive, TYNGSBORO 01879-2720; group: single loan",source record,20261007T202810Z,20261007T202838Z,yes
biz-037,DOL_FORM_5500_SF_2025,611649628-001 ACK 20260811224352NAL0009616288001,DOL Form 5500-SF dataset 2025 (Latest),https://askebsa.dol.gov/FOIA%20Files/2025/Latest/F_5500_SF_2025_Latest.zip,2026-10-07,2db4677bd93455ccc082d378fdd56594ac90ca0fc6f2da1639a15aea8ed3e94d,plan year 2025-01-01..2025-12-31; received 2026-08-11,EIN and/or sponsor name + address,"sponsor name 'NEW ENGLAND PLUMBING SOLUTIONS, LLC' matches; sponsor ZIP corroborates (COHASSET MA 02025)",medium,20261007T202810Z,20261007T202838Z,yes
biz-037,SBA_PPP_150K_PLUS,5072877010,SBA PPP FOIA - loans $150K and above,https://data.sba.gov/sites/default/files/distribution/SBA-OCA-2022-07-001/public_150k_plus_240930.csv,2026-10-07,3760a581dc3fd7ca12d09996aa360d749e075bcac517e5a6f7e92ae447a1cb8c,loan approved 04/05/2020; SBA data as of 2024-09-30,"filter BorrowerState=MA, NAICSCode=238220, CurrentApprovalAmount>=150000","NEW ENGLAND PLUMBING SOLUTIONS LLC, 759 CHIEF JUSTICE CUSHING HWY, COHASSET 02025-2115; group: single loan",source record,20261007T202810Z,20261007T202838Z,yes
biz-038,SBA_PPP_150K_PLUS,5084327006,SBA PPP FOIA - loans $150K and above,https://data.sba.gov/sites/default/files/distribution/SBA-OCA-2022-07-001/public_150k_plus_240930.csv,2026-10-07,3760a581dc3fd7ca12d09996aa360d749e075bcac517e5a6f7e92ae447a1cb8c,loan approved 04/05/2020; SBA data as of 2024-09-30,"filter BorrowerState=MA, NAICSCode=238220, CurrentApprovalAmount>=150000","EXCEL MECHANICAL INC, 392 MCGRATH HWY, SOMERVILLE 02143-2116; group: single loan",source record,20261007T202810Z,20261007T202838Z,yes
biz-039,SBA_PPP_150K_PLUS,5088157000,SBA PPP FOIA - loans $150K and above,https://data.sba.gov/sites/default/files/distribution/SBA-OCA-2022-07-001/public_150k_plus_240930.csv,2026-10-07,3760a581dc3fd7ca12d09996aa360d749e075bcac517e5a6f7e92ae447a1cb8c,loan approved 04/05/2020; SBA data as of 2024-09-30,"filter BorrowerState=MA, NAICSCode=238220, CurrentApprovalAmount>=150000","TAVANO MECHANICAL SYSTEMS, LLC, 270 Comunications Way, HYANNIS 02601-1883; group: same legal name + same ZIP (street spelling differs)",source record,20261007T202810Z,20261007T202838Z,yes
biz-039,SBA_PPP_150K_PLUS,6195238301,SBA PPP FOIA - loans $150K and above,https://data.sba.gov/sites/default/files/distribution/SBA-OCA-2022-07-001/public_150k_plus_240930.csv,2026-10-07,3760a581dc3fd7ca12d09996aa360d749e075bcac517e5a6f7e92ae447a1cb8c,loan approved 01/26/2021; SBA data as of 2024-09-30,"filter BorrowerState=MA, NAICSCode=238220, CurrentApprovalAmount>=150000","TAVANO MECHANICAL SYSTEMS, LLC, 270 Communication Way Unit 1B, Hyannis 02601-1883; group: same legal name + same ZIP (street spelling differs)",source record,20261007T202810Z,20261007T202838Z,yes
biz-040,SBA_PPP_150K_PLUS,5100887000,SBA PPP FOIA - loans $150K and above,https://data.sba.gov/sites/default/files/distribution/SBA-OCA-2022-07-001/public_150k_plus_240930.csv,2026-10-07,3760a581dc3fd7ca12d09996aa360d749e075bcac517e5a6f7e92ae447a1cb8c,loan approved 04/05/2020; SBA data as of 2024-09-30,"filter BorrowerState=MA, NAICSCode=238220, CurrentApprovalAmount>=150000","O'CONNELL PLUMBING, INC., 19A LARCHMONT RD, SALEM 01970-2419; group: single loan",source record,20261007T202810Z,20261007T202838Z,yes
biz-041,SBA_PPP_150K_PLUS,3976138403,SBA PPP FOIA - loans $150K and above,https://data.sba.gov/sites/default/files/distribution/SBA-OCA-2022-07-001/public_150k_plus_240930.csv,2026-10-07,3760a581dc3fd7ca12d09996aa360d749e075bcac517e5a6f7e92ae447a1cb8c,loan approved 02/05/2021; SBA data as of 2024-09-30,"filter BorrowerState=MA, NAICSCode=238220, CurrentApprovalAmount>=150000","CASWELL MECHANICAL INC., 24 Graf Rd, Newburyport 01950-4015; group: same legal name + same street address + ZIP",source record,20261007T202810Z,20261007T202838Z,yes
biz-041,SBA_PPP_150K_PLUS,5115257002,SBA PPP FOIA - loans $150K and above,https://data.sba.gov/sites/default/files/distribution/SBA-OCA-2022-07-001/public_150k_plus_240930.csv,2026-10-07,3760a581dc3fd7ca12d09996aa360d749e075bcac517e5a6f7e92ae447a1cb8c,loan approved 04/05/2020; SBA data as of 2024-09-30,"filter BorrowerState=MA, NAICSCode=238220, CurrentApprovalAmount>=150000","CASWELL MECHANICAL, INC., 24 Graf Road, NEWBURYPORT 01950; group: same legal name + same street address + ZIP",source record,20261007T202810Z,20261007T202838Z,yes
biz-042,SBA_PPP_150K_PLUS,5146817007,SBA PPP FOIA - loans $150K and above,https://data.sba.gov/sites/default/files/distribution/SBA-OCA-2022-07-001/public_150k_plus_240930.csv,2026-10-07,3760a581dc3fd7ca12d09996aa360d749e075bcac517e5a6f7e92ae447a1cb8c,loan approved 04/05/2020; SBA data as of 2024-09-30,"filter BorrowerState=MA, NAICSCode=238220, CurrentApprovalAmount>=150000","CHATHAM SHEETMETAL, INC., 28 Village Landing P.O. BOX 1467, WEST CHATHAM 02633-1882; group: single loan",source record,20261007T202810Z,20261007T202838Z,yes
biz-043,SBA_PPP_150K_PLUS,5179507004,SBA PPP FOIA - loans $150K and above,https://data.sba.gov/sites/default/files/distribution/SBA-OCA-2022-07-001/public_150k_plus_240930.csv,2026-10-07,3760a581dc3fd7ca12d09996aa360d749e075bcac517e5a6f7e92ae447a1cb8c,loan approved 04/05/2020; SBA data as of 2024-09-30,"filter BorrowerState=MA, NAICSCode=238220, CurrentApprovalAmount>=150000","LC MECHANICAL, INC, 147 HYACINTH ST, FALL RIVER 02720-7600; group: single loan",source record,20261007T202810Z,20261007T202838Z,yes
biz-044,SBA_PPP_150K_PLUS,5197667010,SBA PPP FOIA - loans $150K and above,https://data.sba.gov/sites/default/files/distribution/SBA-OCA-2022-07-001/public_150k_plus_240930.csv,2026-10-07,3760a581dc3fd7ca12d09996aa360d749e075bcac517e5a6f7e92ae447a1cb8c,loan approved 04/05/2020; SBA data as of 2024-09-30,"filter BorrowerState=MA, NAICSCode=238220, CurrentApprovalAmount>=150000","SUBURBAN HVAC, INC., 16 Southwest Park, WESTWOOD 02090-1726; group: single loan",source record,20261007T202810Z,20261007T202838Z,yes
biz-045,SBA_PPP_150K_PLUS,5204827009,SBA PPP FOIA - loans $150K and above,https://data.sba.gov/sites/default/files/distribution/SBA-OCA-2022-07-001/public_150k_plus_240930.csv,2026-10-07,3760a581dc3fd7ca12d09996aa360d749e075bcac517e5a6f7e92ae447a1cb8c,loan approved 04/05/2020; SBA data as of 2024-09-30,"filter BorrowerState=MA, NAICSCode=238220, CurrentApprovalAmount>=150000","SUBURBAN SERVICE CORPORATION OF NORWOOD, 16 Southwest Park, WESTWOOD 02090-1726; group: single loan",source record,20261007T202810Z,20261007T202838Z,yes
biz-046,SBA_PPP_150K_PLUS,5219627000,SBA PPP FOIA - loans $150K and above,https://data.sba.gov/sites/default/files/distribution/SBA-OCA-2022-07-001/public_150k_plus_240930.csv,2026-10-07,3760a581dc3fd7ca12d09996aa360d749e075bcac517e5a6f7e92ae447a1cb8c,loan approved 04/05/2020; SBA data as of 2024-09-30,"filter BorrowerState=MA, NAICSCode=238220, CurrentApprovalAmount>=150000","ADVANCED ENERGY CONCEPTS OF WORCESTER INC, 151 SOUTHBRIDGE ST, AUBURN 01501-2503; group: same legal name + same street address + ZIP",source record,20261007T202810Z,20261007T202838Z,yes
biz-046,SBA_PPP_150K_PLUS,6245988400,SBA PPP FOIA - loans $150K and above,https://data.sba.gov/sites/default/files/distribution/SBA-OCA-2022-07-001/public_150k_plus_240930.csv,2026-10-07,3760a581dc3fd7ca12d09996aa360d749e075bcac517e5a6f7e92ae447a1cb8c,loan approved 02/10/2021; SBA data as of 2024-09-30,"filter BorrowerState=MA, NAICSCode=238220, CurrentApprovalAmount>=150000","ADVANCED ENERGY CONCEPTS OF WORCESTER INC, 151 Southbridge St Ste 2, Auburn 01501-2679; group: same legal name + same street address + ZIP",source record,20261007T202810Z,20261007T202838Z,yes
biz-047,SBA_PPP_150K_PLUS,5222967009,SBA PPP FOIA - loans $150K and above,https://data.sba.gov/sites/default/files/distribution/SBA-OCA-2022-07-001/public_150k_plus_240930.csv,2026-10-07,3760a581dc3fd7ca12d09996aa360d749e075bcac517e5a6f7e92ae447a1cb8c,loan approved 04/05/2020; SBA data as of 2024-09-30,"filter BorrowerState=MA, NAICSCode=238220, CurrentApprovalAmount>=150000","HVACR SERVICE CONTRACTORS, INC ., 29 Sword Street, AUBURN 01501-2146; group: single loan",source record,20261007T202810Z,20261007T202838Z,yes
biz-048,SBA_PPP_150K_PLUS,5275727000,SBA PPP FOIA - loans $150K and above,https://data.sba.gov/sites/default/files/distribution/SBA-OCA-2022-07-001/public_150k_plus_240930.csv,2026-10-07,3760a581dc3fd7ca12d09996aa360d749e075bcac517e5a6f7e92ae447a1cb8c,loan approved 04/05/2020; SBA data as of 2024-09-30,"filter BorrowerState=MA, NAICSCode=238220, CurrentApprovalAmount>=150000","NEW ENGLAND DUCTLESS, INC., 41 Hollingsworth Street, MATTAPAN 02126-2019; group: single loan",source record,20261007T202810Z,20261007T202838Z,yes
biz-049,SBA_PPP_150K_PLUS,5376167008,SBA PPP FOIA - loans $150K and above,https://data.sba.gov/sites/default/files/distribution/SBA-OCA-2022-07-001/public_150k_plus_240930.csv,2026-10-07,3760a581dc3fd7ca12d09996aa360d749e075bcac517e5a6f7e92ae447a1cb8c,loan approved 04/05/2020; SBA data as of 2024-09-30,"filter BorrowerState=MA, NAICSCode=238220, CurrentApprovalAmount>=150000","BOSTON STANDARD PLUMBING & HEATING INCORPORATED, 41 Hollingsworth Street, Mattapan 02186; group: single loan",source record,20261007T202810Z,20261007T202838Z,yes
biz-050,SBA_PPP_150K_PLUS,5432307008,SBA PPP FOIA - loans $150K and above,https://data.sba.gov/sites/default/files/distribution/SBA-OCA-2022-07-001/public_150k_plus_240930.csv,2026-10-07,3760a581dc3fd7ca12d09996aa360d749e075bcac517e5a6f7e92ae447a1cb8c,loan approved 04/05/2020; SBA data as of 2024-09-30,"filter BorrowerState=MA, NAICSCode=238220, CurrentApprovalAmount>=150000","NASHOBA AIR, INC., 527 GREAT RD, LITTLETON 01460-1208; group: single loan",source record,20261007T202810Z,20261007T202838Z,yes
biz-051,SBA_PPP_150K_PLUS,5562727003,SBA PPP FOIA - loans $150K and above,https://data.sba.gov/sites/default/files/distribution/SBA-OCA-2022-07-001/public_150k_plus_240930.csv,2026-10-07,3760a581dc3fd7ca12d09996aa360d749e075bcac517e5a6f7e92ae447a1cb8c,loan approved 04/05/2020; SBA data as of 2024-09-30,"filter BorrowerState=MA, NAICSCode=238220, CurrentApprovalAmount>=150000","MILLTOWN PLUMBING & HEATING, INC., 131 STEADMAN ST #6, CHELMSFORD 01824-1868; group: single loan",source record,20261007T202810Z,20261007T202838Z,yes
biz-052,SBA_PPP_150K_PLUS,5630827001,SBA PPP FOIA - loans $150K and above,https://data.sba.gov/sites/default/files/distribution/SBA-OCA-2022-07-001/public_150k_plus_240930.csv,2026-10-07,3760a581dc3fd7ca12d09996aa360d749e075bcac517e5a6f7e92ae447a1cb8c,loan approved 04/06/2020; SBA data as of 2024-09-30,"filter BorrowerState=MA, NAICSCode=238220, CurrentApprovalAmount>=150000","BOUCHER ENERGY SYSTEMS, INC, 88 MILLVILLE, MENDON 01756-1269; group: single loan",source record,20261007T202810Z,20261007T202838Z,yes
biz-053,SBA_PPP_150K_PLUS,5657697010,SBA PPP FOIA - loans $150K and above,https://data.sba.gov/sites/default/files/distribution/SBA-OCA-2022-07-001/public_150k_plus_240930.csv,2026-10-07,3760a581dc3fd7ca12d09996aa360d749e075bcac517e5a6f7e92ae447a1cb8c,loan approved 04/06/2020; SBA data as of 2024-09-30,"filter BorrowerState=MA, NAICSCode=238220, CurrentApprovalAmount>=150000","MAGUIRE COMPANY, 254 ADAMS STREET, NEWTON 02458-1204; group: single loan",source record,20261007T202810Z,20261007T202838Z,yes
biz-054,DOL_FORM_5500_SF_2025,201722721-001 ACK 20260817105429NAL0015829985001,DOL Form 5500-SF dataset 2025 (Latest),https://askebsa.dol.gov/FOIA%20Files/2025/Latest/F_5500_SF_2025_Latest.zip,2026-10-07,2db4677bd93455ccc082d378fdd56594ac90ca0fc6f2da1639a15aea8ed3e94d,plan year 2025-01-01..2025-12-31; received 2026-08-17,EIN and/or sponsor name + address,"sponsor name 'ATCO PLUMBING AND MECHANICAL, LLC' matches; sponsor address corroborates (93 WEAVER ST, FALL RIVER MA 027201309)",medium,20261007T202810Z,20261007T202838Z,yes
biz-054,SBA_PPP_150K_PLUS,5670227003,SBA PPP FOIA - loans $150K and above,https://data.sba.gov/sites/default/files/distribution/SBA-OCA-2022-07-001/public_150k_plus_240930.csv,2026-10-07,3760a581dc3fd7ca12d09996aa360d749e075bcac517e5a6f7e92ae447a1cb8c,loan approved 04/06/2020; SBA data as of 2024-09-30,"filter BorrowerState=MA, NAICSCode=238220, CurrentApprovalAmount>=150000","ATCO PLUMBING AND MECHANICAL, LLC, 93 Weaver Street, FALL RIVER 02720-1309; group: single loan",source record,20261007T202810Z,20261007T202838Z,yes
biz-055,DOL_FORM_5500_2024,043280350-001 ACK 20251014145911NAL0001545427001,DOL Form 5500 dataset 2024 (Latest),https://askebsa.dol.gov/FOIA%20Files/2024/Latest/F_5500_2024_Latest.zip,2026-10-07,8884391d48a9e362fd7d2b91d6e37430bd2e54355c9dbc3479985c9d876872f8,plan year 2024-01-01..2024-12-31; received 2025-10-14,EIN and/or sponsor name + address,"sponsor name 'MACCORMACK PLUMBING INC' matches; sponsor address corroborates (17 BRIDGE ST STE 104, BILLERICA MA 018211000)",medium,20261007T202810Z,20261007T202838Z,yes
biz-055,SBA_PPP_150K_PLUS,5686027007,SBA PPP FOIA - loans $150K and above,https://data.sba.gov/sites/default/files/distribution/SBA-OCA-2022-07-001/public_150k_plus_240930.csv,2026-10-07,3760a581dc3fd7ca12d09996aa360d749e075bcac517e5a6f7e92ae447a1cb8c,loan approved 04/06/2020; SBA data as of 2024-09-30,"filter BorrowerState=MA, NAICSCode=238220, CurrentApprovalAmount>=150000","MACCORMACK PLUMBING INC., 17 BRIDGE ST Suite 104, BILLERICA 01821-1000; group: single loan",source record,20261007T202810Z,20261007T202838Z,yes
biz-056,SBA_PPP_150K_PLUS,2986038309,SBA PPP FOIA - loans $150K and above,https://data.sba.gov/sites/default/files/distribution/SBA-OCA-2022-07-001/public_150k_plus_240930.csv,2026-10-07,3760a581dc3fd7ca12d09996aa360d749e075bcac517e5a6f7e92ae447a1cb8c,loan approved 01/21/2021; SBA data as of 2024-09-30,"filter BorrowerState=MA, NAICSCode=238220, CurrentApprovalAmount>=150000","PIPING SYSTEMS INC, 32 Mill St, Assonet 02702-1104; group: same legal name + same ZIP (street spelling differs)",source record,20261007T202810Z,20261007T202838Z,yes
biz-056,SBA_PPP_150K_PLUS,5690417009,SBA PPP FOIA - loans $150K and above,https://data.sba.gov/sites/default/files/distribution/SBA-OCA-2022-07-001/public_150k_plus_240930.csv,2026-10-07,3760a581dc3fd7ca12d09996aa360d749e075bcac517e5a6f7e92ae447a1cb8c,loan approved 04/06/2020; SBA data as of 2024-09-30,"filter BorrowerState=MA, NAICSCode=238220, CurrentApprovalAmount>=150000","PIPING SYSTEMS INC., 32 Mill Street PO Box 409, ASSONET 02702; group: same legal name + same ZIP (street spelling differs)",source record,20261007T202810Z,20261007T202838Z,yes
biz-057,SBA_PPP_150K_PLUS,5705397009,SBA PPP FOIA - loans $150K and above,https://data.sba.gov/sites/default/files/distribution/SBA-OCA-2022-07-001/public_150k_plus_240930.csv,2026-10-07,3760a581dc3fd7ca12d09996aa360d749e075bcac517e5a6f7e92ae447a1cb8c,loan approved 04/06/2020; SBA data as of 2024-09-30,"filter BorrowerState=MA, NAICSCode=238220, CurrentApprovalAmount>=150000","GUSTAFSON PLUMBERS INC, 1035 MILLBURY ST, WORCESTER 01607-1494; group: single loan",source record,20261007T202810Z,20261007T202838Z,yes
biz-058,DOL_FORM_5500_SF_2025,042900232-001 ACK 20260728130846NAL0032469298001,DOL Form 5500-SF dataset 2025 (Latest),https://askebsa.dol.gov/FOIA%20Files/2025/Latest/F_5500_SF_2025_Latest.zip,2026-10-07,2db4677bd93455ccc082d378fdd56594ac90ca0fc6f2da1639a15aea8ed3e94d,plan year 2025-01-01..2025-12-31; received 2026-07-28,EIN and/or sponsor name + address,"sponsor name 'AMERICAN PLUMBING & HEATING CO' matches; sponsor address corroborates (1000 CORDWAINER DR, NORWELL MA 020611631)",medium,20261007T202810Z,20261007T202838Z,yes
biz-058,SBA_PPP_150K_PLUS,5267218301,SBA PPP FOIA - loans $150K and above,https://data.sba.gov/sites/default/files/distribution/SBA-OCA-2022-07-001/public_150k_plus_240930.csv,2026-10-07,3760a581dc3fd7ca12d09996aa360d749e075bcac517e5a6f7e92ae447a1cb8c,loan approved 01/25/2021; SBA data as of 2024-09-30,"filter BorrowerState=MA, NAICSCode=238220, CurrentApprovalAmount>=150000","AMERICAN PLUMBING & HEATING CORP., 1000 Cordwainer Dr, Norwell 02061-1631; group: same legal name + same ZIP (street spelling differs)",source record,20261007T202810Z,20261007T202838Z,yes
biz-058,SBA_PPP_150K_PLUS,5742577003,SBA PPP FOIA - loans $150K and above,https://data.sba.gov/sites/default/files/distribution/SBA-OCA-2022-07-001/public_150k_plus_240930.csv,2026-10-07,3760a581dc3fd7ca12d09996aa360d749e075bcac517e5a6f7e92ae447a1cb8c,loan approved 04/06/2020; SBA data as of 2024-09-30,"filter BorrowerState=MA, NAICSCode=238220, CurrentApprovalAmount>=150000","AMERICAN PLUMBING AND HEATING CORP, 1000 Cordwainer, NORWELL 02061-1631; group: same legal name + same ZIP (street spelling differs)",source record,20261007T202810Z,20261007T202838Z,yes
biz-059,DOL_FORM_5500_SF_2024,042635965-001 ACK 20250902135202NAL0024539904001,DOL Form 5500-SF dataset 2024 (Latest),https://askebsa.dol.gov/FOIA%20Files/2024/Latest/F_5500_SF_2024_Latest.zip,2026-10-07,11370908e2bbc78d1d418b2f2a2177875e0524c12b69a181432d6fd65a5966c3,plan year 2024-01-01..2024-12-31; received 2025-09-02,EIN and/or sponsor name + address,"sponsor name 'ACCUTEMP ENGINEERING, INC.' matches; sponsor address corroborates (100 MAPLE STREET, BLDG. B, STONEHAM MA 02180)",medium,20261007T202810Z,20261007T202838Z,yes
biz-059,SBA_PPP_150K_PLUS,5803937009,SBA PPP FOIA - loans $150K and above,https://data.sba.gov/sites/default/files/distribution/SBA-OCA-2022-07-001/public_150k_plus_240930.csv,2026-10-07,3760a581dc3fd7ca12d09996aa360d749e075bcac517e5a6f7e92ae447a1cb8c,loan approved 04/06/2020; SBA data as of 2024-09-30,"filter BorrowerState=MA, NAICSCode=238220, CurrentApprovalAmount>=150000","ACCUTEMP ENGINEERING INC., 100 Maple Street Bldg B, STONEHAM 02180-3143; group: single loan",source record,20261007T202810Z,20261007T202838Z,yes
biz-060,DOL_FORM_5500_SF_2025,042704730-001 ACK 20260605205808NAL0002145665001,DOL Form 5500-SF dataset 2025 (Latest),https://askebsa.dol.gov/FOIA%20Files/2025/Latest/F_5500_SF_2025_Latest.zip,2026-10-07,2db4677bd93455ccc082d378fdd56594ac90ca0fc6f2da1639a15aea8ed3e94d,plan year 2025-01-01..2025-12-31; received 2026-06-05,EIN and/or sponsor name + address,"sponsor name 'WALTER SMITH PLUMBING & HEATING, INC.' matches; sponsor ZIP corroborates (EDGARTOWN MA 02539)",medium,20261007T202810Z,20261007T202838Z,yes
biz-060,SBA_PPP_150K_PLUS,5815267006,SBA PPP FOIA - loans $150K and above,https://data.sba.gov/sites/default/files/distribution/SBA-OCA-2022-07-001/public_150k_plus_240930.csv,2026-10-07,3760a581dc3fd7ca12d09996aa360d749e075bcac517e5a6f7e92ae447a1cb8c,loan approved 04/06/2020; SBA data as of 2024-09-30,"filter BorrowerState=MA, NAICSCode=238220, CurrentApprovalAmount>=150000","WALTER SMITH PLUMBING & HEATING, INC., 8 Weeks Lane, EDGARTOWN 02539-6703; group: single loan",source record,20261007T202810Z,20261007T202838Z,yes
biz-061,SBA_PPP_150K_PLUS,5830197007,SBA PPP FOIA - loans $150K and above,https://data.sba.gov/sites/default/files/distribution/SBA-OCA-2022-07-001/public_150k_plus_240930.csv,2026-10-07,3760a581dc3fd7ca12d09996aa360d749e075bcac517e5a6f7e92ae447a1cb8c,loan approved 04/06/2020; SBA data as of 2024-09-30,"filter BorrowerState=MA, NAICSCode=238220, CurrentApprovalAmount>=150000","KINGSTON PLUMBING & HEATING, INC., 100 Ferncroft Rd Suite 201, DANVERS 01923-4027; group: same legal name + same ZIP (street spelling differs)",source record,20261007T202810Z,20261007T202838Z,yes
biz-061,SBA_PPP_150K_PLUS,8622068401,SBA PPP FOIA - loans $150K and above,https://data.sba.gov/sites/default/files/distribution/SBA-OCA-2022-07-001/public_150k_plus_240930.csv,2026-10-07,3760a581dc3fd7ca12d09996aa360d749e075bcac517e5a6f7e92ae447a1cb8c,loan approved 02/13/2021; SBA data as of 2024-09-30,"filter BorrowerState=MA, NAICSCode=238220, CurrentApprovalAmount>=150000","KINGSTON PLUMBING & HEATING INC, 7 Ryan Rd, Danvers 01923-2631; group: same legal name + same ZIP (street spelling differs)",source record,20261007T202810Z,20261007T202838Z,yes
biz-062,DOL_FORM_5500_SF_2025,202320726-001 ACK 20260226100306NAL0010405762001,DOL Form 5500-SF dataset 2025 (Latest),https://askebsa.dol.gov/FOIA%20Files/2025/Latest/F_5500_SF_2025_Latest.zip,2026-10-07,2db4677bd93455ccc082d378fdd56594ac90ca0fc6f2da1639a15aea8ed3e94d,plan year 2025-01-01..2025-12-31; received 2026-02-26,EIN and/or sponsor name + address,"sponsor name 'BL MECHANICAL, INC.' matches; sponsor address corroborates (726 QUAKER HIGHWAY, UXBRIDGE MA 01569)",medium,20261007T202810Z,20261007T202838Z,yes
biz-062,SBA_PPP_150K_PLUS,5834827003,SBA PPP FOIA - loans $150K and above,https://data.sba.gov/sites/default/files/distribution/SBA-OCA-2022-07-001/public_150k_plus_240930.csv,2026-10-07,3760a581dc3fd7ca12d09996aa360d749e075bcac517e5a6f7e92ae447a1cb8c,loan approved 04/06/2020; SBA data as of 2024-09-30,"filter BorrowerState=MA, NAICSCode=238220, CurrentApprovalAmount>=150000","B.L. MECHANICAL, INC., 726 Quaker Highway, UXBRIDGE 01569-2227; group: single loan",source record,20261007T202810Z,20261007T202838Z,yes
biz-063,DOL_FORM_5500_SF_2024,043111642-001 ACK 20260813081454NAL0009256931001,DOL Form 5500-SF dataset 2024 (Latest),https://askebsa.dol.gov/FOIA%20Files/2024/Latest/F_5500_SF_2024_Latest.zip,2026-10-07,11370908e2bbc78d1d418b2f2a2177875e0524c12b69a181432d6fd65a5966c3,plan year 2024-11-01..2025-10-31; received 2026-08-13,EIN and/or sponsor name + address,"sponsor name 'MCCUSKER-GILL, INC.' matches; sponsor address corroborates (60 RESEARCH ROAD, HINGHAM MA 02043)",medium,20261007T202810Z,20261007T202838Z,yes
biz-063,SBA_PPP_150K_PLUS,5861077009,SBA PPP FOIA - loans $150K and above,https://data.sba.gov/sites/default/files/distribution/SBA-OCA-2022-07-001/public_150k_plus_240930.csv,2026-10-07,3760a581dc3fd7ca12d09996aa360d749e075bcac517e5a6f7e92ae447a1cb8c,loan approved 04/06/2020; SBA data as of 2024-09-30,"filter BorrowerState=MA, NAICSCode=238220, CurrentApprovalAmount>=150000","MCCUSKER-GILL INC, 60 RESEARCH RD, HINGHAM 02043-4310; group: single loan",source record,20261007T202810Z,20261007T202838Z,yes
biz-064,SBA_PPP_150K_PLUS,5869527007,SBA PPP FOIA - loans $150K and above,https://data.sba.gov/sites/default/files/distribution/SBA-OCA-2022-07-001/public_150k_plus_240930.csv,2026-10-07,3760a581dc3fd7ca12d09996aa360d749e075bcac517e5a6f7e92ae447a1cb8c,loan approved 04/06/2020; SBA data as of 2024-09-30,"filter BorrowerState=MA, NAICSCode=238220, CurrentApprovalAmount>=150000","NEW ENGLAND COOLING TOWERS, INC., 69 WESTECH DR, TYNGSBORO 01879-2720; group: single loan",source record,20261007T202810Z,20261007T202838Z,yes
biz-065,DOL_FORM_5500_SF_2025,043034257-001 ACK 20260720143853NAL0007119843001,DOL Form 5500-SF dataset 2025 (Latest),https://askebsa.dol.gov/FOIA%20Files/2025/Latest/F_5500_SF_2025_Latest.zip,2026-10-07,2db4677bd93455ccc082d378fdd56594ac90ca0fc6f2da1639a15aea8ed3e94d,plan year 2025-01-01..2025-12-31; received 2026-07-20,EIN and/or sponsor name + address,"sponsor name 'EMOND PLUMBING & HEATING, INC' matches; sponsor address corroborates (555 WINTHROP STREET, TAUNTON MA 027802714)",medium,20261007T202810Z,20261007T202838Z,yes
biz-065,DOL_FORM_5500_SF_2025,043034257-003 ACK 20260720143650NAL0009689025001,DOL Form 5500-SF dataset 2025 (Latest),https://askebsa.dol.gov/FOIA%20Files/2025/Latest/F_5500_SF_2025_Latest.zip,2026-10-07,2db4677bd93455ccc082d378fdd56594ac90ca0fc6f2da1639a15aea8ed3e94d,plan year 2025-01-01..2025-12-31; received 2026-07-20,EIN and/or sponsor name + address,"sponsor name 'EMOND PLUMBING & HEATING, INC.' matches; sponsor address corroborates (555 WINTHROP STREET, TAUNTON MA 027802714)",medium,20261007T202810Z,20261007T202838Z,yes
biz-065,SBA_PPP_150K_PLUS,5878337000,SBA PPP FOIA - loans $150K and above,https://data.sba.gov/sites/default/files/distribution/SBA-OCA-2022-07-001/public_150k_plus_240930.csv,2026-10-07,3760a581dc3fd7ca12d09996aa360d749e075bcac517e5a6f7e92ae447a1cb8c,loan approved 04/06/2020; SBA data as of 2024-09-30,"filter BorrowerState=MA, NAICSCode=238220, CurrentApprovalAmount>=150000","EMOND PLUMBING & HEATING, INC, 555 WINTHROP ST, TAUNTON 02780-2166; group: single loan",source record,20261007T202810Z,20261007T202838Z,yes
biz-066,DOL_FORM_5500_SF_2025,471153791-001 ACK 20260623001113NAL0008186448001,DOL Form 5500-SF dataset 2025 (Latest),https://askebsa.dol.gov/FOIA%20Files/2025/Latest/F_5500_SF_2025_Latest.zip,2026-10-07,2db4677bd93455ccc082d378fdd56594ac90ca0fc6f2da1639a15aea8ed3e94d,plan year 2025-01-01..2025-12-31; received 2026-06-23,EIN and/or sponsor name + address,"sponsor name 'SIGMA MECHANICAL SERVICES, LLC' matches; sponsor address corroborates (25 ROCKWOOD ROAD, MARSHFIELD MA 02050)",medium,20261007T202810Z,20261007T202838Z,yes
biz-066,SBA_PPP_150K_PLUS,5913067009,SBA PPP FOIA - loans $150K and above,https://data.sba.gov/sites/default/files/distribution/SBA-OCA-2022-07-001/public_150k_plus_240930.csv,2026-10-07,3760a581dc3fd7ca12d09996aa360d749e075bcac517e5a6f7e92ae447a1cb8c,loan approved 04/06/2020; SBA data as of 2024-09-30,"filter BorrowerState=MA, NAICSCode=238220, CurrentApprovalAmount>=150000","SIGMA MECHANICAL SERVICES, LLC, 25 ROCKWOOD RD, MARSHFIELD 02050-2104; group: single loan",source record,20261007T202810Z,20261007T202838Z,yes
biz-067,DOL_FORM_5500_SF_2025,262617565-001 ACK 20260730031820NAL0022678833001,DOL Form 5500-SF dataset 2025 (Latest),https://askebsa.dol.gov/FOIA%20Files/2025/Latest/F_5500_SF_2025_Latest.zip,2026-10-07,2db4677bd93455ccc082d378fdd56594ac90ca0fc6f2da1639a15aea8ed3e94d,plan year 2025-01-01..2025-12-31; received 2026-07-30,EIN and/or sponsor name + address,"sponsor name 'WORCESTER AIR CONDITIONING CO., LLC' matches; sponsor ZIP corroborates (ASHLAND MA 017210228)",medium,20261007T202810Z,20261007T202838Z,yes
biz-067,SBA_PPP_150K_PLUS,5950127002,SBA PPP FOIA - loans $150K and above,https://data.sba.gov/sites/default/files/distribution/SBA-OCA-2022-07-001/public_150k_plus_240930.csv,2026-10-07,3760a581dc3fd7ca12d09996aa360d749e075bcac517e5a6f7e92ae447a1cb8c,loan approved 04/06/2020; SBA data as of 2024-09-30,"filter BorrowerState=MA, NAICSCode=238220, CurrentApprovalAmount>=150000","WORCESTER AIR CONDITIONING, LLC, 148 Pleasant St, ASHLAND 01721-1145; group: single loan",source record,20261007T202810Z,20261007T202838Z,yes
biz-068,SBA_PPP_150K_PLUS,5978867003,SBA PPP FOIA - loans $150K and above,https://data.sba.gov/sites/default/files/distribution/SBA-OCA-2022-07-001/public_150k_plus_240930.csv,2026-10-07,3760a581dc3fd7ca12d09996aa360d749e075bcac517e5a6f7e92ae447a1cb8c,loan approved 04/06/2020; SBA data as of 2024-09-30,"filter BorrowerState=MA, NAICSCode=238220, CurrentApprovalAmount>=150000","EMPIRE ENGINEERING CO., INC., 263 REVERE ST, CANTON 02021-2921; group: same legal name + same street address + ZIP",source record,20261007T202810Z,20261007T202838Z,yes
biz-068,SBA_PPP_150K_PLUS,9322228306,SBA PPP FOIA - loans $150K and above,https://data.sba.gov/sites/default/files/distribution/SBA-OCA-2022-07-001/public_150k_plus_240930.csv,2026-10-07,3760a581dc3fd7ca12d09996aa360d749e075bcac517e5a6f7e92ae447a1cb8c,loan approved 01/30/2021; SBA data as of 2024-09-30,"filter BorrowerState=MA, NAICSCode=238220, CurrentApprovalAmount>=150000","EMPIRE ENGINEERING CO. INC, 263 Revere St, Canton 02021-2921; group: same legal name + same street address + ZIP",source record,20261007T202810Z,20261007T202838Z,yes
biz-069,DOL_FORM_5500_SF_2025,043293270-001 ACK 20260609121438NAL0004393363001,DOL Form 5500-SF dataset 2025 (Latest),https://askebsa.dol.gov/FOIA%20Files/2025/Latest/F_5500_SF_2025_Latest.zip,2026-10-07,2db4677bd93455ccc082d378fdd56594ac90ca0fc6f2da1639a15aea8ed3e94d,plan year 2025-01-01..2025-12-31; received 2026-06-09,EIN and/or sponsor name + address,"sponsor name 'BELMONT ENERGY CORPORATION' matches; sponsor address corroborates (42 BRIGHTON STREET, BELMONT MA 02478)",medium,20261007T202810Z,20261007T202838Z,yes
biz-069,SBA_PPP_150K_PLUS,6027697010,SBA PPP FOIA - loans $150K and above,https://data.sba.gov/sites/default/files/distribution/SBA-OCA-2022-07-001/public_150k_plus_240930.csv,2026-10-07,3760a581dc3fd7ca12d09996aa360d749e075bcac517e5a6f7e92ae447a1cb8c,loan approved 04/06/2020; SBA data as of 2024-09-30,"filter BorrowerState=MA, NAICSCode=238220, CurrentApprovalAmount>=150000","BELMONT ENERGY CORPORATION, 42 Brighton St, BELMONT 02478-4172; group: single loan",source record,20261007T202810Z,20261007T202838Z,yes
biz-070,DOL_FORM_5500_SF_2024,042496994-002 ACK 20260427092644NAL0004756867001,DOL Form 5500-SF dataset 2024 (Latest),https://askebsa.dol.gov/FOIA%20Files/2024/Latest/F_5500_SF_2024_Latest.zip,2026-10-07,11370908e2bbc78d1d418b2f2a2177875e0524c12b69a181432d6fd65a5966c3,plan year 2024-10-01..2025-09-30; received 2026-04-27,EIN and/or sponsor name + address,"sponsor name 'PATRICK J. KENNEDY & SONS, INC.' matches; sponsor address corroborates (39 GIBSON STREET, DORCHESTER MA 02122)",medium,20261007T202810Z,20261007T202838Z,yes
biz-070,SBA_PPP_150K_PLUS,6162547003,SBA PPP FOIA - loans $150K and above,https://data.sba.gov/sites/default/files/distribution/SBA-OCA-2022-07-001/public_150k_plus_240930.csv,2026-10-07,3760a581dc3fd7ca12d09996aa360d749e075bcac517e5a6f7e92ae447a1cb8c,loan approved 04/06/2020; SBA data as of 2024-09-30,"filter BorrowerState=MA, NAICSCode=238220, CurrentApprovalAmount>=150000","PATRICK J KENNEDY & SONS, INC, 39 GIBSON ST, DORCHESTER 02122-1222; group: single loan",source record,20261007T202810Z,20261007T202838Z,yes
biz-071,DOL_FORM_5500_SF_2025,824038519-002 ACK 20260826082421NAL0000143234001,DOL Form 5500-SF dataset 2025 (Latest),https://askebsa.dol.gov/FOIA%20Files/2025/Latest/F_5500_SF_2025_Latest.zip,2026-10-07,2db4677bd93455ccc082d378fdd56594ac90ca0fc6f2da1639a15aea8ed3e94d,plan year 2025-01-01..2025-12-31; received 2026-08-26,EIN and/or sponsor name + address,"sponsor name 'COMMONWEALTH HOME SERVICES, INC.' matches; sponsor ZIP corroborates (IPSWICH MA 01938)",medium,20261007T202810Z,20261007T202838Z,yes
biz-071,SBA_PPP_150K_PLUS,6260327000,SBA PPP FOIA - loans $150K and above,https://data.sba.gov/sites/default/files/distribution/SBA-OCA-2022-07-001/public_150k_plus_240930.csv,2026-10-07,3760a581dc3fd7ca12d09996aa360d749e075bcac517e5a6f7e92ae447a1cb8c,loan approved 04/06/2020; SBA data as of 2024-09-30,"filter BorrowerState=MA, NAICSCode=238220, CurrentApprovalAmount>=150000","COMMONWEALTH HOME SERVICES INC, 59 MITCHELL RD, IPSWICH 01938-1257; group: single loan",source record,20261007T202810Z,20261007T202838Z,yes
biz-072,SBA_PPP_150K_PLUS,6284967009,SBA PPP FOIA - loans $150K and above,https://data.sba.gov/sites/default/files/distribution/SBA-OCA-2022-07-001/public_150k_plus_240930.csv,2026-10-07,3760a581dc3fd7ca12d09996aa360d749e075bcac517e5a6f7e92ae447a1cb8c,loan approved 04/06/2020; SBA data as of 2024-09-30,"filter BorrowerState=MA, NAICSCode=238220, CurrentApprovalAmount>=150000","BOSTON SILA HEATING AND AIR CONDITIONING, LLC, 12 MANISON ST, STONEHAM 02180-3148; group: single loan",source record,20261007T202810Z,20261007T202838Z,yes
biz-073,DOL_FORM_5500_2025,042326673-001 ACK 20260715183557NAL0004714594001,DOL Form 5500 dataset 2025 (Latest),https://askebsa.dol.gov/FOIA%20Files/2025/Latest/F_5500_2025_Latest.zip,2026-10-07,9f6245cdcbb86ae167af4595bb3dba4fbf7845df98f4ccd6748aa98fa2a4e582,plan year 2025-01-01..2025-12-31; received 2026-07-15,EIN and/or sponsor name + address,"sponsor name 'E. AMANTI & SONS, INC.' matches; sponsor address corroborates (390 HIGHLAND AVE, SALEM MA 01970)",medium,20261007T202810Z,20261007T202838Z,yes
biz-073,SBA_PPP_150K_PLUS,6310667007,SBA PPP FOIA - loans $150K and above,https://data.sba.gov/sites/default/files/distribution/SBA-OCA-2022-07-001/public_150k_plus_240930.csv,2026-10-07,3760a581dc3fd7ca12d09996aa360d749e075bcac517e5a6f7e92ae447a1cb8c,loan approved 04/06/2020; SBA data as of 2024-09-30,"filter BorrowerState=MA, NAICSCode=238220, CurrentApprovalAmount>=150000","E. AMANTI & SONS, INC., 390 HIGHLAND AVE, SALEM 01970-1745; group: same legal name + same street address + ZIP",source record,20261007T202810Z,20261007T202838Z,yes
biz-073,SBA_PPP_150K_PLUS,9551868401,SBA PPP FOIA - loans $150K and above,https://data.sba.gov/sites/default/files/distribution/SBA-OCA-2022-07-001/public_150k_plus_240930.csv,2026-10-07,3760a581dc3fd7ca12d09996aa360d749e075bcac517e5a6f7e92ae447a1cb8c,loan approved 02/17/2021; SBA data as of 2024-09-30,"filter BorrowerState=MA, NAICSCode=238220, CurrentApprovalAmount>=150000","E AMANTI & SONS INC, 390 Highland Ave, Salem 01970-1745; group: same legal name + same street address + ZIP",source record,20261007T202810Z,20261007T202838Z,yes
biz-074,SBA_PPP_150K_PLUS,6369057006,SBA PPP FOIA - loans $150K and above,https://data.sba.gov/sites/default/files/distribution/SBA-OCA-2022-07-001/public_150k_plus_240930.csv,2026-10-07,3760a581dc3fd7ca12d09996aa360d749e075bcac517e5a6f7e92ae447a1cb8c,loan approved 04/06/2020; SBA data as of 2024-09-30,"filter BorrowerState=MA, NAICSCode=238220, CurrentApprovalAmount>=150000","POWDERLY & SONS PLUMBING & HEATING, INC, 572 BOSTON RD #12, BILLERICA 01821-3738; group: single loan",source record,20261007T202810Z,20261007T202838Z,yes
biz-075,SBA_PPP_150K_PLUS,6542747006,SBA PPP FOIA - loans $150K and above,https://data.sba.gov/sites/default/files/distribution/SBA-OCA-2022-07-001/public_150k_plus_240930.csv,2026-10-07,3760a581dc3fd7ca12d09996aa360d749e075bcac517e5a6f7e92ae447a1cb8c,loan approved 04/07/2020; SBA data as of 2024-09-30,"filter BorrowerState=MA, NAICSCode=238220, CurrentApprovalAmount>=150000","THERMO-DYNAMICS INTERNATIONAL, INC, 101 MARKET ST, AMESBURY 01913-1725; group: single loan",source record,20261007T202810Z,20261007T202838Z,yes
biz-076,SBA_PPP_150K_PLUS,6569557008,SBA PPP FOIA - loans $150K and above,https://data.sba.gov/sites/default/files/distribution/SBA-OCA-2022-07-001/public_150k_plus_240930.csv,2026-10-07,3760a581dc3fd7ca12d09996aa360d749e075bcac517e5a6f7e92ae447a1cb8c,loan approved 04/07/2020; SBA data as of 2024-09-30,"filter BorrowerState=MA, NAICSCode=238220, CurrentApprovalAmount>=150000","WHITNEY BROTHERS OIL CORPORATION, 696 Main St, CLINTON 01510-2430; group: single loan",source record,20261007T202810Z,20261007T202838Z,yes
biz-077,DOL_FORM_5500_SF_2025,273519866-001 ACK 20260513113111NAL0007519729004,DOL Form 5500-SF dataset 2025 (Latest),https://askebsa.dol.gov/FOIA%20Files/2025/Latest/F_5500_SF_2025_Latest.zip,2026-10-07,2db4677bd93455ccc082d378fdd56594ac90ca0fc6f2da1639a15aea8ed3e94d,plan year 2025-01-01..2025-12-31; received 2026-05-13,EIN and/or sponsor name + address,"sponsor name 'BOSTON AIR CORP.' matches; sponsor address corroborates (1595 CENTRAL ST., UNIT 2, STOUGHTON MA 02072)",medium,20261007T202810Z,20261007T202838Z,yes
biz-077,SBA_PPP_150K_PLUS,5975548405,SBA PPP FOIA - loans $150K and above,https://data.sba.gov/sites/default/files/distribution/SBA-OCA-2022-07-001/public_150k_plus_240930.csv,2026-10-07,3760a581dc3fd7ca12d09996aa360d749e075bcac517e5a6f7e92ae447a1cb8c,loan approved 02/09/2021; SBA data as of 2024-09-30,"filter BorrowerState=MA, NAICSCode=238220, CurrentApprovalAmount>=150000","BOSTON AIR CORP., 1595 Central St Ste 2, Stoughton 02072-1694; group: same legal name + same street address + ZIP",source record,20261007T202810Z,20261007T202838Z,yes
biz-077,SBA_PPP_150K_PLUS,6587977009,SBA PPP FOIA - loans $150K and above,https://data.sba.gov/sites/default/files/distribution/SBA-OCA-2022-07-001/public_150k_plus_240930.csv,2026-10-07,3760a581dc3fd7ca12d09996aa360d749e075bcac517e5a6f7e92ae447a1cb8c,loan approved 04/07/2020; SBA data as of 2024-09-30,"filter BorrowerState=MA, NAICSCode=238220, CurrentApprovalAmount>=150000","BOSTON AIR CORP., 1595 CENTRAL ST Unit #3, STOUGHTON 02072-1686; group: same legal name + same street address + ZIP",source record,20261007T202810Z,20261007T202838Z,yes
biz-078,DOL_FORM_5500_SF_2025,203474437-001 ACK 20260525124047NAL0005716323001,DOL Form 5500-SF dataset 2025 (Latest),https://askebsa.dol.gov/FOIA%20Files/2025/Latest/F_5500_SF_2025_Latest.zip,2026-10-07,2db4677bd93455ccc082d378fdd56594ac90ca0fc6f2da1639a15aea8ed3e94d,plan year 2025-01-01..2025-12-31; received 2026-05-25,EIN and/or sponsor name + address,"sponsor name 'C & C TEMP CONTROL, INC.' matches; sponsor address corroborates (167 SW CUTOFF UNIT J, WORCESTER MA 01604)",medium,20261007T202810Z,20261007T202838Z,yes
biz-078,SBA_PPP_150K_PLUS,6590227008,SBA PPP FOIA - loans $150K and above,https://data.sba.gov/sites/default/files/distribution/SBA-OCA-2022-07-001/public_150k_plus_240930.csv,2026-10-07,3760a581dc3fd7ca12d09996aa360d749e075bcac517e5a6f7e92ae447a1cb8c,loan approved 04/07/2020; SBA data as of 2024-09-30,"filter BorrowerState=MA, NAICSCode=238220, CurrentApprovalAmount>=150000","C & C TEMP CONTROL, INC., 167 SW CUTOFF, WORCESTER 01604-2728; group: single loan",source record,20261007T202810Z,20261007T202838Z,yes
biz-079,DOL_FORM_5500_SF_2025,043148602-001 ACK 20260720043512NAL0007069507001,DOL Form 5500-SF dataset 2025 (Latest),https://askebsa.dol.gov/FOIA%20Files/2025/Latest/F_5500_SF_2025_Latest.zip,2026-10-07,2db4677bd93455ccc082d378fdd56594ac90ca0fc6f2da1639a15aea8ed3e94d,plan year 2025-01-01..2025-12-31; received 2026-07-20,EIN and/or sponsor name + address,"sponsor name 'JV MECHANICAL CONTRACTORS, INC.' matches; sponsor address corroborates (929 SCHOOL ST, WEBSTER MA 01570)",medium,20261007T202810Z,20261007T202838Z,yes
biz-079,SBA_PPP_150K_PLUS,6592587004,SBA PPP FOIA - loans $150K and above,https://data.sba.gov/sites/default/files/distribution/SBA-OCA-2022-07-001/public_150k_plus_240930.csv,2026-10-07,3760a581dc3fd7ca12d09996aa360d749e075bcac517e5a6f7e92ae447a1cb8c,loan approved 04/07/2020; SBA data as of 2024-09-30,"filter BorrowerState=MA, NAICSCode=238220, CurrentApprovalAmount>=150000","JV MECHANICAL CONTRACTORS INC., 929 SCHOOL ST, WEBSTER 01570-3028; group: single loan",source record,20261007T202810Z,20261007T202838Z,yes
biz-080,SBA_PPP_150K_PLUS,6609607005,SBA PPP FOIA - loans $150K and above,https://data.sba.gov/sites/default/files/distribution/SBA-OCA-2022-07-001/public_150k_plus_240930.csv,2026-10-07,3760a581dc3fd7ca12d09996aa360d749e075bcac517e5a6f7e92ae447a1cb8c,loan approved 04/07/2020; SBA data as of 2024-09-30,"filter BorrowerState=MA, NAICSCode=238220, CurrentApprovalAmount>=150000","BAY STATE AIR, INC., 21 SPENCER ST, STONEHAM 02180-2615; group: single loan",source record,20261007T202810Z,20261007T202838Z,yes
biz-081,SBA_PPP_150K_PLUS,6664337010,SBA PPP FOIA - loans $150K and above,https://data.sba.gov/sites/default/files/distribution/SBA-OCA-2022-07-001/public_150k_plus_240930.csv,2026-10-07,3760a581dc3fd7ca12d09996aa360d749e075bcac517e5a6f7e92ae447a1cb8c,loan approved 04/07/2020; SBA data as of 2024-09-30,"filter BorrowerState=MA, NAICSCode=238220, CurrentApprovalAmount>=150000","DRY AIR SYSTEMS, INC, 62 FOREST RIDGE DR, ROWLEY 01969-2143; group: single loan",source record,20261007T202810Z,20261007T202838Z,yes
biz-082,DOL_FORM_5500_SF_2025,462451401-001 ACK 20260515061451NAL0011400144001,DOL Form 5500-SF dataset 2025 (Latest),https://askebsa.dol.gov/FOIA%20Files/2025/Latest/F_5500_SF_2025_Latest.zip,2026-10-07,2db4677bd93455ccc082d378fdd56594ac90ca0fc6f2da1639a15aea8ed3e94d,plan year 2025-01-01..2025-12-31; received 2026-05-15,EIN and/or sponsor name + address,"sponsor name 'DESIGN MECHANICAL INC' matches; sponsor address corroborates (70 TENNEY STREET, GEORGETOWN MA 01833)",medium,20261007T202810Z,20261007T202838Z,yes
biz-082,SBA_PPP_150K_PLUS,6675547009,SBA PPP FOIA - loans $150K and above,https://data.sba.gov/sites/default/files/distribution/SBA-OCA-2022-07-001/public_150k_plus_240930.csv,2026-10-07,3760a581dc3fd7ca12d09996aa360d749e075bcac517e5a6f7e92ae447a1cb8c,loan approved 04/07/2020; SBA data as of 2024-09-30,"filter BorrowerState=MA, NAICSCode=238220, CurrentApprovalAmount>=150000","DESIGN MECHANICAL INC, 70 Tenney Street, GEORGETOWN 01833-1820; group: single loan",source record,20261007T202810Z,20261007T202838Z,yes
biz-083,DOL_FORM_5500_SF_2025,043180967-001 ACK 20260216161351NAL0006664242001,DOL Form 5500-SF dataset 2025 (Latest),https://askebsa.dol.gov/FOIA%20Files/2025/Latest/F_5500_SF_2025_Latest.zip,2026-10-07,2db4677bd93455ccc082d378fdd56594ac90ca0fc6f2da1639a15aea8ed3e94d,plan year 2025-01-01..2025-12-31; received 2026-02-16,EIN and/or sponsor name + address,"sponsor name 'TOTAL TEMPERATURE CONTROL, INC.' matches; sponsor address corroborates (39 WEST WATER STREET, WAKEFIELD MA 01880)",medium,20261007T202810Z,20261007T202838Z,yes
biz-083,SBA_PPP_150K_PLUS,1293548301,SBA PPP FOIA - loans $150K and above,https://data.sba.gov/sites/default/files/distribution/SBA-OCA-2022-07-001/public_150k_plus_240930.csv,2026-10-07,3760a581dc3fd7ca12d09996aa360d749e075bcac517e5a6f7e92ae447a1cb8c,loan approved 01/16/2021; SBA data as of 2024-09-30,"filter BorrowerState=MA, NAICSCode=238220, CurrentApprovalAmount>=150000","TOTAL TEMPERATURE CONTROL, INC., 39 W Water St, Wakefield 01880-2914; group: same legal name + same street address + ZIP",source record,20261007T202810Z,20261007T202838Z,yes
biz-083,SBA_PPP_150K_PLUS,6693397005,SBA PPP FOIA - loans $150K and above,https://data.sba.gov/sites/default/files/distribution/SBA-OCA-2022-07-001/public_150k_plus_240930.csv,2026-10-07,3760a581dc3fd7ca12d09996aa360d749e075bcac517e5a6f7e92ae447a1cb8c,loan approved 04/07/2020; SBA data as of 2024-09-30,"filter BorrowerState=MA, NAICSCode=238220, CurrentApprovalAmount>=150000","TOTAL TEMPERATURE CONTROL, INC., 39 West Water Street, WAKEFIELD 01880-2914; group: same legal name + same street address + ZIP",source record,20261007T202810Z,20261007T202838Z,yes
biz-084,SBA_PPP_150K_PLUS,6731967001,SBA PPP FOIA - loans $150K and above,https://data.sba.gov/sites/default/files/distribution/SBA-OCA-2022-07-001/public_150k_plus_240930.csv,2026-10-07,3760a581dc3fd7ca12d09996aa360d749e075bcac517e5a6f7e92ae447a1cb8c,loan approved 04/07/2020; SBA data as of 2024-09-30,"filter BorrowerState=MA, NAICSCode=238220, CurrentApprovalAmount>=150000","T & J HEATING AND AIR CONDITIONING, INC, 121 mechanic st, BELLINGHAM 02019-1962; group: single loan",source record,20261007T202810Z,20261007T202838Z,yes
biz-085,DOL_FORM_5500_SF_2025,043542016-002 ACK 20260810094017NAL0006608881001,DOL Form 5500-SF dataset 2025 (Latest),https://askebsa.dol.gov/FOIA%20Files/2025/Latest/F_5500_SF_2025_Latest.zip,2026-10-07,2db4677bd93455ccc082d378fdd56594ac90ca0fc6f2da1639a15aea8ed3e94d,plan year 2025-01-01..2025-12-31; received 2026-08-10,EIN and/or sponsor name + address,"sponsor name 'ERIC C. FOSTER PLUMBING & HEATING, LLC' matches; sponsor address corroborates (145 STEDMAN STREET, CHELMSFORD MA 01824)",medium,20261007T202810Z,20261007T202838Z,yes
biz-085,SBA_PPP_150K_PLUS,6792617005,SBA PPP FOIA - loans $150K and above,https://data.sba.gov/sites/default/files/distribution/SBA-OCA-2022-07-001/public_150k_plus_240930.csv,2026-10-07,3760a581dc3fd7ca12d09996aa360d749e075bcac517e5a6f7e92ae447a1cb8c,loan approved 04/07/2020; SBA data as of 2024-09-30,"filter BorrowerState=MA, NAICSCode=238220, CurrentApprovalAmount>=150000","ERIC C. FOSTER PLUMBING & HEATING, LLC, 145 Stedman St, CHELMSFORD 01824-1869; group: single loan",source record,20261007T202810Z,20261007T202838Z,yes
biz-086,DOL_FORM_5500_SF_2024,042760544-001 ACK 20250929102332NAL0015046387001,DOL Form 5500-SF dataset 2024 (Latest),https://askebsa.dol.gov/FOIA%20Files/2024/Latest/F_5500_SF_2024_Latest.zip,2026-10-07,11370908e2bbc78d1d418b2f2a2177875e0524c12b69a181432d6fd65a5966c3,plan year 2024-01-01..2024-12-31; received 2025-09-29,EIN and/or sponsor name + address,"sponsor name 'KERMIT B SCHULZ & SONS INC' matches; sponsor address corroborates (39 NORFOLK RD, MILLIS MA 020541716)",medium,20261007T202810Z,20261007T202838Z,yes
biz-086,SBA_PPP_150K_PLUS,6834627007,SBA PPP FOIA - loans $150K and above,https://data.sba.gov/sites/default/files/distribution/SBA-OCA-2022-07-001/public_150k_plus_240930.csv,2026-10-07,3760a581dc3fd7ca12d09996aa360d749e075bcac517e5a6f7e92ae447a1cb8c,loan approved 04/07/2020; SBA data as of 2024-09-30,"filter BorrowerState=MA, NAICSCode=238220, CurrentApprovalAmount>=150000","KERMIT B. SCHULZ & SONS, INC., 39 NORFOLK RD, MILLIS 02054-1716; group: single loan",source record,20261007T202810Z,20261007T202838Z,yes
biz-087,SBA_PPP_150K_PLUS,6909407006,SBA PPP FOIA - loans $150K and above,https://data.sba.gov/sites/default/files/distribution/SBA-OCA-2022-07-001/public_150k_plus_240930.csv,2026-10-07,3760a581dc3fd7ca12d09996aa360d749e075bcac517e5a6f7e92ae447a1cb8c,loan approved 04/07/2020; SBA data as of 2024-09-30,"filter BorrowerState=MA, NAICSCode=238220, CurrentApprovalAmount>=150000","READY-ROOTER, INC., 17 Jan Sebastian Drive, Unit 16, SANDWICH 02563-2325; group: single loan",source record,20261007T202810Z,20261007T202838Z,yes
biz-088,DOL_FORM_5500_2024,043215014-001 ACK 20251014083849NAL0001126067001,DOL Form 5500 dataset 2024 (Latest),https://askebsa.dol.gov/FOIA%20Files/2024/Latest/F_5500_2024_Latest.zip,2026-10-07,8884391d48a9e362fd7d2b91d6e37430bd2e54355c9dbc3479985c9d876872f8,plan year 2024-01-01..2024-12-31; received 2025-10-14,EIN and/or sponsor name + address,"sponsor name '128 PLUMBING & HEATING, INC.' matches; sponsor address corroborates (78 FOUNDRY STREET, WAKEFIELD MA 01880)",medium,20261007T202810Z,20261007T202838Z,yes
biz-088,SBA_PPP_150K_PLUS,6933907003,SBA PPP FOIA - loans $150K and above,https://data.sba.gov/sites/default/files/distribution/SBA-OCA-2022-07-001/public_150k_plus_240930.csv,2026-10-07,3760a581dc3fd7ca12d09996aa360d749e075bcac517e5a6f7e92ae447a1cb8c,loan approved 04/07/2020; SBA data as of 2024-09-30,"filter BorrowerState=MA, NAICSCode=238220, CurrentApprovalAmount>=150000","128 PLUMBING & HEATING INC., 78 Foundry Street, WAKEFIELD 01880-3204; group: single loan",source record,20261007T202810Z,20261007T202838Z,yes
biz-089,SBA_PPP_150K_PLUS,7073327010,SBA PPP FOIA - loans $150K and above,https://data.sba.gov/sites/default/files/distribution/SBA-OCA-2022-07-001/public_150k_plus_240930.csv,2026-10-07,3760a581dc3fd7ca12d09996aa360d749e075bcac517e5a6f7e92ae447a1cb8c,loan approved 04/07/2020; SBA data as of 2024-09-30,"filter BorrowerState=MA, NAICSCode=238220, CurrentApprovalAmount>=150000","DAVID HEATING AND COOLING, INC., 19 CHURCH ST, MERRIMAC 01860-1502; group: single loan",source record,20261007T202810Z,20261007T202838Z,yes
biz-090,DOL_FORM_5500_SF_2025,042162235-001 ACK 20260812101430NAL0008469683001,DOL Form 5500-SF dataset 2025 (Latest),https://askebsa.dol.gov/FOIA%20Files/2025/Latest/F_5500_SF_2025_Latest.zip,2026-10-07,2db4677bd93455ccc082d378fdd56594ac90ca0fc6f2da1639a15aea8ed3e94d,plan year 2025-01-01..2025-12-31; received 2026-08-12,EIN and/or sponsor name + address,"sponsor name 'FILTER SALES & SERVICE INC.' matches; sponsor address corroborates (15 ADAMS STREET, BURLINGTON MA 01803)",medium,20261007T202810Z,20261007T202838Z,yes
biz-090,SBA_PPP_150K_PLUS,7096447003,SBA PPP FOIA - loans $150K and above,https://data.sba.gov/sites/default/files/distribution/SBA-OCA-2022-07-001/public_150k_plus_240930.csv,2026-10-07,3760a581dc3fd7ca12d09996aa360d749e075bcac517e5a6f7e92ae447a1cb8c,loan approved 04/07/2020; SBA data as of 2024-09-30,"filter BorrowerState=MA, NAICSCode=238220, CurrentApprovalAmount>=150000","FILTER SALES & SERVICE, INC., 15 Adams St, BURLINGTON 01803-4916; group: single loan",source record,20261007T202810Z,20261007T202838Z,yes
biz-091,DOL_FORM_5500_SF_2025,043075017-001 ACK 20260617082113NAL0002599730001,DOL Form 5500-SF dataset 2025 (Latest),https://askebsa.dol.gov/FOIA%20Files/2025/Latest/F_5500_SF_2025_Latest.zip,2026-10-07,2db4677bd93455ccc082d378fdd56594ac90ca0fc6f2da1639a15aea8ed3e94d,plan year 2025-01-01..2025-12-31; received 2026-06-17,EIN and/or sponsor name + address,sponsor name 'COOLING UNLIMITED INC.' matches; sponsor ZIP corroborates (READING MA 01867),medium,20261007T202810Z,20261007T202838Z,yes
biz-091,SBA_PPP_150K_PLUS,7133107006,SBA PPP FOIA - loans $150K and above,https://data.sba.gov/sites/default/files/distribution/SBA-OCA-2022-07-001/public_150k_plus_240930.csv,2026-10-07,3760a581dc3fd7ca12d09996aa360d749e075bcac517e5a6f7e92ae447a1cb8c,loan approved 04/07/2020; SBA data as of 2024-09-30,"filter BorrowerState=MA, NAICSCode=238220, CurrentApprovalAmount>=150000","COOLING UNLIMITED, INC., 556 A Main Street, READING 01867-3106; group: same legal name + same ZIP (street spelling differs)",source record,20261007T202810Z,20261007T202838Z,yes
biz-091,SBA_PPP_150K_PLUS,8652488301,SBA PPP FOIA - loans $150K and above,https://data.sba.gov/sites/default/files/distribution/SBA-OCA-2022-07-001/public_150k_plus_240930.csv,2026-10-07,3760a581dc3fd7ca12d09996aa360d749e075bcac517e5a6f7e92ae447a1cb8c,loan approved 01/29/2021; SBA data as of 2024-09-30,"filter BorrowerState=MA, NAICSCode=238220, CurrentApprovalAmount>=150000","COOLING UNLIMITED INC, 565 Main St # 1, Reading 01867-3135; group: same legal name + same ZIP (street spelling differs)",source record,20261007T202810Z,20261007T202838Z,yes
biz-092,DOL_FORM_5500_SF_2025,274481778-001 ACK 20260506195756NAL0001695635001,DOL Form 5500-SF dataset 2025 (Latest),https://askebsa.dol.gov/FOIA%20Files/2025/Latest/F_5500_SF_2025_Latest.zip,2026-10-07,2db4677bd93455ccc082d378fdd56594ac90ca0fc6f2da1639a15aea8ed3e94d,plan year 2025-01-01..2025-12-31; received 2026-05-06,EIN and/or sponsor name + address,"sponsor name 'DG SERVICE COMPANY, INC.' matches; sponsor address corroborates (23 COUNTY ROAD, MATTAPOISETT MA 02739)",medium,20261007T202810Z,20261007T202838Z,yes
biz-092,SBA_PPP_150K_PLUS,7136147002,SBA PPP FOIA - loans $150K and above,https://data.sba.gov/sites/default/files/distribution/SBA-OCA-2022-07-001/public_150k_plus_240930.csv,2026-10-07,3760a581dc3fd7ca12d09996aa360d749e075bcac517e5a6f7e92ae447a1cb8c,loan approved 04/07/2020; SBA data as of 2024-09-30,"filter BorrowerState=MA, NAICSCode=238220, CurrentApprovalAmount>=150000","DG SERVICE COMPANY, INC., 23 County Road, MATTAPOISETT 02739; group: single loan",source record,20261007T202810Z,20261007T202838Z,yes
biz-093,DOL_FORM_5500_SF_2024,042035618-001 ACK 20260323103415NAL0001448032001,DOL Form 5500-SF dataset 2024 (Latest),https://askebsa.dol.gov/FOIA%20Files/2024/Latest/F_5500_SF_2024_Latest.zip,2026-10-07,11370908e2bbc78d1d418b2f2a2177875e0524c12b69a181432d6fd65a5966c3,plan year 2024-10-01..2025-09-30; received 2026-03-23,EIN and/or sponsor name + address,"sponsor name 'T.J. CONWAY COMPANY, INC.' matches; sponsor ZIP corroborates (SPRINGFIELD MA 01104)",medium,20261007T202810Z,20261007T202838Z,yes
biz-093,SBA_PPP_150K_PLUS,7326157006,SBA PPP FOIA - loans $150K and above,https://data.sba.gov/sites/default/files/distribution/SBA-OCA-2022-07-001/public_150k_plus_240930.csv,2026-10-07,3760a581dc3fd7ca12d09996aa360d749e075bcac517e5a6f7e92ae447a1cb8c,loan approved 04/07/2020; SBA data as of 2024-09-30,"filter BorrowerState=MA, NAICSCode=238220, CurrentApprovalAmount>=150000","T J CONWAY COMPANY, 26 PROGRESS AVE, SPRINGFIELD 01104-3214; group: single loan",source record,20261007T202810Z,20261007T202838Z,yes
biz-094,DOL_FORM_5500_SF_2025,271315271-001 ACK 20260707001419NAL0023129408001,DOL Form 5500-SF dataset 2025 (Latest),https://askebsa.dol.gov/FOIA%20Files/2025/Latest/F_5500_SF_2025_Latest.zip,2026-10-07,2db4677bd93455ccc082d378fdd56594ac90ca0fc6f2da1639a15aea8ed3e94d,plan year 2025-01-01..2025-12-31; received 2026-07-07,EIN and/or sponsor name + address,"sponsor name 'INDEPENDENT MECHANICAL CONTRACTORS, INC.' matches; sponsor ZIP corroborates (WOBURN MA 01801)",medium,20261007T202810Z,20261007T202838Z,yes
biz-094,SBA_PPP_150K_PLUS,7379057004,SBA PPP FOIA - loans $150K and above,https://data.sba.gov/sites/default/files/distribution/SBA-OCA-2022-07-001/public_150k_plus_240930.csv,2026-10-07,3760a581dc3fd7ca12d09996aa360d749e075bcac517e5a6f7e92ae447a1cb8c,loan approved 04/07/2020; SBA data as of 2024-09-30,"filter BorrowerState=MA, NAICSCode=238220, CurrentApprovalAmount>=150000","INDEPENDENT MECHANICAL CONTRACTORS INC., 21 G OLYMPIA AVE, WOBURN 01801-6307; group: single loan",source record,20261007T202810Z,20261007T202838Z,yes
biz-095,SBA_PPP_150K_PLUS,7431837000,SBA PPP FOIA - loans $150K and above,https://data.sba.gov/sites/default/files/distribution/SBA-OCA-2022-07-001/public_150k_plus_240930.csv,2026-10-07,3760a581dc3fd7ca12d09996aa360d749e075bcac517e5a6f7e92ae447a1cb8c,loan approved 04/07/2020; SBA data as of 2024-09-30,"filter BorrowerState=MA, NAICSCode=238220, CurrentApprovalAmount>=150000","P.H. MECHANICAL CORP, 161 GRANITE AVE, DORCHESTER CENTER 02124-5437; group: single loan",source record,20261007T202810Z,20261007T202838Z,yes
biz-096,SBA_PPP_150K_PLUS,7530437004,SBA PPP FOIA - loans $150K and above,https://data.sba.gov/sites/default/files/distribution/SBA-OCA-2022-07-001/public_150k_plus_240930.csv,2026-10-07,3760a581dc3fd7ca12d09996aa360d749e075bcac517e5a6f7e92ae447a1cb8c,loan approved 04/07/2020; SBA data as of 2024-09-30,"filter BorrowerState=MA, NAICSCode=238220, CurrentApprovalAmount>=150000","CALLAHAN A/C AND HEATING SERVICES, INC., 91 BELMONT ST, NORTH ANDOVER 01845-2304; group: same legal name + same street address + ZIP",source record,20261007T202810Z,20261007T202838Z,yes
biz-096,SBA_PPP_150K_PLUS,9774768403,SBA PPP FOIA - loans $150K and above,https://data.sba.gov/sites/default/files/distribution/SBA-OCA-2022-07-001/public_150k_plus_240930.csv,2026-10-07,3760a581dc3fd7ca12d09996aa360d749e075bcac517e5a6f7e92ae447a1cb8c,loan approved 02/17/2021; SBA data as of 2024-09-30,"filter BorrowerState=MA, NAICSCode=238220, CurrentApprovalAmount>=150000","CALLAHAN A/C & HEATING SERVICES, 91 Belmont St, North Andover 01845-2304; group: same legal name + same street address + ZIP",source record,20261007T202810Z,20261007T202838Z,yes
biz-097,SBA_PPP_150K_PLUS,7554277009,SBA PPP FOIA - loans $150K and above,https://data.sba.gov/sites/default/files/distribution/SBA-OCA-2022-07-001/public_150k_plus_240930.csv,2026-10-07,3760a581dc3fd7ca12d09996aa360d749e075bcac517e5a6f7e92ae447a1cb8c,loan approved 04/07/2020; SBA data as of 2024-09-30,"filter BorrowerState=MA, NAICSCode=238220, CurrentApprovalAmount>=150000","FLEET REFRIGERATION AND AIR CONDITIONING CO., INC., 27 CANAL ST, MEDFORD 02155-3621; group: single loan",source record,20261007T202810Z,20261007T202838Z,yes
biz-098,DOL_FORM_5500_SF_2025,042481627-001 ACK 20260723032932NAL0015924464001,DOL Form 5500-SF dataset 2025 (Latest),https://askebsa.dol.gov/FOIA%20Files/2025/Latest/F_5500_SF_2025_Latest.zip,2026-10-07,2db4677bd93455ccc082d378fdd56594ac90ca0fc6f2da1639a15aea8ed3e94d,plan year 2025-01-01..2025-12-31; received 2026-07-23,EIN and/or sponsor name + address,"sponsor name 'EDWARD H. MARCHANT CO, INC.' matches; sponsor ZIP corroborates (QUINCY MA 02170)",medium,20261007T202810Z,20261007T202838Z,yes
biz-098,SBA_PPP_150K_PLUS,3885678602,SBA PPP FOIA - loans $150K and above,https://data.sba.gov/sites/default/files/distribution/SBA-OCA-2022-07-001/public_150k_plus_240930.csv,2026-10-07,3760a581dc3fd7ca12d09996aa360d749e075bcac517e5a6f7e92ae447a1cb8c,loan approved 03/17/2021; SBA data as of 2024-09-30,"filter BorrowerState=MA, NAICSCode=238220, CurrentApprovalAmount>=150000","EDWARD H. MARCHANT CO. INC, 153 Old Colony Ave, Quincy 02170-3803; group: same legal name + same street address + ZIP",source record,20261007T202810Z,20261007T202838Z,yes
biz-098,SBA_PPP_150K_PLUS,7585067008,SBA PPP FOIA - loans $150K and above,https://data.sba.gov/sites/default/files/distribution/SBA-OCA-2022-07-001/public_150k_plus_240930.csv,2026-10-07,3760a581dc3fd7ca12d09996aa360d749e075bcac517e5a6f7e92ae447a1cb8c,loan approved 04/07/2020; SBA data as of 2024-09-30,"filter BorrowerState=MA, NAICSCode=238220, CurrentApprovalAmount>=150000","EDWARD H. MARCHANT CO, INC, 153 Old Colony Ave, QUINCY 02170-3803; group: same legal name + same street address + ZIP",source record,20261007T202810Z,20261007T202838Z,yes
biz-099,DOL_FORM_5500_SF_2025,042441491-001 ACK 20260610190226NAL0004816369001,DOL Form 5500-SF dataset 2025 (Latest),https://askebsa.dol.gov/FOIA%20Files/2025/Latest/F_5500_SF_2025_Latest.zip,2026-10-07,2db4677bd93455ccc082d378fdd56594ac90ca0fc6f2da1639a15aea8ed3e94d,plan year 2025-01-01..2025-12-31; received 2026-06-10,EIN and/or sponsor name + address,"sponsor name 'KIRKLAND & SHAW INC' matches; sponsor address corroborates (5 ADAMS ST, BURLINGTON MA 018034917)",medium,20261007T202810Z,20261007T202838Z,yes
biz-099,SBA_PPP_150K_PLUS,7592147006,SBA PPP FOIA - loans $150K and above,https://data.sba.gov/sites/default/files/distribution/SBA-OCA-2022-07-001/public_150k_plus_240930.csv,2026-10-07,3760a581dc3fd7ca12d09996aa360d749e075bcac517e5a6f7e92ae447a1cb8c,loan approved 04/07/2020; SBA data as of 2024-09-30,"filter BorrowerState=MA, NAICSCode=238220, CurrentApprovalAmount>=150000","KIRKLAND AND SHAW, INC., 5 ADAMS ST, BURLINGTON 01803-4917; group: single loan",source record,20261007T202810Z,20261007T202838Z,yes
biz-100,DOL_FORM_5500_SF_2024,042383193-001 ACK 20250518143711NAL0000882642001,DOL Form 5500-SF dataset 2024 (Latest),https://askebsa.dol.gov/FOIA%20Files/2024/Latest/F_5500_SF_2024_Latest.zip,2026-10-07,11370908e2bbc78d1d418b2f2a2177875e0524c12b69a181432d6fd65a5966c3,plan year 2024-01-01..2024-12-31; received 2025-05-18,EIN and/or sponsor name + address,"sponsor name 'NORTHEAST AUTOMATIC SPRINKLER CO., INC.' matches; sponsor address corroborates (25 MARION DRIVE, KINGSTON MA 02364)",medium,20261007T202810Z,20261007T202838Z,yes
biz-100,SBA_PPP_150K_PLUS,7698237007,SBA PPP FOIA - loans $150K and above,https://data.sba.gov/sites/default/files/distribution/SBA-OCA-2022-07-001/public_150k_plus_240930.csv,2026-10-07,3760a581dc3fd7ca12d09996aa360d749e075bcac517e5a6f7e92ae447a1cb8c,loan approved 04/08/2020; SBA data as of 2024-09-30,"filter BorrowerState=MA, NAICSCode=238220, CurrentApprovalAmount>=150000","NORTHEAST AUTOMATIC SPRINKLER CO, INC, 25 MARION DR, KINGSTON 02364-2250; group: single loan",source record,20261007T202810Z,20261007T202838Z,yes
biz-101,SBA_PPP_150K_PLUS,7711377009,SBA PPP FOIA - loans $150K and above,https://data.sba.gov/sites/default/files/distribution/SBA-OCA-2022-07-001/public_150k_plus_240930.csv,2026-10-07,3760a581dc3fd7ca12d09996aa360d749e075bcac517e5a6f7e92ae447a1cb8c,loan approved 04/08/2020; SBA data as of 2024-09-30,"filter BorrowerState=MA, NAICSCode=238220, CurrentApprovalAmount>=150000","SS SERVICE CORP, 30 ROBERT W BOYDEN RD, TAUNTON 02780-7820; group: single loan",source record,20261007T202810Z,20261007T202838Z,yes
biz-102,SBA_PPP_150K_PLUS,7766347008,SBA PPP FOIA - loans $150K and above,https://data.sba.gov/sites/default/files/distribution/SBA-OCA-2022-07-001/public_150k_plus_240930.csv,2026-10-07,3760a581dc3fd7ca12d09996aa360d749e075bcac517e5a6f7e92ae447a1cb8c,loan approved 04/08/2020; SBA data as of 2024-09-30,"filter BorrowerState=MA, NAICSCode=238220, CurrentApprovalAmount>=150000","CHASE AND TOLAN PLUMBING & HEATING, INC., 1 Summer Street, WATERTOWN 02472; group: single loan",source record,20261007T202810Z,20261007T202838Z,yes
biz-103,SBA_PPP_150K_PLUS,7815867008,SBA PPP FOIA - loans $150K and above,https://data.sba.gov/sites/default/files/distribution/SBA-OCA-2022-07-001/public_150k_plus_240930.csv,2026-10-07,3760a581dc3fd7ca12d09996aa360d749e075bcac517e5a6f7e92ae447a1cb8c,loan approved 04/08/2020; SBA data as of 2024-09-30,"filter BorrowerState=MA, NAICSCode=238220, CurrentApprovalAmount>=150000","GLIONNA PLUMBING AND HEATING, 31 STAAF RD, SAUGUS 01906-4366; group: single loan",source record,20261007T202810Z,20261007T202838Z,yes
biz-104,SBA_PPP_150K_PLUS,7910627004,SBA PPP FOIA - loans $150K and above,https://data.sba.gov/sites/default/files/distribution/SBA-OCA-2022-07-001/public_150k_plus_240930.csv,2026-10-07,3760a581dc3fd7ca12d09996aa360d749e075bcac517e5a6f7e92ae447a1cb8c,loan approved 04/08/2020; SBA data as of 2024-09-30,"filter BorrowerState=MA, NAICSCode=238220, CurrentApprovalAmount>=150000","DAN'S SERVICE INC, 26 ELM ST, SOMERVILLE 02143-2229; group: single loan",source record,20261007T202810Z,20261007T202838Z,yes
biz-105,DOL_FORM_5500_SF_2025,320295874-001 ACK 20260504093352NAL0004733648001,DOL Form 5500-SF dataset 2025 (Latest),https://askebsa.dol.gov/FOIA%20Files/2025/Latest/F_5500_SF_2025_Latest.zip,2026-10-07,2db4677bd93455ccc082d378fdd56594ac90ca0fc6f2da1639a15aea8ed3e94d,plan year 2025-01-01..2025-12-31; received 2026-05-04,EIN and/or sponsor name + address,"sponsor name 'MECHANICAL ENERGY CORPORATION' matches; sponsor address corroborates (153 WASHINGTON ST STE 11, EAST WALPOLE MA 020321163)",medium,20261007T202810Z,20261007T202838Z,yes
biz-105,SBA_PPP_150K_PLUS,4912698402,SBA PPP FOIA - loans $150K and above,https://data.sba.gov/sites/default/files/distribution/SBA-OCA-2022-07-001/public_150k_plus_240930.csv,2026-10-07,3760a581dc3fd7ca12d09996aa360d749e075bcac517e5a6f7e92ae447a1cb8c,loan approved 02/07/2021; SBA data as of 2024-09-30,"filter BorrowerState=MA, NAICSCode=238220, CurrentApprovalAmount>=150000","MECHANICAL ENERGY CORP, 153 Washington St, East Walpole 02032-1163; group: same legal name + same street address + ZIP",source record,20261007T202810Z,20261007T202838Z,yes
biz-105,SBA_PPP_150K_PLUS,7999787001,SBA PPP FOIA - loans $150K and above,https://data.sba.gov/sites/default/files/distribution/SBA-OCA-2022-07-001/public_150k_plus_240930.csv,2026-10-07,3760a581dc3fd7ca12d09996aa360d749e075bcac517e5a6f7e92ae447a1cb8c,loan approved 04/08/2020; SBA data as of 2024-09-30,"filter BorrowerState=MA, NAICSCode=238220, CurrentApprovalAmount>=150000","MECHANICAL ENERGY CORP, 153 WASHINGTON ST, EAST WALPOLE 02032-1163; group: same legal name + same street address + ZIP",source record,20261007T202810Z,20261007T202838Z,yes
biz-106,SBA_PPP_150K_PLUS,8284287005,SBA PPP FOIA - loans $150K and above,https://data.sba.gov/sites/default/files/distribution/SBA-OCA-2022-07-001/public_150k_plus_240930.csv,2026-10-07,3760a581dc3fd7ca12d09996aa360d749e075bcac517e5a6f7e92ae447a1cb8c,loan approved 04/08/2020; SBA data as of 2024-09-30,"filter BorrowerState=MA, NAICSCode=238220, CurrentApprovalAmount>=150000","KENNEDY MECHANICAL INC, 271 SALEM ST, WOBURN 01801-2004; group: same legal name + same street address + ZIP",source record,20261007T202810Z,20261007T202838Z,yes
biz-106,SBA_PPP_150K_PLUS,8838548402,SBA PPP FOIA - loans $150K and above,https://data.sba.gov/sites/default/files/distribution/SBA-OCA-2022-07-001/public_150k_plus_240930.csv,2026-10-07,3760a581dc3fd7ca12d09996aa360d749e075bcac517e5a6f7e92ae447a1cb8c,loan approved 02/14/2021; SBA data as of 2024-09-30,"filter BorrowerState=MA, NAICSCode=238220, CurrentApprovalAmount>=150000","KENNEDY MECHANICAL INC, 271 Salem St Unit H, Woburn 01801-2004; group: same legal name + same street address + ZIP",source record,20261007T202810Z,20261007T202838Z,yes
biz-107,SBA_PPP_150K_PLUS,8479017005,SBA PPP FOIA - loans $150K and above,https://data.sba.gov/sites/default/files/distribution/SBA-OCA-2022-07-001/public_150k_plus_240930.csv,2026-10-07,3760a581dc3fd7ca12d09996aa360d749e075bcac517e5a6f7e92ae447a1cb8c,loan approved 04/08/2020; SBA data as of 2024-09-30,"filter BorrowerState=MA, NAICSCode=238220, CurrentApprovalAmount>=150000","INDUSTRIAL BOILER AND MECHANICAL SERVICE, LLC, 156 MAPLE ST, DANVERS 01923-2137; group: single loan",source record,20261007T202810Z,20261007T202838Z,yes
biz-108,DOL_FORM_5500_SF_2025,042392626-001 ACK 20260511080123NAL0005515953001,DOL Form 5500-SF dataset 2025 (Latest),https://askebsa.dol.gov/FOIA%20Files/2025/Latest/F_5500_SF_2025_Latest.zip,2026-10-07,2db4677bd93455ccc082d378fdd56594ac90ca0fc6f2da1639a15aea8ed3e94d,plan year 2025-01-01..2025-12-31; received 2026-05-11,EIN and/or sponsor name + address,"sponsor name 'PANN HOME SERVICES CORPORATION' matches; sponsor address corroborates (247 SALEM ST, WOBURN MA 018012004)",medium,20261007T202810Z,20261007T202838Z,yes
biz-108,SBA_PPP_150K_PLUS,6824618301,SBA PPP FOIA - loans $150K and above,https://data.sba.gov/sites/default/files/distribution/SBA-OCA-2022-07-001/public_150k_plus_240930.csv,2026-10-07,3760a581dc3fd7ca12d09996aa360d749e075bcac517e5a6f7e92ae447a1cb8c,loan approved 01/27/2021; SBA data as of 2024-09-30,"filter BorrowerState=MA, NAICSCode=238220, CurrentApprovalAmount>=150000","PANN HOME SERVICES CORPORATION, 247 Salem St, Woburn 01801-2004; group: same legal name + same street address + ZIP",source record,20261007T202810Z,20261007T202838Z,yes
biz-108,SBA_PPP_150K_PLUS,8504597007,SBA PPP FOIA - loans $150K and above,https://data.sba.gov/sites/default/files/distribution/SBA-OCA-2022-07-001/public_150k_plus_240930.csv,2026-10-07,3760a581dc3fd7ca12d09996aa360d749e075bcac517e5a6f7e92ae447a1cb8c,loan approved 04/08/2020; SBA data as of 2024-09-30,"filter BorrowerState=MA, NAICSCode=238220, CurrentApprovalAmount>=150000","PANN HOME SERVICES CORPORATION, 247 Salem St., WOBURN 01801-2004; group: same legal name + same street address + ZIP",source record,20261007T202810Z,20261007T202838Z,yes
biz-109,SBA_PPP_150K_PLUS,4113218500,SBA PPP FOIA - loans $150K and above,https://data.sba.gov/sites/default/files/distribution/SBA-OCA-2022-07-001/public_150k_plus_240930.csv,2026-10-07,3760a581dc3fd7ca12d09996aa360d749e075bcac517e5a6f7e92ae447a1cb8c,loan approved 02/25/2021; SBA data as of 2024-09-30,"filter BorrowerState=MA, NAICSCode=238220, CurrentApprovalAmount>=150000","DAVID M. MURPHY PLUMBING HEATING AND GAS FITTING INC.., 159 Perry St, Lowell 01852-3602; group: same legal name + same street address + ZIP",source record,20261007T202810Z,20261007T202838Z,yes
biz-109,SBA_PPP_150K_PLUS,8504647009,SBA PPP FOIA - loans $150K and above,https://data.sba.gov/sites/default/files/distribution/SBA-OCA-2022-07-001/public_150k_plus_240930.csv,2026-10-07,3760a581dc3fd7ca12d09996aa360d749e075bcac517e5a6f7e92ae447a1cb8c,loan approved 04/08/2020; SBA data as of 2024-09-30,"filter BorrowerState=MA, NAICSCode=238220, CurrentApprovalAmount>=150000","DAVID M. MURPHY PLUMBING, HEATING AND GAS FITTING, INC, 159 PERRY ST, LOWELL 01852-3602; group: same legal name + same street address + ZIP",source record,20261007T202810Z,20261007T202838Z,yes
biz-110,DOL_FORM_5500_2025,042318898-002 ACK 20260625123405NAL0008706257001,DOL Form 5500 dataset 2025 (Latest),https://askebsa.dol.gov/FOIA%20Files/2025/Latest/F_5500_2025_Latest.zip,2026-10-07,9f6245cdcbb86ae167af4595bb3dba4fbf7845df98f4ccd6748aa98fa2a4e582,plan year 2025-01-01..2025-12-31; received 2026-06-25,EIN and/or sponsor name + address,"sponsor name 'KEYES NORTH ATLANTIC, INC.' matches; sponsor address corroborates (459 WATERTOWN ST., NEWTON MA 02460)",medium,20261007T202810Z,20261007T202838Z,yes
biz-110,SBA_PPP_150K_PLUS,8551957000,SBA PPP FOIA - loans $150K and above,https://data.sba.gov/sites/default/files/distribution/SBA-OCA-2022-07-001/public_150k_plus_240930.csv,2026-10-07,3760a581dc3fd7ca12d09996aa360d749e075bcac517e5a6f7e92ae447a1cb8c,loan approved 04/08/2020; SBA data as of 2024-09-30,"filter BorrowerState=MA, NAICSCode=238220, CurrentApprovalAmount>=150000","KEYES NORTH ATLANTIC, INC., 459 WATERTOWN ST, NEWTONVILLE 02460-1451; group: single loan",source record,20261007T202810Z,20261007T202838Z,yes
biz-111,SBA_PPP_150K_PLUS,8641107007,SBA PPP FOIA - loans $150K and above,https://data.sba.gov/sites/default/files/distribution/SBA-OCA-2022-07-001/public_150k_plus_240930.csv,2026-10-07,3760a581dc3fd7ca12d09996aa360d749e075bcac517e5a6f7e92ae447a1cb8c,loan approved 04/08/2020; SBA data as of 2024-09-30,"filter BorrowerState=MA, NAICSCode=238220, CurrentApprovalAmount>=150000","A. SPOLIDORO & SONS, INC., 17 SIMONDS FARM RD, NORTH BILLERICA 01862-2844; group: single loan",source record,20261007T202810Z,20261007T202838Z,yes
biz-112,DOL_FORM_5500_SF_2025,201140594-002 ACK 20260922085128NAL0012018195001,DOL Form 5500-SF dataset 2025 (Latest),https://askebsa.dol.gov/FOIA%20Files/2025/Latest/F_5500_SF_2025_Latest.zip,2026-10-07,2db4677bd93455ccc082d378fdd56594ac90ca0fc6f2da1639a15aea8ed3e94d,plan year 2025-01-01..2025-12-31; received 2026-09-22,EIN and/or sponsor name + address,"sponsor name 'MARTEL HVAC CORP' matches; sponsor address corroborates (58 UNION STREET, ASHLAND MA 01721)",medium,20261007T202810Z,20261007T202838Z,yes
biz-112,SBA_PPP_150K_PLUS,8692637002,SBA PPP FOIA - loans $150K and above,https://data.sba.gov/sites/default/files/distribution/SBA-OCA-2022-07-001/public_150k_plus_240930.csv,2026-10-07,3760a581dc3fd7ca12d09996aa360d749e075bcac517e5a6f7e92ae447a1cb8c,loan approved 04/08/2020; SBA data as of 2024-09-30,"filter BorrowerState=MA, NAICSCode=238220, CurrentApprovalAmount>=150000","MARTEL HVAC CORP, 58 Union Street, ASHLAND 01721-1744; group: single loan",source record,20261007T202810Z,20261007T202838Z,yes
biz-113,DOL_FORM_5500_2024,042478203-001 ACK 20251009083207NAL0015008354001,DOL Form 5500 dataset 2024 (Latest),https://askebsa.dol.gov/FOIA%20Files/2024/Latest/F_5500_2024_Latest.zip,2026-10-07,8884391d48a9e362fd7d2b91d6e37430bd2e54355c9dbc3479985c9d876872f8,plan year 2024-01-01..2024-12-31; received 2025-10-09,EIN and/or sponsor name + address,"sponsor name 'MEDFORD WELLINGTON SERVICE CO., INC.' matches; sponsor address corroborates (9 EXECUTIVE PARK DRIVE, N. BILLERICA MA 018621318)",medium,20261007T202810Z,20261007T202838Z,yes
biz-113,SBA_PPP_150K_PLUS,7232628501,SBA PPP FOIA - loans $150K and above,https://data.sba.gov/sites/default/files/distribution/SBA-OCA-2022-07-001/public_150k_plus_240930.csv,2026-10-07,3760a581dc3fd7ca12d09996aa360d749e075bcac517e5a6f7e92ae447a1cb8c,loan approved 03/05/2021; SBA data as of 2024-09-30,"filter BorrowerState=MA, NAICSCode=238220, CurrentApprovalAmount>=150000","MEDFORD WELLINGTON SERVICE CO. INC., 9 Executive Park Dr, North Billerica 01862-1318; group: same legal name + same street address + ZIP",source record,20261007T202810Z,20261007T202838Z,yes
biz-113,SBA_PPP_150K_PLUS,8722467001,SBA PPP FOIA - loans $150K and above,https://data.sba.gov/sites/default/files/distribution/SBA-OCA-2022-07-001/public_150k_plus_240930.csv,2026-10-07,3760a581dc3fd7ca12d09996aa360d749e075bcac517e5a6f7e92ae447a1cb8c,loan approved 04/08/2020; SBA data as of 2024-09-30,"filter BorrowerState=MA, NAICSCode=238220, CurrentApprovalAmount>=150000","MEDFORD WELLINGTON SERVICE CO, INC., 9 Executive Park Drive, NORTH BILLERICA 01862-1318; group: same legal name + same street address + ZIP",source record,20261007T202810Z,20261007T202838Z,yes
biz-114,SBA_PPP_150K_PLUS,4724998510,SBA PPP FOIA - loans $150K and above,https://data.sba.gov/sites/default/files/distribution/SBA-OCA-2022-07-001/public_150k_plus_240930.csv,2026-10-07,3760a581dc3fd7ca12d09996aa360d749e075bcac517e5a6f7e92ae447a1cb8c,loan approved 02/26/2021; SBA data as of 2024-09-30,"filter BorrowerState=MA, NAICSCode=238220, CurrentApprovalAmount>=150000","MUISE MECHANICAL INC., 9 Cartwright Ln, Billerica 01821-3772; group: same legal name + same street address + ZIP",source record,20261007T202810Z,20261007T202838Z,yes
biz-114,SBA_PPP_150K_PLUS,8963547002,SBA PPP FOIA - loans $150K and above,https://data.sba.gov/sites/default/files/distribution/SBA-OCA-2022-07-001/public_150k_plus_240930.csv,2026-10-07,3760a581dc3fd7ca12d09996aa360d749e075bcac517e5a6f7e92ae447a1cb8c,loan approved 04/09/2020; SBA data as of 2024-09-30,"filter BorrowerState=MA, NAICSCode=238220, CurrentApprovalAmount>=150000","MUISE MECHANICAL INC, 9 CARTWRIGHT LN, BILLERICA 01821-3772; group: same legal name + same street address + ZIP",source record,20261007T202810Z,20261007T202838Z,yes
biz-115,SBA_PPP_150K_PLUS,8965007008,SBA PPP FOIA - loans $150K and above,https://data.sba.gov/sites/default/files/distribution/SBA-OCA-2022-07-001/public_150k_plus_240930.csv,2026-10-07,3760a581dc3fd7ca12d09996aa360d749e075bcac517e5a6f7e92ae447a1cb8c,loan approved 04/09/2020; SBA data as of 2024-09-30,"filter BorrowerState=MA, NAICSCode=238220, CurrentApprovalAmount>=150000","RUSTY'S, INC., 222 Mid-Tech Drive, WEST YARMOUTH 02673-2580; group: single loan",source record,20261007T202810Z,20261007T202838Z,yes
biz-116,SBA_PPP_150K_PLUS,9010497006,SBA PPP FOIA - loans $150K and above,https://data.sba.gov/sites/default/files/distribution/SBA-OCA-2022-07-001/public_150k_plus_240930.csv,2026-10-07,3760a581dc3fd7ca12d09996aa360d749e075bcac517e5a6f7e92ae447a1cb8c,loan approved 04/09/2020; SBA data as of 2024-09-30,"filter BorrowerState=MA, NAICSCode=238220, CurrentApprovalAmount>=150000","D.D.S INDUSTRIES, INC., 250 Ace Street, FALL RIVER 02720-1320; group: single loan",source record,20261007T202810Z,20261007T202838Z,yes
biz-117,SBA_PPP_150K_PLUS,9043287009,SBA PPP FOIA - loans $150K and above,https://data.sba.gov/sites/default/files/distribution/SBA-OCA-2022-07-001/public_150k_plus_240930.csv,2026-10-07,3760a581dc3fd7ca12d09996aa360d749e075bcac517e5a6f7e92ae447a1cb8c,loan approved 04/09/2020; SBA data as of 2024-09-30,"filter BorrowerState=MA, NAICSCode=238220, CurrentApprovalAmount>=150000","RIVERDALE PLUMBING & HEATING, INC., 35 MERCHANTS DR, WALPOLE 02081-1763; group: single loan",source record,20261007T202810Z,20261007T202838Z,yes
biz-118,DOL_FORM_5500_SF_2025,463501379-001 ACK 20260611122858NAL0006265553001,DOL Form 5500-SF dataset 2025 (Latest),https://askebsa.dol.gov/FOIA%20Files/2025/Latest/F_5500_SF_2025_Latest.zip,2026-10-07,2db4677bd93455ccc082d378fdd56594ac90ca0fc6f2da1639a15aea8ed3e94d,plan year 2025-01-01..2025-12-31; received 2026-06-11,EIN and/or sponsor name + address,"sponsor name 'BRAGA BROS INC' matches; sponsor address corroborates (110 BREEDS HILL RD, HYANNIS MA 026011864)",medium,20261007T202810Z,20261007T202838Z,yes
biz-118,SBA_PPP_150K_PLUS,9051127007,SBA PPP FOIA - loans $150K and above,https://data.sba.gov/sites/default/files/distribution/SBA-OCA-2022-07-001/public_150k_plus_240930.csv,2026-10-07,3760a581dc3fd7ca12d09996aa360d749e075bcac517e5a6f7e92ae447a1cb8c,loan approved 04/09/2020; SBA data as of 2024-09-30,"filter BorrowerState=MA, NAICSCode=238220, CurrentApprovalAmount>=150000","BRAGA BROS, INC., 110 BREEDS HILL RD Unit 5, HYANNIS 02601-1860; group: single loan",source record,20261007T202810Z,20261007T202838Z,yes
biz-119,DOL_FORM_5500_SF_2025,042303434-004 ACK 20260515101821NAL0008105027001,DOL Form 5500-SF dataset 2025 (Latest),https://askebsa.dol.gov/FOIA%20Files/2025/Latest/F_5500_SF_2025_Latest.zip,2026-10-07,2db4677bd93455ccc082d378fdd56594ac90ca0fc6f2da1639a15aea8ed3e94d,plan year 2025-01-01..2025-12-31; received 2026-05-15,EIN and/or sponsor name + address,"sponsor name 'ATLANTIC HEATING & AIR CONDITIONING CO., INC.' matches; sponsor address corroborates (116 CYPRESS STREET, BROOKLINE MA 02445)",medium,20261007T202810Z,20261007T202838Z,yes
biz-119,SBA_PPP_150K_PLUS,4183618410,SBA PPP FOIA - loans $150K and above,https://data.sba.gov/sites/default/files/distribution/SBA-OCA-2022-07-001/public_150k_plus_240930.csv,2026-10-07,3760a581dc3fd7ca12d09996aa360d749e075bcac517e5a6f7e92ae447a1cb8c,loan approved 02/06/2021; SBA data as of 2024-09-30,"filter BorrowerState=MA, NAICSCode=238220, CurrentApprovalAmount>=150000","ATLANTIC HEATING & AIR CONDITIONING CO, 116 Cypress St, Brookline 02445-6015; group: same legal name + same street address + ZIP",source record,20261007T202810Z,20261007T202838Z,yes
biz-119,SBA_PPP_150K_PLUS,9159797000,SBA PPP FOIA - loans $150K and above,https://data.sba.gov/sites/default/files/distribution/SBA-OCA-2022-07-001/public_150k_plus_240930.csv,2026-10-07,3760a581dc3fd7ca12d09996aa360d749e075bcac517e5a6f7e92ae447a1cb8c,loan approved 04/09/2020; SBA data as of 2024-09-30,"filter BorrowerState=MA, NAICSCode=238220, CurrentApprovalAmount>=150000","ATLANTIC HEATING AND AIR CONDITIONING CO., INC., 116 CYPRESS ST, BROOKLINE 02445-6015; group: same legal name + same street address + ZIP",source record,20261007T202810Z,20261007T202838Z,yes
biz-120,DOL_FORM_5500_SF_2025,043172931-001 ACK 20260511080057NAL0005705633001,DOL Form 5500-SF dataset 2025 (Latest),https://askebsa.dol.gov/FOIA%20Files/2025/Latest/F_5500_SF_2025_Latest.zip,2026-10-07,2db4677bd93455ccc082d378fdd56594ac90ca0fc6f2da1639a15aea8ed3e94d,plan year 2025-01-01..2025-12-31; received 2026-05-11,EIN and/or sponsor name + address,sponsor name 'AALANCO SERVICE CORPORATION' matches; sponsor ZIP corroborates (WESTBORO MA 01581),medium,20261007T202810Z,20261007T202838Z,yes
biz-120,SBA_PPP_150K_PLUS,9168717000,SBA PPP FOIA - loans $150K and above,https://data.sba.gov/sites/default/files/distribution/SBA-OCA-2022-07-001/public_150k_plus_240930.csv,2026-10-07,3760a581dc3fd7ca12d09996aa360d749e075bcac517e5a6f7e92ae447a1cb8c,loan approved 04/09/2020; SBA data as of 2024-09-30,"filter BorrowerState=MA, NAICSCode=238220, CurrentApprovalAmount>=150000","AALANCO SERVICE CORPORATION, 80B TURNPIKE RD, WESTBOROUGH 01581-1730; group: same legal name + same street address + ZIP",source record,20261007T202810Z,20261007T202838Z,yes
biz-120,SBA_PPP_150K_PLUS,9808028305,SBA PPP FOIA - loans $150K and above,https://data.sba.gov/sites/default/files/distribution/SBA-OCA-2022-07-001/public_150k_plus_240930.csv,2026-10-07,3760a581dc3fd7ca12d09996aa360d749e075bcac517e5a6f7e92ae447a1cb8c,loan approved 01/31/2021; SBA data as of 2024-09-30,"filter BorrowerState=MA, NAICSCode=238220, CurrentApprovalAmount>=150000","AALANCO SERVICE CORPORATION, 80B Turnpike Rd, Westborough 01581-1885; group: same legal name + same street address + ZIP",source record,20261007T202810Z,20261007T202838Z,yes
biz-121,DOL_FORM_5500_SF_2025,208492243-001 ACK 20260608163139NAL0004977760001,DOL Form 5500-SF dataset 2025 (Latest),https://askebsa.dol.gov/FOIA%20Files/2025/Latest/F_5500_SF_2025_Latest.zip,2026-10-07,2db4677bd93455ccc082d378fdd56594ac90ca0fc6f2da1639a15aea8ed3e94d,plan year 2025-01-01..2025-12-31; received 2026-06-08,EIN and/or sponsor name + address,"sponsor name 'INLINE MECHANICAL LLC' matches; sponsor address corroborates (226 LOWELL ST, STE A3, LOWELL MA 01887)",medium,20261007T202810Z,20261007T202838Z,yes
biz-121,SBA_PPP_150K_PLUS,9177717002,SBA PPP FOIA - loans $150K and above,https://data.sba.gov/sites/default/files/distribution/SBA-OCA-2022-07-001/public_150k_plus_240930.csv,2026-10-07,3760a581dc3fd7ca12d09996aa360d749e075bcac517e5a6f7e92ae447a1cb8c,loan approved 04/09/2020; SBA data as of 2024-09-30,"filter BorrowerState=MA, NAICSCode=238220, CurrentApprovalAmount>=150000","INLINE MECHANICAL LLC, 226 LOWELL ST, WILMINGTON 01887-3062; group: single loan",source record,20261007T202810Z,20261007T202838Z,yes
biz-122,SBA_PPP_150K_PLUS,9266607006,SBA PPP FOIA - loans $150K and above,https://data.sba.gov/sites/default/files/distribution/SBA-OCA-2022-07-001/public_150k_plus_240930.csv,2026-10-07,3760a581dc3fd7ca12d09996aa360d749e075bcac517e5a6f7e92ae447a1cb8c,loan approved 04/09/2020; SBA data as of 2024-09-30,"filter BorrowerState=MA, NAICSCode=238220, CurrentApprovalAmount>=150000","JJ SULLIVAN PLUMBING & HEATING CO INC, 346 SOMERVILLE AVE, SOMERVILLE 02143-2918; group: single loan",source record,20261007T202810Z,20261007T202838Z,yes
biz-123,SBA_PPP_150K_PLUS,9270427003,SBA PPP FOIA - loans $150K and above,https://data.sba.gov/sites/default/files/distribution/SBA-OCA-2022-07-001/public_150k_plus_240930.csv,2026-10-07,3760a581dc3fd7ca12d09996aa360d749e075bcac517e5a6f7e92ae447a1cb8c,loan approved 04/09/2020; SBA data as of 2024-09-30,"filter BorrowerState=MA, NAICSCode=238220, CurrentApprovalAmount>=150000","FRANK B PAIGE PLUMBING & HEATING SERVICES INC, 19 Knollwood Dr, EAST LONGMEADOW 01028-2718; group: single loan",source record,20261007T202810Z,20261007T202838Z,yes
biz-124,SBA_PPP_150K_PLUS,3134318304,SBA PPP FOIA - loans $150K and above,https://data.sba.gov/sites/default/files/distribution/SBA-OCA-2022-07-001/public_150k_plus_240930.csv,2026-10-07,3760a581dc3fd7ca12d09996aa360d749e075bcac517e5a6f7e92ae447a1cb8c,loan approved 01/21/2021; SBA data as of 2024-09-30,"filter BorrowerState=MA, NAICSCode=238220, CurrentApprovalAmount>=150000","B&B MECHANICAL SERVICES INC, 34 Sullivan Rd Ste 34, North Billerica 01862-2000; group: same legal name + same street address + ZIP",source record,20261007T202810Z,20261007T202838Z,yes
biz-124,SBA_PPP_150K_PLUS,9307297006,SBA PPP FOIA - loans $150K and above,https://data.sba.gov/sites/default/files/distribution/SBA-OCA-2022-07-001/public_150k_plus_240930.csv,2026-10-07,3760a581dc3fd7ca12d09996aa360d749e075bcac517e5a6f7e92ae447a1cb8c,loan approved 04/09/2020; SBA data as of 2024-09-30,"filter BorrowerState=MA, NAICSCode=238220, CurrentApprovalAmount>=150000","B & B MECHANICAL SERVICES INC., 34 Sullivan Road, Suite 34, NORTH BILLERICA 01862-1275; group: same legal name + same street address + ZIP",source record,20261007T202810Z,20261007T202838Z,yes
biz-125,DOL_FORM_5500_SF_2024,043335202-001 ACK 20251007085206NAL0007576720001,DOL Form 5500-SF dataset 2024 (Latest),https://askebsa.dol.gov/FOIA%20Files/2024/Latest/F_5500_SF_2024_Latest.zip,2026-10-07,11370908e2bbc78d1d418b2f2a2177875e0524c12b69a181432d6fd65a5966c3,plan year 2024-01-01..2024-12-31; received 2025-10-07,EIN and/or sponsor name + address,"sponsor name 'EXCEL HVAC' matches; sponsor address corroborates (61 GLENN ST, LAWRENCE MA 01843)",medium,20261007T202810Z,20261007T202838Z,yes
biz-125,SBA_PPP_150K_PLUS,3132068504,SBA PPP FOIA - loans $150K and above,https://data.sba.gov/sites/default/files/distribution/SBA-OCA-2022-07-001/public_150k_plus_240930.csv,2026-10-07,3760a581dc3fd7ca12d09996aa360d749e075bcac517e5a6f7e92ae447a1cb8c,loan approved 02/23/2021; SBA data as of 2024-09-30,"filter BorrowerState=MA, NAICSCode=238220, CurrentApprovalAmount>=150000","EXCEL HVAC INC., 61 Glenn St, Lawrence 01843-1021; group: same legal name + same street address + ZIP",source record,20261007T202810Z,20261007T202838Z,yes
biz-125,SBA_PPP_150K_PLUS,9317477005,SBA PPP FOIA - loans $150K and above,https://data.sba.gov/sites/default/files/distribution/SBA-OCA-2022-07-001/public_150k_plus_240930.csv,2026-10-07,3760a581dc3fd7ca12d09996aa360d749e075bcac517e5a6f7e92ae447a1cb8c,loan approved 04/09/2020; SBA data as of 2024-09-30,"filter BorrowerState=MA, NAICSCode=238220, CurrentApprovalAmount>=150000","EXCEL HVAC, INC., 61 Glenn Street, LAWRENCE 01843-1021; group: same legal name + same street address + ZIP",source record,20261007T202810Z,20261007T202838Z,yes
biz-126,DOL_FORM_5500_2024,042049088-002 ACK 20260811071048NAL0008790624001,DOL Form 5500 dataset 2024 (Latest),https://askebsa.dol.gov/FOIA%20Files/2024/Latest/F_5500_2024_Latest.zip,2026-10-07,8884391d48a9e362fd7d2b91d6e37430bd2e54355c9dbc3479985c9d876872f8,plan year 2024-12-01..2025-11-30; received 2026-08-11,EIN and/or sponsor name + address,"sponsor name 'THOMAS G. GALLAGHER, INC.' matches; sponsor ZIP corroborates (WALTHAM MA 02452)",medium,20261007T202810Z,20261007T202838Z,yes
biz-126,SBA_PPP_150K_PLUS,9349927003,SBA PPP FOIA - loans $150K and above,https://data.sba.gov/sites/default/files/distribution/SBA-OCA-2022-07-001/public_150k_plus_240930.csv,2026-10-07,3760a581dc3fd7ca12d09996aa360d749e075bcac517e5a6f7e92ae447a1cb8c,loan approved 04/09/2020; SBA data as of 2024-09-30,"filter BorrowerState=MA, NAICSCode=238220, CurrentApprovalAmount>=150000","THOMAS G. GALLAGHER, INC., 309 WAVERLEY OAKS RD, WALTHAM 02452-8403; group: single loan",source record,20261007T202810Z,20261007T202838Z,yes
biz-127,DOL_FORM_5500_SF_2025,043339899-001 ACK 20260727133755NAL0015992115001,DOL Form 5500-SF dataset 2025 (Latest),https://askebsa.dol.gov/FOIA%20Files/2025/Latest/F_5500_SF_2025_Latest.zip,2026-10-07,2db4677bd93455ccc082d378fdd56594ac90ca0fc6f2da1639a15aea8ed3e94d,plan year 2025-01-01..2025-12-31; received 2026-07-27,EIN and/or sponsor name + address,"sponsor name 'BILO PLUMBING & HEATING CO. INC.' matches; sponsor address corroborates (198 HIGH STREET, IPSWICH MA 01938)",medium,20261007T202810Z,20261007T202838Z,yes
biz-127,SBA_PPP_150K_PLUS,9392617010,SBA PPP FOIA - loans $150K and above,https://data.sba.gov/sites/default/files/distribution/SBA-OCA-2022-07-001/public_150k_plus_240930.csv,2026-10-07,3760a581dc3fd7ca12d09996aa360d749e075bcac517e5a6f7e92ae447a1cb8c,loan approved 04/09/2020; SBA data as of 2024-09-30,"filter BorrowerState=MA, NAICSCode=238220, CurrentApprovalAmount>=150000","BILO PLUMBING & HEATING CO., INC., 198 HIGH ST, IPSWICH 01938-1248; group: single loan",source record,20261007T202810Z,20261007T202838Z,yes
biz-128,DOL_FORM_5500_SF_2025,043285264-002 ACK 20260421083014NAL0002412657001,DOL Form 5500-SF dataset 2025 (Latest),https://askebsa.dol.gov/FOIA%20Files/2025/Latest/F_5500_SF_2025_Latest.zip,2026-10-07,2db4677bd93455ccc082d378fdd56594ac90ca0fc6f2da1639a15aea8ed3e94d,plan year 2025-01-01..2025-12-31; received 2026-04-21,EIN and/or sponsor name + address,"sponsor name 'HOWSE CORPORATION, INC.' matches; sponsor address corroborates (197 MAIN ST. #102, NORTH READING MA 01864)",medium,20261007T202810Z,20261007T202838Z,yes
biz-128,SBA_PPP_150K_PLUS,9400147001,SBA PPP FOIA - loans $150K and above,https://data.sba.gov/sites/default/files/distribution/SBA-OCA-2022-07-001/public_150k_plus_240930.csv,2026-10-07,3760a581dc3fd7ca12d09996aa360d749e075bcac517e5a6f7e92ae447a1cb8c,loan approved 04/09/2020; SBA data as of 2024-09-30,"filter BorrowerState=MA, NAICSCode=238220, CurrentApprovalAmount>=150000","HOWSE CORPORATION, INC., 197 Main Street, NORTH READING 01864-3102; group: single loan",source record,20261007T202810Z,20261007T202838Z,yes
biz-129,SBA_PPP_150K_PLUS,9497047001,SBA PPP FOIA - loans $150K and above,https://data.sba.gov/sites/default/files/distribution/SBA-OCA-2022-07-001/public_150k_plus_240930.csv,2026-10-07,3760a581dc3fd7ca12d09996aa360d749e075bcac517e5a6f7e92ae447a1cb8c,loan approved 04/09/2020; SBA data as of 2024-09-30,"filter BorrowerState=MA, NAICSCode=238220, CurrentApprovalAmount>=150000","HOKUM ROCK CORPORATION, THE, 357 HOKUM ROCK RD, DENNIS 02638; group: single loan",source record,20261007T202810Z,20261007T202838Z,yes
biz-130,SBA_PPP_150K_PLUS,5036808500,SBA PPP FOIA - loans $150K and above,https://data.sba.gov/sites/default/files/distribution/SBA-OCA-2022-07-001/public_150k_plus_240930.csv,2026-10-07,3760a581dc3fd7ca12d09996aa360d749e075bcac517e5a6f7e92ae447a1cb8c,loan approved 02/26/2021; SBA data as of 2024-09-30,"filter BorrowerState=MA, NAICSCode=238220, CurrentApprovalAmount>=150000","EDWARD F CORCORAN PLUMBING & HEATING CO. INC., 5 Rose Pl, Springfield 01104-3103; group: same legal name + same street address + ZIP",source record,20261007T202810Z,20261007T202838Z,yes
biz-130,SBA_PPP_150K_PLUS,9622437000,SBA PPP FOIA - loans $150K and above,https://data.sba.gov/sites/default/files/distribution/SBA-OCA-2022-07-001/public_150k_plus_240930.csv,2026-10-07,3760a581dc3fd7ca12d09996aa360d749e075bcac517e5a6f7e92ae447a1cb8c,loan approved 04/09/2020; SBA data as of 2024-09-30,"filter BorrowerState=MA, NAICSCode=238220, CurrentApprovalAmount>=150000","EDWARD F. CORCORAN PLUMBING & HEATING CO., INC., 5 ROSE PL, SPRINGFIELD 01104-3103; group: same legal name + same street address + ZIP",source record,20261007T202810Z,20261007T202838Z,yes
biz-131,SBA_PPP_150K_PLUS,9622567004,SBA PPP FOIA - loans $150K and above,https://data.sba.gov/sites/default/files/distribution/SBA-OCA-2022-07-001/public_150k_plus_240930.csv,2026-10-07,3760a581dc3fd7ca12d09996aa360d749e075bcac517e5a6f7e92ae447a1cb8c,loan approved 04/09/2020; SBA data as of 2024-09-30,"filter BorrowerState=MA, NAICSCode=238220, CurrentApprovalAmount>=150000","MARK E MEACHAM INC., 253 A Worcester Rd, CHARLTON 01507-1501; group: single loan",source record,20261007T202810Z,20261007T202838Z,yes
biz-132,SBA_PPP_150K_PLUS,8679828601,SBA PPP FOIA - loans $150K and above,https://data.sba.gov/sites/default/files/distribution/SBA-OCA-2022-07-001/public_150k_plus_240930.csv,2026-10-07,3760a581dc3fd7ca12d09996aa360d749e075bcac517e5a6f7e92ae447a1cb8c,loan approved 03/25/2021; SBA data as of 2024-09-30,"filter BorrowerState=MA, NAICSCode=238220, CurrentApprovalAmount>=150000","V&G  PLUMBING AND HEATING CO. LLC, 5 Mason St, Worcester 01609-1803; group: same legal name + same ZIP (street spelling differs)",source record,20261007T202810Z,20261007T202838Z,yes
biz-132,SBA_PPP_150K_PLUS,9639087009,SBA PPP FOIA - loans $150K and above,https://data.sba.gov/sites/default/files/distribution/SBA-OCA-2022-07-001/public_150k_plus_240930.csv,2026-10-07,3760a581dc3fd7ca12d09996aa360d749e075bcac517e5a6f7e92ae447a1cb8c,loan approved 04/09/2020; SBA data as of 2024-09-30,"filter BorrowerState=MA, NAICSCode=238220, CurrentApprovalAmount>=150000","V & G PLUMBING AND HEATING CO., LLC, 05 Mason st, WORCESTER 01609-1803; group: same legal name + same ZIP (street spelling differs)",source record,20261007T202810Z,20261007T202838Z,yes
biz-133,SBA_PPP_150K_PLUS,9762697010,SBA PPP FOIA - loans $150K and above,https://data.sba.gov/sites/default/files/distribution/SBA-OCA-2022-07-001/public_150k_plus_240930.csv,2026-10-07,3760a581dc3fd7ca12d09996aa360d749e075bcac517e5a6f7e92ae447a1cb8c,loan approved 04/09/2020; SBA data as of 2024-09-30,"filter BorrowerState=MA, NAICSCode=238220, CurrentApprovalAmount>=150000","FLYNN & CATALDO INC, 67 Smith Place Unit 11, CAMBRIDGE 02138-1063; group: single loan",source record,20261007T202810Z,20261007T202838Z,yes
biz-134,SBA_PPP_150K_PLUS,2049228302,SBA PPP FOIA - loans $150K and above,https://data.sba.gov/sites/default/files/distribution/SBA-OCA-2022-07-001/public_150k_plus_240930.csv,2026-10-07,3760a581dc3fd7ca12d09996aa360d749e075bcac517e5a6f7e92ae447a1cb8c,loan approved 01/20/2021; SBA data as of 2024-09-30,"filter BorrowerState=MA, NAICSCode=238220, CurrentApprovalAmount>=150000","SUNDAY RIVER LLC, 9 Bonazzoli Ave Ste 25, Hudson 01749-2857; group: same legal name + same street address + ZIP",source record,20261007T202810Z,20261007T202838Z,yes
biz-134,SBA_PPP_150K_PLUS,9780537001,SBA PPP FOIA - loans $150K and above,https://data.sba.gov/sites/default/files/distribution/SBA-OCA-2022-07-001/public_150k_plus_240930.csv,2026-10-07,3760a581dc3fd7ca12d09996aa360d749e075bcac517e5a6f7e92ae447a1cb8c,loan approved 04/09/2020; SBA data as of 2024-09-30,"filter BorrowerState=MA, NAICSCode=238220, CurrentApprovalAmount>=150000","SUNDAY RIVER LLC, 9 Bonazzoli Ave Ste 25, Hudson 01749-2849; group: same legal name + same street address + ZIP",source record,20261007T202810Z,20261007T202838Z,yes
biz-135,SBA_PPP_150K_PLUS,6913438504,SBA PPP FOIA - loans $150K and above,https://data.sba.gov/sites/default/files/distribution/SBA-OCA-2022-07-001/public_150k_plus_240930.csv,2026-10-07,3760a581dc3fd7ca12d09996aa360d749e075bcac517e5a6f7e92ae447a1cb8c,loan approved 03/04/2021; SBA data as of 2024-09-30,"filter BorrowerState=MA, NAICSCode=238220, CurrentApprovalAmount>=150000","MANSFIELD & ROBBINS PLUMBING & HEATING INC., 234 Albion St, Wakefield 01880-3125; group: same legal name + same street address + ZIP",source record,20261007T202810Z,20261007T202838Z,yes
biz-135,SBA_PPP_150K_PLUS,9817827010,SBA PPP FOIA - loans $150K and above,https://data.sba.gov/sites/default/files/distribution/SBA-OCA-2022-07-001/public_150k_plus_240930.csv,2026-10-07,3760a581dc3fd7ca12d09996aa360d749e075bcac517e5a6f7e92ae447a1cb8c,loan approved 04/09/2020; SBA data as of 2024-09-30,"filter BorrowerState=MA, NAICSCode=238220, CurrentApprovalAmount>=150000","MANSFIELD AND ROBBINS PLUMBING & HEATING, INC., 234 ALBION ST, WAKEFIELD 01880-3125; group: same legal name + same street address + ZIP",source record,20261007T202810Z,20261007T202838Z,yes
biz-136,SBA_PPP_150K_PLUS,4560928710,SBA PPP FOIA - loans $150K and above,https://data.sba.gov/sites/default/files/distribution/SBA-OCA-2022-07-001/public_150k_plus_240930.csv,2026-10-07,3760a581dc3fd7ca12d09996aa360d749e075bcac517e5a6f7e92ae447a1cb8c,loan approved 04/01/2021; SBA data as of 2024-09-30,"filter BorrowerState=MA, NAICSCode=238220, CurrentApprovalAmount>=150000","JEFFREY J PEABODY PLUMBING & HEATING LLC, 58R PULASKI ST, PEABODY 01960; group: same legal name + same ZIP (street spelling differs)",source record,20261007T202810Z,20261007T202838Z,yes
biz-136,SBA_PPP_150K_PLUS,9940347003,SBA PPP FOIA - loans $150K and above,https://data.sba.gov/sites/default/files/distribution/SBA-OCA-2022-07-001/public_150k_plus_240930.csv,2026-10-07,3760a581dc3fd7ca12d09996aa360d749e075bcac517e5a6f7e92ae447a1cb8c,loan approved 04/09/2020; SBA data as of 2024-09-30,"filter BorrowerState=MA, NAICSCode=238220, CurrentApprovalAmount>=150000","JEFFREY J. PEABODY PLUMBING AND HEATING, LLC, 58 R PULASKI ST, PEABODY 01960-1800; group: same legal name + same ZIP (street spelling differs)",source record,20261007T202810Z,20261007T202838Z,yes
biz-137,DOL_FORM_5500_SF_2025,043203699-001 ACK 20260819090547NAL0018463777001,DOL Form 5500-SF dataset 2025 (Latest),https://askebsa.dol.gov/FOIA%20Files/2025/Latest/F_5500_SF_2025_Latest.zip,2026-10-07,2db4677bd93455ccc082d378fdd56594ac90ca0fc6f2da1639a15aea8ed3e94d,plan year 2025-01-01..2025-12-31; received 2026-08-19,EIN and/or sponsor name + address,"sponsor name 'HOUGHTON PLUMBING & HEATING, INC.' matches; sponsor address corroborates (130 CENTRAL STREET, STONEHAM MA 02180)",medium,20261007T202810Z,20261007T202838Z,yes
biz-137,SBA_PPP_150K_PLUS,1209407100,SBA PPP FOIA - loans $150K and above,https://data.sba.gov/sites/default/files/distribution/SBA-OCA-2022-07-001/public_150k_plus_240930.csv,2026-10-07,3760a581dc3fd7ca12d09996aa360d749e075bcac517e5a6f7e92ae447a1cb8c,loan approved 04/10/2020; SBA data as of 2024-09-30,"filter BorrowerState=MA, NAICSCode=238220, CurrentApprovalAmount>=150000","HOUGHTON PLUMBING AND HEATING, INC., 130 CENTRAL ST, STONEHAM 02180-4101; group: single loan",source record,20261007T202810Z,20261007T202838Z,yes
biz-138,SBA_PPP_150K_PLUS,1213477102,SBA PPP FOIA - loans $150K and above,https://data.sba.gov/sites/default/files/distribution/SBA-OCA-2022-07-001/public_150k_plus_240930.csv,2026-10-07,3760a581dc3fd7ca12d09996aa360d749e075bcac517e5a6f7e92ae447a1cb8c,loan approved 04/10/2020; SBA data as of 2024-09-30,"filter BorrowerState=MA, NAICSCode=238220, CurrentApprovalAmount>=150000","CGR MECHANICAL, INC., 89 BELMONT ST, NORTH ANDOVER 01845-2304; group: same legal name + same ZIP (street spelling differs)",source record,20261007T202810Z,20261007T202838Z,yes
biz-138,SBA_PPP_150K_PLUS,5348098402,SBA PPP FOIA - loans $150K and above,https://data.sba.gov/sites/default/files/distribution/SBA-OCA-2022-07-001/public_150k_plus_240930.csv,2026-10-07,3760a581dc3fd7ca12d09996aa360d749e075bcac517e5a6f7e92ae447a1cb8c,loan approved 02/08/2021; SBA data as of 2024-09-30,"filter BorrowerState=MA, NAICSCode=238220, CurrentApprovalAmount>=150000","CGR MECHANICAL INC, 89, NORTH ANDOVER 01845; group: same legal name + same ZIP (street spelling differs)",source record,20261007T202810Z,20261007T202838Z,yes
biz-139,DOL_FORM_5500_SF_2024,043529621-002 ACK 20260702102645NAL0012298723001,DOL Form 5500-SF dataset 2024 (Latest),https://askebsa.dol.gov/FOIA%20Files/2024/Latest/F_5500_SF_2024_Latest.zip,2026-10-07,11370908e2bbc78d1d418b2f2a2177875e0524c12b69a181432d6fd65a5966c3,plan year 2024-10-01..2025-09-30; received 2026-07-02,EIN and/or sponsor name + address,"sponsor name 'J.S. MORTIMER, INC.' matches; sponsor address corroborates (13 ROCKLAND ROAD, AUBURN MA 01501)",medium,20261007T202810Z,20261007T202838Z,yes
biz-139,DOL_FORM_5500_SF_2024,043529621-003 ACK 20260715101731NAL0002755329001,DOL Form 5500-SF dataset 2024 (Latest),https://askebsa.dol.gov/FOIA%20Files/2024/Latest/F_5500_SF_2024_Latest.zip,2026-10-07,11370908e2bbc78d1d418b2f2a2177875e0524c12b69a181432d6fd65a5966c3,plan year 2024-10-01..2025-09-30; received 2026-07-15,EIN and/or sponsor name + address,"sponsor name 'J. S. MORTIMER, INC.' matches; sponsor address corroborates (13 ROCKLAND ROAD, AUBURN MA 01501)",medium,20261007T202810Z,20261007T202838Z,yes
biz-139,SBA_PPP_150K_PLUS,1277497107,SBA PPP FOIA - loans $150K and above,https://data.sba.gov/sites/default/files/distribution/SBA-OCA-2022-07-001/public_150k_plus_240930.csv,2026-10-07,3760a581dc3fd7ca12d09996aa360d749e075bcac517e5a6f7e92ae447a1cb8c,loan approved 04/10/2020; SBA data as of 2024-09-30,"filter BorrowerState=MA, NAICSCode=238220, CurrentApprovalAmount>=150000","J.S. MORTIMER, INC., 13 ROCKLAND RD, AUBURN 01501-2023; group: same legal name + same street address + ZIP",source record,20261007T202810Z,20261007T202838Z,yes
biz-139,SBA_PPP_150K_PLUS,8666388710,SBA PPP FOIA - loans $150K and above,https://data.sba.gov/sites/default/files/distribution/SBA-OCA-2022-07-001/public_150k_plus_240930.csv,2026-10-07,3760a581dc3fd7ca12d09996aa360d749e075bcac517e5a6f7e92ae447a1cb8c,loan approved 04/07/2021; SBA data as of 2024-09-30,"filter BorrowerState=MA, NAICSCode=238220, CurrentApprovalAmount>=150000","J S MORTIMER INC, 13 Rockland Rd, Auburn 01501-2023; group: same legal name + same street address + ZIP",source record,20261007T202810Z,20261007T202838Z,yes
biz-140,SBA_PPP_150K_PLUS,1285947100,SBA PPP FOIA - loans $150K and above,https://data.sba.gov/sites/default/files/distribution/SBA-OCA-2022-07-001/public_150k_plus_240930.csv,2026-10-07,3760a581dc3fd7ca12d09996aa360d749e075bcac517e5a6f7e92ae447a1cb8c,loan approved 04/10/2020; SBA data as of 2024-09-30,"filter BorrowerState=MA, NAICSCode=238220, CurrentApprovalAmount>=150000","BURKE & SONS PLUMBING & HEATING, INC., 1 FEDERAL WAY, GROVELAND 01834-1564; group: same legal name + same street address + ZIP",source record,20261007T202810Z,20261007T202838Z,yes
biz-140,SBA_PPP_150K_PLUS,2466458509,SBA PPP FOIA - loans $150K and above,https://data.sba.gov/sites/default/files/distribution/SBA-OCA-2022-07-001/public_150k_plus_240930.csv,2026-10-07,3760a581dc3fd7ca12d09996aa360d749e075bcac517e5a6f7e92ae447a1cb8c,loan approved 02/20/2021; SBA data as of 2024-09-30,"filter BorrowerState=MA, NAICSCode=238220, CurrentApprovalAmount>=150000","BURKE & SONS PLUMBING & HEATING INC., 1 Federal Way, Groveland 01834-1564; group: same legal name + same street address + ZIP",source record,20261007T202810Z,20261007T202838Z,yes
biz-141,SBA_PPP_150K_PLUS,1295537110,SBA PPP FOIA - loans $150K and above,https://data.sba.gov/sites/default/files/distribution/SBA-OCA-2022-07-001/public_150k_plus_240930.csv,2026-10-07,3760a581dc3fd7ca12d09996aa360d749e075bcac517e5a6f7e92ae447a1cb8c,loan approved 04/10/2020; SBA data as of 2024-09-30,"filter BorrowerState=MA, NAICSCode=238220, CurrentApprovalAmount>=150000","WILLIAM MUELLER PLUMBING INC, 7-A Street Airport Park, Edgartown 02539; group: single loan",source record,20261007T202810Z,20261007T202838Z,yes
biz-142,DOL_FORM_5500_SF_2024,042481543-001 ACK 20250926103459NAL0003951955001,DOL Form 5500-SF dataset 2024 (Latest),https://askebsa.dol.gov/FOIA%20Files/2024/Latest/F_5500_SF_2024_Latest.zip,2026-10-07,11370908e2bbc78d1d418b2f2a2177875e0524c12b69a181432d6fd65a5966c3,plan year 2024-01-01..2024-12-31; received 2025-09-26,EIN and/or sponsor name + address,"sponsor name 'TRETHEWEY BROTHERS, INC.' matches; sponsor address corroborates (4280 WASHINGTON STREET, ROSLINDALE MA 021319905)",medium,20261007T202810Z,20261007T202838Z,yes
biz-142,SBA_PPP_150K_PLUS,1393787108,SBA PPP FOIA - loans $150K and above,https://data.sba.gov/sites/default/files/distribution/SBA-OCA-2022-07-001/public_150k_plus_240930.csv,2026-10-07,3760a581dc3fd7ca12d09996aa360d749e075bcac517e5a6f7e92ae447a1cb8c,loan approved 04/10/2020; SBA data as of 2024-09-30,"filter BorrowerState=MA, NAICSCode=238220, CurrentApprovalAmount>=150000","TRETHEWEY BROTHERS INC, 4280 WASHINGTON ST, ROSLINDALE 02131-3001; group: single loan",source record,20261007T202810Z,20261007T202838Z,yes
biz-143,DOL_FORM_5500_SF_2025,204759327-001 ACK 20260511075928NAL0005126691001,DOL Form 5500-SF dataset 2025 (Latest),https://askebsa.dol.gov/FOIA%20Files/2025/Latest/F_5500_SF_2025_Latest.zip,2026-10-07,2db4677bd93455ccc082d378fdd56594ac90ca0fc6f2da1639a15aea8ed3e94d,plan year 2025-01-01..2025-12-31; received 2026-05-11,EIN and/or sponsor name + address,"sponsor name 'A PLUS HVAC INC' matches; sponsor address corroborates (26 AIRPORT DR, WESTFIELD MA 010851499)",medium,20261007T202810Z,20261007T202838Z,yes
biz-143,SBA_PPP_150K_PLUS,1497287105,SBA PPP FOIA - loans $150K and above,https://data.sba.gov/sites/default/files/distribution/SBA-OCA-2022-07-001/public_150k_plus_240930.csv,2026-10-07,3760a581dc3fd7ca12d09996aa360d749e075bcac517e5a6f7e92ae447a1cb8c,loan approved 04/10/2020; SBA data as of 2024-09-30,"filter BorrowerState=MA, NAICSCode=238220, CurrentApprovalAmount>=150000","A PLUS HVAC INC., 26 Airport Drive, WESTFIELD 01085-1300; group: single loan",source record,20261007T202810Z,20261007T202838Z,yes
biz-144,DOL_FORM_5500_SF_2025,043045593-001 ACK 20260317113623NAL0002077569001,DOL Form 5500-SF dataset 2025 (Latest),https://askebsa.dol.gov/FOIA%20Files/2025/Latest/F_5500_SF_2025_Latest.zip,2026-10-07,2db4677bd93455ccc082d378fdd56594ac90ca0fc6f2da1639a15aea8ed3e94d,plan year 2025-01-01..2025-12-31; received 2026-03-17,EIN and/or sponsor name + address,"sponsor name 'ENERGY CONSTRUCTION SERVICES, INC.' matches; sponsor address corroborates (213 SOUTHBRIDGE STREET, AUBURN MA 01501)",medium,20261007T202810Z,20261007T202838Z,yes
biz-144,SBA_PPP_150K_PLUS,1588727101,SBA PPP FOIA - loans $150K and above,https://data.sba.gov/sites/default/files/distribution/SBA-OCA-2022-07-001/public_150k_plus_240930.csv,2026-10-07,3760a581dc3fd7ca12d09996aa360d749e075bcac517e5a6f7e92ae447a1cb8c,loan approved 04/10/2020; SBA data as of 2024-09-30,"filter BorrowerState=MA, NAICSCode=238220, CurrentApprovalAmount>=150000","ENERGY CONSTRUCTION SERVICES, INC., 213 SOUTHBRIDGE ST, AUBURN 01501-2548; group: single loan",source record,20261007T202810Z,20261007T202838Z,yes
biz-145,DOL_FORM_5500_SF_2025,203564610-001 ACK 20260724093651NAL0021590258001,DOL Form 5500-SF dataset 2025 (Latest),https://askebsa.dol.gov/FOIA%20Files/2025/Latest/F_5500_SF_2025_Latest.zip,2026-10-07,2db4677bd93455ccc082d378fdd56594ac90ca0fc6f2da1639a15aea8ed3e94d,plan year 2025-01-01..2025-12-31; received 2026-07-24,EIN and/or sponsor name + address,sponsor name 'JEC SERVICE COMPANY' matches; sponsor ZIP corroborates (WALTHAM MA 02453),medium,20261007T202810Z,20261007T202838Z,yes
biz-145,SBA_PPP_150K_PLUS,1616407108,SBA PPP FOIA - loans $150K and above,https://data.sba.gov/sites/default/files/distribution/SBA-OCA-2022-07-001/public_150k_plus_240930.csv,2026-10-07,3760a581dc3fd7ca12d09996aa360d749e075bcac517e5a6f7e92ae447a1cb8c,loan approved 04/10/2020; SBA data as of 2024-09-30,"filter BorrowerState=MA, NAICSCode=238220, CurrentApprovalAmount>=150000","JEC SERVICE COMPANY, INC., 110 Clematis Ave # 1, Waltham 02453-7013; group: single loan",source record,20261007T202810Z,20261007T202838Z,yes
biz-146,DOL_FORM_5500_SF_2025,822408428-001 ACK 20260430120243NAL0006397459001,DOL Form 5500-SF dataset 2025 (Latest),https://askebsa.dol.gov/FOIA%20Files/2025/Latest/F_5500_SF_2025_Latest.zip,2026-10-07,2db4677bd93455ccc082d378fdd56594ac90ca0fc6f2da1639a15aea8ed3e94d,plan year 2025-01-01..2025-12-31; received 2026-04-30,EIN and/or sponsor name + address,"sponsor name 'DIAMOND MECHANICAL INC.' matches; sponsor address corroborates (723 WASHINGTON STREET, WEYMOUTH MA 02188)",medium,20261007T202810Z,20261007T202838Z,yes
biz-146,SBA_PPP_150K_PLUS,1659947106,SBA PPP FOIA - loans $150K and above,https://data.sba.gov/sites/default/files/distribution/SBA-OCA-2022-07-001/public_150k_plus_240930.csv,2026-10-07,3760a581dc3fd7ca12d09996aa360d749e075bcac517e5a6f7e92ae447a1cb8c,loan approved 04/10/2020; SBA data as of 2024-09-30,"filter BorrowerState=MA, NAICSCode=238220, CurrentApprovalAmount>=150000","DIAMOND MECHANICAL, INC, 723 WASHINGTON ST, WEYMOUTH 02188-3321; group: single loan",source record,20261007T202810Z,20261007T202838Z,yes
biz-147,SBA_PPP_150K_PLUS,1698497105,SBA PPP FOIA - loans $150K and above,https://data.sba.gov/sites/default/files/distribution/SBA-OCA-2022-07-001/public_150k_plus_240930.csv,2026-10-07,3760a581dc3fd7ca12d09996aa360d749e075bcac517e5a6f7e92ae447a1cb8c,loan approved 04/10/2020; SBA data as of 2024-09-30,"filter BorrowerState=MA, NAICSCode=238220, CurrentApprovalAmount>=150000","THOMAS E. SNOWDEN, INC., 189 CENTRAL ST, SAUGUS 01906-2106; group: same legal name + same street address + ZIP",source record,20261007T202810Z,20261007T202838Z,yes
biz-147,SBA_PPP_150K_PLUS,7627418502,SBA PPP FOIA - loans $150K and above,https://data.sba.gov/sites/default/files/distribution/SBA-OCA-2022-07-001/public_150k_plus_240930.csv,2026-10-07,3760a581dc3fd7ca12d09996aa360d749e075bcac517e5a6f7e92ae447a1cb8c,loan approved 03/06/2021; SBA data as of 2024-09-30,"filter BorrowerState=MA, NAICSCode=238220, CurrentApprovalAmount>=150000","THOMAS E. SNOWDEN INC., 189 Central St, Saugus 01906-2106; group: same legal name + same street address + ZIP",source record,20261007T202810Z,20261007T202838Z,yes
biz-148,SBA_PPP_150K_PLUS,1781037108,SBA PPP FOIA - loans $150K and above,https://data.sba.gov/sites/default/files/distribution/SBA-OCA-2022-07-001/public_150k_plus_240930.csv,2026-10-07,3760a581dc3fd7ca12d09996aa360d749e075bcac517e5a6f7e92ae447a1cb8c,loan approved 04/10/2020; SBA data as of 2024-09-30,"filter BorrowerState=MA, NAICSCode=238220, CurrentApprovalAmount>=150000","YANKEE SPRINKLER CO., INC., 612 PLYMOUTH ST, EAST BRIDGEWATER 02333-2008; group: single loan",source record,20261007T202810Z,20261007T202838Z,yes
biz-149,SBA_PPP_150K_PLUS,1823887104,SBA PPP FOIA - loans $150K and above,https://data.sba.gov/sites/default/files/distribution/SBA-OCA-2022-07-001/public_150k_plus_240930.csv,2026-10-07,3760a581dc3fd7ca12d09996aa360d749e075bcac517e5a6f7e92ae447a1cb8c,loan approved 04/10/2020; SBA data as of 2024-09-30,"filter BorrowerState=MA, NAICSCode=238220, CurrentApprovalAmount>=150000","CITY POINT FIRE PROTECTION, INC., 10 COMMERCE RD, ROCKLAND 02370-1053; group: single loan",source record,20261007T202810Z,20261007T202838Z,yes
biz-150,DOL_FORM_5500_SF_2025,042722496-001 ACK 20260706215923NAL0018456193001,DOL Form 5500-SF dataset 2025 (Latest),https://askebsa.dol.gov/FOIA%20Files/2025/Latest/F_5500_SF_2025_Latest.zip,2026-10-07,2db4677bd93455ccc082d378fdd56594ac90ca0fc6f2da1639a15aea8ed3e94d,plan year 2025-01-01..2025-12-31; received 2026-07-06,EIN and/or sponsor name + address,"sponsor name 'MONIQUES BATH SHOWROOM, INC.' matches; sponsor address corroborates (123 N. BEACON STREET, WATERTOWN MA 02472)",medium,20261007T202810Z,20261007T202838Z,yes
biz-150,SBA_PPP_150K_PLUS,1901357105,SBA PPP FOIA - loans $150K and above,https://data.sba.gov/sites/default/files/distribution/SBA-OCA-2022-07-001/public_150k_plus_240930.csv,2026-10-07,3760a581dc3fd7ca12d09996aa360d749e075bcac517e5a6f7e92ae447a1cb8c,loan approved 04/10/2020; SBA data as of 2024-09-30,"filter BorrowerState=MA, NAICSCode=238220, CurrentApprovalAmount>=150000","MONIQUE'S BATH SHOWROOM, INC, 123 N Beacon Street, WATERTOWN 02472-2712; group: single loan",source record,20261007T202810Z,20261007T202838Z,yes
biz-151,SBA_PPP_150K_PLUS,1957727108,SBA PPP FOIA - loans $150K and above,https://data.sba.gov/sites/default/files/distribution/SBA-OCA-2022-07-001/public_150k_plus_240930.csv,2026-10-07,3760a581dc3fd7ca12d09996aa360d749e075bcac517e5a6f7e92ae447a1cb8c,loan approved 04/10/2020; SBA data as of 2024-09-30,"filter BorrowerState=MA, NAICSCode=238220, CurrentApprovalAmount>=150000","DARCY CO INC (THE), 44 CLEMENTE ST, HOLYOKE 01040-5749; group: single loan",source record,20261007T202810Z,20261007T202838Z,yes
biz-152,SBA_PPP_150K_PLUS,1982707104,SBA PPP FOIA - loans $150K and above,https://data.sba.gov/sites/default/files/distribution/SBA-OCA-2022-07-001/public_150k_plus_240930.csv,2026-10-07,3760a581dc3fd7ca12d09996aa360d749e075bcac517e5a6f7e92ae447a1cb8c,loan approved 04/10/2020; SBA data as of 2024-09-30,"filter BorrowerState=MA, NAICSCode=238220, CurrentApprovalAmount>=150000","SOLAR ON EARTH INC, 11 WILLOW RD, AYER 01432-1500; group: single loan",source record,20261007T202810Z,20261007T202838Z,yes
biz-153,SBA_PPP_150K_PLUS,2010297101,SBA PPP FOIA - loans $150K and above,https://data.sba.gov/sites/default/files/distribution/SBA-OCA-2022-07-001/public_150k_plus_240930.csv,2026-10-07,3760a581dc3fd7ca12d09996aa360d749e075bcac517e5a6f7e92ae447a1cb8c,loan approved 04/10/2020; SBA data as of 2024-09-30,"filter BorrowerState=MA, NAICSCode=238220, CurrentApprovalAmount>=150000","ADVANCE AIR & HEAT COMPANY INC, 177 BULLOCK RD, EAST FREETOWN 02717-1419; group: single loan",source record,20261007T202810Z,20261007T202838Z,yes
biz-154,SBA_PPP_150K_PLUS,2013007101,SBA PPP FOIA - loans $150K and above,https://data.sba.gov/sites/default/files/distribution/SBA-OCA-2022-07-001/public_150k_plus_240930.csv,2026-10-07,3760a581dc3fd7ca12d09996aa360d749e075bcac517e5a6f7e92ae447a1cb8c,loan approved 04/10/2020; SBA data as of 2024-09-30,"filter BorrowerState=MA, NAICSCode=238220, CurrentApprovalAmount>=150000","FOUR SEASONS HEATING & COOLING, INC., 134 East Housatonic Street, DALTON 01226-1928; group: same legal name + same street address + ZIP",source record,20261007T202810Z,20261007T202838Z,yes
biz-154,SBA_PPP_150K_PLUS,3977448502,SBA PPP FOIA - loans $150K and above,https://data.sba.gov/sites/default/files/distribution/SBA-OCA-2022-07-001/public_150k_plus_240930.csv,2026-10-07,3760a581dc3fd7ca12d09996aa360d749e075bcac517e5a6f7e92ae447a1cb8c,loan approved 02/24/2021; SBA data as of 2024-09-30,"filter BorrowerState=MA, NAICSCode=238220, CurrentApprovalAmount>=150000","FOUR SEASONS HEATING & COOLING INC., 134 E Housatonic St, Dalton 01226-1928; group: same legal name + same street address + ZIP",source record,20261007T202810Z,20261007T202838Z,yes
biz-155,SBA_PPP_150K_PLUS,2050287103,SBA PPP FOIA - loans $150K and above,https://data.sba.gov/sites/default/files/distribution/SBA-OCA-2022-07-001/public_150k_plus_240930.csv,2026-10-07,3760a581dc3fd7ca12d09996aa360d749e075bcac517e5a6f7e92ae447a1cb8c,loan approved 04/10/2020; SBA data as of 2024-09-30,"filter BorrowerState=MA, NAICSCode=238220, CurrentApprovalAmount>=150000","CHAVES HEATING & AIR CONDITIONING INC, 15 BONAZZOLI AVE, HUDSON 01749-2850; group: single loan",source record,20261007T202810Z,20261007T202838Z,yes
biz-156,DOL_FORM_5500_SF_2025,042467993-001 ACK 20260402140224NAL0001197107001,DOL Form 5500-SF dataset 2025 (Latest),https://askebsa.dol.gov/FOIA%20Files/2025/Latest/F_5500_SF_2025_Latest.zip,2026-10-07,2db4677bd93455ccc082d378fdd56594ac90ca0fc6f2da1639a15aea8ed3e94d,plan year 2025-01-01..2025-12-31; received 2026-04-02,EIN and/or sponsor name + address,"sponsor name 'INDUSTRIAL BURNER SYSTEMS, INC.' / DBA 'NC.' matches; sponsor address corroborates (61 COPELAND STREET, QUINCY MA 02169)",medium,20261007T202810Z,20261007T202838Z,yes
biz-156,SBA_PPP_150K_PLUS,2081877106,SBA PPP FOIA - loans $150K and above,https://data.sba.gov/sites/default/files/distribution/SBA-OCA-2022-07-001/public_150k_plus_240930.csv,2026-10-07,3760a581dc3fd7ca12d09996aa360d749e075bcac517e5a6f7e92ae447a1cb8c,loan approved 04/10/2020; SBA data as of 2024-09-30,"filter BorrowerState=MA, NAICSCode=238220, CurrentApprovalAmount>=150000","INDUSTRIAL BURNER SYSTEMS INC, 61 COPELAND ST, QUINCY 02169-6420; group: single loan",source record,20261007T202810Z,20261007T202838Z,yes
biz-157,SBA_PPP_150K_PLUS,2116357104,SBA PPP FOIA - loans $150K and above,https://data.sba.gov/sites/default/files/distribution/SBA-OCA-2022-07-001/public_150k_plus_240930.csv,2026-10-07,3760a581dc3fd7ca12d09996aa360d749e075bcac517e5a6f7e92ae447a1cb8c,loan approved 04/10/2020; SBA data as of 2024-09-30,"filter BorrowerState=MA, NAICSCode=238220, CurrentApprovalAmount>=150000","HURLEY & DAVID INC, 90 FISK AVE, SPRINGFIELD 01107-1050; group: single loan",source record,20261007T202810Z,20261007T202838Z,yes
biz-158,SBA_PPP_150K_PLUS,2185457103,SBA PPP FOIA - loans $150K and above,https://data.sba.gov/sites/default/files/distribution/SBA-OCA-2022-07-001/public_150k_plus_240930.csv,2026-10-07,3760a581dc3fd7ca12d09996aa360d749e075bcac517e5a6f7e92ae447a1cb8c,loan approved 04/10/2020; SBA data as of 2024-09-30,"filter BorrowerState=MA, NAICSCode=238220, CurrentApprovalAmount>=150000","HILLIS CORP, 555 WOBURN ST, TEWKSBURY 01876-3425; group: single loan",source record,20261007T202810Z,20261007T202838Z,yes
biz-159,SBA_PPP_150K_PLUS,2226997109,SBA PPP FOIA - loans $150K and above,https://data.sba.gov/sites/default/files/distribution/SBA-OCA-2022-07-001/public_150k_plus_240930.csv,2026-10-07,3760a581dc3fd7ca12d09996aa360d749e075bcac517e5a6f7e92ae447a1cb8c,loan approved 04/10/2020; SBA data as of 2024-09-30,"filter BorrowerState=MA, NAICSCode=238220, CurrentApprovalAmount>=150000","DJ PLUMBING & HEATING, INC., 67 IPSWICH RD, BOXFORD 01921-2020; group: single loan",source record,20261007T202810Z,20261007T202838Z,yes
biz-160,SBA_PPP_150K_PLUS,2447467107,SBA PPP FOIA - loans $150K and above,https://data.sba.gov/sites/default/files/distribution/SBA-OCA-2022-07-001/public_150k_plus_240930.csv,2026-10-07,3760a581dc3fd7ca12d09996aa360d749e075bcac517e5a6f7e92ae447a1cb8c,loan approved 04/10/2020; SBA data as of 2024-09-30,"filter BorrowerState=MA, NAICSCode=238220, CurrentApprovalAmount>=150000","CLIMATE HEATING AND COOLING, INC., 146 Hubbard Avenue, PITTSFIELD 01201-3861; group: same legal name + same street address + ZIP",source record,20261007T202810Z,20261007T202838Z,yes
biz-160,SBA_PPP_150K_PLUS,3021818501,SBA PPP FOIA - loans $150K and above,https://data.sba.gov/sites/default/files/distribution/SBA-OCA-2022-07-001/public_150k_plus_240930.csv,2026-10-07,3760a581dc3fd7ca12d09996aa360d749e075bcac517e5a6f7e92ae447a1cb8c,loan approved 02/22/2021; SBA data as of 2024-09-30,"filter BorrowerState=MA, NAICSCode=238220, CurrentApprovalAmount>=150000","CLIMATE HEATING AND COOLING INC., 146 Hubbard Ave, Pittsfield 01201-3861; group: same legal name + same street address + ZIP",source record,20261007T202810Z,20261007T202838Z,yes
biz-161,DOL_FORM_5500_SF_2025,814845772-002 ACK 20260904121351NAL0013779824002,DOL Form 5500-SF dataset 2025 (Latest),https://askebsa.dol.gov/FOIA%20Files/2025/Latest/F_5500_SF_2025_Latest.zip,2026-10-07,2db4677bd93455ccc082d378fdd56594ac90ca0fc6f2da1639a15aea8ed3e94d,plan year 2025-01-01..2025-12-31; received 2026-09-04,EIN and/or sponsor name + address,"sponsor name 'COASTAL PLUMBING AND HEATING, LLC' matches; sponsor ZIP corroborates (SOUTH YARMOUTH MA 02664)",medium,20261007T202810Z,20261007T202838Z,yes
biz-161,SBA_PPP_150K_PLUS,2474797107,SBA PPP FOIA - loans $150K and above,https://data.sba.gov/sites/default/files/distribution/SBA-OCA-2022-07-001/public_150k_plus_240930.csv,2026-10-07,3760a581dc3fd7ca12d09996aa360d749e075bcac517e5a6f7e92ae447a1cb8c,loan approved 04/10/2020; SBA data as of 2024-09-30,"filter BorrowerState=MA, NAICSCode=238220, CurrentApprovalAmount>=150000","COASTAL PLUMBING AND HEATING LLC, 299 WHITES PATH, SOUTH YARMOUTH 02664-1214; group: same legal name + same ZIP (street spelling differs)",source record,20261007T202810Z,20261007T202838Z,yes
biz-161,SBA_PPP_150K_PLUS,2842338306,SBA PPP FOIA - loans $150K and above,https://data.sba.gov/sites/default/files/distribution/SBA-OCA-2022-07-001/public_150k_plus_240930.csv,2026-10-07,3760a581dc3fd7ca12d09996aa360d749e075bcac517e5a6f7e92ae447a1cb8c,loan approved 01/21/2021; SBA data as of 2024-09-30,"filter BorrowerState=MA, NAICSCode=238220, CurrentApprovalAmount>=150000","COASTAL PLUMBING AND HEATING LLC, 21 Fruean Way Unit L, South Yarmouth 02664-1690; group: same legal name + same ZIP (street spelling differs)",source record,20261007T202810Z,20261007T202838Z,yes
biz-162,SBA_PPP_150K_PLUS,2527607101,SBA PPP FOIA - loans $150K and above,https://data.sba.gov/sites/default/files/distribution/SBA-OCA-2022-07-001/public_150k_plus_240930.csv,2026-10-07,3760a581dc3fd7ca12d09996aa360d749e075bcac517e5a6f7e92ae447a1cb8c,loan approved 04/10/2020; SBA data as of 2024-09-30,"filter BorrowerState=MA, NAICSCode=238220, CurrentApprovalAmount>=150000","T. SULLIVAN MECHANICAL INC, 1102 Hanover Street, HANOVER 02339-2023; group: same legal name + same street address + ZIP",source record,20261007T202810Z,20261007T202838Z,yes
biz-162,SBA_PPP_150K_PLUS,6534078307,SBA PPP FOIA - loans $150K and above,https://data.sba.gov/sites/default/files/distribution/SBA-OCA-2022-07-001/public_150k_plus_240930.csv,2026-10-07,3760a581dc3fd7ca12d09996aa360d749e075bcac517e5a6f7e92ae447a1cb8c,loan approved 01/27/2021; SBA data as of 2024-09-30,"filter BorrowerState=MA, NAICSCode=238220, CurrentApprovalAmount>=150000","T. SULLIVAN MECHANICAL INC., 1102 Hanover St Unit 1, Hanover 02339-2043; group: same legal name + same street address + ZIP",source record,20261007T202810Z,20261007T202838Z,yes
biz-163,DOL_FORM_5500_SF_2024,843163540-002 ACK 20250925080932NAL0008302801001,DOL Form 5500-SF dataset 2024 (Latest),https://askebsa.dol.gov/FOIA%20Files/2024/Latest/F_5500_SF_2024_Latest.zip,2026-10-07,11370908e2bbc78d1d418b2f2a2177875e0524c12b69a181432d6fd65a5966c3,plan year 2024-01-01..2024-12-31; received 2025-09-25,EIN and/or sponsor name + address,"sponsor name 'GERVAIS MECHANICAL SERVICES, LLC' matches; sponsor ZIP corroborates (AUBURN MA 01501)",medium,20261007T202810Z,20261007T202838Z,yes
biz-163,SBA_PPP_150K_PLUS,2692557103,SBA PPP FOIA - loans $150K and above,https://data.sba.gov/sites/default/files/distribution/SBA-OCA-2022-07-001/public_150k_plus_240930.csv,2026-10-07,3760a581dc3fd7ca12d09996aa360d749e075bcac517e5a6f7e92ae447a1cb8c,loan approved 04/11/2020; SBA data as of 2024-09-30,"filter BorrowerState=MA, NAICSCode=238220, CurrentApprovalAmount>=150000","GERVAIS MECHANICAL SERVICES, LLC, 317 SOUTHBRIDGE ST, AUBURN 01501-2682; group: single loan",source record,20261007T202810Z,20261007T202838Z,yes
biz-164,DOL_FORM_5500_SF_2025,042459660-002 ACK 20260603095421NAL0001902161001,DOL Form 5500-SF dataset 2025 (Latest),https://askebsa.dol.gov/FOIA%20Files/2025/Latest/F_5500_SF_2025_Latest.zip,2026-10-07,2db4677bd93455ccc082d378fdd56594ac90ca0fc6f2da1639a15aea8ed3e94d,plan year 2025-01-01..2025-12-31; received 2026-06-03,EIN and/or sponsor name + address,"sponsor name 'CARL F. RIEDELL & SON, INC.' matches; sponsor address corroborates (778 MAIN STREET, OSTERVILLE MA 02655)",medium,20261007T202810Z,20261007T202838Z,yes
biz-164,SBA_PPP_150K_PLUS,2700037101,SBA PPP FOIA - loans $150K and above,https://data.sba.gov/sites/default/files/distribution/SBA-OCA-2022-07-001/public_150k_plus_240930.csv,2026-10-07,3760a581dc3fd7ca12d09996aa360d749e075bcac517e5a6f7e92ae447a1cb8c,loan approved 04/11/2020; SBA data as of 2024-09-30,"filter BorrowerState=MA, NAICSCode=238220, CurrentApprovalAmount>=150000","CARL F RIEDELL & SON INC, 778 MAIN ST, OSTERVILLE 02655-2011; group: single loan",source record,20261007T202810Z,20261007T202838Z,yes
biz-165,SBA_PPP_150K_PLUS,2742417106,SBA PPP FOIA - loans $150K and above,https://data.sba.gov/sites/default/files/distribution/SBA-OCA-2022-07-001/public_150k_plus_240930.csv,2026-10-07,3760a581dc3fd7ca12d09996aa360d749e075bcac517e5a6f7e92ae447a1cb8c,loan approved 04/11/2020; SBA data as of 2024-09-30,"filter BorrowerState=MA, NAICSCode=238220, CurrentApprovalAmount>=150000","UNITED APPLIANCE CENTER, INC., 422A BOSTON ST, TOPSFIELD 01983-1216; group: single loan",source record,20261007T202810Z,20261007T202838Z,yes
biz-166,DOL_FORM_5500_SF_2025,272857490-001 ACK 20260708061412NAL0016078819001,DOL Form 5500-SF dataset 2025 (Latest),https://askebsa.dol.gov/FOIA%20Files/2025/Latest/F_5500_SF_2025_Latest.zip,2026-10-07,2db4677bd93455ccc082d378fdd56594ac90ca0fc6f2da1639a15aea8ed3e94d,plan year 2025-01-01..2025-12-31; received 2026-07-08,EIN and/or sponsor name + address,sponsor name 'NORTHEAST MECHANICAL SOLUTIONS' matches; sponsor ZIP corroborates (SHREWSBURY MA 015454291),medium,20261007T202810Z,20261007T202838Z,yes
biz-166,SBA_PPP_150K_PLUS,2748597104,SBA PPP FOIA - loans $150K and above,https://data.sba.gov/sites/default/files/distribution/SBA-OCA-2022-07-001/public_150k_plus_240930.csv,2026-10-07,3760a581dc3fd7ca12d09996aa360d749e075bcac517e5a6f7e92ae447a1cb8c,loan approved 04/11/2020; SBA data as of 2024-09-30,"filter BorrowerState=MA, NAICSCode=238220, CurrentApprovalAmount>=150000","NORTHEAST MECHANICAL SOLUTIONS, INC., 12 COMMERCE ROAD, SHREWSBURY 01545-4292; group: single loan",source record,20261007T202810Z,20261007T202838Z,yes
biz-167,DOL_FORM_5500_SF_2025,042926200-001 ACK 20260227073359NAL0000095043001,DOL Form 5500-SF dataset 2025 (Latest),https://askebsa.dol.gov/FOIA%20Files/2025/Latest/F_5500_SF_2025_Latest.zip,2026-10-07,2db4677bd93455ccc082d378fdd56594ac90ca0fc6f2da1639a15aea8ed3e94d,plan year 2025-01-01..2025-12-31; received 2026-02-27,EIN and/or sponsor name + address,"sponsor name 'DILLON BOILER SERVICES CO., INC.' matches; sponsor address corroborates (380 CRAWFORD STREET, FITCHBURG MA 01420)",medium,20261007T202810Z,20261007T202838Z,yes
biz-167,SBA_PPP_150K_PLUS,2772967108,SBA PPP FOIA - loans $150K and above,https://data.sba.gov/sites/default/files/distribution/SBA-OCA-2022-07-001/public_150k_plus_240930.csv,2026-10-07,3760a581dc3fd7ca12d09996aa360d749e075bcac517e5a6f7e92ae447a1cb8c,loan approved 04/11/2020; SBA data as of 2024-09-30,"filter BorrowerState=MA, NAICSCode=238220, CurrentApprovalAmount>=150000","DILLON BOILER SERVICES CO., INC., 380 CRAWFORD ST, FITCHBURG 01420-6806; group: single loan",source record,20261007T202810Z,20261007T202838Z,yes
biz-168,DOL_FORM_5500_SF_2025,042653581-001 ACK 20260416124550NAL0018175873001,DOL Form 5500-SF dataset 2025 (Latest),https://askebsa.dol.gov/FOIA%20Files/2025/Latest/F_5500_SF_2025_Latest.zip,2026-10-07,2db4677bd93455ccc082d378fdd56594ac90ca0fc6f2da1639a15aea8ed3e94d,plan year 2025-01-01..2025-12-31; received 2026-04-16,EIN and/or sponsor name + address,"sponsor name 'HIM MECHANICAL SYSTEMS, INC.' matches; sponsor ZIP corroborates (BRIDGEWATER MA 023241054)",medium,20261007T202810Z,20261007T202838Z,yes
biz-168,SBA_PPP_150K_PLUS,2792577106,SBA PPP FOIA - loans $150K and above,https://data.sba.gov/sites/default/files/distribution/SBA-OCA-2022-07-001/public_150k_plus_240930.csv,2026-10-07,3760a581dc3fd7ca12d09996aa360d749e075bcac517e5a6f7e92ae447a1cb8c,loan approved 04/11/2020; SBA data as of 2024-09-30,"filter BorrowerState=MA, NAICSCode=238220, CurrentApprovalAmount>=150000","H.I.M. MECHANICAL SYSTEMS, INC., 90 1ST ST, BRIDGEWATER 02324-1070; group: same legal name + same street address + ZIP",source record,20261007T202810Z,20261007T202838Z,yes
biz-168,SBA_PPP_150K_PLUS,4020038310,SBA PPP FOIA - loans $150K and above,https://data.sba.gov/sites/default/files/distribution/SBA-OCA-2022-07-001/public_150k_plus_240930.csv,2026-10-07,3760a581dc3fd7ca12d09996aa360d749e075bcac517e5a6f7e92ae447a1cb8c,loan approved 01/22/2021; SBA data as of 2024-09-30,"filter BorrowerState=MA, NAICSCode=238220, CurrentApprovalAmount>=150000","HIM MECHANICAL SYSTEMS INC, 90 1st St, Bridgewater 02324-1070; group: same legal name + same street address + ZIP",source record,20261007T202810Z,20261007T202838Z,yes
biz-169,DOL_FORM_5500_SF_2024,814961531-001 ACK 20250624155223NAL0010598384001,DOL Form 5500-SF dataset 2024 (Latest),https://askebsa.dol.gov/FOIA%20Files/2024/Latest/F_5500_SF_2024_Latest.zip,2026-10-07,11370908e2bbc78d1d418b2f2a2177875e0524c12b69a181432d6fd65a5966c3,plan year 2024-01-01..2024-12-31; received 2025-06-24,EIN and/or sponsor name + address,"sponsor name 'AIR CONTROL SYSTEMS INC' matches; sponsor address corroborates (19 RANTOULE ST, WEYMOUTH MA 02190)",medium,20261007T202810Z,20261007T202838Z,yes
biz-169,SBA_PPP_150K_PLUS,2552688504,SBA PPP FOIA - loans $150K and above,https://data.sba.gov/sites/default/files/distribution/SBA-OCA-2022-07-001/public_150k_plus_240930.csv,2026-10-07,3760a581dc3fd7ca12d09996aa360d749e075bcac517e5a6f7e92ae447a1cb8c,loan approved 02/20/2021; SBA data as of 2024-09-30,"filter BorrowerState=MA, NAICSCode=238220, CurrentApprovalAmount>=150000","AIR CONTROL SYSTEMS INC., 19 Rantoule St N/A, Weymouth 02190-1143; group: same legal name + same ZIP (street spelling differs)",source record,20261007T202810Z,20261007T202838Z,yes
biz-169,SBA_PPP_150K_PLUS,2858177108,SBA PPP FOIA - loans $150K and above,https://data.sba.gov/sites/default/files/distribution/SBA-OCA-2022-07-001/public_150k_plus_240930.csv,2026-10-07,3760a581dc3fd7ca12d09996aa360d749e075bcac517e5a6f7e92ae447a1cb8c,loan approved 04/11/2020; SBA data as of 2024-09-30,"filter BorrowerState=MA, NAICSCode=238220, CurrentApprovalAmount>=150000","AIR CONTROL SYSTEMS, INC., 19 RANTOULE ST, SOUTH WEYMOUTH 02190-1143; group: same legal name + same ZIP (street spelling differs)",source record,20261007T202810Z,20261007T202838Z,yes
biz-170,DOL_FORM_5500_SF_2025,264003318-001 ACK 20260601062646NAL0022442930001,DOL Form 5500-SF dataset 2025 (Latest),https://askebsa.dol.gov/FOIA%20Files/2025/Latest/F_5500_SF_2025_Latest.zip,2026-10-07,2db4677bd93455ccc082d378fdd56594ac90ca0fc6f2da1639a15aea8ed3e94d,plan year 2025-01-01..2025-12-31; received 2026-06-01,EIN and/or sponsor name + address,"sponsor name 'DIVISION 15 HVAC INC.' matches; sponsor address corroborates (300 OAK STREET, SUITE 930, PEMBROKE MA 02359)",medium,20261007T202810Z,20261007T202838Z,yes
biz-170,SBA_PPP_150K_PLUS,2860187110,SBA PPP FOIA - loans $150K and above,https://data.sba.gov/sites/default/files/distribution/SBA-OCA-2022-07-001/public_150k_plus_240930.csv,2026-10-07,3760a581dc3fd7ca12d09996aa360d749e075bcac517e5a6f7e92ae447a1cb8c,loan approved 04/11/2020; SBA data as of 2024-09-30,"filter BorrowerState=MA, NAICSCode=238220, CurrentApprovalAmount>=150000","DIVISION 15 HVAC INC, 300 Oak St, Suite 930, PEMBROKE 02359-1930; group: single loan",source record,20261007T202810Z,20261007T202838Z,yes
biz-171,DOL_FORM_5500_SF_2025,300269003-001 ACK 20260421114237NAL0001336515001,DOL Form 5500-SF dataset 2025 (Latest),https://askebsa.dol.gov/FOIA%20Files/2025/Latest/F_5500_SF_2025_Latest.zip,2026-10-07,2db4677bd93455ccc082d378fdd56594ac90ca0fc6f2da1639a15aea8ed3e94d,plan year 2025-01-01..2025-12-31; received 2026-04-21,EIN and/or sponsor name + address,"sponsor name 'SMART, LLC' matches; sponsor ZIP corroborates (CHELSEA MA 02150)",medium,20261007T202810Z,20261007T202838Z,yes
biz-171,SBA_PPP_150K_PLUS,3040457107,SBA PPP FOIA - loans $150K and above,https://data.sba.gov/sites/default/files/distribution/SBA-OCA-2022-07-001/public_150k_plus_240930.csv,2026-10-07,3760a581dc3fd7ca12d09996aa360d749e075bcac517e5a6f7e92ae447a1cb8c,loan approved 04/11/2020; SBA data as of 2024-09-30,"filter BorrowerState=MA, NAICSCode=238220, CurrentApprovalAmount>=150000","SMART LLC, 160 2ND ST, CHELSEA 02150-1800; group: single loan",source record,20261007T202810Z,20261007T202838Z,yes
biz-172,SBA_PPP_150K_PLUS,3041397104,SBA PPP FOIA - loans $150K and above,https://data.sba.gov/sites/default/files/distribution/SBA-OCA-2022-07-001/public_150k_plus_240930.csv,2026-10-07,3760a581dc3fd7ca12d09996aa360d749e075bcac517e5a6f7e92ae447a1cb8c,loan approved 04/11/2020; SBA data as of 2024-09-30,"filter BorrowerState=MA, NAICSCode=238220, CurrentApprovalAmount>=150000","TOTAL TEMP. INC., 22 CAMBRIDGE ST, MIDDLEBORO 02346-2070; group: same legal name + same street address + ZIP",source record,20261007T202810Z,20261007T202838Z,yes
biz-172,SBA_PPP_150K_PLUS,9184848403,SBA PPP FOIA - loans $150K and above,https://data.sba.gov/sites/default/files/distribution/SBA-OCA-2022-07-001/public_150k_plus_240930.csv,2026-10-07,3760a581dc3fd7ca12d09996aa360d749e075bcac517e5a6f7e92ae447a1cb8c,loan approved 02/16/2021; SBA data as of 2024-09-30,"filter BorrowerState=MA, NAICSCode=238220, CurrentApprovalAmount>=150000","TOTAL TEMP INC, 22 Cambridge St, Middleboro 02346-2090; group: same legal name + same street address + ZIP",source record,20261007T202810Z,20261007T202838Z,yes
biz-173,SBA_PPP_150K_PLUS,3103217103,SBA PPP FOIA - loans $150K and above,https://data.sba.gov/sites/default/files/distribution/SBA-OCA-2022-07-001/public_150k_plus_240930.csv,2026-10-07,3760a581dc3fd7ca12d09996aa360d749e075bcac517e5a6f7e92ae447a1cb8c,loan approved 04/11/2020; SBA data as of 2024-09-30,"filter BorrowerState=MA, NAICSCode=238220, CurrentApprovalAmount>=150000","A FAGUNDES PLUMBING & HEATING INC., 225 STEDMAN ST Unit 16, LOWELL 01851-2700; group: single loan",source record,20261007T202810Z,20261007T202838Z,yes
biz-174,SBA_PPP_150K_PLUS,3188017100,SBA PPP FOIA - loans $150K and above,https://data.sba.gov/sites/default/files/distribution/SBA-OCA-2022-07-001/public_150k_plus_240930.csv,2026-10-07,3760a581dc3fd7ca12d09996aa360d749e075bcac517e5a6f7e92ae447a1cb8c,loan approved 04/11/2020; SBA data as of 2024-09-30,"filter BorrowerState=MA, NAICSCode=238220, CurrentApprovalAmount>=150000","HOLDEN MECHANICAL CONTRACTORS, INC., 255 Brooks St, WORCESTER 01606-3307; group: same legal name + same street address + ZIP",source record,20261007T202810Z,20261007T202838Z,yes
biz-174,SBA_PPP_150K_PLUS,5306178600,SBA PPP FOIA - loans $150K and above,https://data.sba.gov/sites/default/files/distribution/SBA-OCA-2022-07-001/public_150k_plus_240930.csv,2026-10-07,3760a581dc3fd7ca12d09996aa360d749e075bcac517e5a6f7e92ae447a1cb8c,loan approved 03/20/2021; SBA data as of 2024-09-30,"filter BorrowerState=MA, NAICSCode=238220, CurrentApprovalAmount>=150000","HOLDEN MECHANICAL CONTRACTORS INC., 255 Brooks St, Worcester 01606-3307; group: same legal name + same street address + ZIP",source record,20261007T202810Z,20261007T202838Z,yes
biz-175,SBA_PPP_150K_PLUS,3262377102,SBA PPP FOIA - loans $150K and above,https://data.sba.gov/sites/default/files/distribution/SBA-OCA-2022-07-001/public_150k_plus_240930.csv,2026-10-07,3760a581dc3fd7ca12d09996aa360d749e075bcac517e5a6f7e92ae447a1cb8c,loan approved 04/11/2020; SBA data as of 2024-09-30,"filter BorrowerState=MA, NAICSCode=238220, CurrentApprovalAmount>=150000","BRIGGS MECHANICAL, INC., 149 CHESTNUT ST, NORTH ATTLEBORO 02760-3201; group: same legal name + same street address + ZIP",source record,20261007T202810Z,20261007T202838Z,yes
biz-175,SBA_PPP_150K_PLUS,3811618505,SBA PPP FOIA - loans $150K and above,https://data.sba.gov/sites/default/files/distribution/SBA-OCA-2022-07-001/public_150k_plus_240930.csv,2026-10-07,3760a581dc3fd7ca12d09996aa360d749e075bcac517e5a6f7e92ae447a1cb8c,loan approved 02/24/2021; SBA data as of 2024-09-30,"filter BorrowerState=MA, NAICSCode=238220, CurrentApprovalAmount>=150000","BRIGGS MECHANICAL INC., 149 Chestnut St, North Attleboro 02760-3201; group: same legal name + same street address + ZIP",source record,20261007T202810Z,20261007T202838Z,yes
biz-176,SBA_PPP_150K_PLUS,3274577100,SBA PPP FOIA - loans $150K and above,https://data.sba.gov/sites/default/files/distribution/SBA-OCA-2022-07-001/public_150k_plus_240930.csv,2026-10-07,3760a581dc3fd7ca12d09996aa360d749e075bcac517e5a6f7e92ae447a1cb8c,loan approved 04/11/2020; SBA data as of 2024-09-30,"filter BorrowerState=MA, NAICSCode=238220, CurrentApprovalAmount>=150000","ANANIA PLUMBING & HEATING, INC., 89 WEST ST, WEST BRIDGEWATER 02379-1400; group: same legal name + same ZIP (street spelling differs)",source record,20261007T202810Z,20261007T202838Z,yes
biz-176,SBA_PPP_150K_PLUS,9477198304,SBA PPP FOIA - loans $150K and above,https://data.sba.gov/sites/default/files/distribution/SBA-OCA-2022-07-001/public_150k_plus_240930.csv,2026-10-07,3760a581dc3fd7ca12d09996aa360d749e075bcac517e5a6f7e92ae447a1cb8c,loan approved 01/30/2021; SBA data as of 2024-09-30,"filter BorrowerState=MA, NAICSCode=238220, CurrentApprovalAmount>=150000","ANANIA PLUMBING & HEATING INC, 89 West St # 0, West Bridgewater 02379-1400; group: same legal name + same ZIP (street spelling differs)",source record,20261007T202810Z,20261007T202838Z,yes
biz-177,SBA_PPP_150K_PLUS,3355307102,SBA PPP FOIA - loans $150K and above,https://data.sba.gov/sites/default/files/distribution/SBA-OCA-2022-07-001/public_150k_plus_240930.csv,2026-10-07,3760a581dc3fd7ca12d09996aa360d749e075bcac517e5a6f7e92ae447a1cb8c,loan approved 04/11/2020; SBA data as of 2024-09-30,"filter BorrowerState=MA, NAICSCode=238220, CurrentApprovalAmount>=150000","AIR MASTERS HVAC SERVICES OF NE, INC., 59 TURNER ST, FALL RIVER 02720-2517; group: single loan",source record,20261007T202810Z,20261007T202838Z,yes
biz-178,DOL_FORM_5500_SF_2025,042839901-001 ACK 20260609143154NAL0005968240001,DOL Form 5500-SF dataset 2025 (Latest),https://askebsa.dol.gov/FOIA%20Files/2025/Latest/F_5500_SF_2025_Latest.zip,2026-10-07,2db4677bd93455ccc082d378fdd56594ac90ca0fc6f2da1639a15aea8ed3e94d,plan year 2025-01-01..2025-12-31; received 2026-06-09,EIN and/or sponsor name + address,"sponsor name 'PANTON PLUMBING & HEATING, INC.' matches; sponsor address corroborates (116 BERNARD SAINT JEAN DRIVE, EAST FALMOUTH MA 02540)",medium,20261007T202810Z,20261007T202838Z,yes
biz-178,SBA_PPP_150K_PLUS,3365177104,SBA PPP FOIA - loans $150K and above,https://data.sba.gov/sites/default/files/distribution/SBA-OCA-2022-07-001/public_150k_plus_240930.csv,2026-10-07,3760a581dc3fd7ca12d09996aa360d749e075bcac517e5a6f7e92ae447a1cb8c,loan approved 04/11/2020; SBA data as of 2024-09-30,"filter BorrowerState=MA, NAICSCode=238220, CurrentApprovalAmount>=150000","PANTON PLUMBING & HEATING, INC., 116 BERNARD ST JEAN DR, FALMOUTH 02540; group: single loan",source record,20261007T202810Z,20261007T202838Z,yes
biz-179,DOL_FORM_5500_2024,043125156-001 ACK 20250930145954NAL0012436385001,DOL Form 5500 dataset 2024 (Latest),https://askebsa.dol.gov/FOIA%20Files/2024/Latest/F_5500_2024_Latest.zip,2026-10-07,8884391d48a9e362fd7d2b91d6e37430bd2e54355c9dbc3479985c9d876872f8,plan year 2024-01-01..2024-12-31; received 2025-09-30,EIN and/or sponsor name + address,"sponsor name 'SAGAMORE PLUMBING & HEATING LLC' matches; sponsor address corroborates (75 RESEARCH ROAD, HINGHAM MA 02043)",medium,20261007T202810Z,20261007T202838Z,yes
biz-179,SBA_PPP_150K_PLUS,3375237102,SBA PPP FOIA - loans $150K and above,https://data.sba.gov/sites/default/files/distribution/SBA-OCA-2022-07-001/public_150k_plus_240930.csv,2026-10-07,3760a581dc3fd7ca12d09996aa360d749e075bcac517e5a6f7e92ae447a1cb8c,loan approved 04/11/2020; SBA data as of 2024-09-30,"filter BorrowerState=MA, NAICSCode=238220, CurrentApprovalAmount>=150000","SAGAMORE PLUMBING & HEATING, 75 Research Rd, Hingham 02043-4322; group: same legal name + same street address + ZIP",source record,20261007T202810Z,20261007T202838Z,yes
biz-179,SBA_PPP_150K_PLUS,9327498501,SBA PPP FOIA - loans $150K and above,https://data.sba.gov/sites/default/files/distribution/SBA-OCA-2022-07-001/public_150k_plus_240930.csv,2026-10-07,3760a581dc3fd7ca12d09996aa360d749e075bcac517e5a6f7e92ae447a1cb8c,loan approved 03/12/2021; SBA data as of 2024-09-30,"filter BorrowerState=MA, NAICSCode=238220, CurrentApprovalAmount>=150000","SAGAMORE PLUMBING & HEATING INC., 75 Research Rd, Hingham 02043-4322; group: same legal name + same street address + ZIP",source record,20261007T202810Z,20261007T202838Z,yes
biz-180,DOL_FORM_5500_SF_2025,042479486-002 ACK 20260611092959NAL0005725155001,DOL Form 5500-SF dataset 2025 (Latest),https://askebsa.dol.gov/FOIA%20Files/2025/Latest/F_5500_SF_2025_Latest.zip,2026-10-07,2db4677bd93455ccc082d378fdd56594ac90ca0fc6f2da1639a15aea8ed3e94d,plan year 2025-01-01..2025-12-31; received 2026-06-11,EIN and/or sponsor name + address,"sponsor name 'WINSTON BUILDERS CORPORATION' matches; sponsor address corroborates (55 HOPKINTON ROAD, WESTBOROUGH MA 01581)",medium,20261007T202810Z,20261007T202838Z,yes
biz-180,SBA_PPP_150K_PLUS,3572317101,SBA PPP FOIA - loans $150K and above,https://data.sba.gov/sites/default/files/distribution/SBA-OCA-2022-07-001/public_150k_plus_240930.csv,2026-10-07,3760a581dc3fd7ca12d09996aa360d749e075bcac517e5a6f7e92ae447a1cb8c,loan approved 04/11/2020; SBA data as of 2024-09-30,"filter BorrowerState=MA, NAICSCode=238220, CurrentApprovalAmount>=150000","WINSTON BUILDERS CORP, 55 Hopkinton Rd, WESTBOROUGH 01581-2103; group: single loan",source record,20261007T202810Z,20261007T202838Z,yes
biz-181,DOL_FORM_5500_2024,042017923-001 ACK 20251015085035NAL0004380017001,DOL Form 5500 dataset 2024 (Latest),https://askebsa.dol.gov/FOIA%20Files/2024/Latest/F_5500_2024_Latest.zip,2026-10-07,8884391d48a9e362fd7d2b91d6e37430bd2e54355c9dbc3479985c9d876872f8,plan year 2024-01-01..2024-12-31; received 2025-10-15,EIN and/or sponsor name + address,"sponsor name 'COX ENGINEERING COMPANY' matches; sponsor address corroborates (21 PACELLA PARK DR, RANDOLPH MA 02368)",medium,20261007T202810Z,20261007T202838Z,yes
biz-181,DOL_FORM_5500_SF_2024,042017923-002 ACK 20251119062351NAL0008658626001,DOL Form 5500-SF dataset 2024 (Latest),https://askebsa.dol.gov/FOIA%20Files/2024/Latest/F_5500_SF_2024_Latest.zip,2026-10-07,11370908e2bbc78d1d418b2f2a2177875e0524c12b69a181432d6fd65a5966c3,plan year 2024-04-01..2025-03-31; received 2025-11-19,EIN and/or sponsor name + address,"sponsor name 'COX ENGINEERING COMPANY' matches; sponsor address corroborates (21 PACELLA PARK DR, RANDOLPH MA 02368)",medium,20261007T202810Z,20261007T202838Z,yes
biz-181,SBA_PPP_150K_PLUS,1586448408,SBA PPP FOIA - loans $150K and above,https://data.sba.gov/sites/default/files/distribution/SBA-OCA-2022-07-001/public_150k_plus_240930.csv,2026-10-07,3760a581dc3fd7ca12d09996aa360d749e075bcac517e5a6f7e92ae447a1cb8c,loan approved 02/02/2021; SBA data as of 2024-09-30,"filter BorrowerState=MA, NAICSCode=238220, CurrentApprovalAmount>=150000","COX ENGINEERING COMPANY, 21 Pacella Park Dr # 0, Randolph 02368-1755; group: same legal name + same ZIP (street spelling differs)",source record,20261007T202810Z,20261007T202838Z,yes
biz-181,SBA_PPP_150K_PLUS,3639307104,SBA PPP FOIA - loans $150K and above,https://data.sba.gov/sites/default/files/distribution/SBA-OCA-2022-07-001/public_150k_plus_240930.csv,2026-10-07,3760a581dc3fd7ca12d09996aa360d749e075bcac517e5a6f7e92ae447a1cb8c,loan approved 04/11/2020; SBA data as of 2024-09-30,"filter BorrowerState=MA, NAICSCode=238220, CurrentApprovalAmount>=150000","COX ENGINEERING CO INC, 21 PACELLA PARK DR, RANDOLPH 02368-1755; group: same legal name + same ZIP (street spelling differs)",source record,20261007T202810Z,20261007T202838Z,yes
biz-182,SBA_PPP_150K_PLUS,3308178300,SBA PPP FOIA - loans $150K and above,https://data.sba.gov/sites/default/files/distribution/SBA-OCA-2022-07-001/public_150k_plus_240930.csv,2026-10-07,3760a581dc3fd7ca12d09996aa360d749e075bcac517e5a6f7e92ae447a1cb8c,loan approved 01/21/2021; SBA data as of 2024-09-30,"filter BorrowerState=MA, NAICSCode=238220, CurrentApprovalAmount>=150000","GERVAIS PLUMBING & HEATING INC., 317 Southbridge St, Auburn 01501-2682; group: same legal name + same street address + ZIP",source record,20261007T202810Z,20261007T202838Z,yes
biz-182,SBA_PPP_150K_PLUS,3751417102,SBA PPP FOIA - loans $150K and above,https://data.sba.gov/sites/default/files/distribution/SBA-OCA-2022-07-001/public_150k_plus_240930.csv,2026-10-07,3760a581dc3fd7ca12d09996aa360d749e075bcac517e5a6f7e92ae447a1cb8c,loan approved 04/12/2020; SBA data as of 2024-09-30,"filter BorrowerState=MA, NAICSCode=238220, CurrentApprovalAmount>=150000","GERVAIS PLUMBING & HEATING, INC., 317 SOUTHBRIDGE ST, AUBURN 01501-2682; group: same legal name + same street address + ZIP",source record,20261007T202810Z,20261007T202838Z,yes
biz-183,SBA_PPP_150K_PLUS,3754967109,SBA PPP FOIA - loans $150K and above,https://data.sba.gov/sites/default/files/distribution/SBA-OCA-2022-07-001/public_150k_plus_240930.csv,2026-10-07,3760a581dc3fd7ca12d09996aa360d749e075bcac517e5a6f7e92ae447a1cb8c,loan approved 04/12/2020; SBA data as of 2024-09-30,"filter BorrowerState=MA, NAICSCode=238220, CurrentApprovalAmount>=150000","ROYAL STEAM HEATER CO, 499 MAIN ST, GARDNER 01440-3020; group: single loan",source record,20261007T202810Z,20261007T202838Z,yes
biz-184,SBA_PPP_150K_PLUS,3820437102,SBA PPP FOIA - loans $150K and above,https://data.sba.gov/sites/default/files/distribution/SBA-OCA-2022-07-001/public_150k_plus_240930.csv,2026-10-07,3760a581dc3fd7ca12d09996aa360d749e075bcac517e5a6f7e92ae447a1cb8c,loan approved 04/12/2020; SBA data as of 2024-09-30,"filter BorrowerState=MA, NAICSCode=238220, CurrentApprovalAmount>=150000","MUIRFIELD MECHANICAL SERVICES, LLC, 60 Willow Rd, AYER 01432-1513; group: same legal name + same street address + ZIP",source record,20261007T202810Z,20261007T202838Z,yes
biz-184,SBA_PPP_150K_PLUS,6781758405,SBA PPP FOIA - loans $150K and above,https://data.sba.gov/sites/default/files/distribution/SBA-OCA-2022-07-001/public_150k_plus_240930.csv,2026-10-07,3760a581dc3fd7ca12d09996aa360d749e075bcac517e5a6f7e92ae447a1cb8c,loan approved 02/11/2021; SBA data as of 2024-09-30,"filter BorrowerState=MA, NAICSCode=238220, CurrentApprovalAmount>=150000","MUIRFIELD MECHANICAL SERVICES LLC, 60 Willow Rd, Ayer 01432-1513; group: same legal name + same street address + ZIP",source record,20261007T202810Z,20261007T202838Z,yes
biz-185,DOL_FORM_5500_SF_2025,043414213-001 ACK 20260702034624NAL0014411313001,DOL Form 5500-SF dataset 2025 (Latest),https://askebsa.dol.gov/FOIA%20Files/2025/Latest/F_5500_SF_2025_Latest.zip,2026-10-07,2db4677bd93455ccc082d378fdd56594ac90ca0fc6f2da1639a15aea8ed3e94d,plan year 2025-01-01..2025-12-31; received 2026-07-02,EIN and/or sponsor name + address,"sponsor name 'RENAUD HVAC AND CONTROLS, INC.' matches; sponsor ZIP corroborates (SUTTON MA 01590)",medium,20261007T202810Z,20261007T202838Z,yes
biz-185,SBA_PPP_150K_PLUS,3880177109,SBA PPP FOIA - loans $150K and above,https://data.sba.gov/sites/default/files/distribution/SBA-OCA-2022-07-001/public_150k_plus_240930.csv,2026-10-07,3760a581dc3fd7ca12d09996aa360d749e075bcac517e5a6f7e92ae447a1cb8c,loan approved 04/12/2020; SBA data as of 2024-09-30,"filter BorrowerState=MA, NAICSCode=238220, CurrentApprovalAmount>=150000","RENAUD HVAC & CONTROLS, INC., 11 JOHN RD, SUTTON 01590-2509; group: single loan",source record,20261007T202810Z,20261007T202838Z,yes
biz-186,SBA_PPP_150K_PLUS,3921407103,SBA PPP FOIA - loans $150K and above,https://data.sba.gov/sites/default/files/distribution/SBA-OCA-2022-07-001/public_150k_plus_240930.csv,2026-10-07,3760a581dc3fd7ca12d09996aa360d749e075bcac517e5a6f7e92ae447a1cb8c,loan approved 04/12/2020; SBA data as of 2024-09-30,"filter BorrowerState=MA, NAICSCode=238220, CurrentApprovalAmount>=150000","MECHANICAL AIR CONTROLS, INC., 40 ACCORD PARK DR STE 202, NORWELL 02061-1606; group: same legal name + same street address + ZIP",source record,20261007T202810Z,20261007T202838Z,yes
biz-186,SBA_PPP_150K_PLUS,8295638408,SBA PPP FOIA - loans $150K and above,https://data.sba.gov/sites/default/files/distribution/SBA-OCA-2022-07-001/public_150k_plus_240930.csv,2026-10-07,3760a581dc3fd7ca12d09996aa360d749e075bcac517e5a6f7e92ae447a1cb8c,loan approved 02/13/2021; SBA data as of 2024-09-30,"filter BorrowerState=MA, NAICSCode=238220, CurrentApprovalAmount>=150000","MECHANICAL AIR CONTROLS INC, 40 Accord Park Dr Ste 202 0, Norwell 02061-1613; group: same legal name + same street address + ZIP",source record,20261007T202810Z,20261007T202838Z,yes
biz-187,SBA_PPP_150K_PLUS,3957957106,SBA PPP FOIA - loans $150K and above,https://data.sba.gov/sites/default/files/distribution/SBA-OCA-2022-07-001/public_150k_plus_240930.csv,2026-10-07,3760a581dc3fd7ca12d09996aa360d749e075bcac517e5a6f7e92ae447a1cb8c,loan approved 04/12/2020; SBA data as of 2024-09-30,"filter BorrowerState=MA, NAICSCode=238220, CurrentApprovalAmount>=150000","AMERICAN AIR INC, 1 Box Car Blvd, TEWKSBURY 01876-1400; group: single loan",source record,20261007T202810Z,20261007T202838Z,yes
biz-188,DOL_FORM_5500_SF_2025,043154332-001 ACK 20260921110138NAL0007925953001,DOL Form 5500-SF dataset 2025 (Latest),https://askebsa.dol.gov/FOIA%20Files/2025/Latest/F_5500_SF_2025_Latest.zip,2026-10-07,2db4677bd93455ccc082d378fdd56594ac90ca0fc6f2da1639a15aea8ed3e94d,plan year 2025-01-01..2025-12-31; received 2026-09-21,EIN and/or sponsor name + address,"sponsor name 'TECH MECHANICAL SYSTEMS, INC.' matches; sponsor address corroborates (420 WEST STREET, WEST BRIDGEWATER MA 02379)",medium,20261007T202810Z,20261007T202838Z,yes
biz-188,SBA_PPP_150K_PLUS,4084097102,SBA PPP FOIA - loans $150K and above,https://data.sba.gov/sites/default/files/distribution/SBA-OCA-2022-07-001/public_150k_plus_240930.csv,2026-10-07,3760a581dc3fd7ca12d09996aa360d749e075bcac517e5a6f7e92ae447a1cb8c,loan approved 04/12/2020; SBA data as of 2024-09-30,"filter BorrowerState=MA, NAICSCode=238220, CurrentApprovalAmount>=150000","TECH MECHANICAL SYSTEMS, INC., 420 WEST ST, WEST BRIDGEWATER 02379-1015; group: single loan",source record,20261007T202810Z,20261007T202838Z,yes
biz-189,SBA_PPP_150K_PLUS,4089277107,SBA PPP FOIA - loans $150K and above,https://data.sba.gov/sites/default/files/distribution/SBA-OCA-2022-07-001/public_150k_plus_240930.csv,2026-10-07,3760a581dc3fd7ca12d09996aa360d749e075bcac517e5a6f7e92ae447a1cb8c,loan approved 04/12/2020; SBA data as of 2024-09-30,"filter BorrowerState=MA, NAICSCode=238220, CurrentApprovalAmount>=150000","ADDARIO INCORPORATED, 2 GILL ST Suite J, WOBURN 01801-1721; group: same legal name + same ZIP (street spelling differs)",source record,20261007T202810Z,20261007T202838Z,yes
biz-189,SBA_PPP_150K_PLUS,8830808305,SBA PPP FOIA - loans $150K and above,https://data.sba.gov/sites/default/files/distribution/SBA-OCA-2022-07-001/public_150k_plus_240930.csv,2026-10-07,3760a581dc3fd7ca12d09996aa360d749e075bcac517e5a6f7e92ae447a1cb8c,loan approved 01/30/2021; SBA data as of 2024-09-30,"filter BorrowerState=MA, NAICSCode=238220, CurrentApprovalAmount>=150000","ADDARIO INCORPORATED, 2J Gill St, Woburn 01801-1721; group: same legal name + same ZIP (street spelling differs)",source record,20261007T202810Z,20261007T202838Z,yes
biz-190,DOL_FORM_5500_2025,043552751-001 ACK 20260721050629NAL0015538082001,DOL Form 5500 dataset 2025 (Latest),https://askebsa.dol.gov/FOIA%20Files/2025/Latest/F_5500_2025_Latest.zip,2026-10-07,9f6245cdcbb86ae167af4595bb3dba4fbf7845df98f4ccd6748aa98fa2a4e582,plan year 2025-01-01..2025-12-31; received 2026-07-21,EIN and/or sponsor name + address,"sponsor name 'BERRY MECHANICAL SERVICES, INC.' matches; sponsor address corroborates (3 MILTON WAY, GEORGETOWN MA 01833)",medium,20261007T202810Z,20261007T202838Z,yes
biz-190,SBA_PPP_150K_PLUS,4129907101,SBA PPP FOIA - loans $150K and above,https://data.sba.gov/sites/default/files/distribution/SBA-OCA-2022-07-001/public_150k_plus_240930.csv,2026-10-07,3760a581dc3fd7ca12d09996aa360d749e075bcac517e5a6f7e92ae447a1cb8c,loan approved 04/12/2020; SBA data as of 2024-09-30,"filter BorrowerState=MA, NAICSCode=238220, CurrentApprovalAmount>=150000","BERRY MECHANICAL SERVICES INC, 3 Milton Way, GEORGETOWN 01833-1603; group: single loan",source record,20261007T202810Z,20261007T202838Z,yes
biz-191,DOL_FORM_5500_SF_2025,832329549-001 ACK 20260728152403NAL0016888451001,DOL Form 5500-SF dataset 2025 (Latest),https://askebsa.dol.gov/FOIA%20Files/2025/Latest/F_5500_SF_2025_Latest.zip,2026-10-07,2db4677bd93455ccc082d378fdd56594ac90ca0fc6f2da1639a15aea8ed3e94d,plan year 2025-01-01..2025-12-31; received 2026-07-28,EIN and/or sponsor name + address,"sponsor name 'PIPE CRAFT INC' matches; sponsor address corroborates (125 MAIN ST, READING MA 01867)",medium,20261007T202810Z,20261007T202838Z,yes
biz-191,SBA_PPP_150K_PLUS,4473537107,SBA PPP FOIA - loans $150K and above,https://data.sba.gov/sites/default/files/distribution/SBA-OCA-2022-07-001/public_150k_plus_240930.csv,2026-10-07,3760a581dc3fd7ca12d09996aa360d749e075bcac517e5a6f7e92ae447a1cb8c,loan approved 04/13/2020; SBA data as of 2024-09-30,"filter BorrowerState=MA, NAICSCode=238220, CurrentApprovalAmount>=150000","PIPE CRAFT INC, 125 Main Street, Reading 01867; group: single loan",source record,20261007T202810Z,20261007T202838Z,yes
biz-192,DOL_FORM_5500_SF_2025,270190218-001 ACK 20260730155547NAL0023564465001,DOL Form 5500-SF dataset 2025 (Latest),https://askebsa.dol.gov/FOIA%20Files/2025/Latest/F_5500_SF_2025_Latest.zip,2026-10-07,2db4677bd93455ccc082d378fdd56594ac90ca0fc6f2da1639a15aea8ed3e94d,plan year 2025-01-01..2025-12-31; received 2026-07-30,EIN and/or sponsor name + address,"sponsor name 'MURPHY SERVICES, LLC' matches; sponsor address corroborates (34 WHITES PATH, SOUTH YARMOUTH MA 02664)",medium,20261007T202810Z,20261007T202838Z,yes
biz-192,SBA_PPP_150K_PLUS,4505357107,SBA PPP FOIA - loans $150K and above,https://data.sba.gov/sites/default/files/distribution/SBA-OCA-2022-07-001/public_150k_plus_240930.csv,2026-10-07,3760a581dc3fd7ca12d09996aa360d749e075bcac517e5a6f7e92ae447a1cb8c,loan approved 04/13/2020; SBA data as of 2024-09-30,"filter BorrowerState=MA, NAICSCode=238220, CurrentApprovalAmount>=150000","MURPHY SERVICES, INC., 34 WHITES PATH, SOUTH YARMOUTH 02664-1212; group: single loan",source record,20261007T202810Z,20261007T202838Z,yes
biz-193,SBA_PPP_150K_PLUS,4616057103,SBA PPP FOIA - loans $150K and above,https://data.sba.gov/sites/default/files/distribution/SBA-OCA-2022-07-001/public_150k_plus_240930.csv,2026-10-07,3760a581dc3fd7ca12d09996aa360d749e075bcac517e5a6f7e92ae447a1cb8c,loan approved 04/13/2020; SBA data as of 2024-09-30,"filter BorrowerState=MA, NAICSCode=238220, CurrentApprovalAmount>=150000","EDGEWATER PLUMBING AND HEATING INC, 8 OTIS PARK DR, BUZZARDS BAY 02532-3870; group: single loan",source record,20261007T202810Z,20261007T202838Z,yes
biz-194,DOL_FORM_5500_SF_2025,042520903-002 ACK 20260730141815NAL0023407953001,DOL Form 5500-SF dataset 2025 (Latest),https://askebsa.dol.gov/FOIA%20Files/2025/Latest/F_5500_SF_2025_Latest.zip,2026-10-07,2db4677bd93455ccc082d378fdd56594ac90ca0fc6f2da1639a15aea8ed3e94d,plan year 2025-01-01..2025-12-31; received 2026-07-30,EIN and/or sponsor name + address,"sponsor name 'WILLIAM M COLLINS' matches; sponsor address corroborates (105 BAY STATE DRIVE, BRAINTREE MA 02184)",medium,20261007T202810Z,20261007T202838Z,yes
biz-194,SBA_PPP_150K_PLUS,4660427104,SBA PPP FOIA - loans $150K and above,https://data.sba.gov/sites/default/files/distribution/SBA-OCA-2022-07-001/public_150k_plus_240930.csv,2026-10-07,3760a581dc3fd7ca12d09996aa360d749e075bcac517e5a6f7e92ae447a1cb8c,loan approved 04/13/2020; SBA data as of 2024-09-30,"filter BorrowerState=MA, NAICSCode=238220, CurrentApprovalAmount>=150000","WILLIAM M COLLINS COMPANY, INC, 105 Bay State Dr, Braintree 02184; group: same legal name + same ZIP (street spelling differs)",source record,20261007T202810Z,20261007T202838Z,yes
biz-194,SBA_PPP_150K_PLUS,9577158409,SBA PPP FOIA - loans $150K and above,https://data.sba.gov/sites/default/files/distribution/SBA-OCA-2022-07-001/public_150k_plus_240930.csv,2026-10-07,3760a581dc3fd7ca12d09996aa360d749e075bcac517e5a6f7e92ae447a1cb8c,loan approved 02/17/2021; SBA data as of 2024-09-30,"filter BorrowerState=MA, NAICSCode=238220, CurrentApprovalAmount>=150000","WILLIAM M COLLINS COMPANY INC, 105 Bay State Dr # 0, Braintree 02184-5203; group: same legal name + same ZIP (street spelling differs)",source record,20261007T202810Z,20261007T202838Z,yes
biz-195,SBA_PPP_150K_PLUS,4666067104,SBA PPP FOIA - loans $150K and above,https://data.sba.gov/sites/default/files/distribution/SBA-OCA-2022-07-001/public_150k_plus_240930.csv,2026-10-07,3760a581dc3fd7ca12d09996aa360d749e075bcac517e5a6f7e92ae447a1cb8c,loan approved 04/13/2020; SBA data as of 2024-09-30,"filter BorrowerState=MA, NAICSCode=238220, CurrentApprovalAmount>=150000","RICHMAN CORPORATION, 65 LIBERTY ST, QUINCY 02169-6501; group: single loan",source record,20261007T202810Z,20261007T202838Z,yes
biz-196,DOL_FORM_5500_SF_2025,042393861-001 ACK 20260730175257NAL0027370080001,DOL Form 5500-SF dataset 2025 (Latest),https://askebsa.dol.gov/FOIA%20Files/2025/Latest/F_5500_SF_2025_Latest.zip,2026-10-07,2db4677bd93455ccc082d378fdd56594ac90ca0fc6f2da1639a15aea8ed3e94d,plan year 2025-01-01..2025-12-31; received 2026-07-30,EIN and/or sponsor name + address,"sponsor name 'FARINA CORPORATION' matches; sponsor address corroborates (24 SPICE STREET, CHARLESTOWN MA 02129)",medium,20261007T202810Z,20261007T202838Z,yes
biz-196,SBA_PPP_150K_PLUS,4679067103,SBA PPP FOIA - loans $150K and above,https://data.sba.gov/sites/default/files/distribution/SBA-OCA-2022-07-001/public_150k_plus_240930.csv,2026-10-07,3760a581dc3fd7ca12d09996aa360d749e075bcac517e5a6f7e92ae447a1cb8c,loan approved 04/13/2020; SBA data as of 2024-09-30,"filter BorrowerState=MA, NAICSCode=238220, CurrentApprovalAmount>=150000","FARINA CORPORATION, 24 SPICE ST, CHARLESTOWN 02129-1306; group: single loan",source record,20261007T202810Z,20261007T202838Z,yes
biz-197,SBA_PPP_150K_PLUS,4692837103,SBA PPP FOIA - loans $150K and above,https://data.sba.gov/sites/default/files/distribution/SBA-OCA-2022-07-001/public_150k_plus_240930.csv,2026-10-07,3760a581dc3fd7ca12d09996aa360d749e075bcac517e5a6f7e92ae447a1cb8c,loan approved 04/13/2020; SBA data as of 2024-09-30,"filter BorrowerState=MA, NAICSCode=238220, CurrentApprovalAmount>=150000","COOLING & HEATING SPECIALISTS, INC., 151 CALIFORNIA STREET, NEWTON 02458-1023; group: single loan",source record,20261007T202810Z,20261007T202838Z,yes
biz-198,SBA_PPP_150K_PLUS,4694137109,SBA PPP FOIA - loans $150K and above,https://data.sba.gov/sites/default/files/distribution/SBA-OCA-2022-07-001/public_150k_plus_240930.csv,2026-10-07,3760a581dc3fd7ca12d09996aa360d749e075bcac517e5a6f7e92ae447a1cb8c,loan approved 04/13/2020; SBA data as of 2024-09-30,"filter BorrowerState=MA, NAICSCode=238220, CurrentApprovalAmount>=150000","UPTACK PLUMBING & HEATING INC., 32 ROCHAMBAULT ST, HAVERHILL 01832-1941; group: single loan",source record,20261007T202810Z,20261007T202838Z,yes
biz-199,SBA_PPP_150K_PLUS,1930198405,SBA PPP FOIA - loans $150K and above,https://data.sba.gov/sites/default/files/distribution/SBA-OCA-2022-07-001/public_150k_plus_240930.csv,2026-10-07,3760a581dc3fd7ca12d09996aa360d749e075bcac517e5a6f7e92ae447a1cb8c,loan approved 02/02/2021; SBA data as of 2024-09-30,"filter BorrowerState=MA, NAICSCode=238220, CurrentApprovalAmount>=150000","WJS MECHANICAL CORP., 90 Worthern Pl, Tewksbury 01876-3578; group: same legal name + same street address + ZIP",source record,20261007T202810Z,20261007T202838Z,yes
biz-199,SBA_PPP_150K_PLUS,4718007100,SBA PPP FOIA - loans $150K and above,https://data.sba.gov/sites/default/files/distribution/SBA-OCA-2022-07-001/public_150k_plus_240930.csv,2026-10-07,3760a581dc3fd7ca12d09996aa360d749e075bcac517e5a6f7e92ae447a1cb8c,loan approved 04/13/2020; SBA data as of 2024-09-30,"filter BorrowerState=MA, NAICSCode=238220, CurrentApprovalAmount>=150000","WJS MECHANICAL CORP, 90 Worthern Place, TEWKSBURY 01876-3578; group: same legal name + same street address + ZIP",source record,20261007T202810Z,20261007T202838Z,yes
biz-200,SBA_PPP_150K_PLUS,4247718307,SBA PPP FOIA - loans $150K and above,https://data.sba.gov/sites/default/files/distribution/SBA-OCA-2022-07-001/public_150k_plus_240930.csv,2026-10-07,3760a581dc3fd7ca12d09996aa360d749e075bcac517e5a6f7e92ae447a1cb8c,loan approved 01/23/2021; SBA data as of 2024-09-30,"filter BorrowerState=MA, NAICSCode=238220, CurrentApprovalAmount>=150000","ARRELL CORP, 36 Spinelli Pl, Cambridge 02138-1064; group: same legal name + same ZIP (street spelling differs)",source record,20261007T202810Z,20261007T202838Z,yes
biz-200,SBA_PPP_150K_PLUS,4736557105,SBA PPP FOIA - loans $150K and above,https://data.sba.gov/sites/default/files/distribution/SBA-OCA-2022-07-001/public_150k_plus_240930.csv,2026-10-07,3760a581dc3fd7ca12d09996aa360d749e075bcac517e5a6f7e92ae447a1cb8c,loan approved 04/13/2020; SBA data as of 2024-09-30,"filter BorrowerState=MA, NAICSCode=238220, CurrentApprovalAmount>=150000","ARRELL CORP, 36 Spinelli Pl Cambridge Ma 02138-1064, Cambridge 02138-1046; group: same legal name + same ZIP (street spelling differs)",source record,20261007T202810Z,20261007T202838Z,yes
biz-201,DOL_FORM_5500_SF_2025,043148618-001 ACK 20260716102152NAL0005889810001,DOL Form 5500-SF dataset 2025 (Latest),https://askebsa.dol.gov/FOIA%20Files/2025/Latest/F_5500_SF_2025_Latest.zip,2026-10-07,2db4677bd93455ccc082d378fdd56594ac90ca0fc6f2da1639a15aea8ed3e94d,plan year 2025-01-01..2025-12-31; received 2026-07-16,EIN and/or sponsor name + address,"sponsor name 'DUCTS, INC.' matches; sponsor address corroborates (200 RECREATION PARK DRIVE, HINGHAM MA 02043)",medium,20261007T202810Z,20261007T202838Z,yes
biz-201,SBA_PPP_150K_PLUS,3396628510,SBA PPP FOIA - loans $150K and above,https://data.sba.gov/sites/default/files/distribution/SBA-OCA-2022-07-001/public_150k_plus_240930.csv,2026-10-07,3760a581dc3fd7ca12d09996aa360d749e075bcac517e5a6f7e92ae447a1cb8c,loan approved 02/23/2021; SBA data as of 2024-09-30,"filter BorrowerState=MA, NAICSCode=238220, CurrentApprovalAmount>=150000","DUCTS INC, 200 Recreation Park Dr # 0, Hingham 02043-4241; group: same legal name + same ZIP (street spelling differs)",source record,20261007T202810Z,20261007T202838Z,yes
biz-201,SBA_PPP_150K_PLUS,4894007110,SBA PPP FOIA - loans $150K and above,https://data.sba.gov/sites/default/files/distribution/SBA-OCA-2022-07-001/public_150k_plus_240930.csv,2026-10-07,3760a581dc3fd7ca12d09996aa360d749e075bcac517e5a6f7e92ae447a1cb8c,loan approved 04/13/2020; SBA data as of 2024-09-30,"filter BorrowerState=MA, NAICSCode=238220, CurrentApprovalAmount>=150000","DUCTS INCORPORATED, 200 RECREATION PARK DRIVE, HINGHAM 02043-4241; group: same legal name + same ZIP (street spelling differs)",source record,20261007T202810Z,20261007T202838Z,yes
biz-202,DOL_FORM_5500_SF_2025,042431733-001 ACK 20260724112416NAL0019222192001,DOL Form 5500-SF dataset 2025 (Latest),https://askebsa.dol.gov/FOIA%20Files/2025/Latest/F_5500_SF_2025_Latest.zip,2026-10-07,2db4677bd93455ccc082d378fdd56594ac90ca0fc6f2da1639a15aea8ed3e94d,plan year 2025-01-01..2025-12-31; received 2026-07-24,EIN and/or sponsor name + address,"sponsor name 'A H BURNS COMPANY, INC.' matches; sponsor ZIP corroborates (ROCKLAND MA 02370)",medium,20261007T202810Z,20261007T202838Z,yes
biz-202,SBA_PPP_150K_PLUS,4954057106,SBA PPP FOIA - loans $150K and above,https://data.sba.gov/sites/default/files/distribution/SBA-OCA-2022-07-001/public_150k_plus_240930.csv,2026-10-07,3760a581dc3fd7ca12d09996aa360d749e075bcac517e5a6f7e92ae447a1cb8c,loan approved 04/13/2020; SBA data as of 2024-09-30,"filter BorrowerState=MA, NAICSCode=238220, CurrentApprovalAmount>=150000","A. H. BURNS CO., INC., 296 WEYMOUTH ST STE A, ROCKLAND 02370-1139; group: same legal name + same street address + ZIP",source record,20261007T202810Z,20261007T202838Z,yes
biz-202,SBA_PPP_150K_PLUS,5066008301,SBA PPP FOIA - loans $150K and above,https://data.sba.gov/sites/default/files/distribution/SBA-OCA-2022-07-001/public_150k_plus_240930.csv,2026-10-07,3760a581dc3fd7ca12d09996aa360d749e075bcac517e5a6f7e92ae447a1cb8c,loan approved 01/25/2021; SBA data as of 2024-09-30,"filter BorrowerState=MA, NAICSCode=238220, CurrentApprovalAmount>=150000","A H BURNS CO. INC., 296 Weymouth St Ste A, Rockland 02370-1178; group: same legal name + same street address + ZIP",source record,20261007T202810Z,20261007T202838Z,yes
biz-203,SBA_PPP_150K_PLUS,3927788501,SBA PPP FOIA - loans $150K and above,https://data.sba.gov/sites/default/files/distribution/SBA-OCA-2022-07-001/public_150k_plus_240930.csv,2026-10-07,3760a581dc3fd7ca12d09996aa360d749e075bcac517e5a6f7e92ae447a1cb8c,loan approved 02/24/2021; SBA data as of 2024-09-30,"filter BorrowerState=MA, NAICSCode=238220, CurrentApprovalAmount>=150000","BEST AUTOMATIC SPRINKLER CORP, 77 Elm St # 0, Braintree 02184-3239; group: same legal name + same ZIP (street spelling differs)",source record,20261007T202810Z,20261007T202838Z,yes
biz-203,SBA_PPP_150K_PLUS,4983157100,SBA PPP FOIA - loans $150K and above,https://data.sba.gov/sites/default/files/distribution/SBA-OCA-2022-07-001/public_150k_plus_240930.csv,2026-10-07,3760a581dc3fd7ca12d09996aa360d749e075bcac517e5a6f7e92ae447a1cb8c,loan approved 04/13/2020; SBA data as of 2024-09-30,"filter BorrowerState=MA, NAICSCode=238220, CurrentApprovalAmount>=150000","BEST AUTOMATIC SPRINKLER CORP., 77 Elm Street, Braintree 02184-3239; group: same legal name + same ZIP (street spelling differs)",source record,20261007T202810Z,20261007T202838Z,yes
biz-204,SBA_PPP_150K_PLUS,5045647103,SBA PPP FOIA - loans $150K and above,https://data.sba.gov/sites/default/files/distribution/SBA-OCA-2022-07-001/public_150k_plus_240930.csv,2026-10-07,3760a581dc3fd7ca12d09996aa360d749e075bcac517e5a6f7e92ae447a1cb8c,loan approved 04/13/2020; SBA data as of 2024-09-30,"filter BorrowerState=MA, NAICSCode=238220, CurrentApprovalAmount>=150000","REIDY HEATING AND COOLING, INC., 539 Canal St, HOLYOKE 01040-5580; group: single loan",source record,20261007T202810Z,20261007T202838Z,yes
biz-205,SBA_PPP_150K_PLUS,5182327108,SBA PPP FOIA - loans $150K and above,https://data.sba.gov/sites/default/files/distribution/SBA-OCA-2022-07-001/public_150k_plus_240930.csv,2026-10-07,3760a581dc3fd7ca12d09996aa360d749e075bcac517e5a6f7e92ae447a1cb8c,loan approved 04/13/2020; SBA data as of 2024-09-30,"filter BorrowerState=MA, NAICSCode=238220, CurrentApprovalAmount>=150000","CAPE COD MECHANICAL SYSTEMS, INC., 8 FRUEAN WAY, SOUTH YARMOUTH 02664-1670; group: single loan",source record,20261007T202810Z,20261007T202838Z,yes
biz-206,SBA_PPP_150K_PLUS,5189377104,SBA PPP FOIA - loans $150K and above,https://data.sba.gov/sites/default/files/distribution/SBA-OCA-2022-07-001/public_150k_plus_240930.csv,2026-10-07,3760a581dc3fd7ca12d09996aa360d749e075bcac517e5a6f7e92ae447a1cb8c,loan approved 04/13/2020; SBA data as of 2024-09-30,"filter BorrowerState=MA, NAICSCode=238220, CurrentApprovalAmount>=150000","NORTH SHORE MECHANICAL CONTRACTORS, LLC, 6 GARDEN ST STE TWO, DANVERS 01923-1431; group: single loan",source record,20261007T202810Z,20261007T202838Z,yes
biz-207,SBA_PPP_150K_PLUS,5189407100,SBA PPP FOIA - loans $150K and above,https://data.sba.gov/sites/default/files/distribution/SBA-OCA-2022-07-001/public_150k_plus_240930.csv,2026-10-07,3760a581dc3fd7ca12d09996aa360d749e075bcac517e5a6f7e92ae447a1cb8c,loan approved 04/13/2020; SBA data as of 2024-09-30,"filter BorrowerState=MA, NAICSCode=238220, CurrentApprovalAmount>=150000","MPK ENTERPRISES INC., 15 Crawford Street, Watertown 02472-2819; group: single loan",source record,20261007T202810Z,20261007T202838Z,yes
biz-208,DOL_FORM_5500_SF_2024,042432222-001 ACK 20250909222104NAL0013112515001,DOL Form 5500-SF dataset 2024 (Latest),https://askebsa.dol.gov/FOIA%20Files/2024/Latest/F_5500_SF_2024_Latest.zip,2026-10-07,11370908e2bbc78d1d418b2f2a2177875e0524c12b69a181432d6fd65a5966c3,plan year 2024-01-01..2024-12-31; received 2025-09-09,EIN and/or sponsor name + address,"sponsor name 'GEORGE S. PATEY & SONS, INC.' matches; sponsor address corroborates (215 BRIDGE STREET, DEDHAM MA 02026)",medium,20261007T202810Z,20261007T202838Z,yes
biz-208,SBA_PPP_150K_PLUS,5240137109,SBA PPP FOIA - loans $150K and above,https://data.sba.gov/sites/default/files/distribution/SBA-OCA-2022-07-001/public_150k_plus_240930.csv,2026-10-07,3760a581dc3fd7ca12d09996aa360d749e075bcac517e5a6f7e92ae447a1cb8c,loan approved 04/13/2020; SBA data as of 2024-09-30,"filter BorrowerState=MA, NAICSCode=238220, CurrentApprovalAmount>=150000","GEORGE S PATEY & SONS INC, 215 Bridge Street, DEDHAM 02026-1711; group: single loan",source record,20261007T202810Z,20261007T202838Z,yes
biz-209,DOL_FORM_5500_SF_2024,472820092-001 ACK 20251010114131NAL0012486816001,DOL Form 5500-SF dataset 2024 (Latest),https://askebsa.dol.gov/FOIA%20Files/2024/Latest/F_5500_SF_2024_Latest.zip,2026-10-07,11370908e2bbc78d1d418b2f2a2177875e0524c12b69a181432d6fd65a5966c3,plan year 2024-01-01..2024-12-31; received 2025-10-10,EIN and/or sponsor name + address,sponsor name 'CORSO PLUMBING & HEATING INC.' matches; sponsor ZIP corroborates (HAVERHILL MA 01830),medium,20261007T202810Z,20261007T202838Z,yes
biz-209,DOL_FORM_5500_SF_2024,472820092-002 ACK 20251010114242NAL0012488432001,DOL Form 5500-SF dataset 2024 (Latest),https://askebsa.dol.gov/FOIA%20Files/2024/Latest/F_5500_SF_2024_Latest.zip,2026-10-07,11370908e2bbc78d1d418b2f2a2177875e0524c12b69a181432d6fd65a5966c3,plan year 2024-01-01..2024-12-31; received 2025-10-10,EIN and/or sponsor name + address,sponsor name 'CORSO PLUMBING & HEATING INC.' matches; sponsor ZIP corroborates (HAVERHILL MA 01830),medium,20261007T202810Z,20261007T202838Z,yes
biz-209,SBA_PPP_150K_PLUS,5246607109,SBA PPP FOIA - loans $150K and above,https://data.sba.gov/sites/default/files/distribution/SBA-OCA-2022-07-001/public_150k_plus_240930.csv,2026-10-07,3760a581dc3fd7ca12d09996aa360d749e075bcac517e5a6f7e92ae447a1cb8c,loan approved 04/13/2020; SBA data as of 2024-09-30,"filter BorrowerState=MA, NAICSCode=238220, CurrentApprovalAmount>=150000","CORSO PLUMBING & HEATING, INC., 100 Hale Street, HAVERHILL 01830-3972; group: single loan",source record,20261007T202810Z,20261007T202838Z,yes
biz-210,SBA_PPP_150K_PLUS,5280707108,SBA PPP FOIA - loans $150K and above,https://data.sba.gov/sites/default/files/distribution/SBA-OCA-2022-07-001/public_150k_plus_240930.csv,2026-10-07,3760a581dc3fd7ca12d09996aa360d749e075bcac517e5a6f7e92ae447a1cb8c,loan approved 04/13/2020; SBA data as of 2024-09-30,"filter BorrowerState=MA, NAICSCode=238220, CurrentApprovalAmount>=150000","CENTRAL COOLING & HEATING, INC., 9 North MAPLE ST, WOBURN 01801-1713; group: single loan",source record,20261007T202810Z,20261007T202838Z,yes
biz-211,SBA_PPP_150K_PLUS,5284457102,SBA PPP FOIA - loans $150K and above,https://data.sba.gov/sites/default/files/distribution/SBA-OCA-2022-07-001/public_150k_plus_240930.csv,2026-10-07,3760a581dc3fd7ca12d09996aa360d749e075bcac517e5a6f7e92ae447a1cb8c,loan approved 04/13/2020; SBA data as of 2024-09-30,"filter BorrowerState=MA, NAICSCode=238220, CurrentApprovalAmount>=150000","MILHARMER ASSOCIATES, INC., 534 NEW STATE HWY, RAYNHAM 02767-5452; group: single loan",source record,20261007T202810Z,20261007T202838Z,yes
biz-212,DOL_FORM_5500_SF_2025,200450785-001 ACK 20260429084014NAL0010248161001,DOL Form 5500-SF dataset 2025 (Latest),https://askebsa.dol.gov/FOIA%20Files/2025/Latest/F_5500_SF_2025_Latest.zip,2026-10-07,2db4677bd93455ccc082d378fdd56594ac90ca0fc6f2da1639a15aea8ed3e94d,plan year 2025-01-01..2025-12-31; received 2026-04-29,EIN and/or sponsor name + address,"sponsor name 'LAPAN MECHANICAL CONTRACTORS, INC.' matches; sponsor address corroborates (3 BETHANY ST., WORCESTER MA 01604)",medium,20261007T202810Z,20261007T202838Z,yes
biz-212,SBA_PPP_150K_PLUS,5511497104,SBA PPP FOIA - loans $150K and above,https://data.sba.gov/sites/default/files/distribution/SBA-OCA-2022-07-001/public_150k_plus_240930.csv,2026-10-07,3760a581dc3fd7ca12d09996aa360d749e075bcac517e5a6f7e92ae447a1cb8c,loan approved 04/13/2020; SBA data as of 2024-09-30,"filter BorrowerState=MA, NAICSCode=238220, CurrentApprovalAmount>=150000","LAPAN MECHANICAL CONTRACTORS, INC., 3 BETHANY ST, WORCESTER 01604-3305; group: single loan",source record,20261007T202810Z,20261007T202838Z,yes
biz-213,DOL_FORM_5500_SF_2025,364448458-001 ACK 20260724093851NAL0018958272001,DOL Form 5500-SF dataset 2025 (Latest),https://askebsa.dol.gov/FOIA%20Files/2025/Latest/F_5500_SF_2025_Latest.zip,2026-10-07,2db4677bd93455ccc082d378fdd56594ac90ca0fc6f2da1639a15aea8ed3e94d,plan year 2025-01-01..2025-12-31; received 2026-07-24,EIN and/or sponsor name + address,"sponsor name 'JOHNS SEWER & PIPE CLEANING INC' matches; sponsor address corroborates (4 BREED AVENUE, WOBURN MA 01801)",medium,20261007T202810Z,20261007T202838Z,yes
biz-213,SBA_PPP_150K_PLUS,5611797108,SBA PPP FOIA - loans $150K and above,https://data.sba.gov/sites/default/files/distribution/SBA-OCA-2022-07-001/public_150k_plus_240930.csv,2026-10-07,3760a581dc3fd7ca12d09996aa360d749e075bcac517e5a6f7e92ae447a1cb8c,loan approved 04/13/2020; SBA data as of 2024-09-30,"filter BorrowerState=MA, NAICSCode=238220, CurrentApprovalAmount>=150000","JOHN'S SEWER & PIPE CLEANING INC, 4 BREED AVE, WOBURN 01801-1165; group: single loan",source record,20261007T202810Z,20261007T202838Z,yes
biz-214,DOL_FORM_5500_SF_2024,208137185-001 ACK 20250713124534NAL0000368625001,DOL Form 5500-SF dataset 2024 (Latest),https://askebsa.dol.gov/FOIA%20Files/2024/Latest/F_5500_SF_2024_Latest.zip,2026-10-07,11370908e2bbc78d1d418b2f2a2177875e0524c12b69a181432d6fd65a5966c3,plan year 2024-01-01..2024-12-31; received 2025-07-13,EIN and/or sponsor name + address,"sponsor name 'PEAK MECHANICAL SERVICES CORP.' matches; sponsor address corroborates (35 CORPORATE PARK DRIVE, PEMBROKE MA 02359)",medium,20261007T202810Z,20261007T202838Z,yes
biz-214,DOL_FORM_5500_SF_2024,208137185-002 ACK 20250728140747NAL0002158769001,DOL Form 5500-SF dataset 2024 (Latest),https://askebsa.dol.gov/FOIA%20Files/2024/Latest/F_5500_SF_2024_Latest.zip,2026-10-07,11370908e2bbc78d1d418b2f2a2177875e0524c12b69a181432d6fd65a5966c3,plan year 2024-01-01..2024-12-31; received 2025-07-28,EIN and/or sponsor name + address,"sponsor name 'PEAK MECHANICAL SERVICES CORP' matches; sponsor address corroborates (35 CORPORATE PARK DRIVE, PEMBROKE MA 02359)",medium,20261007T202810Z,20261007T202838Z,yes
biz-214,SBA_PPP_150K_PLUS,5915747103,SBA PPP FOIA - loans $150K and above,https://data.sba.gov/sites/default/files/distribution/SBA-OCA-2022-07-001/public_150k_plus_240930.csv,2026-10-07,3760a581dc3fd7ca12d09996aa360d749e075bcac517e5a6f7e92ae447a1cb8c,loan approved 04/14/2020; SBA data as of 2024-09-30,"filter BorrowerState=MA, NAICSCode=238220, CurrentApprovalAmount>=150000","PEAK MECHANICAL SERVICES CORP, 35 CORPORATE PARK DR, PEMBROKE 02359-1966; group: same legal name + same street address + ZIP",source record,20261007T202810Z,20261007T202838Z,yes
biz-214,SBA_PPP_150K_PLUS,7231238304,SBA PPP FOIA - loans $150K and above,https://data.sba.gov/sites/default/files/distribution/SBA-OCA-2022-07-001/public_150k_plus_240930.csv,2026-10-07,3760a581dc3fd7ca12d09996aa360d749e075bcac517e5a6f7e92ae447a1cb8c,loan approved 01/28/2021; SBA data as of 2024-09-30,"filter BorrowerState=MA, NAICSCode=238220, CurrentApprovalAmount>=150000","PEAK MECHANICAL SERVICES CORP, 35 Corporate Park Dr, Pembroke 02359-4970; group: same legal name + same street address + ZIP",source record,20261007T202810Z,20261007T202838Z,yes
biz-215,DOL_FORM_5500_SF_2025,020457097-001 ACK 20260506083530NAL0001344243001,DOL Form 5500-SF dataset 2025 (Latest),https://askebsa.dol.gov/FOIA%20Files/2025/Latest/F_5500_SF_2025_Latest.zip,2026-10-07,2db4677bd93455ccc082d378fdd56594ac90ca0fc6f2da1639a15aea8ed3e94d,plan year 2025-01-01..2025-12-31; received 2026-05-06,EIN and/or sponsor name + address,"sponsor name 'YOUNGBLOOD CO., INC.' matches; sponsor address corroborates (32 ASHLAND STREET, HAVERHILL MA 018304143)",medium,20261007T202810Z,20261007T202838Z,yes
biz-215,SBA_PPP_150K_PLUS,5211078308,SBA PPP FOIA - loans $150K and above,https://data.sba.gov/sites/default/files/distribution/SBA-OCA-2022-07-001/public_150k_plus_240930.csv,2026-10-07,3760a581dc3fd7ca12d09996aa360d749e075bcac517e5a6f7e92ae447a1cb8c,loan approved 01/25/2021; SBA data as of 2024-09-30,"filter BorrowerState=MA, NAICSCode=238220, CurrentApprovalAmount>=150000","YOUNGBLOOD COMPANY INC, 32 Ashland Steet, Haverhill 01830; group: same legal name + same ZIP (street spelling differs)",source record,20261007T202810Z,20261007T202838Z,yes
biz-215,SBA_PPP_150K_PLUS,5952397104,SBA PPP FOIA - loans $150K and above,https://data.sba.gov/sites/default/files/distribution/SBA-OCA-2022-07-001/public_150k_plus_240930.csv,2026-10-07,3760a581dc3fd7ca12d09996aa360d749e075bcac517e5a6f7e92ae447a1cb8c,loan approved 04/14/2020; SBA data as of 2024-09-30,"filter BorrowerState=MA, NAICSCode=238220, CurrentApprovalAmount>=150000","YOUNGBLOOD COMPANY, INC., 32 Ashland Street, HAVERHILL 01830-4143; group: same legal name + same ZIP (street spelling differs)",source record,20261007T202810Z,20261007T202838Z,yes
biz-216,DOL_FORM_5500_SF_2025,043456065-001 ACK 20260702152329NAL0018025984002,DOL Form 5500-SF dataset 2025 (Latest),https://askebsa.dol.gov/FOIA%20Files/2025/Latest/F_5500_SF_2025_Latest.zip,2026-10-07,2db4677bd93455ccc082d378fdd56594ac90ca0fc6f2da1639a15aea8ed3e94d,plan year 2025-01-01..2025-12-31; received 2026-07-02,EIN and/or sponsor name + address,"sponsor name 'B.J. DOYLE, INC.' matches; sponsor address corroborates (4 JEWEL DRIVE, UNIT 8, WILMINGTON MA 01887)",medium,20261007T202810Z,20261007T202838Z,yes
biz-216,DOL_FORM_5500_SF_2025,043456065-002 ACK 20260326152807NAL0005749057001,DOL Form 5500-SF dataset 2025 (Latest),https://askebsa.dol.gov/FOIA%20Files/2025/Latest/F_5500_SF_2025_Latest.zip,2026-10-07,2db4677bd93455ccc082d378fdd56594ac90ca0fc6f2da1639a15aea8ed3e94d,plan year 2025-01-01..2025-12-31; received 2026-03-26,EIN and/or sponsor name + address,"sponsor name 'B.J. DOYLE, INC.' matches; sponsor address corroborates (4 JEWEL DRIVE, UNIT 8, WILMINGTON MA 01887)",medium,20261007T202810Z,20261007T202838Z,yes
biz-216,SBA_PPP_150K_PLUS,6023217107,SBA PPP FOIA - loans $150K and above,https://data.sba.gov/sites/default/files/distribution/SBA-OCA-2022-07-001/public_150k_plus_240930.csv,2026-10-07,3760a581dc3fd7ca12d09996aa360d749e075bcac517e5a6f7e92ae447a1cb8c,loan approved 04/14/2020; SBA data as of 2024-09-30,"filter BorrowerState=MA, NAICSCode=238220, CurrentApprovalAmount>=150000","BJ DOYLE, INC., 4 JEWEL DR Unit 8, WILMINGTON 01887-3334; group: single loan",source record,20261007T202810Z,20261007T202838Z,yes
biz-217,SBA_PPP_150K_PLUS,3636308508,SBA PPP FOIA - loans $150K and above,https://data.sba.gov/sites/default/files/distribution/SBA-OCA-2022-07-001/public_150k_plus_240930.csv,2026-10-07,3760a581dc3fd7ca12d09996aa360d749e075bcac517e5a6f7e92ae447a1cb8c,loan approved 02/24/2021; SBA data as of 2024-09-30,"filter BorrowerState=MA, NAICSCode=238220, CurrentApprovalAmount>=150000","ENVIRONMENTAL SYSTEMS INC, 6 Howard Ireland Dr, Attleboro 02703-4612; group: same legal name + same street address + ZIP",source record,20261007T202810Z,20261007T202838Z,yes
biz-217,SBA_PPP_150K_PLUS,6080557100,SBA PPP FOIA - loans $150K and above,https://data.sba.gov/sites/default/files/distribution/SBA-OCA-2022-07-001/public_150k_plus_240930.csv,2026-10-07,3760a581dc3fd7ca12d09996aa360d749e075bcac517e5a6f7e92ae447a1cb8c,loan approved 04/14/2020; SBA data as of 2024-09-30,"filter BorrowerState=MA, NAICSCode=238220, CurrentApprovalAmount>=150000","ENVIRONMENTAL SYSTEMS, INC., 6 HOWARD IRELAND DR, ATTLEBORO 02703-4612; group: same legal name + same street address + ZIP",source record,20261007T202810Z,20261007T202838Z,yes
biz-218,SBA_PPP_150K_PLUS,6195727103,SBA PPP FOIA - loans $150K and above,https://data.sba.gov/sites/default/files/distribution/SBA-OCA-2022-07-001/public_150k_plus_240930.csv,2026-10-07,3760a581dc3fd7ca12d09996aa360d749e075bcac517e5a6f7e92ae447a1cb8c,loan approved 04/14/2020; SBA data as of 2024-09-30,"filter BorrowerState=MA, NAICSCode=238220, CurrentApprovalAmount>=150000","MERRIMACK VALLEY CORPORATION, 15 AEGEAN DR Unit 3, METHUEN 01844-1558; group: single loan",source record,20261007T202810Z,20261007T202838Z,yes
biz-219,SBA_PPP_150K_PLUS,6207137101,SBA PPP FOIA - loans $150K and above,https://data.sba.gov/sites/default/files/distribution/SBA-OCA-2022-07-001/public_150k_plus_240930.csv,2026-10-07,3760a581dc3fd7ca12d09996aa360d749e075bcac517e5a6f7e92ae447a1cb8c,loan approved 04/14/2020; SBA data as of 2024-09-30,"filter BorrowerState=MA, NAICSCode=238220, CurrentApprovalAmount>=150000","PHOENIX MECHANICAL CONTRACTING INC, 197 W CENTRAL ST, NATICK 01760-3737; group: single loan",source record,20261007T202810Z,20261007T202838Z,yes
biz-220,DOL_FORM_5500_SF_2025,475663063-001 ACK 20260630193425NAL0010866419001,DOL Form 5500-SF dataset 2025 (Latest),https://askebsa.dol.gov/FOIA%20Files/2025/Latest/F_5500_SF_2025_Latest.zip,2026-10-07,2db4677bd93455ccc082d378fdd56594ac90ca0fc6f2da1639a15aea8ed3e94d,plan year 2025-01-01..2025-12-31; received 2026-06-30,EIN and/or sponsor name + address,"sponsor name 'BEANTOWN AC, INC.' matches; sponsor address corroborates (9 ALDRIN ROAD - SUITE 10, PLYMOUTH MA 02360)",medium,20261007T202810Z,20261007T202838Z,yes
biz-220,SBA_PPP_150K_PLUS,6214487110,SBA PPP FOIA - loans $150K and above,https://data.sba.gov/sites/default/files/distribution/SBA-OCA-2022-07-001/public_150k_plus_240930.csv,2026-10-07,3760a581dc3fd7ca12d09996aa360d749e075bcac517e5a6f7e92ae447a1cb8c,loan approved 04/14/2020; SBA data as of 2024-09-30,"filter BorrowerState=MA, NAICSCode=238220, CurrentApprovalAmount>=150000","BEANTOWN AC, INC, 9 ALDRIN RD STE 1, PLYMOUTH 02360-5479; group: single loan",source record,20261007T202810Z,20261007T202838Z,yes
biz-221,SBA_PPP_150K_PLUS,6216527102,SBA PPP FOIA - loans $150K and above,https://data.sba.gov/sites/default/files/distribution/SBA-OCA-2022-07-001/public_150k_plus_240930.csv,2026-10-07,3760a581dc3fd7ca12d09996aa360d749e075bcac517e5a6f7e92ae447a1cb8c,loan approved 04/14/2020; SBA data as of 2024-09-30,"filter BorrowerState=MA, NAICSCode=238220, CurrentApprovalAmount>=150000","M & E MECHANICAL CONTRACTORS INC, 1 ALLEN ST, SPRINGFIELD 01108-1953; group: single loan",source record,20261007T202810Z,20261007T202838Z,yes
biz-222,SBA_PPP_150K_PLUS,6237397110,SBA PPP FOIA - loans $150K and above,https://data.sba.gov/sites/default/files/distribution/SBA-OCA-2022-07-001/public_150k_plus_240930.csv,2026-10-07,3760a581dc3fd7ca12d09996aa360d749e075bcac517e5a6f7e92ae447a1cb8c,loan approved 04/14/2020; SBA data as of 2024-09-30,"filter BorrowerState=MA, NAICSCode=238220, CurrentApprovalAmount>=150000","LYNCO FIRE PROTECTION, INC., 19 GRANT AVE, BURLINGTON 01803-2123; group: same legal name + same street address + ZIP",source record,20261007T202810Z,20261007T202838Z,yes
biz-222,SBA_PPP_150K_PLUS,8287498403,SBA PPP FOIA - loans $150K and above,https://data.sba.gov/sites/default/files/distribution/SBA-OCA-2022-07-001/public_150k_plus_240930.csv,2026-10-07,3760a581dc3fd7ca12d09996aa360d749e075bcac517e5a6f7e92ae447a1cb8c,loan approved 02/13/2021; SBA data as of 2024-09-30,"filter BorrowerState=MA, NAICSCode=238220, CurrentApprovalAmount>=150000","LYNCO FIRE PROTECTION INC, 19 Grant Ave, Burlington 01803-2123; group: same legal name + same street address + ZIP",source record,20261007T202810Z,20261007T202838Z,yes
biz-223,SBA_PPP_150K_PLUS,1394368610,SBA PPP FOIA - loans $150K and above,https://data.sba.gov/sites/default/files/distribution/SBA-OCA-2022-07-001/public_150k_plus_240930.csv,2026-10-07,3760a581dc3fd7ca12d09996aa360d749e075bcac517e5a6f7e92ae447a1cb8c,loan approved 03/13/2021; SBA data as of 2024-09-30,"filter BorrowerState=MA, NAICSCode=238220, CurrentApprovalAmount>=150000","MERRIMACK VALLEY SYSTEMS INC., 15 Aegean Dr Ste 3, Methuen 01844-1558; group: same legal name + same street address + ZIP",source record,20261007T202810Z,20261007T202838Z,yes
biz-223,SBA_PPP_150K_PLUS,6299227100,SBA PPP FOIA - loans $150K and above,https://data.sba.gov/sites/default/files/distribution/SBA-OCA-2022-07-001/public_150k_plus_240930.csv,2026-10-07,3760a581dc3fd7ca12d09996aa360d749e075bcac517e5a6f7e92ae447a1cb8c,loan approved 04/14/2020; SBA data as of 2024-09-30,"filter BorrowerState=MA, NAICSCode=238220, CurrentApprovalAmount>=150000","MERRIMACK VALLEY SYSTEMS, INC., 15 AEGEAN DR, Unit 3, METHUEN 01844-1558; group: same legal name + same street address + ZIP",source record,20261007T202810Z,20261007T202838Z,yes
biz-224,SBA_PPP_150K_PLUS,6314777100,SBA PPP FOIA - loans $150K and above,https://data.sba.gov/sites/default/files/distribution/SBA-OCA-2022-07-001/public_150k_plus_240930.csv,2026-10-07,3760a581dc3fd7ca12d09996aa360d749e075bcac517e5a6f7e92ae447a1cb8c,loan approved 04/14/2020; SBA data as of 2024-09-30,"filter BorrowerState=MA, NAICSCode=238220, CurrentApprovalAmount>=150000","JOHN DONOVAN PLUMBING AND HEATING CORP, 28 FORGE PKWY, FRANKLIN 02038-3247; group: single loan",source record,20261007T202810Z,20261007T202838Z,yes
biz-225,SBA_PPP_150K_PLUS,6365067110,SBA PPP FOIA - loans $150K and above,https://data.sba.gov/sites/default/files/distribution/SBA-OCA-2022-07-001/public_150k_plus_240930.csv,2026-10-07,3760a581dc3fd7ca12d09996aa360d749e075bcac517e5a6f7e92ae447a1cb8c,loan approved 04/14/2020; SBA data as of 2024-09-30,"filter BorrowerState=MA, NAICSCode=238220, CurrentApprovalAmount>=150000","DUGGAN MECHANICAL SERVICES, INC., 136 Will Drive, Canton 02021; group: single loan",source record,20261007T202810Z,20261007T202838Z,yes
biz-226,DOL_FORM_5500_SF_2025,020497926-001 ACK 20260508130830NAL0004736688001,DOL Form 5500-SF dataset 2025 (Latest),https://askebsa.dol.gov/FOIA%20Files/2025/Latest/F_5500_SF_2025_Latest.zip,2026-10-07,2db4677bd93455ccc082d378fdd56594ac90ca0fc6f2da1639a15aea8ed3e94d,plan year 2025-01-01..2025-12-31; received 2026-05-08,EIN and/or sponsor name + address,"sponsor name 'CORRECT TEMP, INC.' matches; sponsor address corroborates (268 HAMPSTEAD ROAD, UNIT #5, METHUEN MA 01844)",medium,20261007T202810Z,20261007T202838Z,yes
biz-226,SBA_PPP_150K_PLUS,6400757101,SBA PPP FOIA - loans $150K and above,https://data.sba.gov/sites/default/files/distribution/SBA-OCA-2022-07-001/public_150k_plus_240930.csv,2026-10-07,3760a581dc3fd7ca12d09996aa360d749e075bcac517e5a6f7e92ae447a1cb8c,loan approved 04/14/2020; SBA data as of 2024-09-30,"filter BorrowerState=MA, NAICSCode=238220, CurrentApprovalAmount>=150000","CORRECT TEMP INCORPORATED, 268 Hampstead Street, METHUEN 01844; group: same legal name + same street address + ZIP",source record,20261007T202810Z,20261007T202838Z,yes
biz-226,SBA_PPP_150K_PLUS,9904048507,SBA PPP FOIA - loans $150K and above,https://data.sba.gov/sites/default/files/distribution/SBA-OCA-2022-07-001/public_150k_plus_240930.csv,2026-10-07,3760a581dc3fd7ca12d09996aa360d749e075bcac517e5a6f7e92ae447a1cb8c,loan approved 03/12/2021; SBA data as of 2024-09-30,"filter BorrowerState=MA, NAICSCode=238220, CurrentApprovalAmount>=150000","CORRECT TEMP INC, 268 Hampstead St, Methuen 01844-1250; group: same legal name + same street address + ZIP",source record,20261007T202810Z,20261007T202838Z,yes
biz-227,DOL_FORM_5500_2024,043279765-001 ACK 20251013104047NAL0001724400001,DOL Form 5500 dataset 2024 (Latest),https://askebsa.dol.gov/FOIA%20Files/2024/Latest/F_5500_2024_Latest.zip,2026-10-07,8884391d48a9e362fd7d2b91d6e37430bd2e54355c9dbc3479985c9d876872f8,plan year 2024-01-01..2024-12-31; received 2025-10-13,EIN and/or sponsor name + address,"sponsor name 'RODENHISER HOME SERVICES, INC.' matches; sponsor address corroborates (325 HOPPING BROOK ROAD, HOLLISTON MA 01746)",medium,20261007T202810Z,20261007T202838Z,yes
biz-227,SBA_PPP_150K_PLUS,6540067108,SBA PPP FOIA - loans $150K and above,https://data.sba.gov/sites/default/files/distribution/SBA-OCA-2022-07-001/public_150k_plus_240930.csv,2026-10-07,3760a581dc3fd7ca12d09996aa360d749e075bcac517e5a6f7e92ae447a1cb8c,loan approved 04/14/2020; SBA data as of 2024-09-30,"filter BorrowerState=MA, NAICSCode=238220, CurrentApprovalAmount>=150000","RODENHISER HOME SERVICES INC., 325 HOPPING BROOK RD, HOLLISTON 01746-1456; group: single loan",source record,20261007T202810Z,20261007T202838Z,yes
biz-228,SBA_PPP_150K_PLUS,6688547106,SBA PPP FOIA - loans $150K and above,https://data.sba.gov/sites/default/files/distribution/SBA-OCA-2022-07-001/public_150k_plus_240930.csv,2026-10-07,3760a581dc3fd7ca12d09996aa360d749e075bcac517e5a6f7e92ae447a1cb8c,loan approved 04/14/2020; SBA data as of 2024-09-30,"filter BorrowerState=MA, NAICSCode=238220, CurrentApprovalAmount>=150000","ASPINWALL PLUMBING & HEATING, CO. INC., 723 Washington Street, Quincy 02169-7330; group: same legal name + same ZIP (street spelling differs)",source record,20261007T202810Z,20261007T202838Z,yes
biz-228,SBA_PPP_150K_PLUS,8253568402,SBA PPP FOIA - loans $150K and above,https://data.sba.gov/sites/default/files/distribution/SBA-OCA-2022-07-001/public_150k_plus_240930.csv,2026-10-07,3760a581dc3fd7ca12d09996aa360d749e075bcac517e5a6f7e92ae447a1cb8c,loan approved 02/13/2021; SBA data as of 2024-09-30,"filter BorrowerState=MA, NAICSCode=238220, CurrentApprovalAmount>=150000","ASPINWALL PLUMBING & HEATING LLC, 723 Washington St # 0, Quincy 02169-7330; group: same legal name + same ZIP (street spelling differs)",source record,20261007T202810Z,20261007T202838Z,yes
biz-229,DOL_FORM_5500_SF_2024,300956199-001 ACK 20251014135154NAL0002944497001,DOL Form 5500-SF dataset 2024 (Latest),https://askebsa.dol.gov/FOIA%20Files/2024/Latest/F_5500_SF_2024_Latest.zip,2026-10-07,11370908e2bbc78d1d418b2f2a2177875e0524c12b69a181432d6fd65a5966c3,plan year 2024-01-01..2024-12-31; received 2025-10-14,EIN and/or sponsor name + address,"sponsor name 'MARCOUX PLUMBING & HEATING, INC.' matches; sponsor address corroborates (273 DRACUT STREET, DRACUT MA 01826)",medium,20261007T202810Z,20261007T202838Z,yes
biz-229,SBA_PPP_150K_PLUS,6731027110,SBA PPP FOIA - loans $150K and above,https://data.sba.gov/sites/default/files/distribution/SBA-OCA-2022-07-001/public_150k_plus_240930.csv,2026-10-07,3760a581dc3fd7ca12d09996aa360d749e075bcac517e5a6f7e92ae447a1cb8c,loan approved 04/14/2020; SBA data as of 2024-09-30,"filter BorrowerState=MA, NAICSCode=238220, CurrentApprovalAmount>=150000","MARCOUX PLUMBING & HEATING, INC., 273 DRACUT ST, DRACUT 01826-4510; group: same legal name + same street address + ZIP",source record,20261007T202810Z,20261007T202838Z,yes
biz-229,SBA_PPP_150K_PLUS,6929418405,SBA PPP FOIA - loans $150K and above,https://data.sba.gov/sites/default/files/distribution/SBA-OCA-2022-07-001/public_150k_plus_240930.csv,2026-10-07,3760a581dc3fd7ca12d09996aa360d749e075bcac517e5a6f7e92ae447a1cb8c,loan approved 02/11/2021; SBA data as of 2024-09-30,"filter BorrowerState=MA, NAICSCode=238220, CurrentApprovalAmount>=150000","MARCOUX PLUMBING & HEATING INC., 273 Dracut St, Dracut 01826-4510; group: same legal name + same street address + ZIP",source record,20261007T202810Z,20261007T202838Z,yes
biz-230,DOL_FORM_5500_SF_2025,043103483-001 ACK 20260818093538NAL0012630451001,DOL Form 5500-SF dataset 2025 (Latest),https://askebsa.dol.gov/FOIA%20Files/2025/Latest/F_5500_SF_2025_Latest.zip,2026-10-07,2db4677bd93455ccc082d378fdd56594ac90ca0fc6f2da1639a15aea8ed3e94d,plan year 2025-01-01..2025-12-31; received 2026-08-18,EIN and/or sponsor name + address,"sponsor name 'COMMONWEALTH PLUMBING CORP.' matches; sponsor address corroborates (290 WEYMOUTH STREET, ROCKLAND MA 023701137)",medium,20261007T202810Z,20261007T202838Z,yes
biz-230,SBA_PPP_150K_PLUS,6636078308,SBA PPP FOIA - loans $150K and above,https://data.sba.gov/sites/default/files/distribution/SBA-OCA-2022-07-001/public_150k_plus_240930.csv,2026-10-07,3760a581dc3fd7ca12d09996aa360d749e075bcac517e5a6f7e92ae447a1cb8c,loan approved 01/27/2021; SBA data as of 2024-09-30,"filter BorrowerState=MA, NAICSCode=238220, CurrentApprovalAmount>=150000","COMMONWEALTH PLUMBING CORP., 290 Weymouth St, Rockland 02370-1137; group: same legal name + same street address + ZIP",source record,20261007T202810Z,20261007T202838Z,yes
biz-230,SBA_PPP_150K_PLUS,6734627108,SBA PPP FOIA - loans $150K and above,https://data.sba.gov/sites/default/files/distribution/SBA-OCA-2022-07-001/public_150k_plus_240930.csv,2026-10-07,3760a581dc3fd7ca12d09996aa360d749e075bcac517e5a6f7e92ae447a1cb8c,loan approved 04/14/2020; SBA data as of 2024-09-30,"filter BorrowerState=MA, NAICSCode=238220, CurrentApprovalAmount>=150000","COMMONWEALTH PLUMBING CORP., 290 Weymouth St, Rockland 02370-1137; group: same legal name + same street address + ZIP",source record,20261007T202810Z,20261007T202838Z,yes
biz-231,SBA_PPP_150K_PLUS,6755537104,SBA PPP FOIA - loans $150K and above,https://data.sba.gov/sites/default/files/distribution/SBA-OCA-2022-07-001/public_150k_plus_240930.csv,2026-10-07,3760a581dc3fd7ca12d09996aa360d749e075bcac517e5a6f7e92ae447a1cb8c,loan approved 04/14/2020; SBA data as of 2024-09-30,"filter BorrowerState=MA, NAICSCode=238220, CurrentApprovalAmount>=150000","ASAP DRAINS INC, 405 A ESSEX ST, SALEM 01970-3155; group: single loan",source record,20261007T202810Z,20261007T202838Z,yes
biz-232,SBA_PPP_150K_PLUS,6897567108,SBA PPP FOIA - loans $150K and above,https://data.sba.gov/sites/default/files/distribution/SBA-OCA-2022-07-001/public_150k_plus_240930.csv,2026-10-07,3760a581dc3fd7ca12d09996aa360d749e075bcac517e5a6f7e92ae447a1cb8c,loan approved 04/14/2020; SBA data as of 2024-09-30,"filter BorrowerState=MA, NAICSCode=238220, CurrentApprovalAmount>=150000","TEAM MECHANICAL, LLC, 820 LIVINGSTON ST, TEWKSBURY 01876-1383; group: single loan",source record,20261007T202810Z,20261007T202838Z,yes
biz-233,SBA_PPP_150K_PLUS,7016167101,SBA PPP FOIA - loans $150K and above,https://data.sba.gov/sites/default/files/distribution/SBA-OCA-2022-07-001/public_150k_plus_240930.csv,2026-10-07,3760a581dc3fd7ca12d09996aa360d749e075bcac517e5a6f7e92ae447a1cb8c,loan approved 04/14/2020; SBA data as of 2024-09-30,"filter BorrowerState=MA, NAICSCode=238220, CurrentApprovalAmount>=150000","CRANNEY COMPANIES INC, 24 WATER ST, DANVERS 01923-3728; group: single loan",source record,20261007T202810Z,20261007T202838Z,yes
biz-234,SBA_PPP_150K_PLUS,7110817102,SBA PPP FOIA - loans $150K and above,https://data.sba.gov/sites/default/files/distribution/SBA-OCA-2022-07-001/public_150k_plus_240930.csv,2026-10-07,3760a581dc3fd7ca12d09996aa360d749e075bcac517e5a6f7e92ae447a1cb8c,loan approved 04/14/2020; SBA data as of 2024-09-30,"filter BorrowerState=MA, NAICSCode=238220, CurrentApprovalAmount>=150000","PREFERRED CONTRACTORS, INC., 223 Center St, PEMBROKE 02359; group: single loan",source record,20261007T202810Z,20261007T202838Z,yes
biz-235,SBA_PPP_150K_PLUS,7144007104,SBA PPP FOIA - loans $150K and above,https://data.sba.gov/sites/default/files/distribution/SBA-OCA-2022-07-001/public_150k_plus_240930.csv,2026-10-07,3760a581dc3fd7ca12d09996aa360d749e075bcac517e5a6f7e92ae447a1cb8c,loan approved 04/14/2020; SBA data as of 2024-09-30,"filter BorrowerState=MA, NAICSCode=238220, CurrentApprovalAmount>=150000","AYOTTE MECHANICAL, INC., 108 MIDDLESEX ST #5, NORTH CHELMSFORD 01863-2058; group: single loan",source record,20261007T202810Z,20261007T202838Z,yes
biz-236,SBA_PPP_150K_PLUS,6361228610,SBA PPP FOIA - loans $150K and above,https://data.sba.gov/sites/default/files/distribution/SBA-OCA-2022-07-001/public_150k_plus_240930.csv,2026-10-07,3760a581dc3fd7ca12d09996aa360d749e075bcac517e5a6f7e92ae447a1cb8c,loan approved 03/23/2021; SBA data as of 2024-09-30,"filter BorrowerState=MA, NAICSCode=238220, CurrentApprovalAmount>=150000","TOM FRICKER COMPLETE HEATING AND COOLING LLC, 355R Chestnut St, Needham 02492-2408; group: same legal name + same ZIP (street spelling differs)",source record,20261007T202810Z,20261007T202838Z,yes
biz-236,SBA_PPP_150K_PLUS,7175767101,SBA PPP FOIA - loans $150K and above,https://data.sba.gov/sites/default/files/distribution/SBA-OCA-2022-07-001/public_150k_plus_240930.csv,2026-10-07,3760a581dc3fd7ca12d09996aa360d749e075bcac517e5a6f7e92ae447a1cb8c,loan approved 04/14/2020; SBA data as of 2024-09-30,"filter BorrowerState=MA, NAICSCode=238220, CurrentApprovalAmount>=150000","TOM FRICKER COMPLETE HEATING AND COOLING, LLC, 355 R CHESTNUT ST, NEEDHAM 02492-2408; group: same legal name + same ZIP (street spelling differs)",source record,20261007T202810Z,20261007T202838Z,yes
biz-237,DOL_FORM_5500_SF_2024,043279438-002 ACK 20250716070830NAL0002875025001,DOL Form 5500-SF dataset 2024 (Latest),https://askebsa.dol.gov/FOIA%20Files/2024/Latest/F_5500_SF_2024_Latest.zip,2026-10-07,11370908e2bbc78d1d418b2f2a2177875e0524c12b69a181432d6fd65a5966c3,plan year 2024-01-01..2024-12-19; received 2025-07-16,EIN and/or sponsor name + address,"sponsor name 'LUNDY, INC.' matches; sponsor address corroborates (5 PINECREST ROAD, HINGHAM MA 02043)",medium,20261007T202810Z,20261007T202838Z,yes
biz-237,DOL_FORM_5500_SF_2025,043279438-001 ACK 20260629075455NAL0020235810001,DOL Form 5500-SF dataset 2025 (Latest),https://askebsa.dol.gov/FOIA%20Files/2025/Latest/F_5500_SF_2025_Latest.zip,2026-10-07,2db4677bd93455ccc082d378fdd56594ac90ca0fc6f2da1639a15aea8ed3e94d,plan year 2025-01-01..2025-12-31; received 2026-06-29,EIN and/or sponsor name + address,"sponsor name 'LUNDY, INC.' matches; sponsor address corroborates (5 PINECREST RD, HINGHAM MA 02043)",medium,20261007T202810Z,20261007T202838Z,yes
biz-237,DOL_FORM_5500_SF_2025,043279438-003 ACK 20260629075753NAL0010301363001,DOL Form 5500-SF dataset 2025 (Latest),https://askebsa.dol.gov/FOIA%20Files/2025/Latest/F_5500_SF_2025_Latest.zip,2026-10-07,2db4677bd93455ccc082d378fdd56594ac90ca0fc6f2da1639a15aea8ed3e94d,plan year 2025-01-01..2025-12-31; received 2026-06-29,EIN and/or sponsor name + address,"sponsor name 'LUNDY, INC.' matches; sponsor address corroborates (5 PINECREST RD, HINGHAM MA 02043)",medium,20261007T202810Z,20261007T202838Z,yes
biz-237,SBA_PPP_150K_PLUS,5561078406,SBA PPP FOIA - loans $150K and above,https://data.sba.gov/sites/default/files/distribution/SBA-OCA-2022-07-001/public_150k_plus_240930.csv,2026-10-07,3760a581dc3fd7ca12d09996aa360d749e075bcac517e5a6f7e92ae447a1cb8c,loan approved 02/08/2021; SBA data as of 2024-09-30,"filter BorrowerState=MA, NAICSCode=238220, CurrentApprovalAmount>=150000","LUNDY INC., 5 Pinecrest Rd, Hingham 02043-3027; group: same legal name + same street address + ZIP",source record,20261007T202810Z,20261007T202838Z,yes
biz-237,SBA_PPP_150K_PLUS,7418537108,SBA PPP FOIA - loans $150K and above,https://data.sba.gov/sites/default/files/distribution/SBA-OCA-2022-07-001/public_150k_plus_240930.csv,2026-10-07,3760a581dc3fd7ca12d09996aa360d749e075bcac517e5a6f7e92ae447a1cb8c,loan approved 04/14/2020; SBA data as of 2024-09-30,"filter BorrowerState=MA, NAICSCode=238220, CurrentApprovalAmount>=150000","LUNDY INC., 5 PINECREST RD, HINGHAM 02043-3027; group: same legal name + same street address + ZIP",source record,20261007T202810Z,20261007T202838Z,yes
biz-238,SBA_PPP_150K_PLUS,7446777107,SBA PPP FOIA - loans $150K and above,https://data.sba.gov/sites/default/files/distribution/SBA-OCA-2022-07-001/public_150k_plus_240930.csv,2026-10-07,3760a581dc3fd7ca12d09996aa360d749e075bcac517e5a6f7e92ae447a1cb8c,loan approved 04/14/2020; SBA data as of 2024-09-30,"filter BorrowerState=MA, NAICSCode=238220, CurrentApprovalAmount>=150000","TRIANGLE REFRIGERATION AIR CONDITIONING & PLUMBING INC, 425 Pleasant Street Suite 22, Fall River 02721; group: single loan",source record,20261007T202810Z,20261007T202838Z,yes
biz-239,SBA_PPP_150K_PLUS,7626587106,SBA PPP FOIA - loans $150K and above,https://data.sba.gov/sites/default/files/distribution/SBA-OCA-2022-07-001/public_150k_plus_240930.csv,2026-10-07,3760a581dc3fd7ca12d09996aa360d749e075bcac517e5a6f7e92ae447a1cb8c,loan approved 04/14/2020; SBA data as of 2024-09-30,"filter BorrowerState=MA, NAICSCode=238220, CurrentApprovalAmount>=150000","PREFERRED MECHANICAL SERVICES, 223 Center Street, PEMBROKE 02359-2610; group: single loan",source record,20261007T202810Z,20261007T202838Z,yes
biz-240,SBA_PPP_150K_PLUS,1006107202,SBA PPP FOIA - loans $150K and above,https://data.sba.gov/sites/default/files/distribution/SBA-OCA-2022-07-001/public_150k_plus_240930.csv,2026-10-07,3760a581dc3fd7ca12d09996aa360d749e075bcac517e5a6f7e92ae447a1cb8c,loan approved 04/15/2020; SBA data as of 2024-09-30,"filter BorrowerState=MA, NAICSCode=238220, CurrentApprovalAmount>=150000","BLUE BEAR PLUMBING INC, 100 Corporate Park Drive #1740, PEMBROKE 02359; group: single loan",source record,20261007T202810Z,20261007T202838Z,yes
biz-241,SBA_PPP_150K_PLUS,1017157201,SBA PPP FOIA - loans $150K and above,https://data.sba.gov/sites/default/files/distribution/SBA-OCA-2022-07-001/public_150k_plus_240930.csv,2026-10-07,3760a581dc3fd7ca12d09996aa360d749e075bcac517e5a6f7e92ae447a1cb8c,loan approved 04/15/2020; SBA data as of 2024-09-30,"filter BorrowerState=MA, NAICSCode=238220, CurrentApprovalAmount>=150000","PREFERRED AIR INC, 424 B BOSTON STREET, Topsfield 01983; group: single loan",source record,20261007T202810Z,20261007T202838Z,yes
biz-242,SBA_PPP_150K_PLUS,1029337204,SBA PPP FOIA - loans $150K and above,https://data.sba.gov/sites/default/files/distribution/SBA-OCA-2022-07-001/public_150k_plus_240930.csv,2026-10-07,3760a581dc3fd7ca12d09996aa360d749e075bcac517e5a6f7e92ae447a1cb8c,loan approved 04/15/2020; SBA data as of 2024-09-30,"filter BorrowerState=MA, NAICSCode=238220, CurrentApprovalAmount>=150000","P.J. DIONNE CO., INC., 72 Jonspin Road, Wilmington 01887; group: single loan",source record,20261007T202810Z,20261007T202838Z,yes
biz-243,SBA_PPP_150K_PLUS,1166967201,SBA PPP FOIA - loans $150K and above,https://data.sba.gov/sites/default/files/distribution/SBA-OCA-2022-07-001/public_150k_plus_240930.csv,2026-10-07,3760a581dc3fd7ca12d09996aa360d749e075bcac517e5a6f7e92ae447a1cb8c,loan approved 04/15/2020; SBA data as of 2024-09-30,"filter BorrowerState=MA, NAICSCode=238220, CurrentApprovalAmount>=150000","KJ MILLER MECHANICAL, 155 South Row Road, Townsend 01469; group: single loan",source record,20261007T202810Z,20261007T202838Z,yes
biz-244,DOL_FORM_5500_SF_2025,042819828-001 ACK 20260413120501NAL0029970674001,DOL Form 5500-SF dataset 2025 (Latest),https://askebsa.dol.gov/FOIA%20Files/2025/Latest/F_5500_SF_2025_Latest.zip,2026-10-07,2db4677bd93455ccc082d378fdd56594ac90ca0fc6f2da1639a15aea8ed3e94d,plan year 2025-01-01..2025-12-31; received 2026-04-13,EIN and/or sponsor name + address,"sponsor name 'RUSTIC FIRE PROTECTION, INC.' matches; sponsor address corroborates (320 W MAIN STREET, NORTON MA 027660000)",medium,20261007T202810Z,20261007T202838Z,yes
biz-244,SBA_PPP_150K_PLUS,1182517206,SBA PPP FOIA - loans $150K and above,https://data.sba.gov/sites/default/files/distribution/SBA-OCA-2022-07-001/public_150k_plus_240930.csv,2026-10-07,3760a581dc3fd7ca12d09996aa360d749e075bcac517e5a6f7e92ae447a1cb8c,loan approved 04/15/2020; SBA data as of 2024-09-30,"filter BorrowerState=MA, NAICSCode=238220, CurrentApprovalAmount>=150000","RUSTIC FIRE PROTECTION, INC, 320 West Main St, Norton 02766; group: same legal name + same ZIP (street spelling differs)",source record,20261007T202810Z,20261007T202838Z,yes
biz-244,SBA_PPP_150K_PLUS,9041638304,SBA PPP FOIA - loans $150K and above,https://data.sba.gov/sites/default/files/distribution/SBA-OCA-2022-07-001/public_150k_plus_240930.csv,2026-10-07,3760a581dc3fd7ca12d09996aa360d749e075bcac517e5a6f7e92ae447a1cb8c,loan approved 01/30/2021; SBA data as of 2024-09-30,"filter BorrowerState=MA, NAICSCode=238220, CurrentApprovalAmount>=150000","RUSTIC FIRE PROTECTION INC, 320 W Main St # 0, Norton 02766-2151; group: same legal name + same ZIP (street spelling differs)",source record,20261007T202810Z,20261007T202838Z,yes
biz-245,SBA_PPP_150K_PLUS,1262307202,SBA PPP FOIA - loans $150K and above,https://data.sba.gov/sites/default/files/distribution/SBA-OCA-2022-07-001/public_150k_plus_240930.csv,2026-10-07,3760a581dc3fd7ca12d09996aa360d749e075bcac517e5a6f7e92ae447a1cb8c,loan approved 04/15/2020; SBA data as of 2024-09-30,"filter BorrowerState=MA, NAICSCode=238220, CurrentApprovalAmount>=150000","BAYSIDE MECHANICAL CORP, 497 Thomas B. Landers Road, EAST FALMOUTH 02536-4452; group: same legal name + same ZIP (street spelling differs)",source record,20261007T202810Z,20261007T202838Z,yes
biz-245,SBA_PPP_150K_PLUS,9413858302,SBA PPP FOIA - loans $150K and above,https://data.sba.gov/sites/default/files/distribution/SBA-OCA-2022-07-001/public_150k_plus_240930.csv,2026-10-07,3760a581dc3fd7ca12d09996aa360d749e075bcac517e5a6f7e92ae447a1cb8c,loan approved 01/30/2021; SBA data as of 2024-09-30,"filter BorrowerState=MA, NAICSCode=238220, CurrentApprovalAmount>=150000","BAYSIDE MECHANICAL CORP, 497 Thomas B Landers Rd # 0, East Falmouth 02536-4452; group: same legal name + same ZIP (street spelling differs)",source record,20261007T202810Z,20261007T202838Z,yes
biz-246,SBA_PPP_150K_PLUS,1310747200,SBA PPP FOIA - loans $150K and above,https://data.sba.gov/sites/default/files/distribution/SBA-OCA-2022-07-001/public_150k_plus_240930.csv,2026-10-07,3760a581dc3fd7ca12d09996aa360d749e075bcac517e5a6f7e92ae447a1cb8c,loan approved 04/15/2020; SBA data as of 2024-09-30,"filter BorrowerState=MA, NAICSCode=238220, CurrentApprovalAmount>=150000","CARL-LOUIS CO., INC., 104 Victory Rd, Dorchester 02122; group: same legal name + same street address + ZIP",source record,20261007T202810Z,20261007T202838Z,yes
biz-246,SBA_PPP_150K_PLUS,1550928408,SBA PPP FOIA - loans $150K and above,https://data.sba.gov/sites/default/files/distribution/SBA-OCA-2022-07-001/public_150k_plus_240930.csv,2026-10-07,3760a581dc3fd7ca12d09996aa360d749e075bcac517e5a6f7e92ae447a1cb8c,loan approved 02/02/2021; SBA data as of 2024-09-30,"filter BorrowerState=MA, NAICSCode=238220, CurrentApprovalAmount>=150000","CARL-LOUIS CO. INC., 104 Victory Rd, Dorchester 02122-3544; group: same legal name + same street address + ZIP",source record,20261007T202810Z,20261007T202838Z,yes
biz-247,DOL_FORM_5500_SF_2025,208733023-001 ACK 20260619114008NAL0005143728001,DOL Form 5500-SF dataset 2025 (Latest),https://askebsa.dol.gov/FOIA%20Files/2025/Latest/F_5500_SF_2025_Latest.zip,2026-10-07,2db4677bd93455ccc082d378fdd56594ac90ca0fc6f2da1639a15aea8ed3e94d,plan year 2025-01-01..2025-12-31; received 2026-06-19,EIN and/or sponsor name + address,"sponsor name 'SEASIDE GAS SERVICE INC' matches; sponsor address corroborates (67 HELMSMAN DR, YARMOUTH PORT MA 026752467)",medium,20261007T202810Z,20261007T202838Z,yes
biz-247,SBA_PPP_150K_PLUS,1986087203,SBA PPP FOIA - loans $150K and above,https://data.sba.gov/sites/default/files/distribution/SBA-OCA-2022-07-001/public_150k_plus_240930.csv,2026-10-07,3760a581dc3fd7ca12d09996aa360d749e075bcac517e5a6f7e92ae447a1cb8c,loan approved 04/15/2020; SBA data as of 2024-09-30,"filter BorrowerState=MA, NAICSCode=238220, CurrentApprovalAmount>=150000","SEASIDE GAS SERVICE INC., 67 HELMSMAN DRIVE, YARMOUTH PORT 02675; group: single loan",source record,20261007T202810Z,20261007T202838Z,yes
biz-248,SBA_PPP_150K_PLUS,8027157109,SBA PPP FOIA - loans $150K and above,https://data.sba.gov/sites/default/files/distribution/SBA-OCA-2022-07-001/public_150k_plus_240930.csv,2026-10-07,3760a581dc3fd7ca12d09996aa360d749e075bcac517e5a6f7e92ae447a1cb8c,loan approved 04/15/2020; SBA data as of 2024-09-30,"filter BorrowerState=MA, NAICSCode=238220, CurrentApprovalAmount>=150000","NETR LLC, 85 Flagship Drive Unit E, North Andover 01845; group: single loan",source record,20261007T202810Z,20261007T202838Z,yes
biz-249,DOL_FORM_5500_SF_2025,042261062-002 ACK 20260915131142NAL0006069170001,DOL Form 5500-SF dataset 2025 (Latest),https://askebsa.dol.gov/FOIA%20Files/2025/Latest/F_5500_SF_2025_Latest.zip,2026-10-07,2db4677bd93455ccc082d378fdd56594ac90ca0fc6f2da1639a15aea8ed3e94d,plan year 2025-01-01..2025-12-31; received 2026-09-15,EIN and/or sponsor name + address,"sponsor name 'ENTERPRISE EQUIPMENT CO., INC.' matches; sponsor address corroborates (276 LIBBEY PKY, WEYMOUTH MA 02189)",medium,20261007T202810Z,20261007T202838Z,yes
biz-249,SBA_PPP_150K_PLUS,8035767104,SBA PPP FOIA - loans $150K and above,https://data.sba.gov/sites/default/files/distribution/SBA-OCA-2022-07-001/public_150k_plus_240930.csv,2026-10-07,3760a581dc3fd7ca12d09996aa360d749e075bcac517e5a6f7e92ae447a1cb8c,loan approved 04/15/2020; SBA data as of 2024-09-30,"filter BorrowerState=MA, NAICSCode=238220, CurrentApprovalAmount>=150000","ENTERPRISE EQUIPMENT CO INC, 276 Libbey Parkway, Weymouth 02189; group: same legal name + same ZIP (street spelling differs)",source record,20261007T202810Z,20261007T202838Z,yes
biz-249,SBA_PPP_150K_PLUS,8068058400,SBA PPP FOIA - loans $150K and above,https://data.sba.gov/sites/default/files/distribution/SBA-OCA-2022-07-001/public_150k_plus_240930.csv,2026-10-07,3760a581dc3fd7ca12d09996aa360d749e075bcac517e5a6f7e92ae447a1cb8c,loan approved 02/12/2021; SBA data as of 2024-09-30,"filter BorrowerState=MA, NAICSCode=238220, CurrentApprovalAmount>=150000","ENTERPRISE EQUIPMENT CO. INC., 276 Libbey Industrial Pkwy, East Weymouth 02189-3102; group: same legal name + same ZIP (street spelling differs)",source record,20261007T202810Z,20261007T202838Z,yes
biz-250,DOL_FORM_5500_SF_2024,043493110-001 ACK 20250603121441NAL0028519442001,DOL Form 5500-SF dataset 2024 (Latest),https://askebsa.dol.gov/FOIA%20Files/2024/Latest/F_5500_SF_2024_Latest.zip,2026-10-07,11370908e2bbc78d1d418b2f2a2177875e0524c12b69a181432d6fd65a5966c3,plan year 2024-01-01..2024-12-31; received 2025-06-03,EIN and/or sponsor name + address,"sponsor name 'AMERICAN TEST AND BALANCE, INC.' matches; sponsor address corroborates (335R WASHINGTON STREET, NORWELL MA 02061)",medium,20261007T202810Z,20261007T202838Z,yes
biz-250,SBA_PPP_150K_PLUS,8079147108,SBA PPP FOIA - loans $150K and above,https://data.sba.gov/sites/default/files/distribution/SBA-OCA-2022-07-001/public_150k_plus_240930.csv,2026-10-07,3760a581dc3fd7ca12d09996aa360d749e075bcac517e5a6f7e92ae447a1cb8c,loan approved 04/15/2020; SBA data as of 2024-09-30,"filter BorrowerState=MA, NAICSCode=238220, CurrentApprovalAmount>=150000","AMERICAN TEST AND BALANCE INC, 335R Washington St, Norwell 02061; group: single loan",source record,20261007T202810Z,20261007T202838Z,yes
biz-251,SBA_PPP_150K_PLUS,8083947104,SBA PPP FOIA - loans $150K and above,https://data.sba.gov/sites/default/files/distribution/SBA-OCA-2022-07-001/public_150k_plus_240930.csv,2026-10-07,3760a581dc3fd7ca12d09996aa360d749e075bcac517e5a6f7e92ae447a1cb8c,loan approved 04/15/2020; SBA data as of 2024-09-30,"filter BorrowerState=MA, NAICSCode=238220, CurrentApprovalAmount>=150000","ELMAN PLUMBING CO., INC., 671 Sawmill Brook Parkway, Newton Centre 02459; group: single loan",source record,20261007T202810Z,20261007T202838Z,yes
biz-252,SBA_PPP_150K_PLUS,8085287100,SBA PPP FOIA - loans $150K and above,https://data.sba.gov/sites/default/files/distribution/SBA-OCA-2022-07-001/public_150k_plus_240930.csv,2026-10-07,3760a581dc3fd7ca12d09996aa360d749e075bcac517e5a6f7e92ae447a1cb8c,loan approved 04/15/2020; SBA data as of 2024-09-30,"filter BorrowerState=MA, NAICSCode=238220, CurrentApprovalAmount>=150000","A.F. VENTOLIERI PLUMBING & HEATING, P.O. Box 520356, Winthrop 02152; group: single loan",source record,20261007T202810Z,20261007T202838Z,yes
biz-253,SBA_PPP_150K_PLUS,8095347109,SBA PPP FOIA - loans $150K and above,https://data.sba.gov/sites/default/files/distribution/SBA-OCA-2022-07-001/public_150k_plus_240930.csv,2026-10-07,3760a581dc3fd7ca12d09996aa360d749e075bcac517e5a6f7e92ae447a1cb8c,loan approved 04/15/2020; SBA data as of 2024-09-30,"filter BorrowerState=MA, NAICSCode=238220, CurrentApprovalAmount>=150000","TC TYNDALL AND CLARK PLUMBING AND HEATING CO, 18 ATLANTIC AVE, SOUTH DENNIS 02660; group: single loan",source record,20261007T202810Z,20261007T202838Z,yes
biz-254,SBA_PPP_150K_PLUS,8104777101,SBA PPP FOIA - loans $150K and above,https://data.sba.gov/sites/default/files/distribution/SBA-OCA-2022-07-001/public_150k_plus_240930.csv,2026-10-07,3760a581dc3fd7ca12d09996aa360d749e075bcac517e5a6f7e92ae447a1cb8c,loan approved 04/15/2020; SBA data as of 2024-09-30,"filter BorrowerState=MA, NAICSCode=238220, CurrentApprovalAmount>=150000","MINUS ELEVEN INC, 70 Finnell Drive Suite 11, WEYMOUTH 02188; group: single loan",source record,20261007T202810Z,20261007T202838Z,yes
biz-255,DOL_FORM_5500_SF_2025,800923812-001 ACK 20260513123628NAL0009527456001,DOL Form 5500-SF dataset 2025 (Latest),https://askebsa.dol.gov/FOIA%20Files/2025/Latest/F_5500_SF_2025_Latest.zip,2026-10-07,2db4677bd93455ccc082d378fdd56594ac90ca0fc6f2da1639a15aea8ed3e94d,plan year 2025-01-01..2025-12-31; received 2026-05-13,EIN and/or sponsor name + address,"sponsor name 'BUDGE IT DRAINS' matches; sponsor address corroborates (571 ELM ST UNIT B, BRIDGEWATER MA 023241073)",medium,20261007T202810Z,20261007T202838Z,yes
biz-255,SBA_PPP_150K_PLUS,8146947102,SBA PPP FOIA - loans $150K and above,https://data.sba.gov/sites/default/files/distribution/SBA-OCA-2022-07-001/public_150k_plus_240930.csv,2026-10-07,3760a581dc3fd7ca12d09996aa360d749e075bcac517e5a6f7e92ae447a1cb8c,loan approved 04/15/2020; SBA data as of 2024-09-30,"filter BorrowerState=MA, NAICSCode=238220, CurrentApprovalAmount>=150000","BUDGE IT DRAINS INC, 571 ELM ST unit B, BRIDGEWATER 02324; group: single loan",source record,20261007T202810Z,20261007T202838Z,yes
biz-256,DOL_FORM_5500_SF_2025,042265598-001 ACK 20260313073918NAL0008519650001,DOL Form 5500-SF dataset 2025 (Latest),https://askebsa.dol.gov/FOIA%20Files/2025/Latest/F_5500_SF_2025_Latest.zip,2026-10-07,2db4677bd93455ccc082d378fdd56594ac90ca0fc6f2da1639a15aea8ed3e94d,plan year 2025-01-01..2025-12-31; received 2026-03-13,EIN and/or sponsor name + address,"sponsor name 'R.P. HOLMES CORPORATION' matches; sponsor address corroborates (97 BORDER STREET, WEST NEWTON MA 02465)",medium,20261007T202810Z,20261007T202838Z,yes
biz-256,SBA_PPP_150K_PLUS,8148187103,SBA PPP FOIA - loans $150K and above,https://data.sba.gov/sites/default/files/distribution/SBA-OCA-2022-07-001/public_150k_plus_240930.csv,2026-10-07,3760a581dc3fd7ca12d09996aa360d749e075bcac517e5a6f7e92ae447a1cb8c,loan approved 04/15/2020; SBA data as of 2024-09-30,"filter BorrowerState=MA, NAICSCode=238220, CurrentApprovalAmount>=150000","R.P.HOLMES, 97 Border Street, West Newton 02465; group: single loan",source record,20261007T202810Z,20261007T202838Z,yes
biz-257,SBA_PPP_150K_PLUS,8560557109,SBA PPP FOIA - loans $150K and above,https://data.sba.gov/sites/default/files/distribution/SBA-OCA-2022-07-001/public_150k_plus_240930.csv,2026-10-07,3760a581dc3fd7ca12d09996aa360d749e075bcac517e5a6f7e92ae447a1cb8c,loan approved 04/15/2020; SBA data as of 2024-09-30,"filter BorrowerState=MA, NAICSCode=238220, CurrentApprovalAmount>=150000","J & J HEATING & AC INC., 17 ARLINGTON ST, DRACUT 01826-3952; group: single loan",source record,20261007T202810Z,20261007T202838Z,yes
biz-258,DOL_FORM_5500_SF_2025,042687185-011 ACK 20260511075438NAL0005480769001,DOL Form 5500-SF dataset 2025 (Latest),https://askebsa.dol.gov/FOIA%20Files/2025/Latest/F_5500_SF_2025_Latest.zip,2026-10-07,2db4677bd93455ccc082d378fdd56594ac90ca0fc6f2da1639a15aea8ed3e94d,plan year 2025-01-01..2025-12-31; received 2026-05-11,EIN and/or sponsor name + address,"sponsor name 'KNEELAND PLUMBING & HEATING, INC.' matches; sponsor address corroborates (63 HAMMOND STREET, ROWLEY MA 01969)",medium,20261007T202810Z,20261007T202838Z,yes
biz-258,SBA_PPP_150K_PLUS,8609347107,SBA PPP FOIA - loans $150K and above,https://data.sba.gov/sites/default/files/distribution/SBA-OCA-2022-07-001/public_150k_plus_240930.csv,2026-10-07,3760a581dc3fd7ca12d09996aa360d749e075bcac517e5a6f7e92ae447a1cb8c,loan approved 04/15/2020; SBA data as of 2024-09-30,"filter BorrowerState=MA, NAICSCode=238220, CurrentApprovalAmount>=150000","KNEELAND PLUMBING & HEATING INC, 63 HAMMOND ST, ROWLEY 01969-1844; group: single loan",source record,20261007T202810Z,20261007T202838Z,yes
biz-259,SBA_PPP_150K_PLUS,8609587109,SBA PPP FOIA - loans $150K and above,https://data.sba.gov/sites/default/files/distribution/SBA-OCA-2022-07-001/public_150k_plus_240930.csv,2026-10-07,3760a581dc3fd7ca12d09996aa360d749e075bcac517e5a6f7e92ae447a1cb8c,loan approved 04/15/2020; SBA data as of 2024-09-30,"filter BorrowerState=MA, NAICSCode=238220, CurrentApprovalAmount>=150000","JERRY DALEY & SONS PLUMBING & HEATING, INC, 91 TYNGSBORO RD, N. CHELMSFORD 01863; group: single loan",source record,20261007T202810Z,20261007T202838Z,yes
biz-260,SBA_PPP_150K_PLUS,7366998306,SBA PPP FOIA - loans $150K and above,https://data.sba.gov/sites/default/files/distribution/SBA-OCA-2022-07-001/public_150k_plus_240930.csv,2026-10-07,3760a581dc3fd7ca12d09996aa360d749e075bcac517e5a6f7e92ae447a1cb8c,loan approved 01/28/2021; SBA data as of 2024-09-30,"filter BorrowerState=MA, NAICSCode=238220, CurrentApprovalAmount>=150000","ZONE MECHANICAL INC., 160 Bear Hill Rd, Waltham 02451-1036; group: same legal name + same street address + ZIP",source record,20261007T202810Z,20261007T202838Z,yes
biz-260,SBA_PPP_150K_PLUS,8612297106,SBA PPP FOIA - loans $150K and above,https://data.sba.gov/sites/default/files/distribution/SBA-OCA-2022-07-001/public_150k_plus_240930.csv,2026-10-07,3760a581dc3fd7ca12d09996aa360d749e075bcac517e5a6f7e92ae447a1cb8c,loan approved 04/15/2020; SBA data as of 2024-09-30,"filter BorrowerState=MA, NAICSCode=238220, CurrentApprovalAmount>=150000","ZONE MECHANICAL INC, 160 Bear Hill Road, WALTHAM 02451-1036; group: same legal name + same street address + ZIP",source record,20261007T202810Z,20261007T202838Z,yes
biz-261,SBA_PPP_150K_PLUS,4680708501,SBA PPP FOIA - loans $150K and above,https://data.sba.gov/sites/default/files/distribution/SBA-OCA-2022-07-001/public_150k_plus_240930.csv,2026-10-07,3760a581dc3fd7ca12d09996aa360d749e075bcac517e5a6f7e92ae447a1cb8c,loan approved 02/26/2021; SBA data as of 2024-09-30,"filter BorrowerState=MA, NAICSCode=238220, CurrentApprovalAmount>=150000","MOURADIAN PLUMBING AND HEATING INC, 32 Prentiss Rd Ste 204, Arlington 02476-4558; group: same legal name + same street address + ZIP",source record,20261007T202810Z,20261007T202838Z,yes
biz-261,SBA_PPP_150K_PLUS,8680727106,SBA PPP FOIA - loans $150K and above,https://data.sba.gov/sites/default/files/distribution/SBA-OCA-2022-07-001/public_150k_plus_240930.csv,2026-10-07,3760a581dc3fd7ca12d09996aa360d749e075bcac517e5a6f7e92ae447a1cb8c,loan approved 04/15/2020; SBA data as of 2024-09-30,"filter BorrowerState=MA, NAICSCode=238220, CurrentApprovalAmount>=150000","MOURADIAN PLUMBING & HEATING INC., 32 Prentiss Rd., Arlington 02476; group: same legal name + same street address + ZIP",source record,20261007T202810Z,20261007T202838Z,yes
biz-262,SBA_PPP_150K_PLUS,8708097110,SBA PPP FOIA - loans $150K and above,https://data.sba.gov/sites/default/files/distribution/SBA-OCA-2022-07-001/public_150k_plus_240930.csv,2026-10-07,3760a581dc3fd7ca12d09996aa360d749e075bcac517e5a6f7e92ae447a1cb8c,loan approved 04/15/2020; SBA data as of 2024-09-30,"filter BorrowerState=MA, NAICSCode=238220, CurrentApprovalAmount>=150000","PETER GARABEDIAN PLUMBING, 208 AUSTIN STREET, WORCESTER 01609; group: single loan",source record,20261007T202810Z,20261007T202838Z,yes
biz-263,SBA_PPP_150K_PLUS,8818687100,SBA PPP FOIA - loans $150K and above,https://data.sba.gov/sites/default/files/distribution/SBA-OCA-2022-07-001/public_150k_plus_240930.csv,2026-10-07,3760a581dc3fd7ca12d09996aa360d749e075bcac517e5a6f7e92ae447a1cb8c,loan approved 04/15/2020; SBA data as of 2024-09-30,"filter BorrowerState=MA, NAICSCode=238220, CurrentApprovalAmount>=150000","BURNELL CONTROLS, INC., 153 Andover Street Suite 202, DANVERS 01923-1450; group: single loan",source record,20261007T202810Z,20261007T202838Z,yes
biz-264,SBA_PPP_150K_PLUS,8900317104,SBA PPP FOIA - loans $150K and above,https://data.sba.gov/sites/default/files/distribution/SBA-OCA-2022-07-001/public_150k_plus_240930.csv,2026-10-07,3760a581dc3fd7ca12d09996aa360d749e075bcac517e5a6f7e92ae447a1cb8c,loan approved 04/15/2020; SBA data as of 2024-09-30,"filter BorrowerState=MA, NAICSCode=238220, CurrentApprovalAmount>=150000","RACEPOINT ENERGY LLC, 886 Main Street, Osterville 02655; group: single loan",source record,20261007T202810Z,20261007T202838Z,yes
biz-265,SBA_PPP_150K_PLUS,6614848509,SBA PPP FOIA - loans $150K and above,https://data.sba.gov/sites/default/files/distribution/SBA-OCA-2022-07-001/public_150k_plus_240930.csv,2026-10-07,3760a581dc3fd7ca12d09996aa360d749e075bcac517e5a6f7e92ae447a1cb8c,loan approved 03/04/2021; SBA data as of 2024-09-30,"filter BorrowerState=MA, NAICSCode=238220, CurrentApprovalAmount>=150000","RST THERMAL INC, 372 University Ave # 0, Westwood 02090-2311; group: same legal name + same ZIP (street spelling differs)",source record,20261007T202810Z,20261007T202838Z,yes
biz-265,SBA_PPP_150K_PLUS,8988617104,SBA PPP FOIA - loans $150K and above,https://data.sba.gov/sites/default/files/distribution/SBA-OCA-2022-07-001/public_150k_plus_240930.csv,2026-10-07,3760a581dc3fd7ca12d09996aa360d749e075bcac517e5a6f7e92ae447a1cb8c,loan approved 04/15/2020; SBA data as of 2024-09-30,"filter BorrowerState=MA, NAICSCode=238220, CurrentApprovalAmount>=150000","RST THERMAL, INC, 372 University Ave, Westwood 02090; group: same legal name + same ZIP (street spelling differs)",source record,20261007T202810Z,20261007T202838Z,yes
biz-266,DOL_FORM_5500_2024,042521327-001 ACK 20250922094453NAL0005046545001,DOL Form 5500 dataset 2024 (Latest),https://askebsa.dol.gov/FOIA%20Files/2024/Latest/F_5500_2024_Latest.zip,2026-10-07,8884391d48a9e362fd7d2b91d6e37430bd2e54355c9dbc3479985c9d876872f8,plan year 2024-04-01..2025-03-31; received 2025-09-22,EIN and/or sponsor name + address,"sponsor name 'RENE L. COTE SONS, INC.' matches; sponsor address corroborates (896 MAIN STREET, HOLYOKE MA 01040)",medium,20261007T202810Z,20261007T202838Z,yes
biz-266,SBA_PPP_150K_PLUS,9054057103,SBA PPP FOIA - loans $150K and above,https://data.sba.gov/sites/default/files/distribution/SBA-OCA-2022-07-001/public_150k_plus_240930.csv,2026-10-07,3760a581dc3fd7ca12d09996aa360d749e075bcac517e5a6f7e92ae447a1cb8c,loan approved 04/15/2020; SBA data as of 2024-09-30,"filter BorrowerState=MA, NAICSCode=238220, CurrentApprovalAmount>=150000","RENE L. COTE SONS, INC., 896 MAIN ST, HOLYOKE 01040-7400; group: single loan",source record,20261007T202810Z,20261007T202838Z,yes
biz-267,DOL_FORM_5500_SF_2025,275028936-001 ACK 20260710053159NAL0000957617001,DOL Form 5500-SF dataset 2025 (Latest),https://askebsa.dol.gov/FOIA%20Files/2025/Latest/F_5500_SF_2025_Latest.zip,2026-10-07,2db4677bd93455ccc082d378fdd56594ac90ca0fc6f2da1639a15aea8ed3e94d,plan year 2025-01-01..2025-12-31; received 2026-07-10,EIN and/or sponsor name + address,"sponsor name 'MACDOUGALL PLUMBING AND MECHANICAL' matches; sponsor address corroborates (406 LIBBEY INDUSTRIAL PARKWAY, WEYMOUTH MA 02189)",medium,20261007T202810Z,20261007T202838Z,yes
biz-267,SBA_PPP_150K_PLUS,2609448700,SBA PPP FOIA - loans $150K and above,https://data.sba.gov/sites/default/files/distribution/SBA-OCA-2022-07-001/public_150k_plus_240930.csv,2026-10-07,3760a581dc3fd7ca12d09996aa360d749e075bcac517e5a6f7e92ae447a1cb8c,loan approved 03/30/2021; SBA data as of 2024-09-30,"filter BorrowerState=MA, NAICSCode=238220, CurrentApprovalAmount>=150000","MACDOUGALL PLUMBING & MECHANICAL LLC, 406 Libbey Industrial Pkwy # 0, East Weymouth 02189-3134; group: same legal name + same ZIP (street spelling differs)",source record,20261007T202810Z,20261007T202838Z,yes
biz-267,SBA_PPP_150K_PLUS,9060017109,SBA PPP FOIA - loans $150K and above,https://data.sba.gov/sites/default/files/distribution/SBA-OCA-2022-07-001/public_150k_plus_240930.csv,2026-10-07,3760a581dc3fd7ca12d09996aa360d749e075bcac517e5a6f7e92ae447a1cb8c,loan approved 04/15/2020; SBA data as of 2024-09-30,"filter BorrowerState=MA, NAICSCode=238220, CurrentApprovalAmount>=150000","MACDOUGALL PLUMBING & MECHANICAL, LLC, 406 Libbey Industrial Parkway, EAST WEYMOUTH 02189-3106; group: same legal name + same ZIP (street spelling differs)",source record,20261007T202810Z,20261007T202838Z,yes
biz-268,DOL_FORM_5500_SF_2024,200486459-001 ACK 20251008124559NAL0005563665001,DOL Form 5500-SF dataset 2024 (Latest),https://askebsa.dol.gov/FOIA%20Files/2024/Latest/F_5500_SF_2024_Latest.zip,2026-10-07,11370908e2bbc78d1d418b2f2a2177875e0524c12b69a181432d6fd65a5966c3,plan year 2024-01-01..2024-12-31; received 2025-10-08,EIN and/or sponsor name + address,"sponsor name 'THOMAS J. KENNEDY PLUMBING, HEATING & HVAC, INC.' matches; sponsor address corroborates (1635 BROADWAY, SUITE 2, RAYNHAM MA 02767)",medium,20261007T202810Z,20261007T202838Z,yes
biz-268,SBA_PPP_150K_PLUS,9132807110,SBA PPP FOIA - loans $150K and above,https://data.sba.gov/sites/default/files/distribution/SBA-OCA-2022-07-001/public_150k_plus_240930.csv,2026-10-07,3760a581dc3fd7ca12d09996aa360d749e075bcac517e5a6f7e92ae447a1cb8c,loan approved 04/15/2020; SBA data as of 2024-09-30,"filter BorrowerState=MA, NAICSCode=238220, CurrentApprovalAmount>=150000","THOMAS J. KENNEDY PLUMBING, HEATING, & HVAC, INC., 1635 BROADWAY Suite #2, RAYNHAM 02767-1940; group: single loan",source record,20261007T202810Z,20261007T202838Z,yes
biz-269,SBA_PPP_150K_PLUS,9179037101,SBA PPP FOIA - loans $150K and above,https://data.sba.gov/sites/default/files/distribution/SBA-OCA-2022-07-001/public_150k_plus_240930.csv,2026-10-07,3760a581dc3fd7ca12d09996aa360d749e075bcac517e5a6f7e92ae447a1cb8c,loan approved 04/15/2020; SBA data as of 2024-09-30,"filter BorrowerState=MA, NAICSCode=238220, CurrentApprovalAmount>=150000","NORTHSTAR MECHANICAL, INC., 95 CAMELOT DR UNIT 1, PLYMOUTH 02360; group: single loan",source record,20261007T202810Z,20261007T202838Z,yes
biz-270,SBA_PPP_150K_PLUS,2643138302,SBA PPP FOIA - loans $150K and above,https://data.sba.gov/sites/default/files/distribution/SBA-OCA-2022-07-001/public_150k_plus_240930.csv,2026-10-07,3760a581dc3fd7ca12d09996aa360d749e075bcac517e5a6f7e92ae447a1cb8c,loan approved 01/21/2021; SBA data as of 2024-09-30,"filter BorrowerState=MA, NAICSCode=238220, CurrentApprovalAmount>=150000","CONTROLAIR SYSTEMS INC, 25 Ray Ave, Burlington 01803-4762; group: same legal name + same street address + ZIP",source record,20261007T202810Z,20261007T202838Z,yes
biz-270,SBA_PPP_150K_PLUS,9205897106,SBA PPP FOIA - loans $150K and above,https://data.sba.gov/sites/default/files/distribution/SBA-OCA-2022-07-001/public_150k_plus_240930.csv,2026-10-07,3760a581dc3fd7ca12d09996aa360d749e075bcac517e5a6f7e92ae447a1cb8c,loan approved 04/15/2020; SBA data as of 2024-09-30,"filter BorrowerState=MA, NAICSCode=238220, CurrentApprovalAmount>=150000","CONTROLAIR SYSTEMS, INC., 25 RAY AVE, BURLINGTON 01803; group: same legal name + same street address + ZIP",source record,20261007T202810Z,20261007T202838Z,yes
biz-271,SBA_PPP_150K_PLUS,9326867104,SBA PPP FOIA - loans $150K and above,https://data.sba.gov/sites/default/files/distribution/SBA-OCA-2022-07-001/public_150k_plus_240930.csv,2026-10-07,3760a581dc3fd7ca12d09996aa360d749e075bcac517e5a6f7e92ae447a1cb8c,loan approved 04/15/2020; SBA data as of 2024-09-30,"filter BorrowerState=MA, NAICSCode=238220, CurrentApprovalAmount>=150000","REID MECHANICAL CORPORATION, 27 CHARLES ST #3, NORTH ANDOVER 01845-1664; group: single loan",source record,20261007T202810Z,20261007T202838Z,yes
biz-272,SBA_PPP_150K_PLUS,9768127102,SBA PPP FOIA - loans $150K and above,https://data.sba.gov/sites/default/files/distribution/SBA-OCA-2022-07-001/public_150k_plus_240930.csv,2026-10-07,3760a581dc3fd7ca12d09996aa360d749e075bcac517e5a6f7e92ae447a1cb8c,loan approved 04/15/2020; SBA data as of 2024-09-30,"filter BorrowerState=MA, NAICSCode=238220, CurrentApprovalAmount>=150000","WILLWERTH PLUMBING & HEATING INC., 126 MAIN ST, NORTH READING 01864-2293; group: single loan",source record,20261007T202810Z,20261007T202838Z,yes
biz-273,DOL_FORM_5500_SF_2025,042265250-001 ACK 20260717021617NAL0006759456001,DOL Form 5500-SF dataset 2025 (Latest),https://askebsa.dol.gov/FOIA%20Files/2025/Latest/F_5500_SF_2025_Latest.zip,2026-10-07,2db4677bd93455ccc082d378fdd56594ac90ca0fc6f2da1639a15aea8ed3e94d,plan year 2025-01-01..2025-12-31; received 2026-07-17,EIN and/or sponsor name + address,"sponsor name 'ROBIE'S REFRIGERATION, INC.' matches; sponsor address corroborates (279 YARMOUTH ROAD, HYANNIS MA 02601)",medium,20261007T202810Z,20261007T202838Z,yes
biz-273,SBA_PPP_150K_PLUS,9990147109,SBA PPP FOIA - loans $150K and above,https://data.sba.gov/sites/default/files/distribution/SBA-OCA-2022-07-001/public_150k_plus_240930.csv,2026-10-07,3760a581dc3fd7ca12d09996aa360d749e075bcac517e5a6f7e92ae447a1cb8c,loan approved 04/15/2020; SBA data as of 2024-09-30,"filter BorrowerState=MA, NAICSCode=238220, CurrentApprovalAmount>=150000","ROBIE'S REFRIGERATION, INC., 279 YARMOUTH RD, HYANNIS 02601; group: single loan",source record,20261007T202810Z,20261007T202838Z,yes
biz-274,SBA_PPP_150K_PLUS,4116488310,SBA PPP FOIA - loans $150K and above,https://data.sba.gov/sites/default/files/distribution/SBA-OCA-2022-07-001/public_150k_plus_240930.csv,2026-10-07,3760a581dc3fd7ca12d09996aa360d749e075bcac517e5a6f7e92ae447a1cb8c,loan approved 01/22/2021; SBA data as of 2024-09-30,"filter BorrowerState=MA, NAICSCode=238220, CurrentApprovalAmount>=150000","ALTERNATIVE CREATIVE ENERGY & HVAC, INC., 55 Union St, Blackstone 01504-1114; group: same legal name + same street address + ZIP",source record,20261007T202810Z,20261007T202838Z,yes
biz-274,SBA_PPP_150K_PLUS,9990767107,SBA PPP FOIA - loans $150K and above,https://data.sba.gov/sites/default/files/distribution/SBA-OCA-2022-07-001/public_150k_plus_240930.csv,2026-10-07,3760a581dc3fd7ca12d09996aa360d749e075bcac517e5a6f7e92ae447a1cb8c,loan approved 04/15/2020; SBA data as of 2024-09-30,"filter BorrowerState=MA, NAICSCode=238220, CurrentApprovalAmount>=150000","ALTERNATIVE CREATIVE ENERGY & HVAC, INC., 55 Union St, Blackstone 01504; group: same legal name + same street address + ZIP",source record,20261007T202810Z,20261007T202838Z,yes
biz-275,DOL_FORM_5500_SF_2024,475334263-001 ACK 20250710161228NAL0015520674001,DOL Form 5500-SF dataset 2024 (Latest),https://askebsa.dol.gov/FOIA%20Files/2024/Latest/F_5500_SF_2024_Latest.zip,2026-10-07,11370908e2bbc78d1d418b2f2a2177875e0524c12b69a181432d6fd65a5966c3,plan year 2024-01-01..2024-12-31; received 2025-07-10,EIN and/or sponsor name + address,"sponsor name 'PREMIER MECHANICAL, LLC' matches; sponsor address corroborates (220 COMMERCIAL STREET, BOSTON MA 02109)",medium,20261007T202810Z,20261007T202838Z,yes
biz-275,SBA_PPP_150K_PLUS,1809568701,SBA PPP FOIA - loans $150K and above,https://data.sba.gov/sites/default/files/distribution/SBA-OCA-2022-07-001/public_150k_plus_240930.csv,2026-10-07,3760a581dc3fd7ca12d09996aa360d749e075bcac517e5a6f7e92ae447a1cb8c,loan approved 03/27/2021; SBA data as of 2024-09-30,"filter BorrowerState=MA, NAICSCode=238220, CurrentApprovalAmount>=150000","PREMIER MECHANICAL LLC, 220 Commercial St, Boston 02109-1309; group: same legal name + same street address + ZIP",source record,20261007T202810Z,20261007T202838Z,yes
biz-275,SBA_PPP_150K_PLUS,2639817208,SBA PPP FOIA - loans $150K and above,https://data.sba.gov/sites/default/files/distribution/SBA-OCA-2022-07-001/public_150k_plus_240930.csv,2026-10-07,3760a581dc3fd7ca12d09996aa360d749e075bcac517e5a6f7e92ae447a1cb8c,loan approved 04/16/2020; SBA data as of 2024-09-30,"filter BorrowerState=MA, NAICSCode=238220, CurrentApprovalAmount>=150000","PREMIER MECHANICAL LLC, 220 Commercial Street, Boston 02109; group: same legal name + same street address + ZIP",source record,20261007T202810Z,20261007T202838Z,yes
biz-276,SBA_PPP_150K_PLUS,2680687208,SBA PPP FOIA - loans $150K and above,https://data.sba.gov/sites/default/files/distribution/SBA-OCA-2022-07-001/public_150k_plus_240930.csv,2026-10-07,3760a581dc3fd7ca12d09996aa360d749e075bcac517e5a6f7e92ae447a1cb8c,loan approved 04/16/2020; SBA data as of 2024-09-30,"filter BorrowerState=MA, NAICSCode=238220, CurrentApprovalAmount>=150000","A AND K PLUMBING AND HEATING, INC., 64 Shirley Avenue, Revere 02151; group: single loan",source record,20261007T202810Z,20261007T202838Z,yes
biz-277,SBA_PPP_150K_PLUS,2904647207,SBA PPP FOIA - loans $150K and above,https://data.sba.gov/sites/default/files/distribution/SBA-OCA-2022-07-001/public_150k_plus_240930.csv,2026-10-07,3760a581dc3fd7ca12d09996aa360d749e075bcac517e5a6f7e92ae447a1cb8c,loan approved 04/16/2020; SBA data as of 2024-09-30,"filter BorrowerState=MA, NAICSCode=238220, CurrentApprovalAmount>=150000","GENNARI PLUMBING & HEATING, INC, 305 STOCKBRIDGE RD SUITE 2, GREAT BARRINGTON 01230-1301; group: same legal name + same street address + ZIP",source record,20261007T202810Z,20261007T202838Z,yes
biz-277,SBA_PPP_150K_PLUS,5201058309,SBA PPP FOIA - loans $150K and above,https://data.sba.gov/sites/default/files/distribution/SBA-OCA-2022-07-001/public_150k_plus_240930.csv,2026-10-07,3760a581dc3fd7ca12d09996aa360d749e075bcac517e5a6f7e92ae447a1cb8c,loan approved 01/25/2021; SBA data as of 2024-09-30,"filter BorrowerState=MA, NAICSCode=238220, CurrentApprovalAmount>=150000","GENNARI PLUMBING & HEATING INC., 305 Stockbridge Rd, Great Barrington 01230-1387; group: same legal name + same street address + ZIP",source record,20261007T202810Z,20261007T202838Z,yes
biz-278,SBA_PPP_150K_PLUS,3052877210,SBA PPP FOIA - loans $150K and above,https://data.sba.gov/sites/default/files/distribution/SBA-OCA-2022-07-001/public_150k_plus_240930.csv,2026-10-07,3760a581dc3fd7ca12d09996aa360d749e075bcac517e5a6f7e92ae447a1cb8c,loan approved 04/16/2020; SBA data as of 2024-09-30,"filter BorrowerState=MA, NAICSCode=238220, CurrentApprovalAmount>=150000","DF PLUMBING & MECHANICAL CONTRACTORS, 9 STADLER ST, BELCHERTOWN 01007-9448; group: single loan",source record,20261007T202810Z,20261007T202838Z,yes
biz-279,DOL_FORM_5500_SF_2025,300099805-001 ACK 20260608084356NAL0003526448001,DOL Form 5500-SF dataset 2025 (Latest),https://askebsa.dol.gov/FOIA%20Files/2025/Latest/F_5500_SF_2025_Latest.zip,2026-10-07,2db4677bd93455ccc082d378fdd56594ac90ca0fc6f2da1639a15aea8ed3e94d,plan year 2025-01-01..2025-12-31; received 2026-06-08,EIN and/or sponsor name + address,"sponsor name 'BRENNAN & CO., LLC' matches; sponsor address corroborates (79 MADALINE LANE, VINEYARD HAVEN MA 02568)",medium,20261007T202810Z,20261007T202838Z,yes
biz-279,SBA_PPP_150K_PLUS,3112007210,SBA PPP FOIA - loans $150K and above,https://data.sba.gov/sites/default/files/distribution/SBA-OCA-2022-07-001/public_150k_plus_240930.csv,2026-10-07,3760a581dc3fd7ca12d09996aa360d749e075bcac517e5a6f7e92ae447a1cb8c,loan approved 04/16/2020; SBA data as of 2024-09-30,"filter BorrowerState=MA, NAICSCode=238220, CurrentApprovalAmount>=150000","BRENNAN & CO., LLC, 79 Madaline Lane 148 Katama Rd Edgrtown, MA, Vineyard Haven 02568; group: single loan",source record,20261007T202810Z,20261007T202838Z,yes
biz-280,SBA_PPP_150K_PLUS,3314558510,SBA PPP FOIA - loans $150K and above,https://data.sba.gov/sites/default/files/distribution/SBA-OCA-2022-07-001/public_150k_plus_240930.csv,2026-10-07,3760a581dc3fd7ca12d09996aa360d749e075bcac517e5a6f7e92ae447a1cb8c,loan approved 02/23/2021; SBA data as of 2024-09-30,"filter BorrowerState=MA, NAICSCode=238220, CurrentApprovalAmount>=150000","NORTHEAST PROCESS SYSTEMS INC, 20 Kettle Cove Ln, Gloucester 01930-5105; group: same legal name + same street address + ZIP",source record,20261007T202810Z,20261007T202838Z,yes
biz-280,SBA_PPP_150K_PLUS,3497667209,SBA PPP FOIA - loans $150K and above,https://data.sba.gov/sites/default/files/distribution/SBA-OCA-2022-07-001/public_150k_plus_240930.csv,2026-10-07,3760a581dc3fd7ca12d09996aa360d749e075bcac517e5a6f7e92ae447a1cb8c,loan approved 04/27/2020; SBA data as of 2024-09-30,"filter BorrowerState=MA, NAICSCode=238220, CurrentApprovalAmount>=150000","NORTHEAST PROCESS SYSTEMS, INC., 20 Kettle Cove Lane, Gloucester, 01930; group: same legal name + same street address + ZIP",source record,20261007T202810Z,20261007T202838Z,yes
biz-281,DOL_FORM_5500_SF_2024,042733016-001 ACK 20251010152833NAL0004748851002,DOL Form 5500-SF dataset 2024 (Latest),https://askebsa.dol.gov/FOIA%20Files/2024/Latest/F_5500_SF_2024_Latest.zip,2026-10-07,11370908e2bbc78d1d418b2f2a2177875e0524c12b69a181432d6fd65a5966c3,plan year 2024-01-01..2024-12-31; received 2025-10-10,EIN and/or sponsor name + address,"sponsor name 'N.B. KENNEY COMPANY, INC.' matches; sponsor address corroborates (68 BARNUM ROAD, DEVENS MA 01434)",medium,20261007T202810Z,20261007T202838Z,yes
biz-281,SBA_PPP_150K_PLUS,3597477208,SBA PPP FOIA - loans $150K and above,https://data.sba.gov/sites/default/files/distribution/SBA-OCA-2022-07-001/public_150k_plus_240930.csv,2026-10-07,3760a581dc3fd7ca12d09996aa360d749e075bcac517e5a6f7e92ae447a1cb8c,loan approved 04/27/2020; SBA data as of 2024-09-30,"filter BorrowerState=MA, NAICSCode=238220, CurrentApprovalAmount>=150000","N.B. KENNEY COMPANY, INC., 68 Barnum Road 0, Devens 01434-3508; group: same legal name + same ZIP (street spelling differs)",source record,20261007T202810Z,20261007T202838Z,yes
biz-281,SBA_PPP_150K_PLUS,9641668502,SBA PPP FOIA - loans $150K and above,https://data.sba.gov/sites/default/files/distribution/SBA-OCA-2022-07-001/public_150k_plus_240930.csv,2026-10-07,3760a581dc3fd7ca12d09996aa360d749e075bcac517e5a6f7e92ae447a1cb8c,loan approved 03/12/2021; SBA data as of 2024-09-30,"filter BorrowerState=MA, NAICSCode=238220, CurrentApprovalAmount>=150000","N.B. KENNEY COMPANY INC., 68 Barnum Rd, Devens 01434-3508; group: same legal name + same ZIP (street spelling differs)",source record,20261007T202810Z,20261007T202838Z,yes
biz-282,DOL_FORM_5500_SF_2024,043140956-001 ACK 20250406085356NAL0029677778001,DOL Form 5500-SF dataset 2024 (Latest),https://askebsa.dol.gov/FOIA%20Files/2024/Latest/F_5500_SF_2024_Latest.zip,2026-10-07,11370908e2bbc78d1d418b2f2a2177875e0524c12b69a181432d6fd65a5966c3,plan year 2024-01-01..2024-12-31; received 2025-04-06,EIN and/or sponsor name + address,"sponsor name 'UNITED HVAC' matches; sponsor address corroborates (333 WEYMOUTH STREET, ROCKLAND MA 02370)",medium,20261007T202810Z,20261007T202838Z,yes
biz-282,SBA_PPP_150K_PLUS,3690697209,SBA PPP FOIA - loans $150K and above,https://data.sba.gov/sites/default/files/distribution/SBA-OCA-2022-07-001/public_150k_plus_240930.csv,2026-10-07,3760a581dc3fd7ca12d09996aa360d749e075bcac517e5a6f7e92ae447a1cb8c,loan approved 04/27/2020; SBA data as of 2024-09-30,"filter BorrowerState=MA, NAICSCode=238220, CurrentApprovalAmount>=150000","UNITED HVAC CO. INC., 333 Weymouth Sttreet, Rockland 02370; group: same legal name + same street address + ZIP",source record,20261007T202810Z,20261007T202838Z,yes
biz-282,SBA_PPP_150K_PLUS,5392708305,SBA PPP FOIA - loans $150K and above,https://data.sba.gov/sites/default/files/distribution/SBA-OCA-2022-07-001/public_150k_plus_240930.csv,2026-10-07,3760a581dc3fd7ca12d09996aa360d749e075bcac517e5a6f7e92ae447a1cb8c,loan approved 01/25/2021; SBA data as of 2024-09-30,"filter BorrowerState=MA, NAICSCode=238220, CurrentApprovalAmount>=150000","UNITED HVAC CO. INC., 333 Weymouth Sttreet, Rockland 02370; group: same legal name + same street address + ZIP",source record,20261007T202810Z,20261007T202838Z,yes
biz-283,DOL_FORM_5500_SF_2025,043440475-001 ACK 20260708023752NAL0015975587001,DOL Form 5500-SF dataset 2025 (Latest),https://askebsa.dol.gov/FOIA%20Files/2025/Latest/F_5500_SF_2025_Latest.zip,2026-10-07,2db4677bd93455ccc082d378fdd56594ac90ca0fc6f2da1639a15aea8ed3e94d,plan year 2025-01-01..2025-12-31; received 2026-07-08,EIN and/or sponsor name + address,"sponsor name 'BASNETT PLUMBING AND HEATING, INC.' matches; sponsor ZIP corroborates (LITTLETON MA 01460)",medium,20261007T202810Z,20261007T202838Z,yes
biz-283,SBA_PPP_150K_PLUS,3719387204,SBA PPP FOIA - loans $150K and above,https://data.sba.gov/sites/default/files/distribution/SBA-OCA-2022-07-001/public_150k_plus_240930.csv,2026-10-07,3760a581dc3fd7ca12d09996aa360d749e075bcac517e5a6f7e92ae447a1cb8c,loan approved 04/27/2020; SBA data as of 2024-09-30,"filter BorrowerState=MA, NAICSCode=238220, CurrentApprovalAmount>=150000","BASNETT PLUMBING & HEATING, INC., 438 KING ST, LITTLETON 01460-1269; group: single loan",source record,20261007T202810Z,20261007T202838Z,yes
biz-284,SBA_PPP_150K_PLUS,3834057205,SBA PPP FOIA - loans $150K and above,https://data.sba.gov/sites/default/files/distribution/SBA-OCA-2022-07-001/public_150k_plus_240930.csv,2026-10-07,3760a581dc3fd7ca12d09996aa360d749e075bcac517e5a6f7e92ae447a1cb8c,loan approved 04/27/2020; SBA data as of 2024-09-30,"filter BorrowerState=MA, NAICSCode=238220, CurrentApprovalAmount>=150000","SUPERIOR PLUMBING INC, 356 University Ave, WESTWOOD 02090; group: single loan",source record,20261007T202810Z,20261007T202838Z,yes
biz-285,SBA_PPP_150K_PLUS,3927367203,SBA PPP FOIA - loans $150K and above,https://data.sba.gov/sites/default/files/distribution/SBA-OCA-2022-07-001/public_150k_plus_240930.csv,2026-10-07,3760a581dc3fd7ca12d09996aa360d749e075bcac517e5a6f7e92ae447a1cb8c,loan approved 04/27/2020; SBA data as of 2024-09-30,"filter BorrowerState=MA, NAICSCode=238220, CurrentApprovalAmount>=150000","STEVEN  HENRIQUES, 344 John L. Dietsch Blvd. Unit 8238220, ATTLEBORO FALLS 02763; group: single loan",source record,20261007T202810Z,20261007T202838Z,yes
biz-286,DOL_FORM_5500_SF_2025,043188335-001 ACK 20260220160702NAL0010986928001,DOL Form 5500-SF dataset 2025 (Latest),https://askebsa.dol.gov/FOIA%20Files/2025/Latest/F_5500_SF_2025_Latest.zip,2026-10-07,2db4677bd93455ccc082d378fdd56594ac90ca0fc6f2da1639a15aea8ed3e94d,plan year 2025-01-01..2025-12-31; received 2026-02-20,EIN and/or sponsor name + address,"sponsor name 'O'KEEFE PLUMBING AND HEATING, INC.' matches; sponsor address corroborates (56 PULASKI STREET, PEABODY MA 01960)",medium,20261007T202810Z,20261007T202838Z,yes
biz-286,SBA_PPP_150K_PLUS,3944847207,SBA PPP FOIA - loans $150K and above,https://data.sba.gov/sites/default/files/distribution/SBA-OCA-2022-07-001/public_150k_plus_240930.csv,2026-10-07,3760a581dc3fd7ca12d09996aa360d749e075bcac517e5a6f7e92ae447a1cb8c,loan approved 04/27/2020; SBA data as of 2024-09-30,"filter BorrowerState=MA, NAICSCode=238220, CurrentApprovalAmount>=150000","O'KEEFE PLUMBING & HEATING, INC., 56 PULASKI ST, PEABODY 01960-1888; group: single loan",source record,20261007T202810Z,20261007T202838Z,yes
biz-287,SBA_PPP_150K_PLUS,4033147202,SBA PPP FOIA - loans $150K and above,https://data.sba.gov/sites/default/files/distribution/SBA-OCA-2022-07-001/public_150k_plus_240930.csv,2026-10-07,3760a581dc3fd7ca12d09996aa360d749e075bcac517e5a6f7e92ae447a1cb8c,loan approved 04/27/2020; SBA data as of 2024-09-30,"filter BorrowerState=MA, NAICSCode=238220, CurrentApprovalAmount>=150000","C G MECHANICAL INC, 23 BRYANT ST, WOBURN 01801-5621; group: single loan",source record,20261007T202810Z,20261007T202838Z,yes
biz-288,DOL_FORM_5500_SF_2025,043203457-001 ACK 20260519113847NAL0000535171001,DOL Form 5500-SF dataset 2025 (Latest),https://askebsa.dol.gov/FOIA%20Files/2025/Latest/F_5500_SF_2025_Latest.zip,2026-10-07,2db4677bd93455ccc082d378fdd56594ac90ca0fc6f2da1639a15aea8ed3e94d,plan year 2025-01-01..2025-12-31; received 2026-05-19,EIN and/or sponsor name + address,"sponsor name 'MORAN SHEET METAL, INC.' matches; sponsor address corroborates (613 MEADOW STREET, AGAWAM MA 01001)",medium,20261007T202810Z,20261007T202838Z,yes
biz-288,SBA_PPP_150K_PLUS,4166767204,SBA PPP FOIA - loans $150K and above,https://data.sba.gov/sites/default/files/distribution/SBA-OCA-2022-07-001/public_150k_plus_240930.csv,2026-10-07,3760a581dc3fd7ca12d09996aa360d749e075bcac517e5a6f7e92ae447a1cb8c,loan approved 04/27/2020; SBA data as of 2024-09-30,"filter BorrowerState=MA, NAICSCode=238220, CurrentApprovalAmount>=150000","MORAN SHEET METAL, INC., 613 Meadow Street, AGAWAM 01001-2012; group: same legal name + same street address + ZIP",source record,20261007T202810Z,20261007T202838Z,yes
biz-288,SBA_PPP_150K_PLUS,4966598304,SBA PPP FOIA - loans $150K and above,https://data.sba.gov/sites/default/files/distribution/SBA-OCA-2022-07-001/public_150k_plus_240930.csv,2026-10-07,3760a581dc3fd7ca12d09996aa360d749e075bcac517e5a6f7e92ae447a1cb8c,loan approved 01/23/2021; SBA data as of 2024-09-30,"filter BorrowerState=MA, NAICSCode=238220, CurrentApprovalAmount>=150000","MORAN SHEET METAL INC., 613 Meadow St, Agawam 01001; group: same legal name + same street address + ZIP",source record,20261007T202810Z,20261007T202838Z,yes
biz-289,DOL_FORM_5500_SF_2025,510578864-001 ACK 20260701135755NAL0013736817001,DOL Form 5500-SF dataset 2025 (Latest),https://askebsa.dol.gov/FOIA%20Files/2025/Latest/F_5500_SF_2025_Latest.zip,2026-10-07,2db4677bd93455ccc082d378fdd56594ac90ca0fc6f2da1639a15aea8ed3e94d,plan year 2025-01-01..2025-12-31; received 2026-07-01,EIN and/or sponsor name + address,"sponsor name 'J.F. PLUMBING LLC' matches; sponsor address corroborates (745 E SQUANTUM ST, QUINCY MA 02171)",medium,20261007T202810Z,20261007T202838Z,yes
biz-289,SBA_PPP_150K_PLUS,2309088501,SBA PPP FOIA - loans $150K and above,https://data.sba.gov/sites/default/files/distribution/SBA-OCA-2022-07-001/public_150k_plus_240930.csv,2026-10-07,3760a581dc3fd7ca12d09996aa360d749e075bcac517e5a6f7e92ae447a1cb8c,loan approved 02/20/2021; SBA data as of 2024-09-30,"filter BorrowerState=MA, NAICSCode=238220, CurrentApprovalAmount>=150000","J.F PLUMBING LLC, 745 E Squantum St, Quincy 02171-1257; group: same legal name + same street address + ZIP",source record,20261007T202810Z,20261007T202838Z,yes
biz-289,SBA_PPP_150K_PLUS,4289747209,SBA PPP FOIA - loans $150K and above,https://data.sba.gov/sites/default/files/distribution/SBA-OCA-2022-07-001/public_150k_plus_240930.csv,2026-10-07,3760a581dc3fd7ca12d09996aa360d749e075bcac517e5a6f7e92ae447a1cb8c,loan approved 04/27/2020; SBA data as of 2024-09-30,"filter BorrowerState=MA, NAICSCode=238220, CurrentApprovalAmount>=150000","J.F PLUMBING, LLC, 745 East Squantum Street, QUINCY 02171-1257; group: same legal name + same street address + ZIP",source record,20261007T202810Z,20261007T202838Z,yes
biz-290,DOL_FORM_5500_SF_2025,042151614-002 ACK 20260402101321NAL0002173025001,DOL Form 5500-SF dataset 2025 (Latest),https://askebsa.dol.gov/FOIA%20Files/2025/Latest/F_5500_SF_2025_Latest.zip,2026-10-07,2db4677bd93455ccc082d378fdd56594ac90ca0fc6f2da1639a15aea8ed3e94d,plan year 2025-01-01..2025-12-31; received 2026-04-02,EIN and/or sponsor name + address,"sponsor name 'GEORGE T. WILKINSON, INC.' matches; sponsor address corroborates (405 VFW DRIVE, ROCKLAND MA 02370)",medium,20261007T202810Z,20261007T202838Z,yes
biz-290,SBA_PPP_150K_PLUS,4295307202,SBA PPP FOIA - loans $150K and above,https://data.sba.gov/sites/default/files/distribution/SBA-OCA-2022-07-001/public_150k_plus_240930.csv,2026-10-07,3760a581dc3fd7ca12d09996aa360d749e075bcac517e5a6f7e92ae447a1cb8c,loan approved 04/27/2020; SBA data as of 2024-09-30,"filter BorrowerState=MA, NAICSCode=238220, CurrentApprovalAmount>=150000","GEORGE T. WILKINSON, INC., 405 VFW DRIVE, ROCKLAND 02370; group: single loan",source record,20261007T202810Z,20261007T202838Z,yes
biz-291,DOL_FORM_5500_SF_2025,042635698-001 ACK 20260812111044NAL0013493442001,DOL Form 5500-SF dataset 2025 (Latest),https://askebsa.dol.gov/FOIA%20Files/2025/Latest/F_5500_SF_2025_Latest.zip,2026-10-07,2db4677bd93455ccc082d378fdd56594ac90ca0fc6f2da1639a15aea8ed3e94d,plan year 2025-01-01..2025-12-31; received 2026-08-12,EIN and/or sponsor name + address,"sponsor name 'M. J. MORAN, INC.' matches; sponsor address corroborates (4 SOUTH MAIN STREET, P.O. BOX 278, HAYDENVILLE MA 010390278)",medium,20261007T202810Z,20261007T202838Z,yes
biz-291,SBA_PPP_150K_PLUS,4387147210,SBA PPP FOIA - loans $150K and above,https://data.sba.gov/sites/default/files/distribution/SBA-OCA-2022-07-001/public_150k_plus_240930.csv,2026-10-07,3760a581dc3fd7ca12d09996aa360d749e075bcac517e5a6f7e92ae447a1cb8c,loan approved 04/27/2020; SBA data as of 2024-09-30,"filter BorrowerState=MA, NAICSCode=238220, CurrentApprovalAmount>=150000","M.J. MORAN, INC., 4 South Main Street, HAYDENVILLE 01039-9735; group: same legal name + same street address + ZIP",source record,20261007T202810Z,20261007T202838Z,yes
biz-291,SBA_PPP_150K_PLUS,5999518303,SBA PPP FOIA - loans $150K and above,https://data.sba.gov/sites/default/files/distribution/SBA-OCA-2022-07-001/public_150k_plus_240930.csv,2026-10-07,3760a581dc3fd7ca12d09996aa360d749e075bcac517e5a6f7e92ae447a1cb8c,loan approved 01/26/2021; SBA data as of 2024-09-30,"filter BorrowerState=MA, NAICSCode=238220, CurrentApprovalAmount>=150000","M.J.MORAN INC., 4 S Main St, Haydenville 01039-9735; group: same legal name + same street address + ZIP",source record,20261007T202810Z,20261007T202838Z,yes
biz-292,SBA_PPP_150K_PLUS,4424557204,SBA PPP FOIA - loans $150K and above,https://data.sba.gov/sites/default/files/distribution/SBA-OCA-2022-07-001/public_150k_plus_240930.csv,2026-10-07,3760a581dc3fd7ca12d09996aa360d749e075bcac517e5a6f7e92ae447a1cb8c,loan approved 04/27/2020; SBA data as of 2024-09-30,"filter BorrowerState=MA, NAICSCode=238220, CurrentApprovalAmount>=150000","STAR PETROLEUM CO INC, 95 Washington Street, Foxboro 02035; group: single loan",source record,20261007T202810Z,20261007T202838Z,yes
biz-293,DOL_FORM_5500_SF_2025,043069599-001 ACK 20260713135414NAL0000202755001,DOL Form 5500-SF dataset 2025 (Latest),https://askebsa.dol.gov/FOIA%20Files/2025/Latest/F_5500_SF_2025_Latest.zip,2026-10-07,2db4677bd93455ccc082d378fdd56594ac90ca0fc6f2da1639a15aea8ed3e94d,plan year 2025-01-01..2025-12-31; received 2026-07-13,EIN and/or sponsor name + address,"sponsor name 'LARKIN/HATHAWAY, INC.' matches; sponsor ZIP corroborates (BRIDGEWATER MA 023241054)",medium,20261007T202810Z,20261007T202838Z,yes
biz-293,SBA_PPP_150K_PLUS,4471907205,SBA PPP FOIA - loans $150K and above,https://data.sba.gov/sites/default/files/distribution/SBA-OCA-2022-07-001/public_150k_plus_240930.csv,2026-10-07,3760a581dc3fd7ca12d09996aa360d749e075bcac517e5a6f7e92ae447a1cb8c,loan approved 04/27/2020; SBA data as of 2024-09-30,"filter BorrowerState=MA, NAICSCode=238220, CurrentApprovalAmount>=150000","LARKIN / HATHAWAY INC., 90  1ST ST, BRIDGEWATER 02324-1070; group: single loan",source record,20261007T202810Z,20261007T202838Z,yes
biz-294,SBA_PPP_150K_PLUS,4606387202,SBA PPP FOIA - loans $150K and above,https://data.sba.gov/sites/default/files/distribution/SBA-OCA-2022-07-001/public_150k_plus_240930.csv,2026-10-07,3760a581dc3fd7ca12d09996aa360d749e075bcac517e5a6f7e92ae447a1cb8c,loan approved 04/27/2020; SBA data as of 2024-09-30,"filter BorrowerState=MA, NAICSCode=238220, CurrentApprovalAmount>=150000","INDUSTRIAL PIPING, INC., 667 Westminster Street, FITCHBURG 01420-4641; group: single loan",source record,20261007T202810Z,20261007T202838Z,yes
biz-295,SBA_PPP_150K_PLUS,4877797209,SBA PPP FOIA - loans $150K and above,https://data.sba.gov/sites/default/files/distribution/SBA-OCA-2022-07-001/public_150k_plus_240930.csv,2026-10-07,3760a581dc3fd7ca12d09996aa360d749e075bcac517e5a6f7e92ae447a1cb8c,loan approved 04/27/2020; SBA data as of 2024-09-30,"filter BorrowerState=MA, NAICSCode=238220, CurrentApprovalAmount>=150000","ARAUJO BROTHERS PLUMBING & HEATING, 224 Nyes Lane ,, Acushnet 02743; group: single loan",source record,20261007T202810Z,20261007T202838Z,yes
biz-296,DOL_FORM_5500_SF_2024,043173997-001 ACK 20250715004739NAL0002247248001,DOL Form 5500-SF dataset 2024 (Latest),https://askebsa.dol.gov/FOIA%20Files/2024/Latest/F_5500_SF_2024_Latest.zip,2026-10-07,11370908e2bbc78d1d418b2f2a2177875e0524c12b69a181432d6fd65a5966c3,plan year 2024-01-01..2024-12-31; received 2025-07-15,EIN and/or sponsor name + address,"sponsor name 'BREEN & SULLIVAN MECHANICAL SERVICES, INC.' matches; sponsor address corroborates (7 HEALY COURT, DANVERS MA 01923)",medium,20261007T202810Z,20261007T202838Z,yes
biz-296,SBA_PPP_150K_PLUS,4898567209,SBA PPP FOIA - loans $150K and above,https://data.sba.gov/sites/default/files/distribution/SBA-OCA-2022-07-001/public_150k_plus_240930.csv,2026-10-07,3760a581dc3fd7ca12d09996aa360d749e075bcac517e5a6f7e92ae447a1cb8c,loan approved 04/27/2020; SBA data as of 2024-09-30,"filter BorrowerState=MA, NAICSCode=238220, CurrentApprovalAmount>=150000","BREEN & SULLIVAN MECHANICAL SERVICES, INC, 7 HEALY CT, DANVERS 01923-3109; group: single loan",source record,20261007T202810Z,20261007T202838Z,yes
biz-297,DOL_FORM_5500_SF_2025,261147652-001 ACK 20260623164231NAL0012025538001,DOL Form 5500-SF dataset 2025 (Latest),https://askebsa.dol.gov/FOIA%20Files/2025/Latest/F_5500_SF_2025_Latest.zip,2026-10-07,2db4677bd93455ccc082d378fdd56594ac90ca0fc6f2da1639a15aea8ed3e94d,plan year 2025-01-01..2025-12-31; received 2026-06-23,EIN and/or sponsor name + address,"sponsor name 'CHASE PLUMBING CO., INC.' matches; sponsor address corroborates (13 ADAMS STREET, BURLINGTON MA 01803)",medium,20261007T202810Z,20261007T202838Z,yes
biz-297,SBA_PPP_150K_PLUS,5262347201,SBA PPP FOIA - loans $150K and above,https://data.sba.gov/sites/default/files/distribution/SBA-OCA-2022-07-001/public_150k_plus_240930.csv,2026-10-07,3760a581dc3fd7ca12d09996aa360d749e075bcac517e5a6f7e92ae447a1cb8c,loan approved 04/27/2020; SBA data as of 2024-09-30,"filter BorrowerState=MA, NAICSCode=238220, CurrentApprovalAmount>=150000","CHASE PLUMBING COMPANY INC, 13 Adams Street, Burlington 01803; group: single loan",source record,20261007T202810Z,20261007T202838Z,yes
biz-298,SBA_PPP_150K_PLUS,2868968501,SBA PPP FOIA - loans $150K and above,https://data.sba.gov/sites/default/files/distribution/SBA-OCA-2022-07-001/public_150k_plus_240930.csv,2026-10-07,3760a581dc3fd7ca12d09996aa360d749e075bcac517e5a6f7e92ae447a1cb8c,loan approved 02/22/2021; SBA data as of 2024-09-30,"filter BorrowerState=MA, NAICSCode=238220, CurrentApprovalAmount>=150000","GERMAIN PLUMBING AND HEATING INC, 64 Water St, Attleboro 02703-2056; group: same legal name + same street address + ZIP",source record,20261007T202810Z,20261007T202838Z,yes
biz-298,SBA_PPP_150K_PLUS,5451897201,SBA PPP FOIA - loans $150K and above,https://data.sba.gov/sites/default/files/distribution/SBA-OCA-2022-07-001/public_150k_plus_240930.csv,2026-10-07,3760a581dc3fd7ca12d09996aa360d749e075bcac517e5a6f7e92ae447a1cb8c,loan approved 04/27/2020; SBA data as of 2024-09-30,"filter BorrowerState=MA, NAICSCode=238220, CurrentApprovalAmount>=150000","GERMAIN PLUMBING AND HEATING INC, 64 WATER ST, ATTLEBORO 02703; group: same legal name + same street address + ZIP",source record,20261007T202810Z,20261007T202838Z,yes
biz-299,DOL_FORM_5500_SF_2024,042440024-002 ACK 20251217141015NAL0006327552001,DOL Form 5500-SF dataset 2024 (Latest),https://askebsa.dol.gov/FOIA%20Files/2024/Latest/F_5500_SF_2024_Latest.zip,2026-10-07,11370908e2bbc78d1d418b2f2a2177875e0524c12b69a181432d6fd65a5966c3,plan year 2024-07-01..2025-06-30; received 2025-12-17,EIN and/or sponsor name + address,"sponsor name 'MANNYS PLUMBING & HEATING, INC.' matches; sponsor address corroborates (47 TENNIS ROAD, AGAWAM MA 01001)",medium,20261007T202810Z,20261007T202838Z,yes
biz-299,SBA_PPP_150K_PLUS,2326668903,SBA PPP FOIA - loans $150K and above,https://data.sba.gov/sites/default/files/distribution/SBA-OCA-2022-07-001/public_150k_plus_240930.csv,2026-10-07,3760a581dc3fd7ca12d09996aa360d749e075bcac517e5a6f7e92ae447a1cb8c,loan approved 04/26/2021; SBA data as of 2024-09-30,"filter BorrowerState=MA, NAICSCode=238220, CurrentApprovalAmount>=150000","MANNYS PLUMBING AND HEATING INC, 47 Tennis Rd, Agawam 01001-2353; group: same legal name + same street address + ZIP",source record,20261007T202810Z,20261007T202838Z,yes
biz-299,SBA_PPP_150K_PLUS,5521407201,SBA PPP FOIA - loans $150K and above,https://data.sba.gov/sites/default/files/distribution/SBA-OCA-2022-07-001/public_150k_plus_240930.csv,2026-10-07,3760a581dc3fd7ca12d09996aa360d749e075bcac517e5a6f7e92ae447a1cb8c,loan approved 04/27/2020; SBA data as of 2024-09-30,"filter BorrowerState=MA, NAICSCode=238220, CurrentApprovalAmount>=150000","MANNY'S PLUMBING & HEATING, INC., 47 tennis road, AGAWAM 01001-2353; group: same legal name + same street address + ZIP",source record,20261007T202810Z,20261007T202838Z,yes
biz-300,SBA_PPP_150K_PLUS,5584917209,SBA PPP FOIA - loans $150K and above,https://data.sba.gov/sites/default/files/distribution/SBA-OCA-2022-07-001/public_150k_plus_240930.csv,2026-10-07,3760a581dc3fd7ca12d09996aa360d749e075bcac517e5a6f7e92ae447a1cb8c,loan approved 04/27/2020; SBA data as of 2024-09-30,"filter BorrowerState=MA, NAICSCode=238220, CurrentApprovalAmount>=150000","K REGAN MECHANICAL INC, 10 FEDERAL ST, SALEM 01970-4080; group: same legal name + same street address + ZIP",source record,20261007T202810Z,20261007T202838Z,yes
biz-300,SBA_PPP_150K_PLUS,7754358402,SBA PPP FOIA - loans $150K and above,https://data.sba.gov/sites/default/files/distribution/SBA-OCA-2022-07-001/public_150k_plus_240930.csv,2026-10-07,3760a581dc3fd7ca12d09996aa360d749e075bcac517e5a6f7e92ae447a1cb8c,loan approved 02/12/2021; SBA data as of 2024-09-30,"filter BorrowerState=MA, NAICSCode=238220, CurrentApprovalAmount>=150000","K. REGAN MECHANICAL INC., 10 Federal St Ste 408, Salem 01970-4080; group: same legal name + same street address + ZIP",source record,20261007T202810Z,20261007T202838Z,yes
biz-301,DOL_FORM_5500_SF_2025,273883868-001 ACK 20260127123104NAL0004625378001,DOL Form 5500-SF dataset 2025 (Latest),https://askebsa.dol.gov/FOIA%20Files/2025/Latest/F_5500_SF_2025_Latest.zip,2026-10-07,2db4677bd93455ccc082d378fdd56594ac90ca0fc6f2da1639a15aea8ed3e94d,plan year 2025-01-01..2025-12-31; received 2026-01-27,EIN and/or sponsor name + address,"sponsor name 'BROUILLETTE HVAC AND SHEET METAL, INC' matches; sponsor address corroborates (13 STEVENS STREET, EAST TAUNTON MA 027181026)",medium,20261007T202810Z,20261007T202838Z,yes
biz-301,SBA_PPP_150K_PLUS,5689777200,SBA PPP FOIA - loans $150K and above,https://data.sba.gov/sites/default/files/distribution/SBA-OCA-2022-07-001/public_150k_plus_240930.csv,2026-10-07,3760a581dc3fd7ca12d09996aa360d749e075bcac517e5a6f7e92ae447a1cb8c,loan approved 04/27/2020; SBA data as of 2024-09-30,"filter BorrowerState=MA, NAICSCode=238220, CurrentApprovalAmount>=150000","BROUILLETTE HVAC AND SHEET METAL, INC., 13 STEVENS ST, EAST TAUNTON 02718-1026; group: single loan",source record,20261007T202810Z,20261007T202838Z,yes
biz-302,DOL_FORM_5500_SF_2025,043499758-001 ACK 20260413091805NAL0017853152001,DOL Form 5500-SF dataset 2025 (Latest),https://askebsa.dol.gov/FOIA%20Files/2025/Latest/F_5500_SF_2025_Latest.zip,2026-10-07,2db4677bd93455ccc082d378fdd56594ac90ca0fc6f2da1639a15aea8ed3e94d,plan year 2025-01-01..2025-12-31; received 2026-04-13,EIN and/or sponsor name + address,"sponsor name 'MCL MECHANICAL SERVICES INC' matches; sponsor address corroborates (26 KELSO AVE, WEST SPRINGFIELD MA 010893440)",medium,20261007T202810Z,20261007T202838Z,yes
biz-302,SBA_PPP_150K_PLUS,5710307205,SBA PPP FOIA - loans $150K and above,https://data.sba.gov/sites/default/files/distribution/SBA-OCA-2022-07-001/public_150k_plus_240930.csv,2026-10-07,3760a581dc3fd7ca12d09996aa360d749e075bcac517e5a6f7e92ae447a1cb8c,loan approved 04/27/2020; SBA data as of 2024-09-30,"filter BorrowerState=MA, NAICSCode=238220, CurrentApprovalAmount>=150000","MCL MECHANICAL SERVICES, INC., 26 KELSO AVE, WEST SPRINGFIELD 01089-3440; group: single loan",source record,20261007T202810Z,20261007T202838Z,yes
biz-303,SBA_PPP_150K_PLUS,5731767202,SBA PPP FOIA - loans $150K and above,https://data.sba.gov/sites/default/files/distribution/SBA-OCA-2022-07-001/public_150k_plus_240930.csv,2026-10-07,3760a581dc3fd7ca12d09996aa360d749e075bcac517e5a6f7e92ae447a1cb8c,loan approved 04/27/2020; SBA data as of 2024-09-30,"filter BorrowerState=MA, NAICSCode=238220, CurrentApprovalAmount>=150000","GLOBAL MECHANICAL SERVICES INC, 5 PERKINS WAY, NEWBURYPORT 01950-4074; group: single loan",source record,20261007T202810Z,20261007T202838Z,yes
biz-304,SBA_PPP_150K_PLUS,5778697202,SBA PPP FOIA - loans $150K and above,https://data.sba.gov/sites/default/files/distribution/SBA-OCA-2022-07-001/public_150k_plus_240930.csv,2026-10-07,3760a581dc3fd7ca12d09996aa360d749e075bcac517e5a6f7e92ae447a1cb8c,loan approved 04/27/2020; SBA data as of 2024-09-30,"filter BorrowerState=MA, NAICSCode=238220, CurrentApprovalAmount>=150000","CLIMATE ENGINEERING LLC, 142 Bay Rd, Norton 02766-3034; group: single loan",source record,20261007T202810Z,20261007T202838Z,yes
biz-305,DOL_FORM_5500_SF_2024,043238155-001 ACK 20250331122834NAL0003425427001,DOL Form 5500-SF dataset 2024 (Latest),https://askebsa.dol.gov/FOIA%20Files/2024/Latest/F_5500_SF_2024_Latest.zip,2026-10-07,11370908e2bbc78d1d418b2f2a2177875e0524c12b69a181432d6fd65a5966c3,plan year 2024-01-01..2024-12-31; received 2025-03-31,EIN and/or sponsor name + address,"sponsor name 'POIRIER AND SPRINGER, INC.' matches; sponsor address corroborates (17E STERLING ROAD, BILLERICA MA 01862)",medium,20261007T202810Z,20261007T202838Z,yes
biz-305,SBA_PPP_150K_PLUS,5897187205,SBA PPP FOIA - loans $150K and above,https://data.sba.gov/sites/default/files/distribution/SBA-OCA-2022-07-001/public_150k_plus_240930.csv,2026-10-07,3760a581dc3fd7ca12d09996aa360d749e075bcac517e5a6f7e92ae447a1cb8c,loan approved 04/27/2020; SBA data as of 2024-09-30,"filter BorrowerState=MA, NAICSCode=238220, CurrentApprovalAmount>=150000","POIRIER & SPRINGER, INC., 17E STERLING RD, NORTH BILLERICA 01862; group: single loan",source record,20261007T202810Z,20261007T202838Z,yes
biz-306,SBA_PPP_150K_PLUS,6048247210,SBA PPP FOIA - loans $150K and above,https://data.sba.gov/sites/default/files/distribution/SBA-OCA-2022-07-001/public_150k_plus_240930.csv,2026-10-07,3760a581dc3fd7ca12d09996aa360d749e075bcac517e5a6f7e92ae447a1cb8c,loan approved 04/27/2020; SBA data as of 2024-09-30,"filter BorrowerState=MA, NAICSCode=238220, CurrentApprovalAmount>=150000","WILLIAM F LYNCH CO INC, 50 MILLBROOK ST, WORCESTER 01606-2840; group: single loan",source record,20261007T202810Z,20261007T202838Z,yes
biz-307,DOL_FORM_5500_2025,042760904-003 ACK 20260717130140NAL0004576403001,DOL Form 5500 dataset 2025 (Latest),https://askebsa.dol.gov/FOIA%20Files/2025/Latest/F_5500_2025_Latest.zip,2026-10-07,9f6245cdcbb86ae167af4595bb3dba4fbf7845df98f4ccd6748aa98fa2a4e582,plan year 2025-01-01..2025-12-31; received 2026-07-17,EIN and/or sponsor name + address,"sponsor name 'PROCESS COOLING SYSTEMS, INC.' matches; sponsor address corroborates (800 RESEARCH DRIVE, LEOMINSTER MA 01453)",medium,20261007T202810Z,20261007T202838Z,yes
biz-307,DOL_FORM_5500_SF_2024,042760904-001 ACK 20250926074731NAL0003885571002,DOL Form 5500-SF dataset 2024 (Latest),https://askebsa.dol.gov/FOIA%20Files/2024/Latest/F_5500_SF_2024_Latest.zip,2026-10-07,11370908e2bbc78d1d418b2f2a2177875e0524c12b69a181432d6fd65a5966c3,plan year 2024-01-01..2024-12-31; received 2025-09-26,EIN and/or sponsor name + address,"sponsor name 'PROCESS COOLING SYSTEMS, INC.' matches; sponsor address corroborates (800 RESEARCH DRIVE, LEOMINISTER MA 01453)",medium,20261007T202810Z,20261007T202838Z,yes
biz-307,DOL_FORM_5500_SF_2024,042760904-002 ACK 20250728120210NAL0001986289001,DOL Form 5500-SF dataset 2024 (Latest),https://askebsa.dol.gov/FOIA%20Files/2024/Latest/F_5500_SF_2024_Latest.zip,2026-10-07,11370908e2bbc78d1d418b2f2a2177875e0524c12b69a181432d6fd65a5966c3,plan year 2025-01-01..2025-02-07; received 2025-07-28,EIN and/or sponsor name + address,"sponsor name 'PROCESS COOLING SYSTEMS, INC.' matches; sponsor address corroborates (800 RESEARCH DRIVE, LEOMINISTER MA 01453)",medium,20261007T202810Z,20261007T202838Z,yes
biz-307,SBA_PPP_150K_PLUS,6127407208,SBA PPP FOIA - loans $150K and above,https://data.sba.gov/sites/default/files/distribution/SBA-OCA-2022-07-001/public_150k_plus_240930.csv,2026-10-07,3760a581dc3fd7ca12d09996aa360d749e075bcac517e5a6f7e92ae447a1cb8c,loan approved 04/27/2020; SBA data as of 2024-09-30,"filter BorrowerState=MA, NAICSCode=238220, CurrentApprovalAmount>=150000","PROCESS COOLING SYSTEMS INC, 800 RESEARCH DR, LEOMINSTER 01453; group: single loan",source record,20261007T202810Z,20261007T202838Z,yes
biz-308,SBA_PPP_150K_PLUS,1237698709,SBA PPP FOIA - loans $150K and above,https://data.sba.gov/sites/default/files/distribution/SBA-OCA-2022-07-001/public_150k_plus_240930.csv,2026-10-07,3760a581dc3fd7ca12d09996aa360d749e075bcac517e5a6f7e92ae447a1cb8c,loan approved 03/26/2021; SBA data as of 2024-09-30,"filter BorrowerState=MA, NAICSCode=238220, CurrentApprovalAmount>=150000","G & G FIRE PROTECTION INC, 792 Foundry St S Easton Ma 02375-1310, South Easton 02375-1310; group: same legal name + same ZIP (street spelling differs)",source record,20261007T202810Z,20261007T202838Z,yes
biz-308,SBA_PPP_150K_PLUS,6134247206,SBA PPP FOIA - loans $150K and above,https://data.sba.gov/sites/default/files/distribution/SBA-OCA-2022-07-001/public_150k_plus_240930.csv,2026-10-07,3760a581dc3fd7ca12d09996aa360d749e075bcac517e5a6f7e92ae447a1cb8c,loan approved 04/27/2020; SBA data as of 2024-09-30,"filter BorrowerState=MA, NAICSCode=238220, CurrentApprovalAmount>=150000","G & G FIRE PROTECTION, INC, 792 Foundry St, SOUTH EASTON 02375-1310; group: same legal name + same ZIP (street spelling differs)",source record,20261007T202810Z,20261007T202838Z,yes
biz-309,SBA_PPP_150K_PLUS,3871088503,SBA PPP FOIA - loans $150K and above,https://data.sba.gov/sites/default/files/distribution/SBA-OCA-2022-07-001/public_150k_plus_240930.csv,2026-10-07,3760a581dc3fd7ca12d09996aa360d749e075bcac517e5a6f7e92ae447a1cb8c,loan approved 02/24/2021; SBA data as of 2024-09-30,"filter BorrowerState=MA, NAICSCode=238220, CurrentApprovalAmount>=150000","DESIGN FLOW ASSOCIATES LLC, 27 Lantern Ln, Halifax 02338-1122; group: same legal name + same street address + ZIP",source record,20261007T202810Z,20261007T202838Z,yes
biz-309,SBA_PPP_150K_PLUS,6259227204,SBA PPP FOIA - loans $150K and above,https://data.sba.gov/sites/default/files/distribution/SBA-OCA-2022-07-001/public_150k_plus_240930.csv,2026-10-07,3760a581dc3fd7ca12d09996aa360d749e075bcac517e5a6f7e92ae447a1cb8c,loan approved 04/27/2020; SBA data as of 2024-09-30,"filter BorrowerState=MA, NAICSCode=238220, CurrentApprovalAmount>=150000","DESIGN FLOW ASSOCIATES LLC, 27 Lantern Ln, Halifax 02338-1122; group: same legal name + same street address + ZIP",source record,20261007T202810Z,20261007T202838Z,yes
biz-310,SBA_PPP_150K_PLUS,1039907300,SBA PPP FOIA - loans $150K and above,https://data.sba.gov/sites/default/files/distribution/SBA-OCA-2022-07-001/public_150k_plus_240930.csv,2026-10-07,3760a581dc3fd7ca12d09996aa360d749e075bcac517e5a6f7e92ae447a1cb8c,loan approved 04/28/2020; SBA data as of 2024-09-30,"filter BorrowerState=MA, NAICSCode=238220, CurrentApprovalAmount>=150000","LISCO, INC., 114 POND ST, SEEKONK 02771-3915; group: single loan",source record,20261007T202810Z,20261007T202838Z,yes
biz-311,DOL_FORM_5500_SF_2025,042324698-001 ACK 20260729105735NAL0021575057001,DOL Form 5500-SF dataset 2025 (Latest),https://askebsa.dol.gov/FOIA%20Files/2025/Latest/F_5500_SF_2025_Latest.zip,2026-10-07,2db4677bd93455ccc082d378fdd56594ac90ca0fc6f2da1639a15aea8ed3e94d,plan year 2025-01-01..2025-12-31; received 2026-07-29,EIN and/or sponsor name + address,"sponsor name 'APEX CORPORATION' matches; sponsor address corroborates (56 CHARLES STREET, NORTH ABINGTON MA 02351)",medium,20261007T202810Z,20261007T202838Z,yes
biz-311,SBA_PPP_150K_PLUS,1200077308,SBA PPP FOIA - loans $150K and above,https://data.sba.gov/sites/default/files/distribution/SBA-OCA-2022-07-001/public_150k_plus_240930.csv,2026-10-07,3760a581dc3fd7ca12d09996aa360d749e075bcac517e5a6f7e92ae447a1cb8c,loan approved 04/28/2020; SBA data as of 2024-09-30,"filter BorrowerState=MA, NAICSCode=238220, CurrentApprovalAmount>=150000","APEX CORPORATION, 6 Charles St, Abington, 02351; group: same legal name + same ZIP (street spelling differs)",source record,20261007T202810Z,20261007T202838Z,yes
biz-311,SBA_PPP_150K_PLUS,8198398308,SBA PPP FOIA - loans $150K and above,https://data.sba.gov/sites/default/files/distribution/SBA-OCA-2022-07-001/public_150k_plus_240930.csv,2026-10-07,3760a581dc3fd7ca12d09996aa360d749e075bcac517e5a6f7e92ae447a1cb8c,loan approved 01/29/2021; SBA data as of 2024-09-30,"filter BorrowerState=MA, NAICSCode=238220, CurrentApprovalAmount>=150000","APEX CORP, 56 Charles St, Abington 02351-1808; group: same legal name + same ZIP (street spelling differs)",source record,20261007T202810Z,20261007T202838Z,yes
biz-312,SBA_PPP_150K_PLUS,1426317300,SBA PPP FOIA - loans $150K and above,https://data.sba.gov/sites/default/files/distribution/SBA-OCA-2022-07-001/public_150k_plus_240930.csv,2026-10-07,3760a581dc3fd7ca12d09996aa360d749e075bcac517e5a6f7e92ae447a1cb8c,loan approved 04/28/2020; SBA data as of 2024-09-30,"filter BorrowerState=MA, NAICSCode=238220, CurrentApprovalAmount>=150000","PAUL FLAHERTY PLUMBING & HEATING COMPANY, INC., 186 FOUNTAIN ST, FRAMINGHAM 01702-6260; group: same legal name + same street address + ZIP",source record,20261007T202810Z,20261007T202838Z,yes
biz-312,SBA_PPP_150K_PLUS,3515728302,SBA PPP FOIA - loans $150K and above,https://data.sba.gov/sites/default/files/distribution/SBA-OCA-2022-07-001/public_150k_plus_240930.csv,2026-10-07,3760a581dc3fd7ca12d09996aa360d749e075bcac517e5a6f7e92ae447a1cb8c,loan approved 01/22/2021; SBA data as of 2024-09-30,"filter BorrowerState=MA, NAICSCode=238220, CurrentApprovalAmount>=150000","PAUL FLAHERTY PLUMBING & HEATING INC., 186 Fountain St, Framingham 01702-6260; group: same legal name + same street address + ZIP",source record,20261007T202810Z,20261007T202838Z,yes
biz-313,SBA_PPP_150K_PLUS,6421717208,SBA PPP FOIA - loans $150K and above,https://data.sba.gov/sites/default/files/distribution/SBA-OCA-2022-07-001/public_150k_plus_240930.csv,2026-10-07,3760a581dc3fd7ca12d09996aa360d749e075bcac517e5a6f7e92ae447a1cb8c,loan approved 04/28/2020; SBA data as of 2024-09-30,"filter BorrowerState=MA, NAICSCode=238220, CurrentApprovalAmount>=150000","FULLIN & BETTENCOURT PLUMBING & HEATING INC, 23A N Line Rd, Edgartown 02539-6008; group: single loan",source record,20261007T202810Z,20261007T202838Z,yes
biz-314,SBA_PPP_150K_PLUS,6479347207,SBA PPP FOIA - loans $150K and above,https://data.sba.gov/sites/default/files/distribution/SBA-OCA-2022-07-001/public_150k_plus_240930.csv,2026-10-07,3760a581dc3fd7ca12d09996aa360d749e075bcac517e5a6f7e92ae447a1cb8c,loan approved 04/28/2020; SBA data as of 2024-09-30,"filter BorrowerState=MA, NAICSCode=238220, CurrentApprovalAmount>=150000","BARTLETT AND STEADMAN PLUMBING CORP, 67 R Village Street, MARBLEHEAD 01945; group: single loan",source record,20261007T202810Z,20261007T202838Z,yes
biz-315,SBA_PPP_150K_PLUS,6912627210,SBA PPP FOIA - loans $150K and above,https://data.sba.gov/sites/default/files/distribution/SBA-OCA-2022-07-001/public_150k_plus_240930.csv,2026-10-07,3760a581dc3fd7ca12d09996aa360d749e075bcac517e5a6f7e92ae447a1cb8c,loan approved 04/28/2020; SBA data as of 2024-09-30,"filter BorrowerState=MA, NAICSCode=238220, CurrentApprovalAmount>=150000","R. A. MECHANICAL, INC., 16 Lomar Park Suite 1, Pepperell 01463; group: single loan",source record,20261007T202810Z,20261007T202838Z,yes
biz-316,DOL_FORM_5500_SF_2024,042749198-001 ACK 20250909093853NAL0012804611001,DOL Form 5500-SF dataset 2024 (Latest),https://askebsa.dol.gov/FOIA%20Files/2024/Latest/F_5500_SF_2024_Latest.zip,2026-10-07,11370908e2bbc78d1d418b2f2a2177875e0524c12b69a181432d6fd65a5966c3,plan year 2024-04-01..2025-03-31; received 2025-09-09,EIN and/or sponsor name + address,"sponsor name 'GRINNELL MECHANICAL, INC.' matches; sponsor ZIP corroborates (BURLINGTON MA 01803)",medium,20261007T202810Z,20261007T202838Z,yes
biz-316,SBA_PPP_150K_PLUS,7091047209,SBA PPP FOIA - loans $150K and above,https://data.sba.gov/sites/default/files/distribution/SBA-OCA-2022-07-001/public_150k_plus_240930.csv,2026-10-07,3760a581dc3fd7ca12d09996aa360d749e075bcac517e5a6f7e92ae447a1cb8c,loan approved 04/28/2020; SBA data as of 2024-09-30,"filter BorrowerState=MA, NAICSCode=238220, CurrentApprovalAmount>=150000","GRINNELL MECHANICAL, INC., 21 Ray Avenue, BURLINGTON 01803-4720; group: single loan",source record,20261007T202810Z,20261007T202838Z,yes
biz-317,DOL_FORM_5500_SF_2025,042647172-001 ACK 20260515154106NAL0009411329001,DOL Form 5500-SF dataset 2025 (Latest),https://askebsa.dol.gov/FOIA%20Files/2025/Latest/F_5500_SF_2025_Latest.zip,2026-10-07,2db4677bd93455ccc082d378fdd56594ac90ca0fc6f2da1639a15aea8ed3e94d,plan year 2025-01-01..2025-12-31; received 2026-05-15,EIN and/or sponsor name + address,"sponsor name 'NORTHEAST DISTRIBUTORS, INC.' matches; sponsor address corroborates (210 ESSEX STREET, SUITE 3, WHITMAN MA 02382)",medium,20261007T202810Z,20261007T202838Z,yes
biz-317,SBA_PPP_150K_PLUS,7177897207,SBA PPP FOIA - loans $150K and above,https://data.sba.gov/sites/default/files/distribution/SBA-OCA-2022-07-001/public_150k_plus_240930.csv,2026-10-07,3760a581dc3fd7ca12d09996aa360d749e075bcac517e5a6f7e92ae447a1cb8c,loan approved 04/28/2020; SBA data as of 2024-09-30,"filter BorrowerState=MA, NAICSCode=238220, CurrentApprovalAmount>=150000","NORTHEAST DISTRIBUTORS, INC, 210 Essex Street, Whitman 02382; group: single loan",source record,20261007T202810Z,20261007T202838Z,yes
biz-318,DOL_FORM_5500_SF_2025,261464105-001 ACK 20260605084142NAL0001262147001,DOL Form 5500-SF dataset 2025 (Latest),https://askebsa.dol.gov/FOIA%20Files/2025/Latest/F_5500_SF_2025_Latest.zip,2026-10-07,2db4677bd93455ccc082d378fdd56594ac90ca0fc6f2da1639a15aea8ed3e94d,plan year 2025-01-01..2025-12-31; received 2026-06-05,EIN and/or sponsor name + address,"sponsor name 'BDL HEATING & COOLING, INC' matches; sponsor address corroborates (90 GEORGE LEVEN DRIVE, NORTH ATTLEBORO MA 02760)",medium,20261007T202810Z,20261007T202838Z,yes
biz-318,SBA_PPP_150K_PLUS,7361837200,SBA PPP FOIA - loans $150K and above,https://data.sba.gov/sites/default/files/distribution/SBA-OCA-2022-07-001/public_150k_plus_240930.csv,2026-10-07,3760a581dc3fd7ca12d09996aa360d749e075bcac517e5a6f7e92ae447a1cb8c,loan approved 04/28/2020; SBA data as of 2024-09-30,"filter BorrowerState=MA, NAICSCode=238220, CurrentApprovalAmount>=150000","BDL HEATING & COOLING, INC., 90 GEORGE LEVEN DR, NORTH ATTLEBORO 02760-6430; group: single loan",source record,20261007T202810Z,20261007T202838Z,yes
biz-319,SBA_PPP_150K_PLUS,7640797204,SBA PPP FOIA - loans $150K and above,https://data.sba.gov/sites/default/files/distribution/SBA-OCA-2022-07-001/public_150k_plus_240930.csv,2026-10-07,3760a581dc3fd7ca12d09996aa360d749e075bcac517e5a6f7e92ae447a1cb8c,loan approved 04/28/2020; SBA data as of 2024-09-30,"filter BorrowerState=MA, NAICSCode=238220, CurrentApprovalAmount>=150000","SEEKONK HEATING SERVICES, INC., 911 Taunton Avenue, Seekonk 02771; group: single loan",source record,20261007T202810Z,20261007T202838Z,yes
biz-320,SBA_PPP_150K_PLUS,3169388608,SBA PPP FOIA - loans $150K and above,https://data.sba.gov/sites/default/files/distribution/SBA-OCA-2022-07-001/public_150k_plus_240930.csv,2026-10-07,3760a581dc3fd7ca12d09996aa360d749e075bcac517e5a6f7e92ae447a1cb8c,loan approved 03/16/2021; SBA data as of 2024-09-30,"filter BorrowerState=MA, NAICSCode=238220, CurrentApprovalAmount>=150000","MORRIS MECHANICAL SALES AND SERVICE INC., 19 Parker St, Clinton 01510-1905; group: same legal name + same ZIP (street spelling differs)",source record,20261007T202810Z,20261007T202838Z,yes
biz-320,SBA_PPP_150K_PLUS,7694297202,SBA PPP FOIA - loans $150K and above,https://data.sba.gov/sites/default/files/distribution/SBA-OCA-2022-07-001/public_150k_plus_240930.csv,2026-10-07,3760a581dc3fd7ca12d09996aa360d749e075bcac517e5a6f7e92ae447a1cb8c,loan approved 04/28/2020; SBA data as of 2024-09-30,"filter BorrowerState=MA, NAICSCode=238220, CurrentApprovalAmount>=150000","MORRIS MECHANICAL SALES AND SERVICE, INC., 15 PARKER ST, CLINTON 01510-1905; group: same legal name + same ZIP (street spelling differs)",source record,20261007T202810Z,20261007T202838Z,yes
biz-321,SBA_PPP_150K_PLUS,7779327208,SBA PPP FOIA - loans $150K and above,https://data.sba.gov/sites/default/files/distribution/SBA-OCA-2022-07-001/public_150k_plus_240930.csv,2026-10-07,3760a581dc3fd7ca12d09996aa360d749e075bcac517e5a6f7e92ae447a1cb8c,loan approved 04/28/2020; SBA data as of 2024-09-30,"filter BorrowerState=MA, NAICSCode=238220, CurrentApprovalAmount>=150000","LAKE INDUSTRIES, INC., 41 PLEASANT ST, STONEHAM 02180-3829; group: single loan",source record,20261007T202810Z,20261007T202838Z,yes
biz-322,DOL_FORM_5500_SF_2025,042437642-001 ACK 20260724060929NAL0014452321001,DOL Form 5500-SF dataset 2025 (Latest),https://askebsa.dol.gov/FOIA%20Files/2025/Latest/F_5500_SF_2025_Latest.zip,2026-10-07,2db4677bd93455ccc082d378fdd56594ac90ca0fc6f2da1639a15aea8ed3e94d,plan year 2025-01-01..2025-12-31; received 2026-07-24,EIN and/or sponsor name + address,"sponsor name 'LAMCO SYSTEMS, INC.' matches; sponsor address corroborates (4 CUMMINGS RD, TYNGSBOROUGH MA 01879)",medium,20261007T202810Z,20261007T202838Z,yes
biz-322,SBA_PPP_150K_PLUS,7933827204,SBA PPP FOIA - loans $150K and above,https://data.sba.gov/sites/default/files/distribution/SBA-OCA-2022-07-001/public_150k_plus_240930.csv,2026-10-07,3760a581dc3fd7ca12d09996aa360d749e075bcac517e5a6f7e92ae447a1cb8c,loan approved 04/28/2020; SBA data as of 2024-09-30,"filter BorrowerState=MA, NAICSCode=238220, CurrentApprovalAmount>=150000","LAMCO SYSTEMS INC, 4 CUMMINGS RD, TYNGSBORO 01879-1406; group: single loan",source record,20261007T202810Z,20261007T202838Z,yes
biz-323,DOL_FORM_5500_SF_2025,562287957-001 ACK 20260617103156NAL0002778354001,DOL Form 5500-SF dataset 2025 (Latest),https://askebsa.dol.gov/FOIA%20Files/2025/Latest/F_5500_SF_2025_Latest.zip,2026-10-07,2db4677bd93455ccc082d378fdd56594ac90ca0fc6f2da1639a15aea8ed3e94d,plan year 2025-01-01..2025-12-31; received 2026-06-17,EIN and/or sponsor name + address,"sponsor name 'SWAMPSCOTT REFRIGERATION CO INC' matches; sponsor address corroborates (163 ESSEX STREET, LYNN MA 01902)",medium,20261007T202810Z,20261007T202838Z,yes
biz-323,SBA_PPP_150K_PLUS,8245887201,SBA PPP FOIA - loans $150K and above,https://data.sba.gov/sites/default/files/distribution/SBA-OCA-2022-07-001/public_150k_plus_240930.csv,2026-10-07,3760a581dc3fd7ca12d09996aa360d749e075bcac517e5a6f7e92ae447a1cb8c,loan approved 04/28/2020; SBA data as of 2024-09-30,"filter BorrowerState=MA, NAICSCode=238220, CurrentApprovalAmount>=150000","SWAMPSCOTT REFRIGERATION, INC., 163 ESSEX ST, LYNN 01902; group: single loan",source record,20261007T202810Z,20261007T202838Z,yes
biz-324,SBA_PPP_150K_PLUS,8377607200,SBA PPP FOIA - loans $150K and above,https://data.sba.gov/sites/default/files/distribution/SBA-OCA-2022-07-001/public_150k_plus_240930.csv,2026-10-07,3760a581dc3fd7ca12d09996aa360d749e075bcac517e5a6f7e92ae447a1cb8c,loan approved 04/28/2020; SBA data as of 2024-09-30,"filter BorrowerState=MA, NAICSCode=238220, CurrentApprovalAmount>=150000","KANNAN & PRICONE PLUMBING & HEATING, INC., 3 WEST AYER ST, METHUEN 01844-5509; group: single loan",source record,20261007T202810Z,20261007T202838Z,yes
biz-325,SBA_PPP_150K_PLUS,1424278500,SBA PPP FOIA - loans $150K and above,https://data.sba.gov/sites/default/files/distribution/SBA-OCA-2022-07-001/public_150k_plus_240930.csv,2026-10-07,3760a581dc3fd7ca12d09996aa360d749e075bcac517e5a6f7e92ae447a1cb8c,loan approved 02/18/2021; SBA data as of 2024-09-30,"filter BorrowerState=MA, NAICSCode=238220, CurrentApprovalAmount>=150000","E L BARRETT COMPANY INC, 1147 Hancock St Ste 201, Quincy 02169-4360; group: same legal name + same street address + ZIP",source record,20261007T202810Z,20261007T202838Z,yes
biz-325,SBA_PPP_150K_PLUS,8399847203,SBA PPP FOIA - loans $150K and above,https://data.sba.gov/sites/default/files/distribution/SBA-OCA-2022-07-001/public_150k_plus_240930.csv,2026-10-07,3760a581dc3fd7ca12d09996aa360d749e075bcac517e5a6f7e92ae447a1cb8c,loan approved 04/28/2020; SBA data as of 2024-09-30,"filter BorrowerState=MA, NAICSCode=238220, CurrentApprovalAmount>=150000","E.L. BARRETT COMPANY, INC., 1147 HANCOCK ST, QUINCY 02169; group: same legal name + same street address + ZIP",source record,20261007T202810Z,20261007T202838Z,yes
biz-326,DOL_FORM_5500_SF_2025,042379378-002 ACK 20260910070514NAL0004571731001,DOL Form 5500-SF dataset 2025 (Latest),https://askebsa.dol.gov/FOIA%20Files/2025/Latest/F_5500_SF_2025_Latest.zip,2026-10-07,2db4677bd93455ccc082d378fdd56594ac90ca0fc6f2da1639a15aea8ed3e94d,plan year 2026-01-01..2026-06-30; received 2026-09-10,EIN and/or sponsor name + address,"sponsor name 'MCCORMICK-ALLUM CO., INC.' matches; sponsor address corroborates (165 STAFFORD STREET, SPRINGFIELD MA 01101)",medium,20261007T202810Z,20261007T202838Z,yes
biz-326,DOL_FORM_5500_SF_2025,853789072-002 ACK 20260910070106NAL0005779378001,DOL Form 5500-SF dataset 2025 (Latest),https://askebsa.dol.gov/FOIA%20Files/2025/Latest/F_5500_SF_2025_Latest.zip,2026-10-07,2db4677bd93455ccc082d378fdd56594ac90ca0fc6f2da1639a15aea8ed3e94d,plan year 2025-01-01..2025-12-31; received 2026-09-10,EIN and/or sponsor name + address,"sponsor name 'MCCORMICK ALLUM LLC' matches; sponsor address corroborates (165 STAFFORD STREET, SPRINGFIELD MA 01101)",medium,20261007T202810Z,20261007T202838Z,yes
biz-326,SBA_PPP_150K_PLUS,8580547201,SBA PPP FOIA - loans $150K and above,https://data.sba.gov/sites/default/files/distribution/SBA-OCA-2022-07-001/public_150k_plus_240930.csv,2026-10-07,3760a581dc3fd7ca12d09996aa360d749e075bcac517e5a6f7e92ae447a1cb8c,loan approved 04/28/2020; SBA data as of 2024-09-30,"filter BorrowerState=MA, NAICSCode=238220, CurrentApprovalAmount>=150000","MCCORMICK-ALLUM COMPANY INC, 165 STAFFORD ST, SPRINGFIELD 01101; group: single loan",source record,20261007T202810Z,20261007T202838Z,yes
biz-327,SBA_PPP_150K_PLUS,8944207206,SBA PPP FOIA - loans $150K and above,https://data.sba.gov/sites/default/files/distribution/SBA-OCA-2022-07-001/public_150k_plus_240930.csv,2026-10-07,3760a581dc3fd7ca12d09996aa360d749e075bcac517e5a6f7e92ae447a1cb8c,loan approved 04/28/2020; SBA data as of 2024-09-30,"filter BorrowerState=MA, NAICSCode=238220, CurrentApprovalAmount>=150000","MCCLAREN HEATING & AIR CONDITIONING INC, 22 Industrial Blvd Unit C, HANSON 02341; group: single loan",source record,20261007T202810Z,20261007T202838Z,yes
biz-328,SBA_PPP_150K_PLUS,9054447200,SBA PPP FOIA - loans $150K and above,https://data.sba.gov/sites/default/files/distribution/SBA-OCA-2022-07-001/public_150k_plus_240930.csv,2026-10-07,3760a581dc3fd7ca12d09996aa360d749e075bcac517e5a6f7e92ae447a1cb8c,loan approved 04/28/2020; SBA data as of 2024-09-30,"filter BorrowerState=MA, NAICSCode=238220, CurrentApprovalAmount>=150000","BRUNO BROTHERS PLUMBING & HVAC INC., 10 PATRICK AVE, BILLERICA 01821-5503; group: single loan",source record,20261007T202810Z,20261007T202838Z,yes
biz-329,DOL_FORM_5500_SF_2024,042481210-001 ACK 20260626144922NAL0009401153001,DOL Form 5500-SF dataset 2024 (Latest),https://askebsa.dol.gov/FOIA%20Files/2024/Latest/F_5500_SF_2024_Latest.zip,2026-10-07,11370908e2bbc78d1d418b2f2a2177875e0524c12b69a181432d6fd65a5966c3,plan year 2024-01-01..2024-08-31; received 2026-06-26,EIN and/or sponsor name + address,sponsor name 'METRO SWIFT SPRINKLER CORPORATION' matches; sponsor ZIP corroborates (PEABODY MA 01960),medium,20261007T202810Z,20261007T202838Z,yes
biz-329,SBA_PPP_150K_PLUS,1496528502,SBA PPP FOIA - loans $150K and above,https://data.sba.gov/sites/default/files/distribution/SBA-OCA-2022-07-001/public_150k_plus_240930.csv,2026-10-07,3760a581dc3fd7ca12d09996aa360d749e075bcac517e5a6f7e92ae447a1cb8c,loan approved 02/19/2021; SBA data as of 2024-09-30,"filter BorrowerState=MA, NAICSCode=238220, CurrentApprovalAmount>=150000","METRO-SWIFT SPRINKLER CORP, 58 R PULASKI STREET, PEABODY 01960; group: same legal name + same street address + ZIP",source record,20261007T202810Z,20261007T202838Z,yes
biz-329,SBA_PPP_150K_PLUS,9511317203,SBA PPP FOIA - loans $150K and above,https://data.sba.gov/sites/default/files/distribution/SBA-OCA-2022-07-001/public_150k_plus_240930.csv,2026-10-07,3760a581dc3fd7ca12d09996aa360d749e075bcac517e5a6f7e92ae447a1cb8c,loan approved 04/28/2020; SBA data as of 2024-09-30,"filter BorrowerState=MA, NAICSCode=238220, CurrentApprovalAmount>=150000","METRO-SWIFT SPRINKLER CORP., 58 R Pulaski Street, PEABODY 01960-1800; group: same legal name + same street address + ZIP",source record,20261007T202810Z,20261007T202838Z,yes
biz-330,SBA_PPP_150K_PLUS,9599207209,SBA PPP FOIA - loans $150K and above,https://data.sba.gov/sites/default/files/distribution/SBA-OCA-2022-07-001/public_150k_plus_240930.csv,2026-10-07,3760a581dc3fd7ca12d09996aa360d749e075bcac517e5a6f7e92ae447a1cb8c,loan approved 04/28/2020; SBA data as of 2024-09-30,"filter BorrowerState=MA, NAICSCode=238220, CurrentApprovalAmount>=150000","CHILLER TECHNOLOGY, INC, 22 6th St STE 4, Woburn 01801; group: single loan",source record,20261007T202810Z,20261007T202838Z,yes
biz-331,DOL_FORM_5500_SF_2024,043042968-001 ACK 20250715083108NAL0001441507001,DOL Form 5500-SF dataset 2024 (Latest),https://askebsa.dol.gov/FOIA%20Files/2024/Latest/F_5500_SF_2024_Latest.zip,2026-10-07,11370908e2bbc78d1d418b2f2a2177875e0524c12b69a181432d6fd65a5966c3,plan year 2024-01-01..2024-12-31; received 2025-07-15,EIN and/or sponsor name + address,"sponsor name 'NEW ENGLAND AIR INC' matches; sponsor address corroborates (56 LEONARD ST STE 3, FOXBORO MA 020352939)",medium,20261007T202810Z,20261007T202838Z,yes
biz-331,SBA_PPP_150K_PLUS,1292878805,SBA PPP FOIA - loans $150K and above,https://data.sba.gov/sites/default/files/distribution/SBA-OCA-2022-07-001/public_150k_plus_240930.csv,2026-10-07,3760a581dc3fd7ca12d09996aa360d749e075bcac517e5a6f7e92ae447a1cb8c,loan approved 04/10/2021; SBA data as of 2024-09-30,"filter BorrowerState=MA, NAICSCode=238220, CurrentApprovalAmount>=150000","NEW ENGLAND AIR INC, 56 Leonard St Ste 3, Foxboro 02035-2939; group: same legal name + same street address + ZIP",source record,20261007T202810Z,20261007T202838Z,yes
biz-331,SBA_PPP_150K_PLUS,9658077208,SBA PPP FOIA - loans $150K and above,https://data.sba.gov/sites/default/files/distribution/SBA-OCA-2022-07-001/public_150k_plus_240930.csv,2026-10-07,3760a581dc3fd7ca12d09996aa360d749e075bcac517e5a6f7e92ae447a1cb8c,loan approved 04/28/2020; SBA data as of 2024-09-30,"filter BorrowerState=MA, NAICSCode=238220, CurrentApprovalAmount>=150000","NEW ENGLAND AIR, INC., 56 Leonard St Suite 3, Foxboro 02035-2939; group: same legal name + same street address + ZIP",source record,20261007T202810Z,20261007T202838Z,yes
biz-332,SBA_PPP_150K_PLUS,1971337301,SBA PPP FOIA - loans $150K and above,https://data.sba.gov/sites/default/files/distribution/SBA-OCA-2022-07-001/public_150k_plus_240930.csv,2026-10-07,3760a581dc3fd7ca12d09996aa360d749e075bcac517e5a6f7e92ae447a1cb8c,loan approved 04/29/2020; SBA data as of 2024-09-30,"filter BorrowerState=MA, NAICSCode=238220, CurrentApprovalAmount>=150000","GENERAL AIR-CONDITIONING / HEATING INC, 7 Gaston St, DORCHESTER 02121; group: same legal name + same street address + ZIP",source record,20261007T202810Z,20261007T202838Z,yes
biz-332,SBA_PPP_150K_PLUS,5981588402,SBA PPP FOIA - loans $150K and above,https://data.sba.gov/sites/default/files/distribution/SBA-OCA-2022-07-001/public_150k_plus_240930.csv,2026-10-07,3760a581dc3fd7ca12d09996aa360d749e075bcac517e5a6f7e92ae447a1cb8c,loan approved 02/09/2021; SBA data as of 2024-09-30,"filter BorrowerState=MA, NAICSCode=238220, CurrentApprovalAmount>=150000","GENERAL AIR-CONDITIONING / HEATING INC, 7 Gaston St, Dorchester 02121-1815; group: same legal name + same street address + ZIP",source record,20261007T202810Z,20261007T202838Z,yes
biz-333,SBA_PPP_150K_PLUS,2134687309,SBA PPP FOIA - loans $150K and above,https://data.sba.gov/sites/default/files/distribution/SBA-OCA-2022-07-001/public_150k_plus_240930.csv,2026-10-07,3760a581dc3fd7ca12d09996aa360d749e075bcac517e5a6f7e92ae447a1cb8c,loan approved 04/29/2020; SBA data as of 2024-09-30,"filter BorrowerState=MA, NAICSCode=238220, CurrentApprovalAmount>=150000","BARRETT PLUMBING & HEATING INC., 10 Edgerton Dr, NORTH FALMOUTH 02556; group: single loan",source record,20261007T202810Z,20261007T202838Z,yes
biz-334,DOL_FORM_5500_SF_2025,042559941-002 ACK 20260706083847NAL0022226352001,DOL Form 5500-SF dataset 2025 (Latest),https://askebsa.dol.gov/FOIA%20Files/2025/Latest/F_5500_SF_2025_Latest.zip,2026-10-07,2db4677bd93455ccc082d378fdd56594ac90ca0fc6f2da1639a15aea8ed3e94d,plan year 2025-01-01..2025-12-31; received 2026-07-06,EIN and/or sponsor name + address,"sponsor name 'BEDFORD MECHANICAL, INC.' matches; sponsor ZIP corroborates (BEDFORD MA 01730)",medium,20261007T202810Z,20261007T202838Z,yes
biz-334,SBA_PPP_150K_PLUS,2494227304,SBA PPP FOIA - loans $150K and above,https://data.sba.gov/sites/default/files/distribution/SBA-OCA-2022-07-001/public_150k_plus_240930.csv,2026-10-07,3760a581dc3fd7ca12d09996aa360d749e075bcac517e5a6f7e92ae447a1cb8c,loan approved 04/29/2020; SBA data as of 2024-09-30,"filter BorrowerState=MA, NAICSCode=238220, CurrentApprovalAmount>=150000","BEDFORD MECHANICAL INC, 44 North Rd, Bedford 01730; group: single loan",source record,20261007T202810Z,20261007T202838Z,yes
biz-335,SBA_PPP_150K_PLUS,2780317308,SBA PPP FOIA - loans $150K and above,https://data.sba.gov/sites/default/files/distribution/SBA-OCA-2022-07-001/public_150k_plus_240930.csv,2026-10-07,3760a581dc3fd7ca12d09996aa360d749e075bcac517e5a6f7e92ae447a1cb8c,loan approved 04/29/2020; SBA data as of 2024-09-30,"filter BorrowerState=MA, NAICSCode=238220, CurrentApprovalAmount>=150000","PAPALIA PLUMBING AND HEATING, INC., 1220 LIBERTY SQUARE RD, BOXBOROUGH 01719-1115; group: single loan",source record,20261007T202810Z,20261007T202838Z,yes
biz-336,SBA_PPP_150K_PLUS,2923207308,SBA PPP FOIA - loans $150K and above,https://data.sba.gov/sites/default/files/distribution/SBA-OCA-2022-07-001/public_150k_plus_240930.csv,2026-10-07,3760a581dc3fd7ca12d09996aa360d749e075bcac517e5a6f7e92ae447a1cb8c,loan approved 04/29/2020; SBA data as of 2024-09-30,"filter BorrowerState=MA, NAICSCode=238220, CurrentApprovalAmount>=150000","REDSTONE ENERGY, INC., 3 DABILIS AVE, TYNGSBORO 01879-2458; group: same legal name + same street address + ZIP",source record,20261007T202810Z,20261007T202838Z,yes
biz-336,SBA_PPP_150K_PLUS,7876278400,SBA PPP FOIA - loans $150K and above,https://data.sba.gov/sites/default/files/distribution/SBA-OCA-2022-07-001/public_150k_plus_240930.csv,2026-10-07,3760a581dc3fd7ca12d09996aa360d749e075bcac517e5a6f7e92ae447a1cb8c,loan approved 02/12/2021; SBA data as of 2024-09-30,"filter BorrowerState=MA, NAICSCode=238220, CurrentApprovalAmount>=150000","REDSTONE ENERGY INC., 3 Dabilis Ave, Tyngsboro 01879-2458; group: same legal name + same street address + ZIP",source record,20261007T202810Z,20261007T202838Z,yes
biz-337,DOL_FORM_5500_SF_2025,042804498-002 ACK 20260303072442NAL0005046114001,DOL Form 5500-SF dataset 2025 (Latest),https://askebsa.dol.gov/FOIA%20Files/2025/Latest/F_5500_SF_2025_Latest.zip,2026-10-07,2db4677bd93455ccc082d378fdd56594ac90ca0fc6f2da1639a15aea8ed3e94d,plan year 2025-01-01..2025-12-31; received 2026-03-03,EIN and/or sponsor name + address,"sponsor name 'MECHANICAL MANAGEMENT, INC.' matches; sponsor address corroborates (1501 MAIN STREET SUITE 27, TEWKSBURY MA 01876)",medium,20261007T202810Z,20261007T202838Z,yes
biz-337,SBA_PPP_150K_PLUS,3018677303,SBA PPP FOIA - loans $150K and above,https://data.sba.gov/sites/default/files/distribution/SBA-OCA-2022-07-001/public_150k_plus_240930.csv,2026-10-07,3760a581dc3fd7ca12d09996aa360d749e075bcac517e5a6f7e92ae447a1cb8c,loan approved 04/29/2020; SBA data as of 2024-09-30,"filter BorrowerState=MA, NAICSCode=238220, CurrentApprovalAmount>=150000","MECHANICAL MANAGEMENT INC, 1501 MAIN ST UNIT 27, TEWKSBURY 01876-4725; group: single loan",source record,20261007T202810Z,20261007T202838Z,yes
biz-338,SBA_PPP_150K_PLUS,3105877302,SBA PPP FOIA - loans $150K and above,https://data.sba.gov/sites/default/files/distribution/SBA-OCA-2022-07-001/public_150k_plus_240930.csv,2026-10-07,3760a581dc3fd7ca12d09996aa360d749e075bcac517e5a6f7e92ae447a1cb8c,loan approved 04/29/2020; SBA data as of 2024-09-30,"filter BorrowerState=MA, NAICSCode=238220, CurrentApprovalAmount>=150000","CORPORATE MECHANICAL OF NEW ENGLAND LLC, 12 Walnut Hill Park, WOBURN 01801-3754; group: single loan",source record,20261007T202810Z,20261007T202838Z,yes
biz-339,DOL_FORM_5500_SF_2025,042723821-002 ACK 20260617102327NAL0002596416001,DOL Form 5500-SF dataset 2025 (Latest),https://askebsa.dol.gov/FOIA%20Files/2025/Latest/F_5500_SF_2025_Latest.zip,2026-10-07,2db4677bd93455ccc082d378fdd56594ac90ca0fc6f2da1639a15aea8ed3e94d,plan year 2025-01-01..2025-12-31; received 2026-06-17,EIN and/or sponsor name + address,"sponsor name 'CHARLES M. MORAN PLUMBING & HEATING, INC.' matches; sponsor address corroborates (54 ALLEN ST, CLINTON MA 015101102)",medium,20261007T202810Z,20261007T202838Z,yes
biz-339,SBA_PPP_150K_PLUS,4075507310,SBA PPP FOIA - loans $150K and above,https://data.sba.gov/sites/default/files/distribution/SBA-OCA-2022-07-001/public_150k_plus_240930.csv,2026-10-07,3760a581dc3fd7ca12d09996aa360d749e075bcac517e5a6f7e92ae447a1cb8c,loan approved 04/29/2020; SBA data as of 2024-09-30,"filter BorrowerState=MA, NAICSCode=238220, CurrentApprovalAmount>=150000","CHARLES M. MORAN PLUMBING & HEATING CORP, 54 ALLEN ST., CLINTON 01510; group: single loan",source record,20261007T202810Z,20261007T202838Z,yes
biz-340,SBA_PPP_150K_PLUS,4109077300,SBA PPP FOIA - loans $150K and above,https://data.sba.gov/sites/default/files/distribution/SBA-OCA-2022-07-001/public_150k_plus_240930.csv,2026-10-07,3760a581dc3fd7ca12d09996aa360d749e075bcac517e5a6f7e92ae447a1cb8c,loan approved 04/29/2020; SBA data as of 2024-09-30,"filter BorrowerState=MA, NAICSCode=238220, CurrentApprovalAmount>=150000","JUNCTION INCORPORATED, 588 Pleasant St, Unit 6, Norwood 02062; group: single loan",source record,20261007T202810Z,20261007T202838Z,yes
biz-341,DOL_FORM_5500_SF_2025,042956151-001 ACK 20260623115046NAL0007152769001,DOL Form 5500-SF dataset 2025 (Latest),https://askebsa.dol.gov/FOIA%20Files/2025/Latest/F_5500_SF_2025_Latest.zip,2026-10-07,2db4677bd93455ccc082d378fdd56594ac90ca0fc6f2da1639a15aea8ed3e94d,plan year 2025-01-01..2025-12-31; received 2026-06-23,EIN and/or sponsor name + address,"sponsor name 'SCHLAGER CO., INC.' matches; sponsor ZIP corroborates (EAST WEYMOUTH MA 02189)",medium,20261007T202810Z,20261007T202838Z,yes
biz-341,SBA_PPP_150K_PLUS,4145407300,SBA PPP FOIA - loans $150K and above,https://data.sba.gov/sites/default/files/distribution/SBA-OCA-2022-07-001/public_150k_plus_240930.csv,2026-10-07,3760a581dc3fd7ca12d09996aa360d749e075bcac517e5a6f7e92ae447a1cb8c,loan approved 04/29/2020; SBA data as of 2024-09-30,"filter BorrowerState=MA, NAICSCode=238220, CurrentApprovalAmount>=150000","SCHLAGER COMPANY INC, 41 MATHEWSON DR STE A, EAST WEYMOUTH 02189-2300; group: single loan",source record,20261007T202810Z,20261007T202838Z,yes
biz-342,DOL_FORM_5500_SF_2025,821512270-001 ACK 20260424072502NAL0011786354001,DOL Form 5500-SF dataset 2025 (Latest),https://askebsa.dol.gov/FOIA%20Files/2025/Latest/F_5500_SF_2025_Latest.zip,2026-10-07,2db4677bd93455ccc082d378fdd56594ac90ca0fc6f2da1639a15aea8ed3e94d,plan year 2025-01-01..2025-12-31; received 2026-04-24,EIN and/or sponsor name + address,sponsor name 'AKIAN PLUMBING LLC' matches; sponsor ZIP corroborates (WATERTOWN MA 02472),medium,20261007T202810Z,20261007T202838Z,yes
biz-342,SBA_PPP_150K_PLUS,4651327303,SBA PPP FOIA - loans $150K and above,https://data.sba.gov/sites/default/files/distribution/SBA-OCA-2022-07-001/public_150k_plus_240930.csv,2026-10-07,3760a581dc3fd7ca12d09996aa360d749e075bcac517e5a6f7e92ae447a1cb8c,loan approved 04/30/2020; SBA data as of 2024-09-30,"filter BorrowerState=MA, NAICSCode=238220, CurrentApprovalAmount>=150000","AKIAN PLUMBING LLC, 181 SCHOOL ST, WATERTOWN 02472; group: single loan",source record,20261007T202810Z,20261007T202838Z,yes
biz-343,SBA_PPP_150K_PLUS,5085847305,SBA PPP FOIA - loans $150K and above,https://data.sba.gov/sites/default/files/distribution/SBA-OCA-2022-07-001/public_150k_plus_240930.csv,2026-10-07,3760a581dc3fd7ca12d09996aa360d749e075bcac517e5a6f7e92ae447a1cb8c,loan approved 04/30/2020; SBA data as of 2024-09-30,"filter BorrowerState=MA, NAICSCode=238220, CurrentApprovalAmount>=150000","SYDNEY SHEET METAL, 7 Gaston street, Dorchester 02121; group: single loan",source record,20261007T202810Z,20261007T202838Z,yes
biz-344,DOL_FORM_5500_SF_2024,030492154-001 ACK 20250730120322NAL0002320723001,DOL Form 5500-SF dataset 2024 (Latest),https://askebsa.dol.gov/FOIA%20Files/2024/Latest/F_5500_SF_2024_Latest.zip,2026-10-07,11370908e2bbc78d1d418b2f2a2177875e0524c12b69a181432d6fd65a5966c3,plan year 2024-01-01..2024-12-31; received 2025-07-30,EIN and/or sponsor name + address,"sponsor name 'UNITED MECHANICAL CONTRACTING' matches; sponsor address corroborates (145 NEWTON ST, WALTHAM MA 02453)",medium,20261007T202810Z,20261007T202838Z,yes
biz-344,SBA_PPP_150K_PLUS,5403647300,SBA PPP FOIA - loans $150K and above,https://data.sba.gov/sites/default/files/distribution/SBA-OCA-2022-07-001/public_150k_plus_240930.csv,2026-10-07,3760a581dc3fd7ca12d09996aa360d749e075bcac517e5a6f7e92ae447a1cb8c,loan approved 04/30/2020; SBA data as of 2024-09-30,"filter BorrowerState=MA, NAICSCode=238220, CurrentApprovalAmount>=150000","UNITED MECHANICAL CONTRACTING INC, 145 Newton St. Suite 4, Waltham 02453; group: single loan",source record,20261007T202810Z,20261007T202838Z,yes
biz-345,SBA_PPP_150K_PLUS,1764848501,SBA PPP FOIA - loans $150K and above,https://data.sba.gov/sites/default/files/distribution/SBA-OCA-2022-07-001/public_150k_plus_240930.csv,2026-10-07,3760a581dc3fd7ca12d09996aa360d749e075bcac517e5a6f7e92ae447a1cb8c,loan approved 02/19/2021; SBA data as of 2024-09-30,"filter BorrowerState=MA, NAICSCode=238220, CurrentApprovalAmount>=150000","D. R. HOWARD INC., 1 Whitney St, Saugus 01906-4387; group: same legal name + same street address + ZIP",source record,20261007T202810Z,20261007T202838Z,yes
biz-345,SBA_PPP_150K_PLUS,5656757307,SBA PPP FOIA - loans $150K and above,https://data.sba.gov/sites/default/files/distribution/SBA-OCA-2022-07-001/public_150k_plus_240930.csv,2026-10-07,3760a581dc3fd7ca12d09996aa360d749e075bcac517e5a6f7e92ae447a1cb8c,loan approved 04/30/2020; SBA data as of 2024-09-30,"filter BorrowerState=MA, NAICSCode=238220, CurrentApprovalAmount>=150000","DR HOWARD INC, 1 Whitney St, Saugus 01906; group: same legal name + same street address + ZIP",source record,20261007T202810Z,20261007T202838Z,yes
biz-346,SBA_PPP_150K_PLUS,6303277304,SBA PPP FOIA - loans $150K and above,https://data.sba.gov/sites/default/files/distribution/SBA-OCA-2022-07-001/public_150k_plus_240930.csv,2026-10-07,3760a581dc3fd7ca12d09996aa360d749e075bcac517e5a6f7e92ae447a1cb8c,loan approved 04/30/2020; SBA data as of 2024-09-30,"filter BorrowerState=MA, NAICSCode=238220, CurrentApprovalAmount>=150000","EAST NATIONAL WATER LLC, 81 BEECH ST, PALMER 01069; group: same legal name + same street address + ZIP",source record,20261007T202810Z,20261007T202838Z,yes
biz-346,SBA_PPP_150K_PLUS,9571888306,SBA PPP FOIA - loans $150K and above,https://data.sba.gov/sites/default/files/distribution/SBA-OCA-2022-07-001/public_150k_plus_240930.csv,2026-10-07,3760a581dc3fd7ca12d09996aa360d749e075bcac517e5a6f7e92ae447a1cb8c,loan approved 01/31/2021; SBA data as of 2024-09-30,"filter BorrowerState=MA, NAICSCode=238220, CurrentApprovalAmount>=150000","EAST NATIONAL WATER LLC, 81 Beech St, Palmer 01069-2102; group: same legal name + same street address + ZIP",source record,20261007T202810Z,20261007T202838Z,yes
biz-347,DOL_FORM_5500_SF_2024,272909722-001 ACK 20250730175224NAL0005120625001,DOL Form 5500-SF dataset 2024 (Latest),https://askebsa.dol.gov/FOIA%20Files/2024/Latest/F_5500_SF_2024_Latest.zip,2026-10-07,11370908e2bbc78d1d418b2f2a2177875e0524c12b69a181432d6fd65a5966c3,plan year 2024-01-01..2024-12-31; received 2025-07-30,EIN and/or sponsor name + address,sponsor name 'HARDING & SMITH LLC' matches; sponsor ZIP corroborates (WALPOLE MA 02081),medium,20261007T202810Z,20261007T202838Z,yes
biz-347,SBA_PPP_150K_PLUS,6592097304,SBA PPP FOIA - loans $150K and above,https://data.sba.gov/sites/default/files/distribution/SBA-OCA-2022-07-001/public_150k_plus_240930.csv,2026-10-07,3760a581dc3fd7ca12d09996aa360d749e075bcac517e5a6f7e92ae447a1cb8c,loan approved 04/30/2020; SBA data as of 2024-09-30,"filter BorrowerState=MA, NAICSCode=238220, CurrentApprovalAmount>=150000","HARDING & SMITH, LLC, 200 MAIN ST, WALPOLE 02081-1426; group: single loan",source record,20261007T202810Z,20261007T202838Z,yes
biz-348,SBA_PPP_150K_PLUS,6657197301,SBA PPP FOIA - loans $150K and above,https://data.sba.gov/sites/default/files/distribution/SBA-OCA-2022-07-001/public_150k_plus_240930.csv,2026-10-07,3760a581dc3fd7ca12d09996aa360d749e075bcac517e5a6f7e92ae447a1cb8c,loan approved 04/30/2020; SBA data as of 2024-09-30,"filter BorrowerState=MA, NAICSCode=238220, CurrentApprovalAmount>=150000","T. DUPRE COMPANY, LLP, 1565 MAIN ST Unit 200, TEWKSBURY 01876-4735; group: single loan",source record,20261007T202810Z,20261007T202838Z,yes
biz-349,SBA_PPP_150K_PLUS,6711507300,SBA PPP FOIA - loans $150K and above,https://data.sba.gov/sites/default/files/distribution/SBA-OCA-2022-07-001/public_150k_plus_240930.csv,2026-10-07,3760a581dc3fd7ca12d09996aa360d749e075bcac517e5a6f7e92ae447a1cb8c,loan approved 04/30/2020; SBA data as of 2024-09-30,"filter BorrowerState=MA, NAICSCode=238220, CurrentApprovalAmount>=150000","MAJESTIC MECHANICAL CONTRACTORS INC, 1921R Main Street, Tewksbury 01876; group: single loan",source record,20261007T202810Z,20261007T202838Z,yes
biz-350,SBA_PPP_150K_PLUS,6850727307,SBA PPP FOIA - loans $150K and above,https://data.sba.gov/sites/default/files/distribution/SBA-OCA-2022-07-001/public_150k_plus_240930.csv,2026-10-07,3760a581dc3fd7ca12d09996aa360d749e075bcac517e5a6f7e92ae447a1cb8c,loan approved 04/30/2020; SBA data as of 2024-09-30,"filter BorrowerState=MA, NAICSCode=238220, CurrentApprovalAmount>=150000","PITTSFIELD PIPERS, INC, 73 Fourth Street, Pittsfield 01201; group: single loan",source record,20261007T202810Z,20261007T202838Z,yes
biz-351,SBA_PPP_150K_PLUS,7827287302,SBA PPP FOIA - loans $150K and above,https://data.sba.gov/sites/default/files/distribution/SBA-OCA-2022-07-001/public_150k_plus_240930.csv,2026-10-07,3760a581dc3fd7ca12d09996aa360d749e075bcac517e5a6f7e92ae447a1cb8c,loan approved 04/30/2020; SBA data as of 2024-09-30,"filter BorrowerState=MA, NAICSCode=238220, CurrentApprovalAmount>=150000","Y.G. SERVICES INC, 21 CENTRAL TER, AUBURNDALE 02466-2304; group: single loan",source record,20261007T202810Z,20261007T202838Z,yes
biz-352,SBA_PPP_150K_PLUS,6343728309,SBA PPP FOIA - loans $150K and above,https://data.sba.gov/sites/default/files/distribution/SBA-OCA-2022-07-001/public_150k_plus_240930.csv,2026-10-07,3760a581dc3fd7ca12d09996aa360d749e075bcac517e5a6f7e92ae447a1cb8c,loan approved 01/26/2021; SBA data as of 2024-09-30,"filter BorrowerState=MA, NAICSCode=238220, CurrentApprovalAmount>=150000","BACK BAY MECHANICAL CORPORATION, 260 Tosca Dr, Stoughton 02072-1506; group: same legal name + same ZIP (street spelling differs)",source record,20261007T202810Z,20261007T202838Z,yes
biz-352,SBA_PPP_150K_PLUS,7906437308,SBA PPP FOIA - loans $150K and above,https://data.sba.gov/sites/default/files/distribution/SBA-OCA-2022-07-001/public_150k_plus_240930.csv,2026-10-07,3760a581dc3fd7ca12d09996aa360d749e075bcac517e5a6f7e92ae447a1cb8c,loan approved 04/30/2020; SBA data as of 2024-09-30,"filter BorrowerState=MA, NAICSCode=238220, CurrentApprovalAmount>=150000","BACK BAY MECHANICAL CORP., 260 Toasca Drive, Stoughton 02072; group: same legal name + same ZIP (street spelling differs)",source record,20261007T202810Z,20261007T202838Z,yes
biz-353,SBA_PPP_150K_PLUS,5001977705,SBA PPP FOIA - loans $150K and above,https://data.sba.gov/sites/default/files/distribution/SBA-OCA-2022-07-001/public_150k_plus_240930.csv,2026-10-07,3760a581dc3fd7ca12d09996aa360d749e075bcac517e5a6f7e92ae447a1cb8c,loan approved 05/01/2020; SBA data as of 2024-09-30,"filter BorrowerState=MA, NAICSCode=238220, CurrentApprovalAmount>=150000","GREEN EARTH ENERGY PHOTOVOLTAIC CORPORATION, 208 SHAKER RD, LONGMEADOW 01106-2411; group: single loan",source record,20261007T202810Z,20261007T202838Z,yes
biz-354,SBA_PPP_150K_PLUS,5142197700,SBA PPP FOIA - loans $150K and above,https://data.sba.gov/sites/default/files/distribution/SBA-OCA-2022-07-001/public_150k_plus_240930.csv,2026-10-07,3760a581dc3fd7ca12d09996aa360d749e075bcac517e5a6f7e92ae447a1cb8c,loan approved 05/01/2020; SBA data as of 2024-09-30,"filter BorrowerState=MA, NAICSCode=238220, CurrentApprovalAmount>=150000","NICHOLSON PLUMBING, HEATING &AMP; AIR CONDIT, 71 WHITNEY ST, HOLLISTON 01746-2010; group: single loan",source record,20261007T202810Z,20261007T202838Z,yes
biz-355,DOL_FORM_5500_SF_2025,042703916-001 ACK 20260924165413NAL0013827824001,DOL Form 5500-SF dataset 2025 (Latest),https://askebsa.dol.gov/FOIA%20Files/2025/Latest/F_5500_SF_2025_Latest.zip,2026-10-07,2db4677bd93455ccc082d378fdd56594ac90ca0fc6f2da1639a15aea8ed3e94d,plan year 2025-07-01..2026-06-30; received 2026-09-24,EIN and/or sponsor name + address,"sponsor name 'WAREHOUSE MECHANICAL CONTRACTORS, INC.' matches; sponsor address corroborates (342 BRITTON STREET, CHICOPEE MA 01020)",medium,20261007T202810Z,20261007T202838Z,yes
biz-355,SBA_PPP_150K_PLUS,5396787700,SBA PPP FOIA - loans $150K and above,https://data.sba.gov/sites/default/files/distribution/SBA-OCA-2022-07-001/public_150k_plus_240930.csv,2026-10-07,3760a581dc3fd7ca12d09996aa360d749e075bcac517e5a6f7e92ae447a1cb8c,loan approved 05/01/2020; SBA data as of 2024-09-30,"filter BorrowerState=MA, NAICSCode=238220, CurrentApprovalAmount>=150000","WAREHOUSE MECHANICAL CONTRACTORS INC, 342 BRITTON ST, CHICOPEE 01020-4312; group: single loan",source record,20261007T202810Z,20261007T202838Z,yes
biz-356,DOL_FORM_5500_SF_2025,042063690-001 ACK 20260629113422NAL0010440627001,DOL Form 5500-SF dataset 2025 (Latest),https://askebsa.dol.gov/FOIA%20Files/2025/Latest/F_5500_SF_2025_Latest.zip,2026-10-07,2db4677bd93455ccc082d378fdd56594ac90ca0fc6f2da1639a15aea8ed3e94d,plan year 2025-01-01..2025-12-31; received 2026-06-29,EIN and/or sponsor name + address,"sponsor name 'CARLYSLE ENGINEERING, INC.' matches; sponsor address corroborates (132 BROOKSIDE AVENUE, BOSTON MA 02130)",medium,20261007T202810Z,20261007T202838Z,yes
biz-356,SBA_PPP_150K_PLUS,4954058407,SBA PPP FOIA - loans $150K and above,https://data.sba.gov/sites/default/files/distribution/SBA-OCA-2022-07-001/public_150k_plus_240930.csv,2026-10-07,3760a581dc3fd7ca12d09996aa360d749e075bcac517e5a6f7e92ae447a1cb8c,loan approved 02/07/2021; SBA data as of 2024-09-30,"filter BorrowerState=MA, NAICSCode=238220, CurrentApprovalAmount>=150000","CARLYSLE ENGINEERING INC, 132 Brookside Ave, Boston 02130-2649; group: same legal name + same street address + ZIP",source record,20261007T202810Z,20261007T202838Z,yes
biz-356,SBA_PPP_150K_PLUS,5405807707,SBA PPP FOIA - loans $150K and above,https://data.sba.gov/sites/default/files/distribution/SBA-OCA-2022-07-001/public_150k_plus_240930.csv,2026-10-07,3760a581dc3fd7ca12d09996aa360d749e075bcac517e5a6f7e92ae447a1cb8c,loan approved 05/01/2020; SBA data as of 2024-09-30,"filter BorrowerState=MA, NAICSCode=238220, CurrentApprovalAmount>=150000","CARLYSLE ENGINEERING INC, 132 BROOKSIDE AVE, JAMAICA PLAIN 02130-2649; group: same legal name + same street address + ZIP",source record,20261007T202810Z,20261007T202838Z,yes
biz-357,SBA_PPP_150K_PLUS,5412567705,SBA PPP FOIA - loans $150K and above,https://data.sba.gov/sites/default/files/distribution/SBA-OCA-2022-07-001/public_150k_plus_240930.csv,2026-10-07,3760a581dc3fd7ca12d09996aa360d749e075bcac517e5a6f7e92ae447a1cb8c,loan approved 05/01/2020; SBA data as of 2024-09-30,"filter BorrowerState=MA, NAICSCode=238220, CurrentApprovalAmount>=150000","AUTOMATIC TEMPERATURE CONTROL CORP, 86 FINNELL DR STE 1, WEYMOUTH 02188-1100; group: single loan",source record,20261007T202810Z,20261007T202838Z,yes
biz-358,SBA_PPP_150K_PLUS,5475927703,SBA PPP FOIA - loans $150K and above,https://data.sba.gov/sites/default/files/distribution/SBA-OCA-2022-07-001/public_150k_plus_240930.csv,2026-10-07,3760a581dc3fd7ca12d09996aa360d749e075bcac517e5a6f7e92ae447a1cb8c,loan approved 05/01/2020; SBA data as of 2024-09-30,"filter BorrowerState=MA, NAICSCode=238220, CurrentApprovalAmount>=150000","HARRY GRODSKY &AMP; CO INC, 33 Shaws Ln, Springfield 01104; group: single loan",source record,20261007T202810Z,20261007T202838Z,yes
biz-359,DOL_FORM_5500_SF_2025,042210217-001 ACK 20260610072924NAL0004928659001,DOL Form 5500-SF dataset 2025 (Latest),https://askebsa.dol.gov/FOIA%20Files/2025/Latest/F_5500_SF_2025_Latest.zip,2026-10-07,2db4677bd93455ccc082d378fdd56594ac90ca0fc6f2da1639a15aea8ed3e94d,plan year 2025-01-01..2025-12-31; received 2026-06-10,EIN and/or sponsor name + address,"sponsor name 'GLOVER SHEET METAL, INC.' matches; sponsor address corroborates (44 RIVERDALE AVENUE, NEWTON MA 02458)",medium,20261007T202810Z,20261007T202838Z,yes
biz-359,SBA_PPP_150K_PLUS,5864577709,SBA PPP FOIA - loans $150K and above,https://data.sba.gov/sites/default/files/distribution/SBA-OCA-2022-07-001/public_150k_plus_240930.csv,2026-10-07,3760a581dc3fd7ca12d09996aa360d749e075bcac517e5a6f7e92ae447a1cb8c,loan approved 05/01/2020; SBA data as of 2024-09-30,"filter BorrowerState=MA, NAICSCode=238220, CurrentApprovalAmount>=150000","GLOVER SHEET METAL INC, 44 RIVERDALE AVE, NEWTON 02458-1004; group: single loan",source record,20261007T202810Z,20261007T202838Z,yes
biz-360,DOL_FORM_5500_SF_2025,043155556-001 ACK 20260717121813NAL0004525235005,DOL Form 5500-SF dataset 2025 (Latest),https://askebsa.dol.gov/FOIA%20Files/2025/Latest/F_5500_SF_2025_Latest.zip,2026-10-07,2db4677bd93455ccc082d378fdd56594ac90ca0fc6f2da1639a15aea8ed3e94d,plan year 2025-01-01..2025-12-31; received 2026-07-17,EIN and/or sponsor name + address,"sponsor name 'E.W.S. PLUMBING & HEATING,INC.' matches; sponsor address corroborates (339 MAIN ST, MONSON MA 01057)",medium,20261007T202810Z,20261007T202838Z,yes
biz-360,SBA_PPP_150K_PLUS,5013288409,SBA PPP FOIA - loans $150K and above,https://data.sba.gov/sites/default/files/distribution/SBA-OCA-2022-07-001/public_150k_plus_240930.csv,2026-10-07,3760a581dc3fd7ca12d09996aa360d749e075bcac517e5a6f7e92ae447a1cb8c,loan approved 02/07/2021; SBA data as of 2024-09-30,"filter BorrowerState=MA, NAICSCode=238220, CurrentApprovalAmount>=150000","E W S PLUMBING & HEATING INC, 339 Main St, Monson 01057-1306; group: same legal name + same street address + ZIP",source record,20261007T202810Z,20261007T202838Z,yes
biz-360,SBA_PPP_150K_PLUS,5917547705,SBA PPP FOIA - loans $150K and above,https://data.sba.gov/sites/default/files/distribution/SBA-OCA-2022-07-001/public_150k_plus_240930.csv,2026-10-07,3760a581dc3fd7ca12d09996aa360d749e075bcac517e5a6f7e92ae447a1cb8c,loan approved 05/01/2020; SBA data as of 2024-09-30,"filter BorrowerState=MA, NAICSCode=238220, CurrentApprovalAmount>=150000","E W S PLUMBING & HEATING INC, 339 MAIN ST, MONSON 01057-1306; group: same legal name + same street address + ZIP",source record,20261007T202810Z,20261007T202838Z,yes
biz-361,DOL_FORM_5500_SF_2024,043127734-001 ACK 20251008131606NAL0009832512001,DOL Form 5500-SF dataset 2024 (Latest),https://askebsa.dol.gov/FOIA%20Files/2024/Latest/F_5500_SF_2024_Latest.zip,2026-10-07,11370908e2bbc78d1d418b2f2a2177875e0524c12b69a181432d6fd65a5966c3,plan year 2024-01-01..2024-12-31; received 2025-10-08,EIN and/or sponsor name + address,"sponsor name 'RMN MECHANICAL CO., INC' matches; sponsor address corroborates (73 MAIN ST. UNIT E, CARVER MA 02330)",medium,20261007T202810Z,20261007T202838Z,yes
biz-361,DOL_FORM_5500_SF_2024,043127734-002 ACK 20251009102103NAL0006817457001,DOL Form 5500-SF dataset 2024 (Latest),https://askebsa.dol.gov/FOIA%20Files/2024/Latest/F_5500_SF_2024_Latest.zip,2026-10-07,11370908e2bbc78d1d418b2f2a2177875e0524c12b69a181432d6fd65a5966c3,plan year 2024-01-01..2024-12-31; received 2025-10-09,EIN and/or sponsor name + address,"sponsor name 'RMN MECHANICAL CO., INC' matches; sponsor address corroborates (73 MAIN ST. UNIT E, CARVER MA 02330)",medium,20261007T202810Z,20261007T202838Z,yes
biz-361,SBA_PPP_150K_PLUS,5694338405,SBA PPP FOIA - loans $150K and above,https://data.sba.gov/sites/default/files/distribution/SBA-OCA-2022-07-001/public_150k_plus_240930.csv,2026-10-07,3760a581dc3fd7ca12d09996aa360d749e075bcac517e5a6f7e92ae447a1cb8c,loan approved 02/09/2021; SBA data as of 2024-09-30,"filter BorrowerState=MA, NAICSCode=238220, CurrentApprovalAmount>=150000","RMN MECHANICAL INC, 73 Main St Ste C, Carver 02330-1090; group: same legal name + same street address + ZIP",source record,20261007T202810Z,20261007T202838Z,yes
biz-361,SBA_PPP_150K_PLUS,5981457707,SBA PPP FOIA - loans $150K and above,https://data.sba.gov/sites/default/files/distribution/SBA-OCA-2022-07-001/public_150k_plus_240930.csv,2026-10-07,3760a581dc3fd7ca12d09996aa360d749e075bcac517e5a6f7e92ae447a1cb8c,loan approved 05/01/2020; SBA data as of 2024-09-30,"filter BorrowerState=MA, NAICSCode=238220, CurrentApprovalAmount>=150000","RMN MECHANICAL INC, 73 MAIN ST STE C, CARVER 02330-1090; group: same legal name + same street address + ZIP",source record,20261007T202810Z,20261007T202838Z,yes
biz-362,DOL_FORM_5500_SF_2025,043368708-001 ACK 20260611091332NAL0005133777001,DOL Form 5500-SF dataset 2025 (Latest),https://askebsa.dol.gov/FOIA%20Files/2025/Latest/F_5500_SF_2025_Latest.zip,2026-10-07,2db4677bd93455ccc082d378fdd56594ac90ca0fc6f2da1639a15aea8ed3e94d,plan year 2025-01-01..2025-12-31; received 2026-06-11,EIN and/or sponsor name + address,"sponsor name 'SWEENEY ROGERS GERAGHTY, INC.' matches; sponsor address corroborates (250 RICHMOND STREET, RAYNHAM MA 02767)",medium,20261007T202810Z,20261007T202838Z,yes
biz-362,SBA_PPP_150K_PLUS,6344707701,SBA PPP FOIA - loans $150K and above,https://data.sba.gov/sites/default/files/distribution/SBA-OCA-2022-07-001/public_150k_plus_240930.csv,2026-10-07,3760a581dc3fd7ca12d09996aa360d749e075bcac517e5a6f7e92ae447a1cb8c,loan approved 05/01/2020; SBA data as of 2024-09-30,"filter BorrowerState=MA, NAICSCode=238220, CurrentApprovalAmount>=150000","SWEENEY ROGERS GERAGHTY INC, 250 Richmond St, Raynham 02767; group: single loan",source record,20261007T202810Z,20261007T202838Z,yes
biz-363,SBA_PPP_150K_PLUS,6424587702,SBA PPP FOIA - loans $150K and above,https://data.sba.gov/sites/default/files/distribution/SBA-OCA-2022-07-001/public_150k_plus_240930.csv,2026-10-07,3760a581dc3fd7ca12d09996aa360d749e075bcac517e5a6f7e92ae447a1cb8c,loan approved 05/01/2020; SBA data as of 2024-09-30,"filter BorrowerState=MA, NAICSCode=238220, CurrentApprovalAmount>=150000","UNIVERSAL AUTOMATION &AMP; MECHANICAL SERVICES INC, 24 Walpole Park South Suite 8, Walpole 02081; group: single loan",source record,20261007T202810Z,20261007T202838Z,yes
biz-364,SBA_PPP_150K_PLUS,6516617706,SBA PPP FOIA - loans $150K and above,https://data.sba.gov/sites/default/files/distribution/SBA-OCA-2022-07-001/public_150k_plus_240930.csv,2026-10-07,3760a581dc3fd7ca12d09996aa360d749e075bcac517e5a6f7e92ae447a1cb8c,loan approved 05/01/2020; SBA data as of 2024-09-30,"filter BorrowerState=MA, NAICSCode=238220, CurrentApprovalAmount>=150000","BOSTON COOLING &AMP; HEATING CO INC, 588 PLEASANT ST STE 1, NORWOOD 02062-4553; group: single loan",source record,20261007T202810Z,20261007T202838Z,yes
biz-365,SBA_PPP_150K_PLUS,6534547702,SBA PPP FOIA - loans $150K and above,https://data.sba.gov/sites/default/files/distribution/SBA-OCA-2022-07-001/public_150k_plus_240930.csv,2026-10-07,3760a581dc3fd7ca12d09996aa360d749e075bcac517e5a6f7e92ae447a1cb8c,loan approved 05/01/2020; SBA data as of 2024-09-30,"filter BorrowerState=MA, NAICSCode=238220, CurrentApprovalAmount>=150000","G &AMP; G MECHANICAL INC, 1 E MELVIN ST, WAKEFIELD 01880; group: single loan",source record,20261007T202810Z,20261007T202838Z,yes
biz-366,SBA_PPP_150K_PLUS,7057737701,SBA PPP FOIA - loans $150K and above,https://data.sba.gov/sites/default/files/distribution/SBA-OCA-2022-07-001/public_150k_plus_240930.csv,2026-10-07,3760a581dc3fd7ca12d09996aa360d749e075bcac517e5a6f7e92ae447a1cb8c,loan approved 05/01/2020; SBA data as of 2024-09-30,"filter BorrowerState=MA, NAICSCode=238220, CurrentApprovalAmount>=150000","CARLSON HVAC INC, 251 OLD CONCORD RD, BILLERICA 01821-3496; group: single loan",source record,20261007T202810Z,20261007T202838Z,yes
biz-367,SBA_PPP_150K_PLUS,3120418603,SBA PPP FOIA - loans $150K and above,https://data.sba.gov/sites/default/files/distribution/SBA-OCA-2022-07-001/public_150k_plus_240930.csv,2026-10-07,3760a581dc3fd7ca12d09996aa360d749e075bcac517e5a6f7e92ae447a1cb8c,loan approved 03/16/2021; SBA data as of 2024-09-30,"filter BorrowerState=MA, NAICSCode=238220, CurrentApprovalAmount>=150000","PERFORMANCE AIR CONDITIONING INC, 52 Brook Rd, Needham 02494-2929; group: same legal name + same street address + ZIP",source record,20261007T202810Z,20261007T202838Z,yes
biz-367,SBA_PPP_150K_PLUS,8092237301,SBA PPP FOIA - loans $150K and above,https://data.sba.gov/sites/default/files/distribution/SBA-OCA-2022-07-001/public_150k_plus_240930.csv,2026-10-07,3760a581dc3fd7ca12d09996aa360d749e075bcac517e5a6f7e92ae447a1cb8c,loan approved 05/01/2020; SBA data as of 2024-09-30,"filter BorrowerState=MA, NAICSCode=238220, CurrentApprovalAmount>=150000","PERFORMANCE AIR CONDITIONING INC, 52 Brook Rd, NEEDHAM HEIGHTS 02494-2929; group: same legal name + same street address + ZIP",source record,20261007T202810Z,20261007T202838Z,yes
biz-368,SBA_PPP_150K_PLUS,8215427300,SBA PPP FOIA - loans $150K and above,https://data.sba.gov/sites/default/files/distribution/SBA-OCA-2022-07-001/public_150k_plus_240930.csv,2026-10-07,3760a581dc3fd7ca12d09996aa360d749e075bcac517e5a6f7e92ae447a1cb8c,loan approved 05/01/2020; SBA data as of 2024-09-30,"filter BorrowerState=MA, NAICSCode=238220, CurrentApprovalAmount>=150000","BRADY COMPANIES, INC., 225  STEDMAN ST Unit 9/10, LOWELL 01851-2700; group: single loan",source record,20261007T202810Z,20261007T202838Z,yes
biz-369,SBA_PPP_150K_PLUS,8971727705,SBA PPP FOIA - loans $150K and above,https://data.sba.gov/sites/default/files/distribution/SBA-OCA-2022-07-001/public_150k_plus_240930.csv,2026-10-07,3760a581dc3fd7ca12d09996aa360d749e075bcac517e5a6f7e92ae447a1cb8c,loan approved 05/01/2020; SBA data as of 2024-09-30,"filter BorrowerState=MA, NAICSCode=238220, CurrentApprovalAmount>=150000","CLIMATE TECHNOLOGIES INC (UNIQUE INDOOR COMFORT), 77 Alexander Rd  9, Billerica 01821; group: single loan",source record,20261007T202810Z,20261007T202838Z,yes
biz-370,DOL_FORM_5500_SF_2025,043515610-001 ACK 20260617130516NAL0001213267001,DOL Form 5500-SF dataset 2025 (Latest),https://askebsa.dol.gov/FOIA%20Files/2025/Latest/F_5500_SF_2025_Latest.zip,2026-10-07,2db4677bd93455ccc082d378fdd56594ac90ca0fc6f2da1639a15aea8ed3e94d,plan year 2025-01-01..2025-12-31; received 2026-06-17,EIN and/or sponsor name + address,sponsor name 'BURNS MECHANICAL CORP' matches; sponsor ZIP corroborates (WALTHAM MA 024513617),medium,20261007T202810Z,20261007T202838Z,yes
biz-370,SBA_PPP_150K_PLUS,9182487707,SBA PPP FOIA - loans $150K and above,https://data.sba.gov/sites/default/files/distribution/SBA-OCA-2022-07-001/public_150k_plus_240930.csv,2026-10-07,3760a581dc3fd7ca12d09996aa360d749e075bcac517e5a6f7e92ae447a1cb8c,loan approved 05/01/2020; SBA data as of 2024-09-30,"filter BorrowerState=MA, NAICSCode=238220, CurrentApprovalAmount>=150000","BURNS MECHANICAL CORP, 110 Rear Columbus Ave, Waltham 02451; group: single loan",source record,20261007T202810Z,20261007T202838Z,yes
biz-371,DOL_FORM_5500_SF_2025,201530660-001 ACK 20260602114917NAL0000818019001,DOL Form 5500-SF dataset 2025 (Latest),https://askebsa.dol.gov/FOIA%20Files/2025/Latest/F_5500_SF_2025_Latest.zip,2026-10-07,2db4677bd93455ccc082d378fdd56594ac90ca0fc6f2da1639a15aea8ed3e94d,plan year 2025-01-01..2025-12-31; received 2026-06-02,EIN and/or sponsor name + address,"sponsor name 'CENTRAL SYSTEMS CO INC' matches; sponsor address corroborates (865 BEDFORD ST, BRIDGEWATER MA 023243051)",medium,20261007T202810Z,20261007T202838Z,yes
biz-371,SBA_PPP_150K_PLUS,9492647310,SBA PPP FOIA - loans $150K and above,https://data.sba.gov/sites/default/files/distribution/SBA-OCA-2022-07-001/public_150k_plus_240930.csv,2026-10-07,3760a581dc3fd7ca12d09996aa360d749e075bcac517e5a6f7e92ae447a1cb8c,loan approved 05/02/2020; SBA data as of 2024-09-30,"filter BorrowerState=MA, NAICSCode=238220, CurrentApprovalAmount>=150000","CENTRAL SYSTEMS COMPANY, INC., 865 BEDFORD ST, BRIDGEWATER 02324; group: single loan",source record,20261007T202810Z,20261007T202838Z,yes
biz-372,SBA_PPP_150K_PLUS,5840867708,SBA PPP FOIA - loans $150K and above,https://data.sba.gov/sites/default/files/distribution/SBA-OCA-2022-07-001/public_150k_plus_240930.csv,2026-10-07,3760a581dc3fd7ca12d09996aa360d749e075bcac517e5a6f7e92ae447a1cb8c,loan approved 05/03/2020; SBA data as of 2024-09-30,"filter BorrowerState=MA, NAICSCode=238220, CurrentApprovalAmount>=150000","PERFORMANCE PIPING INC, 52 BROOK RD, NEEDHAM 02494-2929; group: same legal name + same street address + ZIP",source record,20261007T202810Z,20261007T202838Z,yes
biz-372,SBA_PPP_150K_PLUS,8894328400,SBA PPP FOIA - loans $150K and above,https://data.sba.gov/sites/default/files/distribution/SBA-OCA-2022-07-001/public_150k_plus_240930.csv,2026-10-07,3760a581dc3fd7ca12d09996aa360d749e075bcac517e5a6f7e92ae447a1cb8c,loan approved 02/14/2021; SBA data as of 2024-09-30,"filter BorrowerState=MA, NAICSCode=238220, CurrentApprovalAmount>=150000","PERFORMANCE PIPING INC, 52 Brook Rd, Needham 02494-2929; group: same legal name + same street address + ZIP",source record,20261007T202810Z,20261007T202838Z,yes
biz-373,SBA_PPP_150K_PLUS,2731828809,SBA PPP FOIA - loans $150K and above,https://data.sba.gov/sites/default/files/distribution/SBA-OCA-2022-07-001/public_150k_plus_240930.csv,2026-10-07,3760a581dc3fd7ca12d09996aa360d749e075bcac517e5a6f7e92ae447a1cb8c,loan approved 04/13/2021; SBA data as of 2024-09-30,"filter BorrowerState=MA, NAICSCode=238220, CurrentApprovalAmount>=150000","A I M PLUMBING & HEATING, 104 Copicut Rd, Assonet 02702-1733; group: same legal name + same ZIP (street spelling differs)",source record,20261007T202810Z,20261007T202838Z,yes
biz-373,SBA_PPP_150K_PLUS,2891407401,SBA PPP FOIA - loans $150K and above,https://data.sba.gov/sites/default/files/distribution/SBA-OCA-2022-07-001/public_150k_plus_240930.csv,2026-10-07,3760a581dc3fd7ca12d09996aa360d749e075bcac517e5a6f7e92ae447a1cb8c,loan approved 05/06/2020; SBA data as of 2024-09-30,"filter BorrowerState=MA, NAICSCode=238220, CurrentApprovalAmount>=150000","A.I.M. PLUMBING & HEATING, INC., 6 COPICUT RD, ASSONET 02702; group: same legal name + same ZIP (street spelling differs)",source record,20261007T202810Z,20261007T202838Z,yes
biz-374,SBA_PPP_150K_PLUS,2814278402,SBA PPP FOIA - loans $150K and above,https://data.sba.gov/sites/default/files/distribution/SBA-OCA-2022-07-001/public_150k_plus_240930.csv,2026-10-07,3760a581dc3fd7ca12d09996aa360d749e075bcac517e5a6f7e92ae447a1cb8c,loan approved 02/04/2021; SBA data as of 2024-09-30,"filter BorrowerState=MA, NAICSCode=238220, CurrentApprovalAmount>=150000","COMMONWEALTH VENTILATION SYSTEMS INC, 72 Sharp St Ste C1, Hingham 02043-4364; group: same legal name + same street address + ZIP",source record,20261007T202810Z,20261007T202838Z,yes
biz-374,SBA_PPP_150K_PLUS,5047467406,SBA PPP FOIA - loans $150K and above,https://data.sba.gov/sites/default/files/distribution/SBA-OCA-2022-07-001/public_150k_plus_240930.csv,2026-10-07,3760a581dc3fd7ca12d09996aa360d749e075bcac517e5a6f7e92ae447a1cb8c,loan approved 05/11/2020; SBA data as of 2024-09-30,"filter BorrowerState=MA, NAICSCode=238220, CurrentApprovalAmount>=150000","COMMONWEALTH VENTILATION SYSTEMS INC, 72 SHARP ST UNIT C-1, HINGHAM 02043; group: same legal name + same street address + ZIP",source record,20261007T202810Z,20261007T202838Z,yes
biz-375,SBA_PPP_150K_PLUS,6012937410,SBA PPP FOIA - loans $150K and above,https://data.sba.gov/sites/default/files/distribution/SBA-OCA-2022-07-001/public_150k_plus_240930.csv,2026-10-07,3760a581dc3fd7ca12d09996aa360d749e075bcac517e5a6f7e92ae447a1cb8c,loan approved 05/13/2020; SBA data as of 2024-09-30,"filter BorrowerState=MA, NAICSCode=238220, CurrentApprovalAmount>=150000","AVILA PLUMBING AND HEATING INC, 112 Cross Street, lawrence 01841; group: single loan",source record,20261007T202810Z,20261007T202838Z,yes
biz-376,SBA_PPP_150K_PLUS,3755457808,SBA PPP FOIA - loans $150K and above,https://data.sba.gov/sites/default/files/distribution/SBA-OCA-2022-07-001/public_150k_plus_240930.csv,2026-10-07,3760a581dc3fd7ca12d09996aa360d749e075bcac517e5a6f7e92ae447a1cb8c,loan approved 05/27/2020; SBA data as of 2024-09-30,"filter BorrowerState=MA, NAICSCode=238220, CurrentApprovalAmount>=150000","OBIE MECHANICAL SERVICES INC, 82 HERBERT ST, FRAMINGHAM 01702; group: same legal name + same street address + ZIP",source record,20261007T202810Z,20261007T202838Z,yes
biz-376,SBA_PPP_150K_PLUS,4114188310,SBA PPP FOIA - loans $150K and above,https://data.sba.gov/sites/default/files/distribution/SBA-OCA-2022-07-001/public_150k_plus_240930.csv,2026-10-07,3760a581dc3fd7ca12d09996aa360d749e075bcac517e5a6f7e92ae447a1cb8c,loan approved 01/22/2021; SBA data as of 2024-09-30,"filter BorrowerState=MA, NAICSCode=238220, CurrentApprovalAmount>=150000","OBIE MECHANICAL SERVICES INC, 82 Herbert St Unit 1E, Framingham 01702-8772; group: same legal name + same street address + ZIP",source record,20261007T202810Z,20261007T202838Z,yes
biz-377,SBA_PPP_150K_PLUS,1927518208,SBA PPP FOIA - loans $150K and above,https://data.sba.gov/sites/default/files/distribution/SBA-OCA-2022-07-001/public_150k_plus_240930.csv,2026-10-07,3760a581dc3fd7ca12d09996aa360d749e075bcac517e5a6f7e92ae447a1cb8c,loan approved 07/31/2020; SBA data as of 2024-09-30,"filter BorrowerState=MA, NAICSCode=238220, CurrentApprovalAmount>=150000","HARWICH PORT HEATING & COOLING LLC, 461 Lower County Road, Harwich Port 02646; group: single loan",source record,20261007T202810Z,20261007T202838Z,yes
biz-378,SBA_PPP_150K_PLUS,1137878304,SBA PPP FOIA - loans $150K and above,https://data.sba.gov/sites/default/files/distribution/SBA-OCA-2022-07-001/public_150k_plus_240930.csv,2026-10-07,3760a581dc3fd7ca12d09996aa360d749e075bcac517e5a6f7e92ae447a1cb8c,loan approved 01/16/2021; SBA data as of 2024-09-30,"filter BorrowerState=MA, NAICSCode=238220, CurrentApprovalAmount>=150000","J D HALL CORPORATION, 11 River St Ste 1, Middleton 01949-2429; group: single loan",source record,20261007T202810Z,20261007T202838Z,yes
biz-379,DOL_FORM_5500_2025,274007186-001 ACK 20260921111310NAL0009097553001,DOL Form 5500 dataset 2025 (Latest),https://askebsa.dol.gov/FOIA%20Files/2025/Latest/F_5500_2025_Latest.zip,2026-10-07,9f6245cdcbb86ae167af4595bb3dba4fbf7845df98f4ccd6748aa98fa2a4e582,plan year 2025-01-01..2025-12-31; received 2026-09-21,EIN and/or sponsor name + address,"sponsor name 'PLATINUM FIRE PROTECTION & SERVICES, LLC' matches; sponsor ZIP corroborates (MARLBOROUGH MA 01752)",medium,20261007T202810Z,20261007T202838Z,yes
biz-379,SBA_PPP_150K_PLUS,2275418309,SBA PPP FOIA - loans $150K and above,https://data.sba.gov/sites/default/files/distribution/SBA-OCA-2022-07-001/public_150k_plus_240930.csv,2026-10-07,3760a581dc3fd7ca12d09996aa360d749e075bcac517e5a6f7e92ae447a1cb8c,loan approved 01/20/2021; SBA data as of 2024-09-30,"filter BorrowerState=MA, NAICSCode=238220, CurrentApprovalAmount>=150000","PLATINUM FIRE PROTECTION & SERVICES LLC, 237 Cedar Hill St, Marlborough 01752-4173; group: single loan",source record,20261007T202810Z,20261007T202838Z,yes
biz-380,DOL_FORM_5500_SF_2025,113828040-001 ACK 20260911120914NAL0007927938001,DOL Form 5500-SF dataset 2025 (Latest),https://askebsa.dol.gov/FOIA%20Files/2025/Latest/F_5500_SF_2025_Latest.zip,2026-10-07,2db4677bd93455ccc082d378fdd56594ac90ca0fc6f2da1639a15aea8ed3e94d,plan year 2025-01-01..2025-12-31; received 2026-09-11,EIN and/or sponsor name + address,"sponsor name 'COTTI-JOHNSON HVAC, INC.' matches; sponsor address corroborates (30 WAVERLY STREET, TAUNTON MA 02780)",medium,20261007T202810Z,20261007T202838Z,yes
biz-380,SBA_PPP_150K_PLUS,2587208304,SBA PPP FOIA - loans $150K and above,https://data.sba.gov/sites/default/files/distribution/SBA-OCA-2022-07-001/public_150k_plus_240930.csv,2026-10-07,3760a581dc3fd7ca12d09996aa360d749e075bcac517e5a6f7e92ae447a1cb8c,loan approved 01/21/2021; SBA data as of 2024-09-30,"filter BorrowerState=MA, NAICSCode=238220, CurrentApprovalAmount>=150000","COTTI-JOHNSON HVAC, INC., 30 Waverly St, Taunton 02780-1460; group: single loan",source record,20261007T202810Z,20261007T202838Z,yes
biz-381,DOL_FORM_5500_SF_2024,042512224-003 ACK 20260401074602NAL0001013601001,DOL Form 5500-SF dataset 2024 (Latest),https://askebsa.dol.gov/FOIA%20Files/2024/Latest/F_5500_SF_2024_Latest.zip,2026-10-07,11370908e2bbc78d1d418b2f2a2177875e0524c12b69a181432d6fd65a5966c3,plan year 2024-12-01..2025-11-30; received 2026-04-01,EIN and/or sponsor name + address,"sponsor name 'KARPOUZIS COMMERCIAL REFRIGERATION, INC.' matches; sponsor ZIP corroborates (FRAMINGHAM MA 01702)",medium,20261007T202810Z,20261007T202838Z,yes
biz-381,SBA_PPP_150K_PLUS,2754118310,SBA PPP FOIA - loans $150K and above,https://data.sba.gov/sites/default/files/distribution/SBA-OCA-2022-07-001/public_150k_plus_240930.csv,2026-10-07,3760a581dc3fd7ca12d09996aa360d749e075bcac517e5a6f7e92ae447a1cb8c,loan approved 01/21/2021; SBA data as of 2024-09-30,"filter BorrowerState=MA, NAICSCode=238220, CurrentApprovalAmount>=150000","KARPOUZIS COMMERCIAL REFRIGERATION INC., 875 Waverley St, Framingham 01702-6812; group: single loan",source record,20261007T202810Z,20261007T202838Z,yes
biz-382,DOL_FORM_5500_SF_2025,043103934-001 ACK 20260608103432NAL0010763682001,DOL Form 5500-SF dataset 2025 (Latest),https://askebsa.dol.gov/FOIA%20Files/2025/Latest/F_5500_SF_2025_Latest.zip,2026-10-07,2db4677bd93455ccc082d378fdd56594ac90ca0fc6f2da1639a15aea8ed3e94d,plan year 2025-01-01..2025-12-31; received 2026-06-08,EIN and/or sponsor name + address,"sponsor name 'HANLON SHEET METAL CONTRACTORS, INC' matches; sponsor address corroborates (28 NASHUA RD UNIT A, NORTH BILLERICA MA 01862)",medium,20261007T202810Z,20261007T202838Z,yes
biz-382,DOL_FORM_5500_SF_2025,043103934-002 ACK 20260608103319NAL0003153635001,DOL Form 5500-SF dataset 2025 (Latest),https://askebsa.dol.gov/FOIA%20Files/2025/Latest/F_5500_SF_2025_Latest.zip,2026-10-07,2db4677bd93455ccc082d378fdd56594ac90ca0fc6f2da1639a15aea8ed3e94d,plan year 2025-01-01..2025-12-31; received 2026-06-08,EIN and/or sponsor name + address,"sponsor name 'HANLON SHEET METAL CONTRACTORS, INC' matches; sponsor address corroborates (28 NASHUA RD UNIT A, NORTH BILLERICA MA 01862)",medium,20261007T202810Z,20261007T202838Z,yes
biz-382,SBA_PPP_150K_PLUS,3683718309,SBA PPP FOIA - loans $150K and above,https://data.sba.gov/sites/default/files/distribution/SBA-OCA-2022-07-001/public_150k_plus_240930.csv,2026-10-07,3760a581dc3fd7ca12d09996aa360d749e075bcac517e5a6f7e92ae447a1cb8c,loan approved 01/22/2021; SBA data as of 2024-09-30,"filter BorrowerState=MA, NAICSCode=238220, CurrentApprovalAmount>=150000","HANLON SHEET METAL CONTRACTORS INC., 28 Nashua Rd Ste A, North Billerica 01862-2071; group: single loan",source record,20261007T202810Z,20261007T202838Z,yes
biz-383,DOL_FORM_5500_SF_2025,043271958-001 ACK 20260529133612NAL0009710227001,DOL Form 5500-SF dataset 2025 (Latest),https://askebsa.dol.gov/FOIA%20Files/2025/Latest/F_5500_SF_2025_Latest.zip,2026-10-07,2db4677bd93455ccc082d378fdd56594ac90ca0fc6f2da1639a15aea8ed3e94d,plan year 2025-01-01..2025-12-31; received 2026-05-29,EIN and/or sponsor name + address,"sponsor name 'WARREN ENTERPRISES INC' matches; sponsor address corroborates (271 MILTON ST, DEDHAM MA 020262917)",medium,20261007T202810Z,20261007T202838Z,yes
biz-383,SBA_PPP_150K_PLUS,3781818308,SBA PPP FOIA - loans $150K and above,https://data.sba.gov/sites/default/files/distribution/SBA-OCA-2022-07-001/public_150k_plus_240930.csv,2026-10-07,3760a581dc3fd7ca12d09996aa360d749e075bcac517e5a6f7e92ae447a1cb8c,loan approved 01/22/2021; SBA data as of 2024-09-30,"filter BorrowerState=MA, NAICSCode=238220, CurrentApprovalAmount>=150000","WARREN ENTERPRISES INC., 271 Milton St, Dedham 02026-2917; group: single loan",source record,20261007T202810Z,20261007T202838Z,yes
biz-384,DOL_FORM_5500_SF_2025,043182641-001 ACK 20260422133104NAL0001961107001,DOL Form 5500-SF dataset 2025 (Latest),https://askebsa.dol.gov/FOIA%20Files/2025/Latest/F_5500_SF_2025_Latest.zip,2026-10-07,2db4677bd93455ccc082d378fdd56594ac90ca0fc6f2da1639a15aea8ed3e94d,plan year 2025-01-01..2025-12-31; received 2026-04-22,EIN and/or sponsor name + address,"sponsor name 'MONAHAN TECHNOLOGIES INC' matches; sponsor address corroborates (525 WOBURN ST STE 2, TEWKSBURY MA 018763432)",medium,20261007T202810Z,20261007T202838Z,yes
biz-384,SBA_PPP_150K_PLUS,4022178310,SBA PPP FOIA - loans $150K and above,https://data.sba.gov/sites/default/files/distribution/SBA-OCA-2022-07-001/public_150k_plus_240930.csv,2026-10-07,3760a581dc3fd7ca12d09996aa360d749e075bcac517e5a6f7e92ae447a1cb8c,loan approved 01/22/2021; SBA data as of 2024-09-30,"filter BorrowerState=MA, NAICSCode=238220, CurrentApprovalAmount>=150000","MONAHAN TECHNOLOGIES INC., 525 Woburn St Ste 2, Tewksbury 01876-3432; group: single loan",source record,20261007T202810Z,20261007T202838Z,yes
biz-385,SBA_PPP_150K_PLUS,4686068304,SBA PPP FOIA - loans $150K and above,https://data.sba.gov/sites/default/files/distribution/SBA-OCA-2022-07-001/public_150k_plus_240930.csv,2026-10-07,3760a581dc3fd7ca12d09996aa360d749e075bcac517e5a6f7e92ae447a1cb8c,loan approved 01/23/2021; SBA data as of 2024-09-30,"filter BorrowerState=MA, NAICSCode=238220, CurrentApprovalAmount>=150000","TCA SOLUTIONS LLC, 39 State St, Newburyport 01950-6609; group: single loan",source record,20261007T202810Z,20261007T202838Z,yes
biz-386,SBA_PPP_150K_PLUS,5996538303,SBA PPP FOIA - loans $150K and above,https://data.sba.gov/sites/default/files/distribution/SBA-OCA-2022-07-001/public_150k_plus_240930.csv,2026-10-07,3760a581dc3fd7ca12d09996aa360d749e075bcac517e5a6f7e92ae447a1cb8c,loan approved 01/26/2021; SBA data as of 2024-09-30,"filter BorrowerState=MA, NAICSCode=238220, CurrentApprovalAmount>=150000","INTERSTATE MECHANICAL SERVUCES INC, 292 Page St, Stoughton 02072-1136; group: single loan",source record,20261007T202810Z,20261007T202838Z,yes
biz-387,DOL_FORM_5500_SF_2025,134298660-001 ACK 20260424232721NAL0003505571001,DOL Form 5500-SF dataset 2025 (Latest),https://askebsa.dol.gov/FOIA%20Files/2025/Latest/F_5500_SF_2025_Latest.zip,2026-10-07,2db4677bd93455ccc082d378fdd56594ac90ca0fc6f2da1639a15aea8ed3e94d,plan year 2025-01-01..2025-12-31; received 2026-04-25,EIN and/or sponsor name + address,"sponsor name 'NELSON MECHANICAL DESIGN INC' matches; sponsor address corroborates (455 STATE RD PMB 264, VINEYARD HAVEN MA 025685695)",medium,20261007T202810Z,20261007T202838Z,yes
biz-387,SBA_PPP_150K_PLUS,6307148304,SBA PPP FOIA - loans $150K and above,https://data.sba.gov/sites/default/files/distribution/SBA-OCA-2022-07-001/public_150k_plus_240930.csv,2026-10-07,3760a581dc3fd7ca12d09996aa360d749e075bcac517e5a6f7e92ae447a1cb8c,loan approved 01/26/2021; SBA data as of 2024-09-30,"filter BorrowerState=MA, NAICSCode=238220, CurrentApprovalAmount>=150000","NELSON MECHANICAL DESIGN INC., 455 State Rd, Vineyard Haven 02568-5695; group: single loan",source record,20261007T202810Z,20261007T202838Z,yes
biz-388,DOL_FORM_5500_SF_2024,810701808-001 ACK 20250708084330NAL0002534243001,DOL Form 5500-SF dataset 2024 (Latest),https://askebsa.dol.gov/FOIA%20Files/2024/Latest/F_5500_SF_2024_Latest.zip,2026-10-07,11370908e2bbc78d1d418b2f2a2177875e0524c12b69a181432d6fd65a5966c3,plan year 2024-01-01..2024-12-31; received 2025-07-08,EIN and/or sponsor name + address,"sponsor name 'MPK ENTERPRISES INC' matches; sponsor address corroborates (225 NEW BOSTON ST, WOBURN MA 018016214)",medium,20261007T202810Z,20261007T202838Z,yes
biz-388,SBA_PPP_150K_PLUS,7386378305,SBA PPP FOIA - loans $150K and above,https://data.sba.gov/sites/default/files/distribution/SBA-OCA-2022-07-001/public_150k_plus_240930.csv,2026-10-07,3760a581dc3fd7ca12d09996aa360d749e075bcac517e5a6f7e92ae447a1cb8c,loan approved 01/28/2021; SBA data as of 2024-09-30,"filter BorrowerState=MA, NAICSCode=238220, CurrentApprovalAmount>=150000","MPK ENTERPRISES INC., 225 New Boston St, Woburn 01801-6214; group: single loan",source record,20261007T202810Z,20261007T202838Z,yes
biz-389,SBA_PPP_150K_PLUS,7445548309,SBA PPP FOIA - loans $150K and above,https://data.sba.gov/sites/default/files/distribution/SBA-OCA-2022-07-001/public_150k_plus_240930.csv,2026-10-07,3760a581dc3fd7ca12d09996aa360d749e075bcac517e5a6f7e92ae447a1cb8c,loan approved 01/28/2021; SBA data as of 2024-09-30,"filter BorrowerState=MA, NAICSCode=238220, CurrentApprovalAmount>=150000","JSD MECHANICAL INC, 43 Sheridan St, Chicopee 01020-2723; group: single loan",source record,20261007T202810Z,20261007T202838Z,yes
biz-390,SBA_PPP_150K_PLUS,3190458403,SBA PPP FOIA - loans $150K and above,https://data.sba.gov/sites/default/files/distribution/SBA-OCA-2022-07-001/public_150k_plus_240930.csv,2026-10-07,3760a581dc3fd7ca12d09996aa360d749e075bcac517e5a6f7e92ae447a1cb8c,loan approved 02/04/2021; SBA data as of 2024-09-30,"filter BorrowerState=MA, NAICSCode=238220, CurrentApprovalAmount>=150000","GUSTAVO PRESTON COMPANY INC., 23 Industrial Ave, Chelmsford 01824-3611; group: single loan",source record,20261007T202810Z,20261007T202838Z,yes
biz-391,SBA_PPP_150K_PLUS,3391478405,SBA PPP FOIA - loans $150K and above,https://data.sba.gov/sites/default/files/distribution/SBA-OCA-2022-07-001/public_150k_plus_240930.csv,2026-10-07,3760a581dc3fd7ca12d09996aa360d749e075bcac517e5a6f7e92ae447a1cb8c,loan approved 02/04/2021; SBA data as of 2024-09-30,"filter BorrowerState=MA, NAICSCode=238220, CurrentApprovalAmount>=150000","THE TOWNSEND GROUP INC., 815 Woburn St, Wilmington 01887-3414; group: single loan",source record,20261007T202810Z,20261007T202838Z,yes
biz-392,SBA_PPP_150K_PLUS,4238848407,SBA PPP FOIA - loans $150K and above,https://data.sba.gov/sites/default/files/distribution/SBA-OCA-2022-07-001/public_150k_plus_240930.csv,2026-10-07,3760a581dc3fd7ca12d09996aa360d749e075bcac517e5a6f7e92ae447a1cb8c,loan approved 02/06/2021; SBA data as of 2024-09-30,"filter BorrowerState=MA, NAICSCode=238220, CurrentApprovalAmount>=150000","DAVID FREDENBURGH, 9 Stadler St, Belchertown 01007-9448; group: single loan",source record,20261007T202810Z,20261007T202838Z,yes
biz-393,DOL_FORM_5500_SF_2025,800002569-001 ACK 20260715113632NAL0003978242001,DOL Form 5500-SF dataset 2025 (Latest),https://askebsa.dol.gov/FOIA%20Files/2025/Latest/F_5500_SF_2025_Latest.zip,2026-10-07,2db4677bd93455ccc082d378fdd56594ac90ca0fc6f2da1639a15aea8ed3e94d,plan year 2025-01-01..2025-12-31; received 2026-07-15,EIN and/or sponsor name + address,"sponsor name 'G&G MECHANICAL, INC.' matches; sponsor ZIP corroborates (WAKEFIELD MA 01880)",medium,20261007T202810Z,20261007T202838Z,yes
biz-393,SBA_PPP_150K_PLUS,6189388402,SBA PPP FOIA - loans $150K and above,https://data.sba.gov/sites/default/files/distribution/SBA-OCA-2022-07-001/public_150k_plus_240930.csv,2026-10-07,3760a581dc3fd7ca12d09996aa360d749e075bcac517e5a6f7e92ae447a1cb8c,loan approved 02/10/2021; SBA data as of 2024-09-30,"filter BorrowerState=MA, NAICSCode=238220, CurrentApprovalAmount>=150000","G & G MECHANICAL INC, 1 Melvin St, Wakefield 01880-2577; group: single loan",source record,20261007T202810Z,20261007T202838Z,yes
biz-394,DOL_FORM_5500_SF_2024,743096499-001 ACK 20251008114301NAL0009681840001,DOL Form 5500-SF dataset 2024 (Latest),https://askebsa.dol.gov/FOIA%20Files/2024/Latest/F_5500_SF_2024_Latest.zip,2026-10-07,11370908e2bbc78d1d418b2f2a2177875e0524c12b69a181432d6fd65a5966c3,plan year 2024-01-01..2024-12-31; received 2025-10-08,EIN and/or sponsor name + address,"sponsor name 'PINNACLE PIPING AND SERVICE CORP.' matches; sponsor address corroborates (950 DORCHESTER AVE, DORCHESTER MA 02125)",medium,20261007T202810Z,20261007T202838Z,yes
biz-394,SBA_PPP_150K_PLUS,8060998406,SBA PPP FOIA - loans $150K and above,https://data.sba.gov/sites/default/files/distribution/SBA-OCA-2022-07-001/public_150k_plus_240930.csv,2026-10-07,3760a581dc3fd7ca12d09996aa360d749e075bcac517e5a6f7e92ae447a1cb8c,loan approved 02/12/2021; SBA data as of 2024-09-30,"filter BorrowerState=MA, NAICSCode=238220, CurrentApprovalAmount>=150000","PINNACLE PIPING AND SERVICE CORPORATION, 950 Dorchester Ave Ste 103, Dorchester 02125-1272; group: single loan",source record,20261007T202810Z,20261007T202838Z,yes
biz-395,DOL_FORM_5500_2024,475255401-001 ACK 20251014085720NAL0005177922001,DOL Form 5500 dataset 2024 (Latest),https://askebsa.dol.gov/FOIA%20Files/2024/Latest/F_5500_2024_Latest.zip,2026-10-07,8884391d48a9e362fd7d2b91d6e37430bd2e54355c9dbc3479985c9d876872f8,plan year 2024-01-01..2024-12-31; received 2025-10-14,EIN and/or sponsor name + address,"sponsor name 'CAPAVI-USA, INC.' / DBA 'INDUSTRIAL PIPING & CERTIFIED WELDING CO., INC' matches; sponsor address corroborates (271 SALEM STREET, SUITE K, WOBURN MA 01801)",medium,20261007T202810Z,20261007T202838Z,yes
biz-395,SBA_PPP_150K_PLUS,8854578400,SBA PPP FOIA - loans $150K and above,https://data.sba.gov/sites/default/files/distribution/SBA-OCA-2022-07-001/public_150k_plus_240930.csv,2026-10-07,3760a581dc3fd7ca12d09996aa360d749e075bcac517e5a6f7e92ae447a1cb8c,loan approved 02/14/2021; SBA data as of 2024-09-30,"filter BorrowerState=MA, NAICSCode=238220, CurrentApprovalAmount>=150000","CAPAVI-USA INC, 271 Salem St Ste K, Woburn 01801-2004; group: single loan",source record,20261007T202810Z,20261007T202838Z,yes
biz-396,SBA_PPP_150K_PLUS,1538388507,SBA PPP FOIA - loans $150K and above,https://data.sba.gov/sites/default/files/distribution/SBA-OCA-2022-07-001/public_150k_plus_240930.csv,2026-10-07,3760a581dc3fd7ca12d09996aa360d749e075bcac517e5a6f7e92ae447a1cb8c,loan approved 02/19/2021; SBA data as of 2024-09-30,"filter BorrowerState=MA, NAICSCode=238220, CurrentApprovalAmount>=150000","UNIVERSAL AUTOMATION & MECHANICAL SERVICES INC., 24 Walpole Park S Ste 8, Walpole 02081-2541; group: single loan",source record,20261007T202810Z,20261007T202838Z,yes
biz-397,DOL_FORM_5500_SF_2024,711024420-002 ACK 20251006134350NAL0006530880001,DOL Form 5500-SF dataset 2024 (Latest),https://askebsa.dol.gov/FOIA%20Files/2024/Latest/F_5500_SF_2024_Latest.zip,2026-10-07,11370908e2bbc78d1d418b2f2a2177875e0524c12b69a181432d6fd65a5966c3,plan year 2024-01-01..2024-12-31; received 2025-10-06,EIN and/or sponsor name + address,"sponsor name 'BAYSTATE AIR, INC.' matches; sponsor address corroborates (20 TERRY AVENUE, BURLINGTON MA 01803)",medium,20261007T202810Z,20261007T202838Z,yes
biz-397,DOL_FORM_5500_SF_2025,711024420-001 ACK 20260423111422NAL0004620849001,DOL Form 5500-SF dataset 2025 (Latest),https://askebsa.dol.gov/FOIA%20Files/2025/Latest/F_5500_SF_2025_Latest.zip,2026-10-07,2db4677bd93455ccc082d378fdd56594ac90ca0fc6f2da1639a15aea8ed3e94d,plan year 2025-01-01..2025-12-31; received 2026-04-23,EIN and/or sponsor name + address,"sponsor name 'BAYSTATE AIR, INC.' matches; sponsor address corroborates (20 TERRY AVENUE, BURLINGTON MA 01803)",medium,20261007T202810Z,20261007T202838Z,yes
biz-397,SBA_PPP_150K_PLUS,1628068509,SBA PPP FOIA - loans $150K and above,https://data.sba.gov/sites/default/files/distribution/SBA-OCA-2022-07-001/public_150k_plus_240930.csv,2026-10-07,3760a581dc3fd7ca12d09996aa360d749e075bcac517e5a6f7e92ae447a1cb8c,loan approved 02/19/2021; SBA data as of 2024-09-30,"filter BorrowerState=MA, NAICSCode=238220, CurrentApprovalAmount>=150000","BAYSTATE AIR INC., 20 Terry Ave, Burlington 01803-2516; group: single loan",source record,20261007T202810Z,20261007T202838Z,yes
biz-398,SBA_PPP_150K_PLUS,2614118504,SBA PPP FOIA - loans $150K and above,https://data.sba.gov/sites/default/files/distribution/SBA-OCA-2022-07-001/public_150k_plus_240930.csv,2026-10-07,3760a581dc3fd7ca12d09996aa360d749e075bcac517e5a6f7e92ae447a1cb8c,loan approved 02/20/2021; SBA data as of 2024-09-30,"filter BorrowerState=MA, NAICSCode=238220, CurrentApprovalAmount>=150000","BOSTON STANDARD PLUMBING HEATING & COOLING, 41 Hollingsworth St, Mattapan 02126-2019; group: single loan",source record,20261007T202810Z,20261007T202838Z,yes
biz-399,DOL_FORM_5500_SF_2025,042255227-001 ACK 20260615175231NAL0000177619001,DOL Form 5500-SF dataset 2025 (Latest),https://askebsa.dol.gov/FOIA%20Files/2025/Latest/F_5500_SF_2025_Latest.zip,2026-10-07,2db4677bd93455ccc082d378fdd56594ac90ca0fc6f2da1639a15aea8ed3e94d,plan year 2025-01-01..2025-12-31; received 2026-06-15,EIN and/or sponsor name + address,"sponsor name 'J.J. SULLIVAN PLUMBING AND HEATING CO., INC.' matches; sponsor address corroborates (8 MICRO DRIVE, WOBURN MA 01801)",medium,20261007T202810Z,20261007T202838Z,yes
biz-399,SBA_PPP_150K_PLUS,3961078504,SBA PPP FOIA - loans $150K and above,https://data.sba.gov/sites/default/files/distribution/SBA-OCA-2022-07-001/public_150k_plus_240930.csv,2026-10-07,3760a581dc3fd7ca12d09996aa360d749e075bcac517e5a6f7e92ae447a1cb8c,loan approved 02/24/2021; SBA data as of 2024-09-30,"filter BorrowerState=MA, NAICSCode=238220, CurrentApprovalAmount>=150000","J.J. SULLIVAN PLUMBING & HEATING CO. INC., 8 Micro Dr, Woburn 01801-5702; group: single loan",source record,20261007T202810Z,20261007T202838Z,yes
biz-400,SBA_PPP_150K_PLUS,5404808505,SBA PPP FOIA - loans $150K and above,https://data.sba.gov/sites/default/files/distribution/SBA-OCA-2022-07-001/public_150k_plus_240930.csv,2026-10-07,3760a581dc3fd7ca12d09996aa360d749e075bcac517e5a6f7e92ae447a1cb8c,loan approved 02/27/2021; SBA data as of 2024-09-30,"filter BorrowerState=MA, NAICSCode=238220, CurrentApprovalAmount>=150000","WAMBOLT PLUMBING AND HEATING CORP, 11 Wadsworth Ave, Waltham 02453-5012; group: single loan",source record,20261007T202810Z,20261007T202838Z,yes
biz-401,SBA_PPP_150K_PLUS,5680118506,SBA PPP FOIA - loans $150K and above,https://data.sba.gov/sites/default/files/distribution/SBA-OCA-2022-07-001/public_150k_plus_240930.csv,2026-10-07,3760a581dc3fd7ca12d09996aa360d749e075bcac517e5a6f7e92ae447a1cb8c,loan approved 03/01/2021; SBA data as of 2024-09-30,"filter BorrowerState=MA, NAICSCode=238220, CurrentApprovalAmount>=150000","WEST MECHANICAL INC, 1000 Turnpike St, Canton 02021-2839; group: single loan",source record,20261007T202810Z,20261007T202838Z,yes
biz-402,SBA_PPP_150K_PLUS,7352658504,SBA PPP FOIA - loans $150K and above,https://data.sba.gov/sites/default/files/distribution/SBA-OCA-2022-07-001/public_150k_plus_240930.csv,2026-10-07,3760a581dc3fd7ca12d09996aa360d749e075bcac517e5a6f7e92ae447a1cb8c,loan approved 03/05/2021; SBA data as of 2024-09-30,"filter BorrowerState=MA, NAICSCode=238220, CurrentApprovalAmount>=150000","MAJESTIC MECHANICAL CONTRACTOR, 1921 Main St, Tewksbury 01876-2192; group: single loan",source record,20261007T202810Z,20261007T202838Z,yes
biz-403,DOL_FORM_5500_SF_2024,042868395-001 ACK 20250716082725NAL0006442306001,DOL Form 5500-SF dataset 2024 (Latest),https://askebsa.dol.gov/FOIA%20Files/2024/Latest/F_5500_SF_2024_Latest.zip,2026-10-07,11370908e2bbc78d1d418b2f2a2177875e0524c12b69a181432d6fd65a5966c3,plan year 2024-01-01..2024-12-31; received 2025-07-16,EIN and/or sponsor name + address,"sponsor name 'DRAIN DOCTOR INC' matches; sponsor address corroborates (612 BROADWAY, SOMERVILLE MA 021452562)",medium,20261007T202810Z,20261007T202838Z,yes
biz-403,SBA_PPP_150K_PLUS,8389238505,SBA PPP FOIA - loans $150K and above,https://data.sba.gov/sites/default/files/distribution/SBA-OCA-2022-07-001/public_150k_plus_240930.csv,2026-10-07,3760a581dc3fd7ca12d09996aa360d749e075bcac517e5a6f7e92ae447a1cb8c,loan approved 03/09/2021; SBA data as of 2024-09-30,"filter BorrowerState=MA, NAICSCode=238220, CurrentApprovalAmount>=150000","DRAIN DOCTOR INC., 612 Broadway, Somerville 02145-2562; group: single loan",source record,20261007T202810Z,20261007T202838Z,yes
biz-404,SBA_PPP_150K_PLUS,1098948602,SBA PPP FOIA - loans $150K and above,https://data.sba.gov/sites/default/files/distribution/SBA-OCA-2022-07-001/public_150k_plus_240930.csv,2026-10-07,3760a581dc3fd7ca12d09996aa360d749e075bcac517e5a6f7e92ae447a1cb8c,loan approved 03/12/2021; SBA data as of 2024-09-30,"filter BorrowerState=MA, NAICSCode=238220, CurrentApprovalAmount>=150000","MCDONALD HEATING AIR CONDITIONING AND PLUMBING INC., 200 Auburn St, Auburn 01501-1612; group: single loan",source record,20261007T202810Z,20261007T202838Z,yes
biz-405,DOL_FORM_5500_SF_2025,200350754-001 ACK 20260505164055NAL0000847491001,DOL Form 5500-SF dataset 2025 (Latest),https://askebsa.dol.gov/FOIA%20Files/2025/Latest/F_5500_SF_2025_Latest.zip,2026-10-07,2db4677bd93455ccc082d378fdd56594ac90ca0fc6f2da1639a15aea8ed3e94d,plan year 2025-01-01..2025-12-31; received 2026-05-05,EIN and/or sponsor name + address,"sponsor name 'MPC SERVICES, INC.' matches; sponsor address corroborates (14 DEBORAH DRIVE, SUTTON MA 01590)",medium,20261007T202810Z,20261007T202838Z,yes
biz-405,SBA_PPP_150K_PLUS,9775298504,SBA PPP FOIA - loans $150K and above,https://data.sba.gov/sites/default/files/distribution/SBA-OCA-2022-07-001/public_150k_plus_240930.csv,2026-10-07,3760a581dc3fd7ca12d09996aa360d749e075bcac517e5a6f7e92ae447a1cb8c,loan approved 03/12/2021; SBA data as of 2024-09-30,"filter BorrowerState=MA, NAICSCode=238220, CurrentApprovalAmount>=150000","MPC SERVICES INC., 14 Deborah Dr, Sutton 01590-2510; group: single loan",source record,20261007T202810Z,20261007T202838Z,yes
biz-406,SBA_PPP_150K_PLUS,2588778607,SBA PPP FOIA - loans $150K and above,https://data.sba.gov/sites/default/files/distribution/SBA-OCA-2022-07-001/public_150k_plus_240930.csv,2026-10-07,3760a581dc3fd7ca12d09996aa360d749e075bcac517e5a6f7e92ae447a1cb8c,loan approved 03/15/2021; SBA data as of 2024-09-30,"filter BorrowerState=MA, NAICSCode=238220, CurrentApprovalAmount>=150000","BEACON PIPING COMPANY, 45 Industrial Dr, Canton 02021-2801; group: single loan",source record,20261007T202810Z,20261007T202838Z,yes
biz-407,DOL_FORM_5500_SF_2025,043164872-001 ACK 20260805121013NAL0003005168001,DOL Form 5500-SF dataset 2025 (Latest),https://askebsa.dol.gov/FOIA%20Files/2025/Latest/F_5500_SF_2025_Latest.zip,2026-10-07,2db4677bd93455ccc082d378fdd56594ac90ca0fc6f2da1639a15aea8ed3e94d,plan year 2025-01-01..2025-12-31; received 2026-08-05,EIN and/or sponsor name + address,"sponsor name 'ULTRA SERVICES, INC.' matches; sponsor address corroborates (8 COOK ST, BILLERICA MA 01821)",medium,20261007T202810Z,20261007T202838Z,yes
biz-407,SBA_PPP_150K_PLUS,2904798605,SBA PPP FOIA - loans $150K and above,https://data.sba.gov/sites/default/files/distribution/SBA-OCA-2022-07-001/public_150k_plus_240930.csv,2026-10-07,3760a581dc3fd7ca12d09996aa360d749e075bcac517e5a6f7e92ae447a1cb8c,loan approved 03/16/2021; SBA data as of 2024-09-30,"filter BorrowerState=MA, NAICSCode=238220, CurrentApprovalAmount>=150000","ULTRA SERVICES INC., 8 Cook St, Billerica 01821-6064; group: single loan",source record,20261007T202810Z,20261007T202838Z,yes
biz-408,SBA_PPP_150K_PLUS,3302078609,SBA PPP FOIA - loans $150K and above,https://data.sba.gov/sites/default/files/distribution/SBA-OCA-2022-07-001/public_150k_plus_240930.csv,2026-10-07,3760a581dc3fd7ca12d09996aa360d749e075bcac517e5a6f7e92ae447a1cb8c,loan approved 03/16/2021; SBA data as of 2024-09-30,"filter BorrowerState=MA, NAICSCode=238220, CurrentApprovalAmount>=150000","THOMAS J KENNEDY PLUMBING HEATING & HV, 1635 Broadway Ste 2 Raynham Ma 02767-1940, Raynham 02767-1940; group: single loan",source record,20261007T202810Z,20261007T202838Z,yes
biz-409,DOL_FORM_5500_SF_2025,043039108-001 ACK 20260513144008NAL0007580161001,DOL Form 5500-SF dataset 2025 (Latest),https://askebsa.dol.gov/FOIA%20Files/2025/Latest/F_5500_SF_2025_Latest.zip,2026-10-07,2db4677bd93455ccc082d378fdd56594ac90ca0fc6f2da1639a15aea8ed3e94d,plan year 2025-01-01..2025-12-31; received 2026-05-13,EIN and/or sponsor name + address,"sponsor name 'REID MECHANICAL CORP/R.M.C' matches; sponsor address corroborates (27 CHARLES STREET, #3, NORTH ANDOVER MA 01845)",medium,20261007T202810Z,20261007T202838Z,yes
biz-409,SBA_PPP_150K_PLUS,4306018604,SBA PPP FOIA - loans $150K and above,https://data.sba.gov/sites/default/files/distribution/SBA-OCA-2022-07-001/public_150k_plus_240930.csv,2026-10-07,3760a581dc3fd7ca12d09996aa360d749e075bcac517e5a6f7e92ae447a1cb8c,loan approved 03/18/2021; SBA data as of 2024-09-30,"filter BorrowerState=MA, NAICSCode=238220, CurrentApprovalAmount>=150000","REID MECHANICAL CORP./RMC, 27 Charles St Ste 3, North Andover 01845-1664; group: single loan",source record,20261007T202810Z,20261007T202838Z,yes
biz-410,SBA_PPP_150K_PLUS,5780968609,SBA PPP FOIA - loans $150K and above,https://data.sba.gov/sites/default/files/distribution/SBA-OCA-2022-07-001/public_150k_plus_240930.csv,2026-10-07,3760a581dc3fd7ca12d09996aa360d749e075bcac517e5a6f7e92ae447a1cb8c,loan approved 03/20/2021; SBA data as of 2024-09-30,"filter BorrowerState=MA, NAICSCode=238220, CurrentApprovalAmount>=150000","MCCORMICK-ALLUM CO. INC., 165 Stafford St, Springfield 01104-3503; group: single loan",source record,20261007T202810Z,20261007T202838Z,yes
biz-411,SBA_PPP_150K_PLUS,2412828703,SBA PPP FOIA - loans $150K and above,https://data.sba.gov/sites/default/files/distribution/SBA-OCA-2022-07-001/public_150k_plus_240930.csv,2026-10-07,3760a581dc3fd7ca12d09996aa360d749e075bcac517e5a6f7e92ae447a1cb8c,loan approved 03/29/2021; SBA data as of 2024-09-30,"filter BorrowerState=MA, NAICSCode=238220, CurrentApprovalAmount>=150000","PINNACLE CONSTRUCTION SERVICES LLC, 950 Dorchester Ave Ste 103, Dorchester 02125-1272; group: single loan",source record,20261007T202810Z,20261007T202838Z,yes
biz-412,SBA_PPP_150K_PLUS,2946928703,SBA PPP FOIA - loans $150K and above,https://data.sba.gov/sites/default/files/distribution/SBA-OCA-2022-07-001/public_150k_plus_240930.csv,2026-10-07,3760a581dc3fd7ca12d09996aa360d749e075bcac517e5a6f7e92ae447a1cb8c,loan approved 03/30/2021; SBA data as of 2024-09-30,"filter BorrowerState=MA, NAICSCode=238220, CurrentApprovalAmount>=150000","EVOLVED MECHANICAL LLC, 650 Broadway, Malden 02148-2040; group: single loan",source record,20261007T202810Z,20261007T202838Z,yes
biz-413,DOL_FORM_5500_SF_2025,042576421-001 ACK 20260924084850NAL0024864610001,DOL Form 5500-SF dataset 2025 (Latest),https://askebsa.dol.gov/FOIA%20Files/2025/Latest/F_5500_SF_2025_Latest.zip,2026-10-07,2db4677bd93455ccc082d378fdd56594ac90ca0fc6f2da1639a15aea8ed3e94d,plan year 2025-01-01..2025-12-31; received 2026-09-24,EIN and/or sponsor name + address,"sponsor name 'MANCINI SHEET METAL, INC.' matches; sponsor address corroborates (9 INNIS DRIVE, BILLERICA MA 018210541)",medium,20261007T202810Z,20261007T202838Z,yes
biz-413,SBA_PPP_150K_PLUS,3873758703,SBA PPP FOIA - loans $150K and above,https://data.sba.gov/sites/default/files/distribution/SBA-OCA-2022-07-001/public_150k_plus_240930.csv,2026-10-07,3760a581dc3fd7ca12d09996aa360d749e075bcac517e5a6f7e92ae447a1cb8c,loan approved 03/31/2021; SBA data as of 2024-09-30,"filter BorrowerState=MA, NAICSCode=238220, CurrentApprovalAmount>=150000","MANCINI SHEET METAL INC, 9 Innis Dr, Billerica 01821-2604; group: single loan",source record,20261007T202810Z,20261007T202838Z,yes
biz-414,SBA_PPP_150K_PLUS,4254658801,SBA PPP FOIA - loans $150K and above,https://data.sba.gov/sites/default/files/distribution/SBA-OCA-2022-07-001/public_150k_plus_240930.csv,2026-10-07,3760a581dc3fd7ca12d09996aa360d749e075bcac517e5a6f7e92ae447a1cb8c,loan approved 04/16/2021; SBA data as of 2024-09-30,"filter BorrowerState=MA, NAICSCode=238220, CurrentApprovalAmount>=150000","RANCO ENTERPRISES INC, 100 Hicks Ave, Medford 02155-6319; group: single loan",source record,20261007T202810Z,20261007T202838Z,yes
biz-415,DOL_FORM_5500_SF_2025,043536379-001 ACK 20260417165041NAL0013280131001,DOL Form 5500-SF dataset 2025 (Latest),https://askebsa.dol.gov/FOIA%20Files/2025/Latest/F_5500_SF_2025_Latest.zip,2026-10-07,2db4677bd93455ccc082d378fdd56594ac90ca0fc6f2da1639a15aea8ed3e94d,plan year 2025-01-01..2025-12-31; received 2026-04-17,EIN and/or sponsor name + address,"sponsor name 'A & E FIRE PROTECTION, INC.' matches; sponsor address corroborates (25 NORTH STREET, CANTON MA 02021)",medium,20261007T202810Z,20261007T202838Z,yes
biz-415,SBA_PPP_150K_PLUS,9038518803,SBA PPP FOIA - loans $150K and above,https://data.sba.gov/sites/default/files/distribution/SBA-OCA-2022-07-001/public_150k_plus_240930.csv,2026-10-07,3760a581dc3fd7ca12d09996aa360d749e075bcac517e5a6f7e92ae447a1cb8c,loan approved 04/23/2021; SBA data as of 2024-09-30,"filter BorrowerState=MA, NAICSCode=238220, CurrentApprovalAmount>=150000","A&E FIRE PROTECTION INC., 25 North St, Canton 02021-3338; group: single loan",source record,20261007T202810Z,20261007T202838Z,yes
biz-416,SBA_PPP_150K_PLUS,8109508902,SBA PPP FOIA - loans $150K and above,https://data.sba.gov/sites/default/files/distribution/SBA-OCA-2022-07-001/public_150k_plus_240930.csv,2026-10-07,3760a581dc3fd7ca12d09996aa360d749e075bcac517e5a6f7e92ae447a1cb8c,loan approved 05/11/2021; SBA data as of 2024-09-30,"filter BorrowerState=MA, NAICSCode=238220, CurrentApprovalAmount>=150000","US AIR CONDITIONING HEAT, 1126 Main St, Weymouth 02190-1511; group: single loan",source record,20261007T202810Z,20261007T202838Z,yes
