LoanNumber,DateApproved,SBAOfficeCode,ProcessingMethod,BorrowerName,BorrowerAddress,BorrowerCity,BorrowerState,BorrowerZip,LoanStatusDate,LoanStatus,Term,SBAGuarantyPercentage,InitialApprovalAmount,CurrentApprovalAmount,UndisbursedAmount,FranchiseName,ServicingLenderLocationID,ServicingLenderName,ServicingLenderAddress,ServicingLenderCity,ServicingLenderState,ServicingLenderZip,RuralUrbanIndicator,HubzoneIndicator,LMIIndicator,BusinessAgeDescription,ProjectCity,ProjectCountyName,ProjectState,ProjectZip,CD,JobsReported,NAICSCode,Race,Ethnicity,UTILITIES_PROCEED,PAYROLL_PROCEED,MORTGAGE_INTEREST_PROCEED,RENT_PROCEED,REFINANCE_EIDL_PROCEED,HEALTH_CARE_PROCEED,DEBT_INTEREST_PROCEED,BusinessType,OriginatingLenderLocationID,OriginatingLender,OriginatingLenderCity,OriginatingLenderState,Gender,Veteran,NonProfit,ForgivenessAmount,ForgivenessDate
2631797406,05/06/2020,0671,PPP,"KILGORE INDUSTRIES, L.P.",10050 Houston Oak Dr,Houston,TX,77064-3520,04/08/2022,Paid in Full,24,100,9364700,9364700,0,,69819,Prosperity Bank,1301 N Mechanic,El Campo,TX,77437,U,N,Y,Existing or more than 2 years old,Houston,HARRIS,TX,77064-3520,TX-38,500,238220,Unanswered,Unknown/NotStated,,9364700,,,,,,Limited Liability Partnership,69819,Prosperity Bank,El Campo,TX,Unanswered,Unanswered,,9532751.47,02/28/2022
1231027100,04/10/2020,0671,PPP,LETSOS COMPANY,8435 Westglen Drive 0.0,Houston,TX,77063-6311,08/20/2021,Paid in Full,24,100,7271670,7271670,0,,48270,"JPMorgan Chase Bank, National Association",1111 Polaris Pkwy,COLUMBUS,OH,43240-2031,U,N,N,Existing or more than 2 years old,Houston,HARRIS,TX,77063-6311,TX-07,388,238220,Unanswered,Unknown/NotStated,1422833,5672363,0,31500,0,144974,0,Subchapter S Corporation,194093,"JPMorgan Chase Bank, National Association",CHICAGO,IL,Unanswered,Unanswered,,7365498.78,07/29/2021
1907987107,04/10/2020,0610,PPP,"ENTECH HOLDINGS, INC.",3404 GARDEN BROOK DR,DALLAS,TX,75234-2444,07/09/2021,Paid in Full,24,100,7177672,7177672,0,,69884,"Dallas Capital Bank, National Association","14185 Dallas Pkwy, Ste 200",DALLAS,TX,75254-1327,U,N,N,Existing or more than 2 years old,DALLAS,DALLAS,TX,75234-2444,TX-24,420,238220,Unanswered,Unknown/NotStated,,7177672,,,,,,Employee Stock Ownership Plan(ESOP),69884,"Dallas Capital Bank, National Association",DALLAS,TX,Unanswered,Unanswered,,7261444.28,06/15/2021
4086287104,04/12/2020,0610,PPP,"POLK MECHANICAL COMPANY, LLC",2425 Dillard Street,GRAND PRAIRIE,TX,75051-1004,07/17/2021,Paid in Full,24,100,5960200,5960200,0,,59358,"BOKF, National Association",One Williams Center,TULSA,OK,74172-0140,U,Y,Y,Existing or more than 2 years old,GRAND PRAIRIE,TARRANT,TX,75051-1004,TX-33,249,238220,Unanswered,Unknown/NotStated,,5960200,,,,,,Limited  Liability Company(LLC),59358,"BOKF, National Association",TULSA,OK,Unanswered,Unanswered,,6029735.67,06/11/2021
4652667106,04/13/2020,0678,PPP,"THE BOSWORTH COMPANY, LTD",2205 W Industrial Ave,Midland,TX,79701-7741,07/09/2021,Paid in Full,24,100,5900000,5900000,0,,71882,West Texas National Bank,"6 Desta Dr, Ste 2400",MIDLAND,TX,79705-5508,U,Y,Y,Existing or more than 2 years old,Midland,MIDLAND,TX,79701-7741,TX-11,380,238220,Unanswered,Unknown/NotStated,,5900000,,,,,,Corporation,71882,West Texas National Bank,MIDLAND,TX,Unanswered,Unanswered,,5969830.14,06/30/2021
8205367008,04/08/2020,0610,PPP,"MILESTONE ELECTRIC, INC.",2360 CRIST RD STE B900,GARLAND,TX,75040-3704,08/20/2021,Paid in Full,24,100,5617500,5617500,0,,71871,HomeBank Texas,601 N Hwy 175,SEAGOVILLE,TX,75159-1832,U,N,Y,Existing or more than 2 years old,GARLAND,DALLAS,TX,75040-3704,TX-05,374,238220,White,Not Hispanic or Latino,110000,5102500,,170000,,160000,75000,Corporation,71871,HomeBank Texas,SEAGOVILLE,TX,Unanswered,Unanswered,,5690059.38,07/23/2021
4174737108,04/13/2020,0610,PPP,"L&S PLUMBING PARTNERSHIP, LTD","1101 E. Arapaho, Suite 190",RICHARDSON,TX,75081-2352,07/07/2021,Paid in Full,24,100,5132292,5132292,0,,121598,Texas Capital Bank,"2000 McKinney Ave, Ste 700",DALLAS,TX,75201-1985,U,N,N,Existing or more than 2 years old,RICHARDSON,DALLAS,TX,75081-2352,TX-32,385,238220,Unanswered,Unknown/NotStated,67702,4526970,373848,163772,,,,Limited Liability Partnership,121598,Texas Capital Bank,DALLAS,TX,Unanswered,Unanswered,,5004679.77,06/11/2021
7176677002,04/07/2020,0610,PPP,"LOCHRIDGE-PRIEST, INC.",2901 E INDUSTRIAL BLVD,WACO,TX,76705-1899,07/17/2021,Paid in Full,24,100,4924079.15,4924079.15,0,,72077,"Community Bank & Trust, Waco, Texas",1800 Washington Ave,WACO,TX,76701-1011,U,Y,Y,Existing or more than 2 years old,WACO,MCLENNAN,TX,76705-1899,TX-17,395,238220,Unanswered,Unknown/NotStated,,4924079.15,,,,,,Corporation,72077,"Community Bank & Trust, Waco, Texas",WACO,TX,Unanswered,Unanswered,,4983572.82,06/30/2021
6977317103,04/14/2020,0681,PPP,"CHRISTIANSON AIR CONDITIONING AND PLUMBING, LLC",1950 Louis Henna Blvd,ROUND ROCK,TX,78664,12/18/2020,Paid in Full,24,100,4374431,4374431,0,,44449,"PNC Bank, National Association",222 Delaware Ave,WILMINGTON,DE,19801-1621,U,N,N,Existing or more than 2 years old,ROUND ROCK,WILLIAMSON,TX,78664-0001,TX-31,343,238220,Unanswered,Unknown/NotStated,14431,4300000,,60000,,,,Limited  Liability Company(LLC),760,First Source Federal Credit Union,Rome,NY,Unanswered,Unanswered,,,
5587547004,04/05/2020,0681,PPP,THE PORTER COMPANY/MECHANICAL CONTRACTORS,2105 FM 1626,MANCHACA,TX,78652-4501,04/09/2021,Paid in Full,24,100,4368500,4368500,0,,71727,Broadway National Bank,1177 NE Loop 410,SAN ANTONIO,TX,78209-1517,U,N,N,Existing or more than 2 years old,MANCHACA,TRAVIS,TX,78652-4501,TX-21,237,238220,Unanswered,Hispanic or Latino,250500,3750000,368000,,,,,Subchapter S Corporation,71727,Broadway National Bank,SAN ANTONIO,TX,Male Owned,Unanswered,,4410000.75,03/22/2021
8981677010,04/09/2020,0610,PPP,"A-#1 AIR, INC",601  E CORPORATE DR,LEWISVILLE,TX,75057-6403,08/14/2021,Paid in Full,24,100,3731538,3731538,0,,71638,"Texas Republic Bank, National Association","2595 Preston Rd, Ste 100",FRISCO,TX,75034-9081,U,N,Y,Existing or more than 2 years old,LEWISVILLE,DENTON,TX,75057-6403,TX-26,319,238220,Unanswered,Unknown/NotStated,337589,2798654,,539492,,,55803,Corporation,71638,"Texas Republic Bank, National Association",FRISCO,TX,Unanswered,Unanswered,,3780047.99,07/30/2021
8015537010,04/08/2020,0610,PPP,"ENGINEERED AIR BALANCE CO., INC.",1651 N. GLENVILLE DR STE 201,RICHARDSON,TX,75081-1902,03/20/2021,Paid in Full,24,100,3379300,3379300,0,,71783,Frost Bank,111 W Houston St,SAN ANTONIO,TX,78205-1414,U,N,N,Existing or more than 2 years old,RICHARDSON,DALLAS,TX,75081-1902,TX-32,176,238220,Unanswered,Unknown/NotStated,,3379300,,,,,,Corporation,71783,Frost Bank,SAN ANTONIO,TX,Unanswered,Unanswered,,3406426.98,02/05/2021
8690357008,04/08/2020,0610,PPP,"UNITED CHESTER INDUSTRIES, INC.",11540 PLANO RD,DALLAS,TX,75243-5214,03/08/2022,Paid in Full,24,100,3304279.35,3304279.35,0,,69380,Inwood National Bank,7621 Inwood Rd,DALLAS,TX,75209-4021,U,Y,Y,Existing or more than 2 years old,DALLAS,DALLAS,TX,75243-5214,TX-32,218,238220,Unanswered,Unknown/NotStated,,3304279.35,,,,,,Subchapter S Corporation,69380,Inwood National Bank,DALLAS,TX,Unanswered,Unanswered,,3348276.06,08/17/2021
4586547106,04/13/2020,0681,PPP,"CASA MECHANICAL SERVICES, LTD.",2401 E OLD SETTLERS BLVD,ROUND ROCK,TX,78665-9400,09/25/2021,Paid in Full,24,100,3271300,3271300,0,,317954,"Newtek Small Business Finance, Inc.",1981 Marcus Avenue,LAKE SUCCESS,NY,11042,U,N,N,Existing or more than 2 years old,ROUND ROCK,WILLIAMSON,TX,78665-9400,TX-31,293,238220,Unanswered,Unknown/NotStated,,3271300,,,,,,Limited Liability Partnership,317954,"Newtek Small Business Finance, Inc.",LAKE SUCCESS,NY,Unanswered,Unanswered,,3315008.2,08/12/2021
9643657006,04/09/2020,0671,PPP,"POWER PLUMBING, INC",36310 HEMPSTEAD RD,HOCKLEY,TX,77447-3152,01/22/2021,Paid in Full,24,100,3265400,3265400,0,,71783,Frost Bank,111 W Houston St,SAN ANTONIO,TX,78205-1414,U,N,N,Existing or more than 2 years old,HOCKLEY,HARRIS,TX,77447-3152,TX-10,276,238220,Unanswered,Unknown/NotStated,,3265400,,,,,,Employee Stock Ownership Plan(ESOP),71783,Frost Bank,SAN ANTONIO,TX,Unanswered,Unanswered,,,
7249487006,04/07/2020,0610,PPP,"TEMPO, INC.",911 MARYLAND DR,IRVING,TX,75061-5748,07/20/2021,Paid in Full,24,100,3172600,3172600,0,,71783,Frost Bank,111 W Houston St,SAN ANTONIO,TX,78205-1414,U,Y,Y,Existing or more than 2 years old,IRVING,DALLAS,TX,75061-5748,TX-06,216,238220,Unanswered,Unknown/NotStated,,3172600,,,,,,Employee Stock Ownership Plan(ESOP),71783,Frost Bank,SAN ANTONIO,TX,Unanswered,Unanswered,,3209193.55,06/14/2021
9795637010,04/09/2020,0671,PPP,CFI MECHANICAL INC,6109 Brittmoore Rd,HOUSTON,TX,77041-5610,06/17/2021,Paid in Full,60,100,2984800,2984800,0,,72601,"Zions Bank, A Division of",1 S Main St,SALT LAKE CITY,UT,84133-1109,U,N,N,Existing or more than 2 years old,HOUSTON,HARRIS,TX,77041-5610,TX-18,153,238220,Unanswered,Unknown/NotStated,,2984800,,,,,,Subchapter S Corporation,72601,"Zions Bank, A Division of",SALT LAKE CITY,UT,Unanswered,Unanswered,,3019227.42,06/09/2021
4891207007,04/04/2020,0681,PPP,"JON WAYNE HEATING & AIR CONDITIONING, LTD.",9272 US HIGHWAY 87,SAN ANTONIO,TX,78263-6105,07/10/2021,Paid in Full,24,100,2833900,2833900,0,,69225,"American Bank, National Association",5120 S. Padre Island Dr,CORPUS CHRISTI,TX,78411-4208,U,N,N,Existing or more than 2 years old,SAN ANTONIO,BEXAR,TX,78263-6105,TX-28,235,238220,White,Not Hispanic or Latino,56678,2607188,,170034,,,,Limited Liability Partnership,358513,American Bank National Association,Universal City,TX,Male Owned,Unanswered,,2867119.61,06/11/2021
8426817005,04/08/2020,0681,PPP,5-F MECHANICAL GROUP INC,PO Box 81305,AUSTIN,TX,78708-1305,07/15/2021,Paid in Full,24,100,2780400,2780400,0,,447613,Frontier Bank of Texas,1213 Hwy 290,ELGIN,TX,78621-2018,U,N,Y,Existing or more than 2 years old,AUSTIN,TRAVIS,TX,78708-1305,TX-37,205,238220,Unanswered,Unknown/NotStated,,2780400,,,,,,Subchapter S Corporation,447613,Frontier Bank of Texas,ELGIN,TX,Unanswered,Unanswered,,2812622.17,06/18/2021
9692747005,04/09/2020,0671,PPP,"RAVEN MECHANICAL, LP",1618 BUSCHONG ST,HOUSTON,TX,77039-1207,07/20/2021,Paid in Full,24,100,2681800,2681800,0,,71783,Frost Bank,111 W Houston St,SAN ANTONIO,TX,78205-1414,U,N,Y,Existing or more than 2 years old,HOUSTON,HARRIS,TX,77039-1207,TX-29,226,238220,Unanswered,Unknown/NotStated,,2681800,,,,,,Limited Liability Partnership,71783,Frost Bank,SAN ANTONIO,TX,Unanswered,Unanswered,,2712585.59,06/11/2021
1688957108,04/10/2020,0681,PPP,"DJR, INC","9201 BROWN LN, Ste 141",AUSTIN,TX,78754-4007,05/12/2022,Charged Off,3,100,2500000,2500000,0,,317954,"Newtek Small Business Finance, Inc.",1981 Marcus Avenue,LAKE SUCCESS,NY,11042,U,N,N,Existing or more than 2 years old,AUSTIN,TRAVIS,TX,78754-4007,TX-10,325,238220,Unanswered,Unknown/NotStated,,2500000,,,,,,Corporation,317954,"Newtek Small Business Finance, Inc.",LAKE SUCCESS,NY,Unanswered,Unanswered,,2461087.31,01/24/2022
9235757002,04/09/2020,0671,PPP,ALLIED FIRE PROTECTION LP,2003 MYKAWA RD,PEARLAND,TX,77581-3211,07/20/2021,Paid in Full,24,100,2328000,2328000,0,,71783,Frost Bank,111 W Houston St,SAN ANTONIO,TX,78205-1414,U,N,N,Existing or more than 2 years old,PEARLAND,BRAZORIA,TX,77581-3211,TX-22,126,238220,Unanswered,Unknown/NotStated,,2328000,,,,,,Subchapter S Corporation,71783,Frost Bank,SAN ANTONIO,TX,Male Owned,Non-Veteran,,2354979.29,06/15/2021
9538987009,04/09/2020,0671,PPP,JOHN MOORE LP,10005 W SAM HOUSTON PKWY N STE 200,HOUSTON,TX,77064-7473,07/10/2021,Paid in Full,24,100,1844138.6,2286924.08,0,,368915,Veritex Community Bank,8214 Westchester Dr Ste 800,Dallas,TX,75225,U,N,N,Existing or more than 2 years old,HOUSTON,HARRIS,TX,77064-7473,TX-38,125,238220,Unanswered,Unknown/NotStated,184413.8,1918096.36,,184413.92,,,,Partnership,368915,Veritex Community Bank,Dallas,TX,Male Owned,Veteran,,2312800.78,06/11/2021
7459737203,04/28/2020,0671,PPP,"GRACO MECHANICAL, INC.",5910 Schumacher Lane,Houston,TX,77057,06/19/2021,Paid in Full,60,100,2237600,2237600,0,,72601,"Zions Bank, A Division of",1 S Main St,SALT LAKE CITY,UT,84133-1109,U,N,Y,Existing or more than 2 years old,Houston,HARRIS,TX,77057-0001,TX-38,146,238220,Unanswered,Unknown/NotStated,,2237600,,,,,,Corporation,72601,"Zions Bank, A Division of",SALT LAKE CITY,UT,Unanswered,Unanswered,,2262489.47,06/10/2021
7333847010,04/07/2020,0671,PPP,"GRAY MECHANICAL CONTRACTORS, LLC",15534 West Hardy Road Suite#100,HOUSTON,TX,77060-3604,07/17/2021,Paid in Full,24,100,2213985,2213985,0,,67422,First Horizon Bank,165 Madison Ave,MEMPHIS,TN,38103-2723,U,Y,Y,Existing or more than 2 years old,HOUSTON,HARRIS,TX,77060-3604,TX-29,131,238220,Unanswered,Unknown/NotStated,,2213985,,,,,,Limited  Liability Company(LLC),67422,First Horizon Bank,MEMPHIS,TN,Unanswered,Unanswered,,1824780.94,06/11/2021
7388307009,04/07/2020,0681,PPP,B4GIBSON MANAGEMENT INC.,5511 Dietrich Road,SAN ANTONIO,TX,78219-2902,07/21/2021,Paid in Full,24,100,2163300,2163250,0,,447956,Texas Partners Bank,1900 NW Loop 410,SAN ANTONIO,TX,78213-2320,U,N,N,Existing or more than 2 years old,SAN ANTONIO,BEXAR,TX,78219-2902,TX-35,161,238220,White,Unknown/NotStated,216330,1622425,,324495,,,,Corporation,447956,Texas Partners Bank,SAN ANTONIO,TX,Male Owned,Non-Veteran,,2189148.91,06/28/2021
4305517102,04/13/2020,0610,PPP,"BELL MECHANICAL SERVICES, LLC",1645 WALLACE DR,CARROLLTON,TX,75006-6644,06/04/2021,Paid in Full,24,100,2151150,2151150,0,,39232,Hancock Whitney Bank,2510 14th St One Hancock Plz,GULFPORT,MS,39501,U,N,N,Existing or more than 2 years old,CARROLLTON,DALLAS,TX,75006-6644,TX-24,176,238220,Unanswered,Unknown/NotStated,,2151150,,,,,,Limited  Liability Company(LLC),39232,Hancock Whitney Bank,GULFPORT,MS,Unanswered,Unanswered,,2175290.68,05/27/2021
8566047001,04/08/2020,0610,PPP,CATHEDRAL PLUMBING OF TEXAS LLC,1440 HALSEY WAY,CARROLLTON,TX,75007-4409,07/08/2021,Paid in Full,24,100,2107100,2107100,0,,433720,Harmony Bank,"4161 McKinney Ave, Ste 101",DALLAS,TX,75204-8217,U,N,N,New Business or 2 years or less,CARROLLTON,DALLAS,TX,75007-4409,TX-32,134,238220,Unanswered,Hispanic or Latino,,2107100,,,,,,Limited  Liability Company(LLC),433720,Harmony Bank,DALLAS,TX,Male Owned,Unanswered,,2131799.89,06/11/2021
4744337000,04/04/2020,0681,PPP,AUTOMATIC FIRE PROTECTION INC,4582 Christoval Rd,SAN ANGELO,TX,76904-9695,07/10/2021,Paid in Full,24,100,2048900,2048900,0,,68922,First Financial Bank,400 Pine St,ABILENE,TX,79601-5108,U,N,N,Existing or more than 2 years old,SAN ANGELO,TOM GREEN,TX,76904-9695,TX-11,175,238220,Unanswered,Unknown/NotStated,512225,1536675,,,,,,Corporation,68922,First Financial Bank,ABILENE,TX,Unanswered,Unanswered,,2073259.14,06/09/2021
5960217009,04/06/2020,0681,PPP,"AIR CRAFT, INC.",1916 Picadilly Dr.,Round Rock,TX,78664-8543,03/29/2022,Paid in Full,24,100,2031222,2031222,0,,71693,Round Top State Bank,301 N Washington St,ROUND TOP,TX,78954-5053,U,N,Y,Existing or more than 2 years old,Round Rock,TRAVIS,TX,78664-8543,TX-31,205,238220,Unanswered,Unknown/NotStated,,2031222,,,,,,Corporation,71693,Round Top State Bank,ROUND TOP,TX,Male Owned,Unanswered,,2054873.22,06/16/2021
5740547110,04/14/2020,0610,PPP,DMI CORP,1002 KCK WAY,CEDAR HILL,TX,75104-8020,07/17/2021,Paid in Full,24,100,2025971,2025971,0,,71316,PlainsCapital Bank,2911 Turtle Creek Blvd. Suite 700,DALLAS,TX,75219,U,N,N,Existing or more than 2 years old,CEDAR HILL,DALLAS,TX,75104-8020,TX-30,116,238220,Unanswered,Unknown/NotStated,,2025971,,,,,,Corporation,71316,PlainsCapital Bank,DALLAS,TX,Unanswered,Unanswered,,2048875.73,06/11/2021
4309518803,04/16/2021,0610,PPS,LOCHRIDGE-PRIEST INC.,2901 E Industrial Blvd,Waco,TX,76705-2453,12/14/2021,Paid in Full,60,100,2000000,2000000,0,,72077,"Community Bank & Trust, Waco, Texas",1800 Washington Ave,WACO,TX,76701-1011,U,Y,Y,Existing or more than 2 years old,Waco,MCLENNAN,TX,76705-2453,TX-17,230,238220,Unanswered,Unknown/NotStated,1,1999998,,,,,,Corporation,72077,"Community Bank & Trust, Waco, Texas",WACO,TX,Unanswered,Unanswered,,2011726.03,11/22/2021
5110618501,02/27/2021,0671,PPS,GRAY MECHANICAL CONTRACTORS LLC,15534 W Hardy Rd Ste 100,Houston,TX,77060-3634,01/14/2022,Paid in Full,60,100,2000000,2000000,0,,67422,First Horizon Bank,165 Madison Ave,MEMPHIS,TN,38103-2723,U,Y,Y,Existing or more than 2 years old,Houston,HARRIS,TX,77060-3634,TX-29,115,238220,Unanswered,Unknown/NotStated,,2000000,,,,,,Limited  Liability Company(LLC),67422,First Horizon Bank,MEMPHIS,TN,Unanswered,Unanswered,,2015333.33,12/10/2021
5817048402,02/09/2021,0671,PPS,VERNOR MATERIAL & EQUIPMENT COMPANY INC,545 County Road 227A,Freeport,TX,77541-3039,02/08/2022,Paid in Full,60,100,2000000,2000000,0,,69994,Moody National Bank,2302 Post Office,GALVESTON,TX,77550-1913,U,Y,Y,Existing or more than 2 years old,Freeport,BRAZORIA,TX,77541-3039,TX-14,192,238220,Unanswered,Unknown/NotStated,,2000000,,,,,,Corporation,69994,Moody National Bank,GALVESTON,TX,Unanswered,Unanswered,,2016657.53,12/14/2021
7087188307,01/27/2021,0671,PPS,RAVEN MECHANICAL LP,1618 Buschong St,Houston,TX,77039-1207,02/19/2022,Paid in Full,60,100,2000000,2000000,0,,71783,Frost Bank,111 W Houston St,SAN ANTONIO,TX,78205-1414,U,N,Y,Existing or more than 2 years old,Houston,HARRIS,TX,77039-1207,TX-29,152,238220,White,Not Hispanic or Latino,1,1999996,,,,,,Limited Liability Partnership,71783,Frost Bank,SAN ANTONIO,TX,Male Owned,Non-Veteran,,2019013.7,01/11/2022
7909088301,01/28/2021,0610,PPS,MIINC LP,1960 W Northwest Hwy,Dallas,TX,75220-2314,02/17/2022,Paid in Full,60,100,2000000,2000000,0,,71639,Benchmark Bank,"5700 Legacy Dr, Ste A10",PLANO,TX,75024-4251,U,N,Y,Existing or more than 2 years old,Dallas,DALLAS,TX,75220-2314,TX-06,117,238220,Unanswered,Not Hispanic or Latino,1,1999997,,,,,,Limited Liability Partnership,71639,Benchmark Bank,PLANO,TX,Male Owned,Non-Veteran,,2017055.56,12/02/2021
8546337008,04/08/2020,0671,PPP,"HAR-CON MECHANICAL CONTRACTORS, LLC",9009 LITTLE YORK RD,HOUSTON,TX,77040-4113,04/07/2021,Paid in Full,24,100,2000000,2000000,0,,442411,"Investar Bank, National Association",7244 Perkins Rd,BATON ROUGE,LA,70808-4323,U,N,Y,Existing or more than 2 years old,HOUSTON,HARRIS,TX,77040-4113,TX-38,137,238220,Unanswered,Unknown/NotStated,,2000000,,,,,,Limited  Liability Company(LLC),442411,"Investar Bank, National Association",BATON ROUGE,LA,Male Owned,Unanswered,,2019068.49,03/30/2021
6127317009,04/06/2020,0610,PPP,"MECHANICAL PARTNERS, INC.",10217 PLANO RD,DALLAS,TX,75238-1702,04/07/2021,Paid in Full,24,100,1999777.5,1999777.5,0,,69380,Inwood National Bank,7621 Inwood Rd,DALLAS,TX,75209-4021,U,Y,Y,Existing or more than 2 years old,DALLAS,DALLAS,TX,75238-1702,TX-32,218,238220,Unanswered,Unknown/NotStated,,1999777.5,,,,,,Subchapter S Corporation,69380,Inwood National Bank,DALLAS,TX,Unanswered,Unanswered,,2018898.66,03/31/2021
7490577103,04/14/2020,0671,PPP,WALSH ALLIANCE LLC,19300 Oil Center Blvd,HOUSTON,TX,77073,04/20/2021,Paid in Full,60,100,1988500,1988500,0,,72601,"Zions Bank, A Division of",1 S Main St,SALT LAKE CITY,UT,84133-1109,U,Y,Y,Existing or more than 2 years old,HOUSTON,HARRIS,TX,77073-1001,TX-18,186,238220,Unanswered,Unknown/NotStated,,1988500,,,,,,Limited  Liability Company(LLC),72601,"Zions Bank, A Division of",SALT LAKE CITY,UT,Unanswered,Unanswered,,2007458.85,03/31/2021
2374288302,01/20/2021,0671,PPS,WALSH ALLIANCE LLC,19300 Oil Center Blvd,Houston,TX,77073-3353,01/14/2022,Paid in Full,60,100,1919402,1919402,0,,72601,"Zions Bank, A Division of",1 S Main St,SALT LAKE CITY,UT,84133-1109,U,Y,Y,Existing or more than 2 years old,Houston,HARRIS,TX,77073-3353,TX-18,186,238220,Unanswered,Unknown/NotStated,1,1919400,,,,,,Limited  Liability Company(LLC),72601,"Zions Bank, A Division of",SALT LAKE CITY,UT,Unanswered,Unanswered,,1937333.95,01/04/2022
3991738110,07/15/2020,0681,PPP,"VICTORIA AIR CONDITIONING, LTD",200 S BEN JORDAN ST,VICTORIA,TX,77901-8649,05/13/2021,Paid in Full,60,100,1914900,1914900,0,,69819,Prosperity Bank,1301 N Mechanic,El Campo,TX,77437,U,Y,Y,Existing or more than 2 years old,VICTORIA,VICTORIA,TX,77901-8649,TX-27,183,238220,Unanswered,Unknown/NotStated,,1914900,,,,,,Limited Liability Partnership,69819,Prosperity Bank,El Campo,TX,Unanswered,Unanswered,,1928330.53,03/31/2021
7638667005,04/07/2020,0610,PPP,"HUGH M. CUNNINGHAM, INC.",2029 WESTGATE DR,CARROLLTON,TX,75006-6449,03/17/2021,Paid in Full,24,100,1901500,1901500,0,,69819,Prosperity Bank,1301 N Mechanic,El Campo,TX,77437,U,N,N,Existing or more than 2 years old,CARROLLTON,DALLAS,TX,75006-6449,TX-24,138,238220,Unanswered,Unknown/NotStated,,1901500,,,,,,Corporation,69819,Prosperity Bank,El Campo,TX,Male Owned,Unanswered,,1917858.11,02/23/2021
7918807004,04/08/2020,0610,PPP,"TDR CONTRACTORS, INC.",1523 W TYLER ST,GILMER,TX,75644-2022,09/29/2021,Paid in Full,24,100,1925700,1880573.83,0,,69267,Texas Heritage National Bank,107 Webb St,DAINGERFIELD,TX,75638-1647,R,N,N,Existing or more than 2 years old,GILMER,UPSHUR,TX,75644-2022,TX-01,148,238220,Unanswered,Not Hispanic or Latino,19256.83,1861317,,,,,,Subchapter S Corporation,69267,Texas Heritage National Bank,DAINGERFIELD,TX,Male Owned,Unanswered,,1902461.62,06/15/2021
5379307008,04/05/2020,0681,PPP,TCS MECHANICAL LLC,1682 STATE HIGHWAY 71 W,CEDAR CREEK,TX,78612-3484,07/09/2021,Paid in Full,24,100,1856600,1856600,0,,58899,First United Bank and Trust Company,1400 W Main St,DURANT,OK,74701-4906,R,N,N,Existing or more than 2 years old,CEDAR CREEK,BASTROP,TX,78612-3484,TX-27,72,238220,Unanswered,Unknown/NotStated,7500,1621900,,25000,,194200,8000,Limited  Liability Company(LLC),58899,First United Bank and Trust Company,DURANT,OK,Unanswered,Unanswered,,1878014.48,06/11/2021
9952827002,04/09/2020,0681,PPP,"GILLETTE AIR CONDITIONING CO., INC.",1215 SAN FRANCISCO,SAN ANTONIO,TX,78201-4639,12/24/2020,Paid in Full,24,100,1819000,1819000,0,,71783,Frost Bank,111 W Houston St,SAN ANTONIO,TX,78205-1414,U,Y,Y,Existing or more than 2 years old,SAN ANTONIO,BEXAR,TX,78201-4639,TX-20,165,238220,Unanswered,Unknown/NotStated,,1819000,,,,,,Corporation,71783,Frost Bank,SAN ANTONIO,TX,Unanswered,Unanswered,,1829814.33,11/23/2020
1593107108,04/10/2020,0681,PPP,"YOUNG & PRATT, INC",12822 OLD KIMBRO RD,MANOR,TX,78653-4519,05/12/2021,Paid in Full,24,100,2000400,1763900,0,,68987,Independent Bank d/b/a Independent Financial,3090 Craig Dr,MCKINNEY,TX,75070-4352,U,N,Y,Existing or more than 2 years old,MANOR,TRAVIS,TX,78653-4519,TX-10,121,238220,Unanswered,Unknown/NotStated,37000,1644400,82500,,,,,Corporation,68987,Independent Bank d/b/a Independent Financial,MCKINNEY,TX,Unanswered,Unanswered,,1781832.98,04/22/2021
4661777008,04/04/2020,0681,PPP,"FREUND ENTERPRISES, INC.",11403 238220JONES MALTSBERGER RD,SAN ANTONIO,TX,78216-2830,04/09/2021,Paid in Full,24,100,1753200,1753200,0,,71727,Broadway National Bank,1177 NE Loop 410,SAN ANTONIO,TX,78209-1517,U,N,N,Existing or more than 2 years old,SAN ANTONIO,BEXAR,TX,78216-2830,TX-21,182,238220,Unanswered,Not Hispanic or Latino,200000,1315000,238200,,,,,Corporation,71727,Broadway National Bank,SAN ANTONIO,TX,Male Owned,Unanswered,,1769076.2,03/08/2021
6820267103,04/14/2020,0610,PPP,CITY WIDE MECHANICAL INC.,2520 Marsh Lane,DALLAS,TX,75206,04/16/2021,Paid in Full,24,100,1724900,1724900,0,,71316,PlainsCapital Bank,2911 Turtle Creek Blvd. Suite 700,DALLAS,TX,75219,U,N,N,Existing or more than 2 years old,DALLAS,DALLAS,TX,75206-0001,TX-32,135,238220,Unanswered,Unknown/NotStated,1724900,,,,,,,Corporation,71316,PlainsCapital Bank,DALLAS,TX,Unanswered,Unanswered,,1740663.67,03/17/2021
1010977709,05/01/2020,0671,PPP,"BELKNAP PLUMBING SYSTEMS, INC.",9030 SOLON RD,HOUSTON,TX,77064,07/23/2021,Paid in Full,24,100,1718270,1718270,0,,48270,"JPMorgan Chase Bank, National Association",1111 Polaris Pkwy,COLUMBUS,OH,43240-2031,U,N,N,Existing or more than 2 years old,HOUSTON,HARRIS,TX,77064-1000,TX-18,130,238220,Unanswered,Unknown/NotStated,,1718270,,,,,,Subchapter S Corporation,194093,"JPMorgan Chase Bank, National Association",CHICAGO,IL,Unanswered,Unanswered,,1736512.3,05/27/2021
9555577006,04/09/2020,0610,PPP,"RIDDELL PLUMBING, INC.",3700 US HIGHWAY 80 E,MESQUITE,TX,75149-1104,12/08/2020,Paid in Full,24,100,1700000,1700000,0,,71977,The American National Bank of Texas,102 W Moore,TERRELL,TX,75160-3129,U,N,Y,Existing or more than 2 years old,MESQUITE,DALLAS,TX,75149-1104,TX-05,105,238220,Unanswered,Unknown/NotStated,,1700000,,,,,,Subchapter S Corporation,71977,The American National Bank of Texas,TERRELL,TX,Unanswered,Unanswered,,1709268.49,11/03/2020
4921718310,01/23/2021,0610,PPS,WELDON CONTRACTORS LLC,3100 E Randol Mill Rd,Arlington,TX,76011-6836,08/20/2021,Paid in Full,60,100,1681300,1681300,0,,71783,Frost Bank,111 W Houston St,SAN ANTONIO,TX,78205-1414,U,Y,Y,Existing or more than 2 years old,Arlington,TARRANT,TX,76011-6836,TX-06,95,238220,Unanswered,Unknown/NotStated,1,1681298,,,,,,Limited  Liability Company(LLC),71783,Frost Bank,SAN ANTONIO,TX,Unanswered,Unanswered,,1689683.47,07/28/2021
5034217010,04/04/2020,0610,PPP,WELDON CONTRACTORS LLC,3428 W. Pioneer Pkwy,PANTEGO,TX,76013-4604,01/22/2021,Paid in Full,24,100,1681300,1681300,0,,71783,Frost Bank,111 W Houston St,SAN ANTONIO,TX,78205-1414,U,N,N,Existing or more than 2 years old,PANTEGO,TARRANT,TX,76013-4604,TX-25,98,238220,Unanswered,Unknown/NotStated,,1681300,,,,,,Limited  Liability Company(LLC),71783,Frost Bank,SAN ANTONIO,TX,Unanswered,Unanswered,,1691639.76,02/12/2021
4251918801,04/16/2021,0681,PPS,FOX INDUSTRIES LLC,4300 S Congress Ave Ste 101,Austin,TX,78745-1106,01/20/2022,Paid in Full,60,100,1643249,1643249,0,,72077,"Community Bank & Trust, Waco, Texas",1800 Washington Ave,WACO,TX,76701-1011,U,Y,Y,Existing or more than 2 years old,Austin,TRAVIS,TX,78745-1106,TX-37,78,238220,Unanswered,Unknown/NotStated,1,1643247,,,,,,Limited  Liability Company(LLC),72077,"Community Bank & Trust, Waco, Texas",WACO,TX,Unanswered,Unanswered,,1653963.88,12/14/2021
4940657108,04/13/2020,0681,PPP,"FCS FOX COMMERCIAL SERVICES, LLC",4300 CONGRESS AVE,AUSTIN,TX,78745-1106,11/10/2020,Paid in Full,24,100,1643249,1643249,0,,26378,Sunflower Bank National Association,"8117 Preston Rd, Ste 220",Dallas,TX,75225,U,N,Y,Existing or more than 2 years old,AUSTIN,TRAVIS,TX,78745-1106,TX-37,88,238220,Unanswered,Unknown/NotStated,,1643249,,,,,,Limited  Liability Company(LLC),26378,Sunflower Bank National Association,Dallas,TX,Unanswered,Unanswered,,1652104.29,11/03/2020
5773897204,04/27/2020,0610,PPP,METRO MECHANICAL INC,430 S Bryan Belt Line Rd,Mesquite,TX,75149,06/12/2021,Paid in Full,24,100,1636700,1636700,0,,71977,The American National Bank of Texas,102 W Moore,TERRELL,TX,75160-3129,U,N,Y,Existing or more than 2 years old,Mesquite,DALLAS,TX,75149-0001,TX-32,132,238220,Unanswered,Not Hispanic or Latino,,1636700,,,,,,Corporation,71977,The American National Bank of Texas,TERRELL,TX,Male Owned,Non-Veteran,,1653739.62,05/20/2021
1254157205,04/15/2020,0671,PPP,"GRAVES MECHANICAL, INC.",5910 Schumacher Lane,HOUSTON,TX,77057,04/20/2021,Paid in Full,60,100,1593500,1593500,0,,72601,"Zions Bank, A Division of",1 S Main St,SALT LAKE CITY,UT,84133-1109,U,N,Y,Existing or more than 2 years old,HOUSTON,HARRIS,TX,77057-0001,TX-38,122,238220,Unanswered,Unknown/NotStated,,1593500,,,,,,Corporation,72601,"Zions Bank, A Division of",SALT LAKE CITY,UT,Unanswered,Unanswered,,1608736.48,04/01/2021
4228298306,01/23/2021,0610,PPS,"A-USAIR CONDITIONING OF TEXAS, LTD.",707 Easy St,Garland,TX,75042-6814,12/22/2021,Paid in Full,60,100,1589700,1589700,0,,71783,Frost Bank,111 W Houston St,SAN ANTONIO,TX,78205-1414,U,Y,Y,Existing or more than 2 years old,Garland,DALLAS,TX,75042-6814,TX-32,89,238220,Unanswered,Not Hispanic or Latino,1,1589696,,,,,,Corporation,71783,Frost Bank,SAN ANTONIO,TX,Male Owned,Non-Veteran,,1602635.37,11/22/2021
2868368509,02/22/2021,0681,PPS,FREUND ENTERPRISES INC,11403 Jones Maltsberger Rd,San Antonio,TX,78216-2830,08/06/2021,Paid in Full,60,100,1585882,1585882,0,,71727,Broadway National Bank,1177 NE Loop 410,SAN ANTONIO,TX,78209-1517,U,N,N,Existing or more than 2 years old,San Antonio,BEXAR,TX,78216-2830,TX-21,132,238220,Unanswered,Unknown/NotStated,,1585882,,,,,,Corporation,71727,Broadway National Bank,SAN ANTONIO,TX,Male Owned,Unanswered,,1592313.63,07/23/2021
9234417003,04/09/2020,0671,PPP,ALLIED FIRE PROTECTION SA-LP,2003 MYKAWA RD,PEARLAND,TX,77581-3211,04/23/2021,Paid in Full,24,100,1583700,1583700,0,,71783,Frost Bank,111 W Houston St,SAN ANTONIO,TX,78205-1414,U,N,N,Existing or more than 2 years old,PEARLAND,BRAZORIA,TX,77581-3211,TX-22,110,238220,Unanswered,Unknown/NotStated,,1583700,,,,,,Partnership,71783,Frost Bank,SAN ANTONIO,TX,Male Owned,Non-Veteran,,1598756,03/31/2021
3383988209,08/04/2020,0610,PPP,"BERGER ENGINEERING COMPANY, INC.",1617 W Crosby Road Suite 100,Carrollton,TX,75006-6485,08/19/2021,Paid in Full,60,100,1579164.25,1579164.25,0,,48270,"JPMorgan Chase Bank, National Association",1111 Polaris Pkwy,COLUMBUS,OH,43240-2031,U,N,N,Existing or more than 2 years old,Carrollton,DALLAS,TX,75006-6485,TX-24,111,238220,Unanswered,Unknown/NotStated,0,1394814.01,0,0,0,184350.24,0,Subchapter S Corporation,194093,"JPMorgan Chase Bank, National Association",CHICAGO,IL,Unanswered,Unanswered,,1594210.18,07/22/2021
4835177006,04/04/2020,0610,PPP,"JARMON SERVICES, INC",1375 RIVER BEND DR,DALLAS,TX,75247-4915,12/05/2020,Paid in Full,24,100,1577900,1577900,0,,433720,Harmony Bank,"4161 McKinney Ave, Ste 101",DALLAS,TX,75204-8217,U,Y,Y,Existing or more than 2 years old,DALLAS,DALLAS,TX,75247-4915,TX-30,84,238220,White,Not Hispanic or Latino,,1577900,,,,,,Corporation,433720,Harmony Bank,DALLAS,TX,Male Owned,Unanswered,,1587718.04,11/19/2020
5603847208,04/27/2020,0681,PPP,STAN'S HEATING & AIR CONDITIONING LLC,6016 Dillard Cir,AUSTIN,TX,78752-4415,12/16/2020,Paid in Full,24,100,1575935,1575935,0,,69225,"American Bank, National Association",5120 S. Padre Island Dr,CORPUS CHRISTI,TX,78411-4208,U,N,N,Existing or more than 2 years old,AUSTIN,TRAVIS,TX,78752-4415,TX-37,97,238220,Unanswered,Unknown/NotStated,,1575935,,,,,,Limited  Liability Company(LLC),69225,"American Bank, National Association",CORPUS CHRISTI,TX,Male Owned,Veteran,,1584077.33,11/03/2020
5946787009,04/06/2020,0610,PPP,"RELIANT HEATING & AIR CONDITIONING, INC.",3250 Story Road West #106,IRVING,TX,75038-3531,02/12/2021,Paid in Full,24,100,1561300,1561300,0,,71501,"Commercial Bank of Texas, N.A.",215 E Main St,NACOGDOCHES,TX,75961-5257,U,Y,Y,Existing or more than 2 years old,IRVING,DALLAS,TX,75038-3531,TX-33,109,238220,White,Unknown/NotStated,162300,1249000,,150000,,,,Subchapter S Corporation,71501,"Commercial Bank of Texas, N.A.",NACOGDOCHES,TX,Unanswered,Veteran,,1414971.6,01/19/2021
7084888604,03/23/2021,0678,PPS,GRG SANDERS AND CO.,502 FM 1585,Lubbock,TX,79423-6550,01/08/2022,Paid in Full,60,100,1528098,1528098,0,,444645,HTLF Bank,"1800 Larimer St, Ste 100",DENVER,CO,80202-1404,U,N,N,Existing or more than 2 years old,Lubbock,LUBBOCK,TX,79423-6550,TX-19,83,238220,Unanswered,Unknown/NotStated,1,1528092,,,,,,Corporation,72156,"First Bank and Trust, A Division of HTLF Bank",Lubbock,TX,Male Owned,Unanswered,,1539485.47,12/23/2021
9104677100,04/15/2020,0671,PPP,STRAUS SYSTEMS INC,7 Straus Court,STAFFORD,TX,77477,09/21/2021,Paid in Full,60,100,1527900,1527900,0,,72601,"Zions Bank, A Division of",1 S Main St,SALT LAKE CITY,UT,84133-1109,U,N,N,Existing or more than 2 years old,STAFFORD,FORT BEND,TX,77477-1200,TX-09,149,238220,Unanswered,Unknown/NotStated,,1527900,,,,,,Subchapter S Corporation,72601,"Zions Bank, A Division of",SALT LAKE CITY,UT,Unanswered,Unanswered,,1549248.74,09/09/2021
5059417007,04/04/2020,0610,PPP,"A-USAIR CONDITIONING OF TEXAS, LTD.",707 EASY ST,GARLAND,TX,75042-6814,02/24/2021,Paid in Full,24,100,1517900,1517900,0,,71783,Frost Bank,111 W Houston St,SAN ANTONIO,TX,78205-1414,U,Y,Y,Existing or more than 2 years old,GARLAND,DALLAS,TX,75042-6814,TX-32,125,238220,Unanswered,Not Hispanic or Latino,,1517900,,,,,,Corporation,71783,Frost Bank,SAN ANTONIO,TX,Male Owned,Non-Veteran,,1529793.68,01/26/2021
5636078401,02/09/2021,0671,PPS,STRAUS SYSTEMS INC.,7 Straus Ct,Stafford,TX,77477-3325,02/19/2021,Paid in Full,60,100,1510515,1510515,0,,72601,"Zions Bank, A Division of",1 S Main St,SALT LAKE CITY,UT,84133-1109,U,N,N,Existing or more than 2 years old,Stafford,FORT BEND,TX,77477-3325,TX-09,52,238220,Unanswered,Unknown/NotStated,1,1510512,,,,,,Subchapter S Corporation,72601,"Zions Bank, A Division of",SALT LAKE CITY,UT,Unanswered,Unanswered,,1529344.71,05/12/2022
1445327102,04/10/2020,0610,PPP,A & G PIPING INC,3124 WICHITA CT,FORT WORTH,TX,76140-1754,01/20/2021,Paid in Full,24,100,1497300,1497300,0,,71977,The American National Bank of Texas,102 W Moore,TERRELL,TX,75160-3129,U,Y,Y,Existing or more than 2 years old,FORT WORTH,TARRANT,TX,76140-1754,TX-33,82,238220,Unanswered,Unknown/NotStated,,1497300,,,,,,Corporation,71977,The American National Bank of Texas,TERRELL,TX,Unanswered,Unanswered,,1507719.57,12/31/2020
5841758403,02/09/2021,0671,PPS,BALANCE ENERGY LLC,11321 Windfern Rd Ste N,Houston,TX,77064-4865,09/28/2021,Paid in Full,60,100,1456782,1456782,0,,59358,"BOKF, National Association",One Williams Center,TULSA,OK,74172-0140,U,N,Y,Existing or more than 2 years old,Houston,HARRIS,TX,77064-4865,TX-18,106,238220,Unanswered,Unknown/NotStated,1,1456780,,,,,,Limited  Liability Company(LLC),59358,"BOKF, National Association",TULSA,OK,Unanswered,Unanswered,,1463742.18,08/04/2021
1470317101,04/10/2020,0681,PPP,BEYER MECHANICAL LTD,4711 BROOM ST,SAN ANTONIO,TX,78217-3708,02/24/2021,Paid in Full,24,100,1456400,1456400,0,,71783,Frost Bank,111 W Houston St,SAN ANTONIO,TX,78205-1414,U,Y,Y,Existing or more than 2 years old,SAN ANTONIO,BEXAR,TX,78217-3708,TX-35,129,238220,Unanswered,Not Hispanic or Latino,,1456400,,,,,,Corporation,71783,Frost Bank,SAN ANTONIO,TX,Male Owned,Non-Veteran,,1467332.98,01/20/2021
9939387007,04/09/2020,0610,PPP,"QUANTUM MECHANICAL SERVICES, INC.",5001 RONDO DR STE 100,FORT WORTH,TX,76106-1826,04/06/2021,Paid in Full,24,100,1453709.85,1453709.85,0,,72026,Southside Bank,1201 S Beckham Ave,TYLER,TX,75701-3320,U,Y,Y,Existing or more than 2 years old,FORT WORTH,TARRANT,TX,76106-1826,TX-12,85,238220,White,Not Hispanic or Latino,,1453709.85,,,,,,Corporation,72026,Southside Bank,TYLER,TX,Male Owned,Non-Veteran,,1467802.76,04/01/2021
4452477005,04/03/2020,0610,PPP,JF FILTRATION INC.,4820 Memphis St.,DALLAS,TX,75207-5210,02/16/2021,Paid in Full,24,100,1450000,1450000,0,,455610,Texas Security Bank,1212 Turtle Creek Blvd,DALLAS,TX,75207-6614,U,Y,Y,Existing or more than 2 years old,DALLAS,DALLAS,TX,75207-5210,TX-30,123,238220,White,Not Hispanic or Latino,145000,1087500,,217500,,,,Corporation,455610,Texas Security Bank,DALLAS,TX,Male Owned,Non-Veteran,,1459304.17,11/27/2020
6751237002,04/07/2020,0610,PPP,CENTURY MECHANICAL CONTRACTORS INC,3008 WICHITA CT,FORT WORTH,TX,76140-1710,01/15/2021,Paid in Full,24,100,1449300,1449300,0,,59358,"BOKF, National Association",One Williams Center,TULSA,OK,74172-0140,U,Y,Y,Existing or more than 2 years old,FORT WORTH,TARRANT,TX,76140-1710,TX-33,138,238220,Unanswered,Unknown/NotStated,,1449300,,,,,,Corporation,59358,"BOKF, National Association",TULSA,OK,Unanswered,Unanswered,,1458559.42,11/27/2020
3627167102,04/11/2020,0610,PPP,"HOUK AIR CONDITIONING, INC",833 111th Street,ARLINGTON,TX,76011-7618,01/31/2022,Paid in Full,24,100,1441600,1441600,0,,71653,Vista Bank,5840 W Northwest Hwy,DALLAS,TX,75225-3201,U,Y,Y,Existing or more than 2 years old,ARLINGTON,TARRANT,TX,76011-7618,TX-06,165,238220,Unanswered,Unknown/NotStated,,1441600,,,,,,Subchapter S Corporation,71653,Vista Bank,DALLAS,TX,Unanswered,Unanswered,,1452382.38,01/20/2021
2152597103,04/10/2020,0610,PPP,CAPSTONE MECHANICAL LP,7100 IMPERIAL DR,WACO,TX,76712-6817,04/14/2021,Paid in Full,24,100,1425000,1425000,0,,69154,The First Bank of Celeste,301 N Hwy 69,CELESTE,TX,75423-6030,U,N,N,Existing or more than 2 years old,WACO,MCLENNAN,TX,76712-6817,TX-17,139,238220,Unanswered,Unknown/NotStated,6600,1312822,,50000,,55578,,Partnership,69154,The First Bank of Celeste,CELESTE,TX,Unanswered,Unanswered,,1438547.26,03/31/2021
6165487102,04/14/2020,0678,PPP,FIRST SERVICE AIR CONDITIONING,3009 Garden City Highway,MIDLAND,TX,79701,04/21/2021,Paid in Full,24,100,1400517,1400517,0,,444341,American Momentum Bank,1 Momentum Blvd,COLLEGE STATION,TX,77845-6199,U,Y,Y,Unanswered,MIDLAND,MIDLAND,TX,79701-1560,TX-11,85,238220,White,Unknown/NotStated,,1400517,,,,,,Corporation,444341,American Momentum Bank,COLLEGE STATION,TX,Male Owned,Non-Veteran,,1413160.56,03/09/2021
1621947100,04/10/2020,0671,PPP,"MESA MECHANICAL, INC.",3514 PINEMONT DR,HOUSTON,TX,77018-1332,02/09/2021,Paid in Full,24,100,2036600,1400000,0,,68987,Independent Bank d/b/a Independent Financial,3090 Craig Dr,MCKINNEY,TX,75070-4352,U,N,N,Existing or more than 2 years old,HOUSTON,HARRIS,TX,77018-1332,TX-18,221,238220,Unanswered,Unknown/NotStated,12000,1282000,6000,,,100000,,Corporation,68987,Independent Bank d/b/a Independent Financial,MCKINNEY,TX,Unanswered,Unanswered,,1411083.33,01/28/2021
4971159008,05/21/2021,0610,PPS,STRATUS SYSTEMS LLC,10490 Vista Park Roadnull 10490 Vista Park Roadnull,Dallas,TX,75238,03/17/2022,Paid in Full,60,100,1388900,1388900,0,,71432,Texas National Bank,201 S Texas Ave,MERCEDES,TX,78570-3123,U,N,N,Existing or more than 2 years old,Dallas,DALLAS,TX,75238,TX-05,108,238220,Unanswered,Unknown/NotStated,,1388900,,,,,,Limited  Liability Company(LLC),71432,Texas National Bank,MERCEDES,TX,Unanswered,Unanswered,,1398082.17,02/07/2022
9629868304,01/31/2021,0681,PPS,BEYER MECHANICAL LTD,17105 Beyer John Drive,Selma,TX,78154,09/29/2021,Paid in Full,60,100,1378600,1378600,0,,71783,Frost Bank,111 W Houston St,SAN ANTONIO,TX,78205-1414,U,N,N,Existing or more than 2 years old,Selma,GUADALUPE,TX,78154,TX-15,122,238220,Unanswered,Not Hispanic or Latino,,1378600,,,,,,Corporation,71783,Frost Bank,SAN ANTONIO,TX,Male Owned,Non-Veteran,,1385738.5,08/10/2021
5649197100,04/13/2020,0610,PPP,K&S HEATING AND AIR,1409 JUPITER RD,GARLAND,TX,75042-7716,12/17/2020,Paid in Full,24,100,1377520,1377520,0,,4679,Simmons Bank,501 Main St,PINE BLUFF,AR,71601-4327,U,N,Y,Existing or more than 2 years old,GARLAND,DALLAS,TX,75042-7716,TX-32,66,238220,Unanswered,Unknown/NotStated,,1377520,,,,,,Corporation,71902,Simmons Bank,COLLEGE STATION,TX,Unanswered,Unanswered,,1385709.64,11/23/2020
7855387708,05/01/2020,0671,PPP,LANGE MECHANICAL SERVICES LP,933 Wakefield Drive,Houston,TX,77018,,Exemption 4,60,100,1371000,1371000,0,,72601,"Zions Bank, A Division of",1 S Main St,SALT LAKE CITY,UT,84133-1109,U,N,N,Existing or more than 2 years old,Houston,HARRIS,TX,77018-0001,TX-18,75,238220,Unanswered,Unknown/NotStated,,1371000,,,,,,Partnership,72601,"Zions Bank, A Division of",SALT LAKE CITY,UT,Unanswered,Unanswered,,858483.47,02/03/2022
5754227000,04/06/2020,0610,PPP,"COMPOSITE COOLING SOLUTIONS, LP",4150 INTERNATIONAL PLZ Ste 500,FORT WORTH,TX,76109-4802,05/21/2021,Paid in Full,24,100,1364700,1364700,0,,71783,Frost Bank,111 W Houston St,SAN ANTONIO,TX,78205-1414,U,N,N,Existing or more than 2 years old,FORT WORTH,TARRANT,TX,76109-4802,TX-12,76,238220,Unanswered,Unknown/NotStated,,1364700,,,,,,Limited Liability Partnership,71783,Frost Bank,SAN ANTONIO,TX,Female Owned,Unanswered,,1378608.72,04/26/2021
7041797300,04/30/2020,0610,PPP,"STRATUS SYSTEMS, LLC",10490 Vista Park Road,Dallas,TX,75238,07/20/2021,Paid in Full,24,100,1341222.5,1341222.5,0,,113190,American Express National Bank,115 West Towne Ridge Parkway,Sandy,UT,84070,U,Y,Y,Existing or more than 2 years old,Dallas,DALLAS,TX,75238-0001,TX-24,48,238220,Unanswered,Unknown/NotStated,13412.23,1019329.1,0,26824.45,,281656.72,0,Limited  Liability Company(LLC),113190,American Express National Bank,Sandy,UT,Unanswered,Unanswered,,1355479.88,06/11/2021
6226898304,01/26/2021,0678,PPS,BRUCE THORNTON AIR CONDITIONING INC,128 Slaton Rd,Lubbock,TX,79404-5202,09/28/2021,Paid in Full,60,100,1317079.77,1317079.77,0,,68966,Amarillo National Bank,410 S Taylor St,AMARILLO,TX,79101-1555,U,Y,Y,Existing or more than 2 years old,Lubbock,LUBBOCK,TX,79404-5202,TX-19,119,238220,Unanswered,Unknown/NotStated,1,1317077.77,,,,,,Corporation,68966,Amarillo National Bank,AMARILLO,TX,Unanswered,Unanswered,,1324396.88,08/18/2021
5443527108,04/13/2020,0678,PPP,"ARMSTRONG MECHANICAL COMPANY, INC",710 E. 40th Street,LUBBOCK,TX,79404-3006,05/15/2021,Paid in Full,24,100,1298800,1298800,0,,71316,PlainsCapital Bank,2911 Turtle Creek Blvd. Suite 700,DALLAS,TX,75219,U,Y,Y,Existing or more than 2 years old,LUBBOCK,LUBBOCK,TX,79404-3006,TX-19,109,238220,Unanswered,Unknown/NotStated,4946,1183811,,7200,,102843,,Corporation,71316,PlainsCapital Bank,DALLAS,TX,Unanswered,Unanswered,,1311824.08,04/13/2021
7149567107,04/14/2020,0610,PPP,MOSBY MECHANICAL CO. INC.,507 S. Eastman Rd.,LONGVIEW,TX,75602-1707,02/11/2021,Paid in Full,24,100,1280835,1280835,0,,70840,Texas Bank and Trust Company,300 E Whaley,LONGVIEW,TX,75601-6417,U,Y,Y,Existing or more than 2 years old,LONGVIEW,GREGG,TX,75602-1707,TX-01,90,238220,Unanswered,Unknown/NotStated,,1280835,,,,,,Corporation,70840,Texas Bank and Trust Company,LONGVIEW,TX,Unanswered,Unanswered,,1290414.94,01/13/2021
8482447006,04/08/2020,0671,PPP,"WAY SERVICE, LTD",5308 ASHBROOK DR,HOUSTON,TX,77081-4102,04/23/2021,Paid in Full,24,100,1277475,1277475,0,,44449,"PNC Bank, National Association",222 Delaware Ave,WILMINGTON,DE,19801-1621,U,Y,Y,Existing or more than 2 years old,HOUSTON,HARRIS,TX,77081-4102,TX-07,90,238220,Unanswered,Unknown/NotStated,159684,958106,159685,,,,,Limited  Liability Company(LLC),760,First Source Federal Credit Union,Rome,NY,Unanswered,Unanswered,,1288759.36,02/26/2021
7076667209,04/28/2020,0610,PPP,UNLIMITED SPRINKLER FIRE PROTECTION INC,130 KRISTEN LN,WYLIE,TX,75098,04/08/2021,Paid in Full,24,100,1272200,1272200,0,,71977,The American National Bank of Texas,102 W Moore,TERRELL,TX,75160-3129,U,N,N,Existing or more than 2 years old,WYLIE,COLLIN,TX,75098-0001,TX-03,165,238220,Unanswered,Unknown/NotStated,,1272200,,,,,,Corporation,71977,The American National Bank of Texas,TERRELL,TX,Unanswered,Unanswered,,1283214.12,03/17/2021
8737178301,01/30/2021,0681,PPS,MUELLER & WILSON INC,12747 Cimarron Path,San Antonio,TX,78249-3488,01/20/2022,Paid in Full,60,100,1253010.3,1253010.3,0,,447956,Texas Partners Bank,1900 NW Loop 410,SAN ANTONIO,TX,78213-2320,U,N,N,Existing or more than 2 years old,San Antonio,BEXAR,TX,78249-3488,TX-20,70,238220,Unanswered,Not Hispanic or Latino,1,1253008.3,,,,,,Subchapter S Corporation,447956,Texas Partners Bank,SAN ANTONIO,TX,Female Owned,Non-Veteran,,1263486.86,12/14/2021
8265117005,04/08/2020,0681,PPP,"MUELLER & WILSON, INC.",12747 Cimarron Path,SAN ANTONIO,TX,78249-3405,02/20/2021,Paid in Full,24,100,1253010,1253010,0,,447956,Texas Partners Bank,1900 NW Loop 410,SAN ANTONIO,TX,78213-2320,U,N,N,Existing or more than 2 years old,SAN ANTONIO,BEXAR,TX,78249-3405,TX-20,73,238220,Unanswered,Not Hispanic or Latino,,939758,,313252,,,,Subchapter S Corporation,515712,Texas Partners Bank,AUSTIN,TX,Female Owned,Non-Veteran,,1259762.33,11/05/2020
1832117109,04/10/2020,0671,PPP,"ARCHIMEDES, INC.",5403 KIRBY DR,HOUSTON,TX,77005-2401,12/10/2020,Paid in Full,24,100,1244800,1244800,0,,69962,"Texas Gulf Bank, National Association",1626 S Voss Rd,HOUSTON,TX,77057-2602,U,N,N,Existing or more than 2 years old,HOUSTON,HARRIS,TX,77005-2401,TX-07,97,238220,Unanswered,Unknown/NotStated,,1244800,,,,,,Subchapter S Corporation,69962,"Texas Gulf Bank, National Association",HOUSTON,TX,Unanswered,Unanswered,,1251689.03,11/05/2020
7932207705,05/01/2020,0671,PPP,"SCHAFFER MECHANICAL, INC.",5420 Gulfton,Houston,TX,77081,12/16/2021,Paid in Full,60,100,1226200,1226200,0,,72601,"Zions Bank, A Division of",1 S Main St,SALT LAKE CITY,UT,84133-1109,U,N,Y,Existing or more than 2 years old,Houston,HARRIS,TX,77081-1000,TX-07,152,238220,Unanswered,Unknown/NotStated,,1226200,,,,,,Subchapter S Corporation,72601,"Zions Bank, A Division of",SALT LAKE CITY,UT,Unanswered,Unanswered,,1245516.85,12/01/2021
4846047008,04/04/2020,0610,PPP,"HORIZON PLUMBING, LTD",2706 W PIONEER PARKWAY,ARLINGTON,TX,76016-5906,05/19/2021,Paid in Full,24,100,1216300,1216300,0,,105536,Susser Bank,"100 Crescent Ct, Ste. 575",DALLAS,TX,75201,U,N,N,Existing or more than 2 years old,ARLINGTON,TARRANT,TX,76016-5906,TX-06,117,238220,Unanswered,Unknown/NotStated,,1216300,,,,,,Limited Liability Partnership,105536,Susser Bank,DALLAS,TX,Unanswered,Unanswered,,1227296.68,03/10/2021
9465588502,03/12/2021,0610,PPS,SKIHI ENTERPRISES LTD,2943 Stuart Dr,Ft Worth,TX,76104-6766,09/29/2021,Paid in Full,60,100,1215642.5,1215642.5,0,,368915,Veritex Community Bank,8214 Westchester Dr Ste 800,Dallas,TX,75225,U,Y,Y,Existing or more than 2 years old,Ft Worth,TARRANT,TX,76104-6766,TX-33,91,238220,White,Not Hispanic or Latino,1,1215638.5,,,,,,Corporation,368915,Veritex Community Bank,Dallas,TX,Male Owned,Non-Veteran,,1220804.82,08/20/2021
9902577807,06/09/2020,0610,PPP,SKIHI ENTERPRISES LTD,2943 STUART DRIVE,FT WORTH,TX,76104-6766,03/18/2021,Paid in Full,60,100,1215642.5,1215642.5,0,,368915,Veritex Community Bank,8214 Westchester Dr Ste 800,Dallas,TX,75225,U,Y,Y,Existing or more than 2 years old,FT WORTH,TARRANT,TX,76104-6766,TX-33,113,238220,White,Not Hispanic or Latino,,1215642.5,,,,,,Corporation,368915,Veritex Community Bank,Dallas,TX,Male Owned,Non-Veteran,,1224501.7,03/11/2021
2376217202,04/16/2020,0610,PPP,"LONGHORN MECHANICAL, INC.",1045 Spence Rd,VAN ALSTYNE,TX,75495,04/22/2021,Paid in Full,24,100,1212887.5,1212887,0,,48270,"JPMorgan Chase Bank, National Association",1111 Polaris Pkwy,COLUMBUS,OH,43240-2031,R,N,N,Existing or more than 2 years old,VAN ALSTYNE,GRAYSON,TX,75495-0001,TX-04,97,238220,Unanswered,Unknown/NotStated,3600,1050037.5,,35000,,123000,1249.5,Corporation,194093,"JPMorgan Chase Bank, National Association",CHICAGO,IL,Unanswered,Unanswered,,1223254.49,02/26/2021
4695937006,04/04/2020,0678,PPP,"ALLEN'S TRI-STATE MECHANICAL, INC.",404 S HAYDEN ST,AMARILLO,TX,79101-1124,01/16/2021,Paid in Full,24,100,1206200,1206200,0,,68966,Amarillo National Bank,410 S Taylor St,AMARILLO,TX,79101-1555,U,Y,Y,Existing or more than 2 years old,AMARILLO,POTTER,TX,79101-1124,TX-13,76,238220,Unanswered,Unknown/NotStated,,1206200,,,,,,Corporation,68966,Amarillo National Bank,AMARILLO,TX,Unanswered,Unanswered,,1214810.93,12/22/2020
4360657101,04/13/2020,0671,PPP,WEEKS SERVICE COMPANY,1306 Hwy 3 South,League City,TX,77573,04/24/2021,Paid in Full,24,100,1198702,1198702,0,,455559,Parkside Financial Bank & Trust,"8112 Maryland Ave, Ste 101",CLAYTON,MO,63105-3700,U,N,N,Existing or more than 2 years old,League City,GALVESTON,TX,77573-0700,TX-14,76,238220,Unanswered,Unknown/NotStated,,1198702,,,,,,Corporation,455559,Parkside Financial Bank & Trust,CLAYTON,MO,Male Owned,Unanswered,,1209079.8,03/05/2021
9987017006,04/09/2020,0610,PPP,"ALMCOE REFRIGERATION COMPANY, LLC",4050 CRESTHILL RD,DALLAS,TX,75227-4008,06/10/2021,Paid in Full,24,100,1570700,1194500,0,,68987,Independent Bank d/b/a Independent Financial,3090 Craig Dr,MCKINNEY,TX,75070-4352,U,Y,Y,Existing or more than 2 years old,DALLAS,DALLAS,TX,75227-4008,TX-32,102,238220,Unanswered,Unknown/NotStated,8738,1102459,,25846,,57457,,Limited  Liability Company(LLC),68987,Independent Bank d/b/a Independent Financial,MCKINNEY,TX,Unanswered,Unanswered,,1207108.61,05/06/2021
6131937010,04/06/2020,0610,PPP,PJC AIR CONDITIONING AND PLUMBING,204 WOODHEW DR,WOODWAY,TX,76712-6529,01/21/2021,Paid in Full,24,100,1178500,1178500,0,,71367,First National Bank of Central Texas,1835 N Valley Mills Dr,WACO,TX,76710-2556,U,N,N,Existing or more than 2 years old,WOODWAY,MCLENNAN,TX,76712-6529,TX-17,204,238220,Unanswered,Unknown/NotStated,,883875,,294625,,,,Limited  Liability Company(LLC),71367,First National Bank of Central Texas,WACO,TX,Unanswered,Unanswered,,1185732.44,11/27/2020
4760617001,04/04/2020,0678,PPP,"BRUCE THORNTON AIR CONDITIONING, INC",128 SLATON RD,LUBBOCK,TX,79404-5202,12/16/2020,Paid in Full,24,100,1176900,1176900,0,,68966,Amarillo National Bank,410 S Taylor St,AMARILLO,TX,79101-1555,U,Y,Y,Existing or more than 2 years old,LUBBOCK,LUBBOCK,TX,79404-5202,TX-19,114,238220,Unanswered,Unknown/NotStated,,1176900,,,,,,Corporation,68966,Amarillo National Bank,AMARILLO,TX,Female Owned,Unanswered,,1183830.63,11/03/2020
5679508410,02/09/2021,0678,PPS,ANTHONY MECHANICAL INC.,525 E 40th St,Lubbock,TX,79404-2815,09/08/2021,Paid in Full,60,100,1166750,1166750,0,,70847,Peoples Bank,5820 82nd St,LUBBOCK,TX,79424-3617,U,Y,Y,Existing or more than 2 years old,Lubbock,LUBBOCK,TX,79404-2815,TX-19,126,238220,Unanswered,Unknown/NotStated,1,1166748,,,,,,Corporation,70847,Peoples Bank,LUBBOCK,TX,Unanswered,Unanswered,,1173296.76,08/31/2021
9596317103,04/15/2020,0681,PPP,"AUSTIN AIR CONDITIONING, INC.",13620 Immanuel Rd,PFLUGERVILLE,TX,78660,08/09/2022,Paid in Full,24,100,1165000,1165000,0,,44449,"PNC Bank, National Association",222 Delaware Ave,WILMINGTON,DE,19801-1621,U,Y,Y,Existing or more than 2 years old,PFLUGERVILLE,TRAVIS,TX,78660-0001,TX-17,65,238220,White,Not Hispanic or Latino,10000,1125000,,20000,,10000,,Corporation,760,First Source Federal Credit Union,Rome,NY,Male Owned,Non-Veteran,,692865.79,07/08/2022
2778447302,04/29/2020,0681,PPP,HVAC TEAM MECHANICAL SERVICES INC,2201 PATTERSON INDUSTRIAL DRIVE STE 200,PFLUGERVILLE,TX,78660-8333,02/17/2021,Paid in Full,24,100,1151000,1151000,0,,69819,Prosperity Bank,1301 N Mechanic,El Campo,TX,77437,U,Y,Y,Existing or more than 2 years old,PFLUGERVILLE,TRAVIS,TX,78660-8333,TX-17,77,238220,Unanswered,Unknown/NotStated,,1151000,,,,,,Subchapter S Corporation,69819,Prosperity Bank,El Campo,TX,Unanswered,Unanswered,,1157424.2,02/12/2021
7320967110,04/14/2020,0639,PPP,"A C DISTRIBUTION, INC.",5638 BEAR LN,CORPUS CHRISTI,TX,78405-4406,03/17/2021,Paid in Full,24,100,1141562.5,1141562.5,0,,69244,Charter Bank,10502 Leopard St,CORPUS CHRISTI,TX,78410-2621,U,Y,N,Existing or more than 2 years old,CORPUS CHRISTI,NUECES,TX,78405-4406,TX-27,122,238220,Unanswered,Unknown/NotStated,6753,1048894.5,,58800,,21300,5815,Corporation,69244,Charter Bank,CORPUS CHRISTI,TX,Male Owned,Non-Veteran,,1150726.28,02/09/2021
2942028500,02/22/2021,0681,PPS,A.J. MONIER SERVICE CO,1446 N Flores St,San Antonio,TX,78212-4928,08/17/2022,Paid in Full,60,100,1130000,1130000,0,,71783,Frost Bank,111 W Houston St,SAN ANTONIO,TX,78205-1414,U,Y,Y,Existing or more than 2 years old,San Antonio,BEXAR,TX,78212-4928,TX-20,54,238220,Unanswered,Unknown/NotStated,1,1129995,,,,,,Corporation,71783,Frost Bank,SAN ANTONIO,TX,Unanswered,Unanswered,,1145634.25,07/20/2022
7256307007,04/07/2020,0681,PPP,A.J. MONIER SERVICES CO,1446 N FLORES ST,SAN ANTONIO,TX,78212-4928,01/22/2021,Paid in Full,24,100,1130000,1130000,0,,71783,Frost Bank,111 W Houston St,SAN ANTONIO,TX,78205-1414,U,Y,Y,Existing or more than 2 years old,SAN ANTONIO,BEXAR,TX,78212-4928,TX-20,52,238220,Unanswered,Unknown/NotStated,,1130000,,,,,,Corporation,71783,Frost Bank,SAN ANTONIO,TX,Unanswered,Unanswered,,1137677.81,12/22/2020
1930647108,04/10/2020,0610,PPP,F G HAGGERTY COMPANY INC,1318 Hatton Road,Wichita Falls,TX,76302-3008,01/20/2021,Paid in Full,24,100,1127032.82,1127032.82,0,,72171,First National Bank,3801 Fairway at Kell Blvd,WICHITA FALLS,TX,76310,U,Y,Y,Existing or more than 2 years old,Wichita Falls,WICHITA,TX,76302-3008,TX-13,100,238220,Unanswered,Unknown/NotStated,,1127032.82,,,,,,Corporation,72171,First National Bank,WICHITA FALLS,TX,Female Owned,Unanswered,,1134421.15,12/08/2020
7192427008,04/07/2020,0610,PPP,"SSP INDUSTRIES, L.P.",2749 Chaparral Road,KILLEEN,TX,76542-5516,12/18/2020,Paid in Full,24,100,1125060,1125060,0,,71966,Extraco Banks National Association,3615 S. 31st St.,Temple,TX,76502,U,N,N,Existing or more than 2 years old,KILLEEN,BELL,TX,76542-5516,TX-11,107,238220,Unanswered,Unknown/NotStated,140633,843794,,140633,,,,Partnership,71966,Extraco Banks National Association,Temple,TX,Unanswered,Unanswered,,1131810.36,11/23/2020
5366377008,04/05/2020,0610,PPP,WILLARD HEATING AND AIR,207 E US HIGHWAY 80,FORNEY,TX,75126-8664,02/23/2021,Paid in Full,24,100,1119300,1119300,0,,71330,City Bank,5219 City Bank Pkwy,LUBBOCK,TX,79407-3544,R,N,N,Existing or more than 2 years old,FORNEY,KAUFMAN,TX,75126-8664,TX-05,81,238220,Unanswered,Unknown/NotStated,111930,895440,111930,,,,,Subchapter S Corporation,71330,City Bank,LUBBOCK,TX,Unanswered,Unanswered,,1128316.58,02/01/2021
6966127709,05/01/2020,0671,PPP,CHAPARRAL PLUMBING LP,18901 Turnip St,Spring,TX,77379,05/19/2021,Paid in Full,24,100,1112387,1112387,0,,9551,"Bank of America, National Association","100 N Tryon St, Ste 170",CHARLOTTE,NC,28202-4024,U,N,N,New Business or 2 years or less,Spring,HARRIS,TX,77379-1000,TX-02,104,238220,Unanswered,Unknown/NotStated,,1112387,,,,,,Limited Liability Partnership,9551,"Bank of America, National Association",CHARLOTTE,NC,Unanswered,Unanswered,,1122474.67,03/31/2021
1097498705,03/26/2021,0610,PPS,COMPOSITE COOLING SOLUTIONS LP,4150 International Plz Ste 500,Fort Worth,TX,76109-4826,01/31/2022,Paid in Full,60,100,1111000,1111000,0,,71783,Frost Bank,111 W Houston St,SAN ANTONIO,TX,78205-1414,U,N,N,Existing or more than 2 years old,Fort Worth,TARRANT,TX,76109-4826,TX-12,45,238220,Unanswered,Unknown/NotStated,1,1110997,,,,,,Limited Liability Partnership,71783,Frost Bank,SAN ANTONIO,TX,Female Owned,Unanswered,,1118883.53,12/14/2021
2559707101,04/10/2020,0671,PPP,"DERRYBERRY'S, L.P.",2203 W CEDAR BAYOU LYNCHBURG RD,BAYTOWN,TX,77521-1641,07/16/2021,Paid in Full,24,100,1107000,1107000,0,,71999,Texas First Bank,3232 Palmer Hwy,TEXAS CITY,TX,77590-6724,U,N,N,Existing or more than 2 years old,BAYTOWN,HARRIS,TX,77521-1641,TX-36,98,238220,White,Hispanic or Latino,18850,1074150,,14000,,,,Partnership,71999,Texas First Bank,TEXAS CITY,TX,Male Owned,Unanswered,,1117762.5,03/30/2021
6595817007,04/07/2020,0681,PPP,"RADIANT PLUMBING SERVICE, INCORPORATED",901 REINLI ST,AUSTIN,TX,78751-1503,12/19/2020,Paid in Full,24,100,1103300,1103300,0,,71783,Frost Bank,111 W Houston St,SAN ANTONIO,TX,78205-1414,U,Y,Y,Existing or more than 2 years old,AUSTIN,TRAVIS,TX,78751-1503,TX-37,120,238220,Unanswered,Not Hispanic or Latino,,1103300,,,,,,Corporation,71783,Frost Bank,SAN ANTONIO,TX,Female Owned,Non-Veteran,,1109822.46,02/16/2021
6831267109,04/14/2020,0610,PPP,"TB2 SERVICE, INC",3250 W STORY RD Ste 102,IRVING,TX,75038-3544,01/22/2021,Paid in Full,24,100,1087800,1087800,0,,69819,Prosperity Bank,1301 N Mechanic,El Campo,TX,77437,U,N,Y,Existing or more than 2 years old,IRVING,DALLAS,TX,75038-3544,TX-33,63,238220,Unanswered,Unknown/NotStated,,1087800,,,,,,Corporation,69819,Prosperity Bank,El Campo,TX,Male Owned,Veteran,,1095131.47,12/30/2020
5011567007,04/04/2020,0681,PPP,QUARTER MOON PLUMBING INC,18838 FM 2252,SAN ANTONIO,TX,78266-3008,01/07/2021,Paid in Full,24,100,1085600,1085600,0,,58899,First United Bank and Trust Company,1400 W Main St,DURANT,OK,74701-4906,R,N,N,New Business or 2 years or less,SAN ANTONIO,COMAL,TX,78266-3008,TX-21,120,238220,Unanswered,Unknown/NotStated,19000,1050280,,16320,,,,Corporation,58899,First United Bank and Trust Company,DURANT,OK,Unanswered,Unanswered,,1092648.96,12/08/2020
9710907010,04/09/2020,0671,PPP,"A/W MECHANICAL SERVICES, INC",3331 WEST 11TH ST,HOUSTON,TX,77008-6109,07/09/2021,Paid in Full,24,100,1177884,1081400,0,,68987,Independent Bank d/b/a Independent Financial,3090 Craig Dr,MCKINNEY,TX,75070-4352,U,Y,N,Existing or more than 2 years old,HOUSTON,HARRIS,TX,77008-6109,TX-07,78,238220,White,Unknown/NotStated,2500,930448.81,12628.76,80496.82,,55325.61,,Corporation,68987,Independent Bank d/b/a Independent Financial,MCKINNEY,TX,Male Owned,Veteran,,1094286.68,06/22/2021
7932677009,04/08/2020,0681,PPP,"AUGERMAN, INC",450 PINN RD,SAN ANTONIO,TX,78227-1232,12/19/2020,Paid in Full,24,100,1075400,1075400,0,,71783,Frost Bank,111 W Houston St,SAN ANTONIO,TX,78205-1414,U,Y,Y,Existing or more than 2 years old,SAN ANTONIO,BEXAR,TX,78227-1232,TX-20,95,238220,Unanswered,Unknown/NotStated,,1075400,,,,,,Corporation,71783,Frost Bank,SAN ANTONIO,TX,Unanswered,Unanswered,,1081793.47,11/23/2020
8058207702,05/01/2020,0671,PPP,"AIR SPECIALIST HEATING AND AIR CONDITIONING COMPANY, INC.",1323 N Main St,Pearland,TX,77581,02/20/2021,Paid in Full,60,100,1068400,1068400,0,,72601,"Zions Bank, A Division of",1 S Main St,SALT LAKE CITY,UT,84133-1109,U,N,N,Existing or more than 2 years old,Pearland,BRAZORIA,TX,77581-0001,TX-22,74,238220,Unanswered,Unknown/NotStated,,1068400,,,,,,Corporation,72601,"Zions Bank, A Division of",SALT LAKE CITY,UT,Unanswered,Unanswered,,1076391.05,02/02/2021
2954958603,03/16/2021,0671,PPS,COOPWOOD'S AIR CONDITIONING INC.,414 W Tidwell Rd,Houston,TX,77091-4337,10/07/2021,Paid in Full,60,100,1059500,1059500,0,,33850,Comerica Bank,1717 Main St,DALLAS,TX,75201-4612,U,Y,Y,Existing or more than 2 years old,Houston,HARRIS,TX,77091-4337,TX-29,64,238220,White,Unknown/NotStated,1,1059497,,,,,,Subchapter S Corporation,33850,Comerica Bank,DALLAS,TX,Male Owned,Non-Veteran,,1064768.07,09/15/2021
7863888407,02/12/2021,0678,PPS,FIRST SERVICE AC CONTRACTORS INC,3009 Garden City Hwy,Midland,TX,79701-1560,01/12/2022,Paid in Full,60,100,1059210,1059210,0,,444341,American Momentum Bank,1 Momentum Blvd,COLLEGE STATION,TX,77845-6199,U,Y,Y,Existing or more than 2 years old,Midland,MIDLAND,TX,79701-1560,TX-11,84,238220,White,Unknown/NotStated,1,1059205,,,,,,Corporation,444341,American Momentum Bank,COLLEGE STATION,TX,Male Owned,Non-Veteran,,1068036.75,12/16/2021
5289187201,04/27/2020,0671,PPP,"CONSOLIDATED SERVICES OF NORTH AMERICA, LLC","5833 WESTVIEW DRIVE, SUITE A",HOUSTON,TX,77055-5428,06/12/2024,Charged Off,10,100,1055205,1055205,0,,509316,"Harvest Small Business Finance, LLC",24422 Avenida de la Carlota Suite 400,Laguna Hills,CA,92653,U,N,N,Existing or more than 2 years old,HOUSTON,HARRIS,TX,77055-5428,TX-18,19,238220,Unanswered,Not Hispanic or Latino,,1055205,,,,,,Limited  Liability Company(LLC),509316,"Harvest Small Business Finance, LLC",Laguna Hills,CA,Male Owned,Non-Veteran,,955724.36,12/03/2021
5435167009,04/05/2020,0610,PPP,"RELIANCE PLUMBING GROUP, INC",1001 ALUMAX RD,NASH,TX,75569-0019,11/19/2020,Paid in Full,24,100,1039945,1039945,0,,4520,Farmers Bank & Trust Company,200 E Main St,MAGNOLIA,AR,71753-3530,R,N,N,Existing or more than 2 years old,NASH,BOWIE,TX,75569-0019,TX-01,94,238220,Unanswered,Not Hispanic or Latino,,1039945,,,,,,Subchapter S Corporation,4520,Farmers Bank & Trust Company,MAGNOLIA,AR,Male Owned,Unanswered,,1045785.79,11/05/2020
6703347006,04/07/2020,0678,PPP,SCOTTCO MECHANICAL CONTRACTORS INC,4121 SW 50TH AVE,AMARILLO,TX,79109-6127,12/16/2020,Paid in Full,24,100,1038000,1038000,0,,68966,Amarillo National Bank,410 S Taylor St,AMARILLO,TX,79101-1555,U,Y,Y,Existing or more than 2 years old,AMARILLO,RANDALL,TX,79109-6127,TX-13,76,238220,Unanswered,Unknown/NotStated,,1038000,,,,,,Corporation,68966,Amarillo National Bank,AMARILLO,TX,Unanswered,Unanswered,,1043968.5,11/03/2020
7227707010,04/07/2020,0610,PPP,"AIRCO, LTD",1516 CENTRAL PARK DR,HURST,TX,76053-7402,12/19/2020,Paid in Full,24,100,1036110,1036110,0,,72026,Southside Bank,1201 S Beckham Ave,TYLER,TX,75701-3320,U,N,N,Existing or more than 2 years old,HURST,TARRANT,TX,76053-7402,TX-24,84,238220,Unanswered,Unknown/NotStated,,1036110,,,,,,Partnership,72026,Southside Bank,TYLER,TX,Unanswered,Unanswered,,1042556.91,11/23/2020
7608628609,03/24/2021,0671,PPS,DERRYBERRY'S LP,2203 W Cedar Bayou Lynchburg Rd,Baytown,TX,77521-1641,09/23/2021,Paid in Full,60,100,1033302,1033302,0,,71999,Texas First Bank,3232 Palmer Hwy,TEXAS CITY,TX,77590-6724,U,N,N,Existing or more than 2 years old,Baytown,HARRIS,TX,77521-1641,TX-36,80,238220,White,Hispanic or Latino,1,1033299,,,,,,Partnership,71999,Texas First Bank,TEXAS CITY,TX,Male Owned,Unanswered,,1037550.02,08/20/2021
5705807110,04/13/2020,0681,PPP,MJ MECHANICAL INC.,221 Highland Oaks,LEANDER,TX,78641-3999,05/29/2021,Paid in Full,24,100,1031000,1031000,0,,72188,American Bank of Commerce,530 E Hwy 62/82,WOLFFORTH,TX,79382-9382,U,N,N,Existing or more than 2 years old,LEANDER,WILLIAMSON,TX,78641-3999,TX-31,114,238220,Unanswered,Unknown/NotStated,,773250,,257750,,,,Subchapter S Corporation,72188,American Bank of Commerce,WOLFFORTH,TX,Unanswered,Unanswered,,1036479.84,11/03/2020
5469617109,04/13/2020,0678,PPP,"EARL'S PLUMBING, HEATING, AND AIR INC",4720HIghway 84,LUBBOCK,TX,79415,02/20/2021,Paid in Full,24,100,1023400,1023400,0,,71316,PlainsCapital Bank,2911 Turtle Creek Blvd. Suite 700,DALLAS,TX,75219,U,N,N,Existing or more than 2 years old,LUBBOCK,LUBBOCK,TX,79415-1100,TX-19,98,238220,Unanswered,Unknown/NotStated,3000,970400,,22000,,28000,,Corporation,71316,PlainsCapital Bank,DALLAS,TX,Unanswered,Unanswered,,1030990.22,01/11/2021
9543217006,04/09/2020,0681,PPP,"ARNOLD REFRIGERATION, INC.",1122 N. Cherry Street 0.0,San Antonio,TX,78202-1103,06/22/2021,Paid in Full,24,100,1022500,1022500,0,,48270,"JPMorgan Chase Bank, National Association",1111 Polaris Pkwy,COLUMBUS,OH,43240-2031,U,Y,Y,Existing or more than 2 years old,San Antonio,BEXAR,TX,78202-1103,TX-35,60,238220,Unanswered,Unknown/NotStated,6000,961300,1200,24000,0,30000,0,Corporation,194093,"JPMorgan Chase Bank, National Association",CHICAGO,IL,Male Owned,Veteran,,1033967.91,05/27/2021
3232527305,04/29/2020,0671,PPP,"COOPWOOD'S AIR CONDITIONING, INC.",414 W Tidwell Rd,Houston,TX,77091-4337,08/07/2021,Paid in Full,24,100,1019300,1019300,0,,33850,Comerica Bank,1717 Main St,DALLAS,TX,75201-4612,U,Y,Y,Existing or more than 2 years old,Houston,HARRIS,TX,77091-4337,TX-29,79,238220,White,Unknown/NotStated,,815480,203820,,,,,Subchapter S Corporation,33850,Comerica Bank,DALLAS,TX,Male Owned,Non-Veteran,,1031220.15,07/01/2021
1217757209,04/15/2020,0681,PPP,SI MECHANICAL LLC,1589 PO BOX,BUDA,TX,78610-1589,12/24/2020,Paid in Full,24,100,1009207,1009207,0,,72026,Southside Bank,1201 S Beckham Ave,TYLER,TX,75701-3320,R,N,N,Existing or more than 2 years old,BUDA,HAYS,TX,78610-1589,TX-21,90,238220,Unanswered,Unknown/NotStated,,1009207,,,,,,Limited  Liability Company(LLC),72026,Southside Bank,TYLER,TX,Male Owned,Unanswered,,1015178.14,11/23/2020
8288837001,04/08/2020,0610,PPP,DENALLI CONSTRUCTION SERVICES,1840 HUTTON DR,CARROLLTON,TX,75006-6619,04/06/2021,Paid in Full,24,100,1000000,1000000,0,,88833,"Axiom Bank, National Association",258 Southhall Ln,MAITLAND,FL,32751-7449,U,N,N,Existing or more than 2 years old,CARROLLTON,DALLAS,TX,75006-6619,TX-24,72,238220,Unanswered,Not Hispanic or Latino,,1000000,,,,,,Partnership,88833,"Axiom Bank, National Association",MAITLAND,FL,Female Owned,Non-Veteran,,1009013.7,03/11/2021
7622757101,04/14/2020,0671,PPP,MAS MECHANICAL LLC,10050 HOUSTON OAKS DR,HOUSTON,TX,77064-3520,03/19/2021,Paid in Full,24,100,999999,999999,0,,451098,Stellar Bank,8727 W Sam Houston Pkwy North,HOUSTON,TX,77040-5167,U,Y,Y,Existing or more than 2 years old,HOUSTON,HARRIS,TX,77064-3520,TX-38,153,238220,Unanswered,Unknown/NotStated,,999999,,,,,,Limited  Liability Company(LLC),451098,Stellar Bank,HOUSTON,TX,Unanswered,Unanswered,,1008304.55,02/25/2021
5230887303,04/30/2020,0671,PPP,"HART PLUMBING SOUTHWEST, LLC",142 ELDRIDGE RD STE A,SUGAR LAND,TX,77478,03/20/2021,Paid in Full,24,100,995611,995611,0,,48270,"JPMorgan Chase Bank, National Association",1111 Polaris Pkwy,COLUMBUS,OH,43240-2031,U,N,N,Existing or more than 2 years old,SUGAR LAND,FORT BEND,TX,77478-1401,TX-22,90,238220,White,Not Hispanic or Latino,1100,924439.47,,23800,,46271.53,,Limited  Liability Company(LLC),194093,"JPMorgan Chase Bank, National Association",CHICAGO,IL,Male Owned,Non-Veteran,,1002955.84,01/28/2021
9384777001,04/09/2020,0681,PPP,SWEETWATER FILTRATION SYSTEMS,10139 METROPOLITAN DR,AUSTIN,TX,78758-4942,12/19/2020,Paid in Full,24,100,995500,995500,0,,71783,Frost Bank,111 W Houston St,SAN ANTONIO,TX,78205-1414,U,N,Y,Existing or more than 2 years old,AUSTIN,TRAVIS,TX,78758-4942,TX-37,103,238220,Unanswered,Unknown/NotStated,,995500,,,,,,Corporation,71783,Frost Bank,SAN ANTONIO,TX,Female Owned,Non-Veteran,,1001336.63,11/23/2020
6125517006,04/06/2020,0610,PPP,"LOGICAL SOLUTIONS, INC.",407 International Parkway 406,RICHARDSON,TX,75081-2854,02/16/2021,Paid in Full,24,100,993800,993800,0,,455610,Texas Security Bank,1212 Turtle Creek Blvd,DALLAS,TX,75207-6614,U,N,N,Existing or more than 2 years old,RICHARDSON,DALLAS,TX,75081-2854,TX-32,67,238220,White,Not Hispanic or Latino,63800,800000,35000,20000,,75000,,Corporation,455610,Texas Security Bank,DALLAS,TX,Male Owned,Non-Veteran,,999321.11,11/03/2020
5112657009,04/05/2020,0610,PPP,UGOTEM,870 DIVIDEND RD,MIDLOTHIAN,TX,76065-6224,04/05/2021,Paid in Full,24,100,983000,983000,0,,72088,Citizens National Bank of Texas,200 N Elm St,Waxahachie,TX,75165-3614,R,N,N,Existing or more than 2 years old,MIDLOTHIAN,ELLIS,TX,76065-6224,TX-06,83,238220,White,Not Hispanic or Latino,,983000,,,,,,Limited  Liability Company(LLC),72088,Citizens National Bank of Texas,Waxahachie,TX,Female Owned,Non-Veteran,,988651.89,02/12/2021
7845027004,04/08/2020,0610,PPP,"NEU PLUMBING, INC",1117 FOUNDATION DR,PILOT POINT,TX,76258-2953,02/04/2021,Paid in Full,24,100,950800,980400,0,,58899,First United Bank and Trust Company,1400 W Main St,DURANT,OK,74701-4906,U,N,N,Existing or more than 2 years old,PILOT POINT,DENTON,TX,76258-2953,TX-26,81,238220,Unanswered,Unknown/NotStated,,980400,,,,,,Subchapter S Corporation,58899,First United Bank and Trust Company,DURANT,OK,Unanswered,Unanswered,,987437.39,01/08/2021
3768417109,04/12/2020,0610,PPP,KENNEDALE MANSFIELD PLUMBING INC,1451 HERITAGE PKWY,MANSFIELD,TX,76063-2721,12/08/2020,Paid in Full,24,100,980000,980000,0,,71977,The American National Bank of Texas,102 W Moore,TERRELL,TX,75160-3129,U,N,N,Existing or more than 2 years old,MANSFIELD,TARRANT,TX,76063-2721,TX-06,86,238220,Unanswered,Unknown/NotStated,,980000,,,,,,Corporation,71977,The American National Bank of Texas,TERRELL,TX,Unanswered,Unanswered,,985208.77,11/03/2020
1906367107,04/10/2020,0681,PPP,"BEYER PLUMBING COMPANY, LTD",4711 BROOM ST,SAN ANTONIO,TX,78217-3708,02/24/2021,Paid in Full,24,100,979800,979800,0,,71783,Frost Bank,111 W Houston St,SAN ANTONIO,TX,78205-1414,U,Y,Y,Existing or more than 2 years old,SAN ANTONIO,BEXAR,TX,78217-3708,TX-35,80,238220,Unanswered,Unknown/NotStated,,979800,,,,,,Corporation,71783,Frost Bank,SAN ANTONIO,TX,Unanswered,Unanswered,,987155.21,01/20/2021
5552167008,04/05/2020,0671,PPP,"RAMCO INDUSTRIES, INC.",900 HOUSTON AVE,PASADENA,TX,77502-2215,07/17/2021,Paid in Full,24,100,978300,978300,0,,71999,Texas First Bank,3232 Palmer Hwy,TEXAS CITY,TX,77590-6724,U,Y,Y,Existing or more than 2 years old,PASADENA,HARRIS,TX,77502-2215,TX-29,156,238220,Unanswered,Unknown/NotStated,,978300,,,,,,Corporation,71999,Texas First Bank,TEXAS CITY,TX,Unanswered,Unanswered,,989604.8,06/01/2021
5752117107,04/14/2020,0671,PPP,"BMF  SOLUTIONS,LLP",13602 JARVIS RD,CYPRESS,TX,77429-3802,12/05/2020,Paid in Full,24,100,977600,977600,0,,71476,"Guaranty Bank & Trust, National Association",100 W Arkansas,MOUNT PLEASANT,TX,75455-4420,U,N,N,Existing or more than 2 years old,CYPRESS,HARRIS,TX,77429-3802,TX-10,116,238220,Unanswered,Unknown/NotStated,,977600,,,,,,Corporation,71476,"Guaranty Bank & Trust, National Association",MOUNT PLEASANT,TX,Male Owned,Non-Veteran,,983438.44,11/24/2020
2905107200,04/16/2020,0681,PPP,"CHAMPION A/C, INC.",16018 UNIVERSITY OAK STE 101,SAN ANTONIO,TX,78249,05/21/2021,Paid in Full,24,100,975000,975000,0,,48270,"JPMorgan Chase Bank, National Association",1111 Polaris Pkwy,COLUMBUS,OH,43240-2031,U,N,N,Existing or more than 2 years old,SAN ANTONIO,BEXAR,TX,78249-0600,TX-20,63,238220,Unanswered,Unknown/NotStated,55000,830000,0,68500,0,20000,1500,Subchapter S Corporation,194093,"JPMorgan Chase Bank, National Association",CHICAGO,IL,Unanswered,Unanswered,,984422.29,04/08/2021
8422527004,04/08/2020,0681,PPP,"TEXAS CHILLER SYSTEMS, LLC",1219 SAFARI,SAN ANTONIO,TX,78216,12/19/2020,Paid in Full,24,100,970650,970650,0,,444341,American Momentum Bank,1 Momentum Blvd,COLLEGE STATION,TX,77845-6199,U,N,N,New Business or 2 years or less,SAN ANTONIO,BEXAR,TX,78216-0001,TX-21,65,238220,Unanswered,Unknown/NotStated,,970650,,,,,,Limited  Liability Company(LLC),444341,American Momentum Bank,COLLEGE STATION,TX,Unanswered,Unanswered,,976096.42,11/05/2020
7996597106,04/14/2020,0610,PPP,"H&G SYSTEMS, L.P.",3614 SECURITY ST,GARLAND,TX,75042-7628,01/31/2022,Paid in Full,24,100,969979,969979,0,,71653,Vista Bank,5840 W Northwest Hwy,DALLAS,TX,75225-3201,U,Y,Y,Existing or more than 2 years old,GARLAND,DALLAS,TX,75042-7628,TX-05,93,238220,Unanswered,Unknown/NotStated,,969979,,,,,,Partnership,71653,Vista Bank,DALLAS,TX,Unanswered,Unanswered,,976383.52,12/22/2020
9579947309,05/02/2020,0671,PPP,SKILLED TRADE STAFFING LLC,16910 FM 2920,Tomball,TX,77377-5917,11/20/2021,Charged Off,5,100,967500,967500,0,,223542,Celtic Bank Corporation,"268 S State St, Ste 300",SALT LAKE CITY,UT,84111-5314,U,N,N,New Business or 2 years or less,Tomball,HARRIS,TX,77377-5917,TX-38,87,238220,Unanswered,Unknown/NotStated,,967500,,,,,,Limited  Liability Company(LLC),223542,Celtic Bank Corporation,SALT LAKE CITY,UT,Unanswered,Unanswered,,,
3521557103,04/11/2020,0671,PPP,"THE COMFLOW COMPANY, LLC",6411 Lawford Lane,HOUSTON,TX,77040-5018,08/12/2021,Paid in Full,24,100,961665,961665,0,,451098,Stellar Bank,8727 W Sam Houston Pkwy North,HOUSTON,TX,77040-5167,U,Y,Y,Existing or more than 2 years old,HOUSTON,HARRIS,TX,77040-5018,TX-18,66,238220,Unanswered,Unknown/NotStated,,961665,,,,,,Limited  Liability Company(LLC),451098,Stellar Bank,HOUSTON,TX,Unanswered,Unanswered,,974193.36,08/05/2021
4002138301,01/22/2021,0671,PPS,THE COMFLOW COMPANY LLC,6411 Lawford Ln,Houston,TX,77040-5018,10/21/2021,Paid in Full,60,100,961665,961665,0,,451098,Stellar Bank,8727 W Sam Houston Pkwy North,HOUSTON,TX,77040-5167,U,Y,Y,Existing or more than 2 years old,Houston,HARRIS,TX,77040-5018,TX-18,39,238220,Unanswered,Unknown/NotStated,1,961662,,,,,,Limited  Liability Company(LLC),451098,Stellar Bank,HOUSTON,TX,Unanswered,Unanswered,,968209.66,10/08/2021
7782707009,04/08/2020,0610,PPP,SERVICE RESPONSE TEAM INC.,6301 WHITLEY RD,WATAUGA,TX,76148-3151,08/20/2021,Paid in Full,24,100,960700,960700,0,,71783,Frost Bank,111 W Houston St,SAN ANTONIO,TX,78205-1414,U,N,N,Existing or more than 2 years old,WATAUGA,TARRANT,TX,76148-3151,TX-24,63,238220,Unanswered,Unknown/NotStated,,960700,,,,,,Subchapter S Corporation,71783,Frost Bank,SAN ANTONIO,TX,Unanswered,Unanswered,,972307.36,07/06/2021
1416337106,04/10/2020,0639,PPP,CENTRAL AIR & HEATING SERVICE INC,3028 WILSON RD,HARLINGEN,TX,78552-5018,03/12/2021,Paid in Full,24,100,957640,957640,0,,111233,Texas Regional Bank,6770 W Expy 83,HARLINGEN,TX,78552,U,Y,N,Existing or more than 2 years old,HARLINGEN,CAMERON,TX,78552-5018,TX-34,91,238220,Unanswered,Unknown/NotStated,,957640,,,,,,Subchapter S Corporation,111233,Texas Regional Bank,HARLINGEN,TX,Unanswered,Unanswered,,965327.36,02/02/2021
4967618310,01/23/2021,0639,PPS,CENTRAL AIR AND HEATING SERVICE INC.,3028 Wilson Rd,Harlingen,TX,78552-5018,09/22/2021,Paid in Full,60,100,957640,957640,0,,111233,Texas Regional Bank,6770 W Expy 83,HARLINGEN,TX,78552,U,Y,N,Existing or more than 2 years old,Harlingen,CAMERON,TX,78552-5018,TX-34,91,238220,Unanswered,Unknown/NotStated,1,957636,,,,,,Subchapter S Corporation,111233,Texas Regional Bank,HARLINGEN,TX,Unanswered,Unanswered,,962966.05,08/17/2021
1776727109,04/10/2020,0681,PPP,"MISSION PLUMBING, HEATING, AND AIR CONDITIONING CO., INC",15440 TRADESMAN,SAN ANTONIO,TX,78249-1319,12/15/2020,Paid in Full,24,100,955800,955800,0,,71727,Broadway National Bank,1177 NE Loop 410,SAN ANTONIO,TX,78209-1517,U,N,N,Existing or more than 2 years old,SAN ANTONIO,BEXAR,TX,78249-1319,TX-20,50,238220,Unanswered,Unknown/NotStated,15800,940000,,,,,,Corporation,71727,Broadway National Bank,SAN ANTONIO,TX,Unanswered,Unanswered,,961561.35,11/23/2020
7222207003,04/07/2020,0681,PPP,"LEON'S ELECTRIC AND PLUMBING, INC.",719 Upton Ave,SCHULENBURG,TX,78956-1565,02/09/2021,Paid in Full,24,100,951487.5,951487.5,0,,89802,"Fayette Savings Bank, ssb",111 E Travis St,LA GRANGE,TX,78945-2614,R,N,N,Existing or more than 2 years old,SCHULENBURG,FAYETTE,TX,78956-1565,TX-10,79,238220,White,Not Hispanic or Latino,,951487.5,,,,,,Corporation,89802,"Fayette Savings Bank, ssb",LA GRANGE,TX,Male Owned,Unanswered,,956753.27,11/05/2020
2989367204,04/16/2020,0610,PPP,"DALLAS UNIQUE INDOOR COMFORT, LTD.",1510 STEVENS ST,DALLAS,TX,75218-3136,08/05/2021,Paid in Full,24,100,946500,946500,0,,71977,The American National Bank of Texas,102 W Moore,TERRELL,TX,75160-3129,U,N,N,Existing or more than 2 years old,DALLAS,DALLAS,TX,75218-3136,TX-32,66,238220,White,Not Hispanic or Latino,,946500,,,,,,Corporation,71977,The American National Bank of Texas,TERRELL,TX,Male Owned,Non-Veteran,,958221.04,07/21/2021
9970157006,04/09/2020,0610,PPP,WILSON-MCLAIN PLUMBING,4401 MASCH BRANCH ROAD,KRUM,TX,76249-6838,03/10/2022,Paid in Full,24,100,930700,930700,0,,68987,Independent Bank d/b/a Independent Financial,3090 Craig Dr,MCKINNEY,TX,75070-4352,U,N,N,Existing or more than 2 years old,KRUM,DENTON,TX,76249-6838,TX-13,72,238220,Unanswered,Unknown/NotStated,,930700,,,,,,Limited  Liability Company(LLC),68987,Independent Bank d/b/a Independent Financial,MCKINNEY,TX,Male Owned,Non-Veteran,,942850.81,08/05/2021
4727798308,01/23/2021,0671,PPS,"RAMCO INDUSTRIES, INC.",900 Houston Ave,Pasadena,TX,77502-2215,12/22/2021,Paid in Full,60,100,925510,925510,0,,71999,Texas First Bank,3232 Palmer Hwy,TEXAS CITY,TX,77590-6724,U,Y,Y,Existing or more than 2 years old,Pasadena,HARRIS,TX,77502-2215,TX-29,114,238220,Unanswered,Unknown/NotStated,,925510,,,,,,Corporation,71999,Texas First Bank,TEXAS CITY,TX,Unanswered,Unanswered,,933196.87,11/19/2021
6882057410,05/15/2020,0678,PPP,"BATJER AND ASSOCIATES, INC.",2825 Pine St,Abilene,TX,79601,12/05/2020,Paid in Full,24,100,922428,922428,0,,70101,Haskell National Bank,601 N 1st,HASKELL,TX,79521-0998,U,Y,Y,Existing or more than 2 years old,Abilene,TAYLOR,TX,79601-0200,TX-19,104,238220,Unanswered,Unknown/NotStated,230607,691821,,,,,,Corporation,70101,Haskell National Bank,HASKELL,TX,Unanswered,Unanswered,,927128.59,11/23/2020
8716947007,04/08/2020,0681,PPP,"BIGGS PLUMBING CO., INC.",1615 DUNGAN LN,AUSTIN,TX,78754-4023,02/25/2021,Paid in Full,24,100,922300,922300,0,,123898,"Lone Star Capital Bank, National Association",150 N Loop 1604 E,SAN ANTONIO,TX,78232-1243,U,N,N,Existing or more than 2 years old,AUSTIN,TRAVIS,TX,78754-4023,TX-10,74,238220,White,Not Hispanic or Latino,,922300,,,,,,Subchapter S Corporation,449415,"Lone Star Capital Bank, National Association",AUSTIN,TX,Male Owned,Non-Veteran,,929476.25,01/27/2021
9761238300,01/31/2021,0671,PPS,"CONSOLIDATED SERVICES OF NORTH AMERICA, LLC",5833 Westview Dr Ste A,Houston,TX,77055-5428,,Exemption 4,60,100,921887,921887,0,,509316,"Harvest Small Business Finance, LLC",24422 Avenida de la Carlota Suite 400,Laguna Hills,CA,92653,U,N,N,Existing or more than 2 years old,Houston,HARRIS,TX,77055-5428,TX-18,94,238220,Unanswered,Not Hispanic or Latino,1,921884,,,,,,Limited  Liability Company(LLC),509316,"Harvest Small Business Finance, LLC",Laguna Hills,CA,Male Owned,Non-Veteran,,,
7349997210,04/28/2020,0610,PPP,"PROFESSIONAL PLUMBERS, INC.",1322 Century Way,Wylie,TX,75098,02/20/2021,Paid in Full,24,100,919500,919500,0,,71977,The American National Bank of Texas,102 W Moore,TERRELL,TX,75160-3129,U,N,N,Existing or more than 2 years old,Wylie,COLLIN,TX,75098-0001,TX-03,66,238220,Unanswered,Unknown/NotStated,,919500,,,,,,Corporation,71977,The American National Bank of Texas,TERRELL,TX,Unanswered,Unanswered,,925999.48,01/20/2021
7387338404,02/11/2021,0671,PPS,HART PLUMBING SOUTHWEST LLC,142 Eldridge Rd Ste A,Sugar Land,TX,77478-4660,01/22/2022,Paid in Full,60,100,910390,910390,0,,48270,"JPMorgan Chase Bank, National Association",1111 Polaris Pkwy,COLUMBUS,OH,43240-2031,U,N,N,Existing or more than 2 years old,Sugar Land,FORT BEND,TX,77478-4660,TX-22,93,238220,White,Not Hispanic or Latino,,910390,,,,,,Limited  Liability Company(LLC),48270,"JPMorgan Chase Bank, National Association",COLUMBUS,OH,Male Owned,Non-Veteran,,917973.55,12/16/2021
4842327001,04/04/2020,0681,PPP,"A-C TECHNICAL SERVICES, LLC",PO BOX 1535,CASTROVILLE,TX,78009-1535,04/20/2021,Paid in Full,24,100,908600,908600,0,,70137,TXN Bank,"103, 19th St",Hondo,TX,78861,R,N,N,Existing or more than 2 years old,CASTROVILLE,MEDINA,TX,78009-1535,TX-23,79,238220,Unanswered,Not Hispanic or Latino,,908600,,,,,,Limited  Liability Company(LLC),70135,TXN Bank,Hondo,TX,Female Owned,Unanswered,,917509.33,03/24/2021
7453657006,04/07/2020,0681,PPP,"EFFICIENT AIR CONDITIONING, INC.",10315 Metropolitan Dr. Suite A,AUSTIN,TX,78758-4946,12/16/2020,Paid in Full,24,100,901400,901400,0,,71316,PlainsCapital Bank,2911 Turtle Creek Blvd. Suite 700,DALLAS,TX,75219,U,N,Y,Existing or more than 2 years old,AUSTIN,TRAVIS,TX,78758-4946,TX-37,87,238220,Unanswered,Not Hispanic or Latino,,901400,,,,,,Corporation,71316,PlainsCapital Bank,DALLAS,TX,Male Owned,Non-Veteran,,906908.56,11/23/2020
7921847104,04/14/2020,0671,PPP,"C-AIR-S MECHANICAL, INC.",8430 FAWNDALE LN,HOUSTON,TX,77040-5112,10/09/2021,Paid in Full,24,100,895000,895000,0,,33850,Comerica Bank,1717 Main St,DALLAS,TX,75201-4612,U,Y,Y,Existing or more than 2 years old,HOUSTON,HARRIS,TX,77040-5112,TX-18,60,238220,Unanswered,Unknown/NotStated,,716032,178968,,,,,Employee Stock Ownership Plan(ESOP),33850,Comerica Bank,DALLAS,TX,Unanswered,Unanswered,,906809.03,08/10/2021
9130548303,01/30/2021,0678,PPS,SCOTTCO MECHANICAL CONTRACTORS,4121 SW 50th Ave,Amarillo,TX,79109-6127,07/21/2021,Paid in Full,60,100,888101.75,888101.75,0,,68966,Amarillo National Bank,410 S Taylor St,AMARILLO,TX,79101-1555,U,Y,Y,Existing or more than 2 years old,Amarillo,RANDALL,TX,79109-6127,TX-13,88,238220,Unanswered,Unknown/NotStated,1,888097.75,,,,,,Corporation,68966,Amarillo National Bank,AMARILLO,TX,Unanswered,Unanswered,,891185.44,06/15/2021
4931957102,04/13/2020,0610,PPP,"DALLAS MECHANICAL GROUP, LLC",11925 North Stemmons Freeway,Dallas,TX,75234-5833,05/08/2021,Paid in Full,24,100,881411,881411,0,,69650,North Dallas Bank and Trust Co,"12900, Preston Rd",Dallas,TX,75230-1312,U,N,N,Existing or more than 2 years old,Dallas,DALLAS,TX,75234-5833,TX-33,52,238220,Unanswered,Unknown/NotStated,,881411,,,,,,Limited  Liability Company(LLC),69650,North Dallas Bank and Trust Co,Dallas,TX,Unanswered,Unanswered,,,
6437457000,04/06/2020,0610,PPP,DALLAS PLUMBING COMPANY,11055 PLANO RD,DALLAS,TX,75238-1323,03/18/2021,Paid in Full,24,100,878587.5,878587.5,0,,69380,Inwood National Bank,7621 Inwood Rd,DALLAS,TX,75209-4021,U,Y,Y,Existing or more than 2 years old,DALLAS,DALLAS,TX,75238-1323,TX-24,74,238220,Unanswered,Unknown/NotStated,,878587.5,,,,,,Corporation,69380,Inwood National Bank,DALLAS,TX,Unanswered,Unanswered,,886410.54,03/05/2021
2098947306,04/29/2020,0681,PPP,HARKINS CO,618 N HWY 95,ELGIN,TX,78621,02/11/2022,Paid in Full,24,100,870804,870804,0,,44449,"PNC Bank, National Association",222 Delaware Ave,WILMINGTON,DE,19801-1621,R,Y,N,Existing or more than 2 years old,ELGIN,BASTROP,TX,78621-0001,TX-10,54,238220,Unanswered,Unknown/NotStated,,870804,,,,,,Non-Profit Organization,760,First Source Federal Credit Union,Rome,NY,Unanswered,Unanswered,Y,886018.88,01/25/2022
3567817104,04/11/2020,0671,PPP,"RDI MECHANICAL, INC",7150 BREEN DR,HOUSTON,TX,77086-3629,07/29/2021,Paid in Full,24,100,868810,868810,0,,39848,Cadence Bank,201 S Spring St,TUPELO,MS,38804-4811,U,N,Y,New Business or 2 years or less,HOUSTON,HARRIS,TX,77086-3629,TX-18,45,238220,Unanswered,Unknown/NotStated,,868810,,,,,,Corporation,39848,Cadence Bank,TUPELO,MS,Unanswered,Unanswered,,878946.12,06/17/2021
1113837106,04/09/2020,0671,PPP,"NEW DWD INTERNATIONAL, LLC",2033 JOHANNA DRIVE,HOUSTON,TX,77055-1701,01/20/2021,Paid in Full,60,100,868600,868600,0,,72601,"Zions Bank, A Division of",1 S Main St,SALT LAKE CITY,UT,84133-1109,U,Y,Y,Existing or more than 2 years old,HOUSTON,HARRIS,TX,77055-1701,TX-18,49,238220,Unanswered,Unknown/NotStated,,868600,,,,,,Limited  Liability Company(LLC),72601,"Zions Bank, A Division of",SALT LAKE CITY,UT,Unanswered,Unanswered,,874763.49,12/31/2020
6546007004,04/07/2020,0610,PPP,"JAMES LANE AIR CONDITIONING COMPANY, INC",5024 OLD JACKSBORO HWY,WICHITA FALLS,TX,76302-1400,08/24/2021,Paid in Full,24,100,865300,865300,0,,69819,Prosperity Bank,1301 N Mechanic,El Campo,TX,77437,U,N,N,Existing or more than 2 years old,WICHITA FALLS,WICHITA,TX,76302-1400,TX-13,61,238220,Unanswered,Unknown/NotStated,,865300,,,,,,Subchapter S Corporation,123367,Prosperity Bank,Midland,TX,Male Owned,Unanswered,,876356.61,07/22/2021
6790857101,04/14/2020,0681,PPP,"MECHANICAL REPS, INC.",9407 Middlex Drive,SAN ANTONIO,TX,78217,12/16/2020,Paid in Full,24,100,861700,861700,0,,71316,PlainsCapital Bank,2911 Turtle Creek Blvd. Suite 700,DALLAS,TX,75219,U,N,N,Existing or more than 2 years old,SAN ANTONIO,BEXAR,TX,78217-0001,TX-35,54,238220,White,Not Hispanic or Latino,10550,739300,,61750,,50100,,Corporation,71316,PlainsCapital Bank,DALLAS,TX,Male Owned,Unanswered,,866367.54,11/12/2020
6702338302,01/27/2021,0610,PPS,AUTOMATIC SPRINKLER OF TEXAS INC,1147 S Cedar Ridge Dr,Duncanville,TX,75137-3020,12/04/2021,Paid in Full,60,100,852640,852640,0,,69380,Inwood National Bank,7621 Inwood Rd,DALLAS,TX,75209-4021,U,N,N,Existing or more than 2 years old,Duncanville,DALLAS,TX,75137-3020,TX-30,40,238220,Unanswered,Unknown/NotStated,1,852638,,,,,,Employee Stock Ownership Plan(ESOP),69380,Inwood National Bank,DALLAS,TX,Unanswered,Unanswered,,859531.2,11/24/2021
8552907009,04/08/2020,0678,PPP,"MMM PLUMBING, HEATING & AIR CONDITIONING, INC",87 N Fannin St,AMARILLO,TX,79106-8248,12/11/2020,Paid in Full,24,100,844200,844200,0,,4392,Centennial Bank,620 Chestnut St,CONWAY,AR,72032-5404,U,Y,Y,Existing or more than 2 years old,AMARILLO,POTTER,TX,79106-8248,TX-13,94,238220,Unanswered,Unknown/NotStated,,844200,,,,,,Corporation,70093,Centennial Bank,Happy,TX,Unanswered,Unanswered,,849542.75,11/30/2020
7684247107,04/14/2020,0671,PPP,"CAPITAL FIRE PROTECTION, LLC",3350 ROGERDALE RD SUITE 200,HOUSTON,TX,77042-4159,02/09/2021,Paid in Full,24,100,1104800,840000,0,,68987,Independent Bank d/b/a Independent Financial,3090 Craig Dr,MCKINNEY,TX,75070-4352,U,N,Y,Existing or more than 2 years old,HOUSTON,HARRIS,TX,77042-4159,TX-07,86,238220,Unanswered,Unknown/NotStated,,750494,,30556,,58950,,Limited  Liability Company(LLC),68987,Independent Bank d/b/a Independent Financial,MCKINNEY,TX,Unanswered,Unanswered,,846136.67,01/19/2021
9331508505,03/12/2021,0610,PPS,"BLUE BOX AIR, LLC",3927 Main St Ste 130,Dallas,TX,75226-1229,10/20/2022,Paid in Full,60,100,838517,838517,0,,48270,"JPMorgan Chase Bank, National Association",1111 Polaris Pkwy,COLUMBUS,OH,43240-2031,U,N,N,Existing or more than 2 years old,Dallas,DALLAS,TX,75226-1229,TX-30,90,238220,Unanswered,Unknown/NotStated,1,838513,,,,,,Limited  Liability Company(LLC),48270,"JPMorgan Chase Bank, National Association",COLUMBUS,OH,Unanswered,Unanswered,,851276.9,09/27/2022
5234457006,04/05/2020,0681,PPP,"TEAM MECHANICAL OF TEXAS, LLC",1580 WALD RD,NEW BRAUNFELS,TX,78132-5018,12/15/2020,Paid in Full,24,100,828900,828900,0,,71727,Broadway National Bank,1177 NE Loop 410,SAN ANTONIO,TX,78209-1517,R,N,N,Existing or more than 2 years old,NEW BRAUNFELS,COMAL,TX,78132-5018,TX-21,84,238220,White,Not Hispanic or Latino,50900,750000,,28000,,,,Limited  Liability Company(LLC),71727,Broadway National Bank,SAN ANTONIO,TX,Male Owned,Non-Veteran,,833988.53,11/23/2020
8087277101,04/15/2020,0610,PPP,LASCO MECHANICAL SERVICES,18601 LYNDON B JOHNSON FWY,MESQUITE,TX,75150-6436,01/03/2024,Paid in Full,59,100,828015.15,828015.15,0,,72077,"Community Bank & Trust, Waco, Texas",1800 Washington Ave,WACO,TX,76701-1011,U,Y,Y,Existing or more than 2 years old,MESQUITE,DALLAS,TX,75150-6436,TX-05,16,238220,Unanswered,Unknown/NotStated,,828015.15,,,,,,Limited  Liability Company(LLC),72077,"Community Bank & Trust, Waco, Texas",WACO,TX,Male Owned,Unanswered,,583244.02,07/02/2021
7047397005,04/07/2020,0671,PPP,"GULF COAST BOILER, LLC",14149 INTERDRIVE WEST,HOUSTON,TX,77032-3326,03/16/2021,Paid in Full,24,100,824400,824000,0,,39848,Cadence Bank,201 S Spring St,TUPELO,MS,38804-4811,U,Y,Y,Existing or more than 2 years old,HOUSTON,HARRIS,TX,77032-3326,TX-29,47,238220,Unanswered,Unknown/NotStated,,824000,,,,,,Limited  Liability Company(LLC),39810,Cadence Bank,ATLANTA,GA,Male Owned,Veteran,,830729.33,02/23/2021
9269388504,03/12/2021,0681,PPS,COPELAND CONTRACTING COMPANY INC.,1425 Universal City Blvd Bldg 3,Universal City,TX,78148-3364,09/12/2024,Charged Off,18,100,823000,823000,0,,4426,Bank OZK,18000 Cantrell Rd,LITTLE ROCK,AR,72223-9729,U,N,N,Existing or more than 2 years old,Universal City,BEXAR,TX,78148-3364,TX-28,58,238220,Unanswered,Unknown/NotStated,1,822994,,,,,,Subchapter S Corporation,4426,Bank OZK,LITTLE ROCK,AR,Unanswered,Unanswered,,799876.65,02/03/2022
9703268507,03/12/2021,0610,PPS,HERNDON MCFARLAND INC.,4181 Billy Mitchell Dr,Addison,TX,75001-4351,01/08/2022,Paid in Full,60,100,810087,810087,0,,69650,North Dallas Bank and Trust Co,"12900, Preston Rd",Dallas,TX,75230-1312,U,N,N,Existing or more than 2 years old,Addison,DALLAS,TX,75001-4351,TX-32,29,238220,Unanswered,Unknown/NotStated,,810087,,,,,,Corporation,69650,North Dallas Bank and Trust Co,Dallas,TX,Unanswered,Unanswered,,816320.17,12/21/2021
4871107102,04/13/2020,0671,PPP,"MASRAM MECHANICAL, LP",5613 CAMPBELL RD,HOUSTON,TX,77041-7615,06/23/2021,Paid in Full,24,100,806900,806900,0,,71783,Frost Bank,111 W Houston St,SAN ANTONIO,TX,78205-1414,U,Y,Y,Existing or more than 2 years old,HOUSTON,HARRIS,TX,77041-7615,TX-18,71,238220,Unanswered,Unknown/NotStated,,806900,,,,,,Limited Liability Partnership,71783,Frost Bank,SAN ANTONIO,TX,Unanswered,Unanswered,,815278.5,05/06/2021
5416277208,04/27/2020,0671,PPP,DP SOUTH TEXAS PLUMBING COMPANY,5431 BRYSTONE DR,HOUSTON,TX,77041-7010,01/22/2021,Paid in Full,24,100,802878,802878,0,,39334,Trustmark National Bank,248 E Capitol St,JACKSON,MS,39201-2503,U,N,N,Existing or more than 2 years old,HOUSTON,HARRIS,TX,77041-7010,TX-38,63,238220,Unanswered,Unknown/NotStated,,802878,,,,,,Corporation,39334,Trustmark National Bank,JACKSON,MS,Unanswered,Unanswered,,807003.9,11/12/2020
3426838603,03/17/2021,0671,PPS,MCWILLIAMS AND SON INC.,918 E Denman Ave,Lufkin,TX,75901-4830,08/05/2021,Paid in Full,60,100,801419,801419,0,,72026,Southside Bank,1201 S Beckham Ave,TYLER,TX,75701-3320,R,N,N,Existing or more than 2 years old,Lufkin,ANGELINA,TX,75901-4830,TX-17,60,238220,Unanswered,Unknown/NotStated,1,801417,,,,,,Corporation,72026,Southside Bank,TYLER,TX,Unanswered,Unanswered,,804246.23,07/28/2021
4455317107,04/13/2020,0610,PPP,"ENTERPRISE PLUMBING OF TEXAS, LLC",900 ALPHA DR ste 430,RICHARDSON,TX,75081-2800,01/22/2021,Paid in Full,24,100,800200,800200,0,,69819,Prosperity Bank,1301 N Mechanic,El Campo,TX,77437,U,N,N,Existing or more than 2 years old,RICHARDSON,DALLAS,TX,75081-2800,TX-32,49,238220,Unanswered,Unknown/NotStated,,800200,,,,,,Limited  Liability Company(LLC),69819,Prosperity Bank,El Campo,TX,Unanswered,Unanswered,,805417.74,12/15/2020
2562698402,02/03/2021,0610,PPS,NEU PLUMBING INC.,1117 Foundation Dr,Pilot Point,TX,76258-2953,10/15/2021,Paid in Full,60,100,800000,800000,0,,58899,First United Bank and Trust Company,1400 W Main St,DURANT,OK,74701-4906,U,N,N,Existing or more than 2 years old,Pilot Point,DENTON,TX,76258-2953,TX-26,66,238220,Unanswered,Unknown/NotStated,,800000,,,,,,Subchapter S Corporation,58899,First United Bank and Trust Company,DURANT,OK,Unanswered,Unanswered,,804690.41,09/21/2021
9889727700,05/01/2020,0610,PPP,SALAS PLUMBING INC,3709 CAVALIER DR,GARLAND,TX,75042,05/06/2021,Paid in Full,24,100,789407,789407,0,,39232,Hancock Whitney Bank,2510 14th St One Hancock Plz,GULFPORT,MS,39501,U,Y,Y,New Business or 2 years or less,GARLAND,DALLAS,TX,75042-2900,TX-05,79,238220,Unanswered,Unknown/NotStated,,789407,,,,,,Limited  Liability Company(LLC),39232,Hancock Whitney Bank,GULFPORT,MS,Unanswered,Unanswered,,797191.43,04/27/2021
1982787302,04/29/2020,0681,PPP,"FTC SOLAR, INC.",11801 Domain Blvd Fl 3,AUSTIN,TX,78758-3430,07/22/2021,Paid in Full,24,100,784373,784373,0,,9551,"Bank of America, National Association","100 N Tryon St, Ste 170",CHARLOTTE,NC,28202-4024,U,N,N,Unanswered,AUSTIN,TRAVIS,TX,78758-3430,TX-37,76,238220,Unanswered,Unknown/NotStated,,784373,,,,,,Corporation,9551,"Bank of America, National Association",CHARLOTTE,NC,Unanswered,Unanswered,,789917.34,01/14/2021
1138657706,05/01/2020,0610,PPP,EDDY RAY OPPELT INC.,308 US HIGHWAY 80 E,SUNNYVALE,TX,75182,09/30/2021,Paid in Full,24,100,782362,782362,0,,48270,"JPMorgan Chase Bank, National Association",1111 Polaris Pkwy,COLUMBUS,OH,43240-2031,U,N,N,Existing or more than 2 years old,SUNNYVALE,DALLAS,TX,75182-0001,TX-05,56,238220,Unanswered,Unknown/NotStated,40000,669550,,17000,,55812,,Corporation,194093,"JPMorgan Chase Bank, National Association",CHICAGO,IL,Unanswered,Unanswered,,792158.91,08/05/2021
8423707001,04/08/2020,0610,PPP,"FREER MECHANICAL CONTRACTORS, INC.",1908 SAMUELS AVE,FORT WORTH,TX,76102-1141,02/04/2021,Paid in Full,24,100,1003700,776000,0,,72167,American National Bank & Trust,2732 Midwestern Pkwy,WICHITA FALLS,TX,76308-2904,U,N,Y,Existing or more than 2 years old,FORT WORTH,TARRANT,TX,76102-1141,TX-12,38,238220,Unanswered,Unknown/NotStated,,776000,,,,,,Subchapter S Corporation,72167,American National Bank & Trust,WICHITA FALLS,TX,Male Owned,Unanswered,,781863.11,01/08/2021
5133658309,01/25/2021,0671,PPS,INFINITY SYSTEMS INC,12036 Windfern Rd,Houston,TX,77064-3208,05/12/2022,Paid in Full,60,100,770552.5,770552.5,0,,454766,Third Coast Bank,"20202 Hwy 59 North, Ste 190",Humble,TX,77338,U,N,N,Existing or more than 2 years old,Houston,HARRIS,TX,77064-3208,TX-18,36,238220,Unanswered,Unknown/NotStated,1,770548.5,,,,,,Corporation,454766,Third Coast Bank,Humble,TX,Male Owned,Veteran,,779906.15,04/26/2022
9236937010,04/09/2020,0671,PPP,"AFP ALARM & DETECTION, LP",2003 MYKAWA RD,PEARLAND,TX,77581-3211,04/23/2021,Paid in Full,24,100,769000,769000,0,,71783,Frost Bank,111 W Houston St,SAN ANTONIO,TX,78205-1414,U,N,N,Existing or more than 2 years old,PEARLAND,BRAZORIA,TX,77581-3211,TX-22,46,238220,Unanswered,Unknown/NotStated,,769000,,,,,,Partnership,71783,Frost Bank,SAN ANTONIO,TX,Male Owned,Non-Veteran,,776310.77,03/31/2021
5208387005,04/05/2020,0677,PPP,"PC AUTOMATED CONTROLS, INC.",10279 DYER ST,EL PASO,TX,79924-3525,12/24/2020,Paid in Full,24,100,764800,764800,0,,113154,WestStar Bank,"601 N Mesa St, Ste 1100",El Paso,TX,79901,U,Y,Y,Existing or more than 2 years old,EL PASO,EL PASO,TX,79924-3525,TX-16,52,238220,White,Not Hispanic or Latino,,764800,,,,,,Corporation,113154,WestStar Bank,El Paso,TX,Female Owned,Non-Veteran,,769452.53,11/23/2020
7711297009,04/08/2020,0610,PPP,HOBSON AIR CONDITIONING INC,1412 GREEWOOD RD,WEATHERFORD,TX,76088-3818,03/24/2021,Paid in Full,24,100,761727,761727,0,,68922,First Financial Bank,400 Pine St,ABILENE,TX,79601-5108,R,N,N,Existing or more than 2 years old,WEATHERFORD,PARKER,TX,76088-3818,TX-12,81,238220,Unanswered,Unknown/NotStated,190431.75,571295.25,,,,,,Corporation,68922,First Financial Bank,ABILENE,TX,Unanswered,Unanswered,,768370.95,02/18/2021
4524587210,04/27/2020,0671,PPP,MAGNUM AIR INC,15498 Summit Park Dr #101,Montgomery,TX,77356,12/18/2020,Paid in Full,60,100,761200,761200,0,,72601,"Zions Bank, A Division of",1 S Main St,SALT LAKE CITY,UT,84133-1109,U,N,N,Existing or more than 2 years old,Montgomery,MONTGOMERY,TX,77356-0001,TX-08,33,238220,Unanswered,Not Hispanic or Latino,,761200,,,,,,Subchapter S Corporation,72601,"Zions Bank, A Division of",SALT LAKE CITY,UT,Male Owned,Non-Veteran,,765725.49,12/09/2020
5108477000,04/05/2020,0681,PPP,"TYLER MECHANICAL CONTRACTORS, INC.","1902 Dutton Drive, Building 1",SAN MARCOS,TX,78666-5949,03/09/2021,Paid in Full,24,100,924794,756901,0,,71558,Ozona Bank,503 11th St,OZONA,TX,76943,R,Y,Y,Existing or more than 2 years old,SAN MARCOS,HAYS,TX,78666-5949,TX-15,60,238220,White,Not Hispanic or Latino,,756901,,,,,,Corporation,71558,Ozona Bank,OZONA,TX,Male Owned,Non-Veteran,,763229.53,02/09/2021
6163637106,04/14/2020,0681,PPP,MCDUFF ENTERPRISE LLC,9811 COBB ST,SAN ANTONIO,TX,78217-3717,09/29/2021,Paid in Full,24,100,751000,751000,0,,71783,Frost Bank,111 W Houston St,SAN ANTONIO,TX,78205-1414,U,Y,Y,Existing or more than 2 years old,SAN ANTONIO,BEXAR,TX,78217-3717,TX-35,64,238220,Unanswered,Unknown/NotStated,,751000,,,,,,Limited  Liability Company(LLC),71783,Frost Bank,SAN ANTONIO,TX,Unanswered,Unanswered,,760958.47,08/19/2021
4264538401,02/06/2021,0610,PPS,HOBSON AIR CONDITIONING INC,1412 Greenwood Rd,Weatherford,TX,76088-3818,12/10/2021,Paid in Full,60,100,749276.7,749276.7,0,,68922,First Financial Bank,400 Pine St,ABILENE,TX,79601-5108,R,N,N,Existing or more than 2 years old,Weatherford,PARKER,TX,76088-3818,TX-12,80,238220,Unanswered,Not Hispanic or Latino,1,749270.7,,,,,,Corporation,68922,First Financial Bank,ABILENE,TX,Male Owned,Non-Veteran,,755000.34,11/19/2021
1441318109,07/09/2020,0681,PPP,MINYARD SONS SERVICE INC,1004 CEDAR PARK DRIVE,CEDAR PARK,TX,78613-2140,01/08/2021,Paid in Full,60,100,739600,739600,0,,70023,First Texas Bank,900 S Austin Ave,GEORGETOWN,TX,78626-5822,U,N,N,Unanswered,CEDAR PARK,WILLIAMSON,TX,78613-2140,TX-31,113,238220,Unanswered,Unknown/NotStated,150000,443760,145840,,,,,Subchapter S Corporation,70023,First Texas Bank,GEORGETOWN,TX,Unanswered,Unanswered,,742578.66,12/10/2020
6590507009,04/07/2020,0610,PPP,INFINITY CONTRACTORS INTERNATIONAL LTD,2563 ELOOP 820,FORT WORTH,TX,76118-6996,01/22/2021,Paid in Full,23,100,739100,739100,0,,71783,Frost Bank,111 W Houston St,SAN ANTONIO,TX,78205-1414,U,N,Y,Existing or more than 2 years old,FORT WORTH,TARRANT,TX,76118-6996,TX-12,45,238220,White,Not Hispanic or Latino,,739100,,,,,,Limited Liability Partnership,71783,Frost Bank,SAN ANTONIO,TX,Male Owned,Non-Veteran,,743716.84,12/02/2020
7911038405,02/12/2021,0671,PPS,LANGE MECHANICAL SERVICES L.P.,933 Wakefield Dr,Houston,TX,77018-6203,03/18/2022,Paid in Full,60,100,736202,736202,0,,48270,"JPMorgan Chase Bank, National Association",1111 Polaris Pkwy,COLUMBUS,OH,43240-2031,U,N,N,Existing or more than 2 years old,Houston,HARRIS,TX,77018-6203,TX-18,30,238220,Unanswered,Unknown/NotStated,,736202,,,,,,Partnership,48270,"JPMorgan Chase Bank, National Association",COLUMBUS,OH,Unanswered,Unanswered,,743416.78,02/14/2022
2823668305,01/21/2021,0671,PPS,RDI MECHANICAL INC,7150 Breen Dr,Houston,TX,77086-3629,02/18/2022,Paid in Full,60,100,735510,735510,0,,188567,Loan Source Incorporated,353 East 83rd Street Suite 3H,NEW YORK,NY,10028,U,N,Y,Existing or more than 2 years old,Houston,HARRIS,TX,77086-3629,TX-18,45,238220,Unanswered,Unknown/NotStated,,735510,,,,,,Corporation,39848,Cadence Bank,TUPELO,MS,Unanswered,Unanswered,,742844.95,01/31/2022
9598577006,04/09/2020,0681,PPP,"KINNEY'S COMMERCIAL, INC.",133 TK INDUSTRIAL BLVD,HUTTO,TX,78634-2151,01/12/2021,Paid in Full,24,100,731866,731866,0,,69139,Citizens National Bank,118 S Houston,CAMERON,TX,76520-3932,U,N,N,Existing or more than 2 years old,HUTTO,WILLIAMSON,TX,78634-2151,TX-31,57,238220,White,Not Hispanic or Latino,51866,650000,,30000,,,,Corporation,69139,Citizens National Bank,CAMERON,TX,Male Owned,Non-Veteran,,736663.79,12/09/2020
5785637204,04/27/2020,0671,PPP,LESCON PLUMBING INC,2010 HOUSTON AVE,HUMBLE,TX,77338-2535,02/24/2021,Paid in Full,24,100,728900,728900,0,,71783,Frost Bank,111 W Houston St,SAN ANTONIO,TX,78205-1414,U,N,N,Existing or more than 2 years old,HUMBLE,HARRIS,TX,77338-2535,TX-18,41,238220,Unanswered,Unknown/NotStated,,728900,,,,,,Corporation,71783,Frost Bank,SAN ANTONIO,TX,Unanswered,Unanswered,,734192.01,01/20/2021
8783187004,04/08/2020,0610,PPP,HOMEFRONT S&D LLC,3210 COMMANDER DR,CARROLLTON,TX,75006-2507,04/14/2021,Paid in Full,24,100,726200,726200,0,,68987,Independent Bank d/b/a Independent Financial,3090 Craig Dr,MCKINNEY,TX,75070-4352,U,N,N,Existing or more than 2 years old,CARROLLTON,DALLAS,TX,75006-2507,TX-32,58,238220,Unanswered,Unknown/NotStated,,726200,,,,,,Limited  Liability Company(LLC),68987,Independent Bank d/b/a Independent Financial,MCKINNEY,TX,Unanswered,Unanswered,,732554.25,03/02/2021
2419878307,01/20/2021,0610,PPS,SERVICE SPECIALIST L.L.C.,212 W Sycamore St,Denton,TX,76201-6044,02/26/2022,Paid in Full,60,100,724287,724287.75,0,,87878,Pathward National Association,5501 S Broadband Ln,SIOUX FALLS,SD,57108-2253,U,Y,Y,Existing or more than 2 years old,Denton,DENTON,TX,76201-6044,TX-13,55,238220,Unanswered,Not Hispanic or Latino,1,724282.75,,,,,,Limited  Liability Company(LLC),87878,Pathward National Association,SIOUX FALLS,SD,Male Owned,Veteran,,731967.18,02/22/2022
8303747008,04/08/2020,0610,PPP,"NORTH TEXAS DUCTWORKS, LLC",2477 Merritt Dr.,GARLAND,TX,75041-6146,03/23/2021,Paid in Full,24,100,719700,719700,0,,71783,Frost Bank,111 W Houston St,SAN ANTONIO,TX,78205-1414,U,Y,Y,Existing or more than 2 years old,GARLAND,DALLAS,TX,75041-6146,TX-32,74,238220,Unanswered,Unknown/NotStated,,719700,,,,,,Limited  Liability Company(LLC),71783,Frost Bank,SAN ANTONIO,TX,Unanswered,Unanswered,,724332.33,02/16/2021
9497777008,04/09/2020,0671,PPP,"H.G. FIRE SYSTEMS, L.P.",15102 SOMMERMEYER ST SUITE 100,HOUSTON,TX,77041-5307,12/19/2020,Paid in Full,24,100,716300,716300,0,,71783,Frost Bank,111 W Houston St,SAN ANTONIO,TX,78205-1414,U,N,Y,Existing or more than 2 years old,HOUSTON,HARRIS,TX,77041-5307,TX-18,53,238220,Unanswered,Unknown/NotStated,,716300,,,,,,Partnership,71783,Frost Bank,SAN ANTONIO,TX,Male Owned,Non-Veteran,,720205.31,11/03/2020
4114378308,01/22/2021,0610,PPS,SPUR INDUSTRIAL LLC,1420 Hughie Long Rd,Cresson,TX,76035-4182,04/15/2022,Paid in Full,60,100,714241,714241,0,,59358,"BOKF, National Association",One Williams Center,TULSA,OK,74172-0140,R,N,N,Existing or more than 2 years old,Cresson,HOOD,TX,76035-4182,TX-25,35,238220,Unanswered,Not Hispanic or Latino,1,714238,,,,,,Corporation,59358,"BOKF, National Association",TULSA,OK,Male Owned,Veteran,,721561.97,03/28/2022
2375308504,02/20/2021,0671,PPS,DP SOUTH TEXAS PLUMBING COMPANY,5431 Brystone Dr,Houston,TX,77041-7010,02/18/2022,Paid in Full,60,100,708862,708862,0,,188567,Loan Source Incorporated,353 East 83rd Street Suite 3H,NEW YORK,NY,10028,U,N,N,Existing or more than 2 years old,Houston,HARRIS,TX,77041-7010,TX-38,53,238220,Unanswered,Unknown/NotStated,,708862,,,,,,Corporation,39334,Trustmark National Bank,JACKSON,MS,Unanswered,Unanswered,,713445.33,10/20/2021
8115957004,04/08/2020,0671,PPP,INFINITY SYSTEMS INC,12036 WINDFERN RD,HOUSTON,TX,77064-3208,05/07/2021,Paid in Full,24,100,706800,706800,0,,454766,Third Coast Bank,"20202 Hwy 59 North, Ste 190",Humble,TX,77338,U,N,N,Existing or more than 2 years old,HOUSTON,HARRIS,TX,77064-3208,TX-18,60,238220,Unanswered,Unknown/NotStated,,706800,,,,,,Corporation,454766,Third Coast Bank,Humble,TX,Male Owned,Veteran,,713691.3,04/08/2021
3984037706,05/01/2020,0681,PPP,CONSOLIDATED SERVICE COMPANY,7042 SNOWFLAKE DR,SAN ANTONIO,TX,78238,07/13/2021,Paid in Full,24,100,704219,704219,0,,12096,"Wells Fargo Bank, National Association",101 N Philips Ave,SIOUX FALLS,SD,57104-6738,U,N,N,Existing or more than 2 years old,SAN ANTONIO,BEXAR,TX,78238-1100,TX-20,50,238220,Unanswered,Unknown/NotStated,,704219,,,,,,Corporation,12096,"Wells Fargo Bank, National Association",SIOUX FALLS,SD,Unanswered,Unanswered,,711917.17,06/10/2021
8440927010,04/08/2020,0671,PPP,MCWILLIAMS & SON INC.,912 E Denman,LUFKIN,TX,75901-4830,12/18/2020,Paid in Full,24,100,704000,704000,0,,72026,Southside Bank,1201 S Beckham Ave,TYLER,TX,75701-3320,R,N,N,Existing or more than 2 years old,LUFKIN,ANGELINA,TX,75901-4830,TX-17,56,238220,Unanswered,Not Hispanic or Latino,,704000,,,,,,Corporation,72026,Southside Bank,TYLER,TX,Male Owned,Non-Veteran,,708184.89,11/13/2020
5091927007,04/05/2020,0678,PPP,D&D PLUMBING HEATINGS & A/C INC.,1101 FLORIDA AVE,MIDLAND,TX,79701-7909,10/14/2021,Paid in Full,24,100,702337.85,702337.85,0,,71446,Community National Bank,500 W Illinios Ave,MIDLAND,TX,79701-4234,U,N,Y,Existing or more than 2 years old,MIDLAND,MIDLAND,TX,79701-7909,TX-11,65,238220,Unanswered,Unknown/NotStated,,702337.85,,,,,,Corporation,71446,Community National Bank,MIDLAND,TX,Male Owned,Unanswered,,712677.82,09/21/2021
7316977001,04/07/2020,0610,PPP,"J. L. PARKER PLUMBING, INC.",3710 SHILOH RD,GARLAND,TX,75041-4016,01/07/2021,Paid in Full,24,100,700885,700885,0,,69380,Inwood National Bank,7621 Inwood Rd,DALLAS,TX,75209-4021,U,N,Y,Existing or more than 2 years old,GARLAND,DALLAS,TX,75041-4016,TX-05,49,238220,Unanswered,Unknown/NotStated,,700885,,,,,,Corporation,69380,Inwood National Bank,DALLAS,TX,Unanswered,Unanswered,,705743.19,12/23/2020
3040958808,04/13/2021,0681,PPS,CAPITAL INDUSTRIES LLC,505 Cypress Creek Rd Ste K,Cedar Park,TX,78613-4429,02/11/2022,Paid in Full,60,100,700000,700000,0,,44449,"PNC Bank, National Association",222 Delaware Ave,WILMINGTON,DE,19801-1621,U,N,N,Existing or more than 2 years old,Cedar Park,WILLIAMSON,TX,78613-4429,TX-31,56,238220,Unanswered,Unknown/NotStated,1,699996,,,,,,Limited  Liability Company(LLC),760,First Source Federal Credit Union,Rome,NY,Unanswered,Unanswered,,705444.44,01/21/2022
2412538307,01/20/2021,0671,PPS,MAGNUM AIR INC.,15498 Summit Park Dr Ste 101,Montgomery,TX,77356-1678,09/21/2021,Paid in Full,60,100,699937,699937,0,,72601,"Zions Bank, A Division of",1 S Main St,SALT LAKE CITY,UT,84133-1109,U,N,N,Existing or more than 2 years old,Montgomery,MONTGOMERY,TX,77356-1678,TX-08,59,238220,Unanswered,Not Hispanic or Latino,1,699934,,,,,,Subchapter S Corporation,72601,"Zions Bank, A Division of",SALT LAKE CITY,UT,Male Owned,Non-Veteran,,703733.92,08/13/2021
3540418403,02/05/2021,0610,PPS,EDDY RAY OPPELT INC.,308 US Highway 80 E,Sunnyvale,TX,75182-9394,07/15/2022,Paid in Full,60,100,691280,691280,0,,48270,"JPMorgan Chase Bank, National Association",1111 Polaris Pkwy,COLUMBUS,OH,43240-2031,U,N,N,Existing or more than 2 years old,Sunnyvale,DALLAS,TX,75182-9394,TX-05,46,238220,Unanswered,Unknown/NotStated,1,691276,,,,,,Corporation,48270,"JPMorgan Chase Bank, National Association",COLUMBUS,OH,Unanswered,Unanswered,,700181,05/31/2022
5021907006,04/04/2020,0610,PPP,"PEARSON MECHANICAL, INC.",2531 CARL RD,ARLINGTON,TX,76015-1631,12/19/2020,Paid in Full,24,100,689100,689100,0,,71783,Frost Bank,111 W Houston St,SAN ANTONIO,TX,78205-1414,U,N,Y,Existing or more than 2 years old,ARLINGTON,TARRANT,TX,76015-1631,TX-25,51,238220,Unanswered,Unknown/NotStated,,689100,,,,,,Subchapter S Corporation,71783,Frost Bank,SAN ANTONIO,TX,Unanswered,Unanswered,,693329,11/25/2020
9445438408,02/17/2021,0610,PPS,ATMAC MECHANICAL SERVICES LP,1201 Summit Ave,Plano,TX,75074-8509,02/11/2022,Paid in Full,60,100,683892,683892,0,,44449,"PNC Bank, National Association",222 Delaware Ave,WILMINGTON,DE,19801-1621,U,Y,Y,Existing or more than 2 years old,Plano,COLLIN,TX,75074-8509,TX-32,70,238220,Unanswered,Unknown/NotStated,1,683890,,,,,,Partnership,760,First Source Federal Credit Union,Rome,NY,Unanswered,Unanswered,,689876.06,01/03/2022
4756187000,04/04/2020,0610,PPP,"ATMAC MECHANICAL SERVICES, LP",1201 SUMMIT AVE,PLANO,TX,75074-8509,02/23/2021,Paid in Full,24,100,683800,683800,0,,44449,"PNC Bank, National Association",222 Delaware Ave,WILMINGTON,DE,19801-1621,U,Y,Y,Existing or more than 2 years old,PLANO,COLLIN,TX,75074-8509,TX-32,69,238220,Unanswered,Unknown/NotStated,170950,512850,,,,,,Partnership,760,First Source Federal Credit Union,Rome,NY,Unanswered,Unanswered,,689023.47,01/07/2021
8128007000,04/08/2020,0678,PPP,"ABCO FIRE PROTECTION, INC",14202 HIGHWAY 87 S.,LUBBOCK,TX,79423-7620,03/05/2021,Paid in Full,24,100,682900,682900,0,,70847,Peoples Bank,5820 82nd St,LUBBOCK,TX,79424-3617,U,N,N,Existing or more than 2 years old,LUBBOCK,LUBBOCK,TX,79423-7620,TX-19,63,238220,Unanswered,Unknown/NotStated,,682900,,,,,,Subchapter S Corporation,70847,Peoples Bank,LUBBOCK,TX,Male Owned,Unanswered,,689008.16,02/25/2021
8800378306,01/30/2021,0681,PPS,HOLTS MECHANICAL LTD.,5522 Rittiman Rd,San Antonio,TX,78218-4703,11/18/2021,Paid in Full,60,100,678942.75,678942.75,0,,447956,Texas Partners Bank,1900 NW Loop 410,SAN ANTONIO,TX,78213-2320,U,N,N,Existing or more than 2 years old,San Antonio,BEXAR,TX,78218-4703,TX-35,37,238220,Unanswered,Not Hispanic or Latino,1,678940.75,,,,,,Partnership,447956,Texas Partners Bank,SAN ANTONIO,TX,Male Owned,Non-Veteran,,683751.93,10/26/2021
2091857104,04/10/2020,0681,PPP,"HOLTS MECHANICAL, LTD.",5522 Rittiman Rd.,SAN ANTONIO,TX,78218-4703,02/17/2021,Paid in Full,24,100,678750,678750,0,,447956,Texas Partners Bank,1900 NW Loop 410,SAN ANTONIO,TX,78213-2320,U,N,N,Existing or more than 2 years old,SAN ANTONIO,BEXAR,TX,78218-4703,TX-35,46,238220,Unanswered,Not Hispanic or Latino,67875,509062.5,,101812.5,,,,Partnership,447956,Texas Partners Bank,SAN ANTONIO,TX,Male Owned,Non-Veteran,,683614.38,01/06/2021
3678927105,04/12/2020,0681,PPP,"CLARKE KENT PLUMBING, INC.",1408 W BEN WHITE BLVD,AUSTIN,TX,78704,01/22/2021,Paid in Full,24,100,678300,678300,0,,48270,"JPMorgan Chase Bank, National Association",1111 Polaris Pkwy,COLUMBUS,OH,43240-2031,U,Y,Y,Existing or more than 2 years old,AUSTIN,TRAVIS,TX,78704-0001,TX-21,46,238220,Unanswered,Unknown/NotStated,4000,640300,0,34000,0,0,0,Subchapter S Corporation,194093,"JPMorgan Chase Bank, National Association",CHICAGO,IL,Male Owned,Non-Veteran,,682694.63,12/09/2020
2492428308,01/20/2021,0671,PPS,STAR COOLING TOWERS LP,9007 FM 2759 Rd,Richmond,TX,77469-8341,10/07/2021,Paid in Full,60,100,678246.45,678246.45,0,,39232,Hancock Whitney Bank,2510 14th St One Hancock Plz,GULFPORT,MS,39501,U,N,N,Existing or more than 2 years old,Richmond,FORT BEND,TX,77469-8341,TX-22,49,238220,Unanswered,Unknown/NotStated,1,678244.45,,,,,,Limited Liability Partnership,39232,Hancock Whitney Bank,GULFPORT,MS,Unanswered,Unanswered,,682579.69,09/17/2021
9217517105,04/15/2020,0671,PPP,"AAA PLUMBERS, INC.",6547 PETROPARK DR,HOUSTON,TX,77041-4900,02/20/2021,Paid in Full,24,100,675000,675000,0,,39848,Cadence Bank,201 S Spring St,TUPELO,MS,38804-4811,U,N,N,Existing or more than 2 years old,HOUSTON,HARRIS,TX,77041-4900,TX-38,50,238220,Unanswered,Hispanic or Latino,,675000,,,,,,Corporation,39810,Cadence Bank,ATLANTA,GA,Male Owned,Non-Veteran,,679912.5,01/20/2021
6253977009,04/06/2020,0671,PPP,DAVIS AIR CONDITIONING & HEATING INC,1421 SOUTH FRONT ST,ANGLETON,TX,77515-9661,12/18/2020,Paid in Full,24,100,674800,674800,0,,69195,First State Bank,200 N Brazosport Blvd,CLUTE,TX,77531-3704,U,N,N,Existing or more than 2 years old,ANGLETON,BRAZORIA,TX,77515-9661,TX-14,64,238220,White,Not Hispanic or Latino,168700,506100,,,,,,Corporation,69195,First State Bank,CLUTE,TX,Male Owned,Unanswered,,678589.97,11/03/2020
6369587001,04/06/2020,0610,PPP,"EAST TEXAS REFRIGERATION COMPANY, INC.",4700 OLD TROUP HWY,TYLER,TX,75707-1426,03/11/2021,Paid in Full,24,100,672673.5,672673.5,0,,70840,Texas Bank and Trust Company,300 E Whaley,LONGVIEW,TX,75601-6417,R,N,N,Existing or more than 2 years old,TYLER,SMITH,TX,75707-1426,TX-01,75,238220,White,Not Hispanic or Latino,,672673.5,,,,,,Subchapter S Corporation,70840,Texas Bank and Trust Company,LONGVIEW,TX,Male Owned,Non-Veteran,,677305.66,02/16/2021
7590327008,04/07/2020,0678,PPP,"BLACK PLUMBING CO., INC.",4640 S TREADAWAY BLVD,ABILENE,TX,79602-7810,05/28/2021,Paid in Full,24,100,672200,672200,0,,68922,First Financial Bank,400 Pine St,ABILENE,TX,79601-5108,U,N,N,Existing or more than 2 years old,ABILENE,TAYLOR,TX,79602-7810,TX-19,61,238220,Unanswered,Not Hispanic or Latino,168050,504150,,,,,,Corporation,68922,First Financial Bank,ABILENE,TX,Male Owned,Non-Veteran,,676475.94,11/25/2020
8169428403,02/13/2021,0610,PPS,ADVENT AIR CONDITIONING INC,500 S Kealy Ave,Lewisville,TX,75057-4106,11/06/2021,Paid in Full,60,100,666917.5,666917.5,0,,69819,Prosperity Bank,1301 N Mechanic,El Campo,TX,77437,U,Y,Y,Existing or more than 2 years old,Lewisville,DENTON,TX,75057-4106,TX-26,38,238220,Unanswered,Not Hispanic or Latino,,666915.5,,,,,,Corporation,69819,Prosperity Bank,El Campo,TX,Male Owned,Non-Veteran,,671339.25,10/25/2021
3037447103,04/11/2020,0671,PPP,"SOUTH COAST INDUSTRIES, LLC",1860 FM 359 #202,RICHMOND,TX,77406-1296,02/06/2021,Paid in Full,24,100,662100,662100,0,,70410,Woodforest National Bank,1330 Lake Robbins Dr,THE WOODLANDS,TX,77380-3266,U,N,N,Existing or more than 2 years old,RICHMOND,FORT BEND,TX,77406-1296,TX-22,53,238220,Unanswered,Unknown/NotStated,,662100,,,,,,Limited  Liability Company(LLC),70410,Woodforest National Bank,THE WOODLANDS,TX,Unanswered,Unanswered,,667047.36,01/20/2021
6619617001,04/07/2020,0681,PPP,"PRECISION COMMERCIAL PLUMBING CO., INC.",1711 DALSHANK ST,PFLUGERVILLE,TX,78660-6501,02/16/2021,Paid in Full,24,100,660700,660700,0,,71727,Broadway National Bank,1177 NE Loop 410,SAN ANTONIO,TX,78209-1517,U,N,N,Existing or more than 2 years old,PFLUGERVILLE,TRAVIS,TX,78660-6501,TX-17,62,238220,White,Not Hispanic or Latino,,660700,,,,,,Corporation,71727,Broadway National Bank,SAN ANTONIO,TX,Female Owned,Non-Veteran,,665838.78,01/20/2021
9772928301,01/31/2021,0610,PPS,CHAMPION LIFE SAFETY SOLUTIONS LLC,2701 W Plano Pkwy Ste 500,Plano,TX,75075-8213,02/25/2021,Paid in Full,60,100,660572.5,660572.5,0,,59358,"BOKF, National Association",One Williams Center,TULSA,OK,74172-0140,U,N,N,Existing or more than 2 years old,Plano,COLLIN,TX,75075-8213,TX-04,47,238220,Unanswered,Unknown/NotStated,1,660569.5,,,,,,Limited  Liability Company(LLC),59358,"BOKF, National Association",TULSA,OK,Unanswered,Unanswered,,668884.7,05/02/2022
4741657007,04/04/2020,0678,PPP,NATIONAL HEATING & PLUMBING INC,620 RYAN AVE,ODESSA,TX,79761-4931,05/07/2021,Paid in Full,24,100,660000,660000,0,,72181,SouthWest Bank,4800 E 42nd St,ODESSA,TX,79762-7214,U,N,N,Existing or more than 2 years old,ODESSA,ECTOR,TX,79761-4931,TX-11,51,238220,Unanswered,Not Hispanic or Latino,,660000,,,,,,Corporation,72181,SouthWest Bank,ODESSA,TX,Male Owned,Non-Veteran,,666838.33,04/26/2021
4452827210,04/27/2020,0610,PPP,"MCDANIEL & SON PLUMBING, INC.","99 Regency Parway, Suite 203",Mansfield,TX,76063-7819,05/07/2021,Paid in Full,24,100,657600,657600,0,Benjamin Franklin Plumbing,69703,"Bank of DeSoto, National Association",2011 N Hampton Rd,DESOTO,TX,75115-2323,U,N,N,Existing or more than 2 years old,Mansfield,TARRANT,TX,76063-7819,TX-06,46,238220,White,Unknown/NotStated,,657600,,,,,,Subchapter S Corporation,69703,"Bank of DeSoto, National Association",DESOTO,TX,Male Owned,Unanswered,,663737.6,04/02/2021
2103437203,04/15/2020,0610,PPP,PETREK MECHANICAL CONTRACTORS LTD,9618 Camp Bowie West,FORT WORTH,TX,76116,04/22/2021,Paid in Full,24,100,651340,651340,0,,44449,"PNC Bank, National Association",222 Delaware Ave,WILMINGTON,DE,19801-1621,U,N,N,Existing or more than 2 years old,FORT WORTH,TARRANT,TX,76116-0001,TX-12,54,238220,Unanswered,Unknown/NotStated,,651340,,,,,,Partnership,760,First Source Federal Credit Union,Rome,NY,Unanswered,Unanswered,,657039.22,03/05/2021
3882448510,02/24/2021,0677,PPS,TEXAS PLUMBING CONTRACTORS LLC,6936 Commerce Ave,El Paso,TX,79915-1102,12/09/2021,Paid in Full,60,100,638577.17,638577.17,0,,113154,WestStar Bank,"601 N Mesa St, Ste 1100",El Paso,TX,79901,U,Y,Y,Existing or more than 2 years old,El Paso,EL PASO,TX,79915-1102,TX-16,51,238220,White,Hispanic or Latino,,638577.17,,,,,,Limited  Liability Company(LLC),113154,WestStar Bank,El Paso,TX,Male Owned,Non-Veteran,,642798.87,11/02/2021
4327887207,04/27/2020,0610,PPP,SOUTHERN MECHANICAL PLUMBING INC,400 S Aston Dr,Sunnyvale,TX,75182,03/13/2021,Paid in Full,24,100,635600,635600,0,,71977,The American National Bank of Texas,102 W Moore,TERRELL,TX,75160-3129,U,N,N,Existing or more than 2 years old,Sunnyvale,DALLAS,TX,75182-0001,TX-05,40,238220,Unanswered,Unknown/NotStated,,635600,,,,,,Corporation,71977,The American National Bank of Texas,TERRELL,TX,Unanswered,Unanswered,,640667.39,02/17/2021
6212688408,02/10/2021,0610,PPS,AXIUM SOLAR INC.,1005 Placid Ave Ste 100,Plano,TX,75074-8655,10/21/2021,Paid in Full,60,100,635115,635115,0,,48270,"JPMorgan Chase Bank, National Association",1111 Polaris Pkwy,COLUMBUS,OH,43240-2031,U,Y,Y,Existing or more than 2 years old,Plano,COLLIN,TX,75074-8655,TX-32,48,238220,Unanswered,Not Hispanic or Latino,,635115,,,,,,Corporation,48270,"JPMorgan Chase Bank, National Association",COLUMBUS,OH,Male Owned,Non-Veteran,,638953.21,09/22/2021
5120727006,04/05/2020,0671,PPP,AIR INNOVATIONS LLC,12507 TELGE RD,CYPRESS,TX,77429-2208,03/19/2021,Paid in Full,24,100,632800,632800,0,,44449,"PNC Bank, National Association",222 Delaware Ave,WILMINGTON,DE,19801-1621,U,N,N,Existing or more than 2 years old,CYPRESS,HARRIS,TX,77429-2208,TX-10,66,238220,White,Unknown/NotStated,79100,474600,79100,,,,,Limited  Liability Company(LLC),760,First Source Federal Credit Union,Rome,NY,Unanswered,Unanswered,,638090.91,02/02/2021
9348148805,04/23/2021,0671,PPS,AIRTEAM LTD.,6119 Westview Dr,Houston,TX,77055-5421,08/09/2022,Paid in Full,60,100,632606,632606,0,,44449,"PNC Bank, National Association",222 Delaware Ave,WILMINGTON,DE,19801-1621,U,N,N,Existing or more than 2 years old,Houston,HARRIS,TX,77055-5421,TX-18,56,238220,Unanswered,Unknown/NotStated,1,632602,,,,,,Partnership,760,First Source Federal Credit Union,Rome,NY,Unanswered,Unanswered,,640496,07/21/2022
6073657108,04/14/2020,0671,PPP,DIRECT AIRFLOW DISTRIBUTORS I INC DBA COASTAL HVAC SUPPLY,51 ESPLANADE BLVD suite 100,HOUSTON,TX,77060-3718,05/22/2021,Paid in Full,24,100,631000,631000,0,,71783,Frost Bank,111 W Houston St,SAN ANTONIO,TX,78205-1414,U,Y,Y,Existing or more than 2 years old,HOUSTON,HARRIS,TX,77060-3718,TX-29,49,238220,Unanswered,Unknown/NotStated,,631000,,,,,,Corporation,71783,Frost Bank,SAN ANTONIO,TX,Unanswered,Unanswered,,637431.01,04/29/2021
2773168407,02/04/2021,0610,PPS,INFINITY CONTRACTORS INTERNATIONAL LTD,1400 Everman Pkwy Ste 134,Fort Worth,TX,76140-5006,07/20/2021,Paid in Full,60,100,630800,630800,0,,71783,Frost Bank,111 W Houston St,SAN ANTONIO,TX,78205-1414,U,Y,Y,Existing or more than 2 years old,Fort Worth,TARRANT,TX,76140-5006,TX-33,42,238220,White,Not Hispanic or Latino,1,630795,,,,,,Limited Liability Partnership,71783,Frost Bank,SAN ANTONIO,TX,Male Owned,Non-Veteran,,633150.38,06/29/2021
2545648309,01/21/2021,0681,PPS,AIR PERFORMANCE SERVICE OF CENTRAL TEXAS LLC,13405 Immanuel Rd Bldg 2,Pflugerville,TX,78660-8337,11/18/2021,Paid in Full,60,100,629800,629800,0,,455610,Texas Security Bank,1212 Turtle Creek Blvd,DALLAS,TX,75207-6614,U,Y,Y,Existing or more than 2 years old,Pflugerville,TRAVIS,TX,78660-8337,TX-17,45,238220,Unanswered,Not Hispanic or Latino,1,629797,,,,,,Corporation,455610,Texas Security Bank,DALLAS,TX,Male Owned,Non-Veteran,,634436.03,10/20/2021
5485477006,04/05/2020,0610,PPP,"MCLEAN MECHANICAL CONTRACTORS, INC.",10625 CONTROL PL,DALLAS,TX,75238-1334,02/04/2021,Paid in Full,24,100,627677.5,627677.5,0,,69380,Inwood National Bank,7621 Inwood Rd,DALLAS,TX,75209-4021,U,Y,Y,Existing or more than 2 years old,DALLAS,DALLAS,TX,75238-1334,TX-32,65,238220,Unanswered,Unknown/NotStated,,627677.5,,,,,,Subchapter S Corporation,69380,Inwood National Bank,DALLAS,TX,Unanswered,Unanswered,,632440.97,01/19/2021
8071327708,05/01/2020,0671,PPP,BIG TEX AIR CONDITIONING INC.,9341 N Green River Dr.,Houston,TX,77078,01/20/2021,Paid in Full,60,100,625000,625000,0,,72601,"Zions Bank, A Division of",1 S Main St,SALT LAKE CITY,UT,84133-1109,U,Y,Y,Existing or more than 2 years old,Houston,HARRIS,TX,77078-1100,TX-18,63,238220,Unanswered,Unknown/NotStated,,625000,,,,,,Corporation,72601,"Zions Bank, A Division of",SALT LAKE CITY,UT,Unanswered,Unanswered,,628632.47,02/16/2021
9590997009,04/09/2020,0681,PPP,B.T. SIEK COMPANY INC.,10704 North FM 620 Rd,AUSTIN,TX,78726,02/23/2021,Paid in Full,24,100,622102,622102,0,,447956,Texas Partners Bank,1900 NW Loop 410,SAN ANTONIO,TX,78213-2320,U,N,N,Existing or more than 2 years old,AUSTIN,TRAVIS,TX,78726-0001,TX-10,42,238220,Unanswered,Unknown/NotStated,,466578,,155524,,,,Subchapter S Corporation,515712,Texas Partners Bank,AUSTIN,TX,Unanswered,Unanswered,,626854.17,01/25/2021
4855697006,04/04/2020,0678,PPP,"FRANK'S REPAIR PLUMBING, INC.",4112 NW 10TH AVE,AMARILLO,TX,79106-7002,12/16/2020,Paid in Full,24,100,618700,618700,0,,68966,Amarillo National Bank,410 S Taylor St,AMARILLO,TX,79101-1555,U,Y,Y,Existing or more than 2 years old,AMARILLO,POTTER,TX,79106-7002,TX-13,67,238220,Unanswered,Unknown/NotStated,,618700,,,,,,Subchapter S Corporation,68966,Amarillo National Bank,AMARILLO,TX,Unanswered,Unanswered,,622343.46,11/05/2020
2700798810,04/13/2021,0677,PPS,EP MECHANICAL TECHNOLOGIES INC.,211 N Cotton St,El Paso,TX,79901-1745,08/03/2022,Paid in Full,60,100,617667,617667,0,,66442,First Savings Bank,201 N Third,BERESFORD,SD,57004-1743,U,Y,Y,Existing or more than 2 years old,El Paso,EL PASO,TX,79901-1745,TX-16,53,238220,White,Hispanic or Latino,1,617665,,,,,,Corporation,66442,First Savings Bank,BERESFORD,SD,Male Owned,Non-Veteran,,625267.74,07/08/2022
7447997301,04/30/2020,0671,PPP,"NEW TEX PLUMBING, INC.",611 Todd Drive,CONROE,TX,77385,07/22/2021,Paid in Full,24,100,615878.85,615878,0,,48270,"JPMorgan Chase Bank, National Association",1111 Polaris Pkwy,COLUMBUS,OH,43240-2031,U,N,N,Unanswered,CONROE,MONTGOMERY,TX,77385-0002,TX-02,59,238220,Unanswered,Unknown/NotStated,13605,534762,,40000,,27511,,Corporation,194093,"JPMorgan Chase Bank, National Association",CHICAGO,IL,Unanswered,Unanswered,,622886.01,06/24/2021
8179707205,04/28/2020,0610,PPP,THURGOOD INC,1500 CAPITAL AVE STE 101,PLANO,TX,75074,02/11/2022,Paid in Full,24,100,613781,613781,0,,44449,"PNC Bank, National Association",222 Delaware Ave,WILMINGTON,DE,19801-1621,U,Y,Y,Existing or more than 2 years old,PLANO,COLLIN,TX,75074-0001,TX-32,43,238220,White,Not Hispanic or Latino,1000,612781,,,,,,Corporation,760,First Source Federal Credit Union,Rome,NY,Male Owned,Non-Veteran,,624249.38,01/04/2022
5299627108,04/13/2020,0671,PPP,"MCBRIDE PLUMBING, LLC","6719 THEALL ROAD, SUITE B",HOUSTON,TX,77066-1215,05/20/2022,Paid in Full,24,100,611367.5,611367.5,0,,39848,Cadence Bank,201 S Spring St,TUPELO,MS,38804-4811,U,N,N,New Business or 2 years or less,HOUSTON,HARRIS,TX,77066-1215,TX-18,49,238220,Unanswered,Unknown/NotStated,,611367.5,,,,,,Limited  Liability Company(LLC),39848,Cadence Bank,TUPELO,MS,Unanswered,Unanswered,,618771.84,07/06/2021
1453457106,04/10/2020,0671,PPP,"BRADBURY BROTHERS, LLC",30045 FM 2978 Rd.,Magnolia,TX,77354,06/09/2021,Paid in Full,24,100,610215,610215,0,,368915,Veritex Community Bank,8214 Westchester Dr Ste 800,Dallas,TX,75225,U,N,N,Existing or more than 2 years old,Magnolia,MONTGOMERY,TX,77354-1097,TX-08,7,238220,Unanswered,Not Hispanic or Latino,61021,488172,,,,61022,,Limited  Liability Company(LLC),368915,Veritex Community Bank,Dallas,TX,Male Owned,Non-Veteran,,616818.7,05/21/2021
2012357110,04/10/2020,0671,PPP,"BEST PLUMBING, L.L.C.",7802 FARNSWORTH,HOUSTON,TX,77022,01/12/2021,Paid in Full,24,100,609800,609800,0,,70410,Woodforest National Bank,1330 Lake Robbins Dr,THE WOODLANDS,TX,77380-3266,U,N,Y,Existing or more than 2 years old,HOUSTON,HARRIS,TX,77022-1500,TX-29,41,238220,White,Not Hispanic or Latino,,609800,,,,,,Limited  Liability Company(LLC),70410,Woodforest National Bank,THE WOODLANDS,TX,Male Owned,Non-Veteran,,613814.52,12/17/2020
3275487306,04/29/2020,0671,PPP,"BATES AIR CONDITIONING SERVICE CO., INC.",620 RANKIN CIR N,HOUSTON,TX,77073-4308,12/05/2020,Paid in Full,24,100,608800,608800,0,,71476,"Guaranty Bank & Trust, National Association",100 W Arkansas,MOUNT PLEASANT,TX,75455-4420,U,N,Y,Existing or more than 2 years old,HOUSTON,HARRIS,TX,77073-4308,TX-18,48,238220,Unanswered,Unknown/NotStated,,608800,,,,,,Corporation,71476,"Guaranty Bank & Trust, National Association",MOUNT PLEASANT,TX,Unanswered,Unanswered,,611945.47,11/03/2020
3672768503,02/24/2021,0677,PPS,TEXAS MECHANICAL CONTRACTORS LLC,6936 Commerce Ave,El Paso,TX,79915-1102,12/09/2021,Paid in Full,60,100,607487,607487,0,,113154,WestStar Bank,"601 N Mesa St, Ste 1100",El Paso,TX,79901,U,N,Y,Existing or more than 2 years old,El Paso,EL PASO,TX,79915-1102,TX-16,60,238220,White,Hispanic or Latino,,607487,,,,,,Limited  Liability Company(LLC),113154,WestStar Bank,El Paso,TX,Male Owned,Non-Veteran,,611570.66,11/03/2021
8671628410,02/13/2021,0610,PPS,SOUTHERN MECHANICAL PLUMBING INC,400 S Aston Dr,Sunnyvale,TX,75182-9104,03/04/2022,Paid in Full,60,100,604944,604944,0,,71977,The American National Bank of Texas,102 W Moore,TERRELL,TX,75160-3129,U,N,N,Existing or more than 2 years old,Sunnyvale,DALLAS,TX,75182-9104,TX-05,64,238220,Unanswered,Unknown/NotStated,,604944,,,,,,Corporation,71977,The American National Bank of Texas,TERRELL,TX,Unanswered,Unanswered,,610661.96,02/03/2022
5758867001,04/06/2020,0671,PPP,"VANDORFORD AIR, INC.",207 W FM 646 RD,DICKINSON,TX,77539-3036,07/16/2021,Paid in Full,24,100,601300,601300,0,,71999,Texas First Bank,3232 Palmer Hwy,TEXAS CITY,TX,77590-6724,U,N,N,Existing or more than 2 years old,DICKINSON,GALVESTON,TX,77539-3036,TX-14,40,238220,Unanswered,Unknown/NotStated,2095,583205,,16000,,,,Corporation,71999,Texas First Bank,TEXAS CITY,TX,Unanswered,Unanswered,,605893.26,01/07/2021
2844187208,04/16/2020,0681,PPP,"TAB TECHNOLOGIES, LLC",5321 INDUSTRIAL OAKS BLVD STE 124,AUSTIN,TX,78735,09/30/2021,Paid in Full,24,100,600957,600957,0,,48270,"JPMorgan Chase Bank, National Association",1111 Polaris Pkwy,COLUMBUS,OH,43240-2031,U,N,N,Existing or more than 2 years old,AUSTIN,TRAVIS,TX,78735-0001,TX-21,45,238220,Unanswered,Unknown/NotStated,2435,456388,0,30820,0,111314,0,Limited  Liability Company(LLC),194093,"JPMorgan Chase Bank, National Association",CHICAGO,IL,Unanswered,Unanswered,,608711.35,08/05/2021
4622547703,05/01/2020,0681,PPP,SERVICE MECHANICAL GROUP LLC,11011 WYE STREET,SAN ANTONIO,TX,78217,06/09/2021,Paid in Full,24,100,598373,598373,0,,12096,"Wells Fargo Bank, National Association",101 N Philips Ave,SIOUX FALLS,SD,57104-6738,U,Y,Y,Existing or more than 2 years old,SAN ANTONIO,BEXAR,TX,78217-0001,TX-35,43,238220,Unanswered,Unknown/NotStated,,598373,,,,,,Limited  Liability Company(LLC),12096,"Wells Fargo Bank, National Association",SIOUX FALLS,SD,Unanswered,Unanswered,,604651.82,05/25/2021
2898488402,02/04/2021,0610,PPS,S & T PLUMBING INC.,804 W Shady Grove Rd,Irving,TX,75060-5863,10/06/2021,Paid in Full,60,100,596902,596902,0,,69650,North Dallas Bank and Trust Co,"12900, Preston Rd",Dallas,TX,75230-1312,U,N,Y,Existing or more than 2 years old,Irving,DALLAS,TX,75060-5863,TX-06,37,238220,Unanswered,Unknown/NotStated,,596902,,,,,,Corporation,69650,North Dallas Bank and Trust Co,Dallas,TX,Unanswered,Unanswered,,600781.86,09/28/2021
1477687110,04/10/2020,0677,PPP,TEXAS MECHANICAL CONTRACTORS LLC,6936 COMMERCE AVE,EL PASO,TX,79915-1102,01/21/2021,Paid in Full,24,100,596300,596300,0,,113154,WestStar Bank,"601 N Mesa St, Ste 1100",El Paso,TX,79901,U,Y,Y,Existing or more than 2 years old,EL PASO,EL PASO,TX,79915-1102,TX-16,68,238220,White,Hispanic or Latino,,596300,,,,,,Limited  Liability Company(LLC),113154,WestStar Bank,El Paso,TX,Male Owned,Non-Veteran,,600076.57,12/09/2020
1851468405,02/02/2021,0671,PPS,CHARLIE'S PLUMBING INC.,10114 Thermon St,Houston,TX,77075-3412,09/28/2021,Paid in Full,60,100,595100,595100,0,,71783,Frost Bank,111 W Houston St,SAN ANTONIO,TX,78205-1414,U,N,Y,Existing or more than 2 years old,Houston,HARRIS,TX,77075-3412,TX-29,38,238220,Unanswered,Not Hispanic or Latino,1,595098,,,,,,Corporation,71783,Frost Bank,SAN ANTONIO,TX,Female Owned,Non-Veteran,,598360.82,08/25/2021
8392347007,04/08/2020,0671,PPP,"CHARLIE'S PLUMBING, INC.",10114 THERMON ST,HOUSTON,TX,77075-3412,01/22/2021,Paid in Full,24,100,595100,595100,0,,71783,Frost Bank,111 W Houston St,SAN ANTONIO,TX,78205-1414,U,N,Y,Existing or more than 2 years old,HOUSTON,HARRIS,TX,77075-3412,TX-29,38,238220,Unanswered,Not Hispanic or Latino,,595100,,,,,,Corporation,71783,Frost Bank,SAN ANTONIO,TX,Female Owned,Non-Veteran,,598931.47,12/09/2020
9384978510,03/12/2021,0671,PPS,BEST PLUMBING L.L.C.,7802 Farnsworth St,Houston,TX,77022-3223,09/24/2021,Paid in Full,60,100,591612,591612,0,,70410,Woodforest National Bank,1330 Lake Robbins Dr,THE WOODLANDS,TX,77380-3266,U,Y,Y,Existing or more than 2 years old,Houston,HARRIS,TX,77022-3223,TX-29,38,238220,White,Not Hispanic or Latino,1,591610,,,,,,Limited  Liability Company(LLC),70410,Woodforest National Bank,THE WOODLANDS,TX,Male Owned,Non-Veteran,,594208.52,08/24/2021
4728148401,02/06/2021,0610,PPS,R.L.P. MECHANICAL CONTRACTORS INC.,4117 N Highway 77,Waxahachie,TX,75165-5637,01/07/2022,Paid in Full,60,100,590149,590149,0,,71977,The American National Bank of Texas,102 W Moore,TERRELL,TX,75160-3129,R,N,N,Existing or more than 2 years old,Waxahachie,ELLIS,TX,75165-5637,TX-06,39,238220,White,Not Hispanic or Latino,,590149,,,,,,Corporation,71977,The American National Bank of Texas,TERRELL,TX,Female Owned,Non-Veteran,,595064.21,12/21/2021
2717498309,01/21/2021,0678,PPS,NATIONAL HEATING & PLUMBING INC,620 Ryan Ave,Odessa,TX,79761-4931,07/07/2021,Paid in Full,60,100,589847,589847,0,,72181,SouthWest Bank,4800 E 42nd St,ODESSA,TX,79762-7214,U,N,N,Existing or more than 2 years old,Odessa,ECTOR,TX,79761-4931,TX-11,50,238220,Unanswered,Not Hispanic or Latino,,589847,,,,,,Corporation,72181,SouthWest Bank,ODESSA,TX,Male Owned,Non-Veteran,,592124.46,06/15/2021
5703807106,04/13/2020,0610,PPP,FRG HOLDINGS LLC,100 CRESCENT CT STE 700,DALLAS,TX,75201-1530,09/29/2021,Paid in Full,24,100,588797,588797,0,,67422,First Horizon Bank,165 Madison Ave,MEMPHIS,TN,38103-2723,U,N,N,Existing or more than 2 years old,DALLAS,DALLAS,TX,75201-1530,TX-30,33,238220,Unanswered,Unknown/NotStated,,588797,,,,,,Limited  Liability Company(LLC),78586,"IberiaBank, A Division of First Horizon Bank",Lafayette,LA,Unanswered,Unanswered,,596402.29,08/02/2021
8058258310,01/29/2021,0610,PPS,FRG HOLDINGS LLC,100 Crescent Ct Ste 700,Dallas,TX,75201-2112,11/16/2021,Paid in Full,60,100,588797,588797,0,,67422,First Horizon Bank,165 Madison Ave,MEMPHIS,TN,38103-2723,U,N,N,Existing or more than 2 years old,Dallas,DALLAS,TX,75201-2112,TX-30,33,238220,Unanswered,Unknown/NotStated,,588797,,,,,,Limited  Liability Company(LLC),67422,First Horizon Bank,MEMPHIS,TN,Unanswered,Unanswered,,592869.51,10/19/2021
3519107207,04/27/2020,0681,PPP,"COOL SERVICES, INC.",1804 Bench Mark Drive,Austin,TX,78728,03/20/2021,Paid in Full,24,100,587185,587185,0,,105591,A+ FCU,6420 US Hwy 290 E,AUSTIN,TX,78723-1030,U,Y,Y,Existing or more than 2 years old,Austin,TRAVIS,TX,78728-0001,TX-17,48,238220,Unanswered,Hispanic or Latino,,587185,,,0,,,Corporation,105591,A+ FCU,AUSTIN,TX,Male Owned,Non-Veteran,,591621.51,02/02/2021
1096727203,04/15/2020,0610,PPP,KEN MAN PLUMBING INC,801 4TH AVE,MANSFIELD,TX,76063-2207,03/13/2021,Paid in Full,24,100,585900,585900,0,,71977,The American National Bank of Texas,102 W Moore,TERRELL,TX,75160-3129,U,N,N,Existing or more than 2 years old,MANSFIELD,TARRANT,TX,76063-2207,TX-06,45,238220,Unanswered,Unknown/NotStated,,585900,,,,,,Subchapter S Corporation,71977,The American National Bank of Texas,TERRELL,TX,Unanswered,Unanswered,,590394.58,02/01/2021
9328818405,02/16/2021,0671,PPP,BTN SERVICES LLC,2404 Austin St,Houston,TX,77004-1008,12/20/2022,Charged Off,38,100,581650,581650,0,,48270,"JPMorgan Chase Bank, National Association",1111 Polaris Pkwy,COLUMBUS,OH,43240-2031,U,Y,N,Existing or more than 2 years old,Houston,HARRIS,TX,77004-1008,TX-18,234,238220,Unanswered,Hispanic or Latino,,581648,,,,,,Limited  Liability Company(LLC),48270,"JPMorgan Chase Bank, National Association",COLUMBUS,OH,Male Owned,Non-Veteran,,,
3021437204,04/16/2020,0610,PPP,"E.D. MILLER SERVICE CO, LLC","9736 Brockbank Dr,",Dallas,TX,75220-2935,04/09/2021,Paid in Full,24,100,579100,579100,0,,2408,Regions Bank,1900 Fifth Avenue North,BIRMINGHAM,AL,35203,U,Y,Y,Existing or more than 2 years old,Dallas,DALLAS,TX,75220-2935,TX-33,42,238220,Unanswered,Unknown/NotStated,,579100,,,,,,Limited  Liability Company(LLC),2408,Regions Bank,BIRMINGHAM,AL,Unanswered,Unanswered,,583986.65,03/02/2021
3887438310,01/22/2021,0678,PPS,D & D PLUMBING HEATING & AIR CONDITIONING INC,1101 W Florida Ave,Midland,TX,79701-7909,02/12/2022,Paid in Full,60,100,578158.25,578158.25,0,,71446,Community National Bank,500 W Illinios Ave,MIDLAND,TX,79701-4234,U,Y,Y,Existing or more than 2 years old,Midland,MIDLAND,TX,79701-7909,TX-11,35,238220,Unanswered,Unknown/NotStated,1,578156.25,,,,,,Corporation,71446,Community National Bank,MIDLAND,TX,Male Owned,Unanswered,,583971.95,01/25/2022
5864597704,05/01/2020,0681,PPP,SALOF LTD INC,5141 IH 35 S,NEW BRAUNFELS,TX,78132-4947,04/16/2021,Paid in Full,24,100,576534,576534,0,,9551,"Bank of America, National Association","100 N Tryon St, Ste 170",CHARLOTTE,NC,28202-4024,U,N,N,New Business or 2 years or less,NEW BRAUNFELS,COMAL,TX,78132-4947,TX-21,49,238220,Unanswered,Unknown/NotStated,,576534,,,,,,Corporation,9551,"Bank of America, National Association",CHARLOTTE,NC,Unanswered,Unanswered,,581620.14,03/25/2021
7643157010,04/07/2020,0610,PPP,"BCI MECHANICAL, INC.",400 E Oak St,Denton,TX,76201-4246,04/15/2021,Paid in Full,24,100,576400,576400,0,,69976,First State Bank,801 E California St,GAINESVILLE,TX,76240-4276,U,Y,Y,Existing or more than 2 years old,Denton,DENTON,TX,76201-4246,TX-13,52,238220,White,Not Hispanic or Latino,7250,530950,,18000,,17500,2700,Subchapter S Corporation,69976,First State Bank,GAINESVILLE,TX,Male Owned,Non-Veteran,,581942.92,03/31/2021
4992557104,04/13/2020,0681,PPP,"BEYER AIR CONDITIONING AND HEATING, LLC",4711 BROOM ST,SAN ANTONIO,TX,78217-3708,01/22/2021,Paid in Full,24,100,570600,570600,0,,71783,Frost Bank,111 W Houston St,SAN ANTONIO,TX,78205-1414,U,Y,Y,Existing or more than 2 years old,SAN ANTONIO,BEXAR,TX,78217-3708,TX-35,51,238220,Unanswered,Unknown/NotStated,,570600,,,,,,Limited  Liability Company(LLC),71783,Frost Bank,SAN ANTONIO,TX,Unanswered,Unanswered,,574179.93,12/08/2020
9836267003,04/09/2020,0671,PPP,AIR COMFORT INC,625 North Main St,Beaumont,TX,77701-1811,07/14/2021,Paid in Full,24,100,569412,569412,0,,451098,Stellar Bank,8727 W Sam Houston Pkwy North,HOUSTON,TX,77040-5167,U,Y,Y,Existing or more than 2 years old,Beaumont,JEFFERSON,TX,77701-1811,TX-14,38,238220,White,Unknown/NotStated,,569412,,,,,,Corporation,71523,Stellar Bank,Beaumont,TX,Male Owned,Veteran,,576120.14,06/22/2021
2760137305,04/29/2020,0671,PPP,"AIRE TECHNICS, INC.",39397 FM 529 Rd,Brookshire,TX,77423-9499,11/06/2021,Paid in Full,24,100,567900,567900,0,,33850,Comerica Bank,1717 Main St,DALLAS,TX,75201-4612,R,Y,Y,Existing or more than 2 years old,Brookshire,WALLER,TX,77423-9499,TX-10,49,238220,Unanswered,Unknown/NotStated,,454386,113514,,,,,Corporation,33850,Comerica Bank,DALLAS,TX,Unanswered,Unanswered,,576244.97,10/18/2021
4440307003,04/03/2020,0610,PPP,"RICHARD MEEK AIR CONDITIONING, INC.",117 HENRIETTA ST,WICHITA FALLS,TX,76301-7024,05/13/2021,Paid in Full,24,100,572300,565900,0,,69819,Prosperity Bank,1301 N Mechanic,El Campo,TX,77437,U,Y,Y,Existing or more than 2 years old,WICHITA FALLS,WICHITA,TX,76301-7024,TX-13,48,238220,White,Not Hispanic or Latino,,565900,,,,,,Subchapter S Corporation,123367,Prosperity Bank,Midland,TX,Male Owned,Unanswered,,571621.88,04/13/2021
2201278410,02/03/2021,0671,PPS,HOUSTON NORTH AIR CONDITIONING INC,402 E Tidwell Rd,Houston,TX,77022-1626,09/24/2021,Paid in Full,60,100,564580,564580,0,,71316,PlainsCapital Bank,2911 Turtle Creek Blvd. Suite 700,DALLAS,TX,75219,U,Y,Y,Existing or more than 2 years old,Houston,HARRIS,TX,77022-1626,TX-29,31,238220,Unanswered,Unknown/NotStated,,564580,,,,,,Corporation,71316,PlainsCapital Bank,DALLAS,TX,Unanswered,Unanswered,,567434.27,08/06/2021
9321377002,04/09/2020,0671,PPP,HOUSTON NORTH AIR CONDITIONING INC,PO Box 91188,HOUSTON,TX,77291,01/14/2021,Paid in Full,24,100,563700,563700,0,,71316,PlainsCapital Bank,2911 Turtle Creek Blvd. Suite 700,DALLAS,TX,75219,U,N,Y,Existing or more than 2 years old,HOUSTON,HARRIS,TX,77291-1001,TX-18,35,238220,Unanswered,Unknown/NotStated,,563700,,,,,,Corporation,71316,PlainsCapital Bank,DALLAS,TX,Unanswered,Unanswered,,567724.19,12/23/2020
5727137002,04/06/2020,0610,PPP,"STOWE'S INDEPENDENT SERVICES, LLC",1951 E. CONTINENTAL BLVD,SOUTHLAKE,TX,76092-9766,02/26/2021,Paid in Full,24,100,562700,562700,0,,68950,Clear Fork Bank National Association,100 S Main,ALBANY,TX,76430,U,N,Y,Existing or more than 2 years old,SOUTHLAKE,TARRANT,TX,76092-9766,TX-24,54,238220,Unanswered,Unknown/NotStated,,562700,,,,,,Limited  Liability Company(LLC),68950,Clear Fork Bank National Association,ALBANY,TX,Unanswered,Unanswered,,566548.1,02/16/2021
1525587110,04/10/2020,0677,PPP,TEXAS PLUMBING CONTRACTORS LLC,6936 COMMERCE AVE,EL PASO,TX,79915-1102,01/21/2021,Paid in Full,24,100,562400,562400,0,,113154,WestStar Bank,"601 N Mesa St, Ste 1100",El Paso,TX,79901,U,Y,Y,Existing or more than 2 years old,EL PASO,EL PASO,TX,79915-1102,TX-16,63,238220,White,Hispanic or Latino,,562400,,,,,,Limited  Liability Company(LLC),113154,WestStar Bank,El Paso,TX,Male Owned,Non-Veteran,,566008.73,12/09/2020
3149657101,04/11/2020,0610,PPP,"GCBF, LTD",145 ROSE LN,FRISCO,TX,75036-9124,04/16/2021,Paid in Full,24,100,557628,557628,0,,71316,PlainsCapital Bank,2911 Turtle Creek Blvd. Suite 700,DALLAS,TX,75219,U,N,N,Existing or more than 2 years old,FRISCO,DENTON,TX,75036-9124,TX-26,49,238220,White,Not Hispanic or Latino,,557628,,,,,,Limited Liability Partnership,71316,PlainsCapital Bank,DALLAS,TX,Male Owned,Non-Veteran,,562600.18,03/05/2021
2760077202,04/16/2020,0681,PPP,"DYNAMIC MANAGEMENT MECHANICAL CONTRACTING, LLC",15265 CAPITAL PRT,SAN ANTONIO,TX,78249-1351,01/14/2021,Paid in Full,24,100,557600,557600,0,,71727,Broadway National Bank,1177 NE Loop 410,SAN ANTONIO,TX,78209-1517,U,N,N,New Business or 2 years or less,SAN ANTONIO,BEXAR,TX,78249-1351,TX-20,49,238220,White,Not Hispanic or Latino,,557600,,,,,,Limited  Liability Company(LLC),71727,Broadway National Bank,SAN ANTONIO,TX,Male Owned,Non-Veteran,,561224.4,12/15/2020
1601877705,05/01/2020,0610,PPP,"AXIUM SOLAR, INC.",1005 PLACID AVE STE 100,PLANO,TX,75074,01/22/2021,Paid in Full,24,100,557000,557000,0,,48270,"JPMorgan Chase Bank, National Association",1111 Polaris Pkwy,COLUMBUS,OH,43240-2031,U,Y,Y,Existing or more than 2 years old,PLANO,COLLIN,TX,75074-0001,TX-32,37,238220,Unanswered,Not Hispanic or Latino,11000,504000,,13000,,29000,,Corporation,194093,"JPMorgan Chase Bank, National Association",CHICAGO,IL,Female Owned,Non-Veteran,,560350.97,12/09/2020
3325098509,02/23/2021,0681,PPS,EZ MECHANICAL INC,7366 Caribou,San Antonio,TX,78238-1230,08/14/2021,Paid in Full,60,100,549900,549900,0,,71825,Jefferson Bank,1900 Broadway St,San Antonio,TX,78215,U,N,N,Existing or more than 2 years old,San Antonio,BEXAR,TX,78238-1230,TX-20,24,238220,Unanswered,Unknown/NotStated,,549900,,,,,,Corporation,71825,Jefferson Bank,San Antonio,TX,Unanswered,Unanswered,,552129.73,07/26/2021
6632267204,04/28/2020,0610,PPP,MADDOX AIR CONDITIONING LLC,125 S BONNER AVE,TYLER,TX,75702-7118,12/18/2020,Paid in Full,24,100,549257,549257,0,,72026,Southside Bank,1201 S Beckham Ave,TYLER,TX,75701-3320,R,Y,Y,Existing or more than 2 years old,TYLER,SMITH,TX,75702-7118,TX-01,43,238220,Unanswered,Not Hispanic or Latino,,549257,,,,,,Limited  Liability Company(LLC),72026,Southside Bank,TYLER,TX,Male Owned,Unanswered,,552369.46,11/19/2020
1778128302,01/19/2021,0681,PPS,COOL SERVICES INC.,1804,AUSTIN,TX,78728,09/25/2021,Paid in Full,60,100,548735,548735,0,,529471,Itria Ventures LLC,"One Penn Plaza, Suite 4530",New York,NY,10119,U,N,N,Existing or more than 2 years old,AUSTIN,WILLIAMSON,TX,78728,TX-17,44,238220,Unanswered,Hispanic or Latino,,548735,,,,,,Corporation,529471,Itria Ventures LLC,New York,NY,Male Owned,Non-Veteran,,551951.2,08/25/2021
5994967009,04/06/2020,0610,PPP,LIGHTFOOT MECHANICAL INC,1026 FORT WORTH HWY,WEATHERFORD,TX,76086-4510,02/05/2021,Paid in Full,24,100,547500,547500,0,,72095,First National Bank and Trust Company of Weatherford d/b/a First Bank Texas,220 Palo Pinto,WEATHERFORD,TX,76086-4350,R,N,N,Existing or more than 2 years old,WEATHERFORD,PARKER,TX,76086-4510,TX-12,48,238220,Unanswered,Unknown/NotStated,,547500,,,,,,Corporation,72095,First National Bank and Trust Company of Weatherford d/b/a First Bank Texas,WEATHERFORD,TX,Unanswered,Unanswered,,551956.04,01/28/2021
2907498310,01/21/2021,0678,PPS,GENECO TECHNOLOGIES LLC,236 Air Base Rd,Tye,TX,79563-2322,09/29/2021,Paid in Full,60,100,546115.47,546115.47,0,,72095,First National Bank and Trust Company of Weatherford d/b/a First Bank Texas,220 Palo Pinto,WEATHERFORD,TX,76086-4350,U,N,N,Existing or more than 2 years old,Tye,TAYLOR,TX,79563-2322,TX-19,41,238220,Unanswered,Not Hispanic or Latino,,546115.47,,,,,,Limited  Liability Company(LLC),69009,First National Bank and Trust Company of Weatherford d/b/a First Bank Texas,BAIRD,TX,Female Owned,Non-Veteran,,549392.16,08/27/2021
9800107010,04/09/2020,0610,PPP,LASITER &LASITER PLUMBLING PARTNERSHIP,6307 MIDWAY RD,HALTOM CITY,TX,76117-5345,12/19/2020,Paid in Full,24,100,545900,545900,0,,71783,Frost Bank,111 W Houston St,SAN ANTONIO,TX,78205-1414,U,Y,Y,Existing or more than 2 years old,HALTOM CITY,TARRANT,TX,76117-5345,TX-12,47,238220,Unanswered,Unknown/NotStated,,545900,,,,,,Partnership,71783,Frost Bank,SAN ANTONIO,TX,Unanswered,Unanswered,,548876.28,11/03/2020
8601927001,04/08/2020,0610,PPP,"3D MECHANICAL PLUMBING, INC",600 WASHINGTON ST,KAUFMAN,TX,75142-2408,04/08/2021,Paid in Full,24,100,543000,543000,0,,72088,Citizens National Bank of Texas,200 N Elm St,Waxahachie,TX,75165-3614,R,N,Y,Existing or more than 2 years old,KAUFMAN,KAUFMAN,TX,75142-2408,TX-05,46,238220,Unanswered,Unknown/NotStated,,543000,,,,,,Corporation,72088,Citizens National Bank of Texas,Waxahachie,TX,Unanswered,Unanswered,,548294.25,03/31/2021
4278247206,04/27/2020,0610,PPP,ADVENT AIR CONDITIONING INC.,500 KEALY AVE,LEWISVILLE,TX,75057-4106,02/09/2021,Paid in Full,24,100,541700,541700,0,,69819,Prosperity Bank,1301 N Mechanic,El Campo,TX,77437,U,N,Y,Existing or more than 2 years old,LEWISVILLE,DENTON,TX,75057-4106,TX-26,34,238220,Unanswered,Not Hispanic or Latino,,541700,,,,,,Corporation,69819,Prosperity Bank,El Campo,TX,Male Owned,Non-Veteran,,545618.05,01/20/2021
4345497005,04/03/2020,0678,PPP,"GENECO TECHNOLOGIES, LLC",236 AIR BASE RD,TYE,TX,79563-2322,08/24/2021,Paid in Full,24,100,535500,535500,0,,72095,First National Bank and Trust Company of Weatherford d/b/a First Bank Texas,220 Palo Pinto,WEATHERFORD,TX,76086-4350,U,N,N,Existing or more than 2 years old,TYE,TAYLOR,TX,79563-2322,TX-19,40,238220,Unanswered,Not Hispanic or Latino,,535500,,,,,,Limited  Liability Company(LLC),69009,First National Bank and Trust Company of Weatherford d/b/a First Bank Texas,BAIRD,TX,Female Owned,Non-Veteran,,539309.51,02/12/2021
2000497207,04/15/2020,0610,PPP,PUBLIC SERVICE PLUMBERS INC,5610 DYER ST,DALLAS,TX,75206-5004,03/23/2021,Paid in Full,24,100,534228.97,534228.97,0,,48270,"JPMorgan Chase Bank, National Association",1111 Polaris Pkwy,COLUMBUS,OH,43240-2031,U,Y,N,Existing or more than 2 years old,DALLAS,DALLAS,TX,75206-5004,TX-32,38,238220,Unanswered,Unknown/NotStated,,534228.97,,,,,,Subchapter S Corporation,194093,"JPMorgan Chase Bank, National Association",CHICAGO,IL,Unanswered,Unanswered,,538373.7,01/28/2021
2732997406,05/06/2020,0610,PPP,PHOENIX PLUMBING LLC,275 LESLIEWOOD,RED OAK,TX,75154-9705,01/21/2021,Paid in Full,24,100,533805,533805,0,,9551,"Bank of America, National Association","100 N Tryon St, Ste 170",CHARLOTTE,NC,28202-4024,R,N,N,Existing or more than 2 years old,RED OAK,ELLIS,TX,75154-9705,TX-06,42,238220,Unanswered,Unknown/NotStated,,533805,,,,,,Limited  Liability Company(LLC),9551,"Bank of America, National Association",CHARLOTTE,NC,Unanswered,Unanswered,,537051.7,12/16/2020
4119297104,04/12/2020,0610,PPP,"R.L.P. MECHANICAL CONTRACTORS, INC.",4117 HIGHWAY 77,WAXAHACHIE,TX,75165-5637,03/13/2021,Paid in Full,24,100,533100,533100,0,,71977,The American National Bank of Texas,102 W Moore,TERRELL,TX,75160-3129,R,N,N,Existing or more than 2 years old,WAXAHACHIE,ELLIS,TX,75165-5637,TX-06,44,238220,White,Not Hispanic or Latino,,533100,,,,,,Corporation,71977,The American National Bank of Texas,TERRELL,TX,Female Owned,Non-Veteran,,537379.41,02/10/2021
8424338300,01/29/2021,0671,PPS,AIR COMFORT INC.,625 N Main St,Beaumont,TX,77701-1811,03/10/2022,Paid in Full,60,100,531962,531962,0,,451098,Stellar Bank,8727 W Sam Houston Pkwy North,HOUSTON,TX,77040-5167,U,Y,Y,Existing or more than 2 years old,Beaumont,JEFFERSON,TX,77701-1811,TX-14,41,238220,White,Unknown/NotStated,,531962,,,,,,Corporation,71523,Stellar Bank,Beaumont,TX,Male Owned,Veteran,,536917.26,02/08/2022
6454157006,04/06/2020,0681,PPP,PAUL SWOYER SEPTICS LLC,23011 FM 306,CANYON LAKE,TX,78133,05/20/2021,Paid in Full,24,100,530000,530000,0,,69949,Security State Bank & Trust,201 W Main St,FREDERICKSBURG,TX,78624-3709,R,N,N,Existing or more than 2 years old,CANYON LAKE,COMAL,TX,78133-0001,TX-21,34,238220,Unanswered,Unknown/NotStated,132500,397500,,,,,,Limited  Liability Company(LLC),69949,Security State Bank & Trust,FREDERICKSBURG,TX,Unanswered,Unanswered,,533709.45,02/16/2021
3626787109,04/11/2020,0610,PPP,"HOUSTON AIR REPAIR, LLC",833 111TH ST,ARLINGTON,TX,76011-7618,01/31/2022,Paid in Full,24,100,529800,529800,0,,71653,Vista Bank,5840 W Northwest Hwy,DALLAS,TX,75225-3201,U,Y,Y,Existing or more than 2 years old,ARLINGTON,TARRANT,TX,76011-7618,TX-06,50,238220,Unanswered,Unknown/NotStated,,529800,,,,,,Limited  Liability Company(LLC),71653,Vista Bank,DALLAS,TX,Unanswered,Unanswered,,533762.61,01/20/2021
9202588402,02/16/2021,0671,PPP,VENE AIR SOLUTIONS INC,23819 Ancona Ct,Katy,TX,77493-3344,08/20/2022,Paid in Full,60,100,528882,528882,0,,58771,Legacy Bank,101 W Main St,HINTON,OK,73047,U,N,N,Existing or more than 2 years old,Katy,HARRIS,TX,77493-3344,TX-10,29,238220,Unanswered,Unknown/NotStated,1,528880,,,,,,Subchapter S Corporation,58771,Legacy Bank,HINTON,OK,Unanswered,Unanswered,,536168.82,08/09/2022
3781587108,04/12/2020,0671,PPP,"GREGORY-EDWARDS, INC.",10808 ALCOTT DR,HOUSTON,TX,77043-2040,05/22/2021,Paid in Full,24,100,526282,526282,0,,451098,Stellar Bank,8727 W Sam Houston Pkwy North,HOUSTON,TX,77040-5167,U,N,N,Existing or more than 2 years old,HOUSTON,HARRIS,TX,77043-2040,TX-38,37,238220,Unanswered,Unknown/NotStated,,526282,,,,,,Corporation,451098,Stellar Bank,HOUSTON,TX,Unanswered,Unanswered,,531398.63,04/12/2021
7794257100,04/14/2020,0671,PPP,"GILBERT PLUMBING COMPANY, LP",4118 Southerland Rd,Houston,TX,77092-4417,12/17/2020,Paid in Full,24,100,525471,525471,0,,70156,Central Bank,11201 Clay Rd,HOUSTON,TX,77041-5578,U,Y,Y,Existing or more than 2 years old,Houston,HARRIS,TX,77092-4417,TX-18,36,238220,Unanswered,Unknown/NotStated,,525471,,,,,,Partnership,70156,Central Bank,HOUSTON,TX,Male Owned,Unanswered,,528682.21,11/23/2020
4977427701,05/01/2020,0671,PPP,SUN COAST PLUMBING CO INC,1204 MISSOURI ST,SOUTH HOUSTON,TX,77587-4535,04/16/2021,Paid in Full,24,100,568447,525148,0,,9551,"Bank of America, National Association","100 N Tryon St, Ste 170",CHARLOTTE,NC,28202-4024,U,Y,Y,New Business or 2 years or less,SOUTH HOUSTON,HARRIS,TX,77587-4535,TX-29,44,238220,Unanswered,Unknown/NotStated,,525148,,,,,,Corporation,9551,"Bank of America, National Association",CHARLOTTE,NC,Unanswered,Unanswered,,529780.81,03/25/2021
6731407008,04/07/2020,0610,PPP,AW CRISP FIRE SPRINKLER INC,5201 Saunders Rd,FORT WORTH,TX,76119-6471,10/07/2021,Paid in Full,24,100,521400,521400,0,,4679,Simmons Bank,501 Main St,PINE BLUFF,AR,71601-4327,U,Y,Y,Existing or more than 2 years old,FORT WORTH,TARRANT,TX,76119-6471,TX-33,40,238220,Unanswered,Unknown/NotStated,8313,507087,,6000,,,,Corporation,4679,Simmons Bank,PINE BLUFF,AR,Unanswered,Unanswered,,528685.12,09/13/2021
3963147106,04/12/2020,0671,PPP,"GULF STATES FIRE PROTECTION, INC.",13727 FM 529 RD,HOUSTON,TX,77041-2522,05/21/2021,Paid in Full,24,100,520000,520000,0,,451098,Stellar Bank,8727 W Sam Houston Pkwy North,HOUSTON,TX,77040-5167,U,N,N,Existing or more than 2 years old,HOUSTON,HARRIS,TX,77041-2522,TX-38,51,238220,Unanswered,Unknown/NotStated,,520000,,,,,,Corporation,451098,Stellar Bank,HOUSTON,TX,Unanswered,Unanswered,,525330,04/29/2021
9817917002,04/09/2020,0610,PPP,"TOWN EAST HEATING & AIR CONDITIONING CO., LLC",10215 MILLER RD,DALLAS,TX,75238-1205,12/08/2020,Paid in Full,24,100,518000,518000,0,,71977,The American National Bank of Texas,102 W Moore,TERRELL,TX,75160-3129,U,Y,Y,Existing or more than 2 years old,DALLAS,DALLAS,TX,75238-1205,TX-24,53,238220,Unanswered,Unknown/NotStated,,518000,,,,,,Limited  Liability Company(LLC),71977,The American National Bank of Texas,TERRELL,TX,Unanswered,Unanswered,,520824.16,11/03/2020
1218427304,04/28/2020,0610,PPP,4L ENGINEERING COMPANY INC.,420 N. Dorothy Dr.,Richardson,TX,75081,02/11/2021,Paid in Full,24,100,517800,517800,0,,59358,"BOKF, National Association",One Williams Center,TULSA,OK,74172-0140,U,N,N,Existing or more than 2 years old,Richardson,DALLAS,TX,75081-0001,TX-32,37,238220,Unanswered,Unknown/NotStated,,517800,,,,,,Subchapter S Corporation,59358,"BOKF, National Association",TULSA,OK,Unanswered,Unanswered,,521654.73,01/28/2021
4782777004,04/04/2020,0678,PPP,HOWARD'S MECHANICAL INC,6334 CANYON DR,AMARILLO,TX,79109-6731,12/16/2020,Paid in Full,24,100,515900,515900,0,,68966,Amarillo National Bank,410 S Taylor St,AMARILLO,TX,79101-1555,U,N,N,Existing or more than 2 years old,AMARILLO,RANDALL,TX,79109-6731,TX-13,54,238220,White,Not Hispanic or Latino,,515900,,,,,,Corporation,68966,Amarillo National Bank,AMARILLO,TX,Male Owned,Unanswered,,519124.38,11/20/2020
6096697003,04/06/2020,0610,PPP,"WOOD AIR CONDITIONING, INC.",1164 EAST US HIGHWAY 67,MOUNT PLEASANT,TX,75455-2204,12/04/2020,Paid in Full,24,100,515900,515900,0,,71606,Pilgrim Bank,145 E Marshall St,PITTSBURG,TX,75686-1330,R,N,Y,Existing or more than 2 years old,MOUNT PLEASANT,TITUS,TX,75455-2204,TX-01,45,238220,Unanswered,Unknown/NotStated,,515900,,,,,,Corporation,71606,Pilgrim Bank,PITTSBURG,TX,Unanswered,Unanswered,,518892.48,02/16/2021
8693027009,04/08/2020,0610,PPP,"CHAPMAN OUTDOORS, LLC",3210 COMMANDER DRIVE,CARROLLTON,TX,75006-2507,05/12/2021,Paid in Full,24,100,515900,515900,0,,68987,Independent Bank d/b/a Independent Financial,3090 Craig Dr,MCKINNEY,TX,75070-4352,U,N,N,Existing or more than 2 years old,CARROLLTON,DALLAS,TX,75006-2507,TX-32,35,238220,White,Not Hispanic or Latino,,515900,,,,,,Limited  Liability Company(LLC),68987,Independent Bank d/b/a Independent Financial,MCKINNEY,TX,Male Owned,Non-Veteran,,521016.01,04/13/2021
3855117209,04/27/2020,0671,PPP,REGENCY PLUMBING CONTRACTORS LP,10408 MULA RD,STAFFORD,TX,77477-3111,02/24/2021,Paid in Full,24,100,515600,515600,0,,71783,Frost Bank,111 W Houston St,SAN ANTONIO,TX,78205-1414,U,N,N,Existing or more than 2 years old,STAFFORD,FORT BEND,TX,77477-3111,TX-09,39,238220,Unanswered,Not Hispanic or Latino,,515600,,,,,,Partnership,71783,Frost Bank,SAN ANTONIO,TX,Male Owned,Non-Veteran,,519159.76,01/08/2021
5528228401,02/08/2021,0671,PPS,REGENCY PLUMBING CONTRACTORS LP,10408 Mula Rd,Stafford,TX,77477-3111,07/21/2021,Paid in Full,60,100,515600,515600,0,,71783,Frost Bank,111 W Houston St,SAN ANTONIO,TX,78205-1414,U,N,N,Existing or more than 2 years old,Stafford,FORT BEND,TX,77477-3111,TX-09,39,238220,Unanswered,Not Hispanic or Latino,,515600,,,,,,Partnership,71783,Frost Bank,SAN ANTONIO,TX,Male Owned,Non-Veteran,,517365.75,06/15/2021
3985587110,04/12/2020,0610,PPP,MESQUITE PLUMBING CO INC.,12899 OUNTY ROAD 4124,CRANDALL,TX,75114-4200,02/18/2021,Paid in Full,24,100,509200,509200,0,,71977,The American National Bank of Texas,102 W Moore,TERRELL,TX,75160-3129,R,N,N,Existing or more than 2 years old,CRANDALL,KAUFMAN,TX,75114-4200,TX-05,43,238220,White,Not Hispanic or Latino,,509200,,,,,,Corporation,71977,The American National Bank of Texas,TERRELL,TX,Male Owned,Non-Veteran,,512813.23,01/06/2021
8536247001,04/08/2020,0671,PPP,AIR TEXAS MECHANICAL INC,1724 TOWNHURST DR,HOUSTON,TX,77043-2811,01/21/2021,Paid in Full,24,100,552122,507578,0,,451098,Stellar Bank,8727 W Sam Houston Pkwy North,HOUSTON,TX,77040-5167,U,Y,N,Existing or more than 2 years old,HOUSTON,HARRIS,TX,77043-2811,TX-38,30,238220,Unanswered,Unknown/NotStated,,507578,,,,,,Corporation,451098,Stellar Bank,HOUSTON,TX,Unanswered,Unanswered,,510341.48,11/03/2020
6508457107,04/14/2020,0671,PPP,THE LEE THOMPSON CO.,1718 ELMVIEW DR,HOUSTON,TX,77080-7215,02/24/2021,Paid in Full,24,100,511912,505563,0,,451098,Stellar Bank,8727 W Sam Houston Pkwy North,HOUSTON,TX,77040-5167,U,N,Y,Existing or more than 2 years old,HOUSTON,HARRIS,TX,77080-7215,TX-38,30,238220,White,Unknown/NotStated,,505563,,,,,,Corporation,451098,Stellar Bank,HOUSTON,TX,Male Owned,Non-Veteran,,509621.55,02/09/2021
4839287001,04/04/2020,0681,PPP,"AIR PERFORMANCE SERVICE OF CENTRAL TEXAS, LLC",13405 Immanuel Rd. Bldg 2A,PFLUGERVILLE,TX,78660-8298,01/16/2021,Paid in Full,24,100,505500,505500,0,,455610,Texas Security Bank,1212 Turtle Creek Blvd,DALLAS,TX,75207-6614,U,Y,Y,New Business or 2 years or less,PFLUGERVILLE,TRAVIS,TX,78660-8298,TX-17,46,238220,Unanswered,Not Hispanic or Latino,1840,404458,,16440,,,82762,Corporation,455610,Texas Security Bank,DALLAS,TX,Female Owned,Non-Veteran,,508530.75,02/12/2021
3118857110,04/11/2020,0610,PPP,"AIRMASTERS HEATING & AIR CONDITIONING, INC.",306 W WESTHILL DR,CLEBURNE,TX,76033-5430,12/08/2020,Paid in Full,24,100,500300,500300,0,,71977,The American National Bank of Texas,102 W Moore,TERRELL,TX,75160-3129,R,Y,Y,Existing or more than 2 years old,CLEBURNE,JOHNSON,TX,76033-5430,TX-25,67,238220,Unanswered,Unknown/NotStated,,500300,,,,,,Subchapter S Corporation,71977,The American National Bank of Texas,TERRELL,TX,Unanswered,Unanswered,,503219.56,11/23/2020
4131668804,04/15/2021,0610,PPS,EAST TEXAS REFRIGERATION CO INC,4700 Old Troup Hwy,Tyler,TX,75707-1426,02/15/2022,Paid in Full,60,100,500000,500000,0,,70840,Texas Bank and Trust Company,300 E Whaley,LONGVIEW,TX,75601-6417,R,N,N,Existing or more than 2 years old,Tyler,SMITH,TX,75707-1426,TX-01,84,238220,White,Not Hispanic or Latino,1,499996,,,,,,Subchapter S Corporation,70840,Texas Bank and Trust Company,LONGVIEW,TX,Male Owned,Non-Veteran,,503589.04,01/04/2022
7440727200,04/28/2020,0610,PPP,"TOTAL HEAT & A/C, INC",1408 O AVE STE 100,PLANO,TX,75074-6392,12/24/2020,Paid in Full,24,100,500000,500000,0,,69819,Prosperity Bank,1301 N Mechanic,El Campo,TX,77437,U,N,Y,Existing or more than 2 years old,PLANO,COLLIN,TX,75074-6392,TX-32,40,238220,Unanswered,Unknown/NotStated,,500000,,,,,,Corporation,69819,Prosperity Bank,El Campo,TX,Unanswered,Unanswered,,502465.75,11/03/2020
4937197100,04/13/2020,0610,PPP,S & T PLUMBING INC,804 W Shady Grove Rd,Irving,TX,75060-5863,12/09/2020,Paid in Full,24,100,498690,498690,0,,69650,North Dallas Bank and Trust Co,"12900, Preston Rd",Dallas,TX,75230-1312,U,N,Y,Existing or more than 2 years old,Irving,DALLAS,TX,75060-5863,TX-06,36,238220,Unanswered,Unknown/NotStated,,498690,,,,,,Corporation,69650,North Dallas Bank and Trust Co,Dallas,TX,Male Owned,Non-Veteran,,501460.5,11/03/2020
2009907108,04/10/2020,0639,PPP,TEXAIR COMPANY INC,2201 W Expresway 83,MCALLEN,TX,78504,03/20/2021,Paid in Full,24,100,495800,495800,0,,71316,PlainsCapital Bank,2911 Turtle Creek Blvd. Suite 700,DALLAS,TX,75219,U,N,N,Existing or more than 2 years old,MCALLEN,HIDALGO,TX,78504-0001,TX-15,39,238220,Unanswered,Unknown/NotStated,39229,411719,,,,35635,9217,Corporation,71316,PlainsCapital Bank,DALLAS,TX,Unanswered,Unanswered,,498716.33,02/12/2021
3571278401,02/05/2021,0681,PPS,"PRECISION COMMERCIAL PLUMBING CO., INC.",1711 Dalshank St,Pflugerville,TX,78660-6501,10/23/2021,Paid in Full,60,100,494907,494907,0,,71727,Broadway National Bank,1177 NE Loop 410,SAN ANTONIO,TX,78209-1517,U,N,N,Existing or more than 2 years old,Pflugerville,TRAVIS,TX,78660-6501,TX-17,48,238220,Unanswered,Not Hispanic or Latino,1,494902,,,,,,Corporation,71727,Broadway National Bank,SAN ANTONIO,TX,Female Owned,Non-Veteran,,497519.01,08/23/2021
9740748410,02/17/2021,0671,PPS,A-1 SHEET METAL AND AIR CONDITIONING INC.,2935 Milam St,Beaumont,TX,77701-4816,02/10/2022,Paid in Full,60,100,494612,494612,0,,451098,Stellar Bank,8727 W Sam Houston Pkwy North,HOUSTON,TX,77040-5167,U,Y,Y,Existing or more than 2 years old,Beaumont,JEFFERSON,TX,77701-4816,TX-14,21,238220,White,Not Hispanic or Latino,1,494609,,,,,,Corporation,71523,Stellar Bank,Beaumont,TX,Male Owned,Veteran,,498961.88,01/28/2022
7334917107,04/14/2020,0681,PPP,"SHAFER-ANDERSON HOLDINGS, LLC",315 BURNET ST,SAN ANTONIO,TX,78202-1911,01/20/2021,Paid in Full,24,100,494500,494500,0,,71825,Jefferson Bank,1900 Broadway St,San Antonio,TX,78215,U,Y,Y,Existing or more than 2 years old,SAN ANTONIO,BEXAR,TX,78202-1911,TX-35,40,238220,Unanswered,Unknown/NotStated,,445050,,49450,,,,Limited  Liability Company(LLC),71825,Jefferson Bank,San Antonio,TX,Unanswered,Unanswered,,497805.7,12/28/2020
4194247100,04/13/2020,0681,PPP,GLENN AND CARRIE DAVEY INC,511 S LOOP 4,BUDA,TX,78610-9388,02/24/2021,Paid in Full,24,100,494487.5,494487.5,0,,39848,Cadence Bank,201 S Spring St,TUPELO,MS,38804-4811,R,N,N,New Business or 2 years or less,BUDA,HAYS,TX,78610-9388,TX-21,48,238220,Unanswered,Unknown/NotStated,,494487.5,,,,,,Corporation,39848,Cadence Bank,TUPELO,MS,Unanswered,Unanswered,,498223.63,01/20/2021
6454987008,04/06/2020,0610,PPP,"MIKE STAAS SEVICES, INC.",4914 FORT AVE,WACO,TX,76710-5959,05/15/2021,Paid in Full,24,100,493400,493400,0,,72071,"American Bank, National Association",200 W Hwy 6,WACO,TX,76712-7923,U,Y,Y,Existing or more than 2 years old,WACO,MCLENNAN,TX,76710-5959,TX-17,44,238220,Unanswered,Unknown/NotStated,,493400,,,,,,Subchapter S Corporation,72071,"American Bank, National Association",WACO,TX,Unanswered,Unanswered,,498224.36,04/08/2021
6105027200,04/27/2020,0610,PPP,TEXAS ONE SOURCE INDUSTRIAL SOLUTIONS,5123 MLK Freeway,Fort Worth,TX,76119,01/20/2021,Paid in Full,24,100,492400,492400,0,,71977,The American National Bank of Texas,102 W Moore,TERRELL,TX,75160-3129,U,N,Y,Existing or more than 2 years old,Fort Worth,TARRANT,TX,76119-0001,TX-33,41,238220,Unanswered,Not Hispanic or Latino,,492400,,,,,,Limited  Liability Company(LLC),71977,The American National Bank of Texas,TERRELL,TX,Male Owned,Non-Veteran,,495286.95,12/09/2020
8226977710,05/01/2020,0610,PPP,SUBURBAN HEATING &AMP; AIR CONDITIONING CO.,3918 Peachtree Street,Dallas,TX,75227,07/16/2021,Paid in Full,60,100,490800,490800,0,,72601,"Zions Bank, A Division of",1 S Main St,SALT LAKE CITY,UT,84133-1109,U,Y,Y,Existing or more than 2 years old,Dallas,DALLAS,TX,75227-0001,TX-32,36,238220,Unanswered,Unknown/NotStated,,490800,,,,,,Corporation,72601,"Zions Bank, A Division of",SALT LAKE CITY,UT,Unanswered,Unanswered,,496434.12,06/29/2021
6791967003,04/07/2020,0678,PPP,"CARY SERVICES, INC",902 PETROLEUM DR,ABILENE,TX,79602-7967,05/28/2021,Paid in Full,24,100,490631.36,490631.36,0,,68922,First Financial Bank,400 Pine St,ABILENE,TX,79601-5108,U,Y,N,Existing or more than 2 years old,ABILENE,TAYLOR,TX,79602-7967,TX-19,35,238220,Unanswered,Unknown/NotStated,122657.84,367973.52,,,,,,Corporation,68922,First Financial Bank,ABILENE,TX,Unanswered,Unanswered,,493466.12,11/03/2020
8551098303,01/29/2021,0610,PPS,KAHN AIR CONDITIONING & HEATING A TEXAS CORPORATION,2787 Irving Blvd,Dallas,TX,75207-2300,10/22/2021,Paid in Full,60,100,489700,489700,0,,71783,Frost Bank,111 W Houston St,SAN ANTONIO,TX,78205-1414,U,Y,Y,Existing or more than 2 years old,Dallas,DALLAS,TX,75207-2300,TX-30,32,238220,Unanswered,Not Hispanic or Latino,1,489697,,,,,,Subchapter S Corporation,71783,Frost Bank,SAN ANTONIO,TX,Male Owned,Non-Veteran,,492758.95,09/20/2021
5203738305,01/25/2021,0671,PPS,"GULF STATES FIRE PROTECTION, INC.",13727 FM 529 Rd,Houston,TX,77041-2522,08/12/2021,Paid in Full,60,100,489667.5,489667.5,0,,451098,Stellar Bank,8727 W Sam Houston Pkwy North,HOUSTON,TX,77040-5167,U,N,N,Existing or more than 2 years old,Houston,HARRIS,TX,77041-2522,TX-38,45,238220,Unanswered,Unknown/NotStated,1,489664.5,,,,,,Corporation,451098,Stellar Bank,HOUSTON,TX,Unanswered,Unanswered,,491911.81,07/21/2021
3038388608,03/16/2021,0678,PPS,AIRE SERV OF THE PERMIAN BASIN,13380 State Highway 191,Midland,TX,79707-1587,04/09/2022,Paid in Full,60,100,488121.6,488121.6,0,Aire Serv,69819,Prosperity Bank,1301 N Mechanic,El Campo,TX,77437,U,N,N,Existing or more than 2 years old,Midland,MIDLAND,TX,79707-1587,TX-11,29,238220,Unanswered,Hispanic or Latino,,488120.6,,,,,,Limited  Liability Company(LLC),123367,Prosperity Bank,Midland,TX,Male Owned,Non-Veteran,,492975.7,03/16/2022
6125037004,04/06/2020,0678,PPP,"PLAINS PLUMBING CO., LLC.",1301 SW 7TH AVE,AMARILLO,TX,79101-2007,02/16/2021,Paid in Full,24,100,488100,488100,0,,68966,Amarillo National Bank,410 S Taylor St,AMARILLO,TX,79101-1555,U,N,N,Existing or more than 2 years old,AMARILLO,POTTER,TX,79101-2007,TX-13,39,238220,Unanswered,Unknown/NotStated,,488100,,,,,,Limited  Liability Company(LLC),68966,Amarillo National Bank,AMARILLO,TX,Unanswered,Unanswered,,491977.68,01/20/2021
3198158401,02/04/2021,0610,PPS,PARAMOUNT PLUMBING LLC.,1005 N Henderson St,Fort Worth,TX,76107-1488,10/22/2021,Paid in Full,60,100,487578.32,487578.32,0,,72012,Captex Bank,"1301 W 7th St, Ste 201",Fort Worth,TX,76107-2241,U,N,N,Existing or more than 2 years old,Fort Worth,TARRANT,TX,76107-1488,TX-12,43,238220,White,Not Hispanic or Latino,1,487574.32,,,,,,Corporation,72012,Captex Bank,Fort Worth,TX,Male Owned,Unanswered,,490165.19,09/07/2021
1744397101,04/10/2020,0681,PPP,"FOX & HEARN, INC",4400 Brandt Road,Austin,TX,78744-7906,03/13/2021,Paid in Full,24,100,487100,487100,0,,123898,"Lone Star Capital Bank, National Association",150 N Loop 1604 E,SAN ANTONIO,TX,78232-1243,U,N,N,Existing or more than 2 years old,Austin,TRAVIS,TX,78744-7906,TX-35,37,238220,Unanswered,Unknown/NotStated,,487100,,,,,,Corporation,449415,"Lone Star Capital Bank, National Association",AUSTIN,TX,Female Owned,Unanswered,,491050.18,02/11/2021
5708278304,01/25/2021,0671,PPS,AIR-CARE SOUTHEAST INC.,615 Kansas St,South Houston,TX,77587-3104,08/14/2021,Paid in Full,60,100,487040,487040,0,,71999,Texas First Bank,3232 Palmer Hwy,TEXAS CITY,TX,77590-6724,U,Y,Y,Existing or more than 2 years old,South Houston,HARRIS,TX,77587-3104,TX-29,38,238220,Unanswered,Unknown/NotStated,1,487038,,,,,,Corporation,71999,Texas First Bank,TEXAS CITY,TX,Unanswered,Unanswered,,489515.79,07/28/2021
6148748407,02/10/2021,0671,PPS,A TEAM PLUMBING INC,212 N Loop 336 E,Conroe,TX,77301-1429,01/31/2022,Paid in Full,60,100,485090,485090,0,,121536,Customers Bank,40 General Warren Blvd,Malvern,PA,19355,U,Y,Y,Existing or more than 2 years old,Conroe,MONTGOMERY,TX,77301-1429,TX-08,40,238220,Unanswered,Unknown/NotStated,,485090,,,,,,Subchapter S Corporation,121536,Customers Bank,Malvern,PA,Unanswered,Unanswered,,489223.23,01/11/2022
5221387108,04/13/2020,0610,PPP,"MCLEAN PLUMBING, HEATING AND AIR CONDITIONING COMPANY, INC.",4101 Trimmier Rd,KILLEEN,TX,76542-3606,01/20/2021,Paid in Full,24,100,484900,484900,0,,69221,First Texas Bank,3514 South W S Young Dr,KILLEEN,TX,76542-3366,U,N,N,Existing or more than 2 years old,KILLEEN,BELL,TX,76542-3606,TX-11,50,238220,Unanswered,Unknown/NotStated,3000,470000,,,,11900,,Subchapter S Corporation,69221,First Texas Bank,KILLEEN,TX,Unanswered,Unanswered,,488314.23,12/30/2020
5255227006,04/05/2020,0610,PPP,BANNISTER INVESTMENTS LLC,418 SE LOOP 456,JACKSONVILLE,TX,75766-9478,12/04/2020,Paid in Full,24,100,484500,484500,0,,70468,"Austin Bank, Texas National Association",200 E Commerce St,JACKSONVILLE,TX,75766-4904,R,Y,Y,Existing or more than 2 years old,JACKSONVILLE,CHEROKEE,TX,75766-9478,TX-06,43,238220,White,Not Hispanic or Latino,,484500,,,,,,Limited  Liability Company(LLC),70468,"Austin Bank, Texas National Association",JACKSONVILLE,TX,Male Owned,Unanswered,,487218.58,11/03/2020
2855917709,05/01/2020,0671,PPP,"AMAILEY PLUMBING, LLC",3542 BACOR RD,HOUSTON,TX,77084,02/18/2021,Paid in Full,24,100,483927,483927,0,,48270,"JPMorgan Chase Bank, National Association",1111 Polaris Pkwy,COLUMBUS,OH,43240-2031,U,N,N,Existing or more than 2 years old,HOUSTON,HARRIS,TX,77084-0001,TX-08,29,238220,Unanswered,Unknown/NotStated,,483927,,,,,,Limited  Liability Company(LLC),194093,"JPMorgan Chase Bank, National Association",CHICAGO,IL,Unanswered,Unanswered,,487391.65,01/20/2021
6984647008,04/07/2020,0639,PPP,"SMART PLUMBING, INC.",7042 Nela Rd.,CORPUS CHRISTI,TX,78414-5725,10/15/2021,Paid in Full,24,100,483045,483045,0,,44449,"PNC Bank, National Association",222 Delaware Ave,WILMINGTON,DE,19801-1621,U,N,N,Existing or more than 2 years old,CORPUS CHRISTI,NUECES,TX,78414-5725,TX-27,54,238220,Unanswered,Unknown/NotStated,60381,362283,60381,,,,,Corporation,760,First Source Federal Credit Union,Rome,NY,Unanswered,Unanswered,,490357.76,10/07/2021
8818488400,02/14/2021,0671,PPS,STARKEY PLUMBING COMPANY,1006 Angelina Ave,Pasadena,TX,77506-2502,05/13/2022,Paid in Full,60,100,482880,482880,0,,451098,Stellar Bank,8727 W Sam Houston Pkwy North,HOUSTON,TX,77040-5167,U,Y,Y,Existing or more than 2 years old,Pasadena,HARRIS,TX,77506-2502,TX-29,51,238220,Unanswered,Unknown/NotStated,,482880,,,,,,Corporation,71523,Stellar Bank,Beaumont,TX,Unanswered,Unanswered,,487999.85,04/04/2022
1613568100,07/10/2020,0671,PPP,ANTHONY DAVID CROWELL,30 Freestone Pl,Spring,TX,77382-4909,08/05/2023,Charged Off,23,100,482461,482461,0,,596038,Lendistry-Federal Reserve Contract,777 South Alameda Street,Los Angeles,CA,90021,U,N,N,Existing or more than 2 years old,Spring,MONTGOMERY,TX,77382-4909,TX-02,33,238220,Unanswered,Unknown/NotStated,,482461,,,,,,Self-Employed Individuals,529113,"Kabbage, Inc.",Atlanta,GA,Unanswered,Unanswered,,,
2284597105,04/10/2020,0671,PPP,ROESSLER EQUIPMENT COMPANY INC,5805 SCHUMACHER LAND,HOUSTON,TX,77057-7108,06/10/2021,Paid in Full,24,100,453200,482400,0,,68987,Independent Bank d/b/a Independent Financial,3090 Craig Dr,MCKINNEY,TX,75070-4352,U,N,Y,Existing or more than 2 years old,HOUSTON,HARRIS,TX,77057-7108,TX-07,28,238220,Unanswered,Unknown/NotStated,6400,362602,,10000,,103398,,Subchapter S Corporation,68987,Independent Bank d/b/a Independent Financial,MCKINNEY,TX,Unanswered,Unanswered,,487679.6,05/20/2021
4022728309,01/22/2021,0671,PPS,VANDERFORD AIR INC,207 FM 646 Rd W,Dickinson,TX,77539-3036,10/22/2021,Paid in Full,60,100,482217,482217,0,,71999,Texas First Bank,3232 Palmer Hwy,TEXAS CITY,TX,77590-6724,U,N,N,Existing or more than 2 years old,Dickinson,GALVESTON,TX,77539-3036,TX-14,31,238220,Unanswered,Unknown/NotStated,1,482215,,,,,,Corporation,71999,Texas First Bank,TEXAS CITY,TX,Unanswered,Unanswered,,485271.04,09/08/2021
2810098301,01/21/2021,0610,PPS,MARK STEPHEN & KENT EUGENE ELLIS,536 N Highway 67,Cedar Hill,TX,75104-2137,12/04/2021,Paid in Full,60,100,481514.5,481514.5,0,,71330,City Bank,5219 City Bank Pkwy,LUBBOCK,TX,79407-3544,U,N,N,Existing or more than 2 years old,Cedar Hill,DALLAS,TX,75104-2137,TX-30,36,238220,Unanswered,Unknown/NotStated,,481514.5,,,,,,Partnership,71330,City Bank,LUBBOCK,TX,Male Owned,Unanswered,,485259.61,11/02/2021
8049507010,04/08/2020,0681,PPP,"BLANCO HEATING & COOLING, LLC",2226 N US HIGHWAY 281,BLANCO,TX,78606-5877,02/10/2021,Paid in Full,24,100,478090,478090,0,,111233,Texas Regional Bank,6770 W Expy 83,HARLINGEN,TX,78552,R,N,N,Existing or more than 2 years old,BLANCO,BLANCO,TX,78606-5877,TX-21,37,238220,Unanswered,Unknown/NotStated,,478090,,,,,,Limited  Liability Company(LLC),111233,Texas Regional Bank,HARLINGEN,TX,Unanswered,Unanswered,,481770.64,01/20/2021
2366007107,04/10/2020,0681,PPP,"ACCENT PLUMBING, INC.",21101 FM 685,PFLUGERVILLE,TX,78660-7685,03/19/2021,Paid in Full,24,100,476200,476200,0,,465852,R Bank,3600 E Palm Valley Blvd,ROUND ROCK,TX,78665-3320,U,N,N,Existing or more than 2 years old,PFLUGERVILLE,TRAVIS,TX,78660-7685,TX-17,47,238220,White,Not Hispanic or Latino,,476200,,,,,,Corporation,465852,R Bank,ROUND ROCK,TX,Female Owned,Non-Veteran,,479722.58,01/13/2021
3787798708,03/31/2021,0610,PPS,MESQUITE PLUMBING INC.,12899 County Road 4124,Crandall,TX,75114-4200,10/15/2021,Paid in Full,60,100,476007,476007,0,,71977,The American National Bank of Texas,102 W Moore,TERRELL,TX,75160-3129,R,N,N,Existing or more than 2 years old,Crandall,KAUFMAN,TX,75114-4200,TX-05,43,238220,White,Not Hispanic or Latino,,476007,,,,,,Corporation,71977,The American National Bank of Texas,TERRELL,TX,Male Owned,Non-Veteran,,478237.06,09/21/2021
4977137109,04/13/2020,0681,PPP,"SATEX PLUMBING, INC.",313 NORTH PARK DR,SAN ANTONIO,TX,78216-2726,08/06/2021,Paid in Full,24,100,474300,474300,0,,71727,Broadway National Bank,1177 NE Loop 410,SAN ANTONIO,TX,78209-1517,U,N,N,Existing or more than 2 years old,SAN ANTONIO,BEXAR,TX,78216-2726,TX-21,46,238220,Unanswered,Unknown/NotStated,47430,355725,71145,,,,,Subchapter S Corporation,71727,Broadway National Bank,SAN ANTONIO,TX,Unanswered,Unanswered,,480281.45,07/20/2021
8094917101,04/15/2020,0610,PPP,LASCO PROCESS SYSTEMS LLC,18601 LYNDON B JOHNSON FWY,MESQUITE,TX,75150-6436,07/17/2021,Paid in Full,24,100,473671.42,473671.42,0,,72077,"Community Bank & Trust, Waco, Texas",1800 Washington Ave,WACO,TX,76701-1011,U,Y,Y,Existing or more than 2 years old,MESQUITE,DALLAS,TX,75150-6436,TX-05,70,238220,Unanswered,Unknown/NotStated,,473671.42,,,,,,Limited  Liability Company(LLC),72077,"Community Bank & Trust, Waco, Texas",WACO,TX,Male Owned,Unanswered,,479095.93,06/17/2021
1006148308,01/16/2021,0610,PPS,"SOUTHWEST INSULATION, INC.",3300 Stuart Dr,Fort Worth,TX,76110-4322,02/17/2022,Paid in Full,60,100,473260,473260,0,,323316,"Trinity Bank, National Association",3500 W Vickery Blvd,FORT WORTH,TX,76107-5618,U,Y,Y,Existing or more than 2 years old,Fort Worth,TARRANT,TX,76110-4322,TX-33,47,238220,Unanswered,Unknown/NotStated,1,473258,,,,,,Subchapter S Corporation,323316,"Trinity Bank, National Association",FORT WORTH,TX,Male Owned,Non-Veteran,,478058.33,01/24/2022
4125527206,04/27/2020,0678,PPP,AIRE SERV OF THE PERMIAN BASIN,13380 SH 191,Midland,TX,79707-1587,07/08/2022,Paid in Full,24,100,473246.97,473246.97,0,,71882,West Texas National Bank,"6 Desta Dr, Ste 2400",MIDLAND,TX,79705-5508,U,N,N,Existing or more than 2 years old,Midland,MIDLAND,TX,79707-1587,TX-11,34,238220,Unanswered,Hispanic or Latino,,473246.97,,,,,,Limited  Liability Company(LLC),71882,West Texas National Bank,MIDLAND,TX,Male Owned,Non-Veteran,,441652.88,03/22/2021
1778607308,04/28/2020,0610,PPP,CIRCLE L SOLAR INC,3914 Sandshell Drive,Fort Worth,TX,76137-2403,05/13/2021,Paid in Full,24,100,472600,472600,0,,69819,Prosperity Bank,1301 N Mechanic,El Campo,TX,77437,U,N,N,Existing or more than 2 years old,Fort Worth,TARRANT,TX,76137-2403,TX-12,42,238220,Unanswered,Unknown/NotStated,,472600,,,,,,Corporation,69819,Prosperity Bank,El Campo,TX,Unanswered,Unanswered,,476823.7,03/31/2021
5220298306,01/25/2021,0671,PPS,ELITE PLUMBING CORPORATION,13645 Westland East Blvd,Houston,TX,77041-1206,09/23/2021,Paid in Full,60,100,471459.07,471459.07,0,,451098,Stellar Bank,8727 W Sam Houston Pkwy North,HOUSTON,TX,77040-5167,U,N,Y,Existing or more than 2 years old,Houston,HARRIS,TX,77041-1206,TX-38,31,238220,Unanswered,Unknown/NotStated,1,471455.07,,,,,,Corporation,451098,Stellar Bank,HOUSTON,TX,Male Owned,Non-Veteran,,474091.38,08/31/2021
8412067102,04/15/2020,0671,PPP,"PRECISE TECHNICAL SERVICES, INC.",18616 KLEIN CHURCH RD,SPRING,TX,77379,03/23/2021,Paid in Full,24,100,471305,471305,0,,48270,"JPMorgan Chase Bank, National Association",1111 Polaris Pkwy,COLUMBUS,OH,43240-2031,U,N,N,Existing or more than 2 years old,SPRING,HARRIS,TX,77379-1000,TX-02,50,238220,Unanswered,Unknown/NotStated,0,471305,0,0,0,0,0,Subchapter S Corporation,194093,"JPMorgan Chase Bank, National Association",CHICAGO,IL,Unanswered,Unanswered,,474262.93,02/16/2021
8873667206,04/28/2020,0671,PPP,THE NEVA CORPORATION,11350 BRITTMOORE PARK DR,HOUSTON,TX,77041-6924,07/21/2021,Paid in Full,24,100,468849,468849,0,,4679,Simmons Bank,501 Main St,PINE BLUFF,AR,71601-4327,U,N,N,Existing or more than 2 years old,HOUSTON,HARRIS,TX,77041-6924,TX-38,29,238220,Unanswered,Unknown/NotStated,,468849,,,,,,Subchapter S Corporation,71902,Simmons Bank,COLLEGE STATION,TX,Unanswered,Unanswered,,474051.3,06/15/2021
8817377404,05/19/2020,0610,PPP,"DON BURDEN & ASSOCIATES, INC",10947 Alder Circle,Dallas,TX,75238,06/12/2021,Paid in Full,24,100,465700,465700,0,,71977,The American National Bank of Texas,102 W Moore,TERRELL,TX,75160-3129,U,Y,Y,Existing or more than 2 years old,Dallas,DALLAS,TX,75238-0001,TX-24,33,238220,Unanswered,Unknown/NotStated,,465700,,,,,,Corporation,71977,The American National Bank of Texas,TERRELL,TX,Unanswered,Unanswered,,470254.93,05/13/2021
1693888308,01/19/2021,0681,PPS,ACCENT PLUMBING INC,21101 FM 685,Pflugerville,TX,78660-7685,09/15/2021,Paid in Full,60,100,462500,462500,0,,465852,R Bank,3600 E Palm Valley Blvd,ROUND ROCK,TX,78665-3320,U,N,N,Existing or more than 2 years old,Pflugerville,TRAVIS,TX,78660-7685,TX-17,42,238220,White,Not Hispanic or Latino,1,462497,,,,,,Corporation,465852,R Bank,ROUND ROCK,TX,Male Owned,Non-Veteran,,464945.55,08/03/2021
2552598305,01/21/2021,0639,PPS,TEXAIR COMPANY INC.,2201 W Expressway 83,McAllen,TX,78503-5679,02/12/2022,Paid in Full,60,100,462400,462400,0,,71592,Lone Star National Bank,206 W Ferguson,PHARR,TX,78577-2404,U,Y,N,Existing or more than 2 years old,McAllen,HIDALGO,TX,78503-5679,TX-15,35,238220,Unanswered,Unknown/NotStated,1,462394,,,,,,Corporation,71592,Lone Star National Bank,PHARR,TX,Unanswered,Unanswered,,466587.29,01/04/2022
6274347007,04/06/2020,0610,PPP,PEREGRINO ENTERPRISES LLC,4000 ACTON HWY,GRANBURY,TX,76049-6120,03/24/2021,Paid in Full,24,100,462000,462000,0,,68922,First Financial Bank,400 Pine St,ABILENE,TX,79601-5108,R,N,N,Existing or more than 2 years old,GRANBURY,HOOD,TX,76049-6120,TX-25,38,238220,Unanswered,Unknown/NotStated,115500,346500,,,,,,Corporation,68922,First Financial Bank,ABILENE,TX,Unanswered,Unanswered,,466055.33,02/19/2021
5065457004,04/04/2020,0681,PPP,ATX ENVIRONMENTAL SOLUTIONS LLC,1205 SHELDON CV,AUSTIN,TX,78753-5872,01/07/2021,Paid in Full,24,100,460000,460000,0,,58899,First United Bank and Trust Company,1400 W Main St,DURANT,OK,74701-4906,U,Y,Y,Existing or more than 2 years old,AUSTIN,TRAVIS,TX,78753-5872,TX-17,71,238220,Unanswered,Unknown/NotStated,3000,411000,,20000,,26000,,Limited  Liability Company(LLC),58899,First United Bank and Trust Company,DURANT,OK,Unanswered,Unanswered,,462986.85,12/09/2020
2839557403,05/06/2020,0610,PPP,"PENNWAY PLUMBING CONTRACTORS, LLC",112 Gross Rd. Suite 300,Mesquite,TX,75149,03/23/2022,Paid in Full,24,100,459036,459036,0,,456756,Cross River Bank,885 Teaneck Rd,TEANECK,NJ,07666-4546,U,N,Y,Existing or more than 2 years old,Mesquite,DALLAS,TX,75149-0001,TX-32,31,238220,Unanswered,Unknown/NotStated,,459036,,,,,,Limited  Liability Company(LLC),529113,"Kabbage, Inc.",Atlanta,GA,Unanswered,Unanswered,,465311.59,09/23/2021
2969237301,04/29/2020,0671,PPP,MORROW MECHANICAL,17013 SEVEN PINES DR,SPRING,TX,77379,06/09/2021,Paid in Full,24,100,457855,457855,0,,12096,"Wells Fargo Bank, National Association",101 N Philips Ave,SIOUX FALLS,SD,57104-6738,U,N,N,Existing or more than 2 years old,SPRING,HARRIS,TX,77379-1000,TX-02,42,238220,Unanswered,Unknown/NotStated,,457855,,,,,,Corporation,12096,"Wells Fargo Bank, National Association",SIOUX FALLS,SD,Unanswered,Unanswered,,462671.89,05/25/2021
7038277100,04/14/2020,0681,PPP,ANGELL SERVICES LLC,13321 IMMANUEL RD,PFLUGERVILLE,TX,78660-8339,01/14/2021,Paid in Full,24,100,457500,457500,0,,71316,PlainsCapital Bank,2911 Turtle Creek Blvd. Suite 700,DALLAS,TX,75219,U,Y,Y,Existing or more than 2 years old,PFLUGERVILLE,TRAVIS,TX,78660-8339,TX-17,36,238220,Unanswered,Unknown/NotStated,,434747,,,,22753,,Limited  Liability Company(LLC),71316,PlainsCapital Bank,DALLAS,TX,Male Owned,Unanswered,,460030.76,02/16/2021
6495428301,01/27/2021,0681,PPS,ANGELL SERVICES LLC,13321 Immanuel Rd,Pflugerville,TX,78660-8339,10/16/2021,Paid in Full,60,100,457492.5,457492.5,0,,71316,PlainsCapital Bank,2911 Turtle Creek Blvd. Suite 700,DALLAS,TX,75219,U,Y,Y,Existing or more than 2 years old,Pflugerville,TRAVIS,TX,78660-8339,TX-17,50,238220,Unanswered,Unknown/NotStated,1,457488.5,,,,,,Limited  Liability Company(LLC),71316,PlainsCapital Bank,DALLAS,TX,Male Owned,Non-Veteran,,460262.87,09/07/2021
8475857002,04/08/2020,0671,PPP,"HB MECHANICAL SERVICES, INC.",20410 OLD SORTERS RD,PORTER,TX,77365-4766,03/06/2021,Paid in Full,24,100,456527.01,456527.01,0,,70546,Citizens Bank,301 E Main,KILGORE,TX,75662-5921,U,N,N,Existing or more than 2 years old,PORTER,MONTGOMERY,TX,77365-4766,TX-02,32,238220,Unanswered,Unknown/NotStated,3150.24,388928.61,,8627.2,,55820.96,,Corporation,70546,Citizens Bank,KILGORE,TX,Unanswered,Unanswered,,459193.05,02/16/2021
4089628504,02/25/2021,0678,PPS,COMFORT MASTERS HEATING & AIR CONDITIONING INC.,1318 E 50th St,Lubbock,TX,79404-3834,09/08/2021,Paid in Full,60,100,456262.75,456262.75,0,,70847,Peoples Bank,5820 82nd St,LUBBOCK,TX,79424-3617,U,Y,Y,Existing or more than 2 years old,Lubbock,LUBBOCK,TX,79404-3834,TX-19,50,238220,White,Not Hispanic or Latino,,456262.75,,,,,,Corporation,70847,Peoples Bank,LUBBOCK,TX,Male Owned,Non-Veteran,,458455.35,08/25/2021
5195197301,04/30/2020,0681,PPP,COPELAND CONTRACTING COMPANY  INC.,1425 Universal City Blvd  Bldg No. 3,Universal City,TX,78148-3317,11/18/2021,Paid in Full,24,100,455200,455200,0,,4426,Bank OZK,18000 Cantrell Rd,LITTLE ROCK,AR,72223-9729,U,N,N,Existing or more than 2 years old,Universal City,BEXAR,TX,78148-3317,TX-28,41,238220,Unanswered,Unknown/NotStated,,455200,,,,,,Subchapter S Corporation,4426,Bank OZK,LITTLE ROCK,AR,Unanswered,Unanswered,,461709.98,10/12/2021
4743747003,04/04/2020,0610,PPP,MARK STEPHEN & KENT EUGENE ELLIS,536 N HIGHWAY 67,CEDAR HILL,TX,75104-2137,03/19/2021,Paid in Full,24,100,454700,454700,0,,71330,City Bank,5219 City Bank Pkwy,LUBBOCK,TX,79407-3544,U,N,N,Existing or more than 2 years old,CEDAR HILL,DALLAS,TX,75104-2137,TX-30,31,238220,Unanswered,Unknown/NotStated,,454700,,,,,,Partnership,71330,City Bank,LUBBOCK,TX,Male Owned,Unanswered,,458400.75,02/02/2021
3807628407,02/05/2021,0681,PPS,HILLCOUNTRY PRO HVAC,18 Indian Meadows Dr Ste 510,Round Rock,TX,78665-2614,12/07/2021,Paid in Full,60,100,453527.5,453527.5,0,,68987,Independent Bank d/b/a Independent Financial,3090 Craig Dr,MCKINNEY,TX,75070-4352,U,N,N,Existing or more than 2 years old,Round Rock,WILLIAMSON,TX,78665-2614,TX-31,35,238220,Unanswered,Unknown/NotStated,1,453523.5,,,,,,Corporation,68987,Independent Bank d/b/a Independent Financial,MCKINNEY,TX,Male Owned,Non-Veteran,,456878.56,11/02/2021
8749207004,04/08/2020,0681,PPP,"E.Z. MECHANICAL, INC.",7366 CARIBOU STREET,SAN ANTONIO,TX,78238-1230,02/20/2021,Paid in Full,24,100,451900,451900,0,,71825,Jefferson Bank,1900 Broadway St,San Antonio,TX,78215,U,N,N,Existing or more than 2 years old,SAN ANTONIO,BEXAR,TX,78238-1230,TX-20,49,238220,Unanswered,Unknown/NotStated,,451900,,,,,,Corporation,71825,Jefferson Bank,San Antonio,TX,Unanswered,Unanswered,,455366.63,01/25/2021
4847527001,04/04/2020,0677,PPP,"EP MECHANICAL TECHNOLOGIES,  INC.",211 Cotton,EL PASO,TX,79901-1745,12/04/2020,Paid in Full,24,100,451500,451500,0,,66442,First Savings Bank,201 N Third,BERESFORD,SD,57004-1743,U,N,Y,Existing or more than 2 years old,EL PASO,EL PASO,TX,79901-1745,TX-16,48,238220,White,Hispanic or Latino,,451500,,,,,,Corporation,66442,First Savings Bank,BERESFORD,SD,Male Owned,Non-Veteran,,454083.58,11/03/2020
1299148605,03/13/2021,0610,PPS,TRAVIS MECHANICAL LLC,1919 Old Denton Rd,Carrollton,TX,75006-3772,11/16/2021,Paid in Full,60,100,450000,450000,0,,225134,Truist Bank,214 N Tryon St,CHARLOTTE,NC,28202-1078,U,N,N,Existing or more than 2 years old,Carrollton,DALLAS,TX,75006-3772,TX-24,38,238220,Unanswered,Unknown/NotStated,,450000,,,,,,Limited  Liability Company(LLC),225134,Truist Bank,CHARLOTTE,NC,Unanswered,Unanswered,,452550,10/06/2021
3469287107,04/11/2020,0610,PPP,TRAVIS MECHANICAL LLC,1911 OLD DENTON RD,CARROLLTON,TX,75006-3762,04/21/2021,Paid in Full,24,100,450000,450000,0,,225134,Truist Bank,214 N Tryon St,CHARLOTTE,NC,28202-1078,U,N,N,Existing or more than 2 years old,CARROLLTON,DALLAS,TX,75006-3762,TX-24,44,238220,Unanswered,Unknown/NotStated,,450000,,,,,,Limited  Liability Company(LLC),225134,Truist Bank,CHARLOTTE,NC,Unanswered,Unanswered,,454012.5,03/09/2021
9016067007,04/09/2020,0610,PPP,"LEGACY PLUMBING, INC.",1101 E. Eldorado Parkway,LITTLE ELM,TX,75068-5581,07/16/2021,Paid in Full,24,100,448330,448330,0,,71638,"Texas Republic Bank, National Association","2595 Preston Rd, Ste 100",FRISCO,TX,75034-9081,U,N,N,Existing or more than 2 years old,LITTLE ELM,DENTON,TX,75068-5581,TX-26,30,238220,Unanswered,Unknown/NotStated,,336248,,112082,,,,Subchapter S Corporation,71638,"Texas Republic Bank, National Association",FRISCO,TX,Unanswered,Unanswered,,453448.43,06/03/2021
4067677108,04/12/2020,0671,PPP,ELITE PLUMBING CORPORATION,13645 WESTLAND EAST BLVD,HOUSTON,TX,77041-1206,01/21/2021,Paid in Full,24,100,448217,448217,0,,451098,Stellar Bank,8727 W Sam Houston Pkwy North,HOUSTON,TX,77040-5167,U,N,Y,Existing or more than 2 years old,HOUSTON,HARRIS,TX,77041-1206,TX-38,34,238220,Unanswered,Unknown/NotStated,,448217,,,,,,Corporation,451098,Stellar Bank,HOUSTON,TX,Male Owned,Non-Veteran,,450595.04,11/03/2020
5875957210,04/27/2020,0610,PPP,SUPERIOR INSTALLATION SERVICES INC,1230 Crowley Circle,CARROLLTON,TX,75006,10/15/2021,Paid in Full,24,100,446844,446844,0,,44449,"PNC Bank, National Association",222 Delaware Ave,WILMINGTON,DE,19801-1621,U,N,N,Existing or more than 2 years old,CARROLLTON,DALLAS,TX,75006-0001,TX-24,38,238220,Unanswered,Unknown/NotStated,,446844,,,,,,Corporation,760,First Source Federal Credit Union,Rome,NY,Unanswered,Unanswered,,453360.48,10/07/2021
1870098407,02/02/2021,0681,PPS,FROST & KEELING ASSOC. INC.,140 Windy Meadows Dr,Schertz,TX,78154-1302,02/19/2022,Paid in Full,60,100,445100,445100,0,,447956,Texas Partners Bank,1900 NW Loop 410,SAN ANTONIO,TX,78213-2320,U,N,N,Existing or more than 2 years old,Schertz,GUADALUPE,TX,78154-1302,TX-35,24,238220,White,Not Hispanic or Latino,1,445094,,,,,,Corporation,447956,Texas Partners Bank,SAN ANTONIO,TX,Female Owned,Non-Veteran,,449204.81,01/21/2022
3193107304,04/29/2020,0671,PPP,COOK MECHANICAL INC,9837 Whithorn Dr.,Houston,TX,77095,01/21/2021,Paid in Full,24,100,695454,444240,0,,451098,Stellar Bank,8727 W Sam Houston Pkwy North,HOUSTON,TX,77040-5167,U,N,N,Existing or more than 2 years old,Houston,HARRIS,TX,77095-1000,TX-07,56,238220,Unanswered,Unknown/NotStated,,444240,,,,,,Subchapter S Corporation,451098,Stellar Bank,HOUSTON,TX,Unanswered,Unanswered,,446399.5,11/03/2020
4486607005,04/03/2020,0681,PPP,DOUCET PLUMBING INC,6474 SIDEVIEW ROAD,SAN ANGELO,TX,76901-5511,01/07/2021,Paid in Full,24,100,443000,443000,0,,71563,First State Bank,245 W Moss St,PAINT ROCK,TX,76866,U,N,N,Existing or more than 2 years old,SAN ANGELO,TOM GREEN,TX,76901-5511,TX-11,41,238220,White,Not Hispanic or Latino,,443000,,,,,,Corporation,71563,First State Bank,PAINT ROCK,TX,Male Owned,Non-Veteran,,445949.29,12/03/2020
4132477202,04/27/2020,0671,PPP,OGH SERVICE COMPANY,3730 CREEKMONT DR,HOUSTON,TX,77091-5412,12/17/2020,Paid in Full,24,100,438250,438250,0,,448034,Austin County State Bank,436 S Front St,BELLVILLE,TX,77418-2413,U,Y,Y,Existing or more than 2 years old,HOUSTON,HARRIS,TX,77091-5412,TX-18,24,238220,White,Not Hispanic or Latino,,438250,,,,,,Partnership,448034,Austin County State Bank,BELLVILLE,TX,Female Owned,Unanswered,,440696.9,11/23/2020
1381957702,05/01/2020,0610,PPP,"METRO EXPRESS SERVICE, LLC",506 NORTH RD,KENNEDALE,TX,76060,05/21/2021,Paid in Full,24,100,434330,434330,0,,48270,"JPMorgan Chase Bank, National Association",1111 Polaris Pkwy,COLUMBUS,OH,43240-2031,U,Y,Y,Existing or more than 2 years old,KENNEDALE,TARRANT,TX,76060-0001,TX-25,33,238220,Unanswered,Unknown/NotStated,,387870,,,,46460,,Limited  Liability Company(LLC),194093,"JPMorgan Chase Bank, National Association",CHICAGO,IL,Unanswered,Unanswered,,438361.79,04/08/2021
6769787110,04/14/2020,0678,PPP,A LOWERY LTD,4105 N. FM 2528,LUBBOCK,TX,79416,12/16/2020,Paid in Full,24,100,433600,433600,0,,71316,PlainsCapital Bank,2911 Turtle Creek Blvd. Suite 700,DALLAS,TX,75219,U,N,N,Existing or more than 2 years old,LUBBOCK,LUBBOCK,TX,79416-1100,TX-19,36,238220,Unanswered,Unknown/NotStated,4600,413600,,15400,,,,Partnership,71316,PlainsCapital Bank,DALLAS,TX,Unanswered,Unanswered,,435948.67,11/05/2020
1542498301,01/17/2021,0610,PPS,P&E MECHANICAL CONTRACTORS LLC,5279 N State Highway 6,Waco,TX,76712-2612,07/13/2021,Paid in Full,60,100,430600,430600,0,,71419,The First National Bank of McGregor d/b/a TFNB Your Bank for Life,401 Main St,MCGREGOR,TX,76657-1610,U,N,N,Existing or more than 2 years old,Waco,MCLENNAN,TX,76712-2612,TX-17,39,238220,Unanswered,Unknown/NotStated,1,430597,,,,,,Limited  Liability Company(LLC),71419,The First National Bank of McGregor d/b/a TFNB Your Bank for Life,MCGREGOR,TX,Unanswered,Unanswered,,432238.67,06/15/2021
9181687009,04/09/2020,0681,PPP,"P&E MECHANICAL CONTRACTORS, LLC",9705 Burnet Rd. Suite 319,AUSTIN,TX,78758-5215,12/24/2020,Paid in Full,24,100,430600,430600,0,,71419,The First National Bank of McGregor d/b/a TFNB Your Bank for Life,401 Main St,MCGREGOR,TX,76657-1610,U,N,N,Existing or more than 2 years old,AUSTIN,TRAVIS,TX,78758-5215,TX-37,39,238220,Unanswered,Unknown/NotStated,43060,344480,43060,,,,,Limited  Liability Company(LLC),71419,The First National Bank of McGregor d/b/a TFNB Your Bank for Life,MCGREGOR,TX,Unanswered,Unanswered,,433159.68,11/23/2020
8932817106,04/15/2020,0681,PPP,"AVATT SERVICES, INC",340 COUNTY ROAD 260,LIBERTY HILL,TX,78642-6202,12/24/2020,Paid in Full,24,100,429462,429462,0,,69141,"Classic Bank, National Association",102 N Houston,CAMERON,TX,76520-3321,U,N,N,Existing or more than 2 years old,LIBERTY HILL,WILLIAMSON,TX,78642-6202,TX-31,32,238220,Unanswered,Unknown/NotStated,,429462,,,,,,Corporation,69141,"Classic Bank, National Association",CAMERON,TX,Unanswered,Unanswered,,432014.91,11/23/2020
3223588404,02/04/2021,0671,PPS,TW MECHANICAL LLC,1005 Airline Dr Ste A,Katy,TX,77493-2529,10/22/2021,Paid in Full,60,100,429200,429200,0,,71783,Frost Bank,111 W Houston St,SAN ANTONIO,TX,78205-1414,U,N,N,Existing or more than 2 years old,Katy,HARRIS,TX,77493-2529,TX-10,26,238220,Unanswered,Hispanic or Latino,,429200,,,,,,Limited  Liability Company(LLC),71783,Frost Bank,SAN ANTONIO,TX,Male Owned,Unanswered,,431822.24,09/17/2021
5701388702,04/02/2021,0610,PPS,SHIPMAN FIRE PROTECTION LLC,1020 La Jolla Pointe Dr,Rockwall,TX,75087-6763,11/19/2021,Paid in Full,60,100,428207,428207,0,,48270,"JPMorgan Chase Bank, National Association",1111 Polaris Pkwy,COLUMBUS,OH,43240-2031,U,N,N,Existing or more than 2 years old,Rockwall,ROCKWALL,TX,75087-6763,TX-04,56,238220,Unanswered,Unknown/NotStated,,428207,,,,,,Limited  Liability Company(LLC),48270,"JPMorgan Chase Bank, National Association",COLUMBUS,OH,Unanswered,Unanswered,,430363.5,10/08/2021
3959898504,02/24/2021,0610,PPS,MOMENTUM MECHANICAL INC.,2504 Gravel Dr,Fort Worth,TX,76118-6903,04/21/2022,Paid in Full,60,100,428200,428200,0,,71783,Frost Bank,111 W Houston St,SAN ANTONIO,TX,78205-1414,U,N,Y,Existing or more than 2 years old,Fort Worth,TARRANT,TX,76118-6903,TX-12,34,238220,Black or African American,Not Hispanic or Latino,1,428198,,,,,,Subchapter S Corporation,71783,Frost Bank,SAN ANTONIO,TX,Male Owned,Non-Veteran,,432599.32,03/09/2022
7432977009,04/07/2020,0610,PPP,"MOMENTUM MECHANICAL, INC.",2504 GRAVEL DR,FORT WORTH,TX,76118-6903,06/23/2021,Paid in Full,23,100,428200,428200,0,,71783,Frost Bank,111 W Houston St,SAN ANTONIO,TX,78205-1414,U,N,Y,Existing or more than 2 years old,FORT WORTH,TARRANT,TX,76118-6903,TX-12,38,238220,Black or African American,Not Hispanic or Latino,,428200,,,,,,Subchapter S Corporation,71783,Frost Bank,SAN ANTONIO,TX,Male Owned,Non-Veteran,,432716.63,05/10/2021
9274577206,04/28/2020,0677,PPP,"AIM ENTERPRISES, INC.",4418 Tetons,EL PASO,TX,79904-2810,06/16/2021,Paid in Full,24,100,462112,427428,0,,113154,WestStar Bank,"601 N Mesa St, Ste 1100",El Paso,TX,79901,U,N,Y,Existing or more than 2 years old,EL PASO,EL PASO,TX,79904-2810,TX-16,42,238220,White,Hispanic or Latino,,427428,,,,,,Corporation,113154,WestStar Bank,El Paso,TX,Male Owned,Non-Veteran,,431892.25,05/25/2021
4453207704,05/01/2020,0610,PPP,HOPPER AIR CONDITIONING AND HEATING INC,407 N CEDAR RIDGE DR STE 140,DUNCANVILLE,TX,75116,06/09/2021,Paid in Full,24,100,426953,426953,0,,12096,"Wells Fargo Bank, National Association",101 N Philips Ave,SIOUX FALLS,SD,57104-6738,U,N,N,Existing or more than 2 years old,DUNCANVILLE,DALLAS,TX,75116-2000,TX-30,35,238220,Unanswered,Unknown/NotStated,,426953,,,,,,Corporation,12096,"Wells Fargo Bank, National Association",SIOUX FALLS,SD,Unanswered,Unanswered,,431269.32,05/12/2021
3959257101,04/12/2020,0671,PPP,"REFRIGERATED WAREHOUSE CONSTRUCTION CO., LLC",8498 MILLER RD,MAGNOLIA,TX,77354-4178,05/21/2021,Paid in Full,24,100,426865,426865,0,,451098,Stellar Bank,8727 W Sam Houston Pkwy North,HOUSTON,TX,77040-5167,U,N,N,Existing or more than 2 years old,MAGNOLIA,MONTGOMERY,TX,77354-4178,TX-08,40,238220,Unanswered,Unknown/NotStated,,426865,,,,,,Limited  Liability Company(LLC),451098,Stellar Bank,HOUSTON,TX,Male Owned,Non-Veteran,,431133.65,04/20/2021
2714087106,04/11/2020,0681,PPP,TEXAS STAR FIRE SYSTEMS LLC,8711 BURNET RD STE D43,AUSTIN,TX,78757,02/18/2021,Paid in Full,24,100,425800,425800,0,,48270,"JPMorgan Chase Bank, National Association",1111 Polaris Pkwy,COLUMBUS,OH,43240-2031,U,N,Y,Existing or more than 2 years old,AUSTIN,TRAVIS,TX,78757-0001,TX-37,36,238220,Unanswered,Unknown/NotStated,2000,383220,0,8000,0,32580,0,Limited  Liability Company(LLC),194093,"JPMorgan Chase Bank, National Association",CHICAGO,IL,Unanswered,Unanswered,,428894.86,01/07/2021
4400687007,04/03/2020,0678,PPP,"COMFORT MASTERS HEATING & AIR CONDITIONING, INC",1318 East 50th,LUBBOCK,TX,79404-3834,06/09/2021,Paid in Full,24,100,461500,425000,0,,70847,Peoples Bank,5820 82nd St,LUBBOCK,TX,79424-3617,U,Y,Y,Existing or more than 2 years old,LUBBOCK,LUBBOCK,TX,79404-3834,TX-19,43,238220,White,Not Hispanic or Latino,,425000,,,,,,Corporation,70847,Peoples Bank,LUBBOCK,TX,Male Owned,Non-Veteran,,429863.89,05/21/2021
2811037104,04/11/2020,0610,PPP,A&L SHEET METAL,3413 ROYALTY ROW,IRVING,TX,75062-4947,02/06/2021,Paid in Full,24,100,423357,423357,0,,368915,Veritex Community Bank,8214 Westchester Dr Ste 800,Dallas,TX,75225,U,Y,Y,Existing or more than 2 years old,IRVING,DALLAS,TX,75062-4947,TX-06,38,238220,Unanswered,Unknown/NotStated,,423357,,,,,,Sole Proprietorship,368915,Veritex Community Bank,Dallas,TX,Unanswered,Unanswered,,426523.48,01/19/2021
9884457006,04/09/2020,0671,PPP,"MECHANICAL PIPING SYSTEMS, INC.",17413 FM 2920 RD BLG L,TOMBALL,TX,77377-5908,06/19/2021,Paid in Full,24,100,423038,423038,0,,68922,First Financial Bank,400 Pine St,ABILENE,TX,79601-5108,U,N,N,Existing or more than 2 years old,TOMBALL,HARRIS,TX,77377-5908,TX-38,21,238220,Unanswered,Not Hispanic or Latino,105759.5,317278.5,,,,,,Corporation,68922,First Financial Bank,ABILENE,TX,Male Owned,Non-Veteran,,427656.16,05/12/2021
8822247002,04/08/2020,0681,PPP,S & D PLUMBING LLC,421 TALBOT ST,TAYLOR,TX,76574-3559,04/16/2021,Paid in Full,24,100,422500,422500,0,,465852,R Bank,3600 E Palm Valley Blvd,ROUND ROCK,TX,78665-3320,U,N,Y,New Business or 2 years or less,TAYLOR,WILLIAMSON,TX,76574-3559,TX-31,30,238220,Unanswered,Unknown/NotStated,,422500,,,,,,Limited  Liability Company(LLC),465852,R Bank,ROUND ROCK,TX,Male Owned,Unanswered,,426435.62,03/24/2021
4074738205,08/05/2020,0610,PPP,"PALMER SERVICES, LLC",924 Allen St.,Irving,TX,75060-4538,01/31/2022,Paid in Full,60,100,420502,420502,0,,71653,Vista Bank,5840 W Northwest Hwy,DALLAS,TX,75225-3201,U,Y,Y,Existing or more than 2 years old,Irving,DALLAS,TX,75060-4538,TX-33,42,238220,White,Not Hispanic or Latino,,420502,,,,,,Limited  Liability Company(LLC),71653,Vista Bank,DALLAS,TX,Male Owned,Unanswered,,422207.05,01/13/2021
1131918509,02/18/2021,0610,PPS,TEXAS ONE SOURCE INDUSTRIAL SOLUTIONS LLC,5123 Martin Luther King Fwy,Fort Worth,TX,76119-4175,12/09/2021,Paid in Full,60,100,417730,417730,0,,71977,The American National Bank of Texas,102 W Moore,TERRELL,TX,75160-3129,U,N,Y,Existing or more than 2 years old,Fort Worth,TARRANT,TX,76119-4175,TX-33,37,238220,Unanswered,Not Hispanic or Latino,1,417728,,,,,,Limited  Liability Company(LLC),71977,The American National Bank of Texas,TERRELL,TX,Male Owned,Unanswered,,420499.61,11/03/2021
7316938301,01/28/2021,0671,PPS,MECHANICAL PIPING SYSTEMS INC,17413 FM 2920 Rd Ste L,Tomball,TX,77377-6049,01/21/2022,Paid in Full,60,100,417033.32,417033.32,0,,68922,First Financial Bank,400 Pine St,ABILENE,TX,79601-5108,U,N,N,Existing or more than 2 years old,Tomball,HARRIS,TX,77377-6049,TX-38,22,238220,Unanswered,Not Hispanic or Latino,1,417028.32,,,,,,Corporation,68922,First Financial Bank,ABILENE,TX,Male Owned,Non-Veteran,,420844.54,12/28/2021
9139818504,03/12/2021,0610,PPS,EASTERN MECHANICAL CONTRACTORS INC.,3845 Forney Rd,Mesquite,TX,75149-2752,01/07/2022,Paid in Full,60,100,415422,415422,0,,71977,The American National Bank of Texas,102 W Moore,TERRELL,TX,75160-3129,U,N,Y,Existing or more than 2 years old,Mesquite,DALLAS,TX,75149-2752,TX-32,42,238220,White,Not Hispanic or Latino,1,415420,,,,,,Corporation,71977,The American National Bank of Texas,TERRELL,TX,Male Owned,Veteran,,418540.51,12/20/2021
9151238303,01/30/2021,0639,PPS,SHORELINE PLUMBING CO,1954,CORPUS CHRISTI,TX,78417,02/18/2022,Paid in Full,60,100,415412.5,415412.5,0,,529471,Itria Ventures LLC,"One Penn Plaza, Suite 4530",New York,NY,10119,U,N,Y,Existing or more than 2 years old,CORPUS CHRISTI,NUECES,TX,78417,TX-27,27,238220,Unanswered,Unknown/NotStated,1,415407.5,,,,,,Subchapter S Corporation,529471,Itria Ventures LLC,New York,NY,Unanswered,Unanswered,,418447.32,01/11/2022
7675127300,04/30/2020,0639,PPP,SHORELINE PLUMBING CO,1954 SARATOGA BLVD,CORPUS CHRISTI,TX,78417-3401,06/19/2021,Paid in Full,24,100,415400,415400,0,,105536,Susser Bank,"100 Crescent Ct, Ste. 575",DALLAS,TX,75201,U,N,N,Existing or more than 2 years old,CORPUS CHRISTI,NUECES,TX,78417-3401,TX-27,27,238220,Unanswered,Unknown/NotStated,,415400,,,,,,Subchapter S Corporation,105536,Susser Bank,DALLAS,TX,Unanswered,Unanswered,,419383.29,04/28/2021
4881447005,04/04/2020,0610,PPP,"KEN PARKER SERVICE, INC",3627 STATE HIGHWAY 34,GREENVILLE,TX,75402-5132,02/24/2021,Paid in Full,24,100,415000,415000,0,,69154,The First Bank of Celeste,301 N Hwy 69,CELESTE,TX,75423-6030,R,N,N,Existing or more than 2 years old,GREENVILLE,HUNT,TX,75402-5132,TX-03,35,238220,Unanswered,Not Hispanic or Latino,10000,376000,,15000,,14000,,Corporation,69154,The First Bank of Celeste,CELESTE,TX,Male Owned,Non-Veteran,,418183.56,01/20/2021
3384548404,02/04/2021,0671,PPS,C & B UTILITIES INC.,13420 E Hardy Rd,Houston,TX,77039-2823,05/10/2022,Paid in Full,60,100,414900,414900,0,,33850,Comerica Bank,1717 Main St,DALLAS,TX,75201-4612,U,N,Y,Existing or more than 2 years old,Houston,HARRIS,TX,77039-2823,TX-29,37,238220,Unanswered,Unknown/NotStated,,414900,,,,,,Subchapter S Corporation,33850,Comerica Bank,DALLAS,TX,Unanswered,Unanswered,,419821.17,04/12/2022
6421857204,04/28/2020,0671,PPP,"AIR-CARE SOUTHEAST, INC.",615 KANSAS ST,SOUTH HOUSTON,TX,77587-3104,07/16/2021,Paid in Full,24,100,414000,414000,0,,71999,Texas First Bank,3232 Palmer Hwy,TEXAS CITY,TX,77590-6724,U,Y,Y,Unanswered,SOUTH HOUSTON,HARRIS,TX,77587-3104,TX-29,46,238220,Unanswered,Unknown/NotStated,1449.75,410556.17,,,,,1994.08,Corporation,71999,Texas First Bank,TEXAS CITY,TX,Male Owned,Unanswered,,417542,03/05/2021
3954237303,04/29/2020,0671,PPP,MTW PIPEWORKS LTD,16236 CYPRESS ROSEHILL ROAD,CYPRESS,TX,77429-1455,12/24/2020,Paid in Full,24,100,411500,411500,0,,69819,Prosperity Bank,1301 N Mechanic,El Campo,TX,77437,U,N,N,Existing or more than 2 years old,CYPRESS,HARRIS,TX,77429-1455,TX-10,34,238220,Unanswered,Unknown/NotStated,,411500,,,,,,Limited Liability Partnership,69819,Prosperity Bank,El Campo,TX,Unanswered,Unanswered,,413788.62,11/23/2020
7680777007,04/08/2020,0681,PPP,BURGER ENTERPRISES INC,10211 SOMMERS DR,SAN ANTONIO,TX,78217-3825,12/10/2020,Paid in Full,24,100,408500,408500,0,,71825,Jefferson Bank,1900 Broadway St,San Antonio,TX,78215,U,N,N,New Business or 2 years or less,SAN ANTONIO,BEXAR,TX,78217-3825,TX-35,49,238220,White,Not Hispanic or Latino,,408500,,,,,,Corporation,71825,Jefferson Bank,San Antonio,TX,Male Owned,Non-Veteran,,410727.16,11/03/2020
1323217204,04/15/2020,0610,PPP,CHAPMAN AIR-CONDITIONING INC,"10750 Sandhill Rd, Ste B",DALLAS,TX,75238,08/18/2021,Paid in Full,24,100,408000,408000,0,,71316,PlainsCapital Bank,2911 Turtle Creek Blvd. Suite 700,DALLAS,TX,75219,U,Y,Y,Existing or more than 2 years old,DALLAS,DALLAS,TX,75238-0001,TX-24,53,238220,Unanswered,Unknown/NotStated,,408000,,,,,,Corporation,71316,PlainsCapital Bank,DALLAS,TX,Male Owned,Non-Veteran,,412964,07/07/2021
9956808501,03/12/2021,0610,PPS,NATIONAL NETWORK SERVICES INC.,389 W Rock Island Rd 1345 Garza Ln Little Elm,Grand Prairie,TX,75050-6518,12/07/2021,Paid in Full,60,100,407479.2,407479.2,0,,68987,Independent Bank d/b/a Independent Financial,3090 Craig Dr,MCKINNEY,TX,75070-4352,U,Y,N,Existing or more than 2 years old,Grand Prairie,DALLAS,TX,75050-6518,TX-06,35,238220,Unanswered,Not Hispanic or Latino,,407479.2,,,,,,Corporation,68987,Independent Bank d/b/a Independent Financial,MCKINNEY,TX,Male Owned,Non-Veteran,,410105.18,11/03/2021
6947788306,01/27/2021,0681,PPS,BLANCO HEATING AND COOLING LLC,2226 N US Highway 281 Ste A,Blanco,TX,78606-5878,08/12/2021,Paid in Full,60,100,406295,406295,0,,111233,Texas Regional Bank,6770 W Expy 83,HARLINGEN,TX,78552,R,N,N,Existing or more than 2 years old,Blanco,BLANCO,TX,78606-5878,TX-21,29,238220,Unanswered,Unknown/NotStated,1,406293,,,,,,Limited  Liability Company(LLC),111233,Texas Regional Bank,HARLINGEN,TX,Unanswered,Unanswered,,408254.12,07/26/2021
2932167202,04/16/2020,0681,PPP,"BIESENBACH, INC.",9254 US HIGHWAY 87,SAN ANTONIO,TX,78263-9777,03/12/2021,Paid in Full,24,100,405900,405900,0,,69225,"American Bank, National Association",5120 S. Padre Island Dr,CORPUS CHRISTI,TX,78411-4208,U,N,N,Existing or more than 2 years old,SAN ANTONIO,BEXAR,TX,78263-9777,TX-28,39,238220,White,Not Hispanic or Latino,,405900,,,,,,Corporation,358513,American Bank National Association,Universal City,TX,Male Owned,Non-Veteran,,409135.93,02/04/2021
8433237006,04/08/2020,0610,PPP,"SOUTHWEST INSULATION, INC.",3300 STUART DRIVE PO BOX 11503,FORT WORTH,TX,76110-4322,05/07/2022,Paid in Full,24,100,404600,404600,0,,323316,"Trinity Bank, National Association",3500 W Vickery Blvd,FORT WORTH,TX,76107-5618,U,Y,Y,Existing or more than 2 years old,FORT WORTH,TARRANT,TX,76110-4322,TX-33,30,238220,Unanswered,Unknown/NotStated,,404600,,,,,,Subchapter S Corporation,323316,"Trinity Bank, National Association",FORT WORTH,TX,Male Owned,Non-Veteran,,407358.95,02/16/2021
3982168408,02/05/2021,0681,PPS,TRIAD PHC LLC.,7001 US Highway 183 S,Austin,TX,78744-7825,08/07/2021,Paid in Full,60,100,403217,403217,0,,71693,Round Top State Bank,301 N Washington St,ROUND TOP,TX,78954-5053,U,Y,Y,Existing or more than 2 years old,Austin,TRAVIS,TX,78744-7825,TX-35,36,238220,Unanswered,Unknown/NotStated,1,403214,,,,,,Limited  Liability Company(LLC),71693,Round Top State Bank,ROUND TOP,TX,Unanswered,Unanswered,,405050.81,07/27/2021
5856768507,03/02/2021,0681,PPS,MDS MAINTENANCE LLC,8000 W Interstate 10 Ste 600,San Antonio,TX,78230-3887,02/19/2022,Paid in Full,60,100,401700,401700,0,,447956,Texas Partners Bank,1900 NW Loop 410,SAN ANTONIO,TX,78213-2320,U,N,Y,Existing or more than 2 years old,San Antonio,BEXAR,TX,78230-3887,TX-21,24,238220,Unanswered,Unknown/NotStated,1,401697,,,,,,Limited  Liability Company(LLC),447956,Texas Partners Bank,SAN ANTONIO,TX,Unanswered,Unanswered,,405259.51,01/25/2022
5458807003,04/05/2020,0681,PPP,"MDS MAINTENANCE, LLC",8000 INTERSTATE 10 WEST STE 600,SAN ANTONIO,TX,78230,04/23/2021,Paid in Full,24,100,401500,401500,0,,447956,Texas Partners Bank,1900 NW Loop 410,SAN ANTONIO,TX,78213-2320,U,N,Y,Existing or more than 2 years old,SAN ANTONIO,BEXAR,TX,78230-0001,TX-21,24,238220,Unanswered,Unknown/NotStated,40150,301125,,60225,,,,Limited  Liability Company(LLC),447956,Texas Partners Bank,SAN ANTONIO,TX,Unanswered,Unanswered,,405347.71,03/31/2021
2565747109,04/10/2020,0610,PPP,AXIOM SERVICES LLC,204 N Mayhill Rd.,DENTON,TX,76208-4004,01/21/2021,Paid in Full,24,100,400000,400000,0,,69976,First State Bank,801 E California St,GAINESVILLE,TX,76240-4276,U,N,N,Existing or more than 2 years old,DENTON,DENTON,TX,76208-4004,TX-13,32,238220,Unanswered,Unknown/NotStated,3000,385000,,12000,,,,Limited  Liability Company(LLC),69976,First State Bank,GAINESVILLE,TX,Female Owned,Non-Veteran,,402652.05,12/15/2020
4980107003,04/04/2020,0681,PPP,BRACKEN PLUMBING INC.,17333 BELL NORTH DR,SCHERTZ,TX,78154-3326,04/08/2021,Paid in Full,24,100,400000,400000,0,,69225,"American Bank, National Association",5120 S. Padre Island Dr,CORPUS CHRISTI,TX,78411-4208,U,N,N,Existing or more than 2 years old,SCHERTZ,BEXAR,TX,78154-3326,TX-35,48,238220,White,Not Hispanic or Latino,18000,350000,,15000,,17000,,Corporation,358513,American Bank National Association,Universal City,TX,Male Owned,Unanswered,,403600,03/05/2021
5290508303,01/25/2021,0610,PPS,KEN PARKER SERVICE  INC,3627 State Highway 34 S,Greenville,TX,75402-5132,01/20/2022,Paid in Full,60,100,400000,400000,0,,69154,The First Bank of Celeste,301 N Hwy 69,CELESTE,TX,75423-6030,R,N,N,Existing or more than 2 years old,Greenville,HUNT,TX,75402-5132,TX-03,35,238220,Unanswered,Not Hispanic or Latino,1,399996,,,,,,Corporation,69154,The First Bank of Celeste,CELESTE,TX,Male Owned,Non-Veteran,,403408.22,12/14/2021
8430527004,04/08/2020,0610,PPP,BILL CODY & SONS PLUMBING CO LLC,209 W CLARENDON DR,DALLAS,TX,75208-6704,01/21/2021,Paid in Full,24,100,399915,399915,0,,106722,Las Colinas FCU,555 Cimarron Trl,IRVING,TX,75063-4538,U,Y,Y,Existing or more than 2 years old,DALLAS,DALLAS,TX,75208-6704,TX-33,32,238220,White,Not Hispanic or Latino,,391916,7999,,,,,Corporation,106722,Las Colinas FCU,IRVING,TX,Male Owned,Non-Veteran,,402603.32,12/08/2020
6523378406,02/10/2021,0610,PPS,TOWER ENGINEERING INC,2821 Lackland Rd Ste 340,Fort Worth,TX,76116-4177,10/06/2021,Paid in Full,60,100,399357.5,399357.5,0,,69819,Prosperity Bank,1301 N Mechanic,El Campo,TX,77437,U,Y,Y,Existing or more than 2 years old,Fort Worth,TARRANT,TX,76116-4177,TX-12,22,238220,White,Not Hispanic or Latino,1,399355.5,,,,,,Corporation,69819,Prosperity Bank,El Campo,TX,Male Owned,Veteran,,401698.94,09/15/2021
5172677104,04/13/2020,0610,PPP,PERFORMANCE HEAT & AIR INC.,"1807 OWEN CT, Ste. 107",MANSFIELD,TX,76063-4209,01/20/2021,Paid in Full,24,100,397900,397900,0,,71977,The American National Bank of Texas,102 W Moore,TERRELL,TX,75160-3129,U,N,N,Existing or more than 2 years old,MANSFIELD,TARRANT,TX,76063-4209,TX-06,32,238220,Unanswered,Unknown/NotStated,,397900,,,,,,Subchapter S Corporation,71977,The American National Bank of Texas,TERRELL,TX,Unanswered,Unanswered,,400472.72,12/15/2020
2205288704,03/28/2021,0610,PPS,ELLIS AIR SYSTEMS INC,3513 Florence Rd,Killeen,TX,76542-2511,12/17/2021,Paid in Full,60,100,397600,397600,0,,39848,Cadence Bank,201 S Spring St,TUPELO,MS,38804-4811,U,N,N,Existing or more than 2 years old,Killeen,BELL,TX,76542-2511,TX-11,65,238220,White,Not Hispanic or Latino,,397600,,,,,,Corporation,70018,Cadence Bank,Gatesville,TX,Male Owned,Unanswered,,399919.33,11/01/2021
8665087008,04/08/2020,0610,PPP,ELLIS AIR SYSTEMS INC,3513 FLORENCE RD,KILLEEN,TX,76542-2511,02/12/2021,Paid in Full,24,100,397600,397600,0,,39848,Cadence Bank,201 S Spring St,TUPELO,MS,38804-4811,U,N,N,Existing or more than 2 years old,KILLEEN,BELL,TX,76542-2511,TX-11,57,238220,White,Not Hispanic or Latino,,397600,,,,,,Corporation,70018,Cadence Bank,Gatesville,TX,Male Owned,Unanswered,,400660.98,01/20/2021
6587117205,04/28/2020,0671,PPP,PREMIER A/C &AMP; HEATING COMPANY,2109 Lou Ellen Ln,Houston,TX,77018-6010,01/22/2021,Paid in Full,24,100,397400,397400,0,,69819,Prosperity Bank,1301 N Mechanic,El Campo,TX,77437,U,N,N,Existing or more than 2 years old,Houston,HARRIS,TX,77018-6010,TX-18,29,238220,Unanswered,Unknown/NotStated,,397400,,,,,,Corporation,69819,Prosperity Bank,El Campo,TX,Unanswered,Unanswered,,399762.62,12/14/2020
1185448102,07/09/2020,0678,PPP,BILLY BRAD FLOWERS,7900 S Blessen Rd,Amarillo,TX,79119-6815,08/05/2023,Charged Off,18,100,397337,397337,0,,596038,Lendistry-Federal Reserve Contract,777 South Alameda Street,Los Angeles,CA,90021,U,N,N,Existing or more than 2 years old,Amarillo,RANDALL,TX,79119-6815,TX-13,18,238220,Unanswered,Unknown/NotStated,,397337,,,,,,Self-Employed Individuals,529113,"Kabbage, Inc.",Atlanta,GA,Unanswered,Unanswered,,,
3180077309,04/29/2020,0671,PPP,STRUTTON PLUMBING COMPANY INC,5805 CYPRESS ST,HOUSTON,TX,77074-7820,02/09/2021,Paid in Full,24,100,394600,394600,0,,69819,Prosperity Bank,1301 N Mechanic,El Campo,TX,77437,U,N,Y,Existing or more than 2 years old,HOUSTON,HARRIS,TX,77074-7820,TX-09,34,238220,Unanswered,Unknown/NotStated,,394600,,,,,,Corporation,69819,Prosperity Bank,El Campo,TX,Unanswered,Unanswered,,397378.42,01/20/2021
1908058402,02/02/2021,0677,PPP,CDB PLUMBING INC,1111 Sunland Park Dr,El Paso,TX,79922-1901,09/16/2021,Paid in Full,60,100,394000,394000,0,,58771,Legacy Bank,101 W Main St,HINTON,OK,73047,U,N,N,Existing or more than 2 years old,El Paso,EL PASO,TX,79922-1901,TX-16,30,238220,Unanswered,Unknown/NotStated,1,393997,,,,,,Subchapter S Corporation,58771,Legacy Bank,HINTON,OK,Unanswered,Unanswered,,395904.33,08/17/2021
9097367004,04/09/2020,0681,PPP,"EFFICIENCY AIR, INC",319 EAST MAIN ST,EDNA,TX,77957-2828,12/16/2020,Paid in Full,24,100,392710,392710,0,,69836,NewFirst National Bank,202 E Jackson,EL CAMPO,TX,77437-4414,R,N,N,Existing or more than 2 years old,EDNA,JACKSON,TX,77957-2828,TX-27,36,238220,Unanswered,Not Hispanic or Latino,,392710,,,,,,Subchapter S Corporation,69836,NewFirst National Bank,EL CAMPO,TX,Male Owned,Non-Veteran,,395130.82,11/25/2020
2515057105,04/10/2020,0681,PPP,"HILL COUNTRY PRO HVAC, CORP D.B.A GEMINI",18 INDIAN MEADOWS DR #510,ROUND ROCK,TX,78665-2526,04/14/2021,Paid in Full,24,100,439500,392700,0,,68987,Independent Bank d/b/a Independent Financial,3090 Craig Dr,MCKINNEY,TX,75070-4352,U,N,N,New Business or 2 years or less,ROUND ROCK,WILLIAMSON,TX,78665-2526,TX-31,45,238220,Unanswered,Unknown/NotStated,1400,359164,,10667,,21469,,Corporation,68987,Independent Bank d/b/a Independent Financial,MCKINNEY,TX,Male Owned,Non-Veteran,,396136.12,03/02/2021
8945507106,04/15/2020,0610,PPP,"PRO SERVE PLUMBING, LLC","11255 Camp Bowie W. Suite, 120",ALEDO,TX,76008,05/15/2021,Paid in Full,24,100,391900,391900,0,,71316,PlainsCapital Bank,2911 Turtle Creek Blvd. Suite 700,DALLAS,TX,75219,R,N,N,Existing or more than 2 years old,ALEDO,PARKER,TX,76008-0001,TX-12,27,238220,Unanswered,Unknown/NotStated,2000,370190,,6000,,13710,,Limited  Liability Company(LLC),71316,PlainsCapital Bank,DALLAS,TX,Unanswered,Unanswered,,395612.16,03/31/2021
9870087001,04/09/2020,0681,PPP,"B-N-T PLUMBING, LLC",1300 Universal City Blvd,UNIVERSAL CITY,TX,78148-3349,12/15/2020,Paid in Full,24,100,391600,391600,0,,71727,Broadway National Bank,1177 NE Loop 410,SAN ANTONIO,TX,78209-1517,U,N,N,Existing or more than 2 years old,UNIVERSAL CITY,BEXAR,TX,78148-3349,TX-28,33,238220,Unanswered,Unknown/NotStated,,391600,,,,,,Limited  Liability Company(LLC),71727,Broadway National Bank,SAN ANTONIO,TX,Unanswered,Unanswered,,393775.56,11/03/2020
9549457009,04/09/2020,0671,PPP,"TOM LYNE PLUMBING & IRRIGATION, INC.",18300 KIOWA CV,COLLEGE STATION,TX,77845-8660,01/09/2021,Paid in Full,24,100,391500,391500,0,,71476,"Guaranty Bank & Trust, National Association",100 W Arkansas,MOUNT PLEASANT,TX,75455-4420,U,N,N,Existing or more than 2 years old,COLLEGE STATION,BRAZOS,TX,77845-8660,TX-10,60,238220,White,Not Hispanic or Latino,,391500,,,,,,Corporation,71476,"Guaranty Bank & Trust, National Association",MOUNT PLEASANT,TX,Male Owned,Non-Veteran,,394001.25,12/02/2020
4895607202,04/27/2020,0610,PPP,"DFS FIRE SYSTEMS, LLC",885 E. Collins Blvd Suite 104,Richardson,TX,75189,09/29/2021,Paid in Full,24,100,390300,390300,0,,71977,The American National Bank of Texas,102 W Moore,TERRELL,TX,75160-3129,U,N,N,Existing or more than 2 years old,Richardson,ROCKWALL,TX,75189-0001,TX-04,187,238220,Unanswered,Unknown/NotStated,,390300,,,,,,Limited  Liability Company(LLC),71977,The American National Bank of Texas,TERRELL,TX,Unanswered,Unanswered,,395347.17,08/17/2021
3456037103,04/11/2020,0610,PPP,HERNDON/MCFARLAND INC,4181 Billy Mitchell Drive,Addison,TX,75001-4351,02/09/2021,Paid in Full,24,100,388625,388625,0,,69650,North Dallas Bank and Trust Co,"12900, Preston Rd",Dallas,TX,75230-1312,U,N,Y,Existing or more than 2 years old,Addison,DALLAS,TX,75001-4351,TX-32,30,238220,Unanswered,Unknown/NotStated,,388625,,,,,,Corporation,69650,North Dallas Bank and Trust Co,Dallas,TX,Unanswered,Unanswered,,391582.87,01/20/2021
7169658408,02/11/2021,0610,PPS,G. W. VINES COMPANY,3839 Singleton Blvd,Dallas,TX,75212-3502,07/22/2021,Paid in Full,60,100,387847,387847,0,,455610,Texas Security Bank,1212 Turtle Creek Blvd,DALLAS,TX,75207-6614,U,Y,Y,Existing or more than 2 years old,Dallas,DALLAS,TX,75212-3502,TX-33,31,238220,White,Not Hispanic or Latino,1,387844,,,,,,Subchapter S Corporation,455610,Texas Security Bank,DALLAS,TX,Male Owned,Unanswered,,389258.33,06/30/2021
6401377303,04/30/2020,0678,PPP,"2019 ACQUISITION, LLC",104 S. Dock Road,ODESSA,TX,79762,11/16/2021,Paid in Full,24,100,386410,386410,0,,444341,American Momentum Bank,1 Momentum Blvd,COLLEGE STATION,TX,77845-6199,U,N,N,Unanswered,ODESSA,ECTOR,TX,79762-9733,TX-11,26,238220,Unanswered,Unknown/NotStated,,386410,,,,,,Limited  Liability Company(LLC),444341,American Momentum Bank,COLLEGE STATION,TX,Unanswered,Unanswered,,391959.28,10/06/2021
3154447102,04/11/2020,0610,PPP,"PARAMOUNT PLUMBING, INC.",1005 N. HENDERSON ST,FORT WORTH,TX,76107-1488,04/12/2022,Paid in Full,24,100,386015,386015,0,,72012,Captex Bank,"1301 W 7th St, Ste 201",Fort Worth,TX,76107-2241,U,N,N,Existing or more than 2 years old,FORT WORTH,TARRANT,TX,76107-1488,TX-12,37,238220,White,Not Hispanic or Latino,38602,289511,,57902,,,,Corporation,72012,Captex Bank,Fort Worth,TX,Male Owned,Unanswered,,389306.85,02/26/2021
7864328405,02/12/2021,0610,PPS,CHIP MILLER PLUMBING,408 E Oneal St,Wills Point,TX,75169-3012,10/16/2021,Paid in Full,60,100,385828,385828,0,,71935,The City National Bank of Sulphur Springs,201 Connally St,SULPHUR SPRINGS,TX,75482-2611,R,Y,N,Existing or more than 2 years old,Wills Point,VAN ZANDT,TX,75169-3012,TX-05,38,238220,Unanswered,Unknown/NotStated,1,385825,,,,,,Partnership,71935,The City National Bank of Sulphur Springs,SULPHUR SPRINGS,TX,Unanswered,Unanswered,,387864.31,09/07/2021
3313768403,02/04/2021,0677,PPS,FIVE STAR AUTOMATIC FIRE PROTECTION LLC,3520 Confederate Rd,El Paso,TX,79936-1401,09/25/2021,Paid in Full,60,100,383013.25,383013.25,0,,105986,GECU,1225 Airway Blvd,EL PASO,TX,79925-3620,U,N,N,Existing or more than 2 years old,El Paso,EL PASO,TX,79936-1401,TX-16,50,238220,Unanswered,Hispanic or Latino,,383013.25,,,,,,Corporation,105986,GECU,EL PASO,TX,Male Owned,Unanswered,,385162.38,08/31/2021
6379157005,04/06/2020,0610,PPP,"C & S AIR, INC.",2214 FM 1187 BUILDING 8,MANSFIELD,TX,76063,05/19/2021,Paid in Full,24,100,382830,382830,0,,105536,Susser Bank,"100 Crescent Ct, Ste. 575",DALLAS,TX,75201,U,N,Y,Existing or more than 2 years old,MANSFIELD,TARRANT,TX,76063-0001,TX-06,22,238220,Unanswered,Unknown/NotStated,,382830,,,,,,Corporation,105536,Susser Bank,DALLAS,TX,Unanswered,Unanswered,,386563.9,04/06/2021
6352337806,06/01/2020,0610,PPP,"LIGHTHOUSE PLUMBING & MECHANICAL, LLC",1201 Kas Dr Suite D.,Richardson,TX,75081,02/05/2022,Paid in Full,24,100,382000,382000,0,,71977,The American National Bank of Texas,102 W Moore,TERRELL,TX,75160-3129,U,N,N,Existing or more than 2 years old,Richardson,DALLAS,TX,75081-0001,TX-32,32,238220,Unanswered,Unknown/NotStated,,382000,,,,,,Limited  Liability Company(LLC),71977,The American National Bank of Texas,TERRELL,TX,Unanswered,Unanswered,,388164.33,01/13/2022
9691358708,04/09/2021,0671,PPS,DREAM TEAM LLC,18820 Carrot St,Spring,TX,77379-4943,12/21/2021,Paid in Full,60,100,379917.75,379917.75,0,,451098,Stellar Bank,8727 W Sam Houston Pkwy North,HOUSTON,TX,77040-5167,U,N,N,Existing or more than 2 years old,Spring,HARRIS,TX,77379-4943,TX-02,40,238220,White,Not Hispanic or Latino,,379917.75,,,,,,Limited  Liability Company(LLC),451098,Stellar Bank,HOUSTON,TX,Male Owned,Non-Veteran,,382102.28,11/22/2021
6278958104,07/21/2020,0610,PPP,"COLONY AIR-CONDITIONING AND APPLIANCE SERVICE, INC.",4905 Westport Dr,The Colony,TX,75056,06/05/2021,Paid in Full,60,100,379200,379200,0,,455644,Live Oak Banking Company,1741 Tiburon Dr,WILMINGTON,NC,28403-6244,U,N,N,Existing or more than 2 years old,The Colony,DENTON,TX,75056-0001,TX-26,27,238220,Unanswered,Unknown/NotStated,,379200,,,,,,Subchapter S Corporation,455644,Live Oak Banking Company,WILMINGTON,NC,Unanswered,Unanswered,,382171.27,05/12/2021
9041928308,01/30/2021,0610,PPS,SRS OPERATING CO. LP,11852 FM 2932,Forney,TX,75126-8314,09/30/2021,Paid in Full,60,100,379067.5,379067.5,0,,71330,City Bank,5219 City Bank Pkwy,LUBBOCK,TX,79407-3544,R,N,N,Existing or more than 2 years old,Forney,KAUFMAN,TX,75126-8314,TX-05,24,238220,Unanswered,Unknown/NotStated,,379065.5,,,,,,Partnership,71330,City Bank,LUBBOCK,TX,Unanswered,Unanswered,,381078.66,08/12/2021
4283468007,06/25/2020,0681,PPP,AIR PRO INC,4213 TODD LANE STE C,AUSTIN,TX,78744-1031,02/06/2021,Paid in Full,60,100,375945,375945,0,,70410,Woodforest National Bank,1330 Lake Robbins Dr,THE WOODLANDS,TX,77380-3266,U,N,Y,New Business or 2 years or less,AUSTIN,TRAVIS,TX,78744-1031,TX-35,37,238220,White,Unknown/NotStated,,375945,,,,,,Corporation,70410,Woodforest National Bank,THE WOODLANDS,TX,Male Owned,Non-Veteran,,378033.58,01/20/2021
8219137304,05/01/2020,0671,PPP,"ASHIK ENTERPRISES, INC",13425 ALIEF CLODINE RD,HOUSTON,TX,77082,11/09/2022,Paid in Full,60,100,375000,375000,0,,44449,"PNC Bank, National Association",222 Delaware Ave,WILMINGTON,DE,19801-1621,U,Y,Y,Existing or more than 2 years old,HOUSTON,HARRIS,TX,77082-5103,TX-07,29,238220,Unanswered,Unknown/NotStated,,375000,,,,,,Subchapter S Corporation,760,First Source Federal Credit Union,Rome,NY,Unanswered,Unanswered,,133435.8,04/08/2022
2514747109,04/10/2020,0671,PPP,"BOB'S AIR CONDITIONING & HEATING, INC.",305 HOUSTON AVE,LEAGUE CITY,TX,77573-2137,07/17/2021,Paid in Full,24,100,374300,374300,0,,71999,Texas First Bank,3232 Palmer Hwy,TEXAS CITY,TX,77590-6724,U,N,N,Existing or more than 2 years old,LEAGUE CITY,GALVESTON,TX,77573-2137,TX-14,27,238220,Unanswered,Unknown/NotStated,6500,354850,,9200,,,3750,Corporation,71999,Texas First Bank,TEXAS CITY,TX,Unanswered,Unanswered,,377959.82,03/30/2021
2236027801,05/22/2020,0681,PPP,"GUARANTEE PLUMBING & AIR CONDITIONING, INC.",4848 Whirlwind Dr,San Antonio,TX,78217-3715,03/17/2021,Paid in Full,24,100,372795,372795,0,,223542,Celtic Bank Corporation,"268 S State St, Ste 300",SALT LAKE CITY,UT,84111-5314,U,Y,Y,Unanswered,San Antonio,BEXAR,TX,78217-3715,TX-35,31,238220,White,Not Hispanic or Latino,,372795,,,,,,Corporation,223542,Celtic Bank Corporation,SALT LAKE CITY,UT,Female Owned,Non-Veteran,,375601.32,02/24/2021
8753948307,01/30/2021,0671,PPS,PLUMBING ACEE INC.,2230 County Road 124,Pearland,TX,77581-8206,01/20/2022,Paid in Full,60,100,370750,370750,0,,451098,Stellar Bank,8727 W Sam Houston Pkwy North,HOUSTON,TX,77040-5167,U,N,N,Existing or more than 2 years old,Pearland,BRAZORIA,TX,77581-8206,TX-22,32,238220,Unanswered,Unknown/NotStated,1,370746,,,,,,Corporation,451098,Stellar Bank,HOUSTON,TX,Unanswered,Unanswered,,374200.03,01/06/2022
6390058410,02/10/2021,0610,PPS,LIGHTHOUSE PLUMBING & MECHANICAL LLC,1201 Kas Dr Ste D,Richardson,TX,75081-1965,10/06/2022,Paid in Full,60,100,370713,370713,0,,71977,The American National Bank of Texas,102 W Moore,TERRELL,TX,75160-3129,U,N,N,Existing or more than 2 years old,Richardson,DALLAS,TX,75081-1965,TX-32,26,238220,Unanswered,Unknown/NotStated,1,370707,,,,,,Limited  Liability Company(LLC),71977,The American National Bank of Texas,TERRELL,TX,Unanswered,Unanswered,,376553,09/19/2022
7875027005,04/08/2020,0681,PPP,DEL RIO COMFORT TECH LTD,111 E GARFIELD ST,DEL RIO,TX,78840-5560,03/12/2021,Paid in Full,24,100,370047.5,370047.5,0,,69705,"The Bank & Trust, SSB",1200 Veterans Blvd,DEL RIO,TX,78840-3972,U,Y,N,Existing or more than 2 years old,DEL RIO,VAL VERDE,TX,78840-5560,TX-23,28,238220,Unanswered,Unknown/NotStated,10810.5,296038,,3000,,60199,,Limited Liability Partnership,69705,"The Bank & Trust, SSB",DEL RIO,TX,Unanswered,Unanswered,,373230.92,02/19/2021
8205227001,04/08/2020,0671,PPP,"J & S MECHANICAL CONTRACTORS, INC",2111 W 34TH ST,HOUSTON,TX,77018-6002,02/24/2021,Paid in Full,24,100,369100,369100,0,,71783,Frost Bank,111 W Houston St,SAN ANTONIO,TX,78205-1414,U,N,N,Existing or more than 2 years old,HOUSTON,HARRIS,TX,77018-6002,TX-18,27,238220,Unanswered,Not Hispanic or Latino,,369100,,,,,,Corporation,71783,Frost Bank,SAN ANTONIO,TX,Male Owned,Non-Veteran,,370541.22,11/10/2020
6334457106,04/14/2020,0610,PPP,"SRS OPERATING CO., LP",11852 FM 2932,FORNEY,TX,75126-8314,02/23/2021,Paid in Full,24,100,369000,369000,0,,71330,City Bank,5219 City Bank Pkwy,LUBBOCK,TX,79407-3544,R,N,N,Existing or more than 2 years old,FORNEY,KAUFMAN,TX,75126-8314,TX-05,29,238220,Unanswered,Unknown/NotStated,36900,295200,,36900,,,,Partnership,71330,City Bank,LUBBOCK,TX,Unanswered,Unanswered,,371890.5,01/28/2021
7265407004,04/07/2020,0610,PPP,"SUMMIT MECHANICAL, LLC",5200 COUNTY ROAD 31100,SUMNER,TX,75486-5729,12/05/2020,Paid in Full,24,100,367500,367500,0,,71573,Lamar National Bank,200 S Collegiate Dr,PARIS,TX,75460-6303,R,N,N,Existing or more than 2 years old,SUMNER,LAMAR,TX,75486-5729,TX-04,19,238220,White,Not Hispanic or Latino,,367500,,,,,,Limited  Liability Company(LLC),71573,Lamar National Bank,PARIS,TX,Male Owned,Non-Veteran,,369551.88,11/03/2020
4817657004,04/04/2020,0610,PPP,CENTRAL TEXAS PLUMBING SOLUTIONS,307 Lake Air Dr,WACO,TX,76710-5835,03/12/2021,Paid in Full,24,100,367400,367400,0,,71367,First National Bank of Central Texas,1835 N Valley Mills Dr,WACO,TX,76710-2556,U,Y,Y,Existing or more than 2 years old,WACO,MCLENNAN,TX,76710-5835,TX-17,43,238220,Unanswered,Unknown/NotStated,,275550,,91850,,,,Limited  Liability Company(LLC),71367,First National Bank of Central Texas,WACO,TX,Unanswered,Unanswered,,369511.28,02/12/2021
5834927107,04/14/2020,0610,PPP,"GEO-SYSTEMS USA, LLC",2435 DILLARD ST,GRAND PRAIRIE,TX,75051-1004,05/19/2021,Paid in Full,24,100,366600,366600,0,,4282,Arvest Bank,75 N East Ave,FAYETTEVILLE,AR,72701-6171,U,Y,Y,Existing or more than 2 years old,GRAND PRAIRIE,TARRANT,TX,75051-1004,TX-33,23,238220,Unanswered,Unknown/NotStated,,366600,,,,,,Limited  Liability Company(LLC),4282,Arvest Bank,FAYETTEVILLE,AR,Unanswered,Unanswered,,370255.82,04/12/2021
2949277708,05/01/2020,0681,PPP,ZUBIE AIR INC DBA ONE HOUR HEATING &AMP; AIR CONDITIONING,9710 N Interstate 35,San Antonio,TX,78233,08/20/2021,Paid in Full,24,100,366090,366090,0,,48270,"JPMorgan Chase Bank, National Association",1111 Polaris Pkwy,COLUMBUS,OH,43240-2031,U,Y,Y,Existing or more than 2 years old,San Antonio,BEXAR,TX,78233-2200,TX-28,40,238220,Unanswered,Hispanic or Latino,,366090,,,,,,Subchapter S Corporation,194093,"JPMorgan Chase Bank, National Association",CHICAGO,IL,Male Owned,Non-Veteran,,370385.25,07/07/2021
4703797710,05/01/2020,0671,PPP,ALMIKA ENERGY LLC,1885 DART,HOUSTON,TX,77007,06/16/2020,Charged Off,4,100,365320,365320,0,,12096,"Wells Fargo Bank, National Association",101 N Philips Ave,SIOUX FALLS,SD,57104-6738,U,N,N,New Business or 2 years or less,HOUSTON,HARRIS,TX,77007-0001,TX-38,58,238220,Unanswered,Unknown/NotStated,,365320,,,,,,Limited  Liability Company(LLC),12096,"Wells Fargo Bank, National Association",SIOUX FALLS,SD,Unanswered,Unanswered,,,
6900817004,04/07/2020,0671,PPP,"STRICKLAND PLUMBING & HVAC, INC.",1510 ATKINSON DR,LUFKIN,TX,75901-3166,02/26/2021,Paid in Full,24,100,362600,362600,0,,71501,"Commercial Bank of Texas, N.A.",215 E Main St,NACOGDOCHES,TX,75961-5257,R,Y,Y,Existing or more than 2 years old,LUFKIN,ANGELINA,TX,75901-3166,TX-17,49,238220,Unanswered,Unknown/NotStated,72516,290084,,,,,,Subchapter S Corporation,71501,"Commercial Bank of Texas, N.A.",NACOGDOCHES,TX,Unanswered,Unanswered,,364779.84,02/16/2021
6673827006,04/07/2020,0610,PPP,"THE AC HERO, LLC","7305 Boulevard 26, Suite 208",NORTH RICHLAND HILLS,TX,76180,07/14/2021,Paid in Full,24,100,361800,361800,0,,223542,Celtic Bank Corporation,"268 S State St, Ste 300",SALT LAKE CITY,UT,84111-5314,U,N,N,Existing or more than 2 years old,NORTH RICHLAND HILLS,TARRANT,TX,76180-0100,TX-24,28,238220,Unanswered,Not Hispanic or Latino,90450,271350,,,,,,Limited  Liability Company(LLC),223542,Celtic Bank Corporation,SALT LAKE CITY,UT,Unanswered,Unanswered,,365992.92,06/08/2021
7593818603,03/24/2021,0610,PPS,THE AC HERO LLC,7305 Boulevard 26 Ste 208,North Richland Hills,TX,76180-8623,05/18/2022,Paid in Full,60,100,361800,361800,0,,223542,Celtic Bank Corporation,"268 S State St, Ste 300",SALT LAKE CITY,UT,84111-5314,U,N,N,Existing or more than 2 years old,North Richland Hills,TARRANT,TX,76180-8623,TX-24,35,238220,Unanswered,Unknown/NotStated,1,361795,,,,,,Limited  Liability Company(LLC),223542,Celtic Bank Corporation,SALT LAKE CITY,UT,Unanswered,Unanswered,,365517.12,04/20/2022
5147827709,05/01/2020,0671,PPP,TSB PLUMBING SERVICES INC,2531 SPRING CREEK DR,SPRING,TX,77373-6134,03/17/2021,Paid in Full,24,100,360452,360452,0,,9551,"Bank of America, National Association","100 N Tryon St, Ste 170",CHARLOTTE,NC,28202-4024,U,N,N,New Business or 2 years or less,SPRING,HARRIS,TX,77373-6134,TX-02,20,238220,Unanswered,Unknown/NotStated,,360452,,,,,,Corporation,9551,"Bank of America, National Association",CHARLOTTE,NC,Unanswered,Unanswered,,363157.86,02/03/2021
7411907109,04/14/2020,0610,PPP,"ADVANTIS SERVICES, INC.",4250 SPRING VALLEY ROAD,FARMERS BRANCH,TX,75244,06/15/2021,Paid in Full,24,100,360030,360030,0,,39848,Cadence Bank,201 S Spring St,TUPELO,MS,38804-4811,U,N,N,New Business or 2 years or less,FARMERS BRANCH,DALLAS,TX,75244-0001,TX-24,28,238220,Unanswered,Unknown/NotStated,,360030,,,,,,Corporation,39848,Cadence Bank,TUPELO,MS,Unanswered,Unanswered,,364030.33,05/27/2021
3943427208,04/27/2020,0671,PPP,"MR. CHILL HEATING AND AIR, INC.",22815 Commercial Lane,Tomball,TX,77375-6968,07/15/2021,Paid in Full,24,100,359000,359000,0,,106516,First Community CU,15260 FM 529,HOUSTON,TX,77095-3252,U,N,N,Existing or more than 2 years old,Tomball,HARRIS,TX,77375-6968,TX-10,23,238220,Unanswered,Unknown/NotStated,,359000,,,,,,Corporation,106516,First Community CU,HOUSTON,TX,Unanswered,Unanswered,,363091.62,06/22/2021
1348107202,04/15/2020,0671,PPP,TRUSS & SON PLUMBING INC,2204 N JOHN REDDITT DR,LUFKIN,TX,75904-1776,12/12/2020,Paid in Full,24,100,356600,356600,0,,71501,"Commercial Bank of Texas, N.A.",215 E Main St,NACOGDOCHES,TX,75961-5257,R,Y,N,Existing or more than 2 years old,LUFKIN,ANGELINA,TX,75904-1776,TX-17,35,238220,Unanswered,Unknown/NotStated,35626,285348,35626,,,,,Corporation,71501,"Commercial Bank of Texas, N.A.",NACOGDOCHES,TX,Unanswered,Unanswered,,358632.13,11/12/2020
1620597100,04/10/2020,0610,PPP,"NATIONAL NETWORK SERVICES, INC.",389 WEST ROCK ISLAND RD,GRAND PRAIRIE,TX,75050-6518,07/09/2021,Paid in Full,24,100,356500,356500,0,,68987,Independent Bank d/b/a Independent Financial,3090 Craig Dr,MCKINNEY,TX,75070-4352,U,Y,Y,Existing or more than 2 years old,GRAND PRAIRIE,DALLAS,TX,75050-6518,TX-06,35,238220,Unanswered,Not Hispanic or Latino,7217.76,330398.98,,,,18883.26,,Corporation,68987,Independent Bank d/b/a Independent Financial,MCKINNEY,TX,Male Owned,Non-Veteran,,360649.26,06/15/2021
5385787106,04/13/2020,0610,PPP,"JACOBS-CATHEY PERRYMAN, INC.",600 JEWELL DRIVE,WACO,TX,76712-6615,03/19/2022,Paid in Full,24,100,355840,355840,0,,188567,Loan Source Incorporated,353 East 83rd Street Suite 3H,NEW YORK,NY,10028,U,N,N,New Business or 2 years or less,WACO,MCLENNAN,TX,76712-6615,TX-17,38,238220,Unanswered,Unknown/NotStated,,355840,,,,,,Corporation,39848,Cadence Bank,TUPELO,MS,Unanswered,Unanswered,,362332.86,02/17/2022
7873667909,06/17/2020,0671,PPP,STRATEGIC HVAC & INSULATION LLC,8907 STERLING POINT LN,HOUSTON,TX,77044,08/21/2021,Paid in Full,60,100,355390,355390,0,,48270,"JPMorgan Chase Bank, National Association",1111 Polaris Pkwy,COLUMBUS,OH,43240-2031,U,N,N,Existing or more than 2 years old,HOUSTON,HARRIS,TX,77044-0001,TX-29,20,238220,Unanswered,Unknown/NotStated,0,355390,0,0,0,0,0,Limited  Liability Company(LLC),194093,"JPMorgan Chase Bank, National Association",CHICAGO,IL,Unanswered,Unanswered,,359250.13,07/26/2021
8192307001,04/08/2020,0681,PPP,LANE WEATHER MART INC,3909 N CHADBOURNE ST,SAN ANGELO,TX,76903-2131,05/20/2021,Paid in Full,24,100,355179,355179,0,,68922,First Financial Bank,400 Pine St,ABILENE,TX,79601-5108,U,N,N,Existing or more than 2 years old,SAN ANGELO,TOM GREEN,TX,76903-2131,TX-11,25,238220,Unanswered,Unknown/NotStated,88794.75,266384.25,,,,,,Subchapter S Corporation,68922,First Financial Bank,ABILENE,TX,Unanswered,Unanswered,,358928.11,04/29/2021
8949237105,04/15/2020,0610,PPP,COOPER & MOORE INC,10430 SHADY TRAIL #100,DALLAS,TX,75220-2525,12/17/2020,Paid in Full,24,100,354915,354915,0,,4679,Simmons Bank,501 Main St,PINE BLUFF,AR,71601-4327,U,N,Y,Existing or more than 2 years old,DALLAS,DALLAS,TX,75220-2525,TX-33,27,238220,Unanswered,Not Hispanic or Latino,,354915,,,,,,Limited  Liability Company(LLC),71902,Simmons Bank,COLLEGE STATION,TX,Male Owned,Unanswered,,356850.02,11/03/2020
6460527104,04/14/2020,0671,PPP,"PLUMBING SPECIALTIES, LLC",1570 SOUTH ST,BEAUMONT,TX,77701-2033,04/20/2021,Paid in Full,24,100,419797,353490,0,,451098,Stellar Bank,8727 W Sam Houston Pkwy North,HOUSTON,TX,77040-5167,U,Y,Y,Existing or more than 2 years old,BEAUMONT,JEFFERSON,TX,77701-2033,TX-14,24,238220,White,Not Hispanic or Latino,,353490,,,,,,Limited  Liability Company(LLC),451098,Stellar Bank,HOUSTON,TX,Male Owned,Non-Veteran,,356749.96,03/29/2021
6960158408,02/11/2021,0671,PPS,J D PRECISION PLUMBING SERVICES INC,6134 Canyon Creek Ln,Conroe,TX,77304-4664,11/16/2021,Paid in Full,60,100,353242,353242,0,,68922,First Financial Bank,400 Pine St,ABILENE,TX,79601-5108,U,N,N,Existing or more than 2 years old,Conroe,MONTGOMERY,TX,77304-4664,TX-08,32,238220,Unanswered,Not Hispanic or Latino,,353242,,,,,,Corporation,68922,First Financial Bank,ABILENE,TX,Male Owned,Non-Veteran,,355606.76,10/25/2021
7021997010,04/07/2020,0671,PPP,JD PRECISION PLUMBING SERVICES,15487 PIN OAK DR,CONROE,TX,77384-3549,03/24/2021,Paid in Full,24,100,353242,353242,0,,68922,First Financial Bank,400 Pine St,ABILENE,TX,79601-5108,U,N,N,Existing or more than 2 years old,CONROE,MONTGOMERY,TX,77384-3549,TX-08,33,238220,Unanswered,Not Hispanic or Latino,88310.5,264931.5,,,,,,Corporation,68922,First Financial Bank,ABILENE,TX,Male Owned,Non-Veteran,,355625.37,02/16/2021
6017177210,04/27/2020,0610,PPP,TRUDELA MES LLC,8900 John Carpenter Freeway,Dallas,TX,75247,06/09/2021,Paid in Full,24,100,352622,352622,0,,233198,Emigrant Bank,201 S Biscayne Boulevard Ste 1120,Miami,FL,33131,U,Y,Y,New Business or 2 years or less,Dallas,DALLAS,TX,75247-0001,TX-33,29,238220,Unanswered,Unknown/NotStated,,352622,,,,,,Limited  Liability Company(LLC),48902,Emigrant Bank,New York,NY,Unanswered,Unanswered,,356244.83,05/17/2021
3744388300,01/22/2021,0681,PPS,SAN MARCOS AIR CONDITIONING INC,3500 N State Highway 123,San Marcos,TX,78666-9711,08/21/2021,Paid in Full,60,100,349992.5,349992.5,0,,26378,Sunflower Bank National Association,"8117 Preston Rd, Ste 220",Dallas,TX,75225,R,Y,Y,Existing or more than 2 years old,San Marcos,HAYS,TX,78666-9711,TX-15,36,238220,Unanswered,Unknown/NotStated,1,349990.5,,,,,,Corporation,447412,Sunflower Bank National Association,Austin,TX,Female Owned,Veteran,,351645.24,07/14/2021
1066247309,04/28/2020,0681,PPP,"SAN MARCOS AIR CONDITIONING, INC",3500 STATE HIGHWAY 123,SAN MARCOS,TX,78666-9711,01/22/2021,Paid in Full,24,100,349900,349900,0,,26378,Sunflower Bank National Association,"8117 Preston Rd, Ste 220",Dallas,TX,75225,R,Y,Y,Existing or more than 2 years old,SAN MARCOS,HAYS,TX,78666-9711,TX-15,38,238220,Unanswered,Unknown/NotStated,,349900,,,,,,Corporation,447412,Sunflower Bank National Association,Austin,TX,Male Owned,Non-Veteran,,352086.88,12/17/2020
3948017104,04/12/2020,0610,PPP,"A C CONTRACTORS, LLC",3830 GILMER RD,LONGVIEW,TX,75604-1173,02/18/2022,Paid in Full,24,100,349202.5,349202.5,0,,188567,Loan Source Incorporated,353 East 83rd Street Suite 3H,NEW YORK,NY,10028,U,N,N,New Business or 2 years or less,LONGVIEW,GREGG,TX,75604-1173,TX-01,32,238220,Unanswered,Unknown/NotStated,,349202.5,,,,,,Limited  Liability Company(LLC),39848,Cadence Bank,TUPELO,MS,Unanswered,Unanswered,,353565.14,07/22/2021
5330667206,04/27/2020,0610,PPP,REED PLUMBING INC,610 NORTH RD,KENNEDALE,TX,76060-4210,07/08/2021,Paid in Full,24,100,349200,349200,0,,70535,Pinnacle Bank,"250, W Lancaster Ave, Ste 170",Fort Worth,TX,76102,U,Y,Y,Existing or more than 2 years old,KENNEDALE,TARRANT,TX,76060-4210,TX-25,34,238220,Unanswered,Unknown/NotStated,,349200,,,,,,Corporation,70535,Pinnacle Bank,Fort Worth,TX,Unanswered,Unanswered,,353012.1,06/02/2021
3980837201,04/27/2020,0610,PPP,"EASTERN MECHANICAL CONTRACTORS, INC",3845 North Forney Rd,Mesquite,TX,75149,02/05/2022,Paid in Full,24,100,348700,348700,0,,71977,The American National Bank of Texas,102 W Moore,TERRELL,TX,75160-3129,U,N,Y,Existing or more than 2 years old,Mesquite,DALLAS,TX,75149-0001,TX-32,35,238220,White,Not Hispanic or Latino,,348700,,,,,,Corporation,71977,The American National Bank of Texas,TERRELL,TX,Male Owned,Veteran,,354518.04,01/04/2022
1479527101,04/10/2020,0610,PPP,HAWK PLUMBING HEATING AND AIR CONDITIONING,8506 SPRING STREET,FORT WORTH,TX,76179-2929,02/06/2021,Paid in Full,24,100,348405,348405,0,,368915,Veritex Community Bank,8214 Westchester Dr Ste 800,Dallas,TX,75225,U,N,N,Existing or more than 2 years old,FORT WORTH,TARRANT,TX,76179-2929,TX-12,30,238220,Unanswered,Unknown/NotStated,34840.5,278724,,34840.5,,,,Corporation,368915,Veritex Community Bank,Dallas,TX,Unanswered,Unanswered,,350991.79,01/13/2021
1471267101,04/10/2020,0681,PPP,SCHMIDT MECHANICAL GROUP INC,10927 WYE DR,SAN ANTONIO,TX,78217-2613,12/19/2020,Paid in Full,24,100,346000,346000,0,,71783,Frost Bank,111 W Houston St,SAN ANTONIO,TX,78205-1414,U,Y,Y,Existing or more than 2 years old,SAN ANTONIO,BEXAR,TX,78217-2613,TX-35,25,238220,White,Not Hispanic or Latino,,346000,,,,,,Subchapter S Corporation,71783,Frost Bank,SAN ANTONIO,TX,Male Owned,Non-Veteran,,347857.97,11/03/2020
8534777003,04/08/2020,0671,PPP,COUGAR HOLDINGS LLC,"14824 STATE HIGHWAY 249, Ste 150",HOUSTON,TX,77086-1634,02/16/2021,Paid in Full,24,100,345300,345300,0,,68966,Amarillo National Bank,410 S Taylor St,AMARILLO,TX,79101-1555,U,Y,Y,Existing or more than 2 years old,HOUSTON,HARRIS,TX,77086-1634,TX-18,29,238220,White,Unknown/NotStated,,345300,,,,,,Limited  Liability Company(LLC),68966,Amarillo National Bank,AMARILLO,TX,Male Owned,Non-Veteran,,348052.81,01/25/2021
9914257007,04/09/2020,0610,PPP,"COTE'S MECHANICAL, LLC",6947 CHISUM RD,SANGER,TX,76266-2957,10/09/2021,Paid in Full,24,100,321141.67,344554,0,,71596,Pointbank,200 S Hwy 377,PILOT POINT,TX,76258-4357,U,N,N,Existing or more than 2 years old,SANGER,DENTON,TX,76266-2957,TX-13,29,238220,Unanswered,Unknown/NotStated,,344554,,,,,,Limited  Liability Company(LLC),71596,Pointbank,PILOT POINT,TX,Male Owned,Unanswered,,349195.34,08/18/2021
8132147010,04/08/2020,0610,PPP,"M & W BIO, INC.",1320 Ford St,IRVING,TX,75061-5704,06/07/2024,Paid in Full,60,100,343695,343695,0,,44449,"PNC Bank, National Association",222 Delaware Ave,WILMINGTON,DE,19801-1621,U,Y,Y,Existing or more than 2 years old,IRVING,DALLAS,TX,75061-5704,TX-06,20,238220,Unanswered,Unknown/NotStated,3695,330000,,10000,,,,Corporation,760,First Source Federal Credit Union,Rome,NY,Female Owned,Non-Veteran,,325199.28,02/25/2022
7542427205,04/28/2020,0610,PPP,TRI-STAR LEGACY INC,4600 Marsalis St,Fort Worth,TX,76117,02/05/2022,Paid in Full,24,100,343200,343200,0,,71977,The American National Bank of Texas,102 W Moore,TERRELL,TX,75160-3129,U,N,Y,Existing or more than 2 years old,Fort Worth,TARRANT,TX,76117-0001,TX-12,22,238220,Unanswered,Unknown/NotStated,,343200,,,,,,Corporation,71977,The American National Bank of Texas,TERRELL,TX,Unanswered,Unanswered,,348907.46,01/04/2022
1353927108,04/10/2020,0681,PPP,"BOLIN PLUMBING, LTD.",13407 WESTERN OAK DR,HELOTES,TX,78023-4320,09/29/2021,Paid in Full,24,100,340100,340100,0,,71783,Frost Bank,111 W Houston St,SAN ANTONIO,TX,78205-1414,U,N,N,Existing or more than 2 years old,HELOTES,BEXAR,TX,78023-4320,TX-23,31,238220,Unanswered,Unknown/NotStated,,340100,,,,,,Partnership,71783,Frost Bank,SAN ANTONIO,TX,Unanswered,Unanswered,,344544.59,08/11/2021
2475428306,01/20/2021,0681,PPS,LANTZ'S LAKESIDE PLUMBING LLC,8005 Bar K Ranch Rd,Lago Vista,TX,78645-4697,08/17/2021,Paid in Full,60,100,339722,339722,0,,69949,Security State Bank & Trust,201 W Main St,FREDERICKSBURG,TX,78624-3709,U,N,N,Existing or more than 2 years old,Lago Vista,TRAVIS,TX,78645-4697,TX-10,38,238220,White,Not Hispanic or Latino,,339722,,,,,,Limited  Liability Company(LLC),69949,Security State Bank & Trust,FREDERICKSBURG,TX,Male Owned,Non-Veteran,,341562.16,08/11/2021
4889837009,04/04/2020,0681,PPP,LANTZ'S LAKESIDE PLUMBING LLC,8005 BAR K RANCH ROAD,LAGO VISTA,TX,78645-4405,02/17/2021,Paid in Full,24,100,339700,339700,0,,69949,Security State Bank & Trust,201 W Main St,FREDERICKSBURG,TX,78624-3709,U,N,N,Existing or more than 2 years old,LAGO VISTA,TRAVIS,TX,78645-4405,TX-10,45,238220,White,Not Hispanic or Latino,350,335350,,4000,,,,Limited  Liability Company(LLC),69949,Security State Bank & Trust,FREDERICKSBURG,TX,Male Owned,Non-Veteran,,341766.51,11/19/2020
3503277109,04/11/2020,0671,PPP,"MCCAW CABINETRY, LLC.",1430 NALL ST,PORT NECHES,TX,77651-2943,02/20/2021,Paid in Full,24,100,338200,338200,0,,454766,Third Coast Bank,"20202 Hwy 59 North, Ste 190",Humble,TX,77338,U,N,N,Existing or more than 2 years old,PORT NECHES,JEFFERSON,TX,77651-2943,TX-14,36,238220,Unanswered,Unknown/NotStated,,338200,,,,,,Limited  Liability Company(LLC),454766,Third Coast Bank,Humble,TX,Unanswered,Unanswered,,340251.7,02/12/2021
5039477104,04/13/2020,0671,PPP,"EASY AIRE, INC.",239 RIVER GROVE RD,SUGAR LAND,TX,77478-4749,08/20/2021,Paid in Full,23,100,337800,337800,0,,71783,Frost Bank,111 W Houston St,SAN ANTONIO,TX,78205-1414,U,N,N,Existing or more than 2 years old,SUGAR LAND,FORT BEND,TX,77478-4749,TX-22,38,238220,Unanswered,Unknown/NotStated,,337800,,,,,,Corporation,71783,Frost Bank,SAN ANTONIO,TX,Male Owned,Veteran,,342001.68,07/21/2021
4858407006,04/04/2020,0610,PPP,"GENESIS FIRE PROTECTION, INC.",330 W SIMONDS RD,SEAGOVILLE,TX,75159-2710,02/17/2021,Paid in Full,24,100,336900,336900,0,,71871,HomeBank Texas,601 N Hwy 175,SEAGOVILLE,TX,75159-1832,U,N,Y,Existing or more than 2 years old,SEAGOVILLE,DALLAS,TX,75159-2710,TX-05,30,238220,White,Not Hispanic or Latino,,336900,,,,,,Corporation,71871,HomeBank Texas,SEAGOVILLE,TX,Female Owned,Unanswered,,339473.54,01/14/2021
5687967009,04/06/2020,0677,PPP,"SUNTECH MECHANICAL, INC.",7505 ALAMEDA AVE,EL PASO,TX,79915-3713,12/12/2020,Paid in Full,24,100,336900,336900,0,,71330,City Bank,5219 City Bank Pkwy,LUBBOCK,TX,79407-3544,U,Y,Y,Existing or more than 2 years old,EL PASO,EL PASO,TX,79915-3713,TX-16,43,238220,White,Hispanic or Latino,33690,269520,33690,,,,,Corporation,71330,City Bank,LUBBOCK,TX,Male Owned,Non-Veteran,,338949.48,11/19/2020
7274827101,04/14/2020,0671,PPP,"TEXAS DRAIN TECHNOLOGIES, INC.",4918 PINEMONT DR,HOUSTON,TX,77092-3547,01/21/2021,Paid in Full,24,100,335900,335900,0,,454766,Third Coast Bank,"20202 Hwy 59 North, Ste 190",Humble,TX,77338,U,N,N,Existing or more than 2 years old,HOUSTON,HARRIS,TX,77092-3547,TX-18,25,238220,Unanswered,Unknown/NotStated,,335900,,,,,,Corporation,454766,Third Coast Bank,Humble,TX,Male Owned,Unanswered,,338228.29,12/31/2020
7929807108,04/14/2020,0610,PPP,CHIP MILLER PLUMBING LLC,408 E O'Neal St.,WILLS POINT,TX,75169,12/19/2020,Paid in Full,24,100,335847.5,335847.5,0,,71935,The City National Bank of Sulphur Springs,201 Connally St,SULPHUR SPRINGS,TX,75482-2611,R,N,N,Existing or more than 2 years old,WILLS POINT,VAN ZANDT,TX,75169-0001,TX-05,38,238220,Unanswered,Unknown/NotStated,,335847.5,,,,,,Partnership,71935,The City National Bank of Sulphur Springs,SULPHUR SPRINGS,TX,Unanswered,Unanswered,,337806.61,11/23/2020
4989277200,04/27/2020,0671,PPP,"ABERLE PLUMBING, LLC",13141 KINSMAN RD,HOUSTON,TX,77049,01/12/2021,Paid in Full,24,100,335380,335380,0,,70410,Woodforest National Bank,1330 Lake Robbins Dr,THE WOODLANDS,TX,77380-3266,U,N,Y,New Business or 2 years or less,HOUSTON,HARRIS,TX,77049-0001,TX-02,29,238220,Unanswered,Unknown/NotStated,,335380,,,,,,Limited  Liability Company(LLC),70410,Woodforest National Bank,THE WOODLANDS,TX,Unanswered,Unanswered,,337121.66,02/12/2021
9140367000,04/09/2020,0671,PPP,BAC TRAC PLUMBING LP,2015 Firnat 0.0,Houston,TX,77093-0560,08/20/2021,Paid in Full,24,100,335116,335116,0,,48270,"JPMorgan Chase Bank, National Association",1111 Polaris Pkwy,COLUMBUS,OH,43240-2031,U,N,Y,Existing or more than 2 years old,Houston,HARRIS,TX,77093-0001,TX-29,43,238220,Unanswered,Unknown/NotStated,0,335116,0,0,0,0,0,Subchapter S Corporation,194093,"JPMorgan Chase Bank, National Association",CHICAGO,IL,Unanswered,Unanswered,,339449.24,07/29/2021
9721397007,04/09/2020,0671,PPP,TW MECHANICAL LLC,1005 AIRLINE DR Suite A,KATY,TX,77493-2529,12/24/2020,Paid in Full,24,100,332100,332100,0,,71783,Frost Bank,111 W Houston St,SAN ANTONIO,TX,78205-1414,U,N,N,Existing or more than 2 years old,KATY,HARRIS,TX,77493-2529,TX-10,39,238220,Unanswered,Hispanic or Latino,,332100,,,,,,Limited  Liability Company(LLC),71783,Frost Bank,SAN ANTONIO,TX,Female Owned,Non-Veteran,,334074.4,11/23/2020
5085788307,01/25/2021,0610,PPS,COOL AIR MECHANICAL,10931 Dennis Rd,Dallas,TX,75229-3646,07/14/2021,Paid in Full,60,100,331198,331198,0,,2408,Regions Bank,1900 Fifth Avenue North,BIRMINGHAM,AL,35203,U,Y,Y,Existing or more than 2 years old,Dallas,DALLAS,TX,75229-3646,TX-33,39,238220,American Indian or Alaska Native,Not Hispanic or Latino,1,331197,,,,,,Limited  Liability Company(LLC),2408,Regions Bank,BIRMINGHAM,AL,Male Owned,Unanswered,,332432.05,06/15/2021
2494687106,04/10/2020,0671,PPP,"THERMACON SERVICE COMPANY, INC.",255 Interstate 10 South,BEAUMONT,TX,77702,09/23/2021,Paid in Full,60,100,330200,330200,0,,72601,"Zions Bank, A Division of",1 S Main St,SALT LAKE CITY,UT,84133-1109,U,Y,N,Existing or more than 2 years old,BEAUMONT,JEFFERSON,TX,77702-1000,TX-36,26,238220,White,Not Hispanic or Latino,,330200,,,,,,Corporation,72601,"Zions Bank, A Division of",SALT LAKE CITY,UT,Male Owned,Non-Veteran,,334614.73,08/17/2021
9902838602,03/26/2021,0678,PPS,2019 ACQUISITION LLC,104 S Dock Rd,Odessa,TX,79762-9733,05/12/2022,Paid in Full,60,100,330060,330060,0,,444341,American Momentum Bank,1 Momentum Blvd,COLLEGE STATION,TX,77845-6199,U,N,N,Existing or more than 2 years old,Odessa,ECTOR,TX,79762-9733,TX-11,28,238220,Unanswered,Unknown/NotStated,,330060,,,,,,Limited  Liability Company(LLC),444341,American Momentum Bank,COLLEGE STATION,TX,Male Owned,Non-Veteran,,333516.46,04/12/2022
6115747001,04/06/2020,0610,PPP,"WELLBORN MECHANICAL SERVICES, INC.",2403 S. EASTMAN RD,LONGVIEW,TX,75602-4511,01/14/2021,Paid in Full,24,100,329705,329705,0,,70840,Texas Bank and Trust Company,300 E Whaley,LONGVIEW,TX,75601-6417,U,Y,Y,Existing or more than 2 years old,LONGVIEW,GREGG,TX,75602-4511,TX-01,37,238220,Unanswered,Unknown/NotStated,,329705,,,,,,Corporation,70840,Texas Bank and Trust Company,LONGVIEW,TX,Unanswered,Unanswered,,331680.7,02/16/2021
6399147108,04/14/2020,0671,PPP,"MECHANICAL 360 A/C AND HEATING, LLC",9940 CYPRESS CREEK PKWY,HOUSTON,TX,77070-6006,07/17/2021,Paid in Full,24,100,426062,328896,0,,451098,Stellar Bank,8727 W Sam Houston Pkwy North,HOUSTON,TX,77040-5167,U,N,N,Existing or more than 2 years old,HOUSTON,HARRIS,TX,77070-6006,TX-38,24,238220,Unanswered,Unknown/NotStated,,328896,,,,,,Limited  Liability Company(LLC),451098,Stellar Bank,HOUSTON,TX,Male Owned,Unanswered,,332614.35,06/10/2021
4248107100,04/13/2020,0610,PPP,"SAMMS HEATING AND AIR CONDITIONING, LP",250 CHISHOLM PL,PLANO,TX,75075-6927,11/11/2021,Paid in Full,24,100,326800,326800,0,,71977,The American National Bank of Texas,102 W Moore,TERRELL,TX,75160-3129,U,N,N,Existing or more than 2 years old,PLANO,COLLIN,TX,75075-6927,TX-04,25,238220,White,Unknown/NotStated,,326800,,,,,,Partnership,71977,The American National Bank of Texas,TERRELL,TX,Female Owned,Non-Veteran,,331008.11,08/05/2021
5133938005,06/27/2020,0671,PPP,ALDH INC,17903 WEST STRACK DRIVE,SPRING,TX,77379-8377,05/12/2021,Paid in Full,60,100,326694,326694,0,,12096,"Wells Fargo Bank, National Association",101 N Philips Ave,SIOUX FALLS,SD,57104-6738,U,N,N,Existing or more than 2 years old,SPRING,HARRIS,TX,77379-8377,TX-02,25,238220,White,Not Hispanic or Latino,,326694,,,,,,Corporation,12096,"Wells Fargo Bank, National Association",SIOUX FALLS,SD,Male Owned,Non-Veteran,,329271.75,04/14/2021
1513517103,04/10/2020,0671,PPP,NICK'S PLUMBING & SEWER SERVICES INC,1420 N DURHAM DR,HOUSTON,TX,77008-3736,03/13/2021,Paid in Full,24,100,326500,326500,0,,33850,Comerica Bank,1717 Main St,DALLAS,TX,75201-4612,U,N,N,Existing or more than 2 years old,HOUSTON,HARRIS,TX,77008-3736,TX-07,45,238220,Unanswered,Not Hispanic or Latino,,291850,34650,,,,,Corporation,33850,Comerica Bank,DALLAS,TX,Male Owned,Non-Veteran,,329257.11,02/19/2021
2226567109,04/10/2020,0671,PPP,S&B AIR CONDITIONING & PLUMBING SERVICES OF HOUSTON INC,12806 E. BOURNEWOOD DR,SUGAR LAND,TX,77478-2569,12/19/2020,Paid in Full,24,100,325400,325400,0,,71783,Frost Bank,111 W Houston St,SAN ANTONIO,TX,78205-1414,U,N,N,Existing or more than 2 years old,SUGAR LAND,FORT BEND,TX,77478-2569,TX-22,32,238220,Unanswered,Unknown/NotStated,,325400,,,,,,Corporation,71783,Frost Bank,SAN ANTONIO,TX,Unanswered,Unanswered,,327218.67,11/12/2020
2102547210,04/15/2020,0681,PPP,"O'HAVER PLUMBING, LTD.",18615 FM 2252,SAN ANTONIO,TX,78266-2795,12/15/2020,Paid in Full,24,100,325000,325000,0,,71727,Broadway National Bank,1177 NE Loop 410,SAN ANTONIO,TX,78209-1517,R,N,N,Existing or more than 2 years old,SAN ANTONIO,COMAL,TX,78266-2795,TX-21,60,238220,Unanswered,Unknown/NotStated,,325000,,,,,,Partnership,71727,Broadway National Bank,SAN ANTONIO,TX,Male Owned,Unanswered,,326877.78,11/19/2020
5175748408,02/08/2021,0610,PPP,COLLINS MECHANICAL LLC,2920 N FM 225 DOUGLASS,Big sandy,TX,75943,08/12/2022,Charged Off,5,100,325000,325000,0,,110352,First Bank of the Lake,"4558 Osage Beach Pkwy, Ste 100",OSAGE BEACH,MO,65065-2372,R,N,N,Existing or more than 2 years old,Big sandy,NACOGDOCHES,TX,75943,TX-01,30,238220,Unanswered,Unknown/NotStated,1,324998,,,,,,Limited  Liability Company(LLC),110352,First Bank of the Lake,OSAGE BEACH,MO,Unanswered,Unanswered,,,
5476737108,04/13/2020,0610,PPP,"CURTIS MECHANICAL CONTRACTORS, INC.",1610 OSPREY DR,DESOTO,TX,75115-2428,02/04/2021,Paid in Full,24,100,324910,324910,0,,69380,Inwood National Bank,7621 Inwood Rd,DALLAS,TX,75209-4021,U,Y,Y,Existing or more than 2 years old,DESOTO,DALLAS,TX,75115-2428,TX-30,41,238220,Unanswered,Unknown/NotStated,,324910,,,,,,Corporation,69380,Inwood National Bank,DALLAS,TX,Unanswered,Unanswered,,327349.05,01/25/2021
2665607306,04/29/2020,0610,PPP,"RELIABLE PLANT MAINTENANCE, INC.","1404 N McDonald St, Ste B",McKinney,TX,75071-1849,02/16/2021,Paid in Full,24,100,324300,324300,0,,33850,Comerica Bank,1717 Main St,DALLAS,TX,75201-4612,U,Y,Y,Existing or more than 2 years old,McKinney,COLLIN,TX,75071-1849,TX-03,22,238220,Unanswered,Not Hispanic or Latino,,259461.6,64838.4,,,,,Subchapter S Corporation,33850,Comerica Bank,DALLAS,TX,Female Owned,Non-Veteran,,326714.23,01/25/2021
6488747004,04/07/2020,0671,PPP,AECSI CORPORATION,19525 WIED RD STE 510,SPRING,TX,77388-4482,07/16/2021,Paid in Full,24,100,324200,324200,0,,71999,Texas First Bank,3232 Palmer Hwy,TEXAS CITY,TX,77590-6724,U,N,N,Existing or more than 2 years old,SPRING,HARRIS,TX,77388-4482,TX-02,24,238220,Unanswered,Unknown/NotStated,1100,307254,,15846,,,,Corporation,71999,Texas First Bank,TEXAS CITY,TX,Unanswered,Unanswered,,328045.37,06/10/2021
4027207309,04/29/2020,0610,PPP,"CORPORATE ENTERPRISES, INC",439 N Gun Barrel Lane,Gun Barrel City,TX,75156-3731,01/22/2021,Paid in Full,24,100,324100,324100,0,,69819,Prosperity Bank,1301 N Mechanic,El Campo,TX,77437,R,Y,N,Existing or more than 2 years old,Gun Barrel City,KAUFMAN,TX,75156-3731,TX-05,24,238220,Unanswered,Unknown/NotStated,,324100,,,,,,Corporation,69819,Prosperity Bank,El Campo,TX,Unanswered,Unanswered,,326015.01,12/22/2020
5051187702,05/01/2020,0678,PPP,GUY'S PLUMBING HEATING &AMP; AIR LTD,6326 CANYON DR,AMARILLO,TX,79109-6731,07/22/2021,Paid in Full,24,100,323972,323972,0,,9551,"Bank of America, National Association","100 N Tryon St, Ste 170",CHARLOTTE,NC,28202-4024,U,N,N,New Business or 2 years or less,AMARILLO,RANDALL,TX,79109-6731,TX-13,30,238220,Unanswered,Unknown/NotStated,,323972,,,,,,Limited Liability Partnership,9551,"Bank of America, National Association",CHARLOTTE,NC,Unanswered,Unanswered,,326466.14,02/10/2021
4650857002,04/04/2020,0678,PPP,SHREINER HOME COMFORT LLC,216 S Lipscomb,AMARILLO,TX,79106-8424,07/21/2021,Paid in Full,24,100,323800,323800,0,,68966,Amarillo National Bank,410 S Taylor St,AMARILLO,TX,79101-1555,U,N,Y,Existing or more than 2 years old,AMARILLO,POTTER,TX,79106-8424,TX-13,32,238220,Unanswered,Not Hispanic or Latino,,323800,,,,,,Corporation,68966,Amarillo National Bank,AMARILLO,TX,Male Owned,Unanswered,,325698.9,02/12/2021
1274168702,03/27/2021,0610,PPS,TRUDELA WALKER LLC,7120 W Interstate 20,Arlington,TX,76017-1858,07/07/2022,Paid in Full,60,100,321754.1,321754.1,0,,233198,Emigrant Bank,201 S Biscayne Boulevard Ste 1120,Miami,FL,33131,U,N,N,Existing or more than 2 years old,Arlington,TARRANT,TX,76017-1858,TX-25,18,238220,Unanswered,Unknown/NotStated,1,321752.1,,,,,,Limited  Liability Company(LLC),48902,Emigrant Bank,New York,NY,Unanswered,Unanswered,,325756.19,06/30/2022
5168117010,04/05/2020,0678,PPP,"GARY'S HEATING & AIR CONDITIONING, INC.",2505 SW 7TH AVE,AMARILLO,TX,79106-6605,07/21/2021,Paid in Full,24,100,319500,319500,0,,68966,Amarillo National Bank,410 S Taylor St,AMARILLO,TX,79101-1555,U,Y,Y,Existing or more than 2 years old,AMARILLO,POTTER,TX,79106-6605,TX-13,22,238220,Unanswered,Unknown/NotStated,,319500,,,,,,Subchapter S Corporation,68966,Amarillo National Bank,AMARILLO,TX,Male Owned,Unanswered,,321512.17,02/12/2021
2808447108,04/11/2020,0671,PPP,MISSION AC HOME SERVICES,523 Garden Oaks Blvd,HOUSTON,TX,77018-5505,12/11/2020,Paid in Full,24,100,319249.41,319249,0,,121598,Texas Capital Bank,"2000 McKinney Ave, Ste 700",DALLAS,TX,75201-1985,U,Y,Y,Existing or more than 2 years old,HOUSTON,HARRIS,TX,77018-5505,TX-18,25,238220,Unanswered,Unknown/NotStated,2655,307298.26,,9295.74,,,,Subchapter S Corporation,121598,Texas Capital Bank,DALLAS,TX,Unanswered,Unanswered,,321068.28,11/12/2020
4233038401,02/06/2021,0671,PPS,ABERLE PLUMBING LLC,13141 Kinsman Rd,Houston,TX,77049-2137,11/06/2021,Paid in Full,60,100,319207,319207,0,,70410,Woodforest National Bank,1330 Lake Robbins Dr,THE WOODLANDS,TX,77380-3266,U,N,Y,Existing or more than 2 years old,Houston,HARRIS,TX,77049-2137,TX-29,29,238220,Unanswered,Unknown/NotStated,1,319201,,,,,,Limited  Liability Company(LLC),70410,Woodforest National Bank,THE WOODLANDS,TX,Unanswered,Unanswered,,321512.38,10/29/2021
7837347104,04/14/2020,0681,PPP,"VAMVORAS, LTD.",4734 SHAVANO OAK,SAN ANTONIO,TX,78249-4019,02/16/2021,Paid in Full,24,100,319200,319200,0,,71727,Broadway National Bank,1177 NE Loop 410,SAN ANTONIO,TX,78209-1517,U,N,N,Existing or more than 2 years old,SAN ANTONIO,BEXAR,TX,78249-4019,TX-20,33,238220,Unanswered,Unknown/NotStated,200,310000,,9000,,,,Partnership,71727,Broadway National Bank,SAN ANTONIO,TX,Unanswered,Unanswered,,321602.87,01/20/2021
9431057110,04/15/2020,0610,PPP,HAROLD JAMES INC,3240 BRYAN AVENUE,FORT WORTH,TX,76110-4211,12/17/2020,Paid in Full,24,100,318668,318668,0,,4679,Simmons Bank,501 Main St,PINE BLUFF,AR,71601-4327,U,Y,Y,Existing or more than 2 years old,FORT WORTH,TARRANT,TX,76110-4211,TX-12,17,238220,Unanswered,Not Hispanic or Latino,,318668,,,,,,Corporation,71902,Simmons Bank,COLLEGE STATION,TX,Male Owned,Unanswered,,320353.01,11/03/2020
5339257001,04/05/2020,0610,PPP,"CSP UTILITIES, LLC",2101 S. 22ND,WACO,TX,76706,05/12/2021,Paid in Full,24,100,317800,317800,0,,71367,First National Bank of Central Texas,1835 N Valley Mills Dr,WACO,TX,76710-2556,U,N,Y,Existing or more than 2 years old,WACO,MCLENNAN,TX,76706-0001,TX-17,44,238220,Unanswered,Unknown/NotStated,,238350,,79450,,,,Limited  Liability Company(LLC),71367,First National Bank of Central Texas,WACO,TX,Unanswered,Unanswered,,321012.83,04/15/2021
8622838701,04/07/2021,0610,PPS,AIR BALANCING COMPANY INC,4607 Forest Hill Cir,Forest Hill,TX,76140-1403,01/20/2022,Paid in Full,60,100,317381,317381,0,,4679,Simmons Bank,501 Main St,PINE BLUFF,AR,71601-4327,U,Y,Y,Existing or more than 2 years old,Forest Hill,TARRANT,TX,76140-1403,TX-33,20,238220,Unanswered,Not Hispanic or Latino,1,317378,,,,,,Corporation,71902,Simmons Bank,COLLEGE STATION,TX,Male Owned,Veteran,,319546.15,12/15/2021
1396817306,04/28/2020,0610,PPP,"EXCEL FIRE PROTECTION SYSTEMS, LP",321 N Central Expressway #257,McKinney,TX,75070-3519,12/24/2020,Paid in Full,24,100,317000,317000,0,,69819,Prosperity Bank,1301 N Mechanic,El Campo,TX,77437,U,N,N,Existing or more than 2 years old,McKinney,COLLIN,TX,75070-3519,TX-03,34,238220,Unanswered,Unknown/NotStated,,317000,,,,,,Limited Liability Partnership,69819,Prosperity Bank,El Campo,TX,Unanswered,Unanswered,,318615.4,11/03/2020
9798397005,04/09/2020,0671,PPP,AIR COMFORT GROUP LLC,590 North Main St,Beaumont,TX,77701-2311,05/12/2021,Paid in Full,24,100,316117,316117,0,,451098,Stellar Bank,8727 W Sam Houston Pkwy North,HOUSTON,TX,77040-5167,U,Y,Y,Existing or more than 2 years old,Beaumont,JEFFERSON,TX,77701-2311,TX-14,22,238220,White,Unknown/NotStated,,316117,,,,,,Limited  Liability Company(LLC),71523,Stellar Bank,Beaumont,TX,Male Owned,Non-Veteran,,319390.76,04/29/2021
9060897006,04/09/2020,0671,PPP,"BHC ENTERPRISES, LLC",400 GRAHAM RD,COLLEGE STATION,TX,77845-9659,12/17/2021,Paid in Full,24,100,315502,315502,0,,444341,American Momentum Bank,1 Momentum Blvd,COLLEGE STATION,TX,77845-6199,U,N,N,Unanswered,COLLEGE STATION,BRAZOS,TX,77845-9659,TX-10,30,238220,White,Not Hispanic or Latino,,315502,,,,,,Limited  Liability Company(LLC),444341,American Momentum Bank,COLLEGE STATION,TX,Female Owned,Non-Veteran,,181636.24,02/16/2021
5974717410,05/13/2020,0639,PPP,FAIRES PLUMBING COMPANY INC,7810 E MILE 17 1/2 RD,EDINBURG,TX,78542-1782,12/18/2020,Paid in Full,24,100,314542.5,314542.5,0,,70073,Dominion Bank,17304 Preston Road Suite 1100,Dallas,TX,75252,U,Y,N,Existing or more than 2 years old,EDINBURG,HIDALGO,TX,78542-1782,TX-15,28,238220,Unanswered,Unknown/NotStated,,314542.5,,,,,,Corporation,70073,Dominion Bank,Dallas,TX,Unanswered,Unanswered,,316001.63,11/03/2020
2212777700,05/01/2020,0610,PPP,ARTHUR HAGAR AIR CONDITIONING,5020 SE LOOP 820,FORT WORTH,TX,76140,06/22/2021,Paid in Full,24,100,314505,314505,0,,48270,"JPMorgan Chase Bank, National Association",1111 Polaris Pkwy,COLUMBUS,OH,43240-2031,U,Y,Y,Existing or more than 2 years old,FORT WORTH,TARRANT,TX,76140-0001,TX-33,21,238220,Unanswered,Unknown/NotStated,,314505,,,,,,,194093,"JPMorgan Chase Bank, National Association",CHICAGO,IL,Unanswered,Unanswered,,317604.27,04/29/2021
4182487203,04/27/2020,0681,PPP,HONEST AIR CONDITIONING LLC,112 McNutt Business Park Rd,HUTTO,TX,78634,03/04/2021,Paid in Full,24,100,314470,314470,0,,70023,First Texas Bank,900 S Austin Ave,GEORGETOWN,TX,78626-5822,U,N,N,Existing or more than 2 years old,HUTTO,WILLIAMSON,TX,78634-0001,TX-31,25,238220,White,Not Hispanic or Latino,47618,235852,,31000,,,,Limited  Liability Company(LLC),70023,First Texas Bank,GEORGETOWN,TX,Male Owned,Veteran,,316873.76,02/04/2021
2024707105,04/10/2020,0610,PPP,CWS SERVICES,199 LONELY OAKS LN,KILLEEN,TX,76542-5655,02/17/2021,Paid in Full,24,100,314100,314100,0,,39848,Cadence Bank,201 S Spring St,TUPELO,MS,38804-4811,U,N,N,Existing or more than 2 years old,KILLEEN,BELL,TX,76542-5655,TX-11,31,238220,White,Not Hispanic or Latino,,314100,,,,,,Partnership,70018,Cadence Bank,Gatesville,TX,Male Owned,Unanswered,,316414.87,01/08/2021
9411337201,04/28/2020,0671,PPP,EAST TEXAS LRL ENTERPRISES INC,101 INDUSTRIAL BLVD,LUFKIN,TX,75904-2662,02/04/2021,Paid in Full,24,100,313629.58,313629.58,0,,72026,Southside Bank,1201 S Beckham Ave,TYLER,TX,75701-3320,R,Y,N,Existing or more than 2 years old,LUFKIN,ANGELINA,TX,75904-2662,TX-17,30,238220,Unanswered,Unknown/NotStated,,313629.58,,,,,,Subchapter S Corporation,72026,Southside Bank,TYLER,TX,Unanswered,Unanswered,,315859.83,01/13/2021
4958307106,04/13/2020,0681,PPP,"INTERNATIONAL MECHANICAL SERVICES, INC.",1914 BREEDEN AVE,SAN ANTONIO,TX,78212-2148,04/09/2021,Paid in Full,24,100,315300,313200,0,,71727,Broadway National Bank,1177 NE Loop 410,SAN ANTONIO,TX,78209-1517,U,N,Y,Existing or more than 2 years old,SAN ANTONIO,BEXAR,TX,78212-2148,TX-35,31,238220,Unanswered,Not Hispanic or Latino,2000,309000,2200,,,,,Corporation,71727,Broadway National Bank,SAN ANTONIO,TX,Male Owned,Non-Veteran,,315992.7,03/09/2021
7335357303,04/30/2020,0681,PPP,"TRIAD PHC, LLC.",7001 HWY 183 S.,AUSTIN,TX,78744-7825,01/13/2021,Paid in Full,24,100,313130,313130,0,,71693,Round Top State Bank,301 N Washington St,ROUND TOP,TX,78954-5053,U,Y,Y,Existing or more than 2 years old,AUSTIN,TRAVIS,TX,78744-7825,TX-35,42,238220,Unanswered,Unknown/NotStated,,313130,,,,,,Limited  Liability Company(LLC),71693,Round Top State Bank,ROUND TOP,TX,Male Owned,Unanswered,,315111.73,12/28/2020
9533047402,05/20/2020,0671,PPP,SARENTEC LLC,18058 E FM 1097,Willis,TX,77378,12/18/2020,Paid in Full,60,100,312300,312300,0,,72601,"Zions Bank, A Division of",1 S Main St,SALT LAKE CITY,UT,84133-1109,U,Y,Y,Existing or more than 2 years old,Willis,MONTGOMERY,TX,77378-0001,TX-08,29,238220,Unanswered,Unknown/NotStated,,312300,,,,,,Limited  Liability Company(LLC),72601,"Zions Bank, A Division of",SALT LAKE CITY,UT,Unanswered,Unanswered,,313865.78,11/23/2020
3264568405,02/04/2021,0610,PPS,RELIABLE PLANT MAINTENANCE INC.,1404 N McDonald St Ste B,McKinney,TX,75071-1849,03/27/2022,Paid in Full,60,100,312200,312200,0,,33850,Comerica Bank,1717 Main St,DALLAS,TX,75201-4612,U,Y,Y,Existing or more than 2 years old,McKinney,COLLIN,TX,75071-1849,TX-03,20,238220,Unanswered,Not Hispanic or Latino,1,312197,,,,,,Subchapter S Corporation,33850,Comerica Bank,DALLAS,TX,Female Owned,Non-Veteran,,313986.48,08/31/2021
8267917002,04/08/2020,0639,PPP,"CYTECH HEATING & COOLING, L.C.",3917 W STATE HIGHWAY 107,EDINBURG,TX,78539-9460,12/12/2020,Paid in Full,24,100,311485,311485,0,,89721,Greater State Bank,3300 North 10th Street,McAllen,TX,78501-1928,U,Y,N,Existing or more than 2 years old,EDINBURG,HIDALGO,TX,78539-9460,TX-15,34,238220,White,Not Hispanic or Latino,,311485,,,,,,Limited  Liability Company(LLC),89721,Greater State Bank,McAllen,TX,Female Owned,Non-Veteran,,313198.17,11/03/2020
3554097103,04/11/2020,0671,PPP,"T &AMP; R MECHANICAL, INC.",14787 Sunset Drive,Conroe,TX,77306-6821,06/10/2021,Paid in Full,24,100,310400,310400,0,,70410,Woodforest National Bank,1330 Lake Robbins Dr,THE WOODLANDS,TX,77380-3266,U,Y,Y,Existing or more than 2 years old,Conroe,MONTGOMERY,TX,77306-6821,TX-08,12,238220,Unanswered,Unknown/NotStated,,310400,,,,,,Corporation,70410,Woodforest National Bank,THE WOODLANDS,TX,Unanswered,Unanswered,,313771.29,05/21/2021
7977087100,04/14/2020,0678,PPP,PANTEX PLUMBING INC,PO Box 3249,AMARILLO,TX,79116,01/07/2021,Paid in Full,24,100,308900,308900,0,,69778,First United Bank,201 N Broadway,DIMMITT,TX,79027-1823,U,N,Y,Unanswered,AMARILLO,POTTER,TX,79116-0001,TX-13,18,238220,Unanswered,Not Hispanic or Latino,38613,231675,,38612,,,,Subchapter S Corporation,69778,First United Bank,DIMMITT,TX,Male Owned,Non-Veteran,,310856.37,12/02/2020
4116588305,01/22/2021,0681,PPS,WILKS INC.,139 Waleetka St,San Antonio,TX,78210-5334,02/11/2022,Paid in Full,60,100,308240,308240,0,,72601,"Zions Bank, A Division of",1 S Main St,SALT LAKE CITY,UT,84133-1109,U,N,Y,Existing or more than 2 years old,San Antonio,BEXAR,TX,78210-5334,TX-35,21,238220,Unanswered,Unknown/NotStated,1,308237,,,,,,Subchapter S Corporation,72601,"Zions Bank, A Division of",SALT LAKE CITY,UT,Male Owned,Veteran,,311339.29,01/31/2022
6771607210,04/28/2020,0681,PPP,"SA SPECIALTIES SAN ANTONIO, LLC",433 BREESPORT ST,SAN ANTONIO,TX,78216-2604,,Exemption 4,60,100,307970,307970,0,,44449,"PNC Bank, National Association",222 Delaware Ave,WILMINGTON,DE,19801-1621,U,N,N,Existing or more than 2 years old,SAN ANTONIO,BEXAR,TX,78216-2604,TX-21,29,238220,Unanswered,Unknown/NotStated,38496.25,230977.5,,38496.25,,,,Limited  Liability Company(LLC),760,First Source Federal Credit Union,Rome,NY,Unanswered,Unanswered,,,
4461847708,05/01/2020,0671,PPP,ROSENBERG PLUMBING SERVICE INC,2321 WEHRING ROAD,ROSENBERG,TX,77471,03/11/2021,Paid in Full,24,100,307684,307684,0,,12096,"Wells Fargo Bank, National Association",101 N Philips Ave,SIOUX FALLS,SD,57104-6738,U,Y,Y,Existing or more than 2 years old,ROSENBERG,FORT BEND,TX,77471-0001,TX-22,21,238220,Unanswered,Unknown/NotStated,,307684,,,,,,Corporation,12096,"Wells Fargo Bank, National Association",SIOUX FALLS,SD,Unanswered,Unanswered,,310027.46,02/09/2021
5506937100,04/13/2020,0610,PPP,"COOL AIR MECHANICAL, LLC","10931 Dennis Road,",Dallas,TX,75229-3646,03/09/2021,Paid in Full,24,100,307200,307200,0,,2408,Regions Bank,1900 Fifth Avenue North,BIRMINGHAM,AL,35203,U,Y,Y,Existing or more than 2 years old,Dallas,DALLAS,TX,75229-3646,TX-33,39,238220,American Indian or Alaska Native,Not Hispanic or Latino,,307200,,,,,,Limited  Liability Company(LLC),2408,Regions Bank,BIRMINGHAM,AL,Male Owned,Unanswered,,308775.74,02/12/2021
9920567100,04/15/2020,0610,PPP,MURAN PLUMBING LLC,1502 E ERWIN ST,TYLER,TX,75702-6245,01/07/2021,Paid in Full,24,100,306400,306400,0,,70468,"Austin Bank, Texas National Association",200 E Commerce St,JACKSONVILLE,TX,75766-4904,R,Y,Y,New Business or 2 years or less,TYLER,SMITH,TX,75702-6245,TX-01,30,238220,Unanswered,Unknown/NotStated,,306400,,,,,,Limited  Liability Company(LLC),70468,"Austin Bank, Texas National Association",JACKSONVILLE,TX,Unanswered,Unanswered,,308544.8,12/31/2020
4691658701,04/01/2021,0610,PPS,THE SHIPMAN FIRE GROUP INC.,15675 FM 548,Forney,TX,75126-6216,11/18/2021,Paid in Full,60,100,305312,305312,0,,48270,"JPMorgan Chase Bank, National Association",1111 Polaris Pkwy,COLUMBUS,OH,43240-2031,R,N,N,Existing or more than 2 years old,Forney,KAUFMAN,TX,75126-6216,TX-05,21,238220,Unanswered,Unknown/NotStated,,305312,,,,,,Subchapter S Corporation,48270,"JPMorgan Chase Bank, National Association",COLUMBUS,OH,Unanswered,Unanswered,,306874.52,10/08/2021
7669057002,04/08/2020,0610,PPP,"SYNERGY ENVIRONMENTAL SERVICES, L.L.C.",2500 E. Randol Mill Road Suite 208,ARLINGTON,TX,76011-6302,04/09/2021,Paid in Full,24,100,305300,305300,0,,59358,"BOKF, National Association",One Williams Center,TULSA,OK,74172-0140,U,Y,Y,Existing or more than 2 years old,ARLINGTON,TARRANT,TX,76011-6302,TX-06,22,238220,White,Unknown/NotStated,,305300,,,,,,Limited  Liability Company(LLC),59358,"BOKF, National Association",TULSA,OK,Male Owned,Non-Veteran,,308276.67,03/31/2021
6976987005,04/07/2020,0677,PPP,"KINGS AIRE, INC.",1035 KESSLER DR,EL PASO,TX,79907-1840,03/19/2021,Paid in Full,24,100,305000,305000,0,,113154,WestStar Bank,"601 N Mesa St, Ste 1100",El Paso,TX,79901,U,Y,Y,Existing or more than 2 years old,EL PASO,EL PASO,TX,79907-1840,TX-16,34,238220,White,Not Hispanic or Latino,,305000,,,,,,Corporation,113154,WestStar Bank,El Paso,TX,Female Owned,Non-Veteran,,307473.89,02/04/2021
9682107106,04/15/2020,0610,PPP,SCHRADER PLUMBING LLC,5520 DAVIS BLVD,NORTH RICHLAND HILLS,TX,76180-6444,02/24/2021,Paid in Full,24,100,304900,304900,0,,71783,Frost Bank,111 W Houston St,SAN ANTONIO,TX,78205-1414,U,N,Y,Existing or more than 2 years old,NORTH RICHLAND HILLS,TARRANT,TX,76180-6444,TX-24,20,238220,Unanswered,Unknown/NotStated,,304900,,,,,,Limited  Liability Company(LLC),71783,Frost Bank,SAN ANTONIO,TX,Unanswered,Unanswered,,307180.48,01/20/2021
8822517109,04/15/2020,0671,PPP,"MSC MECHANICAL, INC.",10464 State Highway 30,COLLEGE STATION,TX,77845,04/20/2021,Paid in Full,24,100,304490,304490,0,,444341,American Momentum Bank,1 Momentum Blvd,COLLEGE STATION,TX,77845-6199,U,N,N,Unanswered,COLLEGE STATION,BRAZOS,TX,77845-0001,TX-10,29,238220,Unanswered,Unknown/NotStated,,304490,,,,,,Corporation,444341,American Momentum Bank,COLLEGE STATION,TX,Unanswered,Unanswered,,307374.2,03/30/2021
8058457707,05/01/2020,0671,PPP,"LABORATORY MECHANICAL SERVICES, LLC",4823 Katy Hockley Road,Katy,TX,77493,04/24/2021,Paid in Full,60,100,303900,303900,0,,72601,"Zions Bank, A Division of",1 S Main St,SALT LAKE CITY,UT,84133-1109,U,N,N,Existing or more than 2 years old,Katy,HARRIS,TX,77493-0001,TX-10,28,238220,Unanswered,Unknown/NotStated,,303900,,,,,,Limited  Liability Company(LLC),72601,"Zions Bank, A Division of",SALT LAKE CITY,UT,Unanswered,Unanswered,,305790.01,12/17/2020
8703877000,04/08/2020,0681,PPP,"TRIPLE CROSS PLUMBING & UTILITIES, LTD",34660 SMITHSON VALLEY RD,BULVERDE,TX,78163-2894,02/17/2021,Paid in Full,24,100,303300,303300,0,,69949,Security State Bank & Trust,201 W Main St,FREDERICKSBURG,TX,78624-3709,R,N,N,Existing or more than 2 years old,BULVERDE,COMAL,TX,78163-2894,TX-21,21,238220,Unanswered,Unknown/NotStated,,287715,,,,15585,,Partnership,69949,Security State Bank & Trust,FREDERICKSBURG,TX,Male Owned,Unanswered,,305515.77,01/06/2021
3860257210,04/27/2020,0610,PPP,TRUDELA WALKER LLC,8900 John Carpenter Freeway,Dallas,TX,75247,06/10/2021,Paid in Full,24,100,303288,303288,0,,233198,Emigrant Bank,201 S Biscayne Boulevard Ste 1120,Miami,FL,33131,U,Y,Y,New Business or 2 years or less,Dallas,DALLAS,TX,75247-0001,TX-33,27,238220,Unanswered,Unknown/NotStated,,303288,,,,,,Limited  Liability Company(LLC),48902,Emigrant Bank,New York,NY,Unanswered,Unanswered,,306403.97,05/17/2021
9099467101,04/15/2020,0678,PPP,"LONGMIRE PLUMBING, INC",4425 CRAWFORD DR,ABILENE,TX,79602-7825,02/20/2021,Paid in Full,24,100,302469,302469,0,,72095,First National Bank and Trust Company of Weatherford d/b/a First Bank Texas,220 Palo Pinto,WEATHERFORD,TX,76086-4350,U,N,N,Existing or more than 2 years old,ABILENE,TAYLOR,TX,79602-7825,TX-19,28,238220,Unanswered,Unknown/NotStated,,302469,,,,,,Corporation,69009,First National Bank and Trust Company of Weatherford d/b/a First Bank Texas,BAIRD,TX,Unanswered,Unanswered,,304813.13,01/28/2021
5724087005,04/06/2020,0610,PPP,WOLVERTON CO INC.,704 SOLON RD,WAXAHACHIE,TX,75165-1389,04/07/2021,Paid in Full,24,100,300465,300465,0,,69380,Inwood National Bank,7621 Inwood Rd,DALLAS,TX,75209-4021,R,N,N,Existing or more than 2 years old,WAXAHACHIE,ELLIS,TX,75165-1389,TX-06,32,238220,Unanswered,Unknown/NotStated,,300465,,,,,,Corporation,69380,Inwood National Bank,DALLAS,TX,Unanswered,Unanswered,,303354.4,03/31/2021
2744477204,04/16/2020,0671,PPP,KTB MECHANICAL LLC,9527 FLORA ROCK LN,CYPRESS,TX,77433,05/21/2021,Paid in Full,24,100,300000,300000,0,,48270,"JPMorgan Chase Bank, National Association",1111 Polaris Pkwy,COLUMBUS,OH,43240-2031,U,N,N,Existing or more than 2 years old,CYPRESS,HARRIS,TX,77433-0001,TX-10,30,238220,Asian,Not Hispanic or Latino,0,300000,0,0,0,0,0,Corporation,194093,"JPMorgan Chase Bank, National Association",CHICAGO,IL,Male Owned,Unanswered,,303062.5,04/28/2021
9394027210,04/28/2020,0671,PPP,REED SERVICE COMPANY,4725 WASHINGTON BLVD,BEAUMONT,TX,77707,10/07/2021,Paid in Full,24,100,300000,300000,0,,39232,Hancock Whitney Bank,2510 14th St One Hancock Plz,GULFPORT,MS,39501,U,N,N,New Business or 2 years or less,BEAUMONT,JEFFERSON,TX,77707-0001,TX-14,20,238220,Unanswered,Unknown/NotStated,,300000,,,,,,Corporation,39232,Hancock Whitney Bank,GULFPORT,MS,Unanswered,Unanswered,,304191.67,09/15/2021
1807197109,04/10/2020,0681,PPP,"SERVICE WIZARD, INC.",13702 THERMAL DR,AUSTIN,TX,78728-7732,12/18/2020,Paid in Full,24,100,299354.77,299354.77,0,,72026,Southside Bank,1201 S Beckham Ave,TYLER,TX,75701-3320,U,Y,Y,Existing or more than 2 years old,AUSTIN,TRAVIS,TX,78728-7732,TX-17,22,238220,Unanswered,Unknown/NotStated,,299354.77,,,,,,Subchapter S Corporation,72026,Southside Bank,TYLER,TX,Unanswered,Unanswered,,301142.58,11/17/2020
9558707003,04/09/2020,0671,PPP,TWV INC,429 ACRES LN,SEALY,TX,77474-4400,01/08/2021,Paid in Full,24,100,298633.77,298633.77,0,,71873,Citizens State Bank,222 Main St,SEALY,TX,77474-2321,R,N,N,Existing or more than 2 years old,SEALY,AUSTIN,TX,77474-4400,TX-10,31,238220,Unanswered,Not Hispanic or Latino,,298633.77,,,,,,Corporation,71873,Citizens State Bank,SEALY,TX,Male Owned,Unanswered,,300671.03,12/22/2020
9172607310,05/01/2020,0610,PPP,DELTA-T COMMISSIONING INC.,538 Forest Center Plz,GARLAND,TX,75042,02/19/2021,Paid in Full,24,100,296920,296920,0,,48270,"JPMorgan Chase Bank, National Association",1111 Polaris Pkwy,COLUMBUS,OH,43240-2031,U,Y,Y,Existing or more than 2 years old,GARLAND,DALLAS,TX,75042-2900,TX-05,23,238220,White,Not Hispanic or Latino,100,289381,,909,,6530,,Corporation,48270,"JPMorgan Chase Bank, National Association",COLUMBUS,OH,Male Owned,Non-Veteran,,299070.03,01/26/2021
2726997203,04/16/2020,0671,PPP,"PRIORITY PLUMBING, LLC",4210 HIGHLAND LKS,MONTGOMERY,TX,77316,03/23/2021,Paid in Full,24,100,296575,296575,0,,48270,"JPMorgan Chase Bank, National Association",1111 Polaris Pkwy,COLUMBUS,OH,43240-2031,U,N,N,Existing or more than 2 years old,MONTGOMERY,MONTGOMERY,TX,77316-0001,TX-08,18,238220,Unanswered,Not Hispanic or Latino,1500,275000,0,5075,0,15000,0,Limited  Liability Company(LLC),194093,"JPMorgan Chase Bank, National Association",CHICAGO,IL,Male Owned,Non-Veteran,,298988.96,02/11/2021
5914417009,04/06/2020,0671,PPP,E & M PLUMBING LTD,P.O. Box 2749,STAFFORD,TX,77497,03/09/2021,Paid in Full,24,100,295300,295300,0,,70700,International Bank of Commerce,1200 San Bernardo Ave,LAREDO,TX,78040-6301,U,N,N,Existing or more than 2 years old,STAFFORD,FORT BEND,TX,77497-0001,TX-09,23,238220,Unanswered,Unknown/NotStated,,295300,,,,,,Partnership,70700,International Bank of Commerce,LAREDO,TX,Unanswered,Unanswered,,297826.46,02/12/2021
7579767010,04/07/2020,0610,PPP,MAX MECHANICAL,2313 MICHIGAN CT,ARLINGTON,TX,76016-5870,03/04/2021,Paid in Full,24,100,295100,295100,0,,70535,Pinnacle Bank,"250, W Lancaster Ave, Ste 170",Fort Worth,TX,76102,U,N,N,Existing or more than 2 years old,ARLINGTON,TARRANT,TX,76016-5870,TX-25,22,238220,Unanswered,Unknown/NotStated,,295100,,,,,,Corporation,70535,Pinnacle Bank,Fort Worth,TX,Male Owned,Non-Veteran,,297146.52,02/09/2021
5492888800,04/17/2021,0671,PPS,E & M PLUMBING LTD.,11610 Sendera Ln,Richmond,TX,77407-7912,05/31/2022,Paid in Full,60,100,294800,294800,0,,70700,International Bank of Commerce,1200 San Bernardo Ave,LAREDO,TX,78040-6301,U,N,N,Existing or more than 2 years old,Richmond,FORT BEND,TX,77407-7912,TX-22,22,238220,Unanswered,Unknown/NotStated,1,294798,,,,,,Partnership,70700,International Bank of Commerce,LAREDO,TX,Unanswered,Unanswered,,297657.92,04/07/2022
6536268102,07/21/2020,0681,PPP,"WILKS, INC",139 Waleetka Street,San Antonio,TX,78210-5334,07/20/2021,Paid in Full,60,100,271205,293557,0,,106458,Security Service FCU,16211 La Cantera Pkwy,SAN ANTONIO,TX,78256-2419,U,N,Y,Existing or more than 2 years old,San Antonio,BEXAR,TX,78210-5334,TX-35,21,238220,Unanswered,Unknown/NotStated,,293557,,,,,,Subchapter S Corporation,106458,Security Service FCU,SAN ANTONIO,TX,Male Owned,Veteran,,296275.42,07/02/2021
5032178308,01/23/2021,0610,PPS,COMFORT TECHNOLOGIES LLC,2311 Michigan Ct,Dalworthington Gardens,TX,76016-5870,05/10/2022,Paid in Full,60,100,292585,292585,0,,59358,"BOKF, National Association",One Williams Center,TULSA,OK,74172-0140,U,N,N,Existing or more than 2 years old,Dalworthington Gardens,TARRANT,TX,76016-5870,TX-25,20,238220,Unanswered,Unknown/NotStated,,292585,,,,,,Limited  Liability Company(LLC),59358,"BOKF, National Association",TULSA,OK,Unanswered,Unanswered,,296201.68,04/14/2022
6475887001,04/07/2020,0610,PPP,BURTON'S MECHANICAL INC.,2305 FORT WORTH ST,GRAND PRAIRIE,TX,75050-4913,04/22/2021,Paid in Full,24,100,292500,292500,0,,71783,Frost Bank,111 W Houston St,SAN ANTONIO,TX,78205-1414,U,Y,Y,Existing or more than 2 years old,GRAND PRAIRIE,TARRANT,TX,75050-4913,TX-06,27,238220,Unanswered,Unknown/NotStated,,292500,,,,,,Subchapter S Corporation,71783,Frost Bank,SAN ANTONIO,TX,Male Owned,Non-Veteran,,295176.58,03/18/2021
6021067008,04/06/2020,0639,PPP,"GRAF PLUMBING, INC.",5961 LA COSTA DR,CORPUS CHRISTI,TX,78414-2407,12/19/2020,Paid in Full,24,100,291400,291400,0,,71783,Frost Bank,111 W Houston St,SAN ANTONIO,TX,78205-1414,U,N,N,Existing or more than 2 years old,CORPUS CHRISTI,NUECES,TX,78414-2407,TX-27,22,238220,Unanswered,Unknown/NotStated,,291400,,,,,,Subchapter S Corporation,71783,Frost Bank,SAN ANTONIO,TX,Unanswered,Unanswered,,293108.48,11/17/2020
6144817302,04/30/2020,0610,PPP,BARRERA PLUMBING,3602 Dividend Drive,Garland,TX,75042-7608,02/09/2021,Paid in Full,24,100,291100,291100,0,,69819,Prosperity Bank,1301 N Mechanic,El Campo,TX,77437,U,Y,Y,Existing or more than 2 years old,Garland,DALLAS,TX,75042-7608,TX-32,28,238220,Unanswered,Unknown/NotStated,,291100,,,,,,Partnership,69819,Prosperity Bank,El Campo,TX,Unanswered,Unanswered,,293069.91,01/08/2021
6947447204,04/28/2020,0610,PPP,BON AIR SERVICE CO INC,1905 W JEFFERSON ST,GRAND PRAIRIE,TX,75051,02/24/2021,Paid in Full,24,100,291055,291055,0,,39848,Cadence Bank,201 S Spring St,TUPELO,MS,38804-4811,U,Y,Y,New Business or 2 years or less,GRAND PRAIRIE,DALLAS,TX,75051-0001,TX-06,31,238220,Unanswered,Unknown/NotStated,,291055,,,,,,Corporation,39848,Cadence Bank,TUPELO,MS,Unanswered,Unanswered,,293213.66,01/25/2021
8029977210,04/28/2020,0681,PPP,CARAWAY PLUMBING INC,502 s deleon street,victoria,TX,77901,02/19/2021,Paid in Full,24,100,290870,290870,0,,69836,NewFirst National Bank,202 E Jackson,EL CAMPO,TX,77437-4414,U,N,N,Existing or more than 2 years old,victoria,VICTORIA,TX,77901-0001,TX-27,15,238220,Unanswered,Unknown/NotStated,,290870,,,,,,Subchapter S Corporation,69836,NewFirst National Bank,EL CAMPO,TX,Unanswered,Unanswered,,292918.04,01/12/2021
3196877710,05/01/2020,0681,PPP,JOHNNY ROOTER PLUMBING INC,6725 SHIRLEY AVE,AUSTIN,TX,78752,06/30/2020,Charged Off,4,100,290567,290567,0,,48270,"JPMorgan Chase Bank, National Association",1111 Polaris Pkwy,COLUMBUS,OH,43240-2031,U,N,N,Existing or more than 2 years old,AUSTIN,TRAVIS,TX,78752-0001,TX-37,210,238220,Unanswered,Unknown/NotStated,1329,260514,,4147,,24577,,Corporation,194093,"JPMorgan Chase Bank, National Association",CHICAGO,IL,Unanswered,Unanswered,,,
1455268304,01/17/2021,0610,PPS,RES FIRE SPRINKLER LLC,1110 Oval Dr,Athens,TX,75751-3635,10/08/2021,Paid in Full,60,100,290400,290400,0,,69000,First State Bank,130 E Corsicana St,ATHENS,TX,75751-2569,R,Y,N,Existing or more than 2 years old,Athens,HENDERSON,TX,75751-3635,TX-05,34,238220,Unanswered,Unknown/NotStated,,290400,,,,,,Limited  Liability Company(LLC),69000,First State Bank,ATHENS,TX,Female Owned,Unanswered,,292279.53,09/08/2021
7661628510,03/06/2021,0671,PPS,EASY AIRE INC.,9443 Ronda Lane,Houston,TX,77074,12/22/2021,Paid in Full,60,100,290400,290400,0,,71783,Frost Bank,111 W Houston St,SAN ANTONIO,TX,78205-1414,U,Y,Y,Existing or more than 2 years old,Houston,HARRIS,TX,77074,TX-07,35,238220,Unanswered,Unknown/NotStated,1,290398,,,,,,Corporation,71783,Frost Bank,SAN ANTONIO,TX,Male Owned,Veteran,,292269.7,11/01/2021
2561488309,01/21/2021,0671,PPS,TWV INC,429 Acres Ln,Sealy,TX,77474-4400,11/11/2021,Paid in Full,60,100,290202,290202,0,,448034,Austin County State Bank,436 S Front St,BELLVILLE,TX,77418-2413,R,N,N,Existing or more than 2 years old,Sealy,AUSTIN,TX,77474-4400,TX-10,31,238220,Unanswered,Not Hispanic or Latino,1,290197,,,,,,Corporation,448034,Austin County State Bank,BELLVILLE,TX,Male Owned,Unanswered,,292297.9,10/20/2021
1166737703,05/01/2020,0671,PPP,"COMM AIR, INC.",15324 Ennis Rd,SUGARLAND,TX,77498,02/19/2021,Paid in Full,24,100,290000,290000,0,,48270,"JPMorgan Chase Bank, National Association",1111 Polaris Pkwy,COLUMBUS,OH,43240-2031,U,N,N,Existing or more than 2 years old,SUGARLAND,FORT BEND,TX,77498-0400,TX-22,220,238220,Unanswered,Unknown/NotStated,1500,232390,,7500,,48610,,Subchapter S Corporation,194093,"JPMorgan Chase Bank, National Association",CHICAGO,IL,Male Owned,Unanswered,,291910.46,12/30/2020
4030257107,04/12/2020,0671,PPP,BATEMAN PLUMBING COMPANY,3405 SWENSEN RD,PEARLAND,TX,77581-4743,10/02/2021,Paid in Full,24,100,289937,289937,0,,70460,Capital Bank,10304 I-10 E at Mercury Dr,HOUSTON,TX,77029,U,N,N,Existing or more than 2 years old,PEARLAND,BRAZORIA,TX,77581-4743,TX-22,34,238220,Unanswered,Unknown/NotStated,,289937,,,,,,Corporation,70460,Capital Bank,HOUSTON,TX,Unanswered,Unanswered,,291845.35,02/12/2021
3596398409,02/05/2021,0671,PPS,BATEMAN PLUMBING COMPANY,3405 Swensen Rd,Pearland,TX,77581-4743,01/19/2022,Paid in Full,60,100,289936.75,289936.75,0,,70460,Capital Bank,10304 I-10 E at Mercury Dr,HOUSTON,TX,77029,U,N,N,Existing or more than 2 years old,Pearland,BRAZORIA,TX,77581-4743,TX-22,22,238220,Unanswered,Unknown/NotStated,1,289934.75,,,,,,Corporation,70460,Capital Bank,HOUSTON,TX,Unanswered,Unanswered,,292391.28,12/15/2021
2251667400,05/05/2020,0677,PPP,FIVE STAR AUTOMATIC FIRE PROTE,3520 Confederate,EL PASO,TX,79936-1401,02/16/2021,Paid in Full,24,100,289835,289835,0,,105986,GECU,1225 Airway Blvd,EL PASO,TX,79925-3620,U,N,N,Existing or more than 2 years old,EL PASO,EL PASO,TX,79936-1401,TX-16,36,238220,Unanswered,Hispanic or Latino,,289835,,,,,,Corporation,105986,GECU,EL PASO,TX,Male Owned,Unanswered,,291767.23,01/07/2021
7321638310,01/28/2021,0639,PPS,MOONBIZ INC,1579 N Lexington Blvd,Corpus Christi,TX,78409-1319,11/11/2021,Paid in Full,60,100,289817,289817,0,Roto-Rooter,44449,"PNC Bank, National Association",222 Delaware Ave,WILMINGTON,DE,19801-1621,U,Y,N,Existing or more than 2 years old,Corpus Christi,NUECES,TX,78409-1319,TX-27,23,238220,White,Not Hispanic or Latino,1,289812,,,,,,Corporation,44449,"PNC Bank, National Association",WILMINGTON,DE,Male Owned,Unanswered,,291821.57,10/06/2021
6806488306,01/27/2021,0671,PPS,CHERO-KEY PIPING COMPANY INC,1800 SHERWOOD FOREST STBLDG D-1,HOUSTON,TX,77043,02/19/2022,Paid in Full,60,100,289700,289700,0,,71783,Frost Bank,111 W Houston St,SAN ANTONIO,TX,78205-1414,U,N,N,Existing or more than 2 years old,HOUSTON,HARRIS,TX,77043,TX-02,28,238220,Unanswered,Unknown/NotStated,1,289695,,,,,,Corporation,71783,Frost Bank,SAN ANTONIO,TX,Female Owned,Veteran,,292485.88,01/18/2022
9069267001,04/09/2020,0671,PPP,"Z & C PLUMBING PARTNERSHIP, LTD.",3720 GREENHOUSE RD,HOUSTON,TX,77084-5512,01/13/2022,Paid in Full,24,100,289271,289271,0,,44449,"PNC Bank, National Association",222 Delaware Ave,WILMINGTON,DE,19801-1621,U,N,N,Existing or more than 2 years old,HOUSTON,HARRIS,TX,77084-5512,TX-08,19,238220,Unanswered,Unknown/NotStated,,289271,,,,,,Partnership,760,First Source Federal Credit Union,Rome,NY,Unanswered,Unanswered,,294277,12/28/2021
4882437102,04/13/2020,0610,PPP,MASTER TECH SERVICE CORP,11496 Luna Rd Ste 450-500,Dallas,TX,75234-9425,03/23/2021,Paid in Full,24,100,400360,288401,0,,77468,HomeTrust Bank,10 Woodfin St,ASHEVILLE,NC,28801-3022,U,N,Y,New Business or 2 years or less,Dallas,DALLAS,TX,75234-9425,TX-33,22,238220,White,Not Hispanic or Latino,,288401,,,,,,Corporation,77468,HomeTrust Bank,ASHEVILLE,NC,Male Owned,Non-Veteran,,290089.57,02/12/2021
5055947005,04/04/2020,0681,PPP,"KCA, INC.",136 INDUSTRIAL DR,BOERNE,TX,78006-3300,11/07/2020,Paid in Full,24,100,305672,287336,0,,69262,Texas Heritage Bank,1208 S Main St,BOERNE,TX,78006-2814,R,N,N,Existing or more than 2 years old,BOERNE,KENDALL,TX,78006-3300,TX-21,23,238220,Unanswered,Unknown/NotStated,,287336,,,,,,Subchapter S Corporation,69262,Texas Heritage Bank,BOERNE,TX,Unanswered,Unanswered,,288948.27,11/03/2020
3351987110,04/11/2020,0610,PPP,DIRECT SERVICE COMPANY,6850 N INTERSTATE 35E,WAXAHACHIE,TX,75165-1000,04/08/2021,Paid in Full,24,100,287000,287000,0,,72088,Citizens National Bank of Texas,200 N Elm St,Waxahachie,TX,75165-3614,R,N,N,Existing or more than 2 years old,WAXAHACHIE,ELLIS,TX,75165-1000,TX-06,30,238220,Unanswered,Unknown/NotStated,,287000,,,,,,Corporation,72088,Citizens National Bank of Texas,Waxahachie,TX,Female Owned,Unanswered,,289750.42,03/25/2021
1839547210,04/15/2020,0681,PPP,"AMERICAN WATERCARE, INC",530 S Interstate 35,ROUND ROCK,TX,78681,07/22/2021,Paid in Full,24,100,286915,286915,0,,48270,"JPMorgan Chase Bank, National Association",1111 Polaris Pkwy,COLUMBUS,OH,43240-2031,U,N,N,Existing or more than 2 years old,ROUND ROCK,WILLIAMSON,TX,78681-0199,TX-31,26,238220,Unanswered,Unknown/NotStated,1128,256876,1030,10000,,17881,,Subchapter S Corporation,194093,"JPMorgan Chase Bank, National Association",CHICAGO,IL,Male Owned,Non-Veteran,,290289.12,06/24/2021
4494818506,02/26/2021,0681,PPS,GUARANTEE PLUMBING & AIR CONDITIONING,4848 Whirlwind Dr,San Antonio,TX,78217-3715,03/10/2021,Charged Off,31,100,286596,286596,0,,529111,"FC Marketplace, LLC (dba Funding Circle)","85 2nd Street, Floor 4",San Francisco,CA,94105,U,Y,Y,Existing or more than 2 years old,San Antonio,BEXAR,TX,78217-3715,TX-35,29,238220,White,Not Hispanic or Latino,1,286592,,,,,,Corporation,529111,"FC Marketplace, LLC (dba Funding Circle)",San Francisco,CA,Unanswered,Unanswered,,,
9604147003,04/09/2020,0681,PPP,"STAR FINISHES ENTERPRISES, INC.",1205 Sheldon Cove Suite 1I,AUSTIN,TX,78753-5872,03/18/2021,Paid in Full,24,100,286100,286100,0,,465852,R Bank,3600 E Palm Valley Blvd,ROUND ROCK,TX,78665-3320,U,Y,Y,New Business or 2 years or less,AUSTIN,TRAVIS,TX,78753-5872,TX-17,27,238220,Unanswered,Unknown/NotStated,,286100,,,,,,Subchapter S Corporation,465852,R Bank,ROUND ROCK,TX,Unanswered,Unanswered,,288310.42,01/28/2021
5592977107,04/13/2020,0610,PPP,ROCKWALL HEATING AND AIR INCORPORATED,1551 E INTERSTATE 30 STE 400,ROCKWALL,TX,75087-6245,02/25/2021,Paid in Full,24,100,285500,285500,0,One Hour Air Conditioning & Heating,71476,"Guaranty Bank & Trust, National Association",100 W Arkansas,MOUNT PLEASANT,TX,75455-4420,U,N,N,Existing or more than 2 years old,ROCKWALL,ROCKWALL,TX,75087-6245,TX-04,19,238220,Unanswered,Unknown/NotStated,,285500,,,,,,Corporation,71476,"Guaranty Bank & Trust, National Association",MOUNT PLEASANT,TX,Unanswered,Unanswered,,287348.62,02/16/2021
8525427306,05/01/2020,0681,PPP,EXCALIBUR PLUMBING LLC,11880 Old Farm to Market Rd 2243 Suite 308,Leander,TX,78642,04/19/2022,Paid in Full,24,100,285319,285319,0,,121536,Customers Bank,40 General Warren Blvd,Malvern,PA,19355,U,N,N,Existing or more than 2 years old,Leander,WILLIAMSON,TX,78642-0001,TX-31,21,238220,Unanswered,Unknown/NotStated,,285319,,,,,,Limited  Liability Company(LLC),121536,Customers Bank,Malvern,PA,Unanswered,Unanswered,,245983.36,08/10/2021
5990177109,04/14/2020,0639,PPP,MOONBIZ INC,1579 N LEXINGTON BLVD,CORPUS CHRISTI,TX,78409,02/12/2021,Paid in Full,24,100,284900,284900,0,,44449,"PNC Bank, National Association",222 Delaware Ave,WILMINGTON,DE,19801-1621,U,Y,N,Existing or more than 2 years old,CORPUS CHRISTI,NUECES,TX,78409-1200,TX-27,27,238220,White,Not Hispanic or Latino,,284900,,,,,,Corporation,44449,"PNC Bank, National Association",WILMINGTON,DE,Male Owned,Unanswered,,286973.44,01/08/2021
9989928607,03/26/2021,0681,PPS,KCE MECHANICAL INC,4702 N State Highway 123 Ste C Suite C,San Marcos,TX,78666-9421,12/08/2021,Paid in Full,60,100,284587,284587,0,,71727,Broadway National Bank,1177 NE Loop 410,SAN ANTONIO,TX,78209-1517,R,Y,N,Existing or more than 2 years old,San Marcos,HAYS,TX,78666-9421,TX-15,15,238220,Unanswered,Hispanic or Latino,1,284581,,,,,,Subchapter S Corporation,71727,Broadway National Bank,SAN ANTONIO,TX,Male Owned,Unanswered,,286413.1,11/26/2021
9447778605,03/26/2021,0671,PPS,GARY E KIRBY,5119 Fulton St,Houston,TX,77009-2608,03/10/2022,Paid in Full,60,100,284375,284375,0,,451098,Stellar Bank,8727 W Sam Houston Pkwy North,HOUSTON,TX,77040-5167,U,Y,Y,Existing or more than 2 years old,Houston,HARRIS,TX,77009-2608,TX-29,20,238220,Unanswered,Unknown/NotStated,,284375,,,,,,Limited  Liability Company(LLC),71523,Stellar Bank,Beaumont,TX,Unanswered,Unanswered,,286930.48,02/23/2022
7635448609,03/24/2021,0671,PPS,RUTTY & MORRIS LLC,3703 Nederland Ave,Nederland,TX,77627-7243,04/13/2022,Paid in Full,60,100,283352.05,283352.05,0,,454766,Third Coast Bank,"20202 Hwy 59 North, Ste 190",Humble,TX,77338,U,N,N,Existing or more than 2 years old,Nederland,JEFFERSON,TX,77627-7243,TX-14,18,238220,Unanswered,Unknown/NotStated,1,283350.05,,,,,,Limited  Liability Company(LLC),454766,Third Coast Bank,Humble,TX,Unanswered,Unanswered,,285988.8,03/15/2022
8388688509,03/09/2021,0610,PPS,WELCH HVAC INC.,118 Lynn Ave Ste 602,Lewisville,TX,75057-3706,11/20/2021,Paid in Full,60,100,282700,282700,0,,71783,Frost Bank,111 W Houston St,SAN ANTONIO,TX,78205-1414,U,Y,Y,Existing or more than 2 years old,Lewisville,DENTON,TX,75057-3706,TX-26,16,238220,Unanswered,Not Hispanic or Latino,,282700,,,,,,Corporation,71783,Frost Bank,SAN ANTONIO,TX,Male Owned,Unanswered,,284287.77,10/04/2021
9556307008,04/09/2020,0671,PPP,PACE MECHANICAL SERVICES,13335 MURPHY RD STE B,STAFFORD,TX,77477-4237,04/23/2021,Paid in Full,24,100,282700,282700,0,,71783,Frost Bank,111 W Houston St,SAN ANTONIO,TX,78205-1414,U,N,N,Existing or more than 2 years old,STAFFORD,FORT BEND,TX,77477-4237,TX-09,30,238220,Unanswered,Unknown/NotStated,,282700,,,,,,Limited  Liability Company(LLC),71783,Frost Bank,SAN ANTONIO,TX,Unanswered,Unanswered,,285286.9,03/18/2021
5195647000,04/05/2020,0681,PPP,COX PLUMBING CO.,4050 W HIGHWAY 290,DRIPPING SPRINGS,TX,78620-3556,04/06/2021,Paid in Full,24,100,282500,282500,0,,70134,Horizon Bank SSB,"600, W. 5th St.",Austin,TX,78701,R,N,N,Existing or more than 2 years old,DRIPPING SPRINGS,HAYS,TX,78620-3556,TX-25,22,238220,Unanswered,Not Hispanic or Latino,,282500,,,,,,Corporation,70134,Horizon Bank SSB,Austin,TX,Male Owned,Unanswered,,285293.61,03/31/2021
1382337107,04/10/2020,0610,PPP,TEXAS BUILT PLUMBING LLC,5001 NORTH FWY STE 147,FORT WORTH,TX,76106-1811,04/23/2021,Paid in Full,24,100,281700,281700,0,,71783,Frost Bank,111 W Houston St,SAN ANTONIO,TX,78205-1414,U,Y,Y,Existing or more than 2 years old,FORT WORTH,TARRANT,TX,76106-1811,TX-12,24,238220,Unanswered,Not Hispanic or Latino,,281700,,,,,,Limited  Liability Company(LLC),71783,Frost Bank,SAN ANTONIO,TX,Male Owned,Non-Veteran,,284208.29,03/12/2021
9775368501,03/12/2021,0639,PPS,CANTU'S PLUMBING INC.,2710 N Conway Ave,Mission,TX,78574-2143,04/19/2022,Paid in Full,60,100,281700,281700,0,,71664,Vantage Bank Texas,"45 NE Loop 410, Ste 190",SAN ANTONIO,TX,78216-5870,U,Y,N,Existing or more than 2 years old,Mission,HIDALGO,TX,78574-2143,TX-15,38,238220,Unanswered,Unknown/NotStated,1,281698,,,,,,Corporation,71664,Vantage Bank Texas,SAN ANTONIO,TX,Unanswered,Unanswered,,284416.67,03/07/2022
7290217106,04/14/2020,0671,PPP,MID COUNTY PLUMBING LLC,2222 Spurlock Road,Nederland,TX,77627-4727,10/16/2021,Paid in Full,24,100,280200,280200,0,,454766,Third Coast Bank,"20202 Hwy 59 North, Ste 190",Humble,TX,77338,U,N,N,Existing or more than 2 years old,Nederland,JEFFERSON,TX,77627-4727,TX-14,27,238220,Unanswered,Unknown/NotStated,,280200,,,,,,Limited  Liability Company(LLC),454766,Third Coast Bank,Humble,TX,Unanswered,Unanswered,,280570.28,03/18/2021
5359577000,04/05/2020,0610,PPP,"COMFORT TECHNOLOGIES, LLC",2311 MICHIGAN CT.,DALWORTHINGTON GARDENS,TX,76016-5870,07/17/2021,Paid in Full,24,100,280000,280000,0,,59358,"BOKF, National Association",One Williams Center,TULSA,OK,74172-0140,U,N,N,Existing or more than 2 years old,DALWORTHINGTON GARDENS,TARRANT,TX,76016-5870,TX-25,19,238220,Unanswered,Unknown/NotStated,,280000,,,,,,Limited  Liability Company(LLC),59358,"BOKF, National Association",TULSA,OK,Unanswered,Unanswered,,283313.33,06/10/2021
4031938304,01/22/2021,0671,PPS,COBB AIR CONDITIONING INC,1458 Interstate 10 E,Beaumont,TX,77703-5224,08/18/2021,Paid in Full,60,100,279500,279500,0,,454766,Third Coast Bank,"20202 Hwy 59 North, Ste 190",Humble,TX,77338,U,Y,Y,Existing or more than 2 years old,Beaumont,JEFFERSON,TX,77703-5224,TX-14,26,238220,Unanswered,Unknown/NotStated,1,279499,,,,,,Corporation,454766,Third Coast Bank,Humble,TX,Unanswered,Unanswered,,280664.58,07/02/2021
8812277007,04/08/2020,0671,PPP,"KRISTYNIK INVESTMENTS, LLC",2502 CLARKS LN,BRYAN,TX,77808-1307,04/07/2021,Paid in Full,24,100,279500,279500,0,,69085,The Brenham National Bank,2211 S Day St,Brenham,TX,77833,U,N,N,Existing or more than 2 years old,BRYAN,BRAZOS,TX,77808-1307,TX-17,33,238220,Unanswered,Unknown/NotStated,,279500,,,,,,Limited  Liability Company(LLC),69085,The Brenham National Bank,Brenham,TX,Unanswered,Unanswered,,282038.79,03/11/2021
6907037009,04/07/2020,0610,PPP,"TRINITY AIR CONDITIONING, INC.",1515 ARCHER CITY HWY,WICHITA FALLS,TX,76302-5106,02/23/2021,Paid in Full,24,100,279200,279200,0,,69819,Prosperity Bank,1301 N Mechanic,El Campo,TX,77437,U,Y,Y,Existing or more than 2 years old,WICHITA FALLS,WICHITA,TX,76302-5106,TX-13,32,238220,White,Not Hispanic or Latino,,279200,,,,,,Corporation,123367,Prosperity Bank,Midland,TX,Male Owned,Non-Veteran,,281402.58,01/25/2021
6508847106,04/14/2020,0610,PPP,BILLYGO LLC,923 Minters Chapel Road,Grapevine,TX,76051-4134,06/09/2021,Paid in Full,24,100,334500,279100,0,,68987,Independent Bank d/b/a Independent Financial,3090 Craig Dr,MCKINNEY,TX,75070-4352,U,N,Y,Existing or more than 2 years old,Grapevine,TARRANT,TX,76051-4134,TX-24,25,238220,Unanswered,Unknown/NotStated,1500,267600,,10000,,,,Limited  Liability Company(LLC),68987,Independent Bank d/b/a Independent Financial,MCKINNEY,TX,Unanswered,Unanswered,,282015.04,05/06/2021
1841488309,01/20/2021,0681,PPS,"AXXON SERVICES, INC.",352 Spencer Ln,San Antonio,TX,78201-2018,07/13/2021,Paid in Full,60,100,279000,279000,0,,71592,Lone Star National Bank,206 W Ferguson,PHARR,TX,78577-2404,U,Y,Y,Existing or more than 2 years old,San Antonio,BEXAR,TX,78201-2018,TX-20,17,238220,Unanswered,Hispanic or Latino,1,278994,,,,,,Corporation,71592,Lone Star National Bank,PHARR,TX,Female Owned,Non-Veteran,,280030.75,06/23/2021
4919258500,02/26/2021,0671,PPP,TRINITY VALLEY HVAC SERVICES LLC,2305 Edgewood St,Liberty,TX,77575-4209,03/18/2021,Charged Off,36,100,278991,278991,0,,456756,Cross River Bank,885 Teaneck Rd,TEANECK,NJ,07666-4546,R,Y,N,Existing or more than 2 years old,Liberty,LIBERTY,TX,77575-4209,TX-36,15,238220,White,Not Hispanic or Latino,1,278985,,,,,,Limited  Liability Company(LLC),456756,Cross River Bank,TEANECK,NJ,Male Owned,Non-Veteran,,,
7096037009,04/07/2020,0610,PPP,SHELTON PLUMBING INC,11339 CEDAR ROCK PARKWAY,CRAWFORD,TX,76638-3432,08/10/2021,Paid in Full,24,100,278700,278700,0,,68987,Independent Bank d/b/a Independent Financial,3090 Craig Dr,MCKINNEY,TX,75070-4352,U,N,N,Existing or more than 2 years old,CRAWFORD,MCLENNAN,TX,76638-3432,TX-17,32,238220,Unanswered,Unknown/NotStated,,278700,,,,,,Corporation,68987,Independent Bank d/b/a Independent Financial,MCKINNEY,TX,Unanswered,Unanswered,,282137.3,07/09/2021
2400907710,05/01/2020,0681,PPP,CLC PLUMBING LLC DBA L.J. CROSS PLUMBING,1007 RANCH ROAD 620 S STE 100,AUSTIN,TX,78734,07/21/2021,Paid in Full,24,100,278512,278512,0,,48270,"JPMorgan Chase Bank, National Association",1111 Polaris Pkwy,COLUMBUS,OH,43240-2031,U,N,N,Existing or more than 2 years old,AUSTIN,TRAVIS,TX,78734-0001,TX-10,25,238220,Unanswered,Unknown/NotStated,500,268810,,9202,,,,Limited  Liability Company(LLC),194093,"JPMorgan Chase Bank, National Association",CHICAGO,IL,Unanswered,Unanswered,,281559.85,06/08/2021
9807697004,04/09/2020,0671,PPP,"BASS PLUMBING, LLC",4011 HICKS LN,COLLEGE STATION,TX,77845-3063,08/07/2021,Paid in Full,24,100,278400,278400,0,,68922,First Financial Bank,400 Pine St,ABILENE,TX,79601-5108,U,N,N,Existing or more than 2 years old,COLLEGE STATION,BRAZOS,TX,77845-3063,TX-10,32,238220,Unanswered,Unknown/NotStated,69600,208800,,,,,,Limited  Liability Company(LLC),68922,First Financial Bank,ABILENE,TX,Unanswered,Unanswered,,282026.93,07/27/2021
6123597200,04/27/2020,0681,PPP,TEZEL AND COTTER AIR CONDITIONING LP,2730 CASTROVILLE RD,SAN ANTONIO,TX,78237-3341,08/14/2021,Paid in Full,60,100,278100,278100,0,,71592,Lone Star National Bank,206 W Ferguson,PHARR,TX,78577-2404,U,Y,Y,Existing or more than 2 years old,SAN ANTONIO,BEXAR,TX,78237-3341,TX-20,23,238220,Unanswered,Unknown/NotStated,,278100,,,,,,Limited Liability Partnership,71592,Lone Star National Bank,PHARR,TX,Unanswered,Unanswered,,281383.12,07/20/2021
4784228406,02/06/2021,0681,PPS,INTERNATIONAL MECHANICAL SERVICES,1914 Breeden Ave,San Antonio,TX,78212-2148,04/09/2022,Paid in Full,60,100,277820,277820,0,,71727,Broadway National Bank,1177 NE Loop 410,SAN ANTONIO,TX,78209-1517,U,N,Y,Existing or more than 2 years old,San Antonio,BEXAR,TX,78212-2148,TX-35,22,238220,Unanswered,Not Hispanic or Latino,1,277817,,,,,,Corporation,71727,Broadway National Bank,SAN ANTONIO,TX,Male Owned,Non-Veteran,,280945.47,03/30/2022
3569298408,02/05/2021,0671,PPP,BARTSCH SERVICES,1440 Lake Front Cir Ste 155,The Woodlands,TX,77380-3630,07/09/2022,Paid in Full,60,100,277307,277307,0,,12096,"Wells Fargo Bank, National Association",101 N Philips Ave,SIOUX FALLS,SD,57104-6738,U,N,N,Existing or more than 2 years old,The Woodlands,MONTGOMERY,TX,77380-3630,TX-02,13,238220,Unanswered,Unknown/NotStated,1,277304,,,,,,Corporation,12096,"Wells Fargo Bank, National Association",SIOUX FALLS,SD,Unanswered,Unanswered,,281098.13,06/23/2022
7849088810,04/22/2021,0671,PPS,PRIORITY PLUMBING LLC,4210 Highland Lks,Montgomery,TX,77316-2067,04/20/2022,Paid in Full,60,100,277182,277182,0,,48270,"JPMorgan Chase Bank, National Association",1111 Polaris Pkwy,COLUMBUS,OH,43240-2031,U,N,N,Existing or more than 2 years old,Montgomery,MONTGOMERY,TX,77316-2067,TX-08,13,238220,Unanswered,Not Hispanic or Latino,1,277177,,,,,,Limited  Liability Company(LLC),48270,"JPMorgan Chase Bank, National Association",COLUMBUS,OH,Male Owned,Non-Veteran,,279589.02,03/14/2022
4062858601,03/17/2021,0677,PPS,CENTURY FIRE SYSTEMS LLC,490 Eagle Dr,El Paso,TX,79912-5683,02/16/2022,Paid in Full,60,100,276900,276900,0,,113154,WestStar Bank,"601 N Mesa St, Ste 1100",El Paso,TX,79901,U,Y,N,Existing or more than 2 years old,El Paso,EL PASO,TX,79912-5683,TX-16,25,238220,White,Hispanic or Latino,,276899,,,,,,Limited  Liability Company(LLC),113154,WestStar Bank,El Paso,TX,Female Owned,Non-Veteran,,279130.58,01/11/2022
4565697008,04/03/2020,0677,PPP,"CENTURY FIRE SYSTEMS, LLC",490 Eagle Drive,EL PASO,TX,79912-5683,12/24/2020,Paid in Full,24,100,276900,276900,0,,113154,WestStar Bank,"601 N Mesa St, Ste 1100",El Paso,TX,79901,U,Y,N,Existing or more than 2 years old,EL PASO,EL PASO,TX,79912-5683,TX-16,28,238220,White,Hispanic or Latino,,276900,,,,,,Limited  Liability Company(LLC),113154,WestStar Bank,El Paso,TX,Female Owned,Non-Veteran,,278453.72,11/03/2020
2952757308,04/29/2020,0671,PPP,GEO PRODUCTS LLC,"4545 BISSONNET ST, SUITE 115",BELLAIRE,TX,77401,08/18/2021,Paid in Full,24,100,276774,276774,0,,67422,First Horizon Bank,165 Madison Ave,MEMPHIS,TN,38103-2723,U,N,N,Existing or more than 2 years old,BELLAIRE,HARRIS,TX,77401-1000,TX-07,37,238220,White,Not Hispanic or Latino,,276774,,,,,,Limited  Liability Company(LLC),78586,"IberiaBank, A Division of First Horizon Bank",Lafayette,LA,Male Owned,Non-Veteran,,279972.28,07/06/2021
7654457208,04/28/2020,0681,PPP,"NORTH EAST AIR CONDITIONING, HEATING & PLUMBING SERVICES, IN",611 S. SEGUIN RD,CONVERSE,TX,78109-2003,08/07/2021,Paid in Full,24,100,276000,276000,0,,69225,"American Bank, National Association",5120 S. Padre Island Dr,CORPUS CHRISTI,TX,78411-4208,U,N,N,Existing or more than 2 years old,CONVERSE,BEXAR,TX,78109-2003,TX-28,24,238220,White,Not Hispanic or Latino,5000,259000,,12000,,,,Corporation,358513,American Bank National Association,Universal City,TX,Female Owned,Non-Veteran,,279342.67,07/19/2021
7616687206,04/28/2020,0671,PPP,"BETRON, LLC",11842 BEINHORN DR,HOUSTON,TX,77065-1608,12/24/2020,Paid in Full,24,100,275000,275000,0,,451098,Stellar Bank,8727 W Sam Houston Pkwy North,HOUSTON,TX,77040-5167,U,N,N,Existing or more than 2 years old,HOUSTON,HARRIS,TX,77065-1608,TX-38,16,238220,Unanswered,Unknown/NotStated,,275000,,,,,,Limited  Liability Company(LLC),451098,Stellar Bank,HOUSTON,TX,Unanswered,Unanswered,,276535.42,11/27/2020
7645768310,01/28/2021,0681,PPS,GUARANTEE PLUMBING & AIR CONDITIONING INC.,4848 Whirlwind Dr,San Antonio,TX,78217-3715,04/19/2022,Paid in Full,60,100,274408.36,274408.36,0,,110352,First Bank of the Lake,"4558 Osage Beach Pkwy, Ste 100",OSAGE BEACH,MO,65065-2372,U,Y,Y,Existing or more than 2 years old,San Antonio,BEXAR,TX,78217-3715,TX-35,22,238220,White,Not Hispanic or Latino,1,274404.36,,,,,,Corporation,110352,First Bank of the Lake,OSAGE BEACH,MO,Female Owned,Non-Veteran,,277434.47,03/21/2022
2488427200,04/16/2020,0671,PPP,"SAYE PLUMBING CONTRACTORS, INC. HOUSTON",9616 TELGE RD,HOUSTON,TX,77095-5113,12/24/2020,Paid in Full,24,100,274300,274300,0,,69819,Prosperity Bank,1301 N Mechanic,El Campo,TX,77437,U,N,N,Existing or more than 2 years old,HOUSTON,HARRIS,TX,77095-5113,TX-07,29,238220,Unanswered,Unknown/NotStated,,274300,,,,,,Subchapter S Corporation,69819,Prosperity Bank,El Campo,TX,Unanswered,Unanswered,,275908.22,11/23/2020
4900488303,01/23/2021,0639,PPS,FAIRES PLUMBING CO INC,7810 E Mile 17 1/2 Rd,Edinburg,TX,78542-1782,03/03/2021,Paid in Full,60,100,273050,273050,0,,70073,Dominion Bank,17304 Preston Road Suite 1100,Dallas,TX,75252,U,Y,N,Existing or more than 2 years old,Edinburg,HIDALGO,TX,78542-1782,TX-15,26,238220,Unanswered,Unknown/NotStated,1,273047,,,,,,Corporation,70073,Dominion Bank,Dallas,TX,Unanswered,Unanswered,,274164.95,06/30/2021
6312177202,04/27/2020,0639,PPP,CANTUS PLUMBING INC,2710 N Conway,MISSION,TX,78574-2143,09/21/2021,Paid in Full,24,100,272997,272997,0,,71664,Vantage Bank Texas,"45 NE Loop 410, Ste 190",SAN ANTONIO,TX,78216-5870,U,N,Y,Existing or more than 2 years old,MISSION,HIDALGO,TX,78574-2143,TX-15,39,238220,White,Hispanic or Latino,27299.7,245697.3,,,,,,Corporation,71664,Vantage Bank Texas,SAN ANTONIO,TX,Male Owned,Non-Veteran,,276385.15,08/03/2021
4226987203,04/27/2020,0671,PPP,TRADEMARK PLUMBLING INC,17651 TELGE ROAD,CYPRESS,TX,77447,11/06/2021,Paid in Full,24,100,272400,272400,0,,70410,Woodforest National Bank,1330 Lake Robbins Dr,THE WOODLANDS,TX,77380-3266,U,N,N,New Business or 2 years or less,CYPRESS,HARRIS,TX,77447-0001,TX-10,16,238220,Unanswered,Unknown/NotStated,,272400,,,,,,Corporation,70410,Woodforest National Bank,THE WOODLANDS,TX,Unanswered,Unanswered,,276327.1,10/15/2021
1434647708,05/01/2020,0610,PPP,"EVERFLOW PLUMBING, LLC",118 DUSTIN DR,FATE,TX,75189,06/22/2021,Paid in Full,24,100,271822,271822,0,,48270,"JPMorgan Chase Bank, National Association",1111 Polaris Pkwy,COLUMBUS,OH,43240-2031,U,N,N,Existing or more than 2 years old,FATE,ROCKWALL,TX,75189-0001,TX-04,310,238220,Unanswered,Unknown/NotStated,9200,216000,2444,16800,,27378,,Limited  Liability Company(LLC),194093,"JPMorgan Chase Bank, National Association",CHICAGO,IL,Unanswered,Unanswered,,274500.65,04/29/2021
6185998302,01/26/2021,0671,PPS,TRAVIS DAVIS,3201 TX-146,Baytown,TX,77520,05/13/2022,Paid in Full,60,100,271625,271625,0,,451098,Stellar Bank,8727 W Sam Houston Pkwy North,HOUSTON,TX,77040-5167,U,N,Y,Existing or more than 2 years old,Baytown,HARRIS,TX,77520,TX-36,21,238220,Unanswered,Unknown/NotStated,1,271620,,,,,,Limited  Liability Company(LLC),71523,Stellar Bank,Beaumont,TX,Unanswered,Unanswered,,274683.57,04/12/2022
7752558606,03/24/2021,0671,PPS,BRIGADE FIRE SOLUTIONS LLC,17419 Village Green Dr,Jersey Village,TX,77040-1004,02/18/2022,Paid in Full,60,100,271437,271437,0,,48270,"JPMorgan Chase Bank, National Association",1111 Polaris Pkwy,COLUMBUS,OH,43240-2031,U,N,Y,Existing or more than 2 years old,Jersey Village,HARRIS,TX,77040-1004,TX-38,26,238220,Unanswered,Unknown/NotStated,1,271435,,,,,,Limited  Liability Company(LLC),48270,"JPMorgan Chase Bank, National Association",COLUMBUS,OH,Unanswered,Unanswered,,273602.01,01/13/2022
9860168407,02/18/2021,0610,PPS,GORMAN MECHANICAL INC.,1624 Southeast Pkwy,Azle,TX,76020-3923,09/17/2022,Paid in Full,24,100,271422,271422,0,,105928,EECU,1617 W 7th St,FORT WORTH,TX,76102-2503,U,Y,N,Existing or more than 2 years old,Azle,TARRANT,TX,76020-3923,TX-12,25,238220,Unanswered,Unknown/NotStated,,271422,,,,,,Corporation,105928,EECU,FORT WORTH,TX,Unanswered,Unanswered,,275378.07,08/15/2022
1876827101,04/10/2020,0610,PPP,"GARLAND HEATING AND AIR CONDITIONING CO., INC.",2113 S. GARLAND AVE,GARLAND,TX,75041-1502,04/07/2021,Paid in Full,24,100,270477.5,270477.5,0,,69380,Inwood National Bank,7621 Inwood Rd,DALLAS,TX,75209-4021,U,Y,Y,Existing or more than 2 years old,GARLAND,DALLAS,TX,75041-1502,TX-05,28,238220,Unanswered,Unknown/NotStated,,270477.5,,,,,,Corporation,69380,Inwood National Bank,DALLAS,TX,Unanswered,Unanswered,,272952.55,03/31/2021
4786087006,04/04/2020,0671,PPP,"LUYCX PLUMBING CO., INC.",603 S LAZY LANE,CLUTE,TX,77531-5209,12/18/2020,Paid in Full,24,100,270100,270100,0,,69195,First State Bank,200 N Brazosport Blvd,CLUTE,TX,77531-3704,U,Y,Y,Existing or more than 2 years old,CLUTE,BRAZORIA,TX,77531-5209,TX-14,23,238220,White,Not Hispanic or Latino,67500,202600,,,,,,Subchapter S Corporation,69195,First State Bank,CLUTE,TX,Male Owned,Unanswered,,271757.6,11/23/2020
2416428502,02/20/2021,0671,PPS,DISCOVERY PLUMBING SOLUTIONS INC.,12902 Haynes Rd Ste D,Houston,TX,77066-1119,02/18/2022,Paid in Full,60,100,216781,269980,0,,188567,Loan Source Incorporated,353 East 83rd Street Suite 3H,NEW YORK,NY,10028,U,N,N,Existing or more than 2 years old,Houston,HARRIS,TX,77066-1119,TX-18,24,238220,White,Not Hispanic or Latino,,269980,,,,,,Corporation,39334,Trustmark National Bank,JACKSON,MS,Male Owned,Non-Veteran,,271762.61,10/26/2021
4888777100,04/13/2020,0639,PPP,"CCAC, INC.",4325 Lake Ontario Dr,CORPUS CHRISTI,TX,78413-5816,12/19/2020,Paid in Full,24,100,269700,269700,0,,71783,Frost Bank,111 W Houston St,SAN ANTONIO,TX,78205-1414,U,N,N,Existing or more than 2 years old,CORPUS CHRISTI,NUECES,TX,78413-5816,TX-27,23,238220,Unanswered,Unknown/NotStated,,269700,,,,,,Corporation,71783,Frost Bank,SAN ANTONIO,TX,Unanswered,Unanswered,,271140.86,11/03/2020
5094227102,04/13/2020,0681,PPP,"MURRAY PLUMBING CO, LLC",4430 Centergate St.,SAN ANTONIO,TX,78217-4806,05/20/2021,Paid in Full,24,100,268700,268700,0,,447956,Texas Partners Bank,1900 NW Loop 410,SAN ANTONIO,TX,78213-2320,U,Y,Y,Existing or more than 2 years old,SAN ANTONIO,BEXAR,TX,78217-4806,TX-35,21,238220,Unanswered,Unknown/NotStated,,268700,,,,,,Limited  Liability Company(LLC),447956,Texas Partners Bank,SAN ANTONIO,TX,Male Owned,Unanswered,,271528.81,05/13/2021
2938627101,04/11/2020,0678,PPP,"B&W ENTERPRISES, INC.",11780 HIGHWAY 152,PAMPA,TX,79065-1408,12/04/2020,Paid in Full,24,100,268000,268000,0,,444645,HTLF Bank,"1800 Larimer St, Ste 100",DENVER,CO,80202-1404,U,Y,N,Existing or more than 2 years old,PAMPA,GRAY,TX,79065-1408,TX-13,22,238220,White,Not Hispanic or Latino,,268000,,,,,,Subchapter S Corporation,70799,"First Bank and Trust, A Division of HTLF Bank",Littlefield,TX,Male Owned,Non-Veteran,,269453.81,11/05/2020
6447638300,01/27/2021,0681,PPS,YATES COMPANY LLC,4738 Whirlwind Dr,San Antonio,TX,78217-3719,01/31/2022,Paid in Full,60,100,267400,267400,0,,71783,Frost Bank,111 W Houston St,SAN ANTONIO,TX,78205-1414,U,Y,Y,Existing or more than 2 years old,San Antonio,BEXAR,TX,78217-3719,TX-35,25,238220,White,Not Hispanic or Latino,1,267396,,,,,,Limited  Liability Company(LLC),71783,Frost Bank,SAN ANTONIO,TX,Female Owned,Non-Veteran,,269729.68,12/14/2021
8098307310,05/01/2020,0681,PPP,J & N SERVICES LLC,595 MOUNT LOOKOUT DR,CANYON LAKE,TX,78133-3564,12/16/2021,Charged Off,1,100,181307,267349,0,,9551,"Bank of America, National Association","100 N Tryon St, Ste 170",CHARLOTTE,NC,28202-4024,R,N,N,Existing or more than 2 years old,CANYON LAKE,COMAL,TX,78133-3564,TX-21,60,238220,Unanswered,Unknown/NotStated,,267349,,,,,,Limited  Liability Company(LLC),9551,"Bank of America, National Association",CHARLOTTE,NC,Unanswered,Unanswered,,,
7941898406,02/12/2021,0671,PPS,SMITH SPECIALTY CONTRACTORS INC,10400 Rodgers Rd,Houston,TX,77070-1642,09/28/2021,Paid in Full,60,100,267344,267344,0,,4679,Simmons Bank,501 Main St,PINE BLUFF,AR,71601-4327,U,N,N,Existing or more than 2 years old,Houston,HARRIS,TX,77070-1642,TX-38,18,238220,Unanswered,Unknown/NotStated,1,267338,,,,,,Corporation,71902,Simmons Bank,COLLEGE STATION,TX,Male Owned,Unanswered,,268603.81,08/17/2021
3860928500,02/24/2021,0610,PPS,ROCKWALL HEATING AND AIR INCORPORATED,1551 E Interstate 30,Rockwall,TX,75087-6245,06/01/2022,Paid in Full,60,100,266700,266700,0,,71476,"Guaranty Bank & Trust, National Association",100 W Arkansas,MOUNT PLEASANT,TX,75455-4420,U,N,N,Existing or more than 2 years old,Rockwall,ROCKWALL,TX,75087-6245,TX-04,14,238220,Unanswered,Unknown/NotStated,1,266697,,,,,,Corporation,71476,"Guaranty Bank & Trust, National Association",MOUNT PLEASANT,TX,Unanswered,Unanswered,,269995.39,05/24/2022
8664808309,01/29/2021,0671,PPS,"CTI FIELD SERVICES, INC.",2826 Center St,Deer Park,TX,77536-4945,03/10/2021,Paid in Full,60,100,266640,266640,0,,124397,First Secure Community Bank,670 N Sugar Grove Pkwy Rte 47,Sugar Grove,IL,60554,U,N,N,Existing or more than 2 years old,Deer Park,HARRIS,TX,77536-4945,TX-36,9,238220,Unanswered,Unknown/NotStated,,266640,,,,,,Corporation,124397,First Secure Community Bank,Sugar Grove,IL,Unanswered,Unanswered,,269506.38,03/03/2022
2281717109,04/10/2020,0671,PPP,DISCOVERY PLUMBING SOLUTIONS INC.,12902 HAYNES RD STE D,HOUSTON,TX,77066-1110,02/23/2021,Paid in Full,24,100,266482,266482,0,,39334,Trustmark National Bank,248 E Capitol St,JACKSON,MS,39201-2503,U,N,N,Existing or more than 2 years old,HOUSTON,HARRIS,TX,77066-1110,TX-18,25,238220,Unanswered,Unknown/NotStated,,266482,,,,,,Corporation,39334,Trustmark National Bank,JACKSON,MS,Male Owned,Non-Veteran,,268532.43,01/25/2021
2135718804,04/11/2021,0610,PPS,BREEZE MECHANICAL LLC,7600 Pebble Dr,Fort Worth,TX,76118-6994,10/15/2022,Paid in Full,60,100,265794,265794,0,,456756,Cross River Bank,885 Teaneck Rd,TEANECK,NJ,07666-4546,U,N,Y,Existing or more than 2 years old,Fort Worth,TARRANT,TX,76118-6994,TX-12,19,238220,Unanswered,Unknown/NotStated,1,265791,,,,,,Limited  Liability Company(LLC),456756,Cross River Bank,TEANECK,NJ,Unanswered,Unanswered,,269624.35,09/23/2022
4964577102,04/13/2020,0610,PPP,"JMS INTEGRATED BUILDING SOLUTIONS, LLC",1840 Hutton Dr.,Carrollton,TX,75006-6619,06/09/2021,Paid in Full,24,100,265500,265500,0,,68987,Independent Bank d/b/a Independent Financial,3090 Craig Dr,MCKINNEY,TX,75070-4352,U,N,N,Existing or more than 2 years old,Carrollton,DALLAS,TX,75006-6619,TX-24,24,238220,Unanswered,Unknown/NotStated,2200,248500,,14800,,,,Corporation,68987,Independent Bank d/b/a Independent Financial,MCKINNEY,TX,Unanswered,Unanswered,,268332,05/13/2021
4625378310,01/23/2021,0610,PPS,AIRCO PLUMBING & MECHANICAL LLC,301 State Highway 79,Wichita Falls,TX,76301-7552,04/15/2022,Paid in Full,60,100,264700,264700,0,,69079,The Brady National Bank,101 S Blackburn St,BRADY,TX,76825-4504,U,Y,Y,Existing or more than 2 years old,Wichita Falls,WICHITA,TX,76301-7552,TX-13,18,238220,Unanswered,Unknown/NotStated,,264700,,,,,,Subchapter S Corporation,69079,The Brady National Bank,BRADY,TX,Male Owned,Non-Veteran,,265979.38,07/19/2021
4938857001,04/04/2020,0610,PPP,"AIRCO PLUMBING & MECHANICAL, LLC",1211 ST. Hwy. 79 N.,WICHITA FALLS,TX,76305-8858,12/24/2020,Paid in Full,24,100,264500,264500,0,,69819,Prosperity Bank,1301 N Mechanic,El Campo,TX,77437,U,N,Y,Existing or more than 2 years old,WICHITA FALLS,WICHITA,TX,76305-8858,TX-13,18,238220,Unanswered,Not Hispanic or Latino,,264500,,,,,,Subchapter S Corporation,123367,Prosperity Bank,Midland,TX,Male Owned,Non-Veteran,,266020.88,11/03/2020
9536247300,05/02/2020,0671,PPP,"SANTHOFF PLUMBING, INC",6330 Alder Dr,houston,TX,77081-4413,05/13/2021,Paid in Full,24,100,263400,263400,0,,69819,Prosperity Bank,1301 N Mechanic,El Campo,TX,77437,U,Y,Y,Existing or more than 2 years old,houston,HARRIS,TX,77081-4413,TX-07,21,238220,Unanswered,Not Hispanic or Latino,,263400,,,,,,Corporation,69819,Prosperity Bank,El Campo,TX,Male Owned,Veteran,,265745.34,04/05/2021
1436458307,01/17/2021,0610,PPS,SNB MECHANICAL CONTRACTORS INC,104 Galveston St,Wichita Falls,TX,76301-5315,09/18/2021,Paid in Full,60,100,263300,263300,0,,69129,First Bank,300 E Third St,BURKBURNETT,TX,76354-3437,U,Y,Y,Existing or more than 2 years old,Wichita Falls,WICHITA,TX,76301-5315,TX-13,25,238220,Unanswered,Unknown/NotStated,1,263299,,,,,,Corporation,69129,First Bank,BURKBURNETT,TX,Unanswered,Unanswered,,264806.66,08/17/2021
7005797009,04/07/2020,0610,PPP,"SNB MECHANICAL CONTRACTORS, INC",104 GALVESTON ST,WICHITA FALLS,TX,76301-5315,12/09/2020,Paid in Full,24,100,263300,263300,0,,69129,First Bank,300 E Third St,BURKBURNETT,TX,76354-3437,U,Y,Y,Existing or more than 2 years old,WICHITA FALLS,WICHITA,TX,76301-5315,TX-13,25,238220,Unanswered,Unknown/NotStated,,263300,,,,,,Corporation,69129,First Bank,BURKBURNETT,TX,Unanswered,Unanswered,,264777.41,11/03/2020
9182827005,04/09/2020,0671,PPP,"RAYMARK AIR CONDITIONING & HEATING, INC.",25408 HIGHWAY 59,PORTER,TX,77365-5764,07/09/2021,Paid in Full,24,100,262500,262500,0,,72083,Wallis Bank,6510 Railroad St,WALLIS,TX,77485-9186,U,N,N,Existing or more than 2 years old,PORTER,MONTGOMERY,TX,77365-5764,TX-02,19,238220,Unanswered,Unknown/NotStated,,262500,,,,,,Corporation,72083,Wallis Bank,WALLIS,TX,Unanswered,Unanswered,,265555.21,06/15/2021
8017687209,04/28/2020,0639,PPP,ELADIO GUTIERREZ CASTANDEDA JR,2101 LEOPARD ST,CORPUS CHRISTI,TX,78408-3900,06/16/2021,Paid in Full,24,100,261600,261600,0,,68954,First Community Bank,416 N Water St,CORPUS CHRISTI,TX,78401-2533,U,Y,Y,Existing or more than 2 years old,CORPUS CHRISTI,NUECES,TX,78408-3900,TX-27,38,238220,Unanswered,Hispanic or Latino,,261600,,,,,,Sole Proprietorship,68954,First Community Bank,CORPUS CHRISTI,TX,Male Owned,Non-Veteran,,264368.6,05/18/2021
4851647201,04/27/2020,0610,PPP,"WHITAKER PLUMBING, INC",605 W WELLINGTON ST,CARTHAGE,TX,75633-2436,08/05/2021,Paid in Full,24,100,260993.02,260993.02,0,,69157,Farmers State Bank,115 Shelbyville St,CENTER,TX,75935-3955,R,Y,N,Existing or more than 2 years old,CARTHAGE,PANOLA,TX,75633-2436,TX-01,35,238220,Unanswered,Unknown/NotStated,,260993.02,,,,,,Corporation,69157,Farmers State Bank,CENTER,TX,Unanswered,Unanswered,,264146.69,07/08/2021
6925537206,04/28/2020,0681,PPP,ELITE HEATING AND AIR CONDITIONING LLC,8910 RESEARCH BLVD SUITE C4,AUSTIN,TX,78758,03/19/2021,Paid in Full,24,100,260827,260827,0,,39848,Cadence Bank,201 S Spring St,TUPELO,MS,38804-4811,U,Y,Y,New Business or 2 years or less,AUSTIN,TRAVIS,TX,78758-0001,TX-37,19,238220,Unanswered,Unknown/NotStated,,260827,,,,,,Limited  Liability Company(LLC),39848,Cadence Bank,TUPELO,MS,Unanswered,Non-Veteran,,262884.64,02/10/2021
6981347006,04/07/2020,0610,PPP,"GORMAN MECHANICAL, INC.",1624 SOUTHEAST PKWY,AZLE,TX,76020-3923,11/16/2021,Paid in Full,24,100,260235.3,260235.3,0,,105928,EECU,1617 W 7th St,FORT WORTH,TX,76102-2503,U,Y,N,Existing or more than 2 years old,AZLE,TARRANT,TX,76020-3923,TX-12,26,238220,Unanswered,Not Hispanic or Latino,,260235.3,,,,,,Corporation,105928,EECU,FORT WORTH,TX,Female Owned,Non-Veteran,,264242.21,10/26/2021
6904457109,04/14/2020,0671,PPP,"MESAH COMMISSIONING, INC.",5920 Allday Dr,HOUSTON,TX,77036-2750,01/21/2021,Paid in Full,24,100,260000,260000,0,,451098,Stellar Bank,8727 W Sam Houston Pkwy North,HOUSTON,TX,77040-5167,U,Y,Y,Existing or more than 2 years old,HOUSTON,HARRIS,TX,77036-2750,TX-07,18,238220,Unanswered,Unknown/NotStated,,260000,,,,,,Corporation,451098,Stellar Bank,HOUSTON,TX,Unanswered,Unanswered,,261653.89,12/14/2020
1593717702,05/01/2020,0610,PPP,WEBB AIR CONDITIONING COMPANY,115 South Riverside Drive,Fort Worth,TX,76104,05/22/2021,Paid in Full,24,100,259749,259749,0,,48270,"JPMorgan Chase Bank, National Association",1111 Polaris Pkwy,COLUMBUS,OH,43240-2031,U,Y,Y,Existing or more than 2 years old,Fort Worth,TARRANT,TX,76104-1000,TX-12,21,238220,White,Not Hispanic or Latino,,259749,,,,,,Corporation,194093,"JPMorgan Chase Bank, National Association",CHICAGO,IL,Male Owned,Non-Veteran,,262160.19,04/08/2021
4459938501,02/25/2021,0610,PPS,TEXAS GENERAL MECHANICAL LLC,3353 E US Highway 80,Terrell,TX,75161-6134,09/15/2021,Paid in Full,60,100,259732.5,259732.5,0,,69380,Inwood National Bank,7621 Inwood Rd,DALLAS,TX,75209-4021,R,N,Y,Existing or more than 2 years old,Terrell,KAUFMAN,TX,75161-6134,TX-05,20,238220,Unanswered,Unknown/NotStated,1,259730.5,,,,,,Limited  Liability Company(LLC),69380,Inwood National Bank,DALLAS,TX,Unanswered,Unanswered,,261034.72,09/01/2021
9997937004,04/09/2020,0610,PPP,"TEXAS GENERAL MECHANICAL, LLC",309 US HIGHWAY 80,SUNNYVALE,TX,75182-9259,02/04/2021,Paid in Full,24,100,259732.5,259732.5,0,,69380,Inwood National Bank,7621 Inwood Rd,DALLAS,TX,75209-4021,U,N,N,Existing or more than 2 years old,SUNNYVALE,DALLAS,TX,75182-9259,TX-05,28,238220,Unanswered,Unknown/NotStated,,259732.5,,,,,,Limited  Liability Company(LLC),69380,Inwood National Bank,DALLAS,TX,Unanswered,Unanswered,,261639.58,01/19/2021
3384807305,04/29/2020,0610,PPP,"STONE HEATING AIR CONDITIONING, LLC",5904 W. 7th St.,TEXARKANA,TX,75501,06/05/2021,Paid in Full,24,100,259600,259600,0,,41195,Midwest Regional Bank,363 Festus Centre Dr,FESTUS,MO,63028-2400,R,N,N,Existing or more than 2 years old,TEXARKANA,BOWIE,TX,75501-0001,TX-01,24,238220,Unanswered,Unknown/NotStated,,259600,,,,,,Limited  Liability Company(LLC),41195,Midwest Regional Bank,FESTUS,MO,Male Owned,Unanswered,,262109.47,05/10/2021
4338927201,04/27/2020,0610,PPP,"AIR FORCE HEATING & AIR CONDITIONING, INC.","1007 SHADY OAKS DR, STE 102",DENTON,TX,76205-7969,04/20/2021,Paid in Full,24,100,259594,259594,0,,28259,First Guaranty Bank,400 E Thomas St,HAMMOND,LA,70401-3320,U,Y,N,Unanswered,DENTON,DENTON,TX,76205-7969,TX-13,23,238220,White,Not Hispanic or Latino,,259594,,,,,,Subchapter S Corporation,28259,First Guaranty Bank,HAMMOND,LA,Male Owned,Non-Veteran,,261933.9,03/31/2021
4243547104,04/13/2020,0610,PPP,BRIAN'S PLUMBING INC,901 OHIO AVE,WICHITA FALLS,TX,76301-6702,03/05/2021,Paid in Full,24,100,259200,259200,0,,69129,First Bank,300 E Third St,BURKBURNETT,TX,76354-3437,U,Y,Y,Existing or more than 2 years old,WICHITA FALLS,WICHITA,TX,76301-6702,TX-13,18,238220,Unanswered,Unknown/NotStated,,259200,,,,,,Corporation,69129,First Bank,BURKBURNETT,TX,Unanswered,Unanswered,,260910.05,02/12/2021
6887837407,05/15/2020,0678,PPP,BATJER SERVICE LLC,2825 Pine St,Abilene,TX,79601,12/05/2020,Paid in Full,24,100,258642,258642,0,,70101,Haskell National Bank,601 N 1st,HASKELL,TX,79521-0998,U,Y,Y,Existing or more than 2 years old,Abilene,TAYLOR,TX,79601-0200,TX-19,16,238220,Unanswered,Unknown/NotStated,64660,193982,,,,,,Limited  Liability Company(LLC),70101,Haskell National Bank,HASKELL,TX,Unanswered,Unanswered,,259960.01,11/23/2020
3809827209,04/27/2020,0681,PPP,"STARTECH SERVICE, LLC",3503 4TH ST,TAYLOR,TX,76574-5689,03/13/2021,Paid in Full,24,100,258433,258433,0,,69139,Citizens National Bank,118 S Houston,CAMERON,TX,76520-3932,U,N,N,Existing or more than 2 years old,TAYLOR,WILLIAMSON,TX,76574-5689,TX-31,15,238220,White,Not Hispanic or Latino,,238433,20000,,,,,Limited  Liability Company(LLC),69139,Citizens National Bank,CAMERON,TX,Male Owned,Non-Veteran,,260457.39,02/11/2021
8909148300,01/30/2021,0610,PPS,A SQUARED PLUMBING LLC,3021 Marquita Dr,Ft Worth,TX,76116-4017,07/20/2021,Paid in Full,60,100,258174.35,258174.35,0,,68966,Amarillo National Bank,410 S Taylor St,AMARILLO,TX,79101-1555,U,Y,Y,Existing or more than 2 years old,Ft Worth,TARRANT,TX,76116-4017,TX-12,22,238220,Unanswered,Not Hispanic or Latino,1,258171.35,,,,,,Limited  Liability Company(LLC),68966,Amarillo National Bank,AMARILLO,TX,Male Owned,Non-Veteran,,259285.93,07/07/2021
2661029010,05/18/2021,0610,PPS,LASCO PROCESS SYSTEMS LLC,18601 Lyndon B Johnson Fwy Ste 710,Mesquite,TX,75150-6436,01/11/2022,Paid in Full,60,100,257800,257800,0,,69654,"American Bank, National Association",2707 W Northwest Hwy,DALLAS,TX,75220-4744,U,Y,Y,Existing or more than 2 years old,Mesquite,DALLAS,TX,75150-6436,TX-05,9,238220,Unanswered,Unknown/NotStated,1,257795,,,,,,Limited  Liability Company(LLC),69654,"American Bank, National Association",DALLAS,TX,Male Owned,Unanswered,,259184.35,12/09/2021
6852337007,04/07/2020,0610,PPP,"RSMS MECHANICAL SERVICES, LLC",9094 ELK RD,AXTELL,TX,76624-1539,01/21/2021,Paid in Full,24,100,257200,257200,0,,71367,First National Bank of Central Texas,1835 N Valley Mills Dr,WACO,TX,76710-2556,U,N,N,Existing or more than 2 years old,AXTELL,MCLENNAN,TX,76624-1539,TX-17,25,238220,Unanswered,Unknown/NotStated,,192900,,64300,,,,Limited  Liability Company(LLC),71367,First National Bank of Central Texas,WACO,TX,Unanswered,Unanswered,,259039.16,12/31/2020
7808907205,04/28/2020,0677,PPP,FPG MECHANICAL CONTRACTORS,3630 WOOSTER LN,EL PASO,TX,79936-1123,08/11/2021,Paid in Full,24,100,256600,256600,0,,113154,WestStar Bank,"601 N Mesa St, Ste 1100",El Paso,TX,79901,U,N,N,Existing or more than 2 years old,EL PASO,EL PASO,TX,79936-1123,TX-16,31,238220,White,Hispanic or Latino,,256600,,,,,,Corporation,113154,WestStar Bank,El Paso,TX,Male Owned,Non-Veteran,,259586.54,07/02/2021
1978968301,01/20/2021,0681,PPS,TEXAS QUALITY SERVICES LLC,322 Southland Dr,Burnet,TX,78611-9792,08/14/2021,Paid in Full,60,100,256428.45,256428.45,0,,70037,MCBank,1017 Parker St,GOLDTHWAITE,TX,76844-2379,R,Y,N,Existing or more than 2 years old,Burnet,BURNET,TX,78611-9792,TX-25,16,238220,Unanswered,Not Hispanic or Latino,1,256423.45,,,,,,Limited  Liability Company(LLC),70037,MCBank,GOLDTHWAITE,TX,Male Owned,Unanswered,,257707.08,07/23/2021
3332107109,04/11/2020,0671,PPP,HAL WATSON AIR CONDITIONING COMPANY DBA EFFICIENT CLIMATE CO,518 ALANA LN,SPRING,TX,77386,12/24/2020,Paid in Full,24,100,255362,255362,0,,48270,"JPMorgan Chase Bank, National Association",1111 Polaris Pkwy,COLUMBUS,OH,43240-2031,U,N,N,Existing or more than 2 years old,SPRING,MONTGOMERY,TX,77386-0001,TX-02,21,238220,Unanswered,Unknown/NotStated,5672,212100,0,20000,0,16590,1000,Subchapter S Corporation,194093,"JPMorgan Chase Bank, National Association",CHICAGO,IL,Unanswered,Unanswered,,256821.82,11/12/2020
3845937106,04/12/2020,0610,PPP,"TIMBERLAKE & DICKSON, INC.",3520 W MILLER ROAD SUITE 110,GARLAND,TX,75041-6014,09/29/2021,Paid in Full,24,100,255242,255242,0,,67422,First Horizon Bank,165 Madison Ave,MEMPHIS,TN,38103-2723,U,Y,Y,Existing or more than 2 years old,GARLAND,DALLAS,TX,75041-6014,TX-32,16,238220,White,Not Hispanic or Latino,,255242,,,,,,Corporation,78586,"IberiaBank, A Division of First Horizon Bank",Lafayette,LA,Male Owned,Non-Veteran,,258609.78,08/10/2021
6109057108,04/14/2020,0681,PPP,"A.Y MECHANICAL, INC.",7209 N LAMAR BLVD,AUSTIN,TX,78752-2311,12/19/2020,Paid in Full,24,100,255200,255200,0,,71783,Frost Bank,111 W Houston St,SAN ANTONIO,TX,78205-1414,U,Y,Y,Existing or more than 2 years old,AUSTIN,TRAVIS,TX,78752-2311,TX-37,16,238220,Unanswered,Unknown/NotStated,,255200,,,,,,Subchapter S Corporation,71783,Frost Bank,SAN ANTONIO,TX,Male Owned,Non-Veteran,,256598.36,11/12/2020
5129098402,02/07/2021,0610,PPS,JM CARTER PLUMBING INC,1318 Vineyard Rd,Gunter,TX,75058-3140,08/10/2021,Paid in Full,60,100,255176.17,255176.17,0,,4679,Simmons Bank,501 Main St,PINE BLUFF,AR,71601-4327,R,N,N,Existing or more than 2 years old,Gunter,GRAYSON,TX,75058-3140,TX-04,22,238220,Unanswered,Unknown/NotStated,1,255174.17,,,,,,Corporation,4679,Simmons Bank,PINE BLUFF,AR,Unanswered,Unanswered,,256310.29,07/21/2021
5749677110,04/14/2020,0681,PPP,PLUMB MASTERS INC.,12307 Roxie Dr. #213,AUSTIN,TX,78729-7123,04/08/2021,Paid in Full,24,100,243600,254700,0,,106661,University FCU,"8303 N Mopac Expwy, Ste A-105",AUSTIN,TX,78759,U,N,Y,Existing or more than 2 years old,AUSTIN,WILLIAMSON,TX,78729-7123,TX-37,21,238220,Unanswered,Unknown/NotStated,,254700,,,,,,Subchapter S Corporation,106661,University FCU,AUSTIN,TX,Male Owned,Unanswered,,245731.5,03/05/2021
9128828501,03/12/2021,0610,PPS,NORTHSIDE A/C GP LLC,619 Hembry St,Lewisville,TX,75057-4726,12/18/2021,Paid in Full,60,100,254522,254522,0,,48270,"JPMorgan Chase Bank, National Association",1111 Polaris Pkwy,COLUMBUS,OH,43240-2031,U,Y,Y,Existing or more than 2 years old,Lewisville,DENTON,TX,75057-4726,TX-26,18,238220,Unanswered,Unknown/NotStated,1,254519,,,,,,Limited  Liability Company(LLC),48270,"JPMorgan Chase Bank, National Association",COLUMBUS,OH,Unanswered,Unanswered,,256074.02,10/27/2021
7109827206,04/28/2020,0610,PPP,RAGSDALE PLUMBING COMPANY,PO BOX 8647,GREENVILLE,TX,75404-8647,01/07/2021,Paid in Full,24,100,254300,254300,0,,71939,Alliance Bank,100 W Jefferson St,SULPHUR SPRINGS,TX,75482-2601,R,N,N,Existing or more than 2 years old,GREENVILLE,HUNT,TX,75404-8647,TX-03,23,238220,Unanswered,Unknown/NotStated,,254300,,,,,,Subchapter S Corporation,71939,Alliance Bank,SULPHUR SPRINGS,TX,Unanswered,Unanswered,,255960.01,12/22/2020
7858797708,05/01/2020,0671,PPP,EDH PLUMBING CONTRACTORS LLC,5625 NW Central Dr Suite D106,Houston,TX,77092,04/20/2021,Paid in Full,60,100,254300,254300,0,,72601,"Zions Bank, A Division of",1 S Main St,SALT LAKE CITY,UT,84133-1109,U,N,Y,Existing or more than 2 years old,Houston,HARRIS,TX,77092-0001,TX-18,25,238220,Unanswered,Hispanic or Latino,,254300,,,,,,Limited  Liability Company(LLC),72601,"Zions Bank, A Division of",SALT LAKE CITY,UT,Male Owned,Non-Veteran,,256640.95,04/08/2021
8283207208,04/28/2020,0681,PPP,"CENTRAL TEXAS COMMERCIAL, ETAL",ROSSON DR,AUSTIN,TX,78736-8010,12/17/2020,Paid in Full,24,100,253954,253954,0,,4679,Simmons Bank,501 Main St,PINE BLUFF,AR,71601-4327,U,N,N,Existing or more than 2 years old,AUSTIN,TRAVIS,TX,78736-8010,TX-25,20,238220,Unanswered,Unknown/NotStated,,253954,,,,,,Corporation,71902,Simmons Bank,COLLEGE STATION,TX,Male Owned,Non-Veteran,,255373.36,11/25/2020
6017717010,04/06/2020,0610,PPP,"INFINITY PLUMBING, INC.",1600 E MAIN ST,WAXAHACHIE,TX,75165-4421,12/11/2020,Paid in Full,24,100,253800,253800,0,,59179,InterBank,4921 N May Ave,OKLAHOMA CITY,OK,73112-6041,R,Y,Y,Existing or more than 2 years old,WAXAHACHIE,ELLIS,TX,75165-4421,TX-06,17,238220,Unanswered,Unknown/NotStated,,253800,,,,,,Corporation,59179,InterBank,OKLAHOMA CITY,OK,Unanswered,Unanswered,,255211.55,11/03/2020
9514898302,01/30/2021,0610,PPS,INFINITY PLUMBING INC.,1600 E Main St Ste 100,Waxahachie,TX,75165-4431,07/07/2021,Paid in Full,60,100,253800,253800,0,,59179,InterBank,4921 N May Ave,OKLAHOMA CITY,OK,73112-6041,R,Y,Y,Existing or more than 2 years old,Waxahachie,ELLIS,TX,75165-4431,TX-06,18,238220,Unanswered,Unknown/NotStated,1,253797,,,,,,Corporation,59179,InterBank,OKLAHOMA CITY,OK,Unanswered,Unanswered,,254710.9,06/15/2021
8164607207,04/28/2020,0681,PPP,KCE MECHANICAL INC,4702 STATE HIGHWAY 123 Ste C,SAN MARCOS,TX,78666-9421,03/12/2021,Paid in Full,24,100,253600,253600,0,,71727,Broadway National Bank,1177 NE Loop 410,SAN ANTONIO,TX,78209-1517,R,Y,Y,Existing or more than 2 years old,SAN MARCOS,HAYS,TX,78666-9421,TX-15,18,238220,Unanswered,Hispanic or Latino,,253600,,,,,,Subchapter S Corporation,71727,Broadway National Bank,SAN ANTONIO,TX,Female Owned,Unanswered,,255140.21,02/16/2021
9913448609,03/26/2021,0610,PPS,TRUDELA MES LLC,7120 W Interstate 20,Arlington,TX,76017-1858,07/07/2022,Paid in Full,60,100,253596.35,253596.35,0,,233198,Emigrant Bank,201 S Biscayne Boulevard Ste 1120,Miami,FL,33131,U,N,N,Existing or more than 2 years old,Arlington,TARRANT,TX,76017-1858,TX-25,22,238220,Unanswered,Unknown/NotStated,1,253594.35,,,,,,Limited  Liability Company(LLC),48902,Emigrant Bank,New York,NY,Unanswered,Unanswered,,256750.67,06/30/2022
1046977406,05/03/2020,0677,PPP,"COMFORT ZONE HEATING & COOLING, LLC",343 CHELSEA ST,EL PASO,TX,79905-1705,03/15/2023,Charged Off,24,100,175003,253333,0,,9551,"Bank of America, National Association","100 N Tryon St, Ste 170",CHARLOTTE,NC,28202-4024,U,Y,Y,Existing or more than 2 years old,EL PASO,EL PASO,TX,79905-1705,TX-16,15,238220,Unanswered,Unknown/NotStated,,253333,,,,,,Partnership,9551,"Bank of America, National Association",CHARLOTTE,NC,Unanswered,Unanswered,,47771.3,06/03/2022
7175917000,04/07/2020,0610,PPP,STATE A/C INC.,5515 TAYLORS VALLEY RD,TEMPLE,TX,76502-8758,08/13/2021,Paid in Full,24,100,253200,253200,0,,70109,"VeraBank, National Association",201 W Main St,HENDERSON,TX,75652-3106,U,N,N,New Business or 2 years or less,TEMPLE,BELL,TX,76502-8758,TX-31,24,238220,Unanswered,Unknown/NotStated,,253200,,,,,,Corporation,70109,"VeraBank, National Association",HENDERSON,TX,Unanswered,Unanswered,,255436.6,07/27/2021
5631457108,04/13/2020,0671,PPP,AIR POLLUTION CONTROL SPECIALISTS LLC,"1851 GULF FWY S, Suite 9",LEAGUE CITY,TX,77573-5136,04/15/2021,Paid in Full,24,100,251900,251900,0,,69994,Moody National Bank,2302 Post Office,GALVESTON,TX,77550-1913,U,N,N,Existing or more than 2 years old,LEAGUE CITY,GALVESTON,TX,77573-5136,TX-14,15,238220,Unanswered,Unknown/NotStated,,251900,,,,,,Limited  Liability Company(LLC),69994,Moody National Bank,GALVESTON,TX,Unanswered,Unanswered,,254170.55,03/18/2021
6919888304,01/27/2021,0681,PPS,ANCHOR INSULATION OF TEXAS LLC,17170 Jordan Ste 405,Selma,TX,78154-1292,08/27/2021,Paid in Full,60,100,251685,251685,0,,69949,Security State Bank & Trust,201 W Main St,FREDERICKSBURG,TX,78624-3709,U,N,N,Existing or more than 2 years old,Selma,BEXAR,TX,78154-1292,TX-35,20,238220,Unanswered,Unknown/NotStated,1,251683,,,,,,Limited  Liability Company(LLC),69949,Security State Bank & Trust,FREDERICKSBURG,TX,Male Owned,Unanswered,,253048.29,08/18/2021
6956007105,04/14/2020,0610,PPP,ELLIS AIR LLC,3513 FLORENCE RD,KILLEEN,TX,76542-2511,08/18/2021,Paid in Full,24,100,251600,251600,0,,39848,Cadence Bank,201 S Spring St,TUPELO,MS,38804-4811,U,N,N,Existing or more than 2 years old,KILLEEN,BELL,TX,76542-2511,TX-11,7,238220,Unanswered,Unknown/NotStated,,251600,,,,,,Limited  Liability Company(LLC),70018,Cadence Bank,Gatesville,TX,Male Owned,Unanswered,,254360.61,05/21/2021
2309337203,04/16/2020,0671,PPP,"CRUZ GENERAL, INC.",2005 FM 1960 Bypass,HUMBLE,TX,77338,,Exemption 4,60,100,251197,251197,0,,44449,"PNC Bank, National Association",222 Delaware Ave,WILMINGTON,DE,19801-1621,U,N,N,New Business or 2 years or less,HUMBLE,HARRIS,TX,77338-1000,TX-18,20,238220,Unanswered,Hispanic or Latino,62799.25,188397.75,,,,,,Corporation,760,First Source Federal Credit Union,Rome,NY,Male Owned,Non-Veteran,,,
6762748309,01/27/2021,0671,PPS,FRESH AIR LP,5702 Power Line Rd,Richmond,TX,77469-8868,07/21/2021,Paid in Full,60,100,250400,250400,0,,71783,Frost Bank,111 W Houston St,SAN ANTONIO,TX,78205-1414,U,N,N,Existing or more than 2 years old,Richmond,FORT BEND,TX,77469-8868,TX-22,20,238220,Unanswered,Hispanic or Latino,,250399,,,,,,Limited Liability Partnership,71783,Frost Bank,SAN ANTONIO,TX,Female Owned,Unanswered,,251387.88,06/23/2021
5837397000,04/06/2020,0610,PPP,"J AND J INTEREST, LLC DBA BENJAMIN FRANKLIN PLUMBING",1504 Hwy 110 South,WHITEHOUSE,TX,75791-1697,01/07/2021,Paid in Full,24,100,250250,250200,0,,70468,"Austin Bank, Texas National Association",200 E Commerce St,JACKSONVILLE,TX,75766-4904,R,N,N,Existing or more than 2 years old,WHITEHOUSE,SMITH,TX,75791-1697,TX-01,22,238220,White,Not Hispanic or Latino,,250200,,,,,,Partnership,70468,"Austin Bank, Texas National Association",JACKSONVILLE,TX,Male Owned,Non-Veteran,,251895.8,12/17/2020
1874098600,03/13/2021,0671,PPS,MESAH COMMISSIONING INC,5920 Allday Dr,Houston,TX,77036-2750,11/20/2021,Paid in Full,60,100,250000,250000,0,,451098,Stellar Bank,8727 W Sam Houston Pkwy North,HOUSTON,TX,77040-5167,U,Y,Y,Existing or more than 2 years old,Houston,HARRIS,TX,77036-2750,TX-07,19,238220,Unanswered,Unknown/NotStated,1,249996,,,,,,Corporation,451098,Stellar Bank,HOUSTON,TX,Unanswered,Unanswered,,251458.33,10/22/2021
6171387103,04/14/2020,0671,PPP,"VERTECH SERVICES, LLC","3201 North Highway 146, Suite B",Baytown,TX,77521-2693,02/10/2021,Paid in Full,24,100,250000,250000,0,,451098,Stellar Bank,8727 W Sam Houston Pkwy North,HOUSTON,TX,77040-5167,U,N,Y,Existing or more than 2 years old,Baytown,HARRIS,TX,77521-2693,TX-36,17,238220,Unanswered,Unknown/NotStated,,250000,,,,,,Limited  Liability Company(LLC),71523,Stellar Bank,Beaumont,TX,Unanswered,Unanswered,,251924.66,01/27/2021
7015697203,04/28/2020,0681,PPP,"A CHAVARRIA'S PLUMBING, INC.",6320 KRONE LN,LAREDO,TX,78041-6202,03/17/2021,Paid in Full,24,100,250000,250000,0,,110490,Falcon International Bank,7718 McPherson Rd,LAREDO,TX,78045-2805,U,N,N,Existing or more than 2 years old,LAREDO,WEBB,TX,78041-6202,TX-28,38,238220,Unanswered,Unknown/NotStated,6000,220000,,24000,,,,Corporation,110490,Falcon International Bank,LAREDO,TX,Unanswered,Unanswered,,252097.22,02/25/2021
2018788303,01/20/2021,0610,PPS,GRANT AIR CONDITIONING COMPANY,254 Roberts Cut Off Rd,Fort Worth,TX,76114-3642,02/17/2022,Paid in Full,60,100,249822.5,249822.5,0,,323316,"Trinity Bank, National Association",3500 W Vickery Blvd,FORT WORTH,TX,76107-5618,U,Y,Y,Existing or more than 2 years old,Fort Worth,TARRANT,TX,76114-3642,TX-12,20,238220,Unanswered,Unknown/NotStated,,249821.5,,,,,,Corporation,323316,"Trinity Bank, National Association",FORT WORTH,TX,Unanswered,Unanswered,,252244.39,01/06/2022
4687588309,01/23/2021,0671,PPS,MORGAN AIR SERVICES LLC,5200 MITCHELLDALE STSTE F26,HOUSTON,TX,77092,07/20/2021,Paid in Full,60,100,249100,249100,0,,71783,Frost Bank,111 W Houston St,SAN ANTONIO,TX,78205-1414,U,Y,Y,Existing or more than 2 years old,HOUSTON,HARRIS,TX,77092,TX-02,15,238220,Unanswered,Unknown/NotStated,1,249097,,,,,,Corporation,71783,Frost Bank,SAN ANTONIO,TX,Unanswered,Unanswered,,250048.63,06/15/2021
8851508308,01/30/2021,0671,PPS,CFM MECHANICAL,3300 Longhorn Dr,Houston,TX,77084-4102,09/14/2021,Paid in Full,60,100,248527,248527,0,,448034,Austin County State Bank,436 S Front St,BELLVILLE,TX,77418-2413,U,N,N,Existing or more than 2 years old,Houston,HARRIS,TX,77084-4102,TX-08,18,238220,Unanswered,Not Hispanic or Latino,1,248523,,,,,,Limited  Liability Company(LLC),448034,Austin County State Bank,BELLVILLE,TX,Male Owned,Unanswered,,249735.12,08/04/2021
6527268307,01/27/2021,0671,PPS,FRS TRENCHCORE INC,6200 Savoy Dr Ste 1202,Houston,TX,77036-3397,08/04/2022,Paid in Full,60,100,248134.15,248134.15,0,,108894,Essential Credit Union,2370 Towne Center Blvd,BATON ROUGE,LA,70806-8172,U,Y,Y,Existing or more than 2 years old,Houston,HARRIS,TX,77036-3397,TX-07,24,238220,Unanswered,Not Hispanic or Latino,1,248132.15,,,,,,Corporation,108894,Essential Credit Union,BATON ROUGE,LA,Male Owned,Unanswered,,249738.43,07/14/2022
8179907206,04/28/2020,0610,PPP,WILHOUSE SHEET METAL INC,400 UNION BOWER CT Suite 416,IRVING,TX,75061-5835,12/19/2020,Paid in Full,24,100,248000,248000,0,,69819,Prosperity Bank,1301 N Mechanic,El Campo,TX,77437,U,Y,Y,Existing or more than 2 years old,IRVING,DALLAS,TX,75061-5835,TX-06,28,238220,Unanswered,Unknown/NotStated,248000,,,,,,,Corporation,69819,Prosperity Bank,El Campo,TX,Unanswered,Unanswered,,249345.32,11/19/2020
8082367007,04/08/2020,0671,PPP,BROWN PLUMBING INCORPORATED,2501 MAIN AVE,GROVES,TX,77619-4332,07/10/2021,Paid in Full,24,100,247659,247659,0,,68922,First Financial Bank,400 Pine St,ABILENE,TX,79601-5108,U,N,N,Existing or more than 2 years old,GROVES,JEFFERSON,TX,77619-4332,TX-14,29,238220,Unanswered,Unknown/NotStated,61914.75,185744.25,,,,,,Corporation,68922,First Financial Bank,ABILENE,TX,Unanswered,Unanswered,,250500.2,05/28/2021
3102127109,04/11/2020,0681,PPP,"SAGRAY ENTERPRISES, INC.",16018 UNIVERSITY OAK,SAN ANTONIO,TX,78249-4013,04/23/2021,Paid in Full,24,100,247600,247600,0,,71783,Frost Bank,111 W Houston St,SAN ANTONIO,TX,78205-1414,U,N,N,Existing or more than 2 years old,SAN ANTONIO,BEXAR,TX,78249-4013,TX-20,24,238220,Unanswered,Unknown/NotStated,,247600,,,,,,Corporation,71783,Frost Bank,SAN ANTONIO,TX,Unanswered,Unanswered,,249926.76,03/31/2021
1543478406,02/02/2021,0639,PPP,DWAIN MCCAIN PLUMBING INC.,9725 Leopard St,Corpus Christi,TX,78410-1609,05/14/2022,Paid in Full,60,100,247432,247432,0,,71539,First State Bank of Odem,201 Main St,ODEM,TX,78370,U,N,N,Existing or more than 2 years old,Corpus Christi,NUECES,TX,78410-1609,TX-27,45,238220,Unanswered,Unknown/NotStated,1,247427,,,,,,Subchapter S Corporation,71539,First State Bank of Odem,ODEM,TX,Unanswered,Unanswered,,250270.59,04/04/2022
5489027008,04/05/2020,0681,PPP,"B.A. MARBACH PLUMBING SERVICES, INC.",29592 Bulverde Lane #2,BULVERDE,TX,78163-2037,01/14/2021,Paid in Full,24,100,247300,247300,0,,71727,Broadway National Bank,1177 NE Loop 410,SAN ANTONIO,TX,78209-1517,R,N,N,Existing or more than 2 years old,BULVERDE,COMAL,TX,78163-2037,TX-21,20,238220,Unanswered,Unknown/NotStated,20000,186000,41300,,,,,Corporation,71727,Broadway National Bank,SAN ANTONIO,TX,Male Owned,Unanswered,,248941.8,12/09/2020
3561207206,04/27/2020,0671,PPP,CUSTOM AIR CONDITIONING & SHEETMETAL INC,1729 STEBBINS DR,HOUSTON,TX,77043-2842,03/17/2021,Paid in Full,24,100,247235,247235,0,,69890,Fayetteville Bank,107 W Fayette St,FAYETTEVILLE,TX,78940-5563,U,Y,N,Existing or more than 2 years old,HOUSTON,HARRIS,TX,77043-2842,TX-38,21,238220,Unanswered,Unknown/NotStated,,247235,,,,,,Corporation,69890,Fayetteville Bank,FAYETTEVILLE,TX,Unanswered,Unanswered,,248725.18,12/14/2020
1567087100,04/10/2020,0671,PPP,"C3 HOME AND COMMERCIAL SERVICES, INC",1710 First St. E,SPRING,TX,77388-5233,07/13/2021,Paid in Full,24,100,245900,245900,0,,70410,Woodforest National Bank,1330 Lake Robbins Dr,THE WOODLANDS,TX,77380-3266,U,N,N,Existing or more than 2 years old,SPRING,HARRIS,TX,77388-5233,TX-02,28,238220,Unanswered,Unknown/NotStated,,245900,,,,,,Corporation,70410,Woodforest National Bank,THE WOODLANDS,TX,Unanswered,Unanswered,,248878.12,07/01/2021
1050097710,05/01/2020,0610,PPP,TEXAS AIR ZONE LLC,10763 Mapleridge Drive,DALLAS,TX,75238,08/19/2021,Paid in Full,24,100,245195,245195,0,,48270,"JPMorgan Chase Bank, National Association",1111 Polaris Pkwy,COLUMBUS,OH,43240-2031,U,Y,Y,Existing or more than 2 years old,DALLAS,DALLAS,TX,75238-0001,TX-24,19,238220,Unanswered,Unknown/NotStated,3000,235195,,7000,,,,Limited  Liability Company(LLC),194093,"JPMorgan Chase Bank, National Association",CHICAGO,IL,Unanswered,Unanswered,,248211.99,07/28/2021
3437498407,02/05/2021,0671,PPS,TRADEMARK PLUMBING INC,17651 Telge Rd,Cypress,TX,77429-7080,07/08/2022,Paid in Full,60,100,244970,244970,0,,70410,Woodforest National Bank,1330 Lake Robbins Dr,THE WOODLANDS,TX,77380-3266,U,N,N,Existing or more than 2 years old,Cypress,HARRIS,TX,77429-7080,TX-10,13,238220,Unanswered,Unknown/NotStated,1,244965,,,,,,Corporation,70410,Woodforest National Bank,THE WOODLANDS,TX,Unanswered,Unanswered,,248331.53,06/23/2022
6094637700,05/01/2020,0671,PPP,PROCESS REFRIGERATION TECHNOLOGIES  INC,922 SHILLINGTON DR,KATY,TX,77450-2803,10/19/2022,Charged Off,25,100,244847,244847,0,,9551,"Bank of America, National Association","100 N Tryon St, Ste 170",CHARLOTTE,NC,28202-4024,U,N,N,New Business or 2 years or less,KATY,HARRIS,TX,77450-2803,TX-07,10,238220,Unanswered,Unknown/NotStated,,244847,,,,,,Corporation,9551,"Bank of America, National Association",CHARLOTTE,NC,Unanswered,Unanswered,,,
4529097204,04/27/2020,0681,PPP,PAROBEK PLUMBING LLC,329 Hoffman Road,Bastrop,TX,78602,07/17/2021,Paid in Full,24,100,244700,244700,0,,69015,The First National Bank of Bastrop,489 Hwy 71 W,BASTROP,TX,78602-3745,R,N,Y,Existing or more than 2 years old,Bastrop,BASTROP,TX,78602-0001,TX-27,21,238220,Unanswered,Not Hispanic or Latino,1,244697,1,1,,,,Limited  Liability Company(LLC),69015,The First National Bank of Bastrop,BASTROP,TX,Female Owned,Unanswered,,247529.13,07/02/2021
4960827206,04/27/2020,0671,PPP,"ALL-TEX BOILER AND PLUMBING SERVICES, LLC","10635 Tower Oaks Blvd, Suite I",Houston,TX,77070,07/21/2021,Paid in Full,24,100,244600,244600,0,,454766,Third Coast Bank,"20202 Hwy 59 North, Ste 190",Humble,TX,77338,U,N,N,Existing or more than 2 years old,Houston,HARRIS,TX,77070-0001,TX-18,15,238220,Unanswered,Unknown/NotStated,,244600,,,,,,Limited  Liability Company(LLC),454766,Third Coast Bank,Humble,TX,Unanswered,Unanswered,,247331.37,06/15/2021
7620267103,04/14/2020,0677,PPP,AC LONESTAR SERVICES INC,1213 EDDY ST,PECOS,TX,79772,11/16/2021,Paid in Full,24,100,243779,243779,0,,444341,American Momentum Bank,1 Momentum Blvd,COLLEGE STATION,TX,77845-6199,U,Y,N,Unanswered,PECOS,REEVES,TX,79772-0001,TX-23,17,238220,Unanswered,Unknown/NotStated,,243779,,,,,,Corporation,444341,American Momentum Bank,COLLEGE STATION,TX,Unanswered,Unanswered,,247483.09,10/21/2021
2009067105,04/10/2020,0678,PPP,TEXAS WATER MASTER INC,1017 Energy Drive,ABILENE,TX,79602-7948,01/16/2021,Paid in Full,24,100,243700,243700,0,,71430,First State Bank,2118 S Treadaway Blvd,ABILENE,TX,79602-5906,U,Y,N,Existing or more than 2 years old,ABILENE,TAYLOR,TX,79602-7948,TX-19,19,238220,Unanswered,Not Hispanic or Latino,,243700,,,,,,Subchapter S Corporation,71430,First State Bank,ABILENE,TX,Male Owned,Non-Veteran,,245076.36,02/12/2021
9492237207,04/28/2020,0671,PPP,CAT TECH LLC,"413 Independence Parkway, Building C",La Porte,TX,77571-5200,12/18/2020,Paid in Full,24,100,243695,243695,0,,378617,"HSBC Bank USA, National Association","1800 Tysons Blvd, Ste 50 Tysons II",MCLEAN,VA,22102-4267,U,Y,N,Existing or more than 2 years old,La Porte,HARRIS,TX,77571-5200,TX-36,14,238220,Unanswered,Unknown/NotStated,,243695,,,,,,Limited  Liability Company(LLC),378617,"HSBC Bank USA, National Association",MCLEAN,VA,Unanswered,Unanswered,,244866.09,11/03/2020
3925228602,03/17/2021,0610,PPS,WEBB AIR CONDITIONING COMPANY,115 S Riverside Dr,Fort Worth,TX,76104-1919,08/16/2022,Paid in Full,60,100,243280,243280,0,,48270,"JPMorgan Chase Bank, National Association",1111 Polaris Pkwy,COLUMBUS,OH,43240-2031,U,Y,Y,Existing or more than 2 years old,Fort Worth,TARRANT,TX,76104-1919,TX-33,17,238220,White,Not Hispanic or Latino,,243279,,,,,,Corporation,48270,"JPMorgan Chase Bank, National Association",COLUMBUS,OH,Male Owned,Non-Veteran,,246458.86,07/12/2022
9507418507,03/12/2021,0610,PPS,M&W BIO INC,1320 Ford St,Irving,TX,75061-5704,04/12/2022,Paid in Full,60,100,242713,242713,0,,44449,"PNC Bank, National Association",222 Delaware Ave,WILMINGTON,DE,19801-1621,U,Y,N,Existing or more than 2 years old,Irving,DALLAS,TX,75061-5704,TX-06,22,238220,Unanswered,Unknown/NotStated,1,242711,,,,,,Corporation,760,First Source Federal Credit Union,Rome,NY,Unanswered,Unanswered,,245119.9,03/11/2022
7996177305,05/01/2020,0681,PPP,"STATEWIDE DISTRIBUTING, INC.",120 BOBBY LOU DR,SAN ANTONIO,TX,78218-2001,10/16/2021,Paid in Full,24,100,264555,242201,0,,9551,"Bank of America, National Association","100 N Tryon St, Ste 170",CHARLOTTE,NC,28202-4024,U,Y,Y,Existing or more than 2 years old,SAN ANTONIO,BEXAR,TX,78218-2001,TX-35,23,238220,Unanswered,Unknown/NotStated,,242201,,,,,,Corporation,9551,"Bank of America, National Association",CHARLOTTE,NC,Male Owned,Non-Veteran,,245419.29,09/02/2021
5446347402,05/12/2020,0677,PPP,GONZALEZ MECHANICAL CONTRACTOR LLC,7201 STILES DR,EL PASO,TX,79915-2409,02/18/2021,Paid in Full,24,100,242112.02,242112.02,0,,105540,FirstLight FCU,9983 Kenworthy St Administrative Bldg,EL PASO,TX,79924-4404,U,Y,Y,Existing or more than 2 years old,EL PASO,EL PASO,TX,79915-2409,TX-16,28,238220,Unanswered,Hispanic or Latino,,242112.02,,,,,,Limited  Liability Company(LLC),105540,FirstLight FCU,EL PASO,TX,Male Owned,Unanswered,,243436.91,11/27/2020
1286957105,04/10/2020,0610,PPP,"BLANN'S SEWER & DRAIN SERVICE, LLC",1809 TOPLEA DR,EULESS,TX,76040-4012,05/19/2021,Paid in Full,24,100,242100,242100,0,,68922,First Financial Bank,400 Pine St,ABILENE,TX,79601-5108,U,N,N,Existing or more than 2 years old,EULESS,TARRANT,TX,76040-4012,TX-24,21,238220,Unanswered,Unknown/NotStated,60525,181575,,,,,,Limited  Liability Company(LLC),68922,First Financial Bank,ABILENE,TX,Unanswered,Unanswered,,244642.05,04/27/2021
9896067701,05/01/2020,0671,PPP,"PURGE RITE, LLC",13802 N HWY 75,WILLIS,TX,77378,01/07/2021,Paid in Full,24,100,241650,241650,0,,39232,Hancock Whitney Bank,2510 14th St One Hancock Plz,GULFPORT,MS,39501,U,Y,Y,New Business or 2 years or less,WILLIS,MONTGOMERY,TX,77378-0001,TX-08,19,238220,Unanswered,Unknown/NotStated,,241650,,,,,,Limited  Liability Company(LLC),39232,Hancock Whitney Bank,GULFPORT,MS,Unanswered,Unanswered,,243093.19,12/08/2020
1729557103,04/10/2020,0681,PPP,RAMZEL CONSTRUCTION INC.,27759 LAUREL BLOOM,SAN ANTONIO,TX,78260-1433,04/23/2021,Paid in Full,24,100,241300,241300,0,,71783,Frost Bank,111 W Houston St,SAN ANTONIO,TX,78205-1414,U,N,N,Existing or more than 2 years old,SAN ANTONIO,BEXAR,TX,78260-1433,TX-23,25,238220,Unanswered,Unknown/NotStated,,241300,,,,,,Subchapter S Corporation,71783,Frost Bank,SAN ANTONIO,TX,Unanswered,Unanswered,,243574.17,03/31/2021
6660237007,04/07/2020,0671,PPP,"COMMERCIAL DUCT SYSTEMS, L.L.C.",PO BOX 1859,NEW WAVERLY,TX,77358-1859,06/19/2021,Paid in Full,24,100,240546,240546,0,,68922,First Financial Bank,400 Pine St,ABILENE,TX,79601-5108,R,N,N,Existing or more than 2 years old,NEW WAVERLY,WALKER,TX,77358-1859,TX-08,26,238220,Unanswered,Unknown/NotStated,60136.5,180409.5,,,,,,Limited  Liability Company(LLC),68922,First Financial Bank,ABILENE,TX,Female Owned,Unanswered,,243065.05,04/22/2021
9676938304,01/31/2021,0671,PPS,BLUE NORTHERN AIR CONDITIONING INC,16123 Avenue C,Channelview,TX,77530-3707,10/09/2021,Paid in Full,60,100,240490.67,240490.67,0,,70026,"SouthTrust Bank, National Association",601 Guadalupe St,GEORGE WEST,TX,78022,U,Y,Y,Existing or more than 2 years old,Channelview,HARRIS,TX,77530-3707,TX-36,16,238220,Unanswered,Unknown/NotStated,1,240485.67,,,,,,Subchapter S Corporation,70026,"SouthTrust Bank, National Association",GEORGE WEST,TX,Unanswered,Unanswered,,241788.66,08/20/2021
7683927010,04/08/2020,0671,PPP,BLUE NORTHERN AIR CONDITIONING INC,16123 Ave C,CHANNELVIEW,TX,77530-3707,02/26/2021,Paid in Full,24,100,240490,240490,0,,70026,"SouthTrust Bank, National Association",601 Guadalupe St,GEORGE WEST,TX,78022,U,Y,Y,Existing or more than 2 years old,CHANNELVIEW,HARRIS,TX,77530-3707,TX-36,16,238220,Unanswered,Unknown/NotStated,,240490,,,,,,Subchapter S Corporation,70026,"SouthTrust Bank, National Association",GEORGE WEST,TX,Unanswered,Unanswered,,242525.93,02/19/2021
4770007108,04/13/2020,0671,PPP,"DELTA T EQUIPMENT, LP","10757 Cutten Road, Building 3",HOUSTON,TX,77066-5007,06/24/2021,Paid in Full,24,100,412735,240275,0,,451098,Stellar Bank,8727 W Sam Houston Pkwy North,HOUSTON,TX,77040-5167,U,N,N,Existing or more than 2 years old,HOUSTON,HARRIS,TX,77066-5007,TX-18,29,238220,Unanswered,Unknown/NotStated,,240275,,,,,,Partnership,451098,Stellar Bank,HOUSTON,TX,Unanswered,Unanswered,,242837.93,05/17/2021
4807207005,04/04/2020,0671,PPP,"A & T PLUMBING COMPANY, INC.",9520 YUPONDALE DR,HOUSTON,TX,77080-7232,12/17/2020,Paid in Full,24,100,240000,240000,0,,448034,Austin County State Bank,436 S Front St,BELLVILLE,TX,77418-2413,U,N,Y,Existing or more than 2 years old,HOUSTON,HARRIS,TX,77080-7232,TX-38,13,238220,Unanswered,Not Hispanic or Latino,,240000,,,,,,Corporation,448034,Austin County State Bank,BELLVILLE,TX,Male Owned,Non-Veteran,,241353.33,11/03/2020
1702357701,05/01/2020,0610,PPP,"NORTHSIDE A/C GP, LLC",619 HEMBRY ST,LEWISVILLE,TX,75057,02/18/2021,Paid in Full,24,100,239890,239890,0,,48270,"JPMorgan Chase Bank, National Association",1111 Polaris Pkwy,COLUMBUS,OH,43240-2031,U,Y,Y,Existing or more than 2 years old,LEWISVILLE,DENTON,TX,75057-0001,TX-26,21,238220,Unanswered,Unknown/NotStated,,239890,,,,,,Limited  Liability Company(LLC),194093,"JPMorgan Chase Bank, National Association",CHICAGO,IL,Unanswered,Unanswered,,241522.58,01/07/2021
6281707104,04/14/2020,0610,PPP,PAYNE MECHANICAL SERVICES OF TEXAS,2000 S EASTMAN ROAD,LONGVIEW,TX,75602,07/29/2021,Paid in Full,24,100,239697.5,239697.5,0,,39848,Cadence Bank,201 S Spring St,TUPELO,MS,38804-4811,U,Y,Y,New Business or 2 years or less,LONGVIEW,GREGG,TX,75602-0001,TX-01,32,238220,Unanswered,Unknown/NotStated,,239697.5,,,,,,Limited  Liability Company(LLC),39848,Cadence Bank,TUPELO,MS,Unanswered,Unanswered,,242447.36,06/10/2021
7586967107,04/14/2020,0610,PPP,DRING AIR CONDITIONING & HEATING LP,2140 Hutton Dr. #100,CARROLLTON,TX,75006-8323,03/16/2021,Paid in Full,24,100,239554.2,239554,0,,121598,Texas Capital Bank,"2000 McKinney Ave, Ste 700",DALLAS,TX,75201-1985,U,N,N,Existing or more than 2 years old,CARROLLTON,DALLAS,TX,75006-8323,TX-24,25,238220,Unanswered,Unknown/NotStated,10000,201554,,28000,,,,Subchapter S Corporation,121598,Texas Capital Bank,DALLAS,TX,Unanswered,Unanswered,,241503.25,02/09/2021
1524938505,02/19/2021,0610,PPS,JENSEN PLUMBING INC.,12327 FM 2305,Belton,TX,76513-5437,04/20/2022,Paid in Full,60,100,239522,239522,0,,48270,"JPMorgan Chase Bank, National Association",1111 Polaris Pkwy,COLUMBUS,OH,43240-2031,U,N,N,Existing or more than 2 years old,Belton,BELL,TX,76513-5437,TX-31,17,238220,Unanswered,Unknown/NotStated,1,239517,,,,,,Subchapter S Corporation,48270,"JPMorgan Chase Bank, National Association",COLUMBUS,OH,Unanswered,Unanswered,,241993.2,03/09/2022
4332927102,04/13/2020,0610,PPP,"TRAMEL ALCO AIR, INC.",4412 US HWY 259 N,LONGVIEW,TX,75605,02/24/2021,Paid in Full,24,100,239007.5,239007.5,0,,39848,Cadence Bank,201 S Spring St,TUPELO,MS,38804-4811,U,N,N,New Business or 2 years or less,LONGVIEW,GREGG,TX,75605-0001,TX-01,19,238220,Unanswered,Unknown/NotStated,,239007.5,,,,,,Corporation,39848,Cadence Bank,TUPELO,MS,Unanswered,Unanswered,,240733.67,01/08/2021
3730407209,04/27/2020,0610,PPP,RICHARDSON MECHANICAL INC,660 INTERNATIONAL PKWY STE 100,RICHARDSON,TX,75081-0000,07/10/2021,Paid in Full,24,100,238912.55,238912.55,0,,368915,Veritex Community Bank,8214 Westchester Dr Ste 800,Dallas,TX,75225,U,N,N,Existing or more than 2 years old,RICHARDSON,DALLAS,TX,75081-0001,TX-32,17,238220,Unanswered,Unknown/NotStated,,238912.55,,,,,,Corporation,368915,Veritex Community Bank,Dallas,TX,Male Owned,Unanswered,,241570.04,06/09/2021
5262757108,04/13/2020,0681,PPP,"S&D COMMERCIAL SERVICES, LLC",1009 W. 2nd Street,TAYLOR,TX,76574-2428,04/16/2021,Paid in Full,24,100,237500,237500,0,,465852,R Bank,3600 E Palm Valley Blvd,ROUND ROCK,TX,78665-3320,U,N,Y,Existing or more than 2 years old,TAYLOR,WILLIAMSON,TX,76574-2428,TX-31,19,238220,Unanswered,Unknown/NotStated,,237500,,,,,,Limited  Liability Company(LLC),465852,R Bank,ROUND ROCK,TX,Unanswered,Unanswered,,239712.33,03/24/2021
9258957202,04/28/2020,0671,PPP,"LINC INTERESTS, INC",7234 Wynnwood Lane,Houston,TX,77008,05/20/2021,Paid in Full,24,100,237500,237500,0,,113190,American Express National Bank,115 West Towne Ridge Parkway,Sandy,UT,84070,U,N,N,Existing or more than 2 years old,Houston,HARRIS,TX,77008-0001,TX-18,20,238220,Unanswered,Unknown/NotStated,0,190000,0,0,,47500,0,Corporation,113190,American Express National Bank,Sandy,UT,Unanswered,Unanswered,,239868.49,05/06/2021
9622328303,01/31/2021,0671,PPS,J & S MECHANICAL CONTRACTORS INC,2111 W 34th St,Houston,TX,77018-6002,09/29/2021,Paid in Full,60,100,237500,237500,0,,71783,Frost Bank,111 W Houston St,SAN ANTONIO,TX,78205-1414,U,N,N,Existing or more than 2 years old,Houston,HARRIS,TX,77018-6002,TX-18,16,238220,Unanswered,Not Hispanic or Latino,1,237499,,,,,,Corporation,71783,Frost Bank,SAN ANTONIO,TX,Male Owned,Non-Veteran,,238690.75,08/04/2021
2312727105,04/10/2020,0671,PPP,SMITH COMMERCAIL CONTRACTING INC,10400 Rodgers Road,HOUSTON,TX,77070-1642,12/17/2020,Paid in Full,24,100,237068,237068,0,,4679,Simmons Bank,501 Main St,PINE BLUFF,AR,71601-4327,U,N,N,Existing or more than 2 years old,HOUSTON,HARRIS,TX,77070-1642,TX-38,17,238220,Unanswered,Unknown/NotStated,,237068,,,,,,Corporation,71902,Simmons Bank,COLLEGE STATION,TX,Unanswered,Unanswered,,238379.99,11/05/2020
7946477107,04/14/2020,0610,PPP,CLASSIC PLUMBING LLC,1301 10TH ST,PLANO,TX,75074-8647,08/06/2021,Paid in Full,24,100,224100,236900,0,,58899,First United Bank and Trust Company,1400 W Main St,DURANT,OK,74701-4906,U,Y,Y,Existing or more than 2 years old,PLANO,COLLIN,TX,75074-8647,TX-32,20,238220,Unanswered,Unknown/NotStated,29613,177675,,29612,,,,Limited  Liability Company(LLC),58899,First United Bank and Trust Company,DURANT,OK,Unanswered,Unanswered,,239736.31,07/09/2021
9735208309,01/31/2021,0610,PPS,CLASSIC PLUMBING LLC,1301 10th St,Plano,TX,75074-8647,05/13/2022,Paid in Full,60,100,236900,236900,0,,58899,First United Bank and Trust Company,1400 W Main St,DURANT,OK,74701-4906,U,Y,Y,Existing or more than 2 years old,Plano,COLLIN,TX,75074-8647,TX-32,20,238220,Unanswered,Unknown/NotStated,1,236898,,,,,,Limited  Liability Company(LLC),58899,First United Bank and Trust Company,DURANT,OK,Unanswered,Unanswered,,239697.37,04/18/2022
2259147707,05/01/2020,0610,PPP,ASTAR HEAT &AMP; AIR INC,10865 SANDEN DR,DALLAS,TX,75238,06/23/2021,Paid in Full,24,100,236688,236688,0,,48270,"JPMorgan Chase Bank, National Association",1111 Polaris Pkwy,COLUMBUS,OH,43240-2031,U,Y,Y,Existing or more than 2 years old,DALLAS,DALLAS,TX,75238-0001,TX-24,51,238220,Unanswered,Hispanic or Latino,10572.95,189351,6426.94,12372.32,,15572.79,2392,Corporation,194093,"JPMorgan Chase Bank, National Association",CHICAGO,IL,Unanswered,Unanswered,,239078.42,05/10/2021
4503307110,04/13/2020,0610,PPP,TIM LONG PLUMBING INC,195 COUNTY ROAD 4840,HASLET,TX,76052-2026,01/13/2021,Paid in Full,24,100,236300,236300,0,,110481,Bank of the West,108 W Northwest Hwy,GRAPEVINE,TX,76051-3270,R,N,N,Existing or more than 2 years old,HASLET,WISE,TX,76052-2026,TX-26,20,238220,Unanswered,Unknown/NotStated,,236300,,,,,,Corporation,110481,Bank of the West,GRAPEVINE,TX,Unanswered,Unanswered,,237842.51,12/15/2020
7788507009,04/08/2020,0671,PPP,BAILEY VENTURES LLC,17040 I-10,VIDOR,TX,77662,11/19/2020,Paid in Full,24,100,236000,236000,0,,72006,First State Bank of Texas,4039 I H 10 E,ORANGE,TX,77630,R,N,N,Existing or more than 2 years old,VIDOR,ORANGE,TX,77662-0001,TX-36,18,238220,White,Not Hispanic or Latino,,236000,,,,,,Limited  Liability Company(LLC),72006,First State Bank of Texas,ORANGE,TX,Male Owned,Non-Veteran,,237344.88,11/03/2020
2198108403,02/03/2021,0671,PPP,RAMCO ENTERPRISES LLC,900 Houston Ave,Pasadena,TX,77502-2215,01/14/2022,Paid in Full,60,100,235637.5,235637.5,0,,78563,"Home Bank, National Association",503 Kaliste Saloom Rd,LAFAYETTE,LA,70508-4203,U,Y,Y,Existing or more than 2 years old,Pasadena,HARRIS,TX,77502-2215,TX-29,19,238220,Unanswered,Unknown/NotStated,,235637.5,,,,,,Limited  Liability Company(LLC),452541,Home Bank National Association,HOUSTON,TX,Unanswered,Unanswered,,237705.87,12/23/2021
4611487202,04/27/2020,0681,PPP,RHEA & SONS ENTERPRISES INC,333 CR 116,LLANO,TX,78643,01/26/2021,Paid in Full,24,100,235222,235222,0,,39848,Cadence Bank,201 S Spring St,TUPELO,MS,38804-4811,R,N,N,New Business or 2 years or less,LLANO,LLANO,TX,78643-0001,TX-11,29,238220,Unanswered,Unknown/NotStated,,235222,,,,,,Corporation,39848,Cadence Bank,TUPELO,MS,Unanswered,Unanswered,,187993.07,11/23/2020
9847057005,04/09/2020,0671,PPP,PLUMBING WORKS OF HOUSTON LLC,6615 FLINTLOCK RD,HOUSTON,TX,77040-4318,12/19/2020,Paid in Full,24,100,234600,234600,0,,71783,Frost Bank,111 W Houston St,SAN ANTONIO,TX,78205-1414,U,N,Y,Existing or more than 2 years old,HOUSTON,HARRIS,TX,77040-4318,TX-18,24,238220,Unanswered,Not Hispanic or Latino,,234600,,,,,,Limited  Liability Company(LLC),71783,Frost Bank,SAN ANTONIO,TX,Male Owned,Non-Veteran,,235879.05,11/03/2020
3129327208,04/16/2020,0610,PPP,TOTAL PLUMBING SERVICES INC,3706 BIG A RD,ROWLETT,TX,75089-4000,12/08/2020,Paid in Full,24,100,234100,234100,0,,71977,The American National Bank of Texas,102 W Moore,TERRELL,TX,75160-3129,U,N,N,Existing or more than 2 years old,ROWLETT,DALLAS,TX,75089-4000,TX-05,20,238220,Unanswered,Unknown/NotStated,,234100,,,,,,Corporation,71977,The American National Bank of Texas,TERRELL,TX,Unanswered,Unanswered,,235446.88,11/23/2020
6779637202,04/28/2020,0671,PPP,"TLCP, LP",16536 Mueschke Road,Cypress,TX,77433,07/21/2021,Paid in Full,24,100,234000,234000,0,,454766,Third Coast Bank,"20202 Hwy 59 North, Ste 190",Humble,TX,77338,U,N,N,Existing or more than 2 years old,Cypress,HARRIS,TX,77433-0001,TX-10,19,238220,Unanswered,Unknown/NotStated,,234000,,,,,,Partnership,454766,Third Coast Bank,Humble,TX,Unanswered,Unanswered,,236554.5,06/09/2021
6692948401,02/10/2021,0671,PPS,MILES SERVICE CORP,2915 Preston Ave,Pasadena,TX,77503-3823,09/28/2021,Paid in Full,60,100,233947,233947,0,,111901,"LendingClub Bank, National Association",2701 N Thanksgiving Way,LEHI,UT,84043,U,Y,Y,Existing or more than 2 years old,Pasadena,HARRIS,TX,77503-3823,TX-29,17,238220,Unanswered,Unknown/NotStated,,233947,,,,,,Corporation,111901,"LendingClub Bank, National Association",LEHI,UT,Unanswered,Unanswered,,235168.72,08/27/2021
5012487009,04/04/2020,0610,PPP,"HOME PLUMBING COMPANY, INC",8305 SOVEREIGN ROW,DALLAS,TX,75247-4715,02/16/2021,Paid in Full,24,100,232700,232700,0,,455610,Texas Security Bank,1212 Turtle Creek Blvd,DALLAS,TX,75207-6614,U,Y,Y,Existing or more than 2 years old,DALLAS,DALLAS,TX,75247-4715,TX-33,20,238220,Unanswered,Not Hispanic or Latino,23270,174525,,34905,,,,Corporation,455610,Texas Security Bank,DALLAS,TX,Male Owned,Unanswered,,234040.22,02/12/2021
2867217403,05/06/2020,0610,PPP,"JDW ENERGY, LLC",5105 ESCAMBIA TER,FORT WORTH,TX,76244-5924,12/17/2020,Paid in Full,24,100,232691,232691,0,,4679,Simmons Bank,501 Main St,PINE BLUFF,AR,71601-4327,U,N,N,Existing or more than 2 years old,FORT WORTH,TARRANT,TX,76244-5924,TX-24,22,238220,Unanswered,Unknown/NotStated,,232691,,,,,,Corporation,71902,Simmons Bank,COLLEGE STATION,TX,Male Owned,Non-Veteran,,233825.77,11/03/2020
4134258500,02/25/2021,0610,PPS,JDW ENERGY LLC,1130 Blue Mound Rd Suite 202,Fort worth,TX,76052,10/21/2021,Paid in Full,60,100,232690,232690,0,,4679,Simmons Bank,501 Main St,PINE BLUFF,AR,71601-4327,U,N,N,Existing or more than 2 years old,Fort worth,TARRANT,TX,76052,TX-12,11,238220,Unanswered,Unknown/NotStated,1,232686,,,,,,Corporation,71902,Simmons Bank,COLLEGE STATION,TX,Male Owned,Non-Veteran,,233843.89,09/01/2021
7735888500,03/06/2021,0671,PPS,LISTER PLUMBING INC,5001 Sealy St,Galveston,TX,77551-4151,12/22/2021,Paid in Full,60,100,232500,232500,0,,71783,Frost Bank,111 W Houston St,SAN ANTONIO,TX,78205-1414,U,Y,N,Existing or more than 2 years old,Galveston,GALVESTON,TX,77551-4151,TX-14,14,238220,White,Not Hispanic or Latino,,232500,,,,,,Subchapter S Corporation,71783,Frost Bank,SAN ANTONIO,TX,Male Owned,Non-Veteran,,234124.32,11/19/2021
8346157008,04/08/2020,0671,PPP,"LISTER PLUMBING, INC",5001 SEALY ST,GALVESTON,TX,77551-4151,06/23/2021,Paid in Full,24,100,232500,232500,0,,71783,Frost Bank,111 W Houston St,SAN ANTONIO,TX,78205-1414,U,Y,N,Existing or more than 2 years old,GALVESTON,GALVESTON,TX,77551-4151,TX-14,15,238220,White,Not Hispanic or Latino,,232500,,,,,,Subchapter S Corporation,71783,Frost Bank,SAN ANTONIO,TX,Male Owned,Non-Veteran,,234939.66,05/06/2021
9440207305,05/02/2020,0681,PPP,"DAYTON A/C & HEATING, LLC",775 S. Turnersville Rd. Bld C,Buda,TX,78610,03/18/2021,Paid in Full,24,100,271872,232458,0,,223542,Celtic Bank Corporation,"268 S State St, Ste 300",SALT LAKE CITY,UT,84111-5314,R,N,Y,Existing or more than 2 years old,Buda,HAYS,TX,78610-0001,TX-21,26,238220,Unanswered,Unknown/NotStated,,232458,,,,,,Limited  Liability Company(LLC),223542,Celtic Bank Corporation,SALT LAKE CITY,UT,Unanswered,Unanswered,,234330.58,03/01/2021
1220768307,01/16/2021,0610,PPS,"WATER-SOURCE PLUMBING SERVICES, LLC",6808 Broad Ave,Waco,TX,76712-6703,10/08/2021,Paid in Full,60,100,232300,232300,0,,71419,The First National Bank of McGregor d/b/a TFNB Your Bank for Life,401 Main St,MCGREGOR,TX,76657-1610,U,N,N,Existing or more than 2 years old,Waco,MCLENNAN,TX,76712-6703,TX-17,18,238220,Unanswered,Unknown/NotStated,1,232298,,,,,,Limited  Liability Company(LLC),71419,The First National Bank of McGregor d/b/a TFNB Your Bank for Life,MCGREGOR,TX,Unanswered,Unanswered,,233784.14,09/15/2021
3660949007,05/19/2021,0671,PPP,LONE STAR MECHANICAL,3435 FM 1960 Rd E,Humble,TX,77338-5319,04/15/2022,Paid in Full,60,100,232225,232225,0,,509578,PeopleFund,"2921 E. 17th Street Bldg. D, Suite 1",Austin,TX,78702,U,N,N,Existing or more than 2 years old,Humble,HARRIS,TX,77338-5319,TX-02,18,238220,White,Hispanic or Latino,,232225,,,,,,Limited  Liability Company(LLC),509578,PeopleFund,Austin,TX,Male Owned,Unanswered,,234095.52,03/24/2022
6631377004,04/07/2020,0681,PPP,"SCHNEIDER'S REFRIGERATION & APPLIANCE SERVICES, INC.",684 FM 2093,FREDERICKSBURG,TX,78624-7954,12/10/2020,Paid in Full,24,100,232200,232200,0,,4392,Centennial Bank,620 Chestnut St,CONWAY,AR,72032-5404,R,N,N,Existing or more than 2 years old,FREDERICKSBURG,GILLESPIE,TX,78624-7954,TX-21,24,238220,Unanswered,Unknown/NotStated,,232200,,,,,,Subchapter S Corporation,71612,Centennial Bank,Lubbock,TX,Unanswered,Unanswered,,233650.45,11/25/2020
5713667203,04/27/2020,0681,PPP,"AMERICAN LEAK DETECTION OF SAN ANTONIO, LP",31134 IH 10 West,BOERNE,TX,78006,09/25/2021,Paid in Full,24,100,232182,232182,0,,4679,Simmons Bank,501 Main St,PINE BLUFF,AR,71601-4327,R,N,N,Unanswered,BOERNE,KENDALL,TX,78006-0001,TX-21,23,238220,Unanswered,Unknown/NotStated,,232182,,,,,,Partnership,71902,Simmons Bank,COLLEGE STATION,TX,Unanswered,Unanswered,,235228.99,08/24/2021
6668727006,04/07/2020,0610,PPP,"A SQUARED PLUMBING, LLC",3021 MARQUITA DR,FORT WORTH,TX,76116-4017,12/16/2020,Paid in Full,24,100,231600,231600,0,,68966,Amarillo National Bank,410 S Taylor St,AMARILLO,TX,79101-1555,U,Y,Y,Existing or more than 2 years old,FORT WORTH,TARRANT,TX,76116-4017,TX-12,23,238220,Unanswered,Not Hispanic or Latino,,231600,,,,,,Limited  Liability Company(LLC),68966,Amarillo National Bank,AMARILLO,TX,Male Owned,Non-Veteran,,232944.57,11/03/2020
6172497005,04/06/2020,0681,PPP,LSC CONTRACTING,1725 COX LN,SAN ANGELO,TX,76903-8111,07/10/2021,Paid in Full,24,100,231400,231400,0,,68922,First Financial Bank,400 Pine St,ABILENE,TX,79601-5108,U,N,Y,Existing or more than 2 years old,SAN ANGELO,TOM GREEN,TX,76903-8111,TX-11,24,238220,Unanswered,Unknown/NotStated,57850,173550,,,,,,Limited  Liability Company(LLC),68922,First Financial Bank,ABILENE,TX,Unanswered,Unanswered,,234099.67,06/03/2021
7434087104,04/14/2020,0639,PPP,BEALL SERVICE COMPANY LLC,9245 PADRE ISLAND DR,CORPUS CHRISTI,TX,78418-5503,03/10/2021,Paid in Full,24,100,231222,231222,0,,70615,"Kleberg Bank, National Association",100 E Kleberg Ave,KINGSVILLE,TX,78363-4571,U,N,N,Existing or more than 2 years old,CORPUS CHRISTI,NUECES,TX,78418-5503,TX-27,21,238220,Unanswered,Unknown/NotStated,315,216907,,14000,,,,Limited  Liability Company(LLC),70615,"Kleberg Bank, National Association",KINGSVILLE,TX,Unanswered,Unanswered,,233014.76,02/02/2021
1063038306,01/16/2021,0678,PPS,TEXAS WATER MASTER INC,1017 Energy Dr,Abilene,TX,79602-7948,10/13/2021,Paid in Full,60,100,231100,231100,0,,71430,First State Bank,2118 S Treadaway Blvd,ABILENE,TX,79602-5906,U,Y,N,Existing or more than 2 years old,Abilene,TAYLOR,TX,79602-7948,TX-19,17,238220,Unanswered,Not Hispanic or Latino,1,231096,,,,,,Subchapter S Corporation,71430,First State Bank,ABILENE,TX,Male Owned,Non-Veteran,,232562.58,09/09/2021
2018958306,01/20/2021,0671,PPS,TRAYLOR MECHANICAL CORPORATION,2651 Douglas St,Pearland,TX,77581-4701,09/24/2021,Paid in Full,60,100,231000,231000,0,,78563,"Home Bank, National Association",503 Kaliste Saloom Rd,LAFAYETTE,LA,70508-4203,U,N,N,Existing or more than 2 years old,Pearland,BRAZORIA,TX,77581-4701,TX-22,9,238220,Unanswered,Unknown/NotStated,,231000,,,,,,Corporation,452541,Home Bank National Association,HOUSTON,TX,Unanswered,Unanswered,,232212.75,08/09/2021
6375067005,04/06/2020,0610,PPP,T&B BOILER INC,816 VINSON LN,RED OAK,TX,75154-7032,07/09/2021,Paid in Full,24,100,231000,231000,0,,72095,First National Bank and Trust Company of Weatherford d/b/a First Bank Texas,220 Palo Pinto,WEATHERFORD,TX,76086-4350,R,N,N,Existing or more than 2 years old,RED OAK,ELLIS,TX,75154-7032,TX-06,21,238220,Unanswered,Unknown/NotStated,,231000,,,,,,Corporation,69009,First National Bank and Trust Company of Weatherford d/b/a First Bank Texas,BAIRD,TX,Unanswered,Unanswered,,233630.83,06/01/2021
6662907109,04/14/2020,0610,PPP,GOLDEN MECHANICAL CONTRACTORS INC,"1232 Colorado Lane, Ste 102",ARLINGTON,TX,76015,12/16/2020,Paid in Full,24,100,231000,231000,0,,71316,PlainsCapital Bank,2911 Turtle Creek Blvd. Suite 700,DALLAS,TX,75219,U,N,Y,Existing or more than 2 years old,ARLINGTON,TARRANT,TX,76015-0007,TX-25,22,238220,Unanswered,Unknown/NotStated,1200,216850,,1200,,11750,,Corporation,71316,PlainsCapital Bank,DALLAS,TX,Unanswered,Unanswered,,232283.33,11/12/2020
1606557103,04/10/2020,0681,PPP,"E AND E AIR CONDITIONING, INC.","801 Union Pacific Blvd, Suite 1",LAREDO,TX,78045-9451,10/07/2021,Paid in Full,24,100,230700,230700,0,,70700,International Bank of Commerce,1200 San Bernardo Ave,LAREDO,TX,78040-6301,U,N,N,Existing or more than 2 years old,LAREDO,WEBB,TX,78045-9451,TX-28,35,238220,Unanswered,Unknown/NotStated,,230700,,,,,,Corporation,70700,International Bank of Commerce,LAREDO,TX,Unanswered,Unanswered,,233987.48,09/10/2021
3808128401,02/05/2021,0681,PPS,A CHAVARRIA'S PLUMBING INC,6320 Krone Ln,Laredo,TX,78041-6202,10/15/2021,Paid in Full,60,100,230120,230120,0,,110490,Falcon International Bank,7718 McPherson Rd,LAREDO,TX,78045-2805,U,N,N,Existing or more than 2 years old,Laredo,WEBB,TX,78041-6202,TX-28,33,238220,Unanswered,Unknown/NotStated,,230120,,,,,,Corporation,110490,Falcon International Bank,LAREDO,TX,Unanswered,Unanswered,,231532.68,09/22/2021
6567627001,04/07/2020,0671,PPP,MILES SERVICE CORP,2915 PRESTON AVE,PASADENA,TX,77503-3823,12/10/2020,Paid in Full,24,100,230000,230000,0,,111901,"LendingClub Bank, National Association",2701 N Thanksgiving Way,LEHI,UT,84043,U,Y,Y,Existing or more than 2 years old,PASADENA,HARRIS,TX,77503-3823,TX-29,16,238220,Unanswered,Unknown/NotStated,,230000,,,,,,Corporation,111901,"LendingClub Bank, National Association",LEHI,UT,Male Owned,Unanswered,,231373.61,11/27/2020
8216767201,04/28/2020,0671,PPP,DAVE LANE AIR CONDITIONING CO INC,15825 State Highway 249 Suite 15,Houston,TX,77086,06/08/2022,Paid in Full,24,100,230000,230000,0,,33850,Comerica Bank,1717 Main St,DALLAS,TX,75201-4612,U,N,N,Existing or more than 2 years old,Houston,HARRIS,TX,77086-1000,TX-18,19,238220,Unanswered,Unknown/NotStated,,230000,,,,,,Corporation,33850,Comerica Bank,DALLAS,TX,Male Owned,Non-Veteran,,203733.4,09/27/2021
6554847009,04/07/2020,0610,PPP,CURLY'S PLUMBING AND BIG BLADE SEWER SERVICE,2204 COUNTY ROAD 1123,GODLEY,TX,76044-4372,05/28/2021,Paid in Full,24,100,229819,229819,0,,68922,First Financial Bank,400 Pine St,ABILENE,TX,79601-5108,R,N,N,Existing or more than 2 years old,GODLEY,JOHNSON,TX,76044-4372,TX-25,18,238220,Unanswered,Unknown/NotStated,57454.75,172364.25,,,,,,Subchapter S Corporation,68922,First Financial Bank,ABILENE,TX,Unanswered,Unanswered,,231644.78,01/20/2021
7770497304,04/30/2020,0610,PPP,MATCO OF TEXAS INC,202 East 1st St,PROSPER,TX,75078,04/08/2021,Paid in Full,24,100,229800,229800,0,,4679,Simmons Bank,501 Main St,PINE BLUFF,AR,71601-4327,U,N,N,Unanswered,PROSPER,COLLIN,TX,75078-0001,TX-04,16,238220,White,Not Hispanic or Latino,,229800,,,,,,Corporation,4679,Simmons Bank,PINE BLUFF,AR,Male Owned,Veteran,,231670.32,02/24/2021
5758367102,04/14/2020,0610,PPP,"EXPERT SERVICES, LLC",2345 Merritt Dr.,GARLAND,TX,75041-6140,12/16/2020,Paid in Full,24,100,231700,229600,0,,71316,PlainsCapital Bank,2911 Turtle Creek Blvd. Suite 700,DALLAS,TX,75219,U,Y,Y,New Business or 2 years or less,GARLAND,DALLAS,TX,75041-6140,TX-32,26,238220,Unanswered,Unknown/NotStated,10020,191212.76,,3749.32,,24617.92,,Limited  Liability Company(LLC),71316,PlainsCapital Bank,DALLAS,TX,Unanswered,Unanswered,,230888.31,11/12/2020
9383867002,04/09/2020,0610,PPP,"VWMB INDUSTRIAL REFRIGERATION, LLC",1409 SPARS CT,AZLE,TX,76020-4920,04/23/2021,Paid in Full,24,100,229600,229600,0,,71783,Frost Bank,111 W Houston St,SAN ANTONIO,TX,78205-1414,U,N,N,Existing or more than 2 years old,AZLE,TARRANT,TX,76020-4920,TX-12,16,238220,Unanswered,Unknown/NotStated,,229600,,,,,,Limited  Liability Company(LLC),71783,Frost Bank,SAN ANTONIO,TX,Male Owned,Non-Veteran,,231763.9,03/31/2021
3618807102,04/11/2020,0681,PPP,ESPERANZA VENTURES CORPORATION,421 SCHREINER ST,KERRVILLE,TX,78028-4466,02/16/2021,Paid in Full,24,100,229400,229400,0,,33850,Comerica Bank,1717 Main St,DALLAS,TX,75201-4612,R,Y,Y,Existing or more than 2 years old,KERRVILLE,KERR,TX,78028-4466,TX-21,17,238220,Unanswered,Not Hispanic or Latino,,183531.08,45868.92,,,,,Corporation,33850,Comerica Bank,DALLAS,TX,Male Owned,Non-Veteran,,231056.78,01/04/2021
3402958806,04/14/2021,0671,PPS,K&R MECHANICAL SERVICES LLC,12634 Haynes Rd Ste B,Houston,TX,77066-1104,11/13/2021,Paid in Full,60,100,229172,229172,0,,72601,"Zions Bank, A Division of",1 S Main St,SALT LAKE CITY,UT,84133-1109,U,N,N,Existing or more than 2 years old,Houston,HARRIS,TX,77066-1104,TX-18,26,238220,White,Not Hispanic or Latino,1,229170,,,,,,Limited  Liability Company(LLC),72601,"Zions Bank, A Division of",SALT LAKE CITY,UT,Female Owned,Non-Veteran,,230452.85,11/08/2021
2433777105,04/10/2020,0671,PPP,"1-800-PLUMBER OF PEARLAND, LLC",3905 HALIK ST,PEARLAND,TX,77581-2903,06/23/2021,Paid in Full,24,100,228900,228900,0,1-800-PLUMBER,71783,Frost Bank,111 W Houston St,SAN ANTONIO,TX,78205-1414,U,N,N,New Business or 2 years or less,PEARLAND,BRAZORIA,TX,77581-2903,TX-22,15,238220,Unanswered,Not Hispanic or Latino,,228900,,,,,,Limited  Liability Company(LLC),71783,Frost Bank,SAN ANTONIO,TX,Male Owned,Non-Veteran,,231295.61,05/10/2021
9884317010,04/09/2020,0681,PPP,M.E. PLUMBING LLC,925 S AUSTIN ST,SEGUIN,TX,78155-6528,04/07/2021,Paid in Full,24,100,228555,228555,0,,71853,Texas Champion Bank,6124 S Staples,CORPUS CHRISTI,TX,78413-2904,U,Y,Y,Existing or more than 2 years old,SEGUIN,GUADALUPE,TX,78155-6528,TX-15,22,238220,Unanswered,Unknown/NotStated,,228555,,,,,,Subchapter S Corporation,71853,Texas Champion Bank,CORPUS CHRISTI,TX,Unanswered,Unanswered,,230050.86,02/16/2021
2224378506,02/20/2021,0610,PPS,LASSITER INC.,8601 Mill Creek Rd,Irving,TX,75063-4267,03/26/2022,Paid in Full,60,100,228200,228200,0,,33850,Comerica Bank,1717 Main St,DALLAS,TX,75201-4612,U,N,N,Existing or more than 2 years old,Irving,DALLAS,TX,75063-4267,TX-33,19,238220,White,Unknown/NotStated,1,228195,,,,,,Subchapter S Corporation,33850,Comerica Bank,DALLAS,TX,Unanswered,Unanswered,,229252.26,08/11/2021
6198757205,04/27/2020,0671,PPP,"RSC, LLC",4508 WOODROW AVE,GALVESTON,TX,77551-5729,03/23/2021,Paid in Full,24,100,228115,228115,0,,124054,Farm Bureau Bank FSB,"10345 Professional Circle, Ste 100",Reno,NV,89521,U,N,N,Unanswered,GALVESTON,GALVESTON,TX,77551-5729,TX-14,18,238220,White,Not Hispanic or Latino,,228115,,,,,,Limited  Liability Company(LLC),124054,Farm Bureau Bank FSB,Reno,NV,Male Owned,Non-Veteran,,229389.94,11/23/2020
8440757007,04/08/2020,0610,PPP,"SHANK'S PLUMBING SERVICE, LLC",2133 S. MAIN ST,CLEBURNE,TX,76033-6859,04/07/2021,Paid in Full,24,100,227000,227000,0,,70535,Pinnacle Bank,"250, W Lancaster Ave, Ste 170",Fort Worth,TX,76102,R,N,N,Existing or more than 2 years old,CLEBURNE,JOHNSON,TX,76033-6859,TX-25,23,238220,Unanswered,Unknown/NotStated,,227000,,,,,,Limited  Liability Company(LLC),70535,Pinnacle Bank,Fort Worth,TX,Unanswered,Unanswered,,229049.31,03/10/2021
4421987100,04/13/2020,0671,PPP,"COASTAL LEAK CONSULTING, INC",19130 WILKS DR,CYPRESS,TX,77433-4323,03/18/2021,Paid in Full,24,100,226897,226897,0,,451098,Stellar Bank,8727 W Sam Houston Pkwy North,HOUSTON,TX,77040-5167,U,N,N,Existing or more than 2 years old,CYPRESS,HARRIS,TX,77433-4323,TX-10,20,238220,Unanswered,Unknown/NotStated,,226897,,,,,,Subchapter S Corporation,451098,Stellar Bank,HOUSTON,TX,Unanswered,Unanswered,,228135.17,02/12/2021
8958648402,02/14/2021,0610,PPS,MIDAIR AIR CONDITIONING & HEATING INC,132 W McLeroy Blvd,Saginaw,TX,76179-1643,08/04/2022,Paid in Full,60,100,226851.07,226851.07,0,,70535,Pinnacle Bank,"250, W Lancaster Ave, Ste 170",Fort Worth,TX,76102,U,N,N,Existing or more than 2 years old,Saginaw,TARRANT,TX,76179-1643,TX-12,17,238220,Unanswered,Unknown/NotStated,,226851.07,,,,,,Subchapter S Corporation,70535,Pinnacle Bank,Fort Worth,TX,Unanswered,Unanswered,,230039.59,07/18/2022
4650247301,04/30/2020,0681,PPP,"TNT SYSTEM SOLUTIONS, INC",4414 Bucks Run Dr,Austin,TX,78744,08/11/2021,Paid in Full,24,100,226288,226288,0,,28811,"Capital One, National Association",1680 Capital One Dr,MCLEAN,VA,22102-3407,U,N,Y,Existing or more than 2 years old,Austin,TRAVIS,TX,78744-0001,TX-35,17,238220,Unanswered,Unknown/NotStated,,226288,,,,,,Subchapter S Corporation,28811,"Capital One, National Association",MCLEAN,VA,Unanswered,Unanswered,,228972.03,07/13/2021
2007017707,05/01/2020,0610,PPP,"HEDRICK MECHANICAL, INC.",11130 Petal Street 100,DALLAS,TX,75238,02/18/2021,Paid in Full,24,100,226275,226275,0,,48270,"JPMorgan Chase Bank, National Association",1111 Polaris Pkwy,COLUMBUS,OH,43240-2031,U,Y,Y,Existing or more than 2 years old,DALLAS,DALLAS,TX,75238-0001,TX-24,16,238220,White,Not Hispanic or Latino,,181020,,,,45255,,Corporation,194093,"JPMorgan Chase Bank, National Association",CHICAGO,IL,Male Owned,Non-Veteran,,227827.25,01/11/2021
1173737200,04/15/2020,0610,PPP,NATIVE SOLUTIONS INC.,1400 S SHERMAN ST Suite 120,RICHARDSON,TX,75081-6513,07/09/2021,Paid in Full,24,100,226212,226212,0,,69884,"Dallas Capital Bank, National Association","14185 Dallas Pkwy, Ste 200",DALLAS,TX,75254-1327,U,N,N,Existing or more than 2 years old,RICHARDSON,DALLAS,TX,75081-6513,TX-32,7,238220,Unanswered,Unknown/NotStated,,226212,,,,,,Corporation,69884,"Dallas Capital Bank, National Association",DALLAS,TX,Unanswered,Unanswered,,226051.66,06/28/2021
2573858408,02/03/2021,0610,PPS,NATIVE SOLUTIONS INC.,1400 S Sherman St Ste 120,Richardson,TX,75081-6513,11/09/2021,Paid in Full,60,100,226212,226212,0,,69884,"Dallas Capital Bank, National Association","14185 Dallas Pkwy, Ste 200",DALLAS,TX,75254-1327,U,N,N,Existing or more than 2 years old,Richardson,DALLAS,TX,75081-6513,TX-32,7,238220,Unanswered,Unknown/NotStated,1,226209,,,,,,Corporation,69884,"Dallas Capital Bank, National Association",DALLAS,TX,Unanswered,Unanswered,,227798.58,10/20/2021
1968977707,05/01/2020,0610,PPP,"THE RIGHT CHOICE HEATING & AIR, INC.",2290 springlake rd 105,FARMERS BRANCH,TX,75234,03/23/2021,Paid in Full,24,100,226042,226042,0,,48270,"JPMorgan Chase Bank, National Association",1111 Polaris Pkwy,COLUMBUS,OH,43240-2031,U,N,N,Existing or more than 2 years old,FARMERS BRANCH,DALLAS,TX,75234-0001,TX-33,200,238220,Unanswered,Unknown/NotStated,3900,190842,,9300,,16000,6000,Corporation,194093,"JPMorgan Chase Bank, National Association",CHICAGO,IL,Male Owned,Unanswered,,227466.64,02/12/2021
1990768401,02/03/2021,0681,PPS,ESPERANZA VENTURES CORPORATION,421 Schreiner St,Kerrville,TX,78028-4466,03/27/2022,Paid in Full,60,100,225600,225600,0,,33850,Comerica Bank,1717 Main St,DALLAS,TX,75201-4612,R,Y,Y,Existing or more than 2 years old,Kerrville,KERR,TX,78028-4466,TX-21,15,238220,Unanswered,Unknown/NotStated,1,225595,,,,,,Corporation,33850,Comerica Bank,DALLAS,TX,Unanswered,Unanswered,,226778.13,08/13/2021
2112327708,05/01/2020,0610,PPP,S.W.A.T. PLUMBING LLC,2111 E FM 1187,ALEDO,TX,76008,08/19/2021,Paid in Full,24,100,225382,225382,0,,48270,"JPMorgan Chase Bank, National Association",1111 Polaris Pkwy,COLUMBUS,OH,43240-2031,U,N,N,Existing or more than 2 years old,ALEDO,PARKER,TX,76008-0001,TX-12,19,238220,Unanswered,Unknown/NotStated,,225382,,,,,,Corporation,194093,"JPMorgan Chase Bank, National Association",CHICAGO,IL,Unanswered,Unanswered,,228149.06,07/27/2021
3812117100,04/12/2020,0610,PPP,APONT LLC,624 E CENTRE PARK BLVD,DESOTO,TX,75115-2499,09/24/2021,Paid in Full,24,100,225338.95,225338.95,0,1-800-Radiator & A/C,110352,First Bank of the Lake,"4558 Osage Beach Pkwy, Ste 100",OSAGE BEACH,MO,65065-2372,U,Y,Y,Existing or more than 2 years old,DESOTO,DALLAS,TX,75115-2499,TX-30,21,238220,White,Unknown/NotStated,,225338.95,,,,,,Limited  Liability Company(LLC),110352,First Bank of the Lake,OSAGE BEACH,MO,Unanswered,Veteran,,228199.5,08/02/2021
2130387207,04/15/2020,0610,PPP,"TINDALL MECHANICAL, INC.",700 STRAUS RD,CEDAR HILL,TX,75104-1784,12/11/2020,Paid in Full,24,100,225300,225300,0,,59179,InterBank,4921 N May Ave,OKLAHOMA CITY,OK,73112-6041,U,N,N,Existing or more than 2 years old,CEDAR HILL,DALLAS,TX,75104-1784,TX-30,19,238220,Unanswered,Unknown/NotStated,,225300,,,,,,Corporation,59179,InterBank,OKLAHOMA CITY,OK,Male Owned,Non-Veteran,,226522.18,11/05/2020
4785738310,01/23/2021,0610,PPS,TINDALL MECHANICAL INC.,700 Straus Rd,Cedar Hill,TX,75104-1784,09/29/2021,Paid in Full,60,100,225300,225300,0,,59179,InterBank,4921 N May Ave,OKLAHOMA CITY,OK,73112-6041,U,N,N,Existing or more than 2 years old,Cedar Hill,DALLAS,TX,75104-1784,TX-30,19,238220,Unanswered,Unknown/NotStated,1,225295,,,,,,Corporation,59179,InterBank,OKLAHOMA CITY,OK,Male Owned,Non-Veteran,,226460.45,08/04/2021
5024177007,04/04/2020,0681,PPP,"UNLIMITED AIR, LLC",4353 S JACKSON ST,SAN ANGELO,TX,76903-9332,02/09/2021,Paid in Full,24,100,225200,225200,0,,71712,Texas State Bank,2201 Sherwood Way,SAN ANGELO,TX,76901-3030,U,N,Y,New Business or 2 years or less,SAN ANGELO,TOM GREEN,TX,76903-9332,TX-11,23,238220,Unanswered,Unknown/NotStated,28150,168900,28150,,,,,Limited  Liability Company(LLC),71712,Texas State Bank,SAN ANGELO,TX,Unanswered,Unanswered,,226463.62,11/03/2020
3787187107,04/12/2020,0671,PPP,FORT BEND MECHANICAL & CONSTRUCTION LLC,13802 MURPHY RD,STAFFORD,TX,77477-4904,12/24/2020,Paid in Full,24,100,225000,225000,0,,451098,Stellar Bank,8727 W Sam Houston Pkwy North,HOUSTON,TX,77040-5167,U,N,N,Existing or more than 2 years old,STAFFORD,FORT BEND,TX,77477-4904,TX-09,16,238220,Unanswered,Unknown/NotStated,,225000,,,,,,Limited  Liability Company(LLC),451098,Stellar Bank,HOUSTON,TX,Unanswered,Unanswered,,226337.5,11/27/2020
5244387710,05/01/2020,0610,PPP,"REF EXPERTS & HVAC, LLC",3838 OAK LAWN AVE STE 1000,DALLAS,TX,75219-4511,02/18/2021,Paid in Full,24,100,225000,225000,0,,9551,"Bank of America, National Association","100 N Tryon St, Ste 170",CHARLOTTE,NC,28202-4024,U,N,N,New Business or 2 years or less,DALLAS,DALLAS,TX,75219-4511,TX-30,21,238220,Unanswered,Hispanic or Latino,,225000,,,,,,Limited  Liability Company(LLC),9551,"Bank of America, National Association",CHARLOTTE,NC,Male Owned,Non-Veteran,,226528.77,01/08/2021
9580147705,05/01/2020,0610,PPP,"RUDD FIRE PROTECTION, INC.","3074 Spur 124,",Tyler,TX,75707,01/13/2021,Paid in Full,24,100,225000,225000,0,,2408,Regions Bank,1900 Fifth Avenue North,BIRMINGHAM,AL,35203,U,Y,N,New Business or 2 years or less,Tyler,SMITH,TX,75707-0001,TX-01,24,238220,Unanswered,Unknown/NotStated,,225000,,,,,,Corporation,2408,Regions Bank,BIRMINGHAM,AL,Unanswered,Unanswered,,226319.18,12/08/2020
9858508708,04/09/2021,0671,PPS,TRADITION PLUMBING LLC,14090 Farm to Market 2920 G533,Tomball,TX,77375,03/11/2023,Paid in Full,60,100,224619,224619,0,,121536,Customers Bank,40 General Warren Blvd,Malvern,PA,19355,U,N,N,Existing or more than 2 years old,Tomball,HARRIS,TX,77375,TX-02,27,238220,Unanswered,Unknown/NotStated,1,224616,,,,,,Limited  Liability Company(LLC),121536,Customers Bank,Malvern,PA,Unanswered,Unanswered,,228785.22,02/16/2023
8614787202,04/28/2020,0671,PPP,"DU-WEST TOTAL PLUMBING, INC",510 W Pasadena Fwy.,Pasadena,TX,77506,05/21/2021,Paid in Full,24,100,279107,224588,0,,451098,Stellar Bank,8727 W Sam Houston Pkwy North,HOUSTON,TX,77040-5167,U,Y,Y,Existing or more than 2 years old,Pasadena,HARRIS,TX,77506-0001,TX-29,22,238220,Unanswered,Unknown/NotStated,,224588,,,,,,Corporation,451098,Stellar Bank,HOUSTON,TX,Unanswered,Unanswered,,226759.02,04/22/2021
3378627303,04/29/2020,0610,PPP,BRANTON COMPANY INC.,2936 Balch Springs Rd,Balch Springs,TX,75180-1933,12/24/2020,Paid in Full,24,100,224500,224500,0,,69819,Prosperity Bank,1301 N Mechanic,El Campo,TX,77437,U,Y,Y,Existing or more than 2 years old,Balch Springs,DALLAS,TX,75180-1933,TX-32,14,238220,Unanswered,Unknown/NotStated,,224500,,,,,,Subchapter S Corporation,69819,Prosperity Bank,El Campo,TX,Unanswered,Unanswered,,225742.44,11/27/2020
3210858305,01/21/2021,0671,PPS,CUSTOM COMFORT INC.,1821 Cottonwood School Rd,Rosenberg,TX,77471-7136,11/16/2021,Paid in Full,60,100,224335,224335,0,,69836,NewFirst National Bank,202 E Jackson,EL CAMPO,TX,77437-4414,U,Y,Y,Existing or more than 2 years old,Rosenberg,FORT BEND,TX,77471-7136,TX-22,20,238220,Unanswered,Unknown/NotStated,,224335,,,,,,Corporation,69836,NewFirst National Bank,EL CAMPO,TX,Male Owned,Unanswered,,225951.44,10/20/2021
9712767009,04/09/2020,0671,PPP,CUSTOM COMFORT INC,1821 COTTONWOOD SCHOOL RD,ROSENBERG,TX,77471-7136,01/16/2021,Paid in Full,24,100,224335,224335,0,,69836,NewFirst National Bank,202 E Jackson,EL CAMPO,TX,77437-4414,U,Y,Y,Existing or more than 2 years old,ROSENBERG,FORT BEND,TX,77471-7136,TX-22,18,238220,Unanswered,Unknown/NotStated,,224335,,,,,,Corporation,69836,NewFirst National Bank,EL CAMPO,TX,Male Owned,Unanswered,,225920.71,12/30/2020
5653207202,04/27/2020,0671,PPP,EBBDAR INC,25351 BOROUGH PARK DR,SPRING,TX,77380-3553,03/20/2021,Paid in Full,24,100,224165,224165,0,Mr. Rooter,69787,Bank of Houston,"4400 Post Oak Pkwy, Ste 250",Houston,TX,77027,U,N,N,New Business or 2 years or less,SPRING,MONTGOMERY,TX,77380-3553,TX-02,19,238220,Unanswered,Unknown/NotStated,2000,210165,,12000,,,,Corporation,69787,Bank of Houston,Houston,TX,Unanswered,Unanswered,,225552.64,02/16/2021
1603647710,05/01/2020,0610,PPP,"METROPLEX REFRIGERATION, INC.",5224 KALTENBRUN RD,FORT WORTH,TX,76119,06/22/2021,Paid in Full,24,100,223775,223775,0,,48270,"JPMorgan Chase Bank, National Association",1111 Polaris Pkwy,COLUMBUS,OH,43240-2031,U,Y,Y,Existing or more than 2 years old,FORT WORTH,TARRANT,TX,76119-0001,TX-33,13,238220,Unanswered,Unknown/NotStated,3985,200070,,4500,,15220,,Subchapter S Corporation,194093,"JPMorgan Chase Bank, National Association",CHICAGO,IL,Unanswered,Unanswered,,225980.18,04/29/2021
9216637104,04/15/2020,0639,PPP,"MATHEWS AIR COMFORT SOLUTIONS, LLC",4933 Ambassador Row,CORPUS CHRISTI,TX,78416,05/07/2021,Paid in Full,24,100,223600,223600,0,,512613,International Bank of Commerce,"3817 Northwest Expressway, Ste 100",OKLAHOMA CITY,OK,73112-1448,U,Y,Y,Existing or more than 2 years old,CORPUS CHRISTI,NUECES,TX,78416-1100,TX-27,16,238220,White,Not Hispanic or Latino,,223600,,,,,,Limited  Liability Company(LLC),512613,International Bank of Commerce,OKLAHOMA CITY,OK,Male Owned,Non-Veteran,,225755.26,04/05/2021
5141037010,04/05/2020,0678,PPP,"WT STOVALL HOLDINGS, INC.",1900 Clark St.,MIDLAND,TX,79701-8811,02/23/2021,Paid in Full,24,100,223400,223400,0,,69819,Prosperity Bank,1301 N Mechanic,El Campo,TX,77437,U,N,N,Existing or more than 2 years old,MIDLAND,MIDLAND,TX,79701-8811,TX-11,16,238220,Unanswered,Unknown/NotStated,,223400,,,,,,Subchapter S Corporation,123367,Prosperity Bank,Midland,TX,Male Owned,Unanswered,,225199.61,01/26/2021
9158588306,01/30/2021,0610,PPS,W.T. STOVALL HOLDINGS INC.,2990 County Road 205,Lueders,TX,79533-1162,10/16/2021,Paid in Full,60,100,223400,223400,0,,69819,Prosperity Bank,1301 N Mechanic,El Campo,TX,77437,R,N,N,Existing or more than 2 years old,Lueders,SHACKELFORD,TX,79533-1162,TX-19,15,238220,Unanswered,Unknown/NotStated,1,223396,,,,,,Subchapter S Corporation,123367,Prosperity Bank,Midland,TX,Female Owned,Unanswered,,224833.48,09/28/2021
6908247004,04/07/2020,0678,PPP,"ACCURATE AIR SOLUTIONS, LLC",201 ALEX WAY,ABILENE,TX,79602-1191,12/10/2020,Paid in Full,24,100,223300,223300,0,,70644,"Citizens Bank, National Association",4201 S Treadaway Blvd,ABILENE,TX,79602-7801,U,N,N,Existing or more than 2 years old,ABILENE,TAYLOR,TX,79602-1191,TX-19,45,238220,White,Not Hispanic or Latino,,223300,,,,,,Limited  Liability Company(LLC),70644,"Citizens Bank, National Association",ABILENE,TX,Male Owned,Non-Veteran,,224652.21,11/16/2020
3450688410,02/05/2021,0671,PPS,ROYAL AC INC,12718 Woodworth Dr,Cypress,TX,77429-5081,08/02/2022,Paid in Full,60,100,223000,223000,0,,72083,Wallis Bank,6510 Railroad St,WALLIS,TX,77485-9186,U,N,N,Existing or more than 2 years old,Cypress,HARRIS,TX,77429-5081,TX-10,15,238220,Unanswered,Unknown/NotStated,1,222994,,,,,,Corporation,72083,Wallis Bank,WALLIS,TX,Unanswered,Unanswered,,226252.08,07/18/2022
8979047010,04/09/2020,0671,PPP,ROYAL AC INC,12718 WOODWORTH DR,CYPRESS,TX,77429-5081,09/16/2021,Paid in Full,24,100,223000,223000,0,,72083,Wallis Bank,6510 Railroad St,WALLIS,TX,77485-9186,U,N,N,Existing or more than 2 years old,CYPRESS,HARRIS,TX,77429-5081,TX-10,99,238220,Unanswered,Unknown/NotStated,22300,167250,,33450,,,,Corporation,72083,Wallis Bank,WALLIS,TX,Unanswered,Unanswered,,226004.31,08/23/2021
5392017107,04/13/2020,0671,PPP,COBB AIR CONDITIONING INC,1458 INTERSTATE 10 EAST,BEAUMONT,TX,77703-5224,02/25/2021,Paid in Full,24,100,222900,222900,0,,454766,Third Coast Bank,"20202 Hwy 59 North, Ste 190",Humble,TX,77338,U,Y,Y,Existing or more than 2 years old,BEAUMONT,JEFFERSON,TX,77703-5224,TX-14,24,238220,Unanswered,Unknown/NotStated,,222900,,,,,,Corporation,454766,Third Coast Bank,Humble,TX,Male Owned,Veteran,,224311.29,02/12/2021
3606207200,04/27/2020,0671,PPP,"SARGENT PLUMBING COMPANY, INC.",25808 LaFouche Dr.,Tomball,TX,77377,02/20/2021,Paid in Full,24,100,222800,222800,0,,454766,Third Coast Bank,"20202 Hwy 59 North, Ste 190",Humble,TX,77338,U,N,N,Existing or more than 2 years old,Tomball,HARRIS,TX,77377-0001,TX-38,23,238220,Unanswered,Unknown/NotStated,,222800,,,,,,Corporation,454766,Third Coast Bank,Humble,TX,Unanswered,Unanswered,,224405.38,01/20/2021
1332268304,01/16/2021,0671,PPS,EAST POINT INSTALLERS INC,11320 FM 529 Rd Ste G,Houston,TX,77041-3222,09/09/2022,Paid in Full,60,100,221500,221500,0,,448034,Austin County State Bank,436 S Front St,BELLVILLE,TX,77418-2413,U,Y,Y,Existing or more than 2 years old,Houston,HARRIS,TX,77041-3222,TX-38,20,238220,Unanswered,Unknown/NotStated,,221500,,,,,,Subchapter S Corporation,448034,Austin County State Bank,BELLVILLE,TX,Unanswered,Unanswered,,224896.33,08/04/2022
6491547200,04/28/2020,0671,PPP,EAST POINT INSTALLERS INC,11320 FM 529 RD,HOUSTON,TX,77041-3222,08/10/2021,Paid in Full,24,100,221500,221500,0,,448034,Austin County State Bank,436 S Front St,BELLVILLE,TX,77418-2413,U,N,Y,Existing or more than 2 years old,HOUSTON,HARRIS,TX,77041-3222,TX-38,20,238220,Unanswered,Unknown/NotStated,,221500,,,,,,Subchapter S Corporation,448034,Austin County State Bank,BELLVILLE,TX,Unanswered,Unanswered,,224127.24,07/15/2021
9294538503,03/12/2021,0681,PPP,COWBOYS AIRCONDITIONING & HEATING INC.,14309 Toepperwein Rd Ste 104,San Antonio,TX,78233-3849,09/20/2022,Paid in Full,60,100,221014,221014,0,,122043,WebBank,"215 S State St, Ste 1000",SALT LAKE CITY,UT,84111-2336,U,N,N,Existing or more than 2 years old,San Antonio,BEXAR,TX,78233-3849,TX-21,14,238220,Unanswered,Unknown/NotStated,,221014,,,,,,Subchapter S Corporation,122043,WebBank,SALT LAKE CITY,UT,Unanswered,Unanswered,,224120.47,08/04/2022
7518177202,04/28/2020,0610,PPP,"AIR CLINIC AIR CONDITIONING & HEATING, INC",3201 BISHOP DR Suite 101,ARLINGTON,TX,76010-5342,03/09/2021,Paid in Full,24,100,220900,220900,0,,467147,Valliance Bank,"1601 NW Expwy, Ste 100",OKLAHOMA CITY,OK,73118-1420,U,Y,Y,Existing or more than 2 years old,ARLINGTON,TARRANT,TX,76010-5342,TX-33,19,238220,White,Not Hispanic or Latino,,220900,,,,,,Subchapter S Corporation,467147,Valliance Bank,OKLAHOMA CITY,OK,Male Owned,Non-Veteran,,222734.7,02/23/2021
4447077205,04/27/2020,0610,PPP,"HOLE IN ONE PLUMBING, INC.",P.O. Box 1779,Wylie,TX,75098-1779,09/24/2021,Paid in Full,24,100,220400,220400,0,,69703,"Bank of DeSoto, National Association",2011 N Hampton Rd,DESOTO,TX,75115-2323,U,N,N,Existing or more than 2 years old,Wylie,DALLAS,TX,75098-1779,TX-03,17,238220,White,Unknown/NotStated,,220400,,,,,,Subchapter S Corporation,69703,"Bank of DeSoto, National Association",DESOTO,TX,Male Owned,Non-Veteran,,223234.59,08/12/2021
3766698300,01/22/2021,0671,PPS,P P & P LLC DBA FREEDOM AIR CONDITIONING,31574 Huffman Cleveland Rd,Huffman,TX,77336-3530,02/14/2023,Charged Off,180,100,220291.65,220291.65,0,,94031,Northwest FCU,200 Spring St,HERNDON,VA,20170-5241,U,N,N,Existing or more than 2 years old,Huffman,HARRIS,TX,77336-3530,TX-02,17,238220,Unanswered,Unknown/NotStated,,220291.65,,,,,,Limited  Liability Company(LLC),94031,Northwest FCU,HERNDON,VA,Male Owned,Unanswered,,,
8807137104,04/15/2020,0671,PPP,CW MECHANICAL LLC,914 E MEYER RD,SEABROOK,TX,77586-3037,02/23/2021,Paid in Full,24,100,220200,220200,0,,454766,Third Coast Bank,"20202 Hwy 59 North, Ste 190",Humble,TX,77338,U,N,N,Existing or more than 2 years old,SEABROOK,HARRIS,TX,77586-3037,TX-36,18,238220,Unanswered,Unknown/NotStated,,220200,,,,,,Limited  Liability Company(LLC),454766,Third Coast Bank,Humble,TX,Unanswered,Unanswered,,221828.88,01/20/2021
1492227807,05/21/2020,0610,PPP,ZOOM AIR INC.,3905 S PEACHTREE RD,BALCH SPRINGS,TX,75180-2723,06/16/2021,Paid in Full,24,100,219895.92,219895.92,0,,456756,Cross River Bank,885 Teaneck Rd,TEANECK,NJ,07666-4546,U,Y,Y,Unanswered,BALCH SPRINGS,DALLAS,TX,75180-2723,TX-32,20,238220,Unanswered,Unknown/NotStated,,219895.92,,,,,,Corporation,456756,Cross River Bank,TEANECK,NJ,Unanswered,Unanswered,,222046.68,05/20/2021
2943328302,01/21/2021,0678,PPS,LONESTAR SUPERIOR SERVICES LLC,3309 S Fillmore St,Amarillo,TX,79110-1062,09/15/2021,Paid in Full,60,100,219708.55,219708.55,0,,69778,First United Bank,201 N Broadway,DIMMITT,TX,79027-1823,U,N,Y,Existing or more than 2 years old,Amarillo,RANDALL,TX,79110-1062,TX-13,18,238220,Unanswered,Not Hispanic or Latino,1,219706.55,,,,,,Corporation,69778,First United Bank,DIMMITT,TX,Male Owned,Non-Veteran,,220874.23,08/06/2021
6782658608,03/23/2021,0681,PPS,ACCU-AIRE MECHANICAL LLC,1441 S WW White Rd,San Antonio,TX,78220-3429,11/20/2021,Paid in Full,60,100,219700,219700,0,,71783,Frost Bank,111 W Houston St,SAN ANTONIO,TX,78205-1414,U,Y,Y,Existing or more than 2 years old,San Antonio,BEXAR,TX,78220-3429,TX-35,15,238220,White,Hispanic or Latino,1,219694,,,,,,Limited  Liability Company(LLC),71783,Frost Bank,SAN ANTONIO,TX,Female Owned,Non-Veteran,,220958.01,10/20/2021
6791817200,04/28/2020,0681,PPP,"ACCU-AIRE MECHANICAL, LLC",1441 S WW WHITE RD,SAN ANTONIO,TX,78220-3429,04/23/2021,Paid in Full,24,100,219700,219700,0,,71783,Frost Bank,111 W Houston St,SAN ANTONIO,TX,78205-1414,U,Y,Y,Existing or more than 2 years old,SAN ANTONIO,BEXAR,TX,78220-3429,TX-35,19,238220,White,Hispanic or Latino,,219700,,,,,,Limited  Liability Company(LLC),71783,Frost Bank,SAN ANTONIO,TX,Female Owned,Non-Veteran,,221716.42,03/31/2021
7278597101,04/14/2020,0678,PPP,"DIAMOND D MECHANICAL, INC",1170 US Hwy 82,BROWNFIELD,TX,79316-7146,02/26/2021,Paid in Full,24,100,219430,219430,0,,71947,Sundown State Bank,1722 Ave H,LEVELLAND,TX,79336,U,N,N,Existing or more than 2 years old,BROWNFIELD,TERRY,TX,79316-7146,TX-19,19,238220,White,Not Hispanic or Latino,,219430,,,,,,Corporation,71947,Sundown State Bank,LEVELLAND,TX,Female Owned,Non-Veteran,,221209.49,02/11/2021
1823387107,04/10/2020,0610,PPP,STAR AC SUPPLY,831 111TH ST #100,ARLINGTON,TX,76011-7618,02/11/2021,Paid in Full,24,100,219102,219102,0,,70840,Texas Bank and Trust Company,300 E Whaley,LONGVIEW,TX,75601-6417,U,Y,Y,Existing or more than 2 years old,ARLINGTON,TARRANT,TX,76011-7618,TX-06,17,238220,White,Not Hispanic or Latino,,219102,,,,,,Limited  Liability Company(LLC),70840,Texas Bank and Trust Company,LONGVIEW,TX,Male Owned,Unanswered,,220806.79,01/20/2021
3118887108,04/11/2020,0671,PPP,"COASTAL SPRINKLER COMPANY, INC",6233 Industrial Road,Beaumont,TX,77705-6964,01/21/2021,Paid in Full,24,100,218800,218800,0,,454766,Third Coast Bank,"20202 Hwy 59 North, Ste 190",Humble,TX,77338,U,N,N,Existing or more than 2 years old,Beaumont,JEFFERSON,TX,77705-6964,TX-14,15,238220,Unanswered,Unknown/NotStated,,218800,,,,,,Corporation,454766,Third Coast Bank,Humble,TX,Unanswered,Unanswered,,220148.77,12/03/2020
8633907000,04/08/2020,0678,PPP,UNITED PLUMBING CO.,Po Box 8162,AMARILLO,TX,79114,12/11/2020,Paid in Full,24,100,218700,218700,0,,4392,Centennial Bank,620 Chestnut St,CONWAY,AR,72032-5404,U,N,N,Existing or more than 2 years old,AMARILLO,RANDALL,TX,79114-1001,TX-13,13,238220,Unanswered,Unknown/NotStated,,218700,,,,,,Sole Proprietorship,70093,Centennial Bank,Happy,TX,Unanswered,Unanswered,,158462.26,11/23/2020
6152728306,01/26/2021,0671,PPP,K&R MECHANICAL SERVICES LLC,12634 Haynes Rd Ste B,Houston,TX,77066-1104,10/19/2021,Paid in Full,60,100,218449.48,218449.48,0,,72601,"Zions Bank, A Division of",1 S Main St,SALT LAKE CITY,UT,84133-1109,U,N,N,Existing or more than 2 years old,Houston,HARRIS,TX,77066-1104,TX-18,16,238220,White,Not Hispanic or Latino,,218449.48,,,,,,Limited  Liability Company(LLC),72601,"Zions Bank, A Division of",SALT LAKE CITY,UT,Male Owned,Non-Veteran,,219808.06,09/14/2021
4868147004,04/04/2020,0671,PPP,"MORGAN AIR SERVICES, LLC",5200 MITCHELLDALE ST Ste F26,HOUSTON,TX,77092-7206,12/19/2020,Paid in Full,24,100,218300,218300,0,,71783,Frost Bank,111 W Houston St,SAN ANTONIO,TX,78205-1414,U,Y,Y,Existing or more than 2 years old,HOUSTON,HARRIS,TX,77092-7206,TX-18,21,238220,Unanswered,Unknown/NotStated,,218300,,,,,,Corporation,71783,Frost Bank,SAN ANTONIO,TX,Unanswered,Unanswered,,219615.78,11/23/2020
7124037704,05/01/2020,0610,PPP,RUSTIC PLUMBING INC,1624 OSPREY DR,DESOTO,TX,75115-2428,07/22/2021,Paid in Full,24,100,218217,218217,0,,9551,"Bank of America, National Association","100 N Tryon St, Ste 170",CHARLOTTE,NC,28202-4024,U,Y,Y,New Business or 2 years or less,DESOTO,DALLAS,TX,75115-2428,TX-30,23,238220,Unanswered,Unknown/NotStated,,218217,,,,,,Corporation,9551,"Bank of America, National Association",CHARLOTTE,NC,Unanswered,Unanswered,,220249.71,04/08/2021
5203727110,04/13/2020,0671,PPP,"REX MECHANICAL, INC.",9011 MAIN ST,NEEDVILLE,TX,77461-8424,07/16/2021,Paid in Full,24,100,217900,217900,0,,71999,Texas First Bank,3232 Palmer Hwy,TEXAS CITY,TX,77590-6724,U,N,N,Existing or more than 2 years old,NEEDVILLE,FORT BEND,TX,77461-8424,TX-22,23,238220,White,Not Hispanic or Latino,,217900,,,,,,Subchapter S Corporation,71999,Texas First Bank,TEXAS CITY,TX,Male Owned,Non-Veteran,,220054.79,04/13/2021
2165527310,04/29/2020,0671,PPP,KENDZIORA PLUMBING COMPANY,7556 Werner St,Houston,TX,77037-4441,02/10/2021,Paid in Full,24,100,217815,217815,0,,111233,Texas Regional Bank,6770 W Expy 83,HARLINGEN,TX,78552,U,Y,Y,Existing or more than 2 years old,Houston,HARRIS,TX,77037-4441,TX-29,12,238220,Unanswered,Unknown/NotStated,,217815,,,,,,Corporation,111233,Texas Regional Bank,HARLINGEN,TX,Unanswered,Unanswered,,219271.08,12/31/2020
4680928301,01/23/2021,0671,PPS,KENDZIORA PLUMBING COMPANY INC.,7556 Werner St,Houston,TX,77037-4441,09/23/2021,Paid in Full,60,100,217815,217815,0,,111233,Texas Regional Bank,6770 W Expy 83,HARLINGEN,TX,78552,U,Y,Y,Existing or more than 2 years old,Houston,HARRIS,TX,77037-4441,TX-29,12,238220,Unanswered,Unknown/NotStated,1,217813,,,,,,Corporation,111233,Texas Regional Bank,HARLINGEN,TX,Unanswered,Unanswered,,218936.9,08/03/2021
7162467106,04/14/2020,0671,PPP,"FRESH AIR, LP",5702 POWER LINE RD,RICHMOND,TX,77469-8868,12/24/2020,Paid in Full,24,100,217500,217500,0,,71783,Frost Bank,111 W Houston St,SAN ANTONIO,TX,78205-1414,U,N,N,Existing or more than 2 years old,RICHMOND,FORT BEND,TX,77469-8868,TX-22,20,238220,Unanswered,Hispanic or Latino,,217500,,,,,,Limited Liability Partnership,71783,Frost Bank,SAN ANTONIO,TX,Male Owned,Non-Veteran,,218775.21,11/25/2020
4672628403,02/06/2021,0610,PPS,ELSTONAIRE INC.,727 E Centre Park Blvd,Desoto,TX,75115-2539,10/16/2021,Paid in Full,60,100,217345,217345,0,,454766,Third Coast Bank,"20202 Hwy 59 North, Ste 190",Humble,TX,77338,U,Y,Y,Existing or more than 2 years old,Desoto,DALLAS,TX,75115-2539,TX-30,16,238220,Unanswered,Not Hispanic or Latino,,217345,,,,,,Corporation,454766,Third Coast Bank,Humble,TX,Male Owned,Non-Veteran,,218630.96,09/24/2021
1950078510,02/19/2021,0610,PPS,AIRMAX INC,216 W Pecan St,Celina,TX,75009-6160,02/09/2022,Paid in Full,60,100,217119.47,217119.47,0,,68987,Independent Bank d/b/a Independent Financial,3090 Craig Dr,MCKINNEY,TX,75070-4352,U,N,N,Existing or more than 2 years old,Celina,COLLIN,TX,75009-6160,TX-04,15,238220,Unanswered,Unknown/NotStated,1,217116.47,,,,,,Corporation,68987,Independent Bank d/b/a Independent Financial,MCKINNEY,TX,Unanswered,Unanswered,,219031.33,01/06/2022
7121187109,04/14/2020,0681,PPP,MOJICA PLUMBING AND DRAIN CLEANING LLC,1808 BENCH MARK DR,AUSTIN,TX,78728-7721,02/06/2021,Paid in Full,24,100,217000,217000,0,,15438,Bank of Colorado,1609 E Harmony Rd,FORT COLLINS,CO,80525-3238,U,Y,Y,Existing or more than 2 years old,AUSTIN,TRAVIS,TX,78728-7721,TX-17,18,238220,White,Not Hispanic or Latino,,217000,,,,,,Limited  Liability Company(LLC),15438,Bank of Colorado,FORT COLLINS,CO,Male Owned,Non-Veteran,,218494.89,12/22/2020
2332078300,01/20/2021,0678,PPS,NCULLUM ENTERPRISES LLC,2917 W Industrial Ave,Midland,TX,79701-7149,01/13/2022,Paid in Full,60,100,216762,216762,0,,69819,Prosperity Bank,1301 N Mechanic,El Campo,TX,77437,U,N,N,Existing or more than 2 years old,Midland,MIDLAND,TX,79701-7149,TX-11,12,238220,White,Not Hispanic or Latino,1,216759,,,,,,Corporation,69095,"Lone Star State Bank of West Texas, A Division of Prosperity Bank",Lubbock,TX,Male Owned,Non-Veteran,,218736.94,12/21/2021
8755157009,04/08/2020,0678,PPP,"NCULLUM ENTERPRISES, LLC",2917 W INDUSTRIAL AVE,MIDLAND,TX,79701-7149,02/19/2021,Paid in Full,24,100,216700,216700,0,,69819,Prosperity Bank,1301 N Mechanic,El Campo,TX,77437,U,N,N,Existing or more than 2 years old,MIDLAND,MIDLAND,TX,79701-7149,TX-11,13,238220,White,Not Hispanic or Latino,,216700,,,,,,Corporation,69095,"Lone Star State Bank of West Texas, A Division of Prosperity Bank",Lubbock,TX,Male Owned,Non-Veteran,,218427.58,01/26/2021
4376197001,04/03/2020,0681,PPP,STEWART PLUMBING CO.,8710 BUSINESS CT,CONVERSE,TX,78109-2021,03/12/2021,Paid in Full,24,100,216500,216500,0,,69225,"American Bank, National Association",5120 S. Padre Island Dr,CORPUS CHRISTI,TX,78411-4208,U,N,N,Existing or more than 2 years old,CONVERSE,BEXAR,TX,78109-2021,TX-28,36,238220,White,Not Hispanic or Latino,,216500,,,,,,Corporation,358513,American Bank National Association,Universal City,TX,Male Owned,Unanswered,,218280.11,02/04/2021
4836567105,04/13/2020,0610,PPP,RICH MANAGEMENT INC.,7575 W US HIGHWAY 190,BELTON,TX,76513,06/15/2021,Paid in Full,24,100,216377.5,216377.5,0,,39848,Cadence Bank,201 S Spring St,TUPELO,MS,38804-4811,U,N,N,New Business or 2 years or less,BELTON,BELL,TX,76513-0001,TX-31,23,238220,Unanswered,Unknown/NotStated,,216377.5,,,,,,Corporation,39848,Cadence Bank,TUPELO,MS,Unanswered,Unanswered,,218763.66,05/25/2021
5633558408,02/09/2021,0610,PPS,RICH MANAGEMENT INC.,7575 W US Highway 190,Belton,TX,76513-6929,04/19/2022,Paid in Full,60,100,216377,216377,0,,188567,Loan Source Incorporated,353 East 83rd Street Suite 3H,NEW YORK,NY,10028,U,N,N,Existing or more than 2 years old,Belton,BELL,TX,76513-6929,TX-31,23,238220,Unanswered,Unknown/NotStated,1,216375,,,,,,Corporation,39848,Cadence Bank,TUPELO,MS,Unanswered,Unanswered,,218783.82,03/30/2022
9756037004,04/09/2020,0610,PPP,DIAL ONE JOHNSON PLUMBING LLC,158 HOOD ST,CEDAR HILL,TX,75104-2041,06/18/2021,Paid in Full,24,100,216300,216300,0,,71316,PlainsCapital Bank,2911 Turtle Creek Blvd. Suite 700,DALLAS,TX,75219,U,N,N,Existing or more than 2 years old,CEDAR HILL,DALLAS,TX,75104-2041,TX-30,18,238220,Unanswered,Unknown/NotStated,,216300,,,,,,Limited  Liability Company(LLC),71316,PlainsCapital Bank,DALLAS,TX,Unanswered,Unanswered,,218679.3,05/19/2021
7902138300,01/28/2021,0610,PPS,EXTREME COMFORT AIR CONDITIONING & HEATING LLC,15946 Midway Rd,Addison,TX,75001-4261,09/15/2021,Paid in Full,60,100,215840,215840,0,,70840,Texas Bank and Trust Company,300 E Whaley,LONGVIEW,TX,75601-6417,U,N,N,Existing or more than 2 years old,Addison,DALLAS,TX,75001-4261,TX-32,28,238220,Unanswered,Not Hispanic or Latino,1,215838,,,,,,Limited  Liability Company(LLC),70840,Texas Bank and Trust Company,LONGVIEW,TX,Male Owned,Non-Veteran,,216981.29,08/11/2021
8701198403,02/13/2021,0678,PPS,OHLMANN ENTERPRISES LLC,1309 Cotton Flat Rd,Midland,TX,79701-8502,,Exemption 4,60,100,215668,215668,0,,499141,"Readycap Lending, LLC",200 Connell Drive Suite 4000,BERKELEY HEIGHTS,NJ,07922,U,Y,Y,Existing or more than 2 years old,Midland,MIDLAND,TX,79701-8502,TX-11,15,238220,Unanswered,Unknown/NotStated,,215667,,,,,,Limited  Liability Company(LLC),499141,"Readycap Lending, LLC",BERKELEY HEIGHTS,NJ,Unanswered,Unanswered,,194937.38,11/10/2021
5474327208,04/27/2020,0610,PPP,MATCO HVAC INC,4112 Airport Fwy,Fort Worth,TX,76117,07/21/2021,Paid in Full,24,100,215450,215450,0,,105928,EECU,1617 W 7th St,FORT WORTH,TX,76102-2503,U,N,Y,Existing or more than 2 years old,Fort Worth,TARRANT,TX,76117-0001,TX-12,21,238220,Unanswered,Unknown/NotStated,,215450,,,,,,Subchapter S Corporation,105928,EECU,FORT WORTH,TX,Unanswered,Unanswered,,217923.25,06/24/2021
2825568303,01/21/2021,0671,PPS,BAILEY VENTURES LLC,4463 W Sutton Dr,Vidor,TX,77662-7506,07/15/2021,Paid in Full,60,100,215200,215200,0,,72006,First State Bank of Texas,4039 I H 10 E,ORANGE,TX,77630,R,N,N,Existing or more than 2 years old,Vidor,ORANGE,TX,77662-7506,TX-36,20,238220,White,Not Hispanic or Latino,1,215197,,,,,,Limited  Liability Company(LLC),72006,First State Bank of Texas,ORANGE,TX,Male Owned,Non-Veteran,,216049.01,06/30/2021
7159217100,04/14/2020,0671,PPP,PB & J ENTERPRISES,715 E MAIN ST,BELLVILLE,TX,77418-1619,02/12/2021,Paid in Full,24,100,215000,215000,0,,448034,Austin County State Bank,436 S Front St,BELLVILLE,TX,77418-2413,R,N,N,Existing or more than 2 years old,BELLVILLE,AUSTIN,TX,77418-1619,TX-10,15,238220,White,Not Hispanic or Latino,,215000,,,,,,Subchapter S Corporation,448034,Austin County State Bank,BELLVILLE,TX,Male Owned,Unanswered,,216600.56,01/20/2021
7047758307,01/27/2021,0671,PPS,ALCODE PLUMBING LLC,1285 W Cardinal Dr,Beaumont,TX,77705-6410,07/08/2022,Paid in Full,60,100,214867,214867,0,,451098,Stellar Bank,8727 W Sam Houston Pkwy North,HOUSTON,TX,77040-5167,U,Y,Y,Existing or more than 2 years old,Beaumont,JEFFERSON,TX,77705-6410,TX-14,22,238220,Unanswered,Unknown/NotStated,,214867,,,,,,Limited  Liability Company(LLC),71523,Stellar Bank,Beaumont,TX,Unanswered,Unanswered,,217704.42,06/09/2022
9538387006,04/09/2020,0671,PPP,GOLDEN RULE AIR CONDITIONING & HEATING LLC,9306 THOMASVILLE DR,HOUSTON,TX,77064-2019,12/19/2020,Paid in Full,24,100,214800,214800,0,,71783,Frost Bank,111 W Houston St,SAN ANTONIO,TX,78205-1414,U,N,N,Existing or more than 2 years old,HOUSTON,HARRIS,TX,77064-2019,TX-18,20,238220,White,Not Hispanic or Latino,,214800,,,,,,Limited  Liability Company(LLC),71783,Frost Bank,SAN ANTONIO,TX,Male Owned,Non-Veteran,,216053.49,11/17/2020
2500227203,04/16/2020,0671,PPP,"BRIGADE FIRE SOLUTIONS, LLC",17419 VILLAGE GREEN DR,JERSEY VLG,TX,77040,10/21/2021,Paid in Full,24,100,214760,214760,0,,48270,"JPMorgan Chase Bank, National Association",1111 Polaris Pkwy,COLUMBUS,OH,43240-2031,U,N,N,Existing or more than 2 years old,JERSEY VLG,HARRIS,TX,77040-0001,TX-18,20,238220,Unanswered,Unknown/NotStated,0,199760,0,10000,0,5000,0,Limited  Liability Company(LLC),194093,"JPMorgan Chase Bank, National Association",CHICAGO,IL,Unanswered,Unanswered,,217694.81,09/02/2021
9047547110,04/15/2020,0610,PPP,AMERICAN PLUMBING COMPANY INC.,1620 N Parkdale,TYLER,TX,75712-5114,12/18/2020,Paid in Full,24,100,214350.67,214350.67,0,,72026,Southside Bank,1201 S Beckham Ave,TYLER,TX,75701-3320,R,N,Y,Existing or more than 2 years old,TYLER,SMITH,TX,75712-5114,TX-01,19,238220,Unanswered,Unknown/NotStated,,214350.67,,,,,,Subchapter S Corporation,72026,Southside Bank,TYLER,TX,Unanswered,Unanswered,,215571.28,11/13/2020
6773217204,04/28/2020,0610,PPP,"MCNAMARA CUSTOM SERVICES, INC",230 MCNAMARA LANE,WACO,TX,76708-7076,04/08/2021,Paid in Full,24,100,214000,214000,0,,72074,Central National Bank,8320 W Hwy 84,WACO,TX,76712-3601,U,N,N,Existing or more than 2 years old,WACO,MCLENNAN,TX,76708-7076,TX-17,37,238220,Unanswered,Unknown/NotStated,1950,207550,4500,,,,,Subchapter S Corporation,72074,Central National Bank,WACO,TX,Unanswered,Unanswered,,215923.07,03/31/2021
7348247010,04/07/2020,0610,PPP,PLUMBCO SERVICES INC,PO BOX 173276,ARLINGTON,TX,76003,12/16/2020,Paid in Full,24,100,214000,214000,0,,69248,Community National Bank & Trust of Texas,321 N 15th St,CORSICANA,TX,75110-4511,U,N,N,Existing or more than 2 years old,ARLINGTON,TARRANT,TX,76003-0001,TX-25,20,238220,Unanswered,Not Hispanic or Latino,,214000,,,,,,Corporation,69248,Community National Bank & Trust of Texas,CORSICANA,TX,Male Owned,Unanswered,,215248.33,11/12/2020
1170918305,01/16/2021,0671,PPS,"A & T PLUMBING COMPANY, INC.",9520 Yupondale Dr,Houston,TX,77080-7232,07/07/2021,Paid in Full,60,100,213945.9,213945.9,0,,448034,Austin County State Bank,436 S Front St,BELLVILLE,TX,77418-2413,U,N,Y,Existing or more than 2 years old,Houston,HARRIS,TX,77080-7232,TX-38,16,238220,Unanswered,Not Hispanic or Latino,,213945.9,,,,,,Corporation,448034,Austin County State Bank,BELLVILLE,TX,Male Owned,Non-Veteran,,214789.8,06/15/2021
4270068605,03/18/2021,0681,PPS,JM ENGINEERING LLC,1314 Hillridge Dr,Round Rock,TX,78665-1186,12/16/2021,Paid in Full,60,100,213535,213535,0,,224512,"LiftFund, Inc.",2014 S. Hackberry,San Antonio,TX,78210,U,N,N,Existing or more than 2 years old,Round Rock,WILLIAMSON,TX,78665-1186,TX-31,17,238220,Unanswered,Unknown/NotStated,1,213529,,,,,,Sole Proprietorship,224512,"LiftFund, Inc.",San Antonio,TX,Unanswered,Unanswered,,214982.29,11/26/2021
4694187102,04/13/2020,0610,PPP,AIRMAX INC,216 W. Pecan St,Celina,TX,75009-6160,08/10/2021,Paid in Full,24,100,213400,213400,0,,68987,Independent Bank d/b/a Independent Financial,3090 Craig Dr,MCKINNEY,TX,75070-4352,U,N,N,Existing or more than 2 years old,Celina,COLLIN,TX,75009-6160,TX-04,15,238220,Unanswered,Unknown/NotStated,4200,200000,,9200,,,,Corporation,68987,Independent Bank d/b/a Independent Financial,MCKINNEY,TX,Unanswered,Unanswered,,215960.8,06/30/2021
7838027300,04/30/2020,0681,PPP,COAST TO COAST MECHANICAL LLC,2500 S. MAIN STREET,TAYLOR,TX,76574,10/21/2021,Paid in Full,24,100,213037,213037,0,,12096,"Wells Fargo Bank, National Association",101 N Philips Ave,SIOUX FALLS,SD,57104-6738,U,Y,Y,Existing or more than 2 years old,TAYLOR,WILLIAMSON,TX,76574-0001,TX-31,15,238220,Unanswered,Unknown/NotStated,,213037,,,,,,Limited  Liability Company(LLC),12096,"Wells Fargo Bank, National Association",SIOUX FALLS,SD,Unanswered,Unanswered,,215943.64,09/15/2021
9764517006,04/09/2020,0671,PPP,CLADWES ENTERPRISES INC,2050 Sabine Pass Ave,Beaumont,TX,77701-6126,02/10/2021,Paid in Full,24,100,212732,212732,0,,451098,Stellar Bank,8727 W Sam Houston Pkwy North,HOUSTON,TX,77040-5167,U,Y,Y,Existing or more than 2 years old,Beaumont,JEFFERSON,TX,77701-6126,TX-14,15,238220,Unanswered,Unknown/NotStated,,212732,,,,,,Corporation,71523,Stellar Bank,Beaumont,TX,Unanswered,Unanswered,,214288.15,01/08/2021
4110308606,03/18/2021,0677,PPP,SUN CITY AIR CONDITIONING CO. INC.,7001 Commerce Ave,El Paso,TX,79915-1103,03/18/2022,Paid in Full,24,100,212665,212665,0,,45718,First American Bank,303 W Main St,ARTESIA,NM,88210-2133,U,Y,Y,Existing or more than 2 years old,El Paso,EL PASO,TX,79915-1103,TX-16,20,238220,Unanswered,Unknown/NotStated,1,212661,,,,,,Corporation,224532,First American Bank,El Paso,TX,Unanswered,Unanswered,,214277.71,02/08/2022
1074487202,04/15/2020,0639,PPP,CERTIFIED PLACERS LLC,23985 FM 491,LYFORD,TX,78569-2531,04/23/2021,Paid in Full,24,100,212500,212500,0,,44449,"PNC Bank, National Association",222 Delaware Ave,WILMINGTON,DE,19801-1621,R,Y,N,Existing or more than 2 years old,LYFORD,WILLACY,TX,78569-2531,TX-34,32,238220,White,Hispanic or Latino,53125,159375,,,,,,Limited  Liability Company(LLC),760,First Source Federal Credit Union,Rome,NY,Male Owned,Non-Veteran,,214394.79,03/10/2021
1392618304,01/17/2021,0671,PPS,"SVOBODA SERVICES, INC.",7225 N Park Dr,Richmond,TX,77407-2801,02/04/2022,Paid in Full,60,100,212500,212500,0,,69836,NewFirst National Bank,202 E Jackson,EL CAMPO,TX,77437-4414,U,N,N,Existing or more than 2 years old,Richmond,FORT BEND,TX,77407-2801,TX-07,16,238220,Unanswered,Unknown/NotStated,1,212497,,,,,,Subchapter S Corporation,69836,NewFirst National Bank,EL CAMPO,TX,Unanswered,Unanswered,,213693.49,08/27/2021
9108547006,04/09/2020,0671,PPP,"SVOBODA SERVICES, INC.",7225 NORTH PARK DR,RICHMOND,TX,77407-2801,12/16/2020,Paid in Full,24,100,212500,212500,0,,69836,NewFirst National Bank,202 E Jackson,EL CAMPO,TX,77437-4414,U,N,N,Existing or more than 2 years old,RICHMOND,FORT BEND,TX,77407-2801,TX-07,17,238220,Unanswered,Unknown/NotStated,,212500,,,,,,Subchapter S Corporation,69836,NewFirst National Bank,EL CAMPO,TX,Unanswered,Unanswered,,213769.18,11/19/2020
6117937308,04/30/2020,0671,PPP,"KTB SERVICES, LLC",1108 Cedar Bayou Rd,Baytown,TX,77520-2926,03/17/2021,Paid in Full,24,100,212100,212100,0,,69819,Prosperity Bank,1301 N Mechanic,El Campo,TX,77437,U,Y,Y,Existing or more than 2 years old,Baytown,HARRIS,TX,77520-2926,TX-36,16,238220,Unanswered,Unknown/NotStated,,212100,,,,,,Subchapter S Corporation,69819,Prosperity Bank,El Campo,TX,Unanswered,Unanswered,,213802.61,02/23/2021
4991727105,04/13/2020,0639,PPP,LARSON PLUMBING & UTILITY CO,605 CANTWELL LN,CORPUS CHRISTI,TX,78408-2601,12/19/2020,Paid in Full,24,100,211400,211400,0,,69819,Prosperity Bank,1301 N Mechanic,El Campo,TX,77437,U,Y,N,Existing or more than 2 years old,CORPUS CHRISTI,NUECES,TX,78408-2601,TX-27,21,238220,Unanswered,Unknown/NotStated,,211400,,,,,,Corporation,69819,Prosperity Bank,El Campo,TX,Unanswered,Unanswered,,212651.02,11/27/2020
2317907110,04/10/2020,0610,PPP,"BACON PLUMBING, INC.",295 RANCH TRL,ROCKWALL,TX,75032-6030,11/02/2021,Paid in Full,24,100,211200,211200,0,,71939,Alliance Bank,100 W Jefferson St,SULPHUR SPRINGS,TX,75482-2601,U,N,N,Existing or more than 2 years old,ROCKWALL,ROCKWALL,TX,75032-6030,TX-04,38,238220,Unanswered,Unknown/NotStated,,211200,,,,,,Subchapter S Corporation,71939,Alliance Bank,SULPHUR SPRINGS,TX,Unanswered,Unanswered,,213945.6,07/29/2021
4788168605,03/20/2021,0610,PPS,BACON PLUMBING INC.,295 Ranch Trl,Rockwall,TX,75032-6030,04/13/2022,Paid in Full,60,100,211200,211200,0,,71939,Alliance Bank,100 W Jefferson St,SULPHUR SPRINGS,TX,75482-2601,U,N,N,Existing or more than 2 years old,Rockwall,ROCKWALL,TX,75032-6030,TX-04,60,238220,Unanswered,Unknown/NotStated,1,211194,,,,,,Subchapter S Corporation,71939,Alliance Bank,SULPHUR SPRINGS,TX,Unanswered,Unanswered,,213300.27,03/16/2022
6788357105,04/14/2020,0610,PPP,NACOGDOCHES SHEET METAL & PLUMBING LTD,3804 NW STALLINGS DR,NACOGDOCHES,TX,75964,12/18/2020,Paid in Full,24,100,210985,210985,0,,39848,Cadence Bank,201 S Spring St,TUPELO,MS,38804-4811,R,Y,Y,New Business or 2 years or less,NACOGDOCHES,NACOGDOCHES,TX,75964-0101,TX-17,27,238220,White,Not Hispanic or Latino,,210985,,,,,,Limited Liability Partnership,39848,Cadence Bank,TUPELO,MS,Male Owned,Veteran,,212250.91,11/25/2020
5533037205,04/27/2020,0671,PPP,"CUSTOM FIRE PROTECTION OF TEXAS, INC.","5023 Addicks Satsuma Rd., Ste. H",Houston,TX,77084,01/14/2021,Paid in Full,24,100,210900,210900,0,,33850,Comerica Bank,1717 Main St,DALLAS,TX,75201-4612,U,N,Y,Existing or more than 2 years old,Houston,HARRIS,TX,77084-0001,TX-08,17,238220,Unanswered,Unknown/NotStated,,210900,,,,,,Subchapter S Corporation,33850,Comerica Bank,DALLAS,TX,Unanswered,Unanswered,,212306,12/31/2020
2535837100,04/10/2020,0681,PPP,HARDIN PLUMBING CO INC,1090 Industrial Drive,KERRVILLE,TX,78028-0001,10/20/2021,Paid in Full,24,100,210700,210700,0,,70531,First State Bank,2002 Main St,JUNCTION,TX,76849-3023,R,N,N,Existing or more than 2 years old,KERRVILLE,KERR,TX,78028-0001,TX-21,26,238220,Unanswered,Unknown/NotStated,,210700,,,,,,Corporation,70531,First State Bank,JUNCTION,TX,Unanswered,Unanswered,,213690.77,09/09/2021
8732327303,05/01/2020,0671,PPP,THE REPIPE COMPANY LLC,4622 Allen Genoa RD,Pasadena,TX,77504,08/11/2021,Paid in Full,24,100,210235,210235,0,,28811,"Capital One, National Association",1680 Capital One Dr,MCLEAN,VA,22102-3407,U,Y,Y,Existing or more than 2 years old,Pasadena,HARRIS,TX,77504-0001,TX-36,20,238220,Unanswered,Unknown/NotStated,,210235,,,,,,Subchapter S Corporation,28811,"Capital One, National Association",MCLEAN,VA,Unanswered,Unanswered,,212711.1,07/13/2021
4850347007,04/04/2020,0678,PPP,LONESTAR SUPERIOR SERVICES LLC,3309 Fillmore,AMARILLO,TX,79110,02/05/2021,Paid in Full,24,100,210000,210000,0,,69778,First United Bank,201 N Broadway,DIMMITT,TX,79027-1823,U,N,Y,Existing or more than 2 years old,AMARILLO,RANDALL,TX,79110-1000,TX-13,18,238220,Unanswered,Not Hispanic or Latino,,210000,,,,,,Corporation,69778,First United Bank,DIMMITT,TX,Male Owned,Non-Veteran,,211335.56,02/12/2021
8753697003,04/08/2020,0610,PPP,"PRODIGY HVAC, LLC",212 S ELM ST,DENTON,TX,76201-6004,02/04/2021,Paid in Full,24,100,210000,210000,0,,58899,First United Bank and Trust Company,1400 W Main St,DURANT,OK,74701-4906,U,Y,Y,New Business or 2 years or less,DENTON,DENTON,TX,76201-6004,TX-13,18,238220,Unanswered,Unknown/NotStated,,157500,,52500,,,,Limited  Liability Company(LLC),58899,First United Bank and Trust Company,DURANT,OK,Unanswered,Unanswered,,211564.93,01/20/2021
2195887303,04/29/2020,0610,PPP,"FREDRICK LEE PRESS PLUMBING, LLC","9056 Fm 1641,",Terrell,TX,75160,08/05/2021,Paid in Full,24,100,208900,208900,0,,2408,Regions Bank,1900 Fifth Avenue North,BIRMINGHAM,AL,35203,R,N,N,Existing or more than 2 years old,Terrell,KAUFMAN,TX,75160-0001,TX-05,17,238220,Unanswered,Not Hispanic or Latino,,208900,,,,,,Limited  Liability Company(LLC),2408,Regions Bank,BIRMINGHAM,AL,Male Owned,Non-Veteran,,210084.57,02/12/2021
6745017108,04/14/2020,0681,PPP,C2 MECHANICAL SERVICES LLC,811 TRADESMAN PARK LOOP,HUTTO,TX,78634,12/18/2020,Paid in Full,24,100,208535,208535,0,,39848,Cadence Bank,201 S Spring St,TUPELO,MS,38804-4811,U,N,N,New Business or 2 years or less,HUTTO,WILLIAMSON,TX,78634-0001,TX-31,40,238220,Unanswered,Unknown/NotStated,,208535,,,,,,Limited  Liability Company(LLC),39848,Cadence Bank,TUPELO,MS,Unanswered,Unanswered,,209763.04,11/23/2020
6676698507,03/04/2021,0610,PPS,MECHANICAL ONE SERVICES INC,6787 County Road 487,Nevada,TX,75173-6018,12/21/2021,Paid in Full,60,100,208087,208087,0,,48270,"JPMorgan Chase Bank, National Association",1111 Polaris Pkwy,COLUMBUS,OH,43240-2031,U,N,N,Existing or more than 2 years old,Nevada,COLLIN,TX,75173-6018,TX-03,17,238220,Unanswered,Not Hispanic or Latino,1,208085,,,,,,Subchapter S Corporation,48270,"JPMorgan Chase Bank, National Association",COLUMBUS,OH,Male Owned,Non-Veteran,,209554.13,11/22/2021
4321448504,02/25/2021,0671,PPS,STRATEGIC FILTRATION INC,2500 Fairway Park Dr,Houston,TX,77092-7607,01/20/2022,Paid in Full,60,100,207677,207677,0,,451098,Stellar Bank,8727 W Sam Houston Pkwy North,HOUSTON,TX,77040-5167,U,Y,Y,Existing or more than 2 years old,Houston,HARRIS,TX,77092-7607,TX-18,20,238220,Unanswered,Not Hispanic or Latino,1,207675,,,,,,Subchapter S Corporation,451098,Stellar Bank,HOUSTON,TX,Male Owned,Veteran,,209453.79,01/04/2022
9864527300,05/03/2020,0671,PPP,"SAME DAY WATER HEATERS, LLC",8400 N SAM HOUSTON PKWY W STE 200,HOUSTON,TX,77064-3462,08/18/2021,Paid in Full,24,100,207590,207590,0,,9551,"Bank of America, National Association","100 N Tryon St, Ste 170",CHARLOTTE,NC,28202-4024,U,N,Y,Existing or more than 2 years old,HOUSTON,HARRIS,TX,77064-3462,TX-18,20,238220,Unanswered,Unknown/NotStated,,207590,,,,,,Limited  Liability Company(LLC),9551,"Bank of America, National Association",CHARLOTTE,NC,Unanswered,Unanswered,,210069.71,07/15/2021
1414327110,04/10/2020,0681,PPP,"RICH PLUMBING, LLC",8409 S 1ST ST,AUSTIN,TX,78748-5412,01/14/2021,Paid in Full,24,100,207300,207300,0,,71727,Broadway National Bank,1177 NE Loop 410,SAN ANTONIO,TX,78209-1517,U,N,Y,Existing or more than 2 years old,AUSTIN,TRAVIS,TX,78748-5412,TX-21,25,238220,Unanswered,Unknown/NotStated,20000,160000,20000,7300,,,,Limited  Liability Company(LLC),71727,Broadway National Bank,SAN ANTONIO,TX,Unanswered,Unanswered,,208774.13,12/30/2020
6706547002,04/07/2020,0610,PPP,PITHER PLUMBING COMPANY INC,310 METHVIN ST,LONGVIEW,TX,75601-6311,03/05/2021,Paid in Full,24,100,207045,207045,0,,70488,Texas National Bank of Jacksonville,300 Neches St,JACKSONVILLE,TX,75766-4932,U,N,Y,Existing or more than 2 years old,LONGVIEW,GREGG,TX,75601-6311,TX-01,23,238220,Unanswered,Unknown/NotStated,,207045,,,,,,Cooperative,70488,Texas National Bank of Jacksonville,JACKSONVILLE,TX,Unanswered,Unanswered,,208413.13,02/16/2021
2012237109,04/10/2020,0610,PPP,CAC ENTERPRISES INC,450 Kings Hwy,TEXARKANA,TX,75501-5783,12/19/2020,Paid in Full,24,100,206800,206800,0,,106383,Red River Employees Federal Credit Union,4405 Summerhill Rd,TEXARKANA,TX,75503-2737,R,N,N,Existing or more than 2 years old,TEXARKANA,BOWIE,TX,75501-5783,TX-01,13,238220,Unanswered,Unknown/NotStated,,206800,,,,,,Corporation,106383,Red River Employees Federal Credit Union,TEXARKANA,TX,Unanswered,Unanswered,,207944.48,11/03/2020
4493687702,05/01/2020,0671,PPP,JOE THE PLUMBER INC,15503 JARVIS RD.,CYPRESS,TX,77429,10/21/2021,Paid in Full,24,100,206771,206771,0,,12096,"Wells Fargo Bank, National Association",101 N Philips Ave,SIOUX FALLS,SD,57104-6738,U,N,N,Existing or more than 2 years old,CYPRESS,HARRIS,TX,77429-0001,TX-10,11,238220,Unanswered,Unknown/NotStated,,206771,,,,,,Corporation,12096,"Wells Fargo Bank, National Association",SIOUX FALLS,SD,Unanswered,Unanswered,,209614.81,09/21/2021
1195917207,04/15/2020,0681,PPP,"JET MECHANICAL, INC",11003 WYE DR,SAN ANTONIO,TX,78217-2615,12/15/2020,Paid in Full,24,100,206300,206300,0,,71727,Broadway National Bank,1177 NE Loop 410,SAN ANTONIO,TX,78209-1517,U,Y,Y,Existing or more than 2 years old,SAN ANTONIO,BEXAR,TX,78217-2615,TX-35,22,238220,Unanswered,Not Hispanic or Latino,1575,154725,50000,,,,,Corporation,71727,Broadway National Bank,SAN ANTONIO,TX,Male Owned,Non-Veteran,,207451.84,11/12/2020
2153907200,04/15/2020,0681,PPP,"ALAMO WELDING & BOILER WORKS, INC.",816 NORTH FLORES ST,SAN ANTONIO,TX,78212-5102,12/10/2020,Paid in Full,24,100,206200,206200,0,,71825,Jefferson Bank,1900 Broadway St,San Antonio,TX,78215,U,Y,N,Existing or more than 2 years old,SAN ANTONIO,BEXAR,TX,78212-5102,TX-35,13,238220,Unanswered,Unknown/NotStated,1000,185200,,20000,,,,Corporation,71825,Jefferson Bank,San Antonio,TX,Unanswered,Unanswered,,207397.65,11/23/2020
2472148408,02/03/2021,0681,PPS,ALAMO WELDING AND BOILER WORKS INC.,816 N Flores St,San Antonio,TX,78212-5153,08/14/2021,Paid in Full,60,100,206200,206200,0,,71825,Jefferson Bank,1900 Broadway St,San Antonio,TX,78215,U,Y,N,Existing or more than 2 years old,San Antonio,BEXAR,TX,78212-5153,TX-35,13,238220,Unanswered,Unknown/NotStated,1,206198,,,,,,Corporation,71825,Jefferson Bank,San Antonio,TX,Unanswered,Unanswered,,207092.59,07/19/2021
9601137005,04/09/2020,0610,PPP,"WATSON PLUMBING, INC.",13097 STATE HWY 31 W,TYLER,TX,75709,12/17/2020,Paid in Full,24,100,206000,206000,0,,4679,Simmons Bank,501 Main St,PINE BLUFF,AR,71601-4327,R,N,N,Existing or more than 2 years old,TYLER,SMITH,TX,75709-3100,TX-01,22,238220,Unanswered,Unknown/NotStated,,206000,,,,,,Corporation,71902,Simmons Bank,COLLEGE STATION,TX,Unanswered,Unanswered,,207162.63,11/03/2020
8738147200,04/28/2020,0671,PPP,RUTTY & MORRIS LLC,3703 Nederland Avenue,Nederland,TX,77627-7243,03/09/2021,Paid in Full,24,100,205900,205900,0,,454766,Third Coast Bank,"20202 Hwy 59 North, Ste 190",Humble,TX,77338,U,N,N,Existing or more than 2 years old,Nederland,JEFFERSON,TX,77627-7243,TX-14,19,238220,Unanswered,Unknown/NotStated,,205900,,,,,,Limited  Liability Company(LLC),454766,Third Coast Bank,Humble,TX,Unanswered,Unanswered,,207610.11,02/25/2021
6485097004,04/07/2020,0610,PPP,"GOODWIN PLUMBING SERVICE, INC.",212 S 22ND ST,WACO,TX,76701-1615,02/24/2021,Paid in Full,24,100,205325,205325,0,,72077,"Community Bank & Trust, Waco, Texas",1800 Washington Ave,WACO,TX,76701-1011,U,N,Y,Existing or more than 2 years old,WACO,MCLENNAN,TX,76701-1615,TX-17,21,238220,Unanswered,Unknown/NotStated,,205325,,,,,,Subchapter S Corporation,72077,"Community Bank & Trust, Waco, Texas",WACO,TX,Male Owned,Unanswered,,206821.34,01/07/2021
9336217003,04/09/2020,0671,PPP,ALCODE PLUMBING LLC,1285 W Cardinal Dr,Beaumont,TX,77705-6410,01/16/2021,Paid in Full,24,100,205272,205272,0,,451098,Stellar Bank,8727 W Sam Houston Pkwy North,HOUSTON,TX,77040-5167,U,Y,Y,Existing or more than 2 years old,Beaumont,JEFFERSON,TX,77705-6410,TX-14,14,238220,Unanswered,Unknown/NotStated,,205272,,,,,,Limited  Liability Company(LLC),71523,Stellar Bank,Beaumont,TX,Unanswered,Unanswered,,206728.59,12/31/2020
8045027000,04/08/2020,0681,PPP,"AMG CONTRACTORS, LLC",118 BROADWAY ST STE 502,SAN ANTONIO,TX,78205-1902,04/24/2021,Paid in Full,24,100,205200,205200,0,,71783,Frost Bank,111 W Houston St,SAN ANTONIO,TX,78205-1414,U,Y,N,Existing or more than 2 years old,SAN ANTONIO,BEXAR,TX,78205-1902,TX-28,17,238220,Unanswered,Unknown/NotStated,,205200,,,,,,Limited  Liability Company(LLC),71783,Frost Bank,SAN ANTONIO,TX,Male Owned,Non-Veteran,,207049.61,03/15/2021
5300837110,04/13/2020,0610,PPP,"SIRIUS PLUMBING & AIR CONDITIONING, INC.",1406 Halsey Way Suite 100,CARROLLTON,TX,75007-4409,10/20/2021,Paid in Full,24,100,205100,205100,0,,4426,Bank OZK,18000 Cantrell Rd,LITTLE ROCK,AR,72223-9729,U,N,N,Existing or more than 2 years old,CARROLLTON,DENTON,TX,75007-4409,TX-32,21,238220,Unanswered,Unknown/NotStated,,205100,,,,,,Subchapter S Corporation,4426,Bank OZK,LITTLE ROCK,AR,Unanswered,Unanswered,,208027.59,09/20/2021
1658897810,05/21/2020,0639,PPP,W. WHITE AIR CONDITIONING CO.,1401 HOLLY RD,CORPUS CHRISTI,TX,78417-2009,11/18/2021,Paid in Full,24,100,205000,205000,0,,69225,"American Bank, National Association",5120 S. Padre Island Dr,CORPUS CHRISTI,TX,78411-4208,U,N,Y,Unanswered,CORPUS CHRISTI,NUECES,TX,78417-2009,TX-27,18,238220,Unanswered,Unknown/NotStated,,205000,,,,,,Subchapter S Corporation,69225,"American Bank, National Association",CORPUS CHRISTI,TX,Unanswered,Unanswered,,207881.39,10/15/2021
3093447206,04/16/2020,0681,PPP,"DARNELL, DANNY J, ALTER EGO",101 Ermel St,SEGUIN,TX,78155,03/23/2021,Paid in Full,24,100,204800,204800,0,,4679,Simmons Bank,501 Main St,PINE BLUFF,AR,71601-4327,U,Y,Y,Unanswered,SEGUIN,GUADALUPE,TX,78155-0001,TX-15,14,238220,White,Not Hispanic or Latino,,204800,,,,,,Corporation,71902,Simmons Bank,COLLEGE STATION,TX,Male Owned,Non-Veteran,,205921.81,02/12/2021
6837017105,04/14/2020,0610,PPP,"JM CARTER PLUMBING, INC",PO Box 937,PROSPER,TX,75078,03/05/2021,Paid in Full,24,100,204600,204600,0,,4679,Simmons Bank,501 Main St,PINE BLUFF,AR,71601-4327,U,N,N,Unanswered,PROSPER,COLLIN,TX,75078-0001,TX-04,19,238220,Unanswered,Unknown/NotStated,,204600,,,,,,Corporation,4679,Simmons Bank,PINE BLUFF,AR,Unanswered,Unanswered,,206242.48,02/11/2021
7896468308,01/28/2021,0610,PPS,INNOVATION HVAC SERVICES LLC,9726 Brockbank Dr,Dallas,TX,75220-2935,03/18/2022,Paid in Full,60,100,204600,204600,0,,58899,First United Bank and Trust Company,1400 W Main St,DURANT,OK,74701-4906,U,Y,Y,Existing or more than 2 years old,Dallas,DALLAS,TX,75220-2935,TX-33,22,238220,Unanswered,Unknown/NotStated,1,204598,,,,,,Limited  Liability Company(LLC),58899,First United Bank and Trust Company,DURANT,OK,Unanswered,Unanswered,,206674.03,02/16/2022
9917047009,04/09/2020,0610,PPP,INNOVATION HVAC SERVICES,9726 BROCKBANK DR,DALLAS,TX,75220-2935,02/04/2021,Paid in Full,24,100,204600,204600,0,,58899,First United Bank and Trust Company,1400 W Main St,DURANT,OK,74701-4906,U,Y,Y,Existing or more than 2 years old,DALLAS,DALLAS,TX,75220-2935,TX-33,18,238220,Unanswered,Unknown/NotStated,,201572,,3028,,,,Limited  Liability Company(LLC),58899,First United Bank and Trust Company,DURANT,OK,Unanswered,Unanswered,,206169.53,01/28/2021
9637657010,04/09/2020,0678,PPP,"BINC OPERATING, LLC",PO Box 2080,AMARILLO,TX,79114,06/09/2021,Paid in Full,24,100,204400,204400,0,,4392,Centennial Bank,620 Chestnut St,CONWAY,AR,72032-5404,U,N,Y,Existing or more than 2 years old,AMARILLO,RANDALL,TX,79114-1001,TX-13,30,238220,Unanswered,Unknown/NotStated,,204400,,,,,,Limited  Liability Company(LLC),70093,Centennial Bank,Happy,TX,Unanswered,Unanswered,,194269.44,05/13/2021
1983007108,04/10/2020,0671,PPP,KEN GURRY CORPORATION,813 MEDICAL CENTER BLVD,WEBSTER,TX,77598-4007,04/15/2021,Paid in Full,24,100,162000,204000,0,,437878,b1BANK,"500 Laurel St, Ste 101",BATON ROUGE,LA,70801-1811,U,N,Y,Existing or more than 2 years old,WEBSTER,HARRIS,TX,77598-4007,TX-36,17,238220,Unanswered,Unknown/NotStated,,204000,,,,,,Corporation,440904,b1BANK,PASADENA,TX,Unanswered,Unanswered,,205861.15,03/15/2021
3709117102,04/12/2020,0671,PPP,COMMERCIAL VENTILATION SERVICES LLC,15255 Gulf Fwy Ste 104f,Houston,TX,77034-5323,01/22/2021,Paid in Full,24,100,204000,204000,0,,71783,Frost Bank,111 W Houston St,SAN ANTONIO,TX,78205-1414,U,N,Y,Existing or more than 2 years old,Houston,HARRIS,TX,77034-5323,TX-36,170,238220,White,Not Hispanic or Latino,,204000,,,,,,Limited  Liability Company(LLC),71783,Frost Bank,SAN ANTONIO,TX,Male Owned,Non-Veteran,,205302.25,12/10/2020
7127348302,01/27/2021,0671,PPS,COMMERCIAL VENTILATION SERVICES LLC,15255 Gulf Fwy Ste 104F,Houston,TX,77034-5378,11/20/2021,Paid in Full,60,100,204000,204000,0,,71783,Frost Bank,111 W Houston St,SAN ANTONIO,TX,78205-1414,U,N,Y,Existing or more than 2 years old,Houston,HARRIS,TX,77034-5378,TX-36,15,238220,Unanswered,Not Hispanic or Latino,1,203998,,,,,,Limited  Liability Company(LLC),71783,Frost Bank,SAN ANTONIO,TX,Male Owned,Non-Veteran,,205486.68,10/25/2021
1577817109,04/10/2020,0610,PPP,WELCH HVAC INCORPORATED,118 LYNN AVE Ste 602,LEWISVILLE,TX,75057-3700,03/25/2021,Paid in Full,24,100,202800,202800,0,,58899,First United Bank and Trust Company,1400 W Main St,DURANT,OK,74701-4906,U,Y,Y,Existing or more than 2 years old,LEWISVILLE,DENTON,TX,75057-3700,TX-26,15,238220,Unanswered,Not Hispanic or Latino,,178460,,,,24340,,Corporation,58899,First United Bank and Trust Company,DURANT,OK,Male Owned,Unanswered,,204583.53,03/11/2021
2275287202,04/15/2020,0639,PPP,"ATLAS ELECRTRICAL, AIR CONDITIONING",705 S Alton Blvd,Alton,TX,78573,04/16/2021,Paid in Full,24,100,202100,202100,0,,71316,PlainsCapital Bank,2911 Turtle Creek Blvd. Suite 700,DALLAS,TX,75219,U,Y,Y,Existing or more than 2 years old,Alton,HIDALGO,TX,78573-0001,TX-15,34,238220,Unanswered,Unknown/NotStated,,202100,,,,,,Sole Proprietorship,71316,PlainsCapital Bank,DALLAS,TX,Unanswered,Unanswered,,203941.36,03/17/2021
7244398305,01/28/2021,0671,PPS,CLADWES ENTERPRISES INC,2050 Sabine Pass Ave,Beaumont,TX,77701-6126,09/16/2021,Paid in Full,60,100,201857,201857,0,Mr. Rooter,451098,Stellar Bank,8727 W Sam Houston Pkwy North,HOUSTON,TX,77040-5167,U,Y,Y,Existing or more than 2 years old,Beaumont,JEFFERSON,TX,77701-6126,TX-14,18,238220,Unanswered,Unknown/NotStated,,201857,,,,,,Corporation,71523,Stellar Bank,Beaumont,TX,Unanswered,Unanswered,,202791.63,08/13/2021
3149087303,04/29/2020,0610,PPP,BURDETT PLUMBING SERVICES LLC,8706 IKE BYROM RD,KRUGERVILLE,TX,76227,05/20/2021,Paid in Full,24,100,201800,201800,0,,225134,Truist Bank,214 N Tryon St,CHARLOTTE,NC,28202-1078,U,N,N,New Business or 2 years or less,KRUGERVILLE,DENTON,TX,76227-0001,TX-26,21,238220,Unanswered,Unknown/NotStated,,201800,,,,,,Limited  Liability Company(LLC),225134,Truist Bank,CHARLOTTE,NC,Unanswered,Unanswered,,203750.73,04/21/2021
1473457408,05/04/2020,0671,PPP,ABM RESTORATION LP,2533 ROY RD,PEARLAND,TX,77581-8603,08/05/2021,Paid in Full,24,100,201500,201500,0,,69987,"Hometown Bank, National Association","1801, 45th St",Galveston,TX,77550,U,N,N,Existing or more than 2 years old,PEARLAND,BRAZORIA,TX,77581-8603,TX-22,30,238220,Unanswered,Unknown/NotStated,6600,162900,,32000,,,,Partnership,69987,"Hometown Bank, National Association",Galveston,TX,Male Owned,Unanswered,,204022.89,08/05/2021
6278677107,04/14/2020,0610,PPP,"ELSTONAIRE, INC.",727 E. Centre Park Boulevard,DeSoto,TX,75115-2539,02/24/2021,Paid in Full,24,100,201500,201500,0,,454766,Third Coast Bank,"20202 Hwy 59 North, Ste 190",Humble,TX,77338,U,Y,Y,Existing or more than 2 years old,DeSoto,DALLAS,TX,75115-2539,TX-30,19,238220,Unanswered,Not Hispanic or Latino,,201500,,,,,,Corporation,454766,Third Coast Bank,Humble,TX,Male Owned,Non-Veteran,,203001.59,01/20/2021
9501407104,04/15/2020,0671,PPP,HOUSTON AUTUMN AIR INC,18812 TOMATO STREET,SPRING,TX,77379,08/12/2021,Paid in Full,24,100,201310,201310,0,,12096,"Wells Fargo Bank, National Association",101 N Philips Ave,SIOUX FALLS,SD,57104-6738,U,N,N,Existing or more than 2 years old,SPRING,HARRIS,TX,77379-1000,TX-02,15,238220,Unanswered,Unknown/NotStated,,201310,,,,,,Subchapter S Corporation,12096,"Wells Fargo Bank, National Association",SIOUX FALLS,SD,Unanswered,Unanswered,,203698.14,06/24/2021
1574077302,04/28/2020,0681,PPP,GREEN ACRES COMMERCIAL SERVICES LLC,9651 N IH-35,New Braunfels,TX,78130-7207,02/09/2021,Paid in Full,24,100,201300,201300,0,,69819,Prosperity Bank,1301 N Mechanic,El Campo,TX,77437,R,N,N,Existing or more than 2 years old,New Braunfels,COMAL,TX,78130-7207,TX-35,20,238220,Unanswered,Unknown/NotStated,,201300,,,,,,Limited  Liability Company(LLC),69819,Prosperity Bank,El Campo,TX,Unanswered,Unanswered,,202684.28,01/14/2021
6929057005,04/07/2020,0610,PPP,"DIVERSIFIED PLUMBING SERVICES, LLC",3160 Rockwell Ln,FORT WORTH,TX,76179-5334,12/08/2020,Paid in Full,24,100,201000,201000,0,,70553,First National Bank Texas,901 E Central Texas Expy,Killeen,TX,76541,U,N,N,Unanswered,FORT WORTH,TARRANT,TX,76179-5334,TX-12,16,238220,Unanswered,Unknown/NotStated,,201000,,,,,,Limited  Liability Company(LLC),70553,First National Bank Texas,Killeen,TX,Unanswered,Unanswered,,202206,11/23/2020
1271588606,03/13/2021,0677,PPS,GATEWAY AIR CONDITIONING AND SHEET METAL CO. INC.,3117 Rosa Ave,El Paso,TX,79905-1023,05/19/2022,Paid in Full,60,100,200920,200920,0,,48270,"JPMorgan Chase Bank, National Association",1111 Polaris Pkwy,COLUMBUS,OH,43240-2031,U,Y,Y,Existing or more than 2 years old,El Paso,EL PASO,TX,79905-1023,TX-16,25,238220,White,Hispanic or Latino,,200920,,,,,,Corporation,48270,"JPMorgan Chase Bank, National Association",COLUMBUS,OH,Male Owned,Non-Veteran,,203031.22,04/07/2022
7695728601,03/24/2021,0639,PPS,ATLAS ELECTRIC AIR CONDITIONING REFRIGERATION & PLUMBING SER,310 E Main Ave PMB 168,Alton,TX,78573-6872,01/15/2022,Paid in Full,60,100,200692,200692,0,,71316,PlainsCapital Bank,2911 Turtle Creek Blvd. Suite 700,DALLAS,TX,75219,U,Y,N,Existing or more than 2 years old,Alton,HIDALGO,TX,78573-6872,TX-15,25,238220,Unanswered,Unknown/NotStated,,200691,,,,,,Sole Proprietorship,71316,PlainsCapital Bank,DALLAS,TX,Unanswered,Unanswered,,202158.17,12/14/2021
7331717209,04/28/2020,0639,PPP,HESS AIR INC,817 S. Alamo Rd,ALAMO,TX,78516,06/08/2021,Paid in Full,24,100,200600,200600,0,,70700,International Bank of Commerce,1200 San Bernardo Ave,LAREDO,TX,78040-6301,U,Y,N,Existing or more than 2 years old,ALAMO,HIDALGO,TX,78516-0001,TX-34,21,238220,Unanswered,Unknown/NotStated,20060,160480,20060,,,,,Corporation,70700,International Bank of Commerce,LAREDO,TX,Unanswered,Unanswered,,202617.14,05/06/2021
9237348302,01/30/2021,0610,PPS,HUTCHINS PLUMBING AC LLC,1301 S Sam Rayburn Fwy,Sherman,TX,75090-8635,10/12/2022,Paid in Full,60,100,200500,200500,0,,58899,First United Bank and Trust Company,1400 W Main St,DURANT,OK,74701-4906,R,N,N,Existing or more than 2 years old,Sherman,GRAYSON,TX,75090-8635,TX-04,15,238220,Unanswered,Unknown/NotStated,1,200497,,,,,,Limited  Liability Company(LLC),58899,First United Bank and Trust Company,DURANT,OK,Unanswered,Unanswered,,203543.21,08/18/2022
4491598506,02/26/2021,0671,PPS,ALL POINTS PLUMBING LLC,21161 Blair Rd,Conroe,TX,77385-7311,01/07/2022,Paid in Full,24,100,200000,200000,0,,2408,Regions Bank,1900 Fifth Avenue North,BIRMINGHAM,AL,35203,U,N,N,Existing or more than 2 years old,Conroe,MONTGOMERY,TX,77385-7311,TX-02,14,238220,American Indian or Alaska Native,Not Hispanic or Latino,1,199999,,,,,,Limited  Liability Company(LLC),2408,Regions Bank,BIRMINGHAM,AL,Female Owned,Non-Veteran,,201600,12/23/2021
7023718301,01/27/2021,0671,PPS,GOLDEN RULE AIR CONDITIONING & HEATING LLC,9306 Thomasville Dr,Houston,TX,77064-2019,07/21/2021,Paid in Full,60,100,200000,200000,0,,71783,Frost Bank,111 W Houston St,SAN ANTONIO,TX,78205-1414,U,N,N,Existing or more than 2 years old,Houston,HARRIS,TX,77064-2019,TX-18,15,238220,White,Not Hispanic or Latino,,200000,,,,,,Limited  Liability Company(LLC),71783,Frost Bank,SAN ANTONIO,TX,Male Owned,Non-Veteran,,200832.88,06/30/2021
6298187001,04/06/2020,0671,PPP,"24/7 PLUMBING SERVICES, L.L.C.",5316 3RD ST,KATY,TX,77493-2513,01/21/2021,Paid in Full,24,100,199450,199450,0,,33209,Berkshire Bank,99 North St,PITTSFIELD,MA,01201-5114,U,N,N,Existing or more than 2 years old,KATY,HARRIS,TX,77493-2513,TX-22,19,238220,White,Not Hispanic or Latino,,199450,,,,,,Limited  Liability Company(LLC),33209,Berkshire Bank,PITTSFIELD,MA,Male Owned,Non-Veteran,,200674.02,12/03/2020
1379738507,02/18/2021,0610,PPS,QUALITY1 ENERGY SYSTEMS,10874 Plano Rd Ste D,Dallas,TX,75238-1408,10/07/2021,Paid in Full,60,100,198900,198900,0,,33850,Comerica Bank,1717 Main St,DALLAS,TX,75201-4612,U,Y,Y,Existing or more than 2 years old,Dallas,DALLAS,TX,75238-1408,TX-32,21,238220,White,Unknown/NotStated,1,198898,,,,,,Corporation,33850,Comerica Bank,DALLAS,TX,Male Owned,Non-Veteran,,199988.43,09/08/2021
3379627109,04/11/2020,0671,PPP,AMERICAN COMFORT SOLUTIONS INC.,5614 FRANZ RD Unit #B,KATY,TX,77493-1619,04/14/2021,Paid in Full,24,100,198800,198800,0,,33850,Comerica Bank,1717 Main St,DALLAS,TX,75201-4612,U,N,N,Existing or more than 2 years old,KATY,HARRIS,TX,77493-1619,TX-10,15,238220,Unanswered,Unknown/NotStated,,159108,39692,,,,,Corporation,33850,Comerica Bank,DALLAS,TX,Unanswered,Unanswered,,200649.94,03/19/2021
9715257102,04/15/2020,0610,PPP,SMELSCER PLUMBING INC.,PO BOX 20551,WACO,TX,76702-0551,05/18/2021,Paid in Full,24,100,198800,198800,0,,72071,"American Bank, National Association",200 W Hwy 6,WACO,TX,76712-7923,U,N,N,Existing or more than 2 years old,WACO,MCLENNAN,TX,76702-0551,TX-17,18,238220,Unanswered,Unknown/NotStated,,198800,,,,,,Corporation,72071,"American Bank, National Association",WACO,TX,Unanswered,Unanswered,,200804.57,04/28/2021
5024997006,04/04/2020,0677,PPP,BRUNS & MCDONALD INC,6993 INDUSTRIAL AVE,EL PASO,TX,79915-1107,04/20/2021,Paid in Full,24,100,198200,198200,0,,113154,WestStar Bank,"601 N Mesa St, Ste 1100",El Paso,TX,79901,U,Y,Y,Existing or more than 2 years old,EL PASO,EL PASO,TX,79915-1107,TX-16,19,238220,White,Not Hispanic or Latino,,198200,,,,,,Corporation,113154,WestStar Bank,El Paso,TX,Male Owned,Non-Veteran,,200016.83,03/11/2021
4875227209,04/27/2020,0681,PPP,"JM ENGINEERING, LLC",2013 Wells Branch Parkway Suite 117,Austin,TX,78728-6900,06/04/2021,Paid in Full,24,100,198177,198177,0,,224512,"LiftFund, Inc.",2014 S. Hackberry,San Antonio,TX,78210,U,Y,Y,Existing or more than 2 years old,Austin,TRAVIS,TX,78728-6900,TX-17,1,238220,White,Unknown/NotStated,,198177,,,,,,Sole Proprietorship,224512,"LiftFund, Inc.",San Antonio,TX,Unanswered,Unanswered,,200268.87,05/21/2021
1237918605,03/13/2021,0678,PPP,C&E MECHANICAL INC.,1502 S Lipscomb St,Amarillo,TX,79102-2603,08/16/2022,Paid in Full,60,100,197700,197700,0,,188567,Loan Source Incorporated,353 East 83rd Street Suite 3H,NEW YORK,NY,10028,U,N,N,Existing or more than 2 years old,Amarillo,POTTER,TX,79102-2603,TX-13,18,238220,White,Not Hispanic or Latino,1,197693,,,,,,Subchapter S Corporation,72057,Herring Bank,AMARILLO,TX,Female Owned,Non-Veteran,,200337.81,07/18/2022
8720268308,01/30/2021,0610,PPS,RICK AND DICKSIE LLC,3484 FM 2813,Flint,TX,75762-4010,12/08/2021,Paid in Full,60,100,197390,197390,0,,2408,Regions Bank,1900 Fifth Avenue North,BIRMINGHAM,AL,35203,R,N,N,Existing or more than 2 years old,Flint,SMITH,TX,75762-4010,TX-01,16,238220,American Indian or Alaska Native,Not Hispanic or Latino,1,197384,,,,,,Limited  Liability Company(LLC),2408,Regions Bank,BIRMINGHAM,AL,Female Owned,Veteran,,198909.63,11/26/2021
4874818301,01/23/2021,0610,PPP,NUTEX MECHANICAL,161 S McKinley St,Prosper,TX,75078-3302,12/07/2021,Paid in Full,60,100,197185,197185,0,,71957,Texas Bank,1120 US Hwy 79 N,HENDERSON,TX,75652-6010,U,N,N,Existing or more than 2 years old,Prosper,COLLIN,TX,75078-3302,TX-03,17,238220,Unanswered,Unknown/NotStated,1,197182,,,,,,Corporation,71957,Texas Bank,HENDERSON,TX,Unanswered,Unanswered,,198806.3,11/22/2021
5034467701,05/01/2020,0681,PPP,BUTLER PLUMBING INC,9709 SWANSONS RANCH RD,AUSTIN,TX,78748-1423,07/22/2021,Paid in Full,24,100,197091,197091,0,,9551,"Bank of America, National Association","100 N Tryon St, Ste 170",CHARLOTTE,NC,28202-4024,U,N,N,New Business or 2 years or less,AUSTIN,TRAVIS,TX,78748-1423,TX-21,19,238220,Unanswered,Unknown/NotStated,,197091,,,,,,Corporation,9551,"Bank of America, National Association",CHARLOTTE,NC,Unanswered,Unanswered,,198613.73,02/12/2021
3963847104,04/12/2020,0671,PPP,"FRANKS PLUMBING CO ., INC.",6920 Winton St.,Houston,TX,77021-4630,05/21/2021,Paid in Full,24,100,196600,196600,0,,71783,Frost Bank,111 W Houston St,SAN ANTONIO,TX,78205-1414,U,Y,Y,Existing or more than 2 years old,Houston,HARRIS,TX,77021-4630,TX-09,170,238220,Unanswered,Not Hispanic or Latino,,196600,,,,,,Limited  Liability Company(LLC),71783,Frost Bank,SAN ANTONIO,TX,Male Owned,Non-Veteran,,198485.21,04/06/2021
2684847303,04/29/2020,0671,PPP,PREFERRED AIR OF HOUSTON LLC,4031 Ellis Road,Friendswood,TX,77546,05/06/2021,Paid in Full,24,100,196500,196500,0,,2408,Regions Bank,1900 Fifth Avenue North,BIRMINGHAM,AL,35203,U,N,N,Existing or more than 2 years old,Friendswood,GALVESTON,TX,77546-0001,TX-22,12,238220,American Indian or Alaska Native,Unknown/NotStated,,196500,,,,,,Limited  Liability Company(LLC),2408,Regions Bank,BIRMINGHAM,AL,Unanswered,Unanswered,,198276.58,03/31/2021
5555838010,06/29/2020,0610,PPP,"ACCU-FIND SLAB LEAK, INC.",3649 Conflans Suite 117,Irving,TX,75061,05/18/2022,Paid in Full,60,100,196166,196166,0,,593324,Fed ¿ Kabbage,925B Peachtree Street NE,Atlanta,GA,30309,U,N,Y,Existing or more than 2 years old,Irving,DALLAS,TX,75061-0400,TX-33,15,238220,Unanswered,Unknown/NotStated,,196166,,,,,,Corporation,529113,"Kabbage, Inc.",Atlanta,GA,Unanswered,Unanswered,,199756.11,05/02/2022
5101927709,05/01/2020,0671,PPP,EPW SERVICES LLC,15322 TRAVIS FALLS DR,CYPRESS,TX,77429-7746,11/18/2021,Paid in Full,24,100,195725,195725,0,,9551,"Bank of America, National Association","100 N Tryon St, Ste 170",CHARLOTTE,NC,28202-4024,U,N,N,New Business or 2 years or less,CYPRESS,HARRIS,TX,77429-7746,TX-10,20,238220,Unanswered,Unknown/NotStated,,195725,,,,,,Limited  Liability Company(LLC),9551,"Bank of America, National Association",CHARLOTTE,NC,Unanswered,Unanswered,,198540.22,10/15/2021
2833087305,04/29/2020,0671,PPP,TRADITION PLUMBING LLC,"14090 FM 2920, G533",Tomball,TX,77377,12/18/2021,Paid in Full,24,100,195629,195629,0,,28811,"Capital One, National Association",1680 Capital One Dr,MCLEAN,VA,22102-3407,U,N,N,Existing or more than 2 years old,Tomball,HARRIS,TX,77377-0001,TX-38,20,238220,Unanswered,Unknown/NotStated,,195629,,,,,,Limited  Liability Company(LLC),28811,"Capital One, National Association",MCLEAN,VA,Unanswered,Unanswered,,198530.83,10/28/2021
4519337102,04/13/2020,0681,PPP,PESSIN HOLDINGS INC.,300 N BAGDAD RD,LEANDER,TX,78641,03/06/2021,Paid in Full,24,100,195400,195400,0,,69949,Security State Bank & Trust,201 W Main St,FREDERICKSBURG,TX,78624-3709,U,N,N,Existing or more than 2 years old,LEANDER,WILLIAMSON,TX,78641-0001,TX-31,25,238220,White,Not Hispanic or Latino,,186400,,9000,,,,Corporation,69949,Security State Bank & Trust,FREDERICKSBURG,TX,Female Owned,Non-Veteran,,196486.47,02/12/2021
7631917310,04/30/2020,0681,PPP,CITY PLUMBING,315 ITURBIDE ST,LAREDO,TX,78040,11/16/2021,Paid in Full,24,100,195400,195400,0,,70700,International Bank of Commerce,1200 San Bernardo Ave,LAREDO,TX,78040-6301,U,Y,Y,Existing or more than 2 years old,LAREDO,WEBB,TX,78040-0001,TX-28,26,238220,Unanswered,Hispanic or Latino,12000,183400,,,,,,Sole Proprietorship,70700,International Bank of Commerce,LAREDO,TX,Male Owned,Unanswered,,198352.71,11/04/2021
4314418606,03/18/2021,0610,PPS,"THE RIGHT CHOICE HEATING & AIR, INC.",2290 Springlake Rd Ste 105,Farmers Branch,TX,75234-5816,12/18/2021,Paid in Full,60,100,195280,195280,0,,48270,"JPMorgan Chase Bank, National Association",1111 Polaris Pkwy,COLUMBUS,OH,43240-2031,U,N,N,Existing or more than 2 years old,Farmers Branch,DALLAS,TX,75234-5816,TX-33,19,238220,Unanswered,Unknown/NotStated,1,195275,,,,,,Corporation,48270,"JPMorgan Chase Bank, National Association",COLUMBUS,OH,Male Owned,Unanswered,,196502.67,11/05/2021
5576628800,04/18/2021,0671,PPS,BRANDT AIR CONDITIONING AND HEATING SERVICES LLC,761 Carolina St,Katy,TX,77494-8252,07/08/2022,Paid in Full,60,100,194700,194700,0,,70700,International Bank of Commerce,1200 San Bernardo Ave,LAREDO,TX,78040-6301,U,N,N,Existing or more than 2 years old,Katy,FORT BEND,TX,77494-8252,TX-22,16,238220,Unanswered,Unknown/NotStated,,194700,,,,,,Limited  Liability Company(LLC),70700,International Bank of Commerce,LAREDO,TX,Unanswered,Unanswered,,196944.46,06/16/2022
9462448304,01/30/2021,0610,PPS,COLD TEX REFRIGERATION LLC,3175 E US Highway 175,Kaufman,TX,75142-8848,04/07/2022,Paid in Full,60,100,194413,194413,0,,71977,The American National Bank of Texas,102 W Moore,TERRELL,TX,75160-3129,R,N,Y,Existing or more than 2 years old,Kaufman,KAUFMAN,TX,75142-8848,TX-05,19,238220,Unanswered,Unknown/NotStated,1,194408,,,,,,Corporation,71977,The American National Bank of Texas,TERRELL,TX,Unanswered,Unanswered,,196437.03,02/25/2022
3630358609,03/17/2021,0671,PPS,AMERICAN COMFORT SOLUTIONS INC.,5614 Franz Rd,Katy,TX,77493-1619,03/26/2022,Paid in Full,60,100,194200,194200,0,,33850,Comerica Bank,1717 Main St,DALLAS,TX,75201-4612,U,N,N,Existing or more than 2 years old,Katy,HARRIS,TX,77493-1619,TX-10,15,238220,Unanswered,Unknown/NotStated,1,194195,,,,,,Corporation,33850,Comerica Bank,DALLAS,TX,Unanswered,Unanswered,,195025.35,08/19/2021
8621457108,04/15/2020,0610,PPP,SDL PLUMBING INC,1612 BRUCE WAY,SEAGOVILLE,TX,75159-2840,03/13/2021,Paid in Full,24,100,194000,194000,0,,71977,The American National Bank of Texas,102 W Moore,TERRELL,TX,75160-3129,U,N,Y,Existing or more than 2 years old,SEAGOVILLE,DALLAS,TX,75159-2840,TX-05,15,238220,Unanswered,Unknown/NotStated,,194000,,,,,,Subchapter S Corporation,71977,The American National Bank of Texas,TERRELL,TX,Unanswered,Unanswered,,195477.59,01/27/2021
5535277004,04/05/2020,0671,PPP,"PLUMB LEVEL, LLC",1807 HIGHWAY 105,BRENHAM,TX,77833-3383,01/09/2021,Paid in Full,24,100,193700,193700,0,,69085,The Brenham National Bank,2211 S Day St,Brenham,TX,77833,R,Y,Y,Existing or more than 2 years old,BRENHAM,WASHINGTON,TX,77833-3383,TX-10,14,238220,Unanswered,Unknown/NotStated,,193700,,,,,,Limited  Liability Company(LLC),69085,The Brenham National Bank,Brenham,TX,Unanswered,Unanswered,,195045.14,12/16/2020
2753148306,01/21/2021,0610,PPS,SARIF LLC,624 Krona Dr Ste 100,Plano,TX,75074-8325,05/25/2022,Paid in Full,60,100,193060.85,193060.85,0,,188567,Loan Source Incorporated,353 East 83rd Street Suite 3H,NEW YORK,NY,10028,U,Y,Y,Existing or more than 2 years old,Plano,COLLIN,TX,75074-8325,TX-32,14,238220,Unanswered,Not Hispanic or Latino,1,193055.85,,,,,,Limited  Liability Company(LLC),437878,b1BANK,BATON ROUGE,LA,Male Owned,Non-Veteran,,195382.87,04/07/2022
6918127105,04/14/2020,0610,PPP,"HALL MECHANICAL CONTRACTORS, INC.",600 De Costa Street,FORT WORTH,TX,76111-6536,03/17/2021,Paid in Full,24,100,193000,193000,0,,323316,"Trinity Bank, National Association",3500 W Vickery Blvd,FORT WORTH,TX,76107-5618,U,Y,Y,Existing or more than 2 years old,Fort Worth,TARRANT,TX,76111-0001,TX-33,19,238220,Unanswered,Unknown/NotStated,,193000,,,,,,Corporation,323316,"Trinity Bank, National Association",FORT WORTH,TX,Male Owned,Unanswered,,194688.75,03/03/2021
5075097301,04/30/2020,0671,PPP,DINGEE PLUMBING CONTRACTORS INC,1410 FM 2004 RD,LAKE JACKSON,TX,77566,08/09/2022,Paid in Full,60,100,192890,192890,0,,44449,"PNC Bank, National Association",222 Delaware Ave,WILMINGTON,DE,19801-1621,U,N,N,Existing or more than 2 years old,LAKE JACKSON,BRAZORIA,TX,77566-0001,TX-14,21,238220,Unanswered,Unknown/NotStated,,192890,,,,,,Subchapter S Corporation,760,First Source Federal Credit Union,Rome,NY,Unanswered,Unanswered,,197171.09,07/15/2022
7135828402,02/11/2021,0671,PPS,JD PRECISION SERVICES INC,6134 Canyon Creek Ln,Conroe,TX,77304-4664,10/21/2021,Paid in Full,60,100,192783,192783,0,,68922,First Financial Bank,400 Pine St,ABILENE,TX,79601-5108,U,N,N,Existing or more than 2 years old,Conroe,MONTGOMERY,TX,77304-4664,TX-08,18,238220,Unanswered,Not Hispanic or Latino,,192783,,,,,,Corporation,68922,First Financial Bank,ABILENE,TX,Female Owned,Non-Veteran,,193848.66,09/13/2021
9658457008,04/09/2020,0671,PPP,JD PRECISION SERVICES INC.,6134 CANYON CREEK LN,CONROE,TX,77304-4664,03/24/2021,Paid in Full,24,100,192783,192783,0,,68922,First Financial Bank,400 Pine St,ABILENE,TX,79601-5108,U,N,N,Existing or more than 2 years old,CONROE,MONTGOMERY,TX,77304-4664,TX-08,19,238220,Unanswered,Not Hispanic or Latino,48195.75,144587.25,,,,,,Corporation,68922,First Financial Bank,ABILENE,TX,Male Owned,Non-Veteran,,194060.89,02/16/2021
3907818609,03/17/2021,0678,PPS,JOE RUSHING PLUMBING COMPANY INC,2405 1st St,Lubbock,TX,79415-3021,04/16/2021,Paid in Full,60,100,192662,192662,0,,68966,Amarillo National Bank,410 S Taylor St,AMARILLO,TX,79101-1555,U,Y,N,Existing or more than 2 years old,Lubbock,LUBBOCK,TX,79415-3021,TX-19,19,238220,Unanswered,Not Hispanic or Latino,1,192657,,,,,,Subchapter S Corporation,68966,Amarillo National Bank,AMARILLO,TX,Male Owned,Non-Veteran,,194893.67,05/10/2022
3632318710,03/31/2021,0610,PPS,ONE SOURCE ENTERPRISE LLC,3839 McKinney Ave Ste 155,Dallas,TX,75204-1488,09/28/2021,Paid in Full,60,100,192552.5,192552.5,0,,59358,"BOKF, National Association",One Williams Center,TULSA,OK,74172-0140,U,N,Y,Existing or more than 2 years old,Dallas,DALLAS,TX,75204-1488,TX-30,12,238220,Unanswered,Unknown/NotStated,1,192550.5,,,,,,Corporation,59358,"BOKF, National Association",TULSA,OK,Unanswered,Unanswered,,193231.78,08/11/2021
5998197109,04/14/2020,0610,PPP,"RBRM INVESTMENTS, INC.",7787 SMITH DAIRY ROAD,BELTON,TX,76513,07/29/2021,Paid in Full,24,100,192102.5,192102.5,0,,39848,Cadence Bank,201 S Spring St,TUPELO,MS,38804-4811,U,N,N,New Business or 2 years or less,BELTON,BELL,TX,76513-0001,TX-31,13,238220,Unanswered,Unknown/NotStated,,192102.5,,,,,,Corporation,39848,Cadence Bank,TUPELO,MS,Unanswered,Unanswered,,194306.34,06/08/2021
1290717106,04/10/2020,0681,PPP,GEORGE PLUMBING CO. INC,12 BURWOOD LN,SAN ANTONIO,TX,78216-7080,03/12/2021,Paid in Full,24,100,192100,192100,0,,71727,Broadway National Bank,1177 NE Loop 410,SAN ANTONIO,TX,78209-1517,U,Y,Y,Existing or more than 2 years old,SAN ANTONIO,BEXAR,TX,78216-7080,TX-21,14,238220,Unanswered,Not Hispanic or Latino,19210,144075,28815,,,,,Corporation,71727,Broadway National Bank,SAN ANTONIO,TX,Male Owned,Non-Veteran,,193264.98,02/12/2021
7035937102,04/14/2020,0639,PPP,T L MECHANICAL INC,4717 Westway Dr,CORPUS CHRISTI,TX,78408-2725,06/11/2021,Paid in Full,24,100,191698,191698,0,,69225,"American Bank, National Association",5120 S. Padre Island Dr,CORPUS CHRISTI,TX,78411-4208,U,Y,N,Existing or more than 2 years old,CORPUS CHRISTI,NUECES,TX,78408-2725,TX-27,19,238220,Unanswered,Unknown/NotStated,,191698,,,,,,Corporation,69225,"American Bank, National Association",CORPUS CHRISTI,TX,Unanswered,Unanswered,,193796.03,05/20/2021
2067918410,02/03/2021,0681,PPS,PESSIN HOLDINGS INC.,2118 DROWNING LN STE 150,LEANDER,TX,78641,07/24/2021,Paid in Full,60,100,191352,191352,0,,69949,Security State Bank & Trust,201 W Main St,FREDERICKSBURG,TX,78624-3709,U,N,N,Existing or more than 2 years old,LEANDER,WILLIAMSON,TX,78641,TX-10,22,238220,White,Not Hispanic or Latino,1,191351,,,,,,Corporation,69949,Security State Bank & Trust,FREDERICKSBURG,TX,Female Owned,Non-Veteran,,192191.82,07/20/2021
3259958900,04/27/2021,0639,PPS,T L MECHANICAL INC,4717 Westway Dr,Corpus Christi,TX,78408-2725,01/08/2022,Paid in Full,60,100,191065,191065,0,,69225,"American Bank, National Association",5120 S. Padre Island Dr,CORPUS CHRISTI,TX,78411-4208,U,Y,Y,Existing or more than 2 years old,Corpus Christi,NUECES,TX,78408-2725,TX-27,19,238220,Unanswered,Unknown/NotStated,1,191063,,,,,,Corporation,69225,"American Bank, National Association",CORPUS CHRISTI,TX,Unanswered,Veteran,,192253.85,12/09/2021
3419637107,04/11/2020,0610,PPP,"ENCORE MECHANICAL, LLC",535 S NOLEN DR Ste 500,SOUTHLAKE,TX,76092-9167,05/19/2021,Paid in Full,24,100,190700,190700,0,,225134,Truist Bank,214 N Tryon St,CHARLOTTE,NC,28202-1078,U,N,Y,Existing or more than 2 years old,SOUTHLAKE,TARRANT,TX,76092-9167,TX-24,15,238220,White,Not Hispanic or Latino,,190700,,,,,,Limited  Liability Company(LLC),225134,Truist Bank,CHARLOTTE,NC,Male Owned,Unanswered,,192548.73,04/06/2021
6537248610,03/23/2021,0671,PPS,WALLER COUNTY ELECTRIC INC,1005 13th St,Hempstead,TX,77445-5152,03/18/2022,Paid in Full,60,100,190439,190439,0,,188567,Loan Source Incorporated,353 East 83rd Street Suite 3H,NEW YORK,NY,10028,R,N,Y,Existing or more than 2 years old,Hempstead,WALLER,TX,77445-5152,TX-10,18,238220,Unanswered,Unknown/NotStated,1,190437,,,,,,Subchapter S Corporation,39334,Trustmark National Bank,JACKSON,MS,Unanswered,Unanswered,,192098.17,02/25/2022
2154027209,04/15/2020,0671,PPP,"TIM BAILEY PLUMBING, LLC",14996 Live Oak Street,COLLEGE STATION,TX,77845,12/17/2021,Paid in Full,24,100,190347,190347,0,,444341,American Momentum Bank,1 Momentum Blvd,COLLEGE STATION,TX,77845-6199,U,N,N,Existing or more than 2 years old,COLLEGE STATION,BRAZOS,TX,77845-3304,TX-10,18,238220,Unanswered,Unknown/NotStated,,190347,,,,,,Limited  Liability Company(LLC),444341,American Momentum Bank,COLLEGE STATION,TX,Unanswered,Unanswered,,193413.7,11/24/2021
4319447106,04/13/2020,0681,PPP,GLEN L JOHNSON AIR CONDITIONING,9703 MCCULLOUGH AVE,SAN ANTONIO,TX,78216-4608,03/12/2021,Paid in Full,24,100,190300,190300,0,,71727,Broadway National Bank,1177 NE Loop 410,SAN ANTONIO,TX,78209-1517,U,Y,N,Existing or more than 2 years old,SAN ANTONIO,BEXAR,TX,78216-4608,TX-21,9,238220,Unanswered,Not Hispanic or Latino,,190300,,,,,,Corporation,71727,Broadway National Bank,SAN ANTONIO,TX,Male Owned,Non-Veteran,,191574.48,02/12/2021
6504058605,03/23/2021,0681,PPS,GLEN L JOHNSON AIR CONDITIONING COMPANY INC.,9703 McCullough Ave,San Antonio,TX,78216-4608,03/05/2022,Paid in Full,60,100,190300,190300,0,,71727,Broadway National Bank,1177 NE Loop 410,SAN ANTONIO,TX,78209-1517,U,N,N,Existing or more than 2 years old,San Antonio,BEXAR,TX,78216-4608,TX-21,12,238220,Unanswered,Not Hispanic or Latino,1,190296,,,,,,Corporation,71727,Broadway National Bank,SAN ANTONIO,TX,Female Owned,Unanswered,,192007.41,02/17/2022
2846097100,04/11/2020,0678,PPP,PANHANDLE FIRE PROTECTION LLC,5772 CANYON DR,AMARILLO,TX,79109-6356,12/16/2020,Paid in Full,24,100,190100,190100,0,,68966,Amarillo National Bank,410 S Taylor St,AMARILLO,TX,79101-1555,U,N,N,Existing or more than 2 years old,AMARILLO,RANDALL,TX,79109-6356,TX-13,21,238220,White,Not Hispanic or Latino,,190100,,,,,,Limited  Liability Company(LLC),68966,Amarillo National Bank,AMARILLO,TX,Male Owned,Unanswered,,191156.11,11/03/2020
5439497207,04/27/2020,0610,PPP,ONE SOURCE ENTERPRISE LLC,3839 McKinney Ave Ste 155,Dallas,TX,75204,02/11/2021,Paid in Full,24,100,190100,190100,0,,59358,"BOKF, National Association",One Williams Center,TULSA,OK,74172-0140,U,N,N,Existing or more than 2 years old,Dallas,DALLAS,TX,75204-0300,TX-32,13,238220,Unanswered,Unknown/NotStated,,190100,,,,,,Corporation,59358,"BOKF, National Association",TULSA,OK,Unanswered,Unanswered,,191494.07,01/20/2021
9018147207,04/28/2020,0610,PPP,"LASSITER, INC.",8601 Mill Creek Rd,Irving,TX,75063-4267,02/16/2021,Paid in Full,24,100,189800,189800,0,,33850,Comerica Bank,1717 Main St,DALLAS,TX,75201-4612,U,N,N,Existing or more than 2 years old,Irving,DALLAS,TX,75063-4267,TX-33,15,238220,White,Unknown/NotStated,,151873.6,37926.4,,,,,Subchapter S Corporation,33850,Comerica Bank,DALLAS,TX,Female Owned,Non-Veteran,,191197.14,01/20/2021
5250477001,04/05/2020,0610,PPP,"METROPLEX PLUMBING, INC.",9302 COUNTY ROAD 213A,FORNEY,TX,75126-8010,01/16/2021,Paid in Full,24,100,189600,189600,0,,71330,City Bank,5219 City Bank Pkwy,LUBBOCK,TX,79407-3544,R,N,N,Existing or more than 2 years old,FORNEY,KAUFMAN,TX,75126-8010,TX-05,18,238220,Unanswered,Unknown/NotStated,,189600,,,,,,Corporation,71330,City Bank,LUBBOCK,TX,Unanswered,Unanswered,,190853.47,12/09/2020
6188637004,04/06/2020,0610,PPP,"EXTREME COMFORT AIR CONDITIONING & HEATING, LLC",15946 MIDWAY RD,ADDISON,TX,75001-4261,03/11/2021,Paid in Full,24,100,189550,189550,0,,70840,Texas Bank and Trust Company,300 E Whaley,LONGVIEW,TX,75601-6417,U,N,N,Existing or more than 2 years old,ADDISON,DALLAS,TX,75001-4261,TX-32,29,238220,Unanswered,Not Hispanic or Latino,,189550,,,,,,Limited  Liability Company(LLC),70840,Texas Bank and Trust Company,LONGVIEW,TX,Male Owned,Non-Veteran,,190752.68,02/16/2021
1631218409,02/02/2021,0610,PPS,A/C RESCUE INC,10705 Plano Rd Ste 400,Dallas,TX,75238-5313,11/20/2021,Paid in Full,60,100,189500,189500,0,,71783,Frost Bank,111 W Houston St,SAN ANTONIO,TX,78205-1414,U,Y,Y,Existing or more than 2 years old,Dallas,DALLAS,TX,75238-5313,TX-32,21,238220,Unanswered,Not Hispanic or Latino,,189500,,,,,,Corporation,71783,Frost Bank,SAN ANTONIO,TX,Male Owned,Non-Veteran,,190875.82,10/27/2021
3174287404,05/07/2020,0671,PPP,SWAN PLUMBING HEATING AND AIR INC,15906 Telge Road,Cypress,TX,77429-1329,08/03/2022,Charged Off,3,100,188848,188848,0,,433860,Quontic Bank,"3105 Broadway, 2nd Fl",Astoria,NY,11106,U,N,N,Unanswered,Cypress,HARRIS,TX,77429-1329,TX-10,22,238220,White,Not Hispanic or Latino,,188848,,,,,,Corporation,529111,"FC Marketplace, LLC (dba Funding Circle)",San Francisco,CA,Male Owned,Non-Veteran,,,
3328727104,04/11/2020,0671,PPP,"M A C MECHANICAL PLUMBING, LLC",7938 BREEN DR,HOUSTON,TX,77064-8421,09/25/2021,Paid in Full,24,100,188600,188600,0,,451098,Stellar Bank,8727 W Sam Houston Pkwy North,HOUSTON,TX,77040-5167,U,N,N,Existing or more than 2 years old,HOUSTON,HARRIS,TX,77064-8421,TX-18,14,238220,Unanswered,Unknown/NotStated,,188600,,,,,,Limited  Liability Company(LLC),451098,Stellar Bank,HOUSTON,TX,Unanswered,Unanswered,,191062.28,08/12/2021
1173228610,03/12/2021,0671,PPS,FORT BEND MECHANICAL & CONSTRUCTION LLC,13802 Murphy Rd,Stafford,TX,77477-4904,10/21/2021,Paid in Full,60,100,187500,187500,0,,451098,Stellar Bank,8727 W Sam Houston Pkwy North,HOUSTON,TX,77040-5167,U,N,N,Existing or more than 2 years old,Stafford,FORT BEND,TX,77477-4904,TX-09,14,238220,Unanswered,Unknown/NotStated,1,187496,,,,,,Limited  Liability Company(LLC),451098,Stellar Bank,HOUSTON,TX,Unanswered,Unanswered,,188401.04,09/08/2021
5870758010,06/29/2020,0671,PPP,P P & P LLC,31574 HUFFMAN CLEVELAND RD,HUFFMAN,TX,77336-3530,02/14/2023,Charged Off,180,100,187499.92,187499.92,0,,94031,Northwest FCU,200 Spring St,HERNDON,VA,20170-5241,U,N,N,Existing or more than 2 years old,HUFFMAN,HARRIS,TX,77336-3530,TX-02,9,238220,Unanswered,Unknown/NotStated,,187499.92,,,,,,Limited  Liability Company(LLC),94031,Northwest FCU,HERNDON,VA,Male Owned,Unanswered,,,
5962817005,04/06/2020,0678,PPP,"PATRICK PLUMBING SERIVCE, INC",1602 S. MONROE ST,AMARILLO,TX,79102-3052,12/16/2020,Paid in Full,24,100,186200,186200,0,,68966,Amarillo National Bank,410 S Taylor St,AMARILLO,TX,79101-1555,U,N,Y,Existing or more than 2 years old,AMARILLO,POTTER,TX,79102-3052,TX-13,15,238220,Unanswered,Unknown/NotStated,,186200,,,,,,Corporation,68966,Amarillo National Bank,AMARILLO,TX,Male Owned,Unanswered,,187270.65,11/03/2020
2098817106,04/10/2020,0671,PPP,"HCB MECHANICAL, INC.",13215 Weiman,Houston,TX,77041-2539,04/15/2021,Paid in Full,24,100,186095,186095,0,,451098,Stellar Bank,8727 W Sam Houston Pkwy North,HOUSTON,TX,77040-5167,U,N,N,Existing or more than 2 years old,Houston,HARRIS,TX,77041-2539,TX-38,13,238220,Unanswered,Unknown/NotStated,,186095,,,,,,Corporation,71523,Stellar Bank,Beaumont,TX,Unanswered,Unanswered,,187869.28,03/31/2021
7037108307,01/27/2021,0681,PPS,GEORGE PLUMBING CO.,12 Burwood Ln,San Antonio,TX,78216-7080,04/09/2022,Paid in Full,60,100,186085,186085,0,,71727,Broadway National Bank,1177 NE Loop 410,SAN ANTONIO,TX,78209-1517,U,Y,Y,Existing or more than 2 years old,San Antonio,BEXAR,TX,78216-7080,TX-21,15,238220,Unanswered,Not Hispanic or Latino,1,186081,,,,,,Corporation,71727,Broadway National Bank,SAN ANTONIO,TX,Male Owned,Non-Veteran,,188219.81,03/24/2022
1626469002,05/13/2021,0610,PPP,COVENTRY & GATTIS A/C INC.,219 N Dooley St,Grapevine,TX,76051-6247,11/09/2021,Paid in Full,60,100,186040.52,186040.52,0,,122197,Southwestern National Bank,6901 Corporate Dr,HOUSTON,TX,77036-5198,U,N,Y,Existing or more than 2 years old,Grapevine,TARRANT,TX,76051-6247,TX-24,14,238220,Unanswered,Not Hispanic or Latino,1,186036.52,,,,,,Corporation,122197,Southwestern National Bank,HOUSTON,TX,Male Owned,Unanswered,,186830.56,10/25/2021
5091007100,04/13/2020,0610,PPP,WEBB SANDERSON ELECTRIC INC,214 E MULBERRY ST,SHERMAN,TX,75090-5946,06/10/2021,Paid in Full,24,100,185900,185900,0,,59358,"BOKF, National Association",One Williams Center,TULSA,OK,74172-0140,R,Y,Y,Existing or more than 2 years old,SHERMAN,GRAYSON,TX,75090-5946,TX-04,23,238220,Unanswered,Unknown/NotStated,,185900,,,,,,Corporation,59358,"BOKF, National Association",TULSA,OK,Unanswered,Unanswered,,187955.23,05/19/2021
5026437300,04/30/2020,0671,PPP,JAMES J MAZURKIEWICZ CO,2719   5TH ST SUITE C,STAFFORD,TX,77477-6835,07/20/2021,Paid in Full,24,100,185600,185600,0,,71783,Frost Bank,111 W Houston St,SAN ANTONIO,TX,78205-1414,U,N,N,Existing or more than 2 years old,STAFFORD,FORT BEND,TX,77477-6835,TX-09,15,238220,Unanswered,Not Hispanic or Latino,,185600,,,,,,Corporation,71783,Frost Bank,SAN ANTONIO,TX,Male Owned,Veteran,,187761.1,06/30/2021
4040018410,02/05/2021,0610,PPS,NORTEX SOLUTIONS LLC,7784 County Road 286,Anna,TX,75409-4219,10/07/2021,Paid in Full,60,100,185595,185595,0,,72177,Fannin Bank,230 E 3rd St,BONHAM,TX,75418-4416,U,N,N,Existing or more than 2 years old,Anna,COLLIN,TX,75409-4219,TX-03,10,238220,Unanswered,Unknown/NotStated,1,185592,,,,,,Limited  Liability Company(LLC),72177,Fannin Bank,BONHAM,TX,Unanswered,Non-Veteran,,186739.5,09/22/2021
6290417810,06/01/2020,0610,PPP,HB CONTROLS LLC,1620 White Willow Lane,Arlington,TX,76002-4644,09/29/2021,Paid in Full,24,100,185567,185567,0,,509316,"Harvest Small Business Finance, LLC",24422 Avenida de la Carlota Suite 400,Laguna Hills,CA,92653,U,N,N,New Business or 2 years or less,Arlington,TARRANT,TX,76002-4644,TX-06,25,238220,Unanswered,Unknown/NotStated,,185567,,,,,,Limited  Liability Company(LLC),509316,"Harvest Small Business Finance, LLC",Laguna Hills,CA,Unanswered,Unanswered,,187727.71,08/04/2021
6969568409,02/11/2021,0681,PPS,JET MECHANICAL INC,11003 Wye Dr,San Antonio,TX,78217-2615,10/07/2021,Paid in Full,60,100,185482,185482,0,,71727,Broadway National Bank,1177 NE Loop 410,SAN ANTONIO,TX,78209-1517,U,Y,Y,Existing or more than 2 years old,San Antonio,BEXAR,TX,78217-2615,TX-35,21,238220,Unanswered,Not Hispanic or Latino,1,185478,,,,,,Corporation,71727,Broadway National Bank,SAN ANTONIO,TX,Female Owned,Non-Veteran,,186450.63,09/01/2021
2026018306,01/20/2021,0681,PPS,BIG FISH HVAC LLC,168 Warehouse Dr,Buda,TX,78610-3547,07/09/2021,Paid in Full,60,100,185000,185000,0,,70134,Horizon Bank SSB,"600, W. 5th St.",Austin,TX,78701,R,N,N,Existing or more than 2 years old,Buda,HAYS,TX,78610-3547,TX-21,13,238220,Unanswered,Unknown/NotStated,1,184997,,,,,,Limited  Liability Company(LLC),70134,Horizon Bank SSB,Austin,TX,Unanswered,Non-Veteran,,185786.25,06/23/2021
5535647008,04/05/2020,0610,PPP,"GREEN SUPPLY COMPANY, INC.",7850 PARKWOOD BLVD,FRISCO,TX,75034-5054,04/15/2021,Paid in Full,24,100,184600,184600,0,,58899,First United Bank and Trust Company,1400 W Main St,DURANT,OK,74701-4906,U,N,N,Existing or more than 2 years old,FRISCO,COLLIN,TX,75034-5054,TX-04,14,238220,White,Unknown/NotStated,4488,158633,,21479,,,,Corporation,58899,First United Bank and Trust Company,DURANT,OK,Male Owned,Non-Veteran,,186360.02,04/01/2021
9986477100,04/15/2020,0639,PPP,PROFIRE PROTECTION INC,455 LANTANA ST,CORPUS CHRISTI,TX,78408-2316,08/11/2021,Paid in Full,24,100,184596,184596,0,,70615,"Kleberg Bank, National Association",100 E Kleberg Ave,KINGSVILLE,TX,78363-4571,U,Y,N,Existing or more than 2 years old,CORPUS CHRISTI,NUECES,TX,78408-2316,TX-27,25,238220,Unanswered,Hispanic or Latino,821,179516,,4259,,,,Corporation,70615,"Kleberg Bank, National Association",KINGSVILLE,TX,Male Owned,Non-Veteran,,186790.92,07/07/2021
4000607104,04/12/2020,0610,PPP,"LAWTON MECHANICAL, LP",1444 N Central Expy,McKinney,TX,75070-3106,06/09/2021,Paid in Full,24,100,184200,184200,0,Benjamin Franklin Plumbing,68987,Independent Bank d/b/a Independent Financial,3090 Craig Dr,MCKINNEY,TX,75070-4352,U,Y,Y,Existing or more than 2 years old,McKinney,COLLIN,TX,75070-3106,TX-03,13,238220,Unanswered,Unknown/NotStated,,184200,,,,,,Partnership,68987,Independent Bank d/b/a Independent Financial,MCKINNEY,TX,Unanswered,Non-Veteran,,186205.73,05/20/2021
1015207308,04/28/2020,0681,PPP,G&S MECHANICAL LLC,204 TRADESMENS PARK DR,HUTTO,TX,78634-4108,01/14/2021,Paid in Full,24,100,213608,184180,0,,71468,"SouthStar Bank, S.S.B.",100 S Main St,MOULTON,TX,77975-4598,U,N,N,Unanswered,HUTTO,WILLIAMSON,TX,78634-4108,TX-31,16,238220,Unanswered,Unknown/NotStated,,184180,,,,,,Limited  Liability Company(LLC),71468,"SouthStar Bank, S.S.B.",MOULTON,TX,Unanswered,Unanswered,,185234.62,12/02/2020
6814788302,01/27/2021,0610,PPS,GREENHILL AIR INC.,2220 S Burleson Blvd,Burleson,TX,76028-1622,11/20/2021,Paid in Full,60,100,184000,184000,0,,71783,Frost Bank,111 W Houston St,SAN ANTONIO,TX,78205-1414,R,N,N,Existing or more than 2 years old,Burleson,JOHNSON,TX,76028-1622,TX-25,15,238220,Unanswered,Not Hispanic or Latino,,184000,,,,,,Corporation,71783,Frost Bank,SAN ANTONIO,TX,Male Owned,Non-Veteran,,185340.93,10/25/2021
7279257008,04/07/2020,0610,PPP,"GREENHILL AIR, INC.",2220 BURLESON BLVD,BURLESON,TX,76028-1622,03/23/2021,Paid in Full,24,100,184000,184000,0,,71783,Frost Bank,111 W Houston St,SAN ANTONIO,TX,78205-1414,R,N,N,Existing or more than 2 years old,BURLESON,JOHNSON,TX,76028-1622,TX-25,15,238220,Unanswered,Not Hispanic or Latino,,184000,,,,,,Corporation,71783,Frost Bank,SAN ANTONIO,TX,Male Owned,Non-Veteran,,185141.04,02/16/2021
7606717002,04/07/2020,0610,PPP,"HESSE-SCHNIEDERJAN HEATING & AIR CONDITIONING, INC.",3200 E Highway 82,Gainesville,TX,76240-7310,02/16/2021,Paid in Full,24,100,184000,184000,0,,69976,First State Bank,801 E California St,GAINESVILLE,TX,76240-4276,R,N,N,Existing or more than 2 years old,Gainesville,COOKE,TX,76240-7310,TX-26,15,238220,White,Not Hispanic or Latino,5500,161400,,11000,,6100,,Subchapter S Corporation,69976,First State Bank,GAINESVILLE,TX,Female Owned,Unanswered,,185431.67,01/25/2021
2225837203,04/15/2020,0671,PPP,"WALLER COUNTY ELECTRIC, INC",1005 13TH ST,HEMPSTEAD,TX,77445-5152,01/22/2021,Paid in Full,24,100,183910,183910,0,,39334,Trustmark National Bank,248 E Capitol St,JACKSON,MS,39201-2503,R,Y,Y,Existing or more than 2 years old,HEMPSTEAD,WALLER,TX,77445-5152,TX-10,18,238220,Unanswered,Unknown/NotStated,,183910,,,,,,Subchapter S Corporation,39334,Trustmark National Bank,JACKSON,MS,Unanswered,Unanswered,,184911.29,11/12/2020
1870777109,04/10/2020,0639,PPP,"C.A.W. HVAC, INC.",3301 US HIGHWAY 281,ALICE,TX,78332-2966,01/20/2021,Paid in Full,24,100,183632.57,183632.57,0,,71853,Texas Champion Bank,6124 S Staples,CORPUS CHRISTI,TX,78413-2904,R,N,N,Existing or more than 2 years old,ALICE,JIM WELLS,TX,78332-2966,TX-34,21,238220,Unanswered,Unknown/NotStated,,183632.57,,,,,,Subchapter S Corporation,71853,Texas Champion Bank,CORPUS CHRISTI,TX,Unanswered,Unanswered,,184880.27,12/22/2020
3432458407,02/05/2021,0671,PPP,ALDEN MECHANICAL SERVICES LLC,7 Switchbud Pl # 192-224,Spring,TX,77380-3700,,Exemption 4,60,100,183302,183302,0,,12096,"Wells Fargo Bank, National Association",101 N Philips Ave,SIOUX FALLS,SD,57104-6738,U,N,N,Existing or more than 2 years old,Spring,MONTGOMERY,TX,77380-3700,TX-02,10,238220,Black or African American,Not Hispanic or Latino,,183302,,,,,,Limited  Liability Company(LLC),12096,"Wells Fargo Bank, National Association",SIOUX FALLS,SD,Male Owned,Non-Veteran,,113623.62,04/12/2023
2485917308,04/29/2020,0681,PPP,O.K. RENTAL AND SALES INC,418 Clay Street,KERRVILLE,TX,78028,01/13/2021,Paid in Full,24,100,183000,183000,0,,4392,Centennial Bank,620 Chestnut St,CONWAY,AR,72032-5404,R,Y,Y,Existing or more than 2 years old,KERRVILLE,KERR,TX,78028-0001,TX-21,25,238220,Unanswered,Unknown/NotStated,,183000,,,,,,Subchapter S Corporation,70093,Centennial Bank,Happy,TX,Unanswered,Unanswered,,184050.54,02/12/2021
2968267308,04/29/2020,0610,PPP,"QUALITY 1 ENERGY SYSTEMS, INC.",10874 PLANO RD SUITE D,DALLAS,TX,75238-1408,05/12/2021,Paid in Full,24,100,183000,183000,0,,33850,Comerica Bank,1717 Main St,DALLAS,TX,75201-4612,U,Y,Y,New Business or 2 years or less,DALLAS,DALLAS,TX,75238-1408,TX-32,25,238220,Unanswered,Unknown/NotStated,,146400,36600,,,,,Corporation,33850,Comerica Bank,DALLAS,TX,Unanswered,Unanswered,,184804.58,04/27/2021
2734448503,02/22/2021,0671,PPS,HCB MECHANICAL INC.,17302 Queenslake Dr,Cypress,TX,77429-3419,09/16/2021,Paid in Full,60,100,182492,182492,0,,451098,Stellar Bank,8727 W Sam Houston Pkwy North,HOUSTON,TX,77040-5167,U,N,N,Existing or more than 2 years old,Cypress,HARRIS,TX,77429-3419,TX-10,14,238220,Unanswered,Unknown/NotStated,,182492,,,,,,Corporation,71523,Stellar Bank,Beaumont,TX,Unanswered,Unanswered,,183336.96,08/25/2021
3449427104,04/11/2020,0671,PPP,CRAIG MECHANICAL INC,1900 ALDINE WESTERN RD,HOUSTON,TX,77038-1204,02/24/2021,Paid in Full,24,100,182400,182400,0,,71783,Frost Bank,111 W Houston St,SAN ANTONIO,TX,78205-1414,U,Y,Y,Existing or more than 2 years old,HOUSTON,HARRIS,TX,77038-1204,TX-29,12,238220,Unanswered,Not Hispanic or Latino,,182400,,,,,,Corporation,71783,Frost Bank,SAN ANTONIO,TX,Male Owned,Non-Veteran,,183769.25,01/20/2021
5184837101,04/13/2020,0681,PPP,H.J. OTIS PLUMBING INC.,11814 WARFIELD ST,SAN ANTONIO,TX,78216-3213,08/14/2021,Paid in Full,24,100,182400,182400,0,,69262,Texas Heritage Bank,1208 S Main St,BOERNE,TX,78006-2814,U,N,N,Existing or more than 2 years old,SAN ANTONIO,BEXAR,TX,78216-3213,TX-21,11,238220,Unanswered,Unknown/NotStated,,182400,,,,,,Subchapter S Corporation,69262,Texas Heritage Bank,BOERNE,TX,Unanswered,Unanswered,,184781.33,08/09/2021
9653527006,04/09/2020,0610,PPP,PARIS AIR CONDITIONING COMPANY,3460 PINE MILL RD,PARIS,TX,75460-4939,12/18/2020,Paid in Full,24,100,181900,181900,0,,71574,The Liberty National Bank in Paris,"305, Lamar Ave",Paris,TX,75461-0919,R,N,N,Existing or more than 2 years old,PARIS,LAMAR,TX,75460-4939,TX-04,24,238220,Unanswered,Not Hispanic or Latino,,181900,,,,,,Subchapter S Corporation,71574,The Liberty National Bank in Paris,Paris,TX,Male Owned,Unanswered,,183000.56,02/16/2021
8934957008,04/09/2020,0610,PPP,"VICTORY FIRE PROTECTION, LLC",125 TOPEKA DR Suite D,WOODWAY,TX,76712-6107,04/16/2021,Paid in Full,24,100,167328.32,181729.9,0,,72077,"Community Bank & Trust, Waco, Texas",1800 Washington Ave,WACO,TX,76701-1011,U,N,N,Existing or more than 2 years old,WOODWAY,MCLENNAN,TX,76712-6107,TX-17,18,238220,Unanswered,Unknown/NotStated,,181729.9,,,,,,Limited  Liability Company(LLC),72077,"Community Bank & Trust, Waco, Texas",WACO,TX,Unanswered,Unanswered,,183462.56,03/31/2021
5547308309,01/25/2021,0610,PPS,NAPPS INDUSTRIES LLC,1003 W Cotton St,Longview,TX,75604-5511,01/14/2022,Paid in Full,60,100,181600,181600,0,,28153,Origin Bank,3921 Elm St,CHOUDRANT,LA,71227-3082,U,N,N,Existing or more than 2 years old,Longview,GREGG,TX,75604-5511,TX-01,17,238220,Unanswered,Unknown/NotStated,1,181597,,,,,,Limited  Liability Company(LLC),71648,Origin Bank,Quitman,TX,Unanswered,Unanswered,,183162.26,12/09/2021
6446327205,04/28/2020,0671,PPP,DAVID DEBIEN ENTERPRISES INC.,520 Thornton Rd,Houston,TX,77018-3321,01/20/2021,Paid in Full,24,100,181472.5,181472.5,0,,188309,CDC Small Business Finance Corporation,2448 Historic Decatur Road Suite 200,San Diego,CA,92106,U,Y,Y,Existing or more than 2 years old,Houston,HARRIS,TX,77018-3321,TX-18,13,238220,Asian,Not Hispanic or Latino,,181472.5,,,,,,Corporation,188309,CDC Small Business Finance Corporation,San Diego,CA,Female Owned,Non-Veteran,,182576.25,12/16/2020
2935487406,05/06/2020,0671,PPP,"CARL'S QUALITY COOLING AND HEATING, LLC",11255 Amber Park Dr.,CONROE,TX,77303-4377,12/17/2020,Paid in Full,24,100,181443,181443,0,,4679,Simmons Bank,501 Main St,PINE BLUFF,AR,71601-4327,U,Y,N,Existing or more than 2 years old,CONROE,MONTGOMERY,TX,77303-4377,TX-08,18,238220,Unanswered,Unknown/NotStated,,181443,,,,,,Limited  Liability Company(LLC),71902,Simmons Bank,COLLEGE STATION,TX,Unanswered,Unanswered,,182312.93,11/03/2020
7068518304,01/27/2021,0610,PPS,M BROWN SERVICE COMPANY INC,6340 Baker Blvd,Richland Hills,TX,76118-6219,11/18/2021,Paid in Full,60,100,181238.72,181238.72,0,,368915,Veritex Community Bank,8214 Westchester Dr Ste 800,Dallas,TX,75225,U,N,Y,Existing or more than 2 years old,Richland Hills,TARRANT,TX,76118-6219,TX-12,13,238220,Unanswered,Unknown/NotStated,1,181234.72,,,,,,Corporation,368915,Veritex Community Bank,Dallas,TX,Unanswered,Unanswered,,182569.46,11/01/2021
9632547100,04/15/2020,0610,PPP,M BROWN SERVICE COMPANY INC,6340 BAKER BLVD,RICHLAND HILLS,TX,76118-6219,07/10/2021,Paid in Full,24,100,181238,181238,0,,368915,Veritex Community Bank,8214 Westchester Dr Ste 800,Dallas,TX,75225,U,N,Y,Existing or more than 2 years old,RICHLAND HILLS,TARRANT,TX,76118-6219,TX-12,17,238220,Unanswered,Unknown/NotStated,,181238,,,,,,Corporation,368915,Veritex Community Bank,Dallas,TX,Unanswered,Unanswered,,182529.01,01/07/2021
4350747100,04/13/2020,0610,PPP,DOUBLE EAGLE MECHANICAL SERVIC,825 SOUTHWAY CIR A,FORT WORTH,TX,76115-4000,12/08/2020,Paid in Full,24,100,180900,180900,0,,71977,The American National Bank of Texas,102 W Moore,TERRELL,TX,75160-3129,U,Y,Y,Existing or more than 2 years old,FORT WORTH,TARRANT,TX,76115-4000,TX-33,16,238220,White,Unknown/NotStated,,180900,,,,,,Corporation,71977,The American National Bank of Texas,TERRELL,TX,Male Owned,Non-Veteran,,181945.75,11/23/2020
2839637305,04/29/2020,0681,PPP,"TRADE-MARK BROWN, INC.",3146 JUNCTION HWY,Ingram,TX,78025-3189,02/16/2021,Paid in Full,24,100,180800,180800,0,,33850,Comerica Bank,1717 Main St,DALLAS,TX,75201-4612,R,N,N,Existing or more than 2 years old,Ingram,KERR,TX,78025-3189,TX-21,20,238220,Unanswered,Unknown/NotStated,,144664.2,36135.8,,,,,Subchapter S Corporation,33850,Comerica Bank,DALLAS,TX,Unanswered,Unanswered,,182120.84,01/20/2021
3342358408,02/04/2021,0671,PPS,CUSTOM FIRE PROTECTION OF TEXAS INC.,5023 Addicks Satsuma Rd Ste H,Houston,TX,77084-6075,03/27/2022,Paid in Full,60,100,180800,180800,0,,33850,Comerica Bank,1717 Main St,DALLAS,TX,75201-4612,U,N,Y,Existing or more than 2 years old,Houston,HARRIS,TX,77084-6075,TX-08,13,238220,Unanswered,Unknown/NotStated,,180800,,,,,,Subchapter S Corporation,33850,Comerica Bank,DALLAS,TX,Unanswered,Unanswered,,181784.36,08/24/2021
4391187105,04/13/2020,0610,PPP,O'BRYAN PLUMBING LLC,205 MAIN ST,ALLEN,TX,75002-2846,03/13/2021,Paid in Full,24,100,180200,180200,0,,71977,The American National Bank of Texas,102 W Moore,TERRELL,TX,75160-3129,U,N,N,Existing or more than 2 years old,ALLEN,COLLIN,TX,75002-2846,TX-03,13,238220,Unanswered,Unknown/NotStated,,180200,,,,,,Joint Venture,71977,The American National Bank of Texas,TERRELL,TX,Unanswered,Unanswered,,181557.67,01/25/2021
6176327106,04/14/2020,0671,PPP,GLV INTERESTS,6117 MILWEE ST STE D,HOUSTON,TX,77092-6287,05/21/2021,Paid in Full,24,100,180200,180200,0,,71783,Frost Bank,111 W Houston St,SAN ANTONIO,TX,78205-1414,U,Y,Y,Existing or more than 2 years old,HOUSTON,HARRIS,TX,77092-6287,TX-18,14,238220,Unanswered,Unknown/NotStated,,180200,,,,,,Corporation,71783,Frost Bank,SAN ANTONIO,TX,Unanswered,Unanswered,,181893.39,04/02/2021
6775177209,04/28/2020,0610,PPP,SWAIM CONSTRUCTION GROUP,161 S. McKinley St.,PROSPER,TX,75078-3302,04/08/2021,Paid in Full,24,100,180196.77,180196.77,0,,58996,Great Plains National Bank,2017 W Third,ELK CITY,OK,73644-4305,U,N,N,Existing or more than 2 years old,PROSPER,COLLIN,TX,75078-3302,TX-03,14,238220,Unanswered,Unknown/NotStated,,180196.77,,,,,,Corporation,449869,Great Plains National Bank,Southlake,TX,Unanswered,Unanswered,,181845.69,03/31/2021
2406537108,04/10/2020,0671,PPP,AINSWORTH AIR LP,905 W Archer,Baytown,TX,77521-9025,02/23/2021,Paid in Full,24,100,180000,180000,0,,454766,Third Coast Bank,"20202 Hwy 59 North, Ste 190",Humble,TX,77338,U,N,N,Existing or more than 2 years old,Baytown,HARRIS,TX,77521-9025,TX-36,14,238220,Unanswered,Unknown/NotStated,,180000,,,,,,Partnership,454766,Third Coast Bank,Humble,TX,Female Owned,Non-Veteran,,181257.53,01/08/2021
4703637109,04/13/2020,0610,PPP,DENTON LAWN AND SPRINKLER INC,1040 Shady Oaks Dr Ste 101,Denton,TX,76205-7937,08/10/2021,Paid in Full,24,100,206700,180000,0,,68987,Independent Bank d/b/a Independent Financial,3090 Craig Dr,MCKINNEY,TX,75070-4352,U,Y,N,Existing or more than 2 years old,Denton,DENTON,TX,76205-7937,TX-13,12,238220,Unanswered,Not Hispanic or Latino,,180000,,,,,,Corporation,68987,Independent Bank d/b/a Independent Financial,MCKINNEY,TX,Male Owned,Non-Veteran,,182200,07/08/2021
5868507010,04/06/2020,0681,PPP,"360 ENERGY SAVERS, LLC.","1017 RR 620 S, Ste 102",LAKEWAY,TX,78734-5610,03/06/2021,Paid in Full,24,100,180000,180000,0,,69949,Security State Bank & Trust,201 W Main St,FREDERICKSBURG,TX,78624-3709,U,N,N,Existing or more than 2 years old,LAKEWAY,TRAVIS,TX,78734-5610,TX-10,18,238220,Unanswered,Unknown/NotStated,18000,144000,,18000,,,,Limited  Liability Company(LLC),69949,Security State Bank & Trust,FREDERICKSBURG,TX,Unanswered,Unanswered,,88882.7,02/16/2021
5161747204,04/27/2020,0681,PPP,"MF PLUMBING COMPANY, INCORPORATED",2060 FM 963,BURNET,TX,78611,05/29/2021,Paid in Full,24,100,179900,179900,0,,72188,American Bank of Commerce,530 E Hwy 62/82,WOLFFORTH,TX,79382-9382,R,Y,N,Existing or more than 2 years old,BURNET,BURNET,TX,78611-0001,TX-25,16,238220,White,Unknown/NotStated,,134925,,44975,,,,Corporation,72188,American Bank of Commerce,WOLFFORTH,TX,Male Owned,Veteran,,181151.91,01/08/2021
8543987706,05/01/2020,0678,PPP,"HELM PLUMBING SERVICES, LLC",907 S MAIN ST,MIDLAND,TX,79701,09/25/2021,Paid in Full,24,100,179370,179370,0,,456756,Cross River Bank,885 Teaneck Rd,TEANECK,NJ,07666-4546,U,Y,Y,Existing or more than 2 years old,MIDLAND,MIDLAND,TX,79701-0002,TX-11,14,238220,Unanswered,Unknown/NotStated,,179370,,,,,,Limited  Liability Company(LLC),456756,Cross River Bank,TEANECK,NJ,Unanswered,Unanswered,,181733.75,09/01/2021
3526257204,04/27/2020,0671,PPP,"NITRO A/C, LLC",16321 LOCH KATRINE LN STE B-4,HOUSTON,TX,77084-2886,08/20/2021,Paid in Full,24,100,179200,179200,0,,71783,Frost Bank,111 W Houston St,SAN ANTONIO,TX,78205-1414,U,N,N,Existing or more than 2 years old,HOUSTON,HARRIS,TX,77084-2886,TX-08,9,238220,Unanswered,Hispanic or Latino,,179200,,,,,,Limited  Liability Company(LLC),71783,Frost Bank,SAN ANTONIO,TX,Male Owned,Non-Veteran,,181409.32,07/26/2021
4384258307,01/23/2021,0671,PPS,NITRO AC LLC,16321 Loch Katrine Ln Ste B4,Houston,TX,77084-2886,05/19/2022,Paid in Full,60,100,179200,179200,0,,71783,Frost Bank,111 W Houston St,SAN ANTONIO,TX,78205-1414,U,N,N,Existing or more than 2 years old,Houston,HARRIS,TX,77084-2886,TX-08,9,238220,Unanswered,Hispanic or Latino,1,179197,,,,,,Limited  Liability Company(LLC),71783,Frost Bank,SAN ANTONIO,TX,Male Owned,Non-Veteran,,181370.04,04/14/2022
8141037101,04/15/2020,0681,PPP,"STELLAR PLUMBING, INC",331 County Road 131,Hutto,TX,78634,12/16/2021,Paid in Full,24,100,179193,179193,0,,456756,Cross River Bank,885 Teaneck Rd,TEANECK,NJ,07666-4546,U,N,N,Existing or more than 2 years old,Hutto,WILLIAMSON,TX,78634-0001,TX-31,16,238220,Unanswered,Unknown/NotStated,,179193,,,,,,Corporation,456756,Cross River Bank,TEANECK,NJ,Unanswered,Unanswered,,182020.81,11/18/2021
4992107000,04/04/2020,0610,PPP,SARIF LLC,624 KRONA DR Suite 100,PLANO,TX,75074-8300,03/18/2021,Paid in Full,24,100,179000,179065,0,,437878,b1BANK,"500 Laurel St, Ste 101",BATON ROUGE,LA,70801-1811,U,Y,Y,Existing or more than 2 years old,PLANO,COLLIN,TX,75074-8300,TX-32,14,238220,Unanswered,Not Hispanic or Latino,2000,134250,,7000,,27065,8750,Limited  Liability Company(LLC),437878,b1BANK,BATON ROUGE,LA,Male Owned,Non-Veteran,,180188.43,02/12/2021
8734657704,05/01/2020,0677,PPP,PHIL'S PLUMBING SHOP INC,7361 NORTH LOOP DR,EL PASO,TX,79915,11/18/2021,Paid in Full,24,100,179005,179005,0,,456756,Cross River Bank,885 Teaneck Rd,TEANECK,NJ,07666-4546,U,Y,Y,Existing or more than 2 years old,EL PASO,EL PASO,TX,79915-0001,TX-16,12,238220,Unanswered,Hispanic or Latino,,179005,,,,,,Corporation,456756,Cross River Bank,TEANECK,NJ,Male Owned,Non-Veteran,,181540.5,10/06/2021
5057917000,04/04/2020,0681,PPP,"DANIEL'S PLUMBING AND DRAIN EXPERTS, LLC",8402 N LAMAR BLVD Suite B9,AUSTIN,TX,78753-5943,02/18/2022,Paid in Full,24,100,179000,179000,0,,188567,Loan Source Incorporated,353 East 83rd Street Suite 3H,NEW YORK,NY,10028,U,Y,Y,Existing or more than 2 years old,AUSTIN,TRAVIS,TX,78753-5943,TX-17,21,238220,White,Not Hispanic or Latino,,179000,,,,,,Limited  Liability Company(LLC),124369,Five Star Bank,Rancho Cordova,CA,Male Owned,Non-Veteran,,181378.49,08/13/2021
5284807002,04/05/2020,0639,PPP,LAMAR PLUMBING INC,910 CANTWELL LANE,CORPUS CHRISTI,TX,78408-2606,03/24/2021,Paid in Full,24,100,178800,178800,0,,68954,First Community Bank,416 N Water St,CORPUS CHRISTI,TX,78401-2533,U,Y,Y,Existing or more than 2 years old,CORPUS CHRISTI,NUECES,TX,78408-2606,TX-27,15,238220,Unanswered,Unknown/NotStated,,178800,,,,,,Corporation,68954,First Community Bank,CORPUS CHRISTI,TX,Unanswered,Unanswered,,180329.73,02/17/2021
7534217103,04/14/2020,0671,PPP,ABLE PLUMBING INC.,1105 MOSKOWITZ AVE,SEABROOK,TX,77586-3536,09/28/2021,Paid in Full,24,100,180000,178661,0,,451098,Stellar Bank,8727 W Sam Houston Pkwy North,HOUSTON,TX,77040-5167,U,N,N,Existing or more than 2 years old,SEABROOK,HARRIS,TX,77586-3536,TX-36,15,238220,Unanswered,Not Hispanic or Latino,,178661,,,,,,Sole Proprietorship,451098,Stellar Bank,HOUSTON,TX,Male Owned,Non-Veteran,,181053.07,08/26/2021
6341977303,04/30/2020,0671,PPP,ALL AMERICAN AIR &AMP; APPLIANCE MECHANICAL SERVICES INC,15002 Mintz Lane,Houston,TX,77014-1415,12/19/2020,Paid in Full,24,100,178300,178300,0,,69819,Prosperity Bank,1301 N Mechanic,El Campo,TX,77437,U,Y,Y,Existing or more than 2 years old,Houston,HARRIS,TX,77014-1415,TX-18,13,238220,Unanswered,Not Hispanic or Latino,,178300,,,,,,Corporation,69819,Prosperity Bank,El Campo,TX,Male Owned,Non-Veteran,,179267.22,11/23/2020
6650957203,04/28/2020,0610,PPP,"OASIS HC, LLC",105 E Tate,WACO,TX,76706,01/21/2021,Paid in Full,24,100,178300,178300,0,,71367,First National Bank of Central Texas,1835 N Valley Mills Dr,WACO,TX,76710-2556,U,N,N,Existing or more than 2 years old,WACO,MCLENNAN,TX,76706-0001,TX-17,17,238220,Unanswered,Unknown/NotStated,,133725,,44575,,,,Limited  Liability Company(LLC),71367,First National Bank of Central Texas,WACO,TX,Unanswered,Unanswered,,179223.25,11/05/2020
6691177103,04/14/2020,0610,PPP,"PREMIER PLUMBERS OF TEXAS, INC.",301 INDUSTRIAL BLVD,MCKINNEY,TX,75069-7330,07/09/2021,Paid in Full,24,100,178200,178200,0,,68987,Independent Bank d/b/a Independent Financial,3090 Craig Dr,MCKINNEY,TX,75070-4352,U,Y,Y,Existing or more than 2 years old,MCKINNEY,COLLIN,TX,75069-7330,TX-03,14,238220,Unanswered,Unknown/NotStated,3045,148149,,8308,,18698,,Cooperative,68987,Independent Bank d/b/a Independent Financial,MCKINNEY,TX,Unanswered,Unanswered,,180219.6,06/10/2021
5969848503,03/02/2021,0678,PPS,BEVILLS HEATING AND AIR CONDITIONING INC,1834 W Overland Trl,Abilene,TX,79603-1548,12/10/2021,Paid in Full,60,100,178011,178011,0,,68922,First Financial Bank,400 Pine St,ABILENE,TX,79601-5108,U,N,N,Existing or more than 2 years old,Abilene,TAYLOR,TX,79603-1548,TX-19,14,238220,Unanswered,Not Hispanic or Latino,1,178008,,,,,,Corporation,68922,First Financial Bank,ABILENE,TX,Unanswered,Unanswered,,179182.91,10/29/2021
6437227208,04/28/2020,0678,PPP,BEVILLS HEATING AND AIR CONDITIONING INC,1834 W OVERLAND TRL,ABILENE,TX,79603-1548,05/28/2021,Paid in Full,24,100,178011,178011,0,,68922,First Financial Bank,400 Pine St,ABILENE,TX,79601-5108,U,N,N,Existing or more than 2 years old,ABILENE,TAYLOR,TX,79603-1548,TX-19,13,238220,Unanswered,Unknown/NotStated,44502.75,133508.25,,,,,,Corporation,68922,First Financial Bank,ABILENE,TX,Unanswered,Unanswered,,179355.97,01/27/2021
2907298407,02/04/2021,0671,PPS,ALL AMERICAN AIR & APPLIANCE,15002 Mintz Ln,Houston,TX,77014-1415,10/06/2021,Paid in Full,60,100,177892.5,177892.5,0,,69819,Prosperity Bank,1301 N Mechanic,El Campo,TX,77437,U,Y,Y,Existing or more than 2 years old,Houston,HARRIS,TX,77014-1415,TX-18,13,238220,Unanswered,Not Hispanic or Latino,1,177888.5,,,,,,Corporation,69819,Prosperity Bank,El Campo,TX,Male Owned,Non-Veteran,,178886.75,09/07/2021
4714598308,01/23/2021,0671,PPS,PAT MORGAN PLUMBING INC.,32902 Tamina Rd,Magnolia,TX,77354-2264,10/08/2021,Paid in Full,60,100,177867.5,177867.5,0,,70410,Woodforest National Bank,1330 Lake Robbins Dr,THE WOODLANDS,TX,77380-3266,U,N,N,Existing or more than 2 years old,Magnolia,MONTGOMERY,TX,77354-2264,TX-08,13,238220,Unanswered,Unknown/NotStated,1,177864.5,,,,,,Corporation,70410,Woodforest National Bank,THE WOODLANDS,TX,Unanswered,Unanswered,,178998.93,09/15/2021
3365397405,05/07/2020,0671,PPP,"PAT MORGAN PLUMBING, INC.",32902 TAMINA RD,MAGNOLIA,TX,77354,12/11/2020,Paid in Full,24,100,177867,177867,0,,70410,Woodforest National Bank,1330 Lake Robbins Dr,THE WOODLANDS,TX,77380-3266,U,N,N,New Business or 2 years or less,MAGNOLIA,MONTGOMERY,TX,77354-1097,TX-08,13,238220,Unanswered,Unknown/NotStated,,177867,,,,,,Corporation,70410,Woodforest National Bank,THE WOODLANDS,TX,Unanswered,Unanswered,,178741.51,11/05/2020
1822017306,04/28/2020,0671,PPP,TROTTI SERVICE COMPANY INC.,9210 Meadow Vista Blvd.,Houston,TX,77064,03/13/2021,Paid in Full,24,100,177800,177800,0,,33850,Comerica Bank,1717 Main St,DALLAS,TX,75201-4612,U,N,N,Existing or more than 2 years old,Houston,HARRIS,TX,77064-1000,TX-18,13,238220,White,Not Hispanic or Latino,,177800,,,,,,Subchapter S Corporation,33850,Comerica Bank,DALLAS,TX,Male Owned,Non-Veteran,,179168.07,02/10/2021
9763237003,04/09/2020,0610,PPP,MIDAIR AIR CONDITIONING & HEATING INC,132 W. MCLEROY BLVD,SAGINAW,TX,76179-1643,12/09/2020,Paid in Full,24,100,177800,177800,0,,70535,Pinnacle Bank,"250, W Lancaster Ave, Ste 170",Fort Worth,TX,76102,U,N,N,Existing or more than 2 years old,SAGINAW,TARRANT,TX,76179-1643,TX-12,21,238220,Unanswered,Unknown/NotStated,,177800,,,,,,Subchapter S Corporation,70535,Pinnacle Bank,Fort Worth,TX,Unanswered,Unanswered,,178782.84,11/05/2020
8340938807,04/22/2021,0610,PPS,CENTRIC MECHANICAL SERVICES LLC,2120 Hutton Dr,Carrollton,TX,75006-6861,09/29/2021,Paid in Full,60,100,177769.4,177769.4,0,,72095,First National Bank and Trust Company of Weatherford d/b/a First Bank Texas,220 Palo Pinto,WEATHERFORD,TX,76086-4350,U,N,N,Existing or more than 2 years old,Carrollton,DALLAS,TX,75006-6861,TX-24,12,238220,Unanswered,Unknown/NotStated,1,177767.4,,,,,,Corporation,72095,First National Bank and Trust Company of Weatherford d/b/a First Bank Texas,WEATHERFORD,TX,Male Owned,Non-Veteran,,178317.52,08/16/2021
4439147104,04/13/2020,0681,PPP,"1ST CALL PLUMBING, HEATING & AIR",1140 ARION PARKWAY,SAN ANTONIO,TX,78216-2871,04/23/2021,Paid in Full,24,100,177700,177700,0,,71783,Frost Bank,111 W Houston St,SAN ANTONIO,TX,78205-1414,U,N,N,Existing or more than 2 years old,SAN ANTONIO,BEXAR,TX,78216-2871,TX-21,170,238220,Unanswered,Unknown/NotStated,,177700,,,,,,Partnership,71783,Frost Bank,SAN ANTONIO,TX,Unanswered,Unanswered,,179365.02,03/31/2021
6127557000,04/06/2020,0671,PPP,"MACKEY MECHANICAL SERVICES CO, INC.",5252 FM 517 RD E,DICKINSON,TX,77539-5921,07/16/2021,Paid in Full,24,100,177600,177600,0,,71999,Texas First Bank,3232 Palmer Hwy,TEXAS CITY,TX,77590-6724,U,N,N,Existing or more than 2 years old,DICKINSON,GALVESTON,TX,77539-5921,TX-14,14,238220,Unanswered,Unknown/NotStated,224.5,170166.5,1998,3456,,,1755,Corporation,71999,Texas First Bank,TEXAS CITY,TX,Unanswered,Unanswered,,179395.73,04/08/2021
6774897004,04/07/2020,0677,PPP,JEFF'S WESTSIDE PLUMBING LLC,4040 DONIPHAN DR,EL PASO,TX,79922-1331,04/21/2021,Paid in Full,24,100,177100,177100,0,,113154,WestStar Bank,"601 N Mesa St, Ste 1100",El Paso,TX,79901,U,Y,Y,Existing or more than 2 years old,EL PASO,EL PASO,TX,79922-1331,TX-16,18,238220,Unanswered,Hispanic or Latino,,177100,,,,,,Limited  Liability Company(LLC),113154,WestStar Bank,El Paso,TX,Male Owned,Non-Veteran,,178802.13,03/30/2021
4234437104,04/13/2020,0671,PPP,"AQUEDUCT PLUMBING COMPANY, LLC",14803 WISTERIA RUN CT,HOUSTON,TX,77062-2119,02/24/2021,Paid in Full,24,100,176500,176500,0,,71783,Frost Bank,111 W Houston St,SAN ANTONIO,TX,78205-1414,U,N,N,Existing or more than 2 years old,HOUSTON,HARRIS,TX,77062-2119,TX-36,14,238220,Unanswered,Unknown/NotStated,,176500,,,,,,Limited  Liability Company(LLC),71783,Frost Bank,SAN ANTONIO,TX,Unanswered,Unanswered,,177781.44,01/14/2021
5966867104,04/14/2020,0681,PPP,JOE CLARK MECHANICAL SERVICES INC,15104 DELAHUNTY LN,PFLUGERVILLE,TX,78660,02/24/2021,Paid in Full,24,100,176075,176075,0,,39848,Cadence Bank,201 S Spring St,TUPELO,MS,38804-4811,U,N,Y,New Business or 2 years or less,PFLUGERVILLE,TRAVIS,TX,78660-0001,TX-17,16,238220,Unanswered,Unknown/NotStated,,176075,,,,,,Corporation,39848,Cadence Bank,TUPELO,MS,Unanswered,Unanswered,,177356.43,01/08/2021
7356608301,01/28/2021,0681,PPS,JOE CLARK MECHANICAL SERVICES INC,15104 Delahunty Ln,Pflugerville,TX,78660-3343,02/18/2022,Paid in Full,60,100,176075,176075,0,,188567,Loan Source Incorporated,353 East 83rd Street Suite 3H,NEW YORK,NY,10028,U,N,Y,Existing or more than 2 years old,Pflugerville,TRAVIS,TX,78660-3343,TX-17,16,238220,Unanswered,Unknown/NotStated,1,176073,,,,,,Corporation,39848,Cadence Bank,TUPELO,MS,Unanswered,Unanswered,,177358.18,10/29/2021
5199947309,04/30/2020,0671,PPP,"THE WOODLANDS HEATING & AIR CONDITIONING , LLC","1715 SAWDUST RD, SUITE A",THE WOODLANDS,TX,77380,02/18/2021,Paid in Full,24,100,176017,176017,0,,48270,"JPMorgan Chase Bank, National Association",1111 Polaris Pkwy,COLUMBUS,OH,43240-2031,U,N,N,Existing or more than 2 years old,THE WOODLANDS,MONTGOMERY,TX,77380-0001,TX-02,16,238220,Unanswered,Unknown/NotStated,25690,140814,0,9156,0,0,357,Limited  Liability Company(LLC),194093,"JPMorgan Chase Bank, National Association",CHICAGO,IL,Unanswered,Unanswered,,177085.52,12/15/2020
8342587109,04/15/2020,0671,PPP,"RENEGADE FIRE SYSTEMS, LLC",4317 B FM 2351 RD,FRIENDSWOOD,TX,77546-2406,06/11/2021,Paid in Full,24,100,176000,176000,0,,437878,b1BANK,"500 Laurel St, Ste 101",BATON ROUGE,LA,70801-1811,U,N,N,Existing or more than 2 years old,FRIENDSWOOD,HARRIS,TX,77546-2406,TX-22,17,238220,White,Not Hispanic or Latino,,176000,,,,,,Corporation,440904,b1BANK,PASADENA,TX,Male Owned,Non-Veteran,,177861.26,05/12/2021
9130068606,03/25/2021,0610,PPS,APOGEE PLUMBING GROUP,406 Forest Gate Dr,Garland,TX,75042-6513,11/25/2021,Paid in Full,60,100,176000,176000,0,,467147,Valliance Bank,"1601 NW Expwy, Ste 100",OKLAHOMA CITY,OK,73118-1420,U,N,Y,Existing or more than 2 years old,Garland,DALLAS,TX,75042-6513,TX-32,11,238220,Unanswered,Unknown/NotStated,1,175998,,,,,,Limited  Liability Company(LLC),467147,Valliance Bank,OKLAHOMA CITY,OK,Unanswered,Unanswered,,177021.78,10/26/2021
9253647302,05/01/2020,0671,PPP,TEXAS EXPRESS PLUMBING INC.,4725 STEFFANI LN,HOUSTON,TX,77041,05/21/2021,Paid in Full,24,100,175992,175992,0,,48270,"JPMorgan Chase Bank, National Association",1111 Polaris Pkwy,COLUMBUS,OH,43240-2031,U,N,Y,Existing or more than 2 years old,HOUSTON,HARRIS,TX,77041-1100,TX-38,18,238220,Unanswered,Unknown/NotStated,6128,169864,0,0,0,0,0,Subchapter S Corporation,194093,"JPMorgan Chase Bank, National Association",CHICAGO,IL,Unanswered,Unanswered,,177606.53,04/08/2021
4176677205,04/27/2020,0610,PPP,"DEK PLUMBING, INC.",PO Box 1436,Hurst,TX,76053,01/20/2021,Paid in Full,24,100,175700,175700,0,,71977,The American National Bank of Texas,102 W Moore,TERRELL,TX,75160-3129,U,N,N,Existing or more than 2 years old,Hurst,TARRANT,TX,76053-0001,TX-24,17,238220,Unanswered,Unknown/NotStated,,175700,,,,,,Corporation,71977,The American National Bank of Texas,TERRELL,TX,Unanswered,Unanswered,,176749.39,12/09/2020
7437647308,04/30/2020,0678,PPP,A & B REFRIGERATION LLC,5 CABRALL CT,ODESSA,TX,79765-1436,01/22/2021,Paid in Full,24,100,175700,175700,0,,71783,Frost Bank,111 W Houston St,SAN ANTONIO,TX,78205-1414,U,N,N,Existing or more than 2 years old,ODESSA,ECTOR,TX,79765-1436,TX-11,8,238220,Unanswered,Unknown/NotStated,,175700,,,,,,Limited  Liability Company(LLC),71783,Frost Bank,SAN ANTONIO,TX,Unanswered,Unanswered,,176778.27,12/15/2020
8351037306,05/01/2020,0610,PPP,"BIG BLADE PLUMBING & ROOTER SERVICE, INC.",2113 S BURLESON BLVD,BURLESON,TX,76028-6132,04/23/2021,Paid in Full,24,100,175375,175375,0,,68922,First Financial Bank,400 Pine St,ABILENE,TX,79601-5108,R,N,N,Existing or more than 2 years old,BURLESON,JOHNSON,TX,76028-6132,TX-25,17,238220,Unanswered,Unknown/NotStated,43843.75,131531.25,,,,,,Corporation,68922,First Financial Bank,ABILENE,TX,Unanswered,Unanswered,,176846.2,03/05/2021
2856267804,05/24/2020,0610,PPP,MECHANICAL ONE SERVICES,6787 County Road 487,Nevada,TX,75173,09/14/2021,Paid in Full,24,100,175274.19,175274.19,0,,529050,"Square Capital, LLC","1455 Market Street, Suite 600",San Francisco,CA,94103,U,N,N,Existing or more than 2 years old,Nevada,COLLIN,TX,75173-0001,TX-03,20,238220,Unanswered,Not Hispanic or Latino,21909.27,131455.64,21909.28,,,,,Subchapter S Corporation,223542,Celtic Bank Corporation,SALT LAKE CITY,UT,Male Owned,Non-Veteran,,177430.3,08/18/2021
2664137207,04/16/2020,0610,PPP,"TRIO FIRE SYSTEMS, LLC",1138 S CEDAR RIDGE DR,DUNCANVILLE,TX,75137,01/22/2021,Paid in Full,24,100,175000,175000,0,,48270,"JPMorgan Chase Bank, National Association",1111 Polaris Pkwy,COLUMBUS,OH,43240-2031,U,N,N,Existing or more than 2 years old,DUNCANVILLE,DALLAS,TX,75137-2000,TX-30,18,238220,Unanswered,Not Hispanic or Latino,0,175000,0,0,0,0,0,Limited  Liability Company(LLC),194093,"JPMorgan Chase Bank, National Association",CHICAGO,IL,Male Owned,Non-Veteran,,176086.17,12/02/2020
3011447704,05/01/2020,0681,PPP,"A & A PLUMBING, LLC",13131 LOOKOUT RUN,SAN ANTONIO,TX,78233,02/18/2021,Paid in Full,24,100,175000,175000,0,,48270,"JPMorgan Chase Bank, National Association",1111 Polaris Pkwy,COLUMBUS,OH,43240-2031,U,N,N,Existing or more than 2 years old,SAN ANTONIO,BEXAR,TX,78233-2200,TX-28,25,238220,White,Hispanic or Latino,,165000,,,,10000,,Limited  Liability Company(LLC),194093,"JPMorgan Chase Bank, National Association",CHICAGO,IL,Male Owned,Unanswered,,176190.97,01/07/2021
6502597200,04/28/2020,0671,PPP,ASSOCIATED MECHANICAL SERVICES INC,1635 Industrial Park,Nederland,TX,77627-3119,06/15/2021,Paid in Full,24,100,174300,174300,0,,454766,Third Coast Bank,"20202 Hwy 59 North, Ste 190",Humble,TX,77338,U,N,N,Existing or more than 2 years old,Nederland,JEFFERSON,TX,77627-3119,TX-14,18,238220,Unanswered,Unknown/NotStated,,174300,,,,,,Corporation,454766,Third Coast Bank,Humble,TX,Unanswered,Unanswered,,176144.68,05/25/2021
3003638502,02/22/2021,0610,PPS,WILLIAM F. PURSCH,203 Cordell St,Brownwood,TX,76801-1731,10/09/2021,Paid in Full,60,100,174200,174200,0,,69112,Texas Bank,400 Fisk Ave,BROWNWOOD,TX,76801-2930,R,Y,Y,Existing or more than 2 years old,Brownwood,BROWN,TX,76801-1731,TX-11,16,238220,Unanswered,Unknown/NotStated,1,174198,,,,,,Limited  Liability Company(LLC),69112,Texas Bank,BROWNWOOD,TX,Unanswered,Unanswered,,175037.13,08/25/2021
4265097101,04/13/2020,0610,PPP,HEART OF TEXAS MECHANICAL CONTRACTING LLC,203 CORDELL ST,BROWNWOOD,TX,76801-1731,12/09/2020,Paid in Full,24,100,174200,174200,0,,69112,Texas Bank,400 Fisk Ave,BROWNWOOD,TX,76801-2930,R,Y,Y,Existing or more than 2 years old,BROWNWOOD,BROWN,TX,76801-1731,TX-11,18,238220,Unanswered,Unknown/NotStated,43550,130650,,,,,,Limited  Liability Company(LLC),69112,Texas Bank,BROWNWOOD,TX,Unanswered,Unanswered,,175225.84,11/23/2020
7181937002,04/07/2020,0671,PPP,DAVID CANNELL SERVICES INC.,1006 EAST JACKSON ST,EL CAMPO,TX,77437-4639,02/19/2021,Paid in Full,24,100,174127,174127,0,,69836,NewFirst National Bank,202 E Jackson,EL CAMPO,TX,77437-4414,R,Y,Y,Existing or more than 2 years old,EL CAMPO,WHARTON,TX,77437-4639,TX-22,15,238220,Unanswered,Unknown/NotStated,,174127,,,,,,Corporation,69836,NewFirst National Bank,EL CAMPO,TX,Female Owned,Non-Veteran,,175500.93,01/25/2021
8032837008,04/08/2020,0610,PPP,"N.C.T. MECHANICAL, INC.",1078 KATY RD,FORT WORTH,TX,76244-4520,01/22/2021,Paid in Full,24,100,174100,174100,0,,71783,Frost Bank,111 W Houston St,SAN ANTONIO,TX,78205-1414,U,N,N,Existing or more than 2 years old,FORT WORTH,TARRANT,TX,76244-4520,TX-24,12,238220,Unanswered,Unknown/NotStated,,174100,,,,,,Corporation,71783,Frost Bank,SAN ANTONIO,TX,Unanswered,Unanswered,,175225.69,12/10/2020
4473208403,02/06/2021,0677,PPS,BRUNS & MCDONALD INC,6993 Industrial Ave,El Paso,TX,79915-1107,10/19/2021,Paid in Full,60,100,173312.5,173312.5,0,,113154,WestStar Bank,"601 N Mesa St, Ste 1100",El Paso,TX,79901,U,Y,Y,Existing or more than 2 years old,El Paso,EL PASO,TX,79915-1107,TX-16,20,238220,White,Not Hispanic or Latino,1,173309.5,,,,,,Corporation,113154,WestStar Bank,El Paso,TX,Male Owned,Non-Veteran,,174410.15,09/29/2021
1440117404,05/04/2020,0681,PPP,GOLD STANDARD PLUMBING LLC,117 Gatewood Cliff,Cibolo,TX,78108,08/16/2022,Paid in Full,24,100,172932,172932,0,,106458,Security Service FCU,16211 La Cantera Pkwy,SAN ANTONIO,TX,78256-2419,U,N,N,Existing or more than 2 years old,Cibolo,GUADALUPE,TX,78108-0001,TX-15,13,238220,Unanswered,Hispanic or Latino,,172932,,,,,,Limited  Liability Company(LLC),106458,Security Service FCU,SAN ANTONIO,TX,Male Owned,Non-Veteran,,176745.98,07/27/2022
1316717105,04/10/2020,0671,PPP,PLATINUM POOL PLUMBING LLC,4500 BLALOCK RD,HOUSTON,TX,77041-9121,04/20/2021,Paid in Full,24,100,172700,172700,0,,225134,Truist Bank,214 N Tryon St,CHARLOTTE,NC,28202-1078,U,Y,Y,Existing or more than 2 years old,HOUSTON,HARRIS,TX,77041-9121,TX-18,26,238220,Unanswered,Unknown/NotStated,,172700,,,,,,Limited  Liability Company(LLC),225134,Truist Bank,CHARLOTTE,NC,Unanswered,Unanswered,,174201.53,02/25/2021
9513027105,04/15/2020,0610,PPP,A/C RESCUE INC,10705 Plano Rd Ste 400,DALLAS,TX,75238-5343,10/22/2021,Paid in Full,23,100,172700,172700,0,,71783,Frost Bank,111 W Houston St,SAN ANTONIO,TX,78205-1414,U,Y,Y,Existing or more than 2 years old,DALLAS,DALLAS,TX,75238-5343,TX-32,18,238220,Unanswered,Not Hispanic or Latino,,172700,,,,,,Corporation,71783,Frost Bank,SAN ANTONIO,TX,Male Owned,Non-Veteran,,175146.19,09/23/2021
9944827002,04/09/2020,0610,PPP,POPE PLUMBING CO INC,3205 Main St,Rowlett,TX,75088,01/16/2021,Paid in Full,24,100,172585,172585,0,,71683,Lakeside Bank,"2805, Ridge Rd",Rockwall,TX,75032,U,N,N,Existing or more than 2 years old,Rowlett,DALLAS,TX,75088-1200,TX-05,12,238220,Unanswered,Unknown/NotStated,,172585,,,,,,Corporation,71683,Lakeside Bank,Rockwall,TX,Male Owned,Non-Veteran,,173716.94,02/16/2021
3789827200,04/27/2020,0610,PPP,"BELL AIR CONDITIONING, INC.",310 E. Central Avenue,BELTON,TX,76513-3240,06/17/2021,Paid in Full,24,100,172500,172500,0,,70109,"VeraBank, National Association",201 W Main St,HENDERSON,TX,75652-3106,U,Y,N,Existing or more than 2 years old,BELTON,BELL,TX,76513-3240,TX-31,15,238220,Unanswered,Unknown/NotStated,,172500,,,,,,Corporation,70109,"VeraBank, National Association",HENDERSON,TX,Unanswered,Unanswered,,174301.67,05/13/2021
5656918401,02/09/2021,0671,PPS,DAVID DEBIEN ENTERPRISES INC.,520 Thornton Rd,Houston,TX,77018-3321,08/07/2021,Paid in Full,60,100,172302,172302,0,,188309,CDC Small Business Finance Corporation,2448 Historic Decatur Road Suite 200,San Diego,CA,92106,U,Y,Y,Existing or more than 2 years old,Houston,HARRIS,TX,77018-3321,TX-18,15,238220,Asian,Not Hispanic or Latino,1,172296,,,,,,Corporation,188309,CDC Small Business Finance Corporation,San Diego,CA,Female Owned,Non-Veteran,,173000.65,07/21/2021
8073288600,03/24/2021,0639,PPS,DELTA TEMP SERVICES LLC,1402 N 77 Sunshine Strip,Harlingen,TX,78550-4325,11/20/2021,Paid in Full,60,100,172300,172300,0,,71783,Frost Bank,111 W Houston St,SAN ANTONIO,TX,78205-1414,U,Y,Y,Existing or more than 2 years old,Harlingen,CAMERON,TX,78550-4325,TX-34,27,238220,White,Hispanic or Latino,,172300,,,,,,Limited  Liability Company(LLC),71783,Frost Bank,SAN ANTONIO,TX,Male Owned,Non-Veteran,,173310.2,10/26/2021
7932477705,05/01/2020,0671,PPP,"RAYMARK MECHANICAL, INC.","3520 Aldine Bender Rd, Suite B",Houston,TX,77032,01/20/2021,Paid in Full,24,100,172200,172200,0,,72601,"Zions Bank, A Division of",1 S Main St,SALT LAKE CITY,UT,84133-1109,U,Y,Y,Existing or more than 2 years old,Houston,HARRIS,TX,77032-1100,TX-18,12,238220,White,Not Hispanic or Latino,,172200,,,,,,Corporation,72601,"Zions Bank, A Division of",SALT LAKE CITY,UT,Male Owned,Unanswered,,173360.58,01/06/2021
8593437202,04/28/2020,0610,PPP,ENVIRONMENTAL TECHNIQUES CORPORATION,2809 Industrial Ln,Garland,TX,75041-2306,04/14/2021,Paid in Full,24,100,430000,172000,0,,33850,Comerica Bank,1717 Main St,DALLAS,TX,75201-4612,U,Y,Y,Existing or more than 2 years old,Garland,DALLAS,TX,75041-2306,TX-32,14,238220,Unanswered,Unknown/NotStated,,172000,,,,,,Corporation,33850,Comerica Bank,DALLAS,TX,Unanswered,Unanswered,,173538.44,03/31/2021
7116037007,04/07/2020,0671,PPP,AIR SOLUTIONS INC,4748 MAIN AVE,GROVES,TX,77619-4716,03/09/2021,Paid in Full,24,100,171800,171800,0,,454766,Third Coast Bank,"20202 Hwy 59 North, Ste 190",Humble,TX,77338,U,N,N,Existing or more than 2 years old,GROVES,JEFFERSON,TX,77619-4716,TX-14,30,238220,Unanswered,Unknown/NotStated,,171800,,,,,,Corporation,454766,Third Coast Bank,Humble,TX,Unanswered,Unanswered,,172894.31,02/16/2021
6234337010,04/06/2020,0610,PPP,STONEBRIDGE HEATING AND AIR CONDITION,4202 REPUBLIC DR,TYLER,TX,75701-8420,05/14/2021,Paid in Full,24,100,171600,171600,0,,70109,"VeraBank, National Association",201 W Main St,HENDERSON,TX,75652-3106,R,Y,Y,Existing or more than 2 years old,TYLER,SMITH,TX,75701-8420,TX-01,18,238220,Unanswered,Unknown/NotStated,,171600,,,,,,Corporation,70109,"VeraBank, National Association",HENDERSON,TX,Unanswered,Unanswered,,173344.6,04/15/2021
9838298600,03/26/2021,0677,PPS,PHIL'S PLUMBING SHOP INC.,7361 N Loop Dr,El Paso,TX,79915-2550,11/11/2021,Paid in Full,60,100,171528.3,171528.3,0,,113154,WestStar Bank,"601 N Mesa St, Ste 1100",El Paso,TX,79901,U,Y,Y,Existing or more than 2 years old,El Paso,EL PASO,TX,79915-2550,TX-16,13,238220,Unanswered,Unknown/NotStated,,171527.3,,,,,,Corporation,113154,WestStar Bank,El Paso,TX,Male Owned,Non-Veteran,,172457.41,10/27/2021
9779727307,05/02/2020,0610,PPP,HCE PLUMBING CONTRACTORS LLC,4111 US Hwy 80,Mequite,TX,75150,03/18/2021,Paid in Full,24,100,171382,171382,0,,456756,Cross River Bank,885 Teaneck Rd,TEANECK,NJ,07666-4546,U,N,Y,Unanswered,Mequite,DALLAS,TX,75150-0001,TX-05,14,238220,Unanswered,Unknown/NotStated,,171382,,,,,,Limited  Liability Company(LLC),456756,Cross River Bank,TEANECK,NJ,Unanswered,Unanswered,,172449.66,02/16/2021
1456998400,02/02/2021,0610,PPS,CAPITAL PLUMBING INC DBA CAPITAL MECHANICAL,600 S Highway 377,Pilot Point,TX,76258-4466,08/07/2021,Paid in Full,60,100,171165.2,171165.2,0,,70047,Ciera Bank,623 Elm St,GRAHAM,TX,76450-3088,U,N,N,Existing or more than 2 years old,Pilot Point,DENTON,TX,76258-4466,TX-26,24,238220,Unanswered,Unknown/NotStated,,171164.2,,,,,,Corporation,70047,Ciera Bank,GRAHAM,TX,Unanswered,Unanswered,,171859.24,07/06/2021
4472867110,04/13/2020,0610,PPP,CAPITAL PLUMBING INC DBA CAPITAL MECHANICAL,307 DENA LN,KRUGERVILLE,TX,76227-9565,01/13/2021,Paid in Full,24,100,171165.2,171165.2,0,,70047,Ciera Bank,623 Elm St,GRAHAM,TX,76450-3088,U,N,N,Existing or more than 2 years old,KRUGERVILLE,DENTON,TX,76227-9565,TX-26,24,238220,Unanswered,Unknown/NotStated,21395.65,128373.9,21395.65,,,,,Corporation,70047,Ciera Bank,GRAHAM,TX,Unanswered,Unanswered,,172346.94,12/22/2020
3933948900,04/28/2021,0671,PPS,REX MECHANICAL INC.,9011 Main St,Needville,TX,77461-8424,10/22/2021,Paid in Full,60,100,171007,171007,0,,71999,Texas First Bank,3232 Palmer Hwy,TEXAS CITY,TX,77590-6724,U,N,N,Existing or more than 2 years old,Needville,FORT BEND,TX,77461-8424,TX-22,13,238220,White,Not Hispanic or Latino,1,171005,,,,,,Subchapter S Corporation,71999,Texas First Bank,TEXAS CITY,TX,Male Owned,Non-Veteran,,171600.77,09/01/2021
1452977303,04/28/2020,0678,PPP,"SPARTN PLUMBING HEATING AND AIR CONIDITIONING, LLC",8217 Ave. D,Lubbock,TX,79403,02/05/2021,Paid in Full,24,100,170330,170330,0,,69778,First United Bank,201 N Broadway,DIMMITT,TX,79027-1823,U,N,N,Existing or more than 2 years old,Lubbock,LUBBOCK,TX,79403-0900,TX-19,20,238220,Unanswered,Unknown/NotStated,,170330,,,,,,Limited  Liability Company(LLC),69778,First United Bank,DIMMITT,TX,Male Owned,Unanswered,,171574.36,01/20/2021
3190087109,04/11/2020,0678,PPP,KG RICH HEATING & AIR INC,145 SHELTON ST,ABILENE,TX,79603-7248,02/02/2021,Paid in Full,24,100,170009,170009,0,,68922,First Financial Bank,400 Pine St,ABILENE,TX,79601-5108,U,N,N,Existing or more than 2 years old,ABILENE,TAYLOR,TX,79603-7248,TX-19,17,238220,Unanswered,Unknown/NotStated,42502.25,127506.75,,,,,,Subchapter S Corporation,68922,First Financial Bank,ABILENE,TX,Unanswered,Unanswered,,171104.61,12/04/2020
5118897110,04/13/2020,0681,PPP,"PELLERIN AND STEUBING, LLC",2749 BULVERDE RD,BULVERDE,TX,78163-2195,03/12/2021,Paid in Full,24,100,169925,169925,0,,71912,The First National Bank of Sonora,102 E Main St,Sonora,TX,76950-3733,R,N,N,Existing or more than 2 years old,BULVERDE,COMAL,TX,78163-2195,TX-21,11,238220,Unanswered,Not Hispanic or Latino,,162428,,7497,,,,Limited  Liability Company(LLC),71912,The First National Bank of Sonora,Sonora,TX,Male Owned,Unanswered,,171378.8,02/19/2021
2495777209,04/16/2020,0671,PPP,FRITZER INTERESTS INC,9370 S Point Dr,HOUSTON,TX,77054,01/21/2021,Paid in Full,24,100,169425,169425,0,1-800-Radiator & A/C,110352,First Bank of the Lake,"4558 Osage Beach Pkwy, Ste 100",OSAGE BEACH,MO,65065-2372,U,Y,Y,Unanswered,HOUSTON,HARRIS,TX,77054-0001,TX-09,19,238220,Unanswered,Unknown/NotStated,,169425,,,,,,Subchapter S Corporation,110352,First Bank of the Lake,OSAGE BEACH,MO,Unanswered,Unanswered,,170488.61,12/09/2020
6949357401,05/15/2020,0671,PPP,BELLAIRE AIR CONDITIONING AND HEATING INC.,5906 Jessamine Suite B-1,Houston,TX,77081,12/01/2021,Paid in Full,24,100,169290,169290,0,,122043,WebBank,"215 S State St, Ste 1000",SALT LAKE CITY,UT,84111-2336,U,N,Y,Existing or more than 2 years old,Houston,HARRIS,TX,77081-1000,TX-07,12,238220,Unanswered,Unknown/NotStated,,169290,,,,,,Corporation,122043,WebBank,SALT LAKE CITY,UT,Unanswered,Unanswered,,171758.81,10/26/2021
4170008307,01/23/2021,0610,PPS,HALL MECHANICAL CONTRACTORS INC.,600 De Costa St,Fort Worth,TX,76111-6536,08/19/2021,Paid in Full,60,100,168757.97,168757.97,0,,323316,"Trinity Bank, National Association",3500 W Vickery Blvd,FORT WORTH,TX,76107-5618,U,Y,Y,Existing or more than 2 years old,Fort Worth,TARRANT,TX,76111-6536,TX-33,13,238220,Unanswered,Unknown/NotStated,1,168753.97,,,,,,Corporation,323316,"Trinity Bank, National Association",FORT WORTH,TX,Male Owned,Unanswered,,169550.19,07/14/2021
2186937303,04/29/2020,0610,PPP,TRI COUNTY AIR CARE LLC,801 COUNTY ROAD 286 STE 601,ANNA,TX,75409,02/24/2021,Paid in Full,24,100,168600,168600,0,,39848,Cadence Bank,201 S Spring St,TUPELO,MS,38804-4811,U,N,N,New Business or 2 years or less,ANNA,COLLIN,TX,75409-0001,TX-03,15,238220,Unanswered,Unknown/NotStated,,168600,,,,,,Limited  Liability Company(LLC),39848,Cadence Bank,TUPELO,MS,Unanswered,Unanswered,,169756.78,01/08/2021
7329737009,04/07/2020,0610,PPP,3C MECHANICAL TECHNOLOGIES INC.,5774 S UNIVERSITY PARKS DR,WACO,TX,76706-7529,02/23/2021,Paid in Full,24,100,168272.05,168272.05,0,,72077,"Community Bank & Trust, Waco, Texas",1800 Washington Ave,WACO,TX,76701-1011,U,N,N,Existing or more than 2 years old,WACO,MCLENNAN,TX,76706-7529,TX-17,23,238220,Unanswered,Unknown/NotStated,,168272.05,,,,,,Corporation,72077,"Community Bank & Trust, Waco, Texas",WACO,TX,Male Owned,Non-Veteran,,169498.36,01/07/2021
8808838405,02/14/2021,0610,PPS,3C MECHANICAL TECHNOLOGIES INC.,5774 S University Parks Dr,Waco,TX,76706-7529,10/16/2021,Paid in Full,60,100,168272.05,168272.05,0,,72077,"Community Bank & Trust, Waco, Texas",1800 Washington Ave,WACO,TX,76701-1011,U,N,N,Existing or more than 2 years old,Waco,MCLENNAN,TX,76706-7529,TX-17,22,238220,Unanswered,Unknown/NotStated,1,168270.05,,,,,,Corporation,72077,"Community Bank & Trust, Waco, Texas",WACO,TX,Male Owned,Non-Veteran,,169300.12,09/29/2021
7703827307,04/30/2020,0671,PPP,IDEAL AIR SERVICES INC,565 S MASON RD APT 347,KATY,TX,77450-2437,04/16/2021,Paid in Full,24,100,168245,168245,0,,9551,"Bank of America, National Association","100 N Tryon St, Ste 170",CHARLOTTE,NC,28202-4024,U,N,N,Existing or more than 2 years old,KATY,HARRIS,TX,77450-2437,TX-07,13,238220,Unanswered,Unknown/NotStated,,168245,,,,,,Corporation,9551,"Bank of America, National Association",CHARLOTTE,NC,Unanswered,Unanswered,,165055.81,03/10/2021
2842237108,04/11/2020,0671,PPP,SC PLUMBING COMPANY,10400 Rodgers Rd,HOUSTON,TX,77070-1642,02/24/2021,Paid in Full,24,100,167764,167764,0,,4679,Simmons Bank,501 Main St,PINE BLUFF,AR,71601-4327,U,N,N,Existing or more than 2 years old,HOUSTON,HARRIS,TX,77070-1642,TX-38,15,238220,Unanswered,Unknown/NotStated,,167764,,,,,,Corporation,71902,Simmons Bank,COLLEGE STATION,TX,Unanswered,Unanswered,,169041.76,01/20/2021
6928737006,04/07/2020,0671,PPP,"AIR-TECH BRAZOS VALLEY AC & HEATING SERVICE, INC",4889 ELMO WEEDON RD,COLLEGE STATION,TX,77845-3023,05/28/2021,Paid in Full,24,100,167700,167700,0,,68922,First Financial Bank,400 Pine St,ABILENE,TX,79601-5108,U,N,N,Existing or more than 2 years old,COLLEGE STATION,BRAZOS,TX,77845-3023,TX-10,16,238220,Unanswered,Unknown/NotStated,41925,125775,,,,,,Corporation,68922,First Financial Bank,ABILENE,TX,Unanswered,Unanswered,,168771.42,11/27/2020
8738997001,04/08/2020,0681,PPP,RITTMANN PLUMBING INC,PO BOX 1948,BOERNE,TX,78006-6948,12/10/2020,Paid in Full,24,100,167400,167400,0,,71825,Jefferson Bank,1900 Broadway St,San Antonio,TX,78215,R,N,N,Existing or more than 2 years old,BOERNE,KENDALL,TX,78006-6948,TX-21,13,238220,Unanswered,Unknown/NotStated,,167400,,,,,,Corporation,71825,Jefferson Bank,San Antonio,TX,Male Owned,Unanswered,,168312.67,11/03/2020
4833117104,04/13/2020,0678,PPP,ABILA BAHAR LLC,410 LOCUST ST,ABILENE,TX,79602-1633,07/10/2021,Paid in Full,24,100,167304.51,167304.51,0,,68922,First Financial Bank,400 Pine St,ABILENE,TX,79601-5108,U,Y,Y,Existing or more than 2 years old,ABILENE,TAYLOR,TX,79602-1633,TX-19,19,238220,Unanswered,Unknown/NotStated,41826.13,125478.38,,,,,,Limited  Liability Company(LLC),68922,First Financial Bank,ABILENE,TX,Unanswered,Unanswered,,169256.4,06/10/2021
6594927700,05/01/2020,0610,PPP,THE KING'S ELECTRICAL & PLUMBING SERVICE,1216 W ARKANSAS LN STE O,PANTEGO,TX,76013-6229,07/17/2021,Paid in Full,24,100,167295,167295,0,,9551,"Bank of America, National Association","100 N Tryon St, Ste 170",CHARLOTTE,NC,28202-4024,U,N,Y,New Business or 2 years or less,PANTEGO,TARRANT,TX,76013-6229,TX-25,20,238220,Unanswered,Unknown/NotStated,,167295,,,,,,Limited  Liability Company(LLC),9551,"Bank of America, National Association",CHARLOTTE,NC,Unanswered,Unanswered,,169165,06/17/2021
3562488708,03/31/2021,0671,PPS,THAKKAR SERVICES INC.,9457 W Bellfort Ave,Houston,TX,77031-2308,01/21/2022,Paid in Full,60,100,167197,167197,0,,48270,"JPMorgan Chase Bank, National Association",1111 Polaris Pkwy,COLUMBUS,OH,43240-2031,U,N,N,Existing or more than 2 years old,Houston,HARRIS,TX,77031-2308,TX-09,14,238220,Unanswered,Unknown/NotStated,1,167195,,,,,,Subchapter S Corporation,48270,"JPMorgan Chase Bank, National Association",COLUMBUS,OH,Unanswered,Unanswered,,168330.32,12/07/2021
5055818400,02/07/2021,0610,PPS,MICHAEL D WITT,5229 Vesta Farley Rd,Ft Worth,TX,76119-6479,12/07/2021,Paid in Full,60,100,166828.95,166828.95,0,,70535,Pinnacle Bank,"250, W Lancaster Ave, Ste 170",Fort Worth,TX,76102,U,Y,Y,Existing or more than 2 years old,Ft Worth,TARRANT,TX,76119-6479,TX-33,23,238220,Unanswered,Unknown/NotStated,1,166825.95,,,,,,Subchapter S Corporation,70535,Pinnacle Bank,Fort Worth,TX,Unanswered,Unanswered,,168089.44,11/17/2021
5545428404,02/08/2021,0681,PPP,RESTORE IT HOME SERVICES LLC,5886 De Zavala Rd,San Antonio,TX,78249-2268,09/17/2022,Charged Off,31,100,166750.42,166750.42,0,,529471,Itria Ventures LLC,"One Penn Plaza, Suite 4530",New York,NY,10119,U,N,N,Existing or more than 2 years old,San Antonio,BEXAR,TX,78249-2268,TX-20,10,238220,Unanswered,Unknown/NotStated,,166750.42,,,,,,Limited  Liability Company(LLC),529471,Itria Ventures LLC,New York,NY,Female Owned,Non-Veteran,,,
2056718708,03/27/2021,0671,PPS,TEXAS EXPRESS PLUMBING INC.,4725 Steffani Ln,Houston,TX,77041-7813,01/21/2022,Paid in Full,60,100,166730,166730,0,,48270,"JPMorgan Chase Bank, National Association",1111 Polaris Pkwy,COLUMBUS,OH,43240-2031,U,N,N,Existing or more than 2 years old,Houston,HARRIS,TX,77041-7813,TX-18,18,238220,Unanswered,Unknown/NotStated,,166730,,,,,,Subchapter S Corporation,48270,"JPMorgan Chase Bank, National Association",COLUMBUS,OH,Unanswered,Unanswered,,167941.85,12/23/2021
4064897708,05/01/2020,0681,PPP,ETC PLUMBING INC,12130 PECAN STREET,AUSTIN,TX,78727,07/14/2021,Paid in Full,24,100,166667,166667,0,,12096,"Wells Fargo Bank, National Association",101 N Philips Ave,SIOUX FALLS,SD,57104-6738,U,N,N,Existing or more than 2 years old,AUSTIN,TRAVIS,TX,78727-0001,TX-37,20,238220,Unanswered,Unknown/NotStated,,166667,,,,,,Corporation,12096,"Wells Fargo Bank, National Association",SIOUX FALLS,SD,Unanswered,Unanswered,,168452.39,06/02/2021
5909317009,04/06/2020,0610,PPP,"M & S MECHANICAL, INC.",136 COUNTY ROAD 1309,PITTSBURG,TX,75686-6101,02/11/2021,Paid in Full,24,100,166500,166500,0,,28377,Community Bank of Louisiana,118 Jefferson St,MANSFIELD,LA,71052-2602,R,Y,N,Existing or more than 2 years old,PITTSBURG,CAMP,TX,75686-6101,TX-01,20,238220,Unanswered,Unknown/NotStated,,166500,,,,,,Subchapter S Corporation,28377,Community Bank of Louisiana,MANSFIELD,LA,Unanswered,Unanswered,,167836.56,01/28/2021
1832657107,04/10/2020,0610,PPP,"AIR 817, INC.",5808 DENTON HWY,HALTOM CITY,TX,76148-3721,09/29/2021,Paid in Full,24,100,166400,166400,0,,71783,Frost Bank,111 W Houston St,SAN ANTONIO,TX,78205-1414,U,N,N,Existing or more than 2 years old,HALTOM CITY,TARRANT,TX,76148-3721,TX-12,47,238220,White,Not Hispanic or Latino,,166400,,,,,,Subchapter S Corporation,71783,Frost Bank,SAN ANTONIO,TX,Female Owned,Non-Veteran,,168579.16,08/12/2021
5748347005,04/06/2020,0678,PPP,"AMARILLO AIR MASTERS HEATING & COOLING CO., LTD",9120 FM 2590,AMARILLO,TX,79119-5832,12/16/2020,Paid in Full,24,100,166400,166400,0,,68966,Amarillo National Bank,410 S Taylor St,AMARILLO,TX,79101-1555,U,N,N,Existing or more than 2 years old,AMARILLO,RANDALL,TX,79119-5832,TX-13,11,238220,Unanswered,Unknown/NotStated,,166400,,,,,,Partnership,68966,Amarillo National Bank,AMARILLO,TX,Male Owned,Unanswered,,167440,11/23/2020
9271728400,02/16/2021,0610,PPS,WILSON HOME SERVICES LLC,9500 Ray White Roadk Suite 231,Fort Worth,TX,76244,02/08/2022,Paid in Full,60,100,166200,166200,0,,529192,Benworth Capital,7000 SW 97th Avenue Suite 201,Miami,FL,33173,U,Y,N,Existing or more than 2 years old,Fort Worth,TARRANT,TX,76244,TX-12,9,238220,Unanswered,Unknown/NotStated,1,166198,,,,,,Limited  Liability Company(LLC),529192,Benworth Capital,Miami,FL,Unanswered,Unanswered,,167424.87,01/07/2022
3507007204,04/27/2020,0681,PPP,A-OK PLUMBING INC,2000 WINDY TERRACE BLDG 7 STE A,CEDAR PARK,TX,78613-4287,03/29/2022,Paid in Full,24,100,166150,166150,0,Benjamin Franklin Plumbing,71693,Round Top State Bank,301 N Washington St,ROUND TOP,TX,78954-5053,U,N,N,Existing or more than 2 years old,CEDAR PARK,WILLIAMSON,TX,78613-4287,TX-31,13,238220,White,Not Hispanic or Latino,,166150,,,,,,Corporation,71693,Round Top State Bank,ROUND TOP,TX,Unanswered,Unanswered,,167151.06,02/12/2021
3630108310,01/22/2021,0678,PPS,HVAC EXPERTS INC,2114 N Jackson Ave,Odessa,TX,79761-1221,10/19/2022,Paid in Full,60,100,165784.67,165784.67,0,,71330,City Bank,5219 City Bank Pkwy,LUBBOCK,TX,79407-3544,U,Y,Y,Existing or more than 2 years old,Odessa,ECTOR,TX,79761-1221,TX-11,12,238220,White,Not Hispanic or Latino,,165783.67,,,,,,Limited  Liability Company(LLC),71330,City Bank,LUBBOCK,TX,Male Owned,Non-Veteran,,168543.14,09/19/2022
1604857705,05/01/2020,0681,PPP,"STEVE BROUGHER'S PLUMBING REPAIR, INC.",2605 BUELL AVE,AUSTIN,TX,78757,05/21/2021,Paid in Full,24,100,165740,165740,0,,48270,"JPMorgan Chase Bank, National Association",1111 Polaris Pkwy,COLUMBUS,OH,43240-2031,U,N,N,Existing or more than 2 years old,AUSTIN,TRAVIS,TX,78757-0001,TX-37,12,238220,Unanswered,Unknown/NotStated,2000,133314,,14000,,16426,,Subchapter S Corporation,194093,"JPMorgan Chase Bank, National Association",CHICAGO,IL,Unanswered,Unanswered,,167368.76,04/28/2021
3042668601,03/16/2021,0681,PPS,ALLAN J. JANAK MECHANICAL LLC,1489 US Highway 90A W,Hallettsville,TX,77964-5730,11/17/2021,Paid in Full,60,100,165523.28,165523.28,0,,70085,Peoples State Bank of Hallettsville,116 E Third St,HALLETTSVILLE,TX,77964-2753,R,N,N,Existing or more than 2 years old,Hallettsville,LAVACA,TX,77964-5730,TX-27,14,238220,Unanswered,Unknown/NotStated,1,165521.28,,,,,,Limited  Liability Company(LLC),70085,Peoples State Bank of Hallettsville,HALLETTSVILLE,TX,Unanswered,Unanswered,,166475.61,10/22/2021
5200847900,06/15/2020,0610,PPP,CLASSIC FIRE PROTECTION INC,10219 Newcombe,DALLAS,TX,75228,03/05/2021,Charged Off,40,100,92717.5,165516,0,,529192,Benworth Capital,7000 SW 97th Avenue Suite 201,Miami,FL,33173,U,N,N,Existing or more than 2 years old,DALLAS,DALLAS,TX,75228-1000,TX-32,14,238220,Unanswered,Unknown/NotStated,,165516,,,,,,Corporation,529192,Benworth Capital,Miami,FL,Male Owned,Unanswered,,,
7935807202,04/28/2020,0610,PPP,METRO HEATING & COOLING,10254 MILLER RD,DALLAS,TX,75238-1206,02/17/2021,Paid in Full,24,100,165400,165400,0,,69819,Prosperity Bank,1301 N Mechanic,El Campo,TX,77437,U,Y,Y,Unanswered,DALLAS,DALLAS,TX,75238-1206,TX-32,21,238220,Unanswered,Unknown/NotStated,,165400,,,,,,Limited  Liability Company(LLC),69819,Prosperity Bank,El Campo,TX,Unanswered,Unanswered,,166333.49,11/30/2020
5133087308,04/30/2020,0681,PPP,"MERRITT PLUMBING, LLC",28991 INTERSTATE 10 Ste 290,BOERNE,TX,78006-9130,07/21/2021,Paid in Full,24,100,165200,165200,0,,71783,Frost Bank,111 W Houston St,SAN ANTONIO,TX,78205-1414,U,N,N,Existing or more than 2 years old,BOERNE,BEXAR,TX,78006-9130,TX-21,18,238220,Unanswered,Unknown/NotStated,,165200,,,,,,Limited  Liability Company(LLC),71783,Frost Bank,SAN ANTONIO,TX,Unanswered,Unanswered,,167082.83,06/22/2021
5535047310,04/30/2020,0671,PPP,COTEMP INC,3345 PINEMONT DR,HOUSTON,TX,77018-1327,02/24/2021,Paid in Full,24,100,165200,165200,0,,71783,Frost Bank,111 W Houston St,SAN ANTONIO,TX,78205-1414,U,N,N,Existing or more than 2 years old,HOUSTON,HARRIS,TX,77018-1327,TX-18,10,238220,Unanswered,Unknown/NotStated,,165200,,,,,,Subchapter S Corporation,71783,Frost Bank,SAN ANTONIO,TX,Unanswered,Unanswered,,166390.35,01/20/2021
5515797304,04/30/2020,0671,PPP,JOHN SHORT DBA MR. ROOTER PLUMBING,1851 Gulf Freeway,League City,TX,77573,08/05/2021,Paid in Full,24,100,165100,165100,0,,2408,Regions Bank,1900 Fifth Avenue North,BIRMINGHAM,AL,35203,U,N,N,Existing or more than 2 years old,League City,GALVESTON,TX,77573-0700,TX-14,10,238220,Unanswered,Not Hispanic or Latino,,165100,,,,,,Sole Proprietorship,2408,Regions Bank,BIRMINGHAM,AL,Male Owned,Non-Veteran,,167045.01,07/09/2021
3536538303,01/22/2021,0681,PPS,INTELLIGENT AIR SERVICES LLC,12112B Roxie Dr Ste B,Austin,TX,78729-7106,10/20/2021,Paid in Full,60,100,165000,165000,0,,68954,First Community Bank,416 N Water St,CORPUS CHRISTI,TX,78401-2533,U,N,Y,Existing or more than 2 years old,Austin,WILLIAMSON,TX,78729-7106,TX-37,12,238220,Unanswered,Unknown/NotStated,,165000,,,,,,Limited  Liability Company(LLC),68954,First Community Bank,CORPUS CHRISTI,TX,Unanswered,Unanswered,,166104.58,09/27/2021
5229397007,04/05/2020,0681,PPP,"INTELLIGENT AIR SERVICES, LLC",12112 B ROXIE DR,AUSTIN,TX,78729-7106,03/23/2021,Paid in Full,24,100,165000,165000,0,,68954,First Community Bank,416 N Water St,CORPUS CHRISTI,TX,78401-2533,U,N,Y,Existing or more than 2 years old,AUSTIN,WILLIAMSON,TX,78729-7106,TX-37,11,238220,Unanswered,Unknown/NotStated,,165000,,,,,,Limited  Liability Company(LLC),68954,First Community Bank,CORPUS CHRISTI,TX,Unanswered,Unanswered,,166365.83,02/03/2021
3852747106,04/12/2020,0671,PPP,R. DAVIS SERVICES INC,10114 Del Monte Drive,Houston,TX,77042-2434,09/16/2021,Paid in Full,24,100,164282.5,164283,0,,121598,Texas Capital Bank,"2000 McKinney Ave, Ste 700",DALLAS,TX,75201-1985,U,N,N,Existing or more than 2 years old,Houston,HARRIS,TX,77042-2434,TX-38,12,238220,White,Not Hispanic or Latino,,137283,,27000,,,,Corporation,121598,Texas Capital Bank,DALLAS,TX,Male Owned,Non-Veteran,,166488.44,08/23/2021
6456558400,02/10/2021,0610,PPS,ACCELERATED MECHANICAL SERVICES LLC,103 W Broad St,Forney,TX,75126-9129,09/29/2021,Paid in Full,60,100,164218,164218,0,,71977,The American National Bank of Texas,102 W Moore,TERRELL,TX,75160-3129,R,N,N,Existing or more than 2 years old,Forney,KAUFMAN,TX,75126-9129,TX-05,8,238220,Unanswered,Unknown/NotStated,,164218,,,,,,Limited  Liability Company(LLC),71977,The American National Bank of Texas,TERRELL,TX,Unanswered,Unanswered,,164969.35,08/11/2021
3972818409,02/05/2021,0681,PPS,BLCCS LLC,14886 Tradesman Ste 120,San Antonio,TX,78249-1397,09/21/2021,Paid in Full,60,100,164000,164000,0,,71825,Jefferson Bank,1900 Broadway St,San Antonio,TX,78215,U,N,N,Existing or more than 2 years old,San Antonio,BEXAR,TX,78249-1397,TX-23,13,238220,Unanswered,Unknown/NotStated,,164000,,,,,,Limited  Liability Company(LLC),71825,Jefferson Bank,San Antonio,TX,Unanswered,Unanswered,,164822.25,08/13/2021
1502477207,04/15/2020,0677,PPP,Q MARTINS PLUMBING SERVICES INC,11712 FRANCIS SCOBEE DR,EL PASO,TX,79936-5003,04/22/2021,Paid in Full,24,100,163800,163800,0,,45718,First American Bank,303 W Main St,ARTESIA,NM,88210-2133,U,N,N,Existing or more than 2 years old,EL PASO,EL PASO,TX,79936-5003,TX-16,39,238220,Unanswered,Unknown/NotStated,,163800,,,,,,Corporation,224532,First American Bank,El Paso,TX,Unanswered,Unanswered,,165228.7,03/05/2021
7093717202,04/28/2020,0681,PPP,"DENNY PLUMBING, LLC",33875 INTERSTATE 10,BOERNE,TX,78006-9248,04/09/2021,Paid in Full,24,100,163797,163797,0,,69262,Texas Heritage Bank,1208 S Main St,BOERNE,TX,78006-2814,R,N,N,Existing or more than 2 years old,BOERNE,KENDALL,TX,78006-9248,TX-21,14,238220,Unanswered,Unknown/NotStated,,163797,,,,,,Limited  Liability Company(LLC),69262,Texas Heritage Bank,BOERNE,TX,Unanswered,Unanswered,,165221.12,03/11/2021
1914988406,02/02/2021,0677,PPS,TOTAL AIR SERVICES L.L.C.,200 E Sunset Rd,El Paso,TX,79922-1052,09/28/2021,Paid in Full,60,100,163779.42,163779.42,0,,105986,GECU,1225 Airway Blvd,EL PASO,TX,79925-3620,U,Y,Y,Existing or more than 2 years old,El Paso,EL PASO,TX,79922-1052,TX-16,15,238220,Unanswered,Unknown/NotStated,,163778.42,,,,,,Limited  Liability Company(LLC),105986,GECU,EL PASO,TX,Unanswered,Unanswered,,164662.01,08/19/2021
6649347200,04/28/2020,0610,PPP,C & C SLAB LEAKS AND PLUMBING LLC,PO Box 360475,Dallas,TX,75336,12/08/2020,Paid in Full,24,100,163700,163700,0,,71977,The American National Bank of Texas,102 W Moore,TERRELL,TX,75160-3129,U,N,Y,Existing or more than 2 years old,Dallas,DALLAS,TX,75336-0001,TX-30,16,238220,Unanswered,Unknown/NotStated,,163700,,,,,,Limited  Liability Company(LLC),71977,The American National Bank of Texas,TERRELL,TX,Unanswered,Unanswered,,164588.02,11/19/2020
9842747110,04/15/2020,0610,PPP,HEAT AIR PRODUCTS COMPANY,4604 Starlight,Ft. Worth,TX,76117-0866,08/11/2021,Paid in Full,24,100,163480,163480,0,,368915,Veritex Community Bank,8214 Westchester Dr Ste 800,Dallas,TX,75225,U,N,Y,Existing or more than 2 years old,Ft. Worth,TARRANT,TX,76117-0866,TX-12,28,238220,Unanswered,Not Hispanic or Latino,,163480,,,,,,Corporation,368915,Veritex Community Bank,Dallas,TX,Female Owned,Non-Veteran,,165455.2,07/08/2021
7775327309,04/30/2020,0610,PPP,"J&S PLUMBING SERVICES, LLC",1001 Dalworth Drive,MESQUITE,TX,75149-4149,04/19/2022,Paid in Full,24,100,163400,163400,0,,225134,Truist Bank,214 N Tryon St,CHARLOTTE,NC,28202-1078,U,N,Y,Existing or more than 2 years old,MESQUITE,DALLAS,TX,75149-4149,TX-05,14,238220,Unanswered,Unknown/NotStated,,163400,,,,,,Corporation,225134,Truist Bank,CHARLOTTE,NC,Unanswered,Unanswered,,157684.29,01/13/2022
1592817107,04/10/2020,0610,PPP,"AMC SERVICES, INC",9100 US Hwy 380,CROSSROADS,TX,76227-2538,04/28/2021,Paid in Full,24,100,163300,163300,0,,58899,First United Bank and Trust Company,1400 W Main St,DURANT,OK,74701-4906,U,N,N,Existing or more than 2 years old,CROSSROADS,DENTON,TX,76227-2538,TX-26,14,238220,Unanswered,Unknown/NotStated,20412,122475,,20413,,,,Subchapter S Corporation,58899,First United Bank and Trust Company,DURANT,OK,Unanswered,Unanswered,,164861.42,04/08/2021
6924637003,04/07/2020,0671,PPP,"CTA HVAC, LLC",133 N. FRIENDSWOOD DR,FRIENDSWOOD,TX,77546-3746,07/21/2021,Paid in Full,24,100,162700,162700,0,,71783,Frost Bank,111 W Houston St,SAN ANTONIO,TX,78205-1414,U,N,N,New Business or 2 years or less,FRIENDSWOOD,GALVESTON,TX,77546-3746,TX-22,14,238220,Unanswered,Unknown/NotStated,,162700,,,,,,Limited  Liability Company(LLC),71783,Frost Bank,SAN ANTONIO,TX,Female Owned,Unanswered,,164563.25,06/09/2021
4660087207,04/27/2020,0610,PPP,"ACCELERATED MECHANICAL SERVICES, LLC",103 W Broad Street,Forney,TX,75126,07/13/2021,Paid in Full,24,100,162600,162600,0,,71977,The American National Bank of Texas,102 W Moore,TERRELL,TX,75160-3129,R,N,N,Existing or more than 2 years old,Forney,KAUFMAN,TX,75126-0001,TX-04,5,238220,Unanswered,Unknown/NotStated,,162600,,,,,,Limited  Liability Company(LLC),71977,The American National Bank of Texas,TERRELL,TX,Unanswered,Unanswered,,164404.19,06/11/2021
3223457709,05/01/2020,0610,PPP,"S.M.R. PLUMBING, INC.",6305 BEAR RUN RD,THE COLONY,TX,75056,07/22/2021,Paid in Full,24,100,162500,162500,0,,48270,"JPMorgan Chase Bank, National Association",1111 Polaris Pkwy,COLUMBUS,OH,43240-2031,U,N,N,Existing or more than 2 years old,THE COLONY,DENTON,TX,75056-0001,TX-26,10,238220,Unanswered,Hispanic or Latino,605,77000,1300,1500,,8000,74095,Corporation,194093,"JPMorgan Chase Bank, National Association",CHICAGO,IL,Male Owned,Non-Veteran,,164287.14,06/10/2021
3518138602,03/17/2021,0610,PPS,REYNOLDS ELECTRIC HEATING AND AIR CONDITIONING SERVICE LLC,2001 Skyline Dr Ste A115,Sherman,TX,75092-3199,11/17/2021,Paid in Full,60,100,162500,162500,0,,58899,First United Bank and Trust Company,1400 W Main St,DURANT,OK,74701-4906,R,N,N,Existing or more than 2 years old,Sherman,GRAYSON,TX,75092-3199,TX-04,15,238220,Unanswered,Unknown/NotStated,,162500,,,,,,Limited  Liability Company(LLC),58899,First United Bank and Trust Company,DURANT,OK,Unanswered,Unanswered,,163368.15,10/08/2021
4918427004,04/04/2020,0610,PPP,UNITED PLUMBING INC,15040 STATE HIGHWAY 110,WHITEHOUSE,TX,75791-9362,03/05/2021,Paid in Full,24,100,162500,162500,0,,70468,"Austin Bank, Texas National Association",200 E Commerce St,JACKSONVILLE,TX,75766-4904,R,N,N,Existing or more than 2 years old,WHITEHOUSE,SMITH,TX,75791-9362,TX-01,19,238220,White,Not Hispanic or Latino,,162500,,,,,,Subchapter S Corporation,70468,"Austin Bank, Texas National Association",JACKSONVILLE,TX,Male Owned,Unanswered,,163622.02,02/12/2021
6764848406,02/11/2021,0681,PPS,PREMIER COMFORT AIR CONDITIONING AND HEATING INC,8523 Speedway Dr,San Antonio,TX,78230-5330,10/22/2021,Paid in Full,60,100,162500,162500,0,,71783,Frost Bank,111 W Houston St,SAN ANTONIO,TX,78205-1414,U,N,N,Existing or more than 2 years old,San Antonio,BEXAR,TX,78230-5330,TX-21,15,238220,Unanswered,Hispanic or Latino,,162500,,,,,,Corporation,71783,Frost Bank,SAN ANTONIO,TX,Male Owned,Non-Veteran,,163426.03,09/09/2021
5413397704,05/01/2020,0610,PPP,EXTREME MECHANICAL SERVICES INC,1911 OLD DENTON RD STE G,CARROLLTON,TX,75006-3762,01/21/2021,Paid in Full,24,100,162337,162337,0,,9551,"Bank of America, National Association","100 N Tryon St, Ste 170",CHARLOTTE,NC,28202-4024,U,N,N,New Business or 2 years or less,CARROLLTON,DALLAS,TX,75006-3762,TX-24,13,238220,White,Not Hispanic or Latino,,162337,,,,,,Corporation,9551,"Bank of America, National Association",CHARLOTTE,NC,Male Owned,Non-Veteran,,163364.39,12/22/2020
6195527701,05/01/2020,0610,PPP,COMPLETE SYSTEM BALANCE LLC,8745 FM 35,ROYSE CITY,TX,75189-5083,01/21/2021,Paid in Full,24,100,162307,162307,0,,9551,"Bank of America, National Association","100 N Tryon St, Ste 170",CHARLOTTE,NC,28202-4024,U,N,N,New Business or 2 years or less,ROYSE CITY,HUNT,TX,75189-5083,TX-03,14,238220,Unanswered,Unknown/NotStated,,162307,,,,,,Limited  Liability Company(LLC),9551,"Bank of America, National Association",CHARLOTTE,NC,Unanswered,Unanswered,,163209.69,11/24/2020
3914447106,04/12/2020,0671,PPP,MADDUX COMFORT CONTROL INC,6734 RUPLEY CIRCLE,HOUSTON,TX,77087-3455,02/24/2021,Paid in Full,24,100,175000,161940,0,,451098,Stellar Bank,8727 W Sam Houston Pkwy North,HOUSTON,TX,77040-5167,U,Y,Y,Existing or more than 2 years old,HOUSTON,HARRIS,TX,77087-3455,TX-09,21,238220,Unanswered,Unknown/NotStated,,161940,,,,,,Corporation,451098,Stellar Bank,HOUSTON,TX,Unanswered,Unanswered,,163132.06,01/20/2021
9329028406,02/16/2021,0681,PPS,1ST FIRE SAFETY LLC,21606 Arrowhead Pt,Lago Vista,TX,78645-6100,10/16/2021,Paid in Full,60,100,161902,161902,0,,9551,"Bank of America, National Association","100 N Tryon St, Ste 170",CHARLOTTE,NC,28202-4024,U,N,N,Existing or more than 2 years old,Lago Vista,TRAVIS,TX,78645-6100,TX-10,22,238220,White,Not Hispanic or Latino,,161902,,,,,,Limited  Liability Company(LLC),9551,"Bank of America, National Association",CHARLOTTE,NC,Male Owned,Non-Veteran,,162811.31,09/10/2021
3137557207,04/16/2020,0610,PPP,HIGHLAND FIRE PROTECTION COMPANY,8408 STERLING ST,IRVING,TX,75063-2527,02/12/2021,Paid in Full,24,100,161600,161600,0,,111233,Texas Regional Bank,6770 W Expy 83,HARLINGEN,TX,78552,U,N,N,Existing or more than 2 years old,IRVING,DALLAS,TX,75063-2527,TX-24,17,238220,Unanswered,Unknown/NotStated,,145000,,3107,,13493,,Subchapter S Corporation,451135,Texas Regional Bank,Denton,TX,Male Owned,Unanswered,,162475.33,11/03/2020
3837937204,04/27/2020,0681,PPP,"BLCCS,LLC",14886 TRADESMAN STE 120,SAN ANTONIO,TX,78249-1394,12/10/2020,Paid in Full,24,100,161500,161500,0,,71825,Jefferson Bank,1900 Broadway St,San Antonio,TX,78215,U,N,N,Existing or more than 2 years old,SAN ANTONIO,BEXAR,TX,78249-1394,TX-23,11,238220,Unanswered,Unknown/NotStated,,143735,,17765,,,,Limited  Liability Company(LLC),71825,Jefferson Bank,San Antonio,TX,Unanswered,Unanswered,,162376.08,11/20/2020
4428557103,04/13/2020,0671,PPP,"BSP, INC.",11510 HIGHWAY 36,NEEDVILLE,TX,77461-5677,03/17/2021,Paid in Full,24,100,161500,161500,0,,69819,Prosperity Bank,1301 N Mechanic,El Campo,TX,77437,U,N,N,Existing or more than 2 years old,NEEDVILLE,FORT BEND,TX,77461-5677,TX-22,14,238220,Unanswered,Unknown/NotStated,,161500,,,,,,Corporation,69819,Prosperity Bank,El Campo,TX,Unanswered,Unanswered,,162461.05,02/12/2021
9350368604,03/25/2021,0671,PPS,MADDUX COMFORT CONTROL INC,6734 Rupley Cir,Houston,TX,77087-3455,02/19/2022,Paid in Full,60,100,161202.5,161202.5,0,,451098,Stellar Bank,8727 W Sam Houston Pkwy North,HOUSTON,TX,77040-5167,U,Y,Y,Existing or more than 2 years old,Houston,HARRIS,TX,77087-3455,TX-09,21,238220,Unanswered,Unknown/NotStated,1,161201.5,,,,,,Corporation,451098,Stellar Bank,HOUSTON,TX,Unanswered,Unanswered,,162518.99,01/21/2022
4123707208,04/27/2020,0678,PPP,BILLY BLACK HVAC INC,1026 S Goode St,Midland,TX,79701-7815,08/05/2021,Paid in Full,24,100,161168.7,161168.7,0,,71882,West Texas National Bank,"6 Desta Dr, Ste 2400",MIDLAND,TX,79705-5508,U,Y,Y,Existing or more than 2 years old,Midland,MIDLAND,TX,79701-7815,TX-11,15,238220,Unanswered,Unknown/NotStated,,161168.7,,,,,,Subchapter S Corporation,71882,West Texas National Bank,MIDLAND,TX,Male Owned,Unanswered,,163146.88,07/28/2021
9808097003,04/09/2020,0610,PPP,AUGERPROS PLUMBING AND DRAIN LLC,1608 TANGLEWOOD DR,ALLEN,TX,75002-1887,09/29/2021,Paid in Full,24,100,161100,161100,0,,71783,Frost Bank,111 W Houston St,SAN ANTONIO,TX,78205-1414,U,N,N,New Business or 2 years or less,ALLEN,COLLIN,TX,75002-1887,TX-03,12,238220,Unanswered,Unknown/NotStated,,161100,,,,,,Subchapter S Corporation,71783,Frost Bank,SAN ANTONIO,TX,Unanswered,Unanswered,,163222.99,08/12/2021
9878207005,04/09/2020,0610,PPP,"TEXAS FILTER SERVICE, LLC",10276 ROBINSON DR,TYLER,TX,75703-3417,08/13/2021,Paid in Full,24,100,161100,161100,0,,28153,Origin Bank,3921 Elm St,CHOUDRANT,LA,71227-3082,R,N,N,Existing or more than 2 years old,TYLER,SMITH,TX,75703-3417,TX-01,25,238220,Unanswered,Unknown/NotStated,4833,120825,3222,32220,,,,Limited  Liability Company(LLC),71648,Origin Bank,Quitman,TX,Male Owned,Non-Veteran,,163108.23,07/15/2021
1508667108,04/10/2020,0610,PPP,TEXAS RRL LTD,1019 Explorer St,Duncanville,TX,75137-3013,03/09/2021,Paid in Full,24,100,161000,161000,0,Benjamin Franklin Plumbing,69703,"Bank of DeSoto, National Association",2011 N Hampton Rd,DESOTO,TX,75115-2323,U,N,N,Existing or more than 2 years old,Duncanville,DALLAS,TX,75137-3013,TX-30,12,238220,Unanswered,Unknown/NotStated,,161000,,,,,,Partnership,69703,"Bank of DeSoto, National Association",DESOTO,TX,Unanswered,Unanswered,,162086.91,02/12/2021
4224407102,04/13/2020,0610,PPP,"MANN REFRIGERATION, INC.",701 CATES ST,BRIDGEPORT,TX,76426-2909,05/28/2021,Paid in Full,24,100,161000,161000,0,,68922,First Financial Bank,400 Pine St,ABILENE,TX,79601-5108,R,N,Y,Existing or more than 2 years old,BRIDGEPORT,WISE,TX,76426-2909,TX-13,18,238220,Unanswered,Unknown/NotStated,40250,120750,,,,,,Corporation,68922,First Financial Bank,ABILENE,TX,Unanswered,Unanswered,,161894.44,11/03/2020
2305057706,05/01/2020,0681,PPP,"FAUGHT SERVICE COMPANY, INC.",9602 Beck Circle,Austin,TX,78758,04/22/2021,Paid in Full,24,100,160770,160770,0,,48270,"JPMorgan Chase Bank, National Association",1111 Polaris Pkwy,COLUMBUS,OH,43240-2031,U,Y,Y,Existing or more than 2 years old,Austin,TRAVIS,TX,78758-0001,TX-37,13,238220,Unanswered,Unknown/NotStated,,160770,,,,,,Subchapter S Corporation,194093,"JPMorgan Chase Bank, National Association",CHICAGO,IL,Unanswered,Unanswered,,162078.58,02/25/2021
7368797008,04/07/2020,0671,PPP,TRAYLOR MECHANICAL CORPORATION,2651 Douglas St.,Pearland,TX,77581-4701,12/12/2020,Paid in Full,24,100,160700,160700,0,,78563,"Home Bank, National Association",503 Kaliste Saloom Rd,LAFAYETTE,LA,70508-4203,U,N,N,Existing or more than 2 years old,Pearland,BRAZORIA,TX,77581-4701,TX-22,9,238220,Unanswered,Unknown/NotStated,,160700,,,,,,Corporation,452541,Home Bank National Association,HOUSTON,TX,Unanswered,Unanswered,,161682.06,11/23/2020
8042018303,01/29/2021,0610,PPS,A OK COMPANIES,3737 Conflans Rd,Irving,TX,75061-3912,01/07/2022,Paid in Full,60,100,160200,160200,0,,72088,Citizens National Bank of Texas,200 N Elm St,Waxahachie,TX,75165-3614,U,Y,Y,Existing or more than 2 years old,Irving,DALLAS,TX,75061-3912,TX-06,16,238220,Unanswered,Not Hispanic or Latino,,160199,,,,,,Corporation,72088,Citizens National Bank of Texas,Waxahachie,TX,Male Owned,Non-Veteran,,161610.65,12/16/2021
8714257106,04/15/2020,0610,PPP,"AGGRESSIVE PLUMBING SERVICE & REPAIR, LLC",1220 W HURST BLVD STE 100,HURST,TX,76053-7471,03/20/2021,Paid in Full,24,100,160000,160000,0,,71783,Frost Bank,111 W Houston St,SAN ANTONIO,TX,78205-1414,U,N,N,Existing or more than 2 years old,HURST,TARRANT,TX,76053-7471,TX-24,13,238220,Unanswered,Unknown/NotStated,,160000,,,,,,Limited  Liability Company(LLC),71783,Frost Bank,SAN ANTONIO,TX,Unanswered,Unanswered,,161014.25,02/16/2021
8392017209,04/28/2020,0671,PPP,"ULTRA MECHANICAL, INC.",9636 KEEGAN RD Suite B,HOUSTON,TX,77099-2544,05/25/2021,Paid in Full,24,100,159800,159800,0,,71783,Frost Bank,111 W Houston St,SAN ANTONIO,TX,78205-1414,U,N,Y,Existing or more than 2 years old,HOUSTON,HARRIS,TX,77099-2544,TX-09,17,238220,Unanswered,Unknown/NotStated,,159800,,,,,,Corporation,71783,Frost Bank,SAN ANTONIO,TX,Unanswered,Unanswered,,161266.66,04/01/2021
7274957007,04/07/2020,0681,PPP,"RICE PLUMBING, INC.",808 S. Washington,BEEVILLE,TX,78102-6425,04/07/2021,Paid in Full,24,100,159722,159722,0,,71853,Texas Champion Bank,6124 S Staples,CORPUS CHRISTI,TX,78413-2904,R,N,Y,Existing or more than 2 years old,BEEVILLE,BEE,TX,78102-6425,TX-34,15,238220,Unanswered,Unknown/NotStated,,159722,,,,,,Corporation,71853,Texas Champion Bank,CORPUS CHRISTI,TX,Unanswered,Unanswered,,161214.2,03/25/2021
9043828807,04/23/2021,0681,PPS,RICE PLUMBING INC.,808 S Washington St,Beeville,TX,78102-6425,11/11/2021,Paid in Full,60,100,159722,159722,0,,71853,Texas Champion Bank,6124 S Staples,CORPUS CHRISTI,TX,78413-2904,R,Y,N,Existing or more than 2 years old,Beeville,BEE,TX,78102-6425,TX-34,10,238220,Unanswered,Unknown/NotStated,1,159718,,,,,,Corporation,71853,Texas Champion Bank,CORPUS CHRISTI,TX,Unanswered,Unanswered,,160487.79,10/26/2021
1921857709,05/01/2020,0671,PPP,"ENVIRONMENTAL AIR SYSTEMS, INC.",4913 mangum,HOUSTON,TX,77092,07/22/2021,Paid in Full,24,100,159527,159527,0,,48270,"JPMorgan Chase Bank, National Association",1111 Polaris Pkwy,COLUMBUS,OH,43240-2031,U,N,N,Existing or more than 2 years old,HOUSTON,HARRIS,TX,77092-0001,TX-18,12,238220,Unanswered,Unknown/NotStated,2060,127622,,8630,,21215,,Corporation,194093,"JPMorgan Chase Bank, National Association",CHICAGO,IL,Unanswered,Unanswered,,161281.44,06/10/2021
8592657207,04/28/2020,0671,PPP,"ACCUVENT AIR, L.L.C.",11927 Windfern Road,Houston,TX,77064-3204,07/09/2021,Paid in Full,24,100,159500,159500,0,,33850,Comerica Bank,1717 Main St,DALLAS,TX,75201-4612,U,N,Y,Existing or more than 2 years old,Houston,HARRIS,TX,77064-3204,TX-18,10,238220,White,Not Hispanic or Latino,,127630.28,31869.72,,,,,Limited  Liability Company(LLC),33850,Comerica Bank,DALLAS,TX,Female Owned,Non-Veteran,,161329.82,06/17/2021
3993728307,01/22/2021,0610,PPS,HOOVER FORT WORTH LLC,2705 Saint Louis Ave,Fort Worth,TX,76110-3343,08/05/2021,Paid in Full,60,100,159170,159170,0,,59179,InterBank,4921 N May Ave,OKLAHOMA CITY,OK,73112-6041,U,Y,Y,Existing or more than 2 years old,Fort Worth,TARRANT,TX,76110-3343,TX-33,20,238220,Unanswered,Unknown/NotStated,1,159166,,,,,,Limited  Liability Company(LLC),59179,InterBank,OKLAHOMA CITY,OK,Male Owned,Non-Veteran,,159863.37,07/07/2021
6558777107,04/14/2020,0678,PPP,C&L HEATING & AIR CONDITIONING CORP.,1641 Lone Star Drive,Odessa,TX,79766,11/13/2021,Paid in Full,24,100,159112,159112,0,,106226,First Basin CU,2740 N County Rd W,ODESSA,TX,79764-1664,U,N,N,"Startup, Loan Funds will Open Business",Odessa,ECTOR,TX,79766-0002,TX-11,10,238220,Unanswered,Unknown/NotStated,,159112,,,,,,Corporation,106226,First Basin CU,ODESSA,TX,Unanswered,Unanswered,,161130.32,07/26/2021
5835178606,03/20/2021,0610,PPS,ENVIRONMENTAL TECHNIQUES CORPORATION,2809 Industrial Ln,Garland,TX,75041-2306,11/06/2021,Paid in Full,60,100,158800,158800,0,,33850,Comerica Bank,1717 Main St,DALLAS,TX,75201-4612,U,Y,Y,Existing or more than 2 years old,Garland,DALLAS,TX,75041-2306,TX-32,14,238220,Unanswered,Unknown/NotStated,,158799,,,,,,Corporation,33850,Comerica Bank,DALLAS,TX,Unanswered,Unanswered,,159748.39,10/26/2021
1114537700,05/01/2020,0610,PPP,"UCBM FACILITY SERVICE, INC.",11150 Morrison Lane,DALLAS,TX,75229,02/18/2021,Paid in Full,24,100,158602,158602,0,,48270,"JPMorgan Chase Bank, National Association",1111 Polaris Pkwy,COLUMBUS,OH,43240-2031,U,N,Y,Existing or more than 2 years old,DALLAS,DALLAS,TX,75229-0001,TX-06,14,238220,Asian,Not Hispanic or Latino,,158602,,,,,,Subchapter S Corporation,194093,"JPMorgan Chase Bank, National Association",CHICAGO,IL,Female Owned,Non-Veteran,,159681.37,01/07/2021
1720307309,04/28/2020,0639,PPP,"ALLIANCE SPCIALIZED SYSTEMS, L",105 W ANAYA RD,PHARR,TX,78577-9323,06/15/2021,Paid in Full,24,100,158549,158549,0,,111233,Texas Regional Bank,6770 W Expy 83,HARLINGEN,TX,78552,U,Y,N,Existing or more than 2 years old,PHARR,HIDALGO,TX,78577-9323,TX-15,22,238220,Unanswered,Unknown/NotStated,,158549,,,,,,Limited  Liability Company(LLC),111233,Texas Regional Bank,HARLINGEN,TX,Male Owned,Non-Veteran,,160134.49,05/03/2021
1283007303,04/28/2020,0671,PPP,ALANAR PLUMBING LLC,7742 Hunters Peak Ln,BAYTOWN,TX,77523,,Exemption 4,60,100,158459,158459,0,,44449,"PNC Bank, National Association",222 Delaware Ave,WILMINGTON,DE,19801-1621,R,N,N,Existing or more than 2 years old,BAYTOWN,CHAMBERS,TX,77523-0001,TX-36,7,238220,Unanswered,Unknown/NotStated,1000,156459,,1000,,,,Limited Liability Partnership,760,First Source Federal Credit Union,Rome,NY,Unanswered,Unanswered,,,
1605337301,04/28/2020,0671,PPP,"CUSTOM MECHANICAL, INC.",17223 WINDING OAK CR,CYRPESS,TX,77429,12/07/2021,Paid in Full,24,100,158000,158000,0,,33850,Comerica Bank,1717 Main St,DALLAS,TX,75201-4612,U,N,N,Existing or more than 2 years old,CYRPESS,HARRIS,TX,77429-0001,TX-10,12,238220,Unanswered,Unknown/NotStated,,158000,,,,,,Subchapter S Corporation,33850,Comerica Bank,DALLAS,TX,Unanswered,Unanswered,,160479.72,11/26/2021
6227597205,04/27/2020,0671,PPP,BRANDT AIR CONDITIONING AND HEATING SERVICES LLC,561 CAROLINA ST,KATY,TX,77494-8252,03/09/2021,Paid in Full,24,100,158000,158000,0,,70700,International Bank of Commerce,1200 San Bernardo Ave,LAREDO,TX,78040-6301,U,N,N,New Business or 2 years or less,KATY,FORT BEND,TX,77494-8252,TX-22,12,238220,Unanswered,Unknown/NotStated,,158000,,,,,,Limited  Liability Company(LLC),70700,International Bank of Commerce,LAREDO,TX,Unanswered,Unanswered,,159237.67,02/12/2021
6674307103,04/14/2020,0681,PPP,TROTTER AND MORTON FACILITY SERVICE OF TEXAS INC,11202 Disco,SAN ANTONIO,TX,78216-2860,10/08/2021,Paid in Full,24,100,157800,157800,0,,74899,Washington Trust Bank,717 W Sprague Ave,SPOKANE,WA,99201-3915,U,N,N,Unanswered,SAN ANTONIO,BEXAR,TX,78216-2860,TX-21,8,238220,Unanswered,Unknown/NotStated,,157800,,,,,,Corporation,74899,Washington Trust Bank,SPOKANE,WA,Unanswered,Unanswered,,160022.17,09/27/2021
2082607402,05/05/2020,0671,PPP,ISLAND MANN PLUMBING AND DRAIN CLEANING,8007 Channelview Dr,Galveston,TX,77554,09/15/2021,Paid in Full,24,100,157748.34,157748.34,0,,529050,"Square Capital, LLC","1455 Market Street, Suite 600",San Francisco,CA,94103,U,Y,N,Existing or more than 2 years old,Galveston,GALVESTON,TX,77554-0001,TX-14,27,238220,Unanswered,Unknown/NotStated,19718.54,118311.25,19718.55,,,,,Limited  Liability Company(LLC),223542,Celtic Bank Corporation,SALT LAKE CITY,UT,Male Owned,Non-Veteran,,159740.72,08/10/2021
8698677701,05/01/2020,0671,PPP,"TAS MECHANICAL, INC.",11250 Thompson Rd,Willis,TX,77318,05/27/2021,Paid in Full,24,100,157720,157720,0,,456756,Cross River Bank,885 Teaneck Rd,TEANECK,NJ,07666-4546,U,N,N,Existing or more than 2 years old,Willis,MONTGOMERY,TX,77318-0001,TX-08,10,238220,Unanswered,Unknown/NotStated,,157720,,,,,,Corporation,456756,Cross River Bank,TEANECK,NJ,Unanswered,Unanswered,,159171.89,04/06/2021
7910747103,04/14/2020,0671,PPP,"KINGWOOD AIR CONDITIONING & HEATING, INC.",22424 LOOP 494,KINGWOOD,TX,77339-2816,09/16/2021,Paid in Full,24,100,157700,157700,0,,454766,Third Coast Bank,"20202 Hwy 59 North, Ste 190",Humble,TX,77338,U,N,N,Existing or more than 2 years old,KINGWOOD,HARRIS,TX,77339-2816,TX-02,13,238220,Unanswered,Unknown/NotStated,,157700,,,,,,Limited  Liability Company(LLC),454766,Third Coast Bank,Humble,TX,Unanswered,Unanswered,,159785.14,08/17/2021
5685847004,04/06/2020,0610,PPP,"SERVICE FIRE & INDUSTRIAL, INC",16128 FM 548,FORNEY,TX,75126-6206,01/21/2021,Paid in Full,24,100,157600,157600,0,,71871,HomeBank Texas,601 N Hwy 175,SEAGOVILLE,TX,75159-1832,R,N,N,Existing or more than 2 years old,FORNEY,KAUFMAN,TX,75126-6206,TX-05,28,238220,White,Not Hispanic or Latino,,157600,,,,,,Corporation,71871,HomeBank Texas,SEAGOVILLE,TX,Male Owned,Unanswered,,158690.07,12/22/2020
8494047110,04/15/2020,0681,PPP,S.A. RITEWAY SERVICE COMPANY,9010 BROADWAY ST,SAN ANTONIO,TX,78217-6117,01/22/2021,Paid in Full,24,100,157600,157600,0,,71783,Frost Bank,111 W Houston St,SAN ANTONIO,TX,78205-1414,U,N,N,Existing or more than 2 years old,SAN ANTONIO,BEXAR,TX,78217-6117,TX-35,13,238220,White,Not Hispanic or Latino,,157600,,,,,,Corporation,71783,Frost Bank,SAN ANTONIO,TX,Male Owned,Veteran,,158587.19,02/16/2021
5449697103,04/13/2020,0681,PPP,GOEBLER TCS INC,POB 1241,BUDA,TX,78610,02/19/2022,Paid in Full,24,100,157380,157380,0,,188567,Loan Source Incorporated,353 East 83rd Street Suite 3H,NEW YORK,NY,10028,R,N,N,New Business or 2 years or less,BUDA,HAYS,TX,78610-0001,TX-21,9,238220,Unanswered,Unknown/NotStated,,157380,,,,,,Corporation,39848,Cadence Bank,TUPELO,MS,Unanswered,Unanswered,,159458.28,08/17/2021
9160707003,04/09/2020,0678,PPP,"TURNER & WITT PLUMBING, HEATING AND AIR CONDITIONING, INC.",8225 AVE D,LUBBOCK,TX,79404-6321,01/16/2021,Paid in Full,24,100,157100,157100,0,,71330,City Bank,5219 City Bank Pkwy,LUBBOCK,TX,79407-3544,U,N,N,Existing or more than 2 years old,LUBBOCK,LUBBOCK,TX,79404-6321,TX-19,23,238220,Unanswered,Unknown/NotStated,15710,125680,,15710,,,,Subchapter S Corporation,71330,City Bank,LUBBOCK,TX,Unanswered,Unanswered,,158190.97,12/22/2020
6774867006,04/07/2020,0610,PPP,DOUBLE L PLUMBING LLC,PO Box 1249,AZLE,TX,76098-1249,12/09/2020,Paid in Full,24,100,157000,157000,0,,70535,Pinnacle Bank,"250, W Lancaster Ave, Ste 170",Fort Worth,TX,76102,R,N,N,Existing or more than 2 years old,AZLE,PARKER,TX,76098-1249,TX-12,15,238220,Unanswered,Unknown/NotStated,,157000,,,,,,Corporation,70535,Pinnacle Bank,Fort Worth,TX,Unanswered,Unanswered,,157933.28,11/17/2020
1878217709,05/01/2020,0677,PPP,"GATEWAY AIR CONDITIONING AND SHEET METAL CO., INC.",3117 ROSA AVE,EL PASO,TX,79905,04/23/2021,Paid in Full,24,100,156112,156112,0,,48270,"JPMorgan Chase Bank, National Association",1111 Polaris Pkwy,COLUMBUS,OH,43240-2031,U,Y,Y,Existing or more than 2 years old,EL PASO,EL PASO,TX,79905-1000,TX-16,230,238220,Unanswered,Unknown/NotStated,1805,142914,,,,11393,,Corporation,194093,"JPMorgan Chase Bank, National Association",CHICAGO,IL,Male Owned,Non-Veteran,,157382.66,02/25/2021
3061528502,02/22/2021,0610,PPS,COVE PLUMBING INC.,2416 E Business 190,Copperas Cove,TX,76522-2556,11/17/2021,Paid in Full,60,100,156100,156100,0,,39848,Cadence Bank,201 S Spring St,TUPELO,MS,38804-4811,U,N,N,Existing or more than 2 years old,Copperas Cove,CORYELL,TX,76522-2556,TX-31,12,238220,Unanswered,Unknown/NotStated,,156100,,,,,,Corporation,70018,Cadence Bank,Gatesville,TX,Unanswered,Unanswered,,157131.99,10/20/2021
5241628406,02/08/2021,0681,PPS,E. L. SMITH PLUMBING & HEATING INC,2013 West Ave,San Antonio,TX,78201-2868,10/22/2021,Paid in Full,60,100,156100,156100,0,,71783,Frost Bank,111 W Houston St,SAN ANTONIO,TX,78205-1414,U,Y,N,Existing or more than 2 years old,San Antonio,BEXAR,TX,78201-2868,TX-20,15,238220,Unanswered,Not Hispanic or Latino,1,156097,,,,,,Corporation,71783,Frost Bank,SAN ANTONIO,TX,Male Owned,Non-Veteran,,157062.26,09/23/2021
5332087104,04/13/2020,0610,PPP,"COVE PLUMBING, INC",2416 E BUSINESS 190,COPPERAS COVE,TX,76522-2556,12/16/2020,Paid in Full,24,100,156100,156100,0,,39848,Cadence Bank,201 S Spring St,TUPELO,MS,38804-4811,U,N,N,Existing or more than 2 years old,COPPERAS COVE,CORYELL,TX,76522-2556,TX-31,13,238220,Unanswered,Unknown/NotStated,,156100,,,,,,Corporation,70018,Cadence Bank,Gatesville,TX,Male Owned,Unanswered,,157019.49,11/17/2020
9461397108,04/15/2020,0639,PPP,CUSTOM FILTRATION INC,9233 LEOPARD ST,CORPUS CHRISTI,TX,78409-2506,03/18/2021,Paid in Full,24,100,155954,155954,0,,69244,Charter Bank,10502 Leopard St,CORPUS CHRISTI,TX,78410-2621,U,Y,N,Existing or more than 2 years old,CORPUS CHRISTI,NUECES,TX,78409-2506,TX-27,14,238220,Unanswered,Hispanic or Latino,550,116250,,11200,,27954,,Corporation,69244,Charter Bank,CORPUS CHRISTI,TX,Male Owned,Veteran,,157270,02/25/2021
3303347101,04/11/2020,0681,PPP,MEYER HEATING & AIR CONDITIONING INC,258 DEBORAH DR,NEW BRAUNFELS,TX,78130,05/07/2021,Paid in Full,24,100,155800,155800,0,,71874,"First Commercial Bank, National Association",1336 E Court St,SEGUIN,TX,78155-5131,R,N,N,Existing or more than 2 years old,NEW BRAUNFELS,COMAL,TX,78130-0001,TX-35,13,238220,Unanswered,Unknown/NotStated,,155800,,,,,,Subchapter S Corporation,71874,"First Commercial Bank, National Association",SEGUIN,TX,Male Owned,Unanswered,,157319.05,04/08/2021
6017497201,04/27/2020,0681,PPP,"THARP ROUSH, LLC",LOGAN RANCH RD,GEORGETOWN,TX,78628-1209,12/15/2020,Paid in Full,24,100,155410,155410,0,,71468,"SouthStar Bank, S.S.B.",100 S Main St,MOULTON,TX,77975-4598,U,N,N,Unanswered,GEORGETOWN,WILLIAMSON,TX,78628-1209,TX-31,14,238220,Unanswered,Unknown/NotStated,,155410,,,,,,Limited  Liability Company(LLC),71468,"SouthStar Bank, S.S.B.",MOULTON,TX,Unanswered,Unanswered,,156197.69,11/03/2020
2490347700,05/01/2020,0610,PPP,SERVICE ONE AIR CONDITIONING AND HEATING LLC,110 SPORTS PKWY STE B,KELLER,TX,76248,02/18/2021,Paid in Full,24,100,155352,155352,0,,48270,"JPMorgan Chase Bank, National Association",1111 Polaris Pkwy,COLUMBUS,OH,43240-2031,U,N,N,Existing or more than 2 years old,KELLER,TARRANT,TX,76248-0100,TX-24,12,238220,Unanswered,Unknown/NotStated,7000,144752,,3600,,,,Limited  Liability Company(LLC),194093,"JPMorgan Chase Bank, National Association",CHICAGO,IL,Unanswered,Unanswered,,156489.61,01/26/2021
2169948300,01/20/2021,0681,PPS,"WALTERS PLUMBING, INC",8005 Bar K Ranch Rd,Lago Vista,TX,78645-4697,08/17/2021,Paid in Full,60,100,155212,155212,0,,69949,Security State Bank & Trust,201 W Main St,FREDERICKSBURG,TX,78624-3709,U,N,N,Existing or more than 2 years old,Lago Vista,TRAVIS,TX,78645-4697,TX-10,15,238220,White,Not Hispanic or Latino,,155212,,,,,,Corporation,69949,Security State Bank & Trust,FREDERICKSBURG,TX,Male Owned,Non-Veteran,,156031.17,08/06/2021
4847947009,04/04/2020,0681,PPP,"WALTERS PLUMBING, INC",8005 Bar K Ranch Road,LAGO VISTA,TX,78645-4405,12/03/2020,Paid in Full,24,100,155200,155200,0,,69949,Security State Bank & Trust,201 W Main St,FREDERICKSBURG,TX,78624-3709,U,N,N,Existing or more than 2 years old,LAGO VISTA,TRAVIS,TX,78645-4405,TX-10,14,238220,White,Not Hispanic or Latino,350,151850,,3000,,,,Corporation,69949,Security State Bank & Trust,FREDERICKSBURG,TX,Male Owned,Non-Veteran,,156148.44,11/23/2020
5796717003,04/06/2020,0671,PPP,CFM MECHANICAL,3300 LONGHORN DR,HOUSTON,TX,77084-4102,03/09/2021,Paid in Full,24,100,155200,155200,0,,448034,Austin County State Bank,436 S Front St,BELLVILLE,TX,77418-2413,U,N,N,Existing or more than 2 years old,HOUSTON,HARRIS,TX,77084-4102,TX-08,18,238220,Unanswered,Not Hispanic or Latino,,155200,,,,,,Limited  Liability Company(LLC),448034,Austin County State Bank,BELLVILLE,TX,Male Owned,Unanswered,,156097.51,02/16/2021
1116737705,05/01/2020,0610,PPP,MLL ENTERPRISES INC,2405A INTERSTATE 30,MESQUITE,TX,75150,02/18/2021,Paid in Full,24,100,155162,155162,0,,48270,"JPMorgan Chase Bank, National Association",1111 Polaris Pkwy,COLUMBUS,OH,43240-2031,U,N,Y,Existing or more than 2 years old,MESQUITE,DALLAS,TX,75150-0001,TX-05,11,238220,Unanswered,Unknown/NotStated,2836,130046,,8200,,14080,,Corporation,194093,"JPMorgan Chase Bank, National Association",CHICAGO,IL,Unanswered,Unanswered,,156184.17,12/30/2020
6448437000,04/06/2020,0639,PPP,"RESCUE HEATING AND AIR, LLC",2646 FM 3376,ALICE,TX,78332-0001,07/07/2021,Paid in Full,24,100,155112,155112,0,,71857,First State Bank of San Diego,209 E Gravis Hwy 44,SAN DIEGO,TX,78384-8384,R,Y,N,Existing or more than 2 years old,ALICE,JIM WELLS,TX,78332-0001,TX-34,17,238220,Unanswered,Hispanic or Latino,31022,124090,,,,,,Limited  Liability Company(LLC),71857,First State Bank of San Diego,SAN DIEGO,TX,Male Owned,Unanswered,,157007.81,06/24/2021
1948087202,04/15/2020,0610,PPP,KILLEEN HEATING AND AIR CONDITIONING INC.,509 CONDER STREET,KILLEEN,TX,76541,01/26/2021,Paid in Full,24,100,155102.5,155102.5,0,,39848,Cadence Bank,201 S Spring St,TUPELO,MS,38804-4811,U,N,N,New Business or 2 years or less,KILLEEN,BELL,TX,76541-2000,TX-11,12,238220,Unanswered,Unknown/NotStated,,155102.5,,,,,,Corporation,39848,Cadence Bank,TUPELO,MS,Unanswered,Unanswered,,156119.28,12/15/2020
5008187010,04/04/2020,0610,PPP,"1ST CHOICE AIR SOLUTIONS, LLC",2851 Tinsley LN,FORT WORTH,TX,76179-9119,05/19/2021,Paid in Full,24,100,155000,155000,0,,68922,First Financial Bank,400 Pine St,ABILENE,TX,79601-5108,U,N,N,Existing or more than 2 years old,FORT WORTH,TARRANT,TX,76179-9119,TX-12,14,238220,Unanswered,Unknown/NotStated,38750,116250,,,,,,Limited  Liability Company(LLC),68922,First Financial Bank,ABILENE,TX,Unanswered,Unanswered,,156244.31,01/28/2021
7896607208,04/28/2020,0610,PPP,"TRI-CHEM SPECIALTY CHEMICALS, LLC",2600 N Cresson Hwy,CRESSON,TX,76035,01/22/2021,Paid in Full,24,100,154817,154817,0,,105993,Credit Human Federal Credit Union,1703 Broadway,San Antonio,TX,78215,R,N,N,Unanswered,CRESSON,HOOD,TX,76035-0001,TX-25,22,238220,Unanswered,Unknown/NotStated,,154817,,,,,,Corporation,105993,Credit Human Federal Credit Union,San Antonio,TX,Unanswered,Unanswered,,155792.56,12/22/2020
1504517101,04/10/2020,0678,PPP,"DUNCAN HEATING AND AIR CONDITIONING, INC.",7437 MARSHA SHARP FWY,LUBBOCK,TX,79407-8246,03/11/2021,Paid in Full,24,100,154600,154600,0,,444645,HTLF Bank,"1800 Larimer St, Ste 100",DENVER,CO,80202-1404,U,N,N,Existing or more than 2 years old,LUBBOCK,LUBBOCK,TX,79407-8246,TX-19,15,238220,Unanswered,Unknown/NotStated,,154600,,,,,,Corporation,72156,"First Bank and Trust, A Division of HTLF Bank",Lubbock,TX,Unanswered,Unanswered,,155566.19,02/12/2021
9195458301,01/30/2021,0678,PPS,GEISTWEIDT PLUMBING INC,8701 Avenue P,Lubbock,TX,79423-3577,04/06/2022,Paid in Full,60,100,154494.25,154494.25,0,,71330,City Bank,5219 City Bank Pkwy,LUBBOCK,TX,79407-3544,U,N,N,Existing or more than 2 years old,Lubbock,LUBBOCK,TX,79423-3577,TX-19,11,238220,White,Not Hispanic or Latino,,154494.25,,,,,,Corporation,71330,City Bank,LUBBOCK,TX,Male Owned,Non-Veteran,,156270.93,03/23/2022
6186928403,02/10/2021,0610,PPS,FPI LLC,2588 N Houston St Apt 2200,Dallas,TX,75219-7846,03/02/2022,Paid in Full,60,100,154400,154400,0,,71476,"Guaranty Bank & Trust, National Association",100 W Arkansas,MOUNT PLEASANT,TX,75455-4420,U,N,N,Existing or more than 2 years old,Dallas,DALLAS,TX,75219-7846,TX-30,15,238220,Unanswered,Unknown/NotStated,,154400,,,,,,Limited  Liability Company(LLC),71476,"Guaranty Bank & Trust, National Association",MOUNT PLEASANT,TX,Male Owned,Unanswered,,155724.03,12/23/2021
2117317203,04/15/2020,0610,PPP,ALLIANCE MECHANICAL SERVICES L,2130 REGAL PKWY,EULESS,TX,76040-6732,07/08/2021,Paid in Full,24,100,154300,154300,0,,433720,Harmony Bank,"4161 McKinney Ave, Ste 101",DALLAS,TX,75204-8217,U,N,N,Existing or more than 2 years old,EULESS,TARRANT,TX,76040-6732,TX-24,13,238220,White,Not Hispanic or Latino,,154300,,,,,,Corporation,433720,Harmony Bank,DALLAS,TX,Male Owned,Non-Veteran,,156074.45,06/14/2021
6775547202,04/28/2020,0610,PPP,"BOEN PLUMBING, INC",5720 FRANKLIN AVE,WACO,TX,76710-6937,10/02/2021,Paid in Full,24,100,154300,154300,0,,72074,Central National Bank,8320 W Hwy 84,WACO,TX,76712-3601,U,Y,Y,Existing or more than 2 years old,WACO,MCLENNAN,TX,76710-6937,TX-17,19,238220,Unanswered,Unknown/NotStated,1800,152500,,,,,,Corporation,72074,Central National Bank,WACO,TX,Female Owned,Non-Veteran,,156231.92,08/05/2021
5989898602,03/20/2021,0610,PPS,TRINITY INSULATION CO.,549 N 5th St,Garland,TX,75040-5005,07/15/2022,Paid in Full,60,100,153870,153870,0,,48270,"JPMorgan Chase Bank, National Association",1111 Polaris Pkwy,COLUMBUS,OH,43240-2031,U,N,Y,Existing or more than 2 years old,Garland,DALLAS,TX,75040-5005,TX-05,12,238220,Unanswered,Unknown/NotStated,1,153865,,,,,,Corporation,48270,"JPMorgan Chase Bank, National Association",COLUMBUS,OH,Unanswered,Unanswered,,155721.4,06/09/2022
2710998804,04/13/2021,0678,PPS,DENNIS LEATHERWOOD,1900 Lubbock Hwy,Lamesa,TX,79331-3333,01/07/2023,Paid in Full,60,100,153725,153725,0,,70674,The Lamesa National Bank,602 S 1st St,LAMESA,TX,79331-6248,U,N,Y,Existing or more than 2 years old,Lamesa,DAWSON,TX,79331-3333,TX-19,14,238220,Unanswered,Unknown/NotStated,1,153723,,,,,,Sole Proprietorship,70674,The Lamesa National Bank,LAMESA,TX,Unanswered,Unanswered,,156325.51,12/14/2022
9907427001,04/09/2020,0678,PPP,LEATHERWOOD PLUMBING HEATING & A/C,1900 Lubbock Hwy,LAMESA,TX,79331-3333,03/22/2022,Paid in Full,24,100,132892,153725,0,,70674,The Lamesa National Bank,602 S 1st St,LAMESA,TX,79331-6248,U,N,N,Existing or more than 2 years old,LAMESA,DAWSON,TX,79331-3333,TX-19,13,238220,Unanswered,Unknown/NotStated,,153725,,,,,,Sole Proprietorship,70674,The Lamesa National Bank,LAMESA,TX,Unanswered,Unanswered,,155911.31,09/08/2021
1153798402,02/01/2021,0610,PPS,ROBERTS & PETTY INC.,2709 Stephen F Austin Dr,Brownwood,TX,76801-6425,10/09/2021,Paid in Full,60,100,153527,153527,0,,69112,Texas Bank,400 Fisk Ave,BROWNWOOD,TX,76801-2930,R,N,N,Existing or more than 2 years old,Brownwood,BROWN,TX,76801-6425,TX-11,16,238220,Unanswered,Not Hispanic or Latino,,153527,,,,,,Corporation,69112,Texas Bank,BROWNWOOD,TX,Male Owned,Non-Veteran,,154294.63,08/04/2021
6486067302,04/30/2020,0671,PPP,"G.O. PLUS PLUMBING SERVICES, INC",13602 Luthe Rd,Houston,TX,77039-2818,12/19/2020,Paid in Full,24,100,153500,153500,0,,69819,Prosperity Bank,1301 N Mechanic,El Campo,TX,77437,U,N,Y,Existing or more than 2 years old,Houston,HARRIS,TX,77039-2818,TX-29,15,238220,Unanswered,Unknown/NotStated,,153500,,,,,,Corporation,69819,Prosperity Bank,El Campo,TX,Unanswered,Unanswered,,154265.4,11/03/2020
1704678409,02/02/2021,0681,PPS,DALLIS REFRIGERATION OF TEXAS LLC,431 Linda Dr,Canyon Lake,TX,78133-2002,08/17/2021,Paid in Full,60,100,153460,153460,0,,69949,Security State Bank & Trust,201 W Main St,FREDERICKSBURG,TX,78624-3709,R,N,N,Existing or more than 2 years old,Canyon Lake,COMAL,TX,78133-2002,TX-21,12,238220,Unanswered,Unknown/NotStated,,153460,,,,,,Corporation,69949,Security State Bank & Trust,FREDERICKSBURG,TX,Male Owned,Unanswered,,154210.25,08/06/2021
8713537007,04/08/2020,0681,PPP,"DALLIS REFRIGERATION OF TEXAS, LLC",431 Linda Drive,CANYON LAKE,TX,78133-2002,02/17/2021,Paid in Full,24,100,153400,153400,0,,69949,Security State Bank & Trust,201 W Main St,FREDERICKSBURG,TX,78624-3709,R,N,N,Existing or more than 2 years old,CANYON LAKE,COMAL,TX,78133-2002,TX-21,12,238220,Unanswered,Unknown/NotStated,,153400,,,,,,Corporation,69949,Security State Bank & Trust,FREDERICKSBURG,TX,Male Owned,Unanswered,,154316.14,11/19/2020
8051907000,04/08/2020,0671,PPP,"BACKUP UTILITY CONTRACTORS, INC",3818 REESE RD,ROSENBERG,TX,77471-5575,02/02/2021,Paid in Full,24,100,153221,153221,0,,68922,First Financial Bank,400 Pine St,ABILENE,TX,79601-5108,U,N,N,Existing or more than 2 years old,ROSENBERG,FORT BEND,TX,77471-5575,TX-22,15,238220,Unanswered,Unknown/NotStated,38305.25,114915.75,,,,,,Subchapter S Corporation,68922,First Financial Bank,ABILENE,TX,Unanswered,Unanswered,,154263.75,12/14/2020
3555817205,04/27/2020,0671,PPP,HYMAN PLUMBING CO,9880 Lost Lane,Chappell Hill,TX,77426,01/09/2021,Paid in Full,24,100,153000,153000,0,,69085,The Brenham National Bank,2211 S Day St,Brenham,TX,77833,R,N,N,Existing or more than 2 years old,Chappell Hill,WASHINGTON,TX,77426-0001,TX-10,16,238220,Unanswered,Unknown/NotStated,,153000,,,,,,Subchapter S Corporation,69085,The Brenham National Bank,Brenham,TX,Unanswered,Unanswered,,153939.25,12/09/2020
3684367208,04/27/2020,0681,PPP,"CENTEX MECHANICAL, INC.",514 Old Austin Highway,Bastrop,TX,78602,09/24/2021,Paid in Full,24,100,162400,152900,0,,69015,The First National Bank of Bastrop,489 Hwy 71 W,BASTROP,TX,78602-3745,R,N,Y,Existing or more than 2 years old,Bastrop,BASTROP,TX,78602-0001,TX-27,12,238220,Unanswered,Unknown/NotStated,1,152897,1,1,,,,Corporation,69015,The First National Bank of Bastrop,BASTROP,TX,Unanswered,Unanswered,,153804.71,02/12/2021
8531977303,05/01/2020,0677,PPP,DANIEL RESENDEZ INC,7124 N Loop,EL PASO,TX,79915-2331,12/04/2020,Paid in Full,24,100,152900,152900,0,,66442,First Savings Bank,201 N Third,BERESFORD,SD,57004-1743,U,N,Y,Existing or more than 2 years old,EL PASO,EL PASO,TX,79915-2331,TX-16,21,238220,Unanswered,Hispanic or Latino,,152900,,,,,,Corporation,66442,First Savings Bank,BERESFORD,SD,Male Owned,Non-Veteran,,153728.21,11/17/2020
2034677309,04/29/2020,0610,PPP,"RICK AND DICKSIE, LLC",3484 FM 2813,Flint,TX,75762,03/09/2021,Paid in Full,24,100,152500,152500,0,,2408,Regions Bank,1900 Fifth Avenue North,BIRMINGHAM,AL,35203,R,N,N,Existing or more than 2 years old,Flint,SMITH,TX,75762-0001,TX-01,17,238220,American Indian or Alaska Native,Not Hispanic or Latino,,152500,,,,,,Limited  Liability Company(LLC),2408,Regions Bank,BIRMINGHAM,AL,Male Owned,Veteran,,153394.59,02/12/2021
7427748306,01/28/2021,0681,PPS,AMG CONTRACTORS LLC,118 BROADWAY STSTE 502,SAN ANTONIO,TX,78205,11/20/2021,Paid in Full,60,100,152500,152500,0,,71783,Frost Bank,111 W Houston St,SAN ANTONIO,TX,78205-1414,U,N,N,Existing or more than 2 years old,SAN ANTONIO,BEXAR,TX,78205,TX-35,7,238220,Unanswered,Unknown/NotStated,1,152495,,,,,,Limited  Liability Company(LLC),71783,Frost Bank,SAN ANTONIO,TX,Male Owned,Non-Veteran,,153506.92,10/04/2021
4403587203,04/27/2020,0671,PPP,DOUG TURNER PLUMBING CO.,PO Box 1177,Sugar Land,TX,77487,06/08/2021,Paid in Full,24,100,152200,152200,0,,33850,Comerica Bank,1717 Main St,DALLAS,TX,75201-4612,U,Y,N,Existing or more than 2 years old,Sugar Land,FORT BEND,TX,77487-0001,TX-22,12,238220,Unanswered,Unknown/NotStated,,152200,,,,,,Subchapter S Corporation,33850,Comerica Bank,DALLAS,TX,Unanswered,Unanswered,,153836.15,05/28/2021
4371338602,03/18/2021,0610,PPS,THE ECONOMIC EMPOWERMENT MODEL LLC,109 Industrial Dr Industrial Dr,Forney,TX,75126-8572,10/19/2022,Charged Off,39,100,151872,151872,0,,499141,"Readycap Lending, LLC",200 Connell Drive Suite 4000,BERKELEY HEIGHTS,NJ,07922,R,N,N,Existing or more than 2 years old,Forney,KAUFMAN,TX,75126-8572,TX-05,9,238220,Unanswered,Unknown/NotStated,1,151870,,,,,,Limited  Liability Company(LLC),499141,"Readycap Lending, LLC",BERKELEY HEIGHTS,NJ,Unanswered,Unanswered,,,
7565937001,04/07/2020,0610,PPP,MICHAEL WITT INC.,5229 VESTA FARLEY RD,FORT WORTH,TX,76119-6479,02/06/2021,Paid in Full,24,100,193800,151700,0,,70535,Pinnacle Bank,"250, W Lancaster Ave, Ste 170",Fort Worth,TX,76102,U,Y,Y,Existing or more than 2 years old,FORT WORTH,TARRANT,TX,76119-6479,TX-33,25,238220,Unanswered,Unknown/NotStated,,151700,,,,,,Subchapter S Corporation,70535,Pinnacle Bank,Fort Worth,TX,Unanswered,Unanswered,,152850.39,01/19/2021
4639917300,04/30/2020,0681,PPP,ALL P.H.A. TX.LLC,7726 Montego Road,SAN ANTONIO,TX,78250-5613,05/25/2021,Paid in Full,24,100,151600,151600,0,,71432,Texas National Bank,201 S Texas Ave,MERCEDES,TX,78570-3123,U,N,N,New Business or 2 years or less,San Antonio,BEXAR,TX,78250-1700,TX-20,21,238220,Unanswered,Hispanic or Latino,,151600,,,,,,Limited  Liability Company(LLC),71432,Texas National Bank,MERCEDES,TX,Male Owned,Veteran,,153048.62,04/19/2021
9661727007,04/09/2020,0610,PPP,"SNL PLUMBING AND EXCAVATING, LLC",PO BOX 793,DECATUR,TX,76234-0793,08/21/2021,Paid in Full,24,100,151600,151600,0,,69074,"Legend Bank, National Association",101 W Tarrant,BOWIE,TX,76230-5029,R,N,Y,Existing or more than 2 years old,DECATUR,WISE,TX,76234-0793,TX-13,16,238220,Unanswered,Unknown/NotStated,,151600,,,,,,Limited  Liability Company(LLC),69074,"Legend Bank, National Association",BOWIE,TX,Unanswered,Unanswered,,153166.53,04/19/2021
4626687108,04/13/2020,0671,PPP,SIEGERT HEATING & AIR CONDITIONING CO.,989 N EARL RUDDER FWY,BRYAN,TX,77802-2958,02/02/2021,Paid in Full,24,100,151200,151200,0,One Hour Air Conditioning & Heating,68922,First Financial Bank,400 Pine St,ABILENE,TX,79601-5108,U,Y,N,Existing or more than 2 years old,BRYAN,BRAZOS,TX,77802-2958,TX-10,16,238220,Unanswered,Unknown/NotStated,37800,113400,,,,,,Corporation,68922,First Financial Bank,ABILENE,TX,Unanswered,Unanswered,,152157.6,11/30/2020
3345568309,01/22/2021,0671,PPS,RAYMARK MECHANICAL INC.,3520 Aldine Bender Rd Ste B,Houston,TX,77032-3723,07/17/2021,Paid in Full,60,100,150916,150916,0,,72601,"Zions Bank, A Division of",1 S Main St,SALT LAKE CITY,UT,84133-1109,U,Y,Y,Existing or more than 2 years old,Houston,HARRIS,TX,77032-3723,TX-29,12,238220,Unanswered,Unknown/NotStated,1,150912,,,,,,Corporation,72601,"Zions Bank, A Division of",SALT LAKE CITY,UT,Male Owned,Unanswered,,151581.68,07/07/2021
8976837005,04/09/2020,0671,PPP,"BLACKMON, INC.",4315 Barkaloo Road,Baytown,TX,77521-3417,02/10/2021,Paid in Full,24,100,150700,150700,0,,451098,Stellar Bank,8727 W Sam Houston Pkwy North,HOUSTON,TX,77040-5167,U,Y,N,Existing or more than 2 years old,Baytown,HARRIS,TX,77521-3417,TX-36,11,238220,Unanswered,Unknown/NotStated,,150700,,,,,,Corporation,71523,Stellar Bank,Beaumont,TX,Unanswered,Unanswered,,151827.15,01/14/2021
2546217108,04/10/2020,0678,PPP,J FERG PLUMBING PROS INC.,11513 HWY 62/82,WOLFFORTH,TX,79382-5120,08/07/2021,Paid in Full,24,100,150600,150600,0,,444645,HTLF Bank,"1800 Larimer St, Ste 100",DENVER,CO,80202-1404,U,N,N,New Business or 2 years or less,WOLFFORTH,LUBBOCK,TX,79382-5120,TX-19,14,238220,White,Not Hispanic or Latino,,150600,,,,,,Corporation,72156,"First Bank and Trust, A Division of HTLF Bank",Lubbock,TX,Male Owned,Unanswered,,152522.73,07/27/2021
3259777103,04/11/2020,0639,PPP,"MAVERICK PLUMBING AND UTILITIES, LLC",5802 Wooldridge Unit B,CORPUS CHRISTI,TX,78414,02/09/2022,Paid in Full,24,100,150600,150600,0,,106268,Rally Credit Union,5725 Spohn Dr,CORPUS CHRISTI,TX,78414-4117,U,N,N,New Business or 2 years or less,CORPUS CHRISTI,NUECES,TX,78414-0002,TX-27,20,238220,Unanswered,Unknown/NotStated,,150600,,,,,,Limited  Liability Company(LLC),106268,Rally Credit Union,CORPUS CHRISTI,TX,Unanswered,Unanswered,,151437.58,11/03/2020
8344877204,04/28/2020,0671,PPP,OHLCO PLUMBING LLC,1015 Frost St,ROSENBERG,TX,77471,10/21/2021,Paid in Full,24,100,150578,150578,0,Benjamin Franklin Plumbing,110352,First Bank of the Lake,"4558 Osage Beach Pkwy, Ste 100",OSAGE BEACH,MO,65065-2372,U,N,Y,Unanswered,ROSENBERG,FORT BEND,TX,77471-0001,TX-22,12,238220,Unanswered,Unknown/NotStated,,150578,,,,,,Corporation,110352,First Bank of the Lake,OSAGE BEACH,MO,Unanswered,Unanswered,,137801.61,12/09/2020
1851717107,04/10/2020,0610,PPP,"GOODE BROS HEATING & A/C, INC",P O Box 603,White Oak,TX,75693,03/03/2021,Paid in Full,24,100,150550,150550,0,,70837,Community Bank,101 Community Blvd,LONGVIEW,TX,75605-6181,U,N,N,Existing or more than 2 years old,White Oak,GREGG,TX,75693-0001,TX-01,12,238220,Unanswered,Unknown/NotStated,,150550,,,,,,Corporation,70837,Community Bank,LONGVIEW,TX,Male Owned,Unanswered,,151461.66,11/23/2020
1123457201,04/15/2020,0681,PPP,"DILMAK SERVICES, LLC",10645 East Loop 1604 South,SAN ANTONIO,TX,78263-2354,06/11/2021,Paid in Full,24,100,150400,150400,0,,71727,Broadway National Bank,1177 NE Loop 410,SAN ANTONIO,TX,78209-1517,U,N,N,Existing or more than 2 years old,SAN ANTONIO,BEXAR,TX,78263-2354,TX-28,22,238220,Unanswered,Not Hispanic or Latino,15000,120400,,15000,,,,Limited  Liability Company(LLC),71727,Broadway National Bank,SAN ANTONIO,TX,Male Owned,Non-Veteran,,152033.51,05/20/2021
1545957100,04/10/2020,0681,PPP,"E. L. SMITH PLUMBING & HEATING, INC",2013 WEST AVE,SAN ANTONIO,TX,78201-2868,12/19/2020,Paid in Full,24,100,150300,150300,0,,71783,Frost Bank,111 W Houston St,SAN ANTONIO,TX,78205-1414,U,Y,Y,Existing or more than 2 years old,SAN ANTONIO,BEXAR,TX,78201-2868,TX-20,15,238220,Unanswered,Not Hispanic or Latino,,150300,,,,,,Corporation,71783,Frost Bank,SAN ANTONIO,TX,Male Owned,Non-Veteran,,151193.56,11/24/2020
4748857109,04/13/2020,0610,PPP,"ROBERTS & PETTY, INC",2709 STEPHEN F AUSTIN DR,BROWNWOOD,TX,76801-6425,12/09/2020,Paid in Full,24,100,150300,150300,0,,69112,Texas Bank,400 Fisk Ave,BROWNWOOD,TX,76801-2930,R,N,N,Existing or more than 2 years old,BROWNWOOD,BROWN,TX,76801-6425,TX-11,17,238220,Unanswered,Not Hispanic or Latino,37575,112725,,,,,,Corporation,69112,Texas Bank,BROWNWOOD,TX,Male Owned,Non-Veteran,,151126.65,11/05/2020
8113347201,04/28/2020,0678,PPP,"PALO DURO HEATING & AIR, INC.",7741 LONGORIA RD,AMARILLO,TX,79119,04/16/2021,Paid in Full,24,100,150300,150300,0,,68966,Amarillo National Bank,410 S Taylor St,AMARILLO,TX,79101-1555,U,N,N,Existing or more than 2 years old,AMARILLO,RANDALL,TX,79119-0003,TX-13,17,238220,Unanswered,Unknown/NotStated,,150300,,,,,,Corporation,68966,Amarillo National Bank,AMARILLO,TX,Female Owned,Unanswered,,151690.27,03/31/2021
1762747702,05/01/2020,0610,PPP,"BEACH PLUMBING, INC.",4829 BLANEY AVE,NORTH RICHLAND HILLS,TX,76180,02/18/2021,Paid in Full,24,100,150240,150240,0,,48270,"JPMorgan Chase Bank, National Association",1111 Polaris Pkwy,COLUMBUS,OH,43240-2031,U,N,N,Existing or more than 2 years old,NORTH RICHLAND HILLS,TARRANT,TX,76180-0100,TX-24,18,238220,Unanswered,Unknown/NotStated,2000,145665,,2400,,,175,Corporation,194093,"JPMorgan Chase Bank, National Association",CHICAGO,IL,Unanswered,Unanswered,,151161.56,02/12/2021
7455557004,04/07/2020,0681,PPP,"TRI-COUNTY A/C & HEATING, LLC",510 N AUSTIN ST,SEGUIN,TX,78155-4702,12/08/2020,Paid in Full,24,100,150200,150200,0,,58899,First United Bank and Trust Company,1400 W Main St,DURANT,OK,74701-4906,U,Y,Y,Existing or more than 2 years old,SEGUIN,GUADALUPE,TX,78155-4702,TX-15,14,238220,Unanswered,Unknown/NotStated,3004,135180,,12016,,,,Limited  Liability Company(LLC),58899,First United Bank and Trust Company,DURANT,OK,Unanswered,Unanswered,,151097.08,11/25/2020
6090098409,02/10/2021,0671,PPS,SC PLUMBING COMPANY,10400 Rodgers Rd,Houston,TX,77070-1642,09/25/2021,Paid in Full,60,100,150193,150193,0,,4679,Simmons Bank,501 Main St,PINE BLUFF,AR,71601-4327,U,N,N,Existing or more than 2 years old,Houston,HARRIS,TX,77070-1642,TX-38,13,238220,Unanswered,Unknown/NotStated,1,150187,,,,,,Corporation,71902,Simmons Bank,COLLEGE STATION,TX,Unanswered,Unanswered,,150855.5,08/03/2021
5885058701,04/03/2021,0610,PPP,"S L TURNER, INC",1501 Mariposa Dr,Mesquite,TX,75150-5609,04/07/2022,Paid in Full,60,100,150171,150171,0,,71977,The American National Bank of Texas,102 W Moore,TERRELL,TX,75160-3129,U,N,Y,Existing or more than 2 years old,Mesquite,DALLAS,TX,75150-5609,TX-05,7,238220,White,Not Hispanic or Latino,1,150166,,,,,,Corporation,71977,The American National Bank of Texas,TERRELL,TX,Female Owned,Non-Veteran,,151553.4,03/09/2022
2193158310,01/20/2021,0610,PPS,RBRM INVESTMENTS INC.,7787 Smith Dairy Rd,Belton,TX,76513-7321,05/25/2022,Paid in Full,60,100,150042.5,150042.5,0,,188567,Loan Source Incorporated,353 East 83rd Street Suite 3H,NEW YORK,NY,10028,U,N,N,Existing or more than 2 years old,Belton,BELL,TX,76513-7321,TX-31,12,238220,Unanswered,Unknown/NotStated,1,150040.5,,,,,,Corporation,39848,Cadence Bank,TUPELO,MS,Unanswered,Unanswered,,151912.89,05/02/2022
1850977309,04/28/2020,0610,PPP,K SAUNDERS COMPANY,4300 W WACO DR STE B2 219,WACO,TX,76710,06/24/2021,Paid in Full,24,100,150000,150000,0,,44449,"PNC Bank, National Association",222 Delaware Ave,WILMINGTON,DE,19801-1621,U,N,Y,Existing or more than 2 years old,WACO,MCLENNAN,TX,76710-1000,TX-17,19,238220,White,Not Hispanic or Latino,1000,148000,,1000,,,,Corporation,760,First Source Federal Credit Union,Rome,NY,Male Owned,Non-Veteran,,151533.33,05/05/2021
1987258509,02/19/2021,0671,PPS,KTB SERVICES LLC,1108 Cedar Bayou Rd,Baytown,TX,77520-2926,03/05/2022,Paid in Full,60,100,150000,150000,0,,69819,Prosperity Bank,1301 N Mechanic,El Campo,TX,77437,U,Y,Y,Existing or more than 2 years old,Baytown,HARRIS,TX,77520-2926,TX-36,12,238220,Unanswered,Unknown/NotStated,,150000,,,,,,Subchapter S Corporation,69819,Prosperity Bank,El Campo,TX,Unanswered,Unanswered,,151475.34,02/17/2022
2216778508,02/20/2021,0671,PPS,PLUMBING WORKS OF HOUSTON LLC,6615 Flintlock Rd,Houston,TX,77040-4318,09/28/2021,Paid in Full,60,100,150000,150000,0,,71783,Frost Bank,111 W Houston St,SAN ANTONIO,TX,78205-1414,U,N,Y,Existing or more than 2 years old,Houston,HARRIS,TX,77040-4318,TX-18,20,238220,Unanswered,Not Hispanic or Latino,1,149995,,,,,,Limited  Liability Company(LLC),71783,Frost Bank,SAN ANTONIO,TX,Female Owned,Non-Veteran,,150776.71,08/31/2021
2735678504,02/22/2021,0681,PPS,GOYO & SONS INC,2410 Moon Tract Ln,Laredo,TX,78046-7527,02/15/2022,Paid in Full,60,100,150000,150000,0,,70700,International Bank of Commerce,1200 San Bernardo Ave,LAREDO,TX,78040-6301,U,Y,N,Existing or more than 2 years old,Laredo,WEBB,TX,78046-7527,TX-28,18,238220,Unanswered,Unknown/NotStated,,150000,,,,,,Corporation,70700,International Bank of Commerce,LAREDO,TX,Unanswered,Unanswered,,151291.67,01/06/2022
2782997709,05/01/2020,0671,PPP,AKS PLUMBING LLC,5110 BIG SPRING DR,PEARLAND,TX,77584,04/24/2021,Paid in Full,24,100,150000,150000,0,,48270,"JPMorgan Chase Bank, National Association",1111 Polaris Pkwy,COLUMBUS,OH,43240-2031,U,N,N,New Business or 2 years or less,PEARLAND,BRAZORIA,TX,77584-0001,TX-22,100,238220,Unanswered,Unknown/NotStated,,150000,,,,,,Limited  Liability Company(LLC),194093,"JPMorgan Chase Bank, National Association",CHICAGO,IL,Unanswered,Unanswered,,151331.17,03/24/2021
4199038407,02/06/2021,0671,PPS,AKS PLUMBING LLC,5110 Big Spring Dr,Pearland,TX,77584-1430,04/20/2022,Paid in Full,60,100,150000,150000,0,,48270,"JPMorgan Chase Bank, National Association",1111 Polaris Pkwy,COLUMBUS,OH,43240-2031,U,N,N,Existing or more than 2 years old,Pearland,BRAZORIA,TX,77584-1430,TX-22,10,238220,Unanswered,Unknown/NotStated,,150000,,,,,,Limited  Liability Company(LLC),48270,"JPMorgan Chase Bank, National Association",COLUMBUS,OH,Unanswered,Unanswered,,151637.42,03/18/2022
5249807301,04/30/2020,0671,PPP,EZ COMFORT AIR CONDITIONING AND HEATING LLC,7707 N SAM HOUSTON PKWY,HUMBLE,TX,77396-4591,05/22/2021,Paid in Full,24,100,150000,150000,0,,71783,Frost Bank,111 W Houston St,SAN ANTONIO,TX,78205-1414,U,N,N,Existing or more than 2 years old,HUMBLE,HARRIS,TX,77396-4591,TX-02,11,238220,White,Hispanic or Latino,,150000,,,,,,Sole Proprietorship,71783,Frost Bank,SAN ANTONIO,TX,Male Owned,Non-Veteran,,151426.03,04/13/2021
5276697104,04/13/2020,0610,PPP,"C & D MECHANICAL, LLC",8706 US HIGHWAY 59 S,TEXARKANA,TX,75501-2355,04/20/2021,Paid in Full,24,100,150000,150000,0,,4520,Farmers Bank & Trust Company,200 E Main St,MAGNOLIA,AR,71753-3530,R,Y,N,Existing or more than 2 years old,TEXARKANA,BOWIE,TX,75501-2355,TX-01,21,238220,Unanswered,Unknown/NotStated,,150000,,,,,,Limited  Liability Company(LLC),4520,Farmers Bank & Trust Company,MAGNOLIA,AR,Unanswered,Unanswered,,151327.4,03/11/2021
6165228700,04/03/2021,0671,PPS,THEODORE GARZA,17815 E. Strack Dt.,SPRING,TX,77379,01/21/2022,Paid in Full,60,100,150000,150000,0,,48270,"JPMorgan Chase Bank, National Association",1111 Polaris Pkwy,COLUMBUS,OH,43240-2031,U,Y,N,Existing or more than 2 years old,SPRING,HARRIS,TX,77379,TX-02,11,238220,Unanswered,Unknown/NotStated,1,149998,,,,,,Sole Proprietorship,48270,"JPMorgan Chase Bank, National Association",COLUMBUS,OH,Unanswered,Unanswered,,151057.58,12/22/2021
6645998304,01/27/2021,0671,PPS,EZ COMFORT AIR CONDITIONING & HEATING LLC,7707 N Sam Houston Pkwy E Ste D-10,Humble,TX,77396-4591,09/29/2021,Paid in Full,60,100,150000,150000,0,,71783,Frost Bank,111 W Houston St,SAN ANTONIO,TX,78205-1414,U,N,N,Existing or more than 2 years old,Humble,HARRIS,TX,77396-4591,TX-02,11,238220,White,Hispanic or Latino,1,149998,,,,,,Sole Proprietorship,71783,Frost Bank,SAN ANTONIO,TX,Male Owned,Non-Veteran,,150821.92,08/17/2021
8139968302,01/29/2021,0681,PPS,ONDEMAND HOME SERVICES,2627 Pebble Dawn,San Antonio,TX,78232-4133,05/19/2022,Paid in Full,60,100,150000,150000,0,,71783,Frost Bank,111 W Houston St,SAN ANTONIO,TX,78205-1414,U,N,N,Existing or more than 2 years old,San Antonio,BEXAR,TX,78232-4133,TX-21,5,238220,Unanswered,Unknown/NotStated,1,149998,,,,,,Corporation,71783,Frost Bank,SAN ANTONIO,TX,Unanswered,Unanswered,,151820.55,04/21/2022
8940168304,01/30/2021,0681,PPS,ROBERT BROCK,2980 Rabbs Prairie Rd,La Grange,TX,78945-5437,06/24/2021,Paid in Full,60,100,150000,150000,0,,106496,Texoma Community CU,3800 Sheppard Access Rd,WICHITA FALLS,TX,76306-4227,R,N,N,Existing or more than 2 years old,La Grange,FAYETTE,TX,78945-5437,TX-10,5,238220,Unanswered,Unknown/NotStated,1,149997,,,,,,Sole Proprietorship,106496,Texoma Community CU,WICHITA FALLS,TX,Unanswered,Unanswered,,150534.25,06/15/2021
