biz_id,identity_key,status,merged_into,created_run,last_seen_run,loan_numbers
biz-001,GENECO TECHNOLOGIES|236 AIR BASE RD|79563,active,,20261007T195554Z,20261007T200556Z,2907498310;4345497005
biz-002,STEWART PLUMBING|8710 BUSINESS CT|78109,active,,20261007T195554Z,20261007T200556Z,4376197001
biz-003,COMFORT MASTERS HEATING AND AIR CONDITIONING|1318 E 50 ST|79404 || COMFORT MASTERS HEATING AND AIR CONDITIONING|1318 E 50|79404,active,,20261007T195554Z,20261007T200556Z,4089628504;4400687007
biz-004,RICHARD MEEK AIR CONDITIONING|117 HENRIETTA ST|76301,active,,20261007T195554Z,20261007T200556Z,4440307003
biz-005,JF FILTRATION|4820 MEMPHIS ST|75207,active,,20261007T195554Z,20261007T200556Z,4452477005
biz-006,DOUCET PLUMBING|6474 SIDEVIEW RD|76901,active,,20261007T195554Z,20261007T200556Z,4486607005
biz-007,CENTURY FIRE SYSTEMS|490 EAGLE DR|79912,active,,20261007T195554Z,20261007T200556Z,4062858601;4565697008
biz-008,SHREINER HOME COMFORT|216 S LIPSCOMB|79106,active,,20261007T195554Z,20261007T200556Z,4650857002
biz-009,FREUND ENTERPRISES|11403 238220JONES MALTSBERGER RD|78216 || FREUND ENTERPRISES|11403 JONES MALTSBERGER RD|78216,active,,20261007T195554Z,20261007T200556Z,2868368509;4661777008
biz-010,ALLENS TRI STATE MECHANICAL|404 S HAYDEN ST|79101,active,,20261007T195554Z,20261007T200556Z,4695937006
biz-011,NATIONAL HEATING AND PLUMBING|620 RYAN AVE|79761,active,,20261007T195554Z,20261007T200556Z,2717498309;4741657007
biz-012,MARK STEPHEN AND KENT EUGENE ELLIS|536 N HWY 67|75104,active,,20261007T195554Z,20261007T200556Z,2810098301;4743747003
biz-013,AUTOMATIC FIRE PROTECTION|4582 CHRISTOVAL RD|76904,active,,20261007T195554Z,20261007T200556Z,4744337000
biz-014,ATMAC MECHANICAL SERVICES|1201 SUMMIT AVE|75074,active,,20261007T195554Z,20261007T200556Z,4756187000;9445438408
biz-015,BRUCE THORNTON AIR CONDITIONING|128 SLATON RD|79404,active,,20261007T195554Z,20261007T200556Z,4760617001;6226898304
biz-016,HOWARDS MECHANICAL|6334 CANYON DR|79109,active,,20261007T195554Z,20261007T200556Z,4782777004
biz-017,LUYCX PLUMBING|603 S LAZY LN|77531,active,,20261007T195554Z,20261007T200556Z,4786087006
biz-018,A AND T PLUMBING|9520 YUPONDALE DR|77080,active,,20261007T195554Z,20261007T200556Z,1170918305;4807207005
biz-019,CENTRAL TEXAS PLUMBING SOLUTIONS|307 LAKE AIR DR|76710,active,,20261007T195554Z,20261007T200556Z,4817657004
biz-020,JARMON SERVICES|1375 RIVER BEND DR|75247,active,,20261007T195554Z,20261007T200556Z,4835177006
biz-021,AIR PERFORMANCE SERVICE OF CENTRAL TEXAS|13405 IMMANUEL RD|78660,active,,20261007T195554Z,20261007T200556Z,2545648309;4839287001
biz-022,AC TECHNICAL SERVICES|PO BOX 1535|78009,active,,20261007T195554Z,20261007T200556Z,4842327001
biz-023,HORIZON PLUMBING|2706 W PIONEER PKWY|76016,active,,20261007T195554Z,20261007T200556Z,4846047008
biz-024,EP MECHANICAL TECHNOLOGIES|211 COTTON|79901 || EP MECHANICAL TECHNOLOGIES|211 N COTTON ST|79901,active,,20261007T195554Z,20261007T200556Z,2700798810;4847527001
biz-025,WALTERS PLUMBING|8005 BAR K RANCH RD|78645,active,,20261007T195554Z,20261007T200556Z,2169948300;4847947009
biz-026,LONESTAR SUPERIOR SERVICES|3309 FILLMORE|79110 || LONESTAR SUPERIOR SERVICES|3309 S FILLMORE ST|79110,active,,20261007T195554Z,20261007T200556Z,2943328302;4850347007
biz-027,FRANKS REPAIR PLUMBING|4112 NW 10 AVE|79106,active,,20261007T195554Z,20261007T200556Z,4855697006
biz-028,GENESIS FIRE PROTECTION|330 W SIMONDS RD|75159,active,,20261007T195554Z,20261007T200556Z,4858407006
biz-029,MORGAN AIR SERVICES|5200 MITCHELLDALE STSTE F26|77092 || MORGAN AIR SERVICES|5200 MITCHELLDALE ST|77092,active,,20261007T195554Z,20261007T200556Z,4687588309;4868147004
biz-030,KEN PARKER SERVICE|3627 ST HWY 34 S|75402 || KEN PARKER SERVICE|3627 ST HWY 34|75402,active,,20261007T195554Z,20261007T200556Z,4881447005;5290508303
biz-031,LANTZS LAKESIDE PLUMBING|8005 BAR K RANCH RD|78645,active,,20261007T195554Z,20261007T200556Z,2475428306;4889837009
biz-032,JON WAYNE HEATING AND AIR CONDITIONING|9272 US HWY 87|78263,active,,20261007T195554Z,20261007T200556Z,4891207007
biz-033,UNITED PLUMBING|15040 ST HWY 110|75791,active,,20261007T195554Z,20261007T200556Z,4918427004
biz-034,AIRCO PLUMBING AND MECHANICAL|1211 ST HWY 79 N|76305,active,,20261007T195554Z,20261007T200556Z,4938857001
biz-035,BRACKEN PLUMBING|17333 BELL N DR|78154,active,,20261007T195554Z,20261007T200556Z,4980107003
biz-036,SARIF|624 KRONA DR|75074,active,,20261007T195554Z,20261007T200556Z,2753148306;4992107000
biz-037,1ST CHOICE AIR SOLUTIONS|2851 TINSLEY LN|76179,active,,20261007T195554Z,20261007T200556Z,5008187010
biz-038,QUARTER MOON PLUMBING|18838 FM 2252|78266,active,,20261007T195554Z,20261007T200556Z,5011567007
biz-039,HOME PLUMBING|8305 SOVEREIGN ROW|75247,active,,20261007T195554Z,20261007T200556Z,5012487009
biz-040,PEARSON MECHANICAL|2531 CARL RD|76015,active,,20261007T195554Z,20261007T200556Z,5021907006
biz-041,UNLIMITED AIR|4353 S JACKSON ST|76903,active,,20261007T195554Z,20261007T200556Z,5024177007
biz-042,BRUNS AND MCDONALD|6993 INDUSTRIAL AVE|79915,active,,20261007T195554Z,20261007T200556Z,4473208403;5024997006
biz-043,WELDON CONTRACTORS|3428 W PIONEER PKWY|76013,active,,20261007T195554Z,20261007T200556Z,5034217010
biz-044,KCA|136 INDUSTRIAL DR|78006,active,,20261007T195554Z,20261007T200556Z,5055947005
biz-045,DANIELS PLUMBING AND DRAIN EXPERTS|8402 N LAMAR BLVD|78753,active,,20261007T195554Z,20261007T200556Z,5057917000
biz-046,A USAIR CONDITIONING OF TEXAS|707 EASY ST|75042,active,,20261007T195554Z,20261007T200556Z,4228298306;5059417007
biz-047,ATX ENVIRONMENTAL SOLUTIONS|1205 SHELDON CV|78753,active,,20261007T195554Z,20261007T200556Z,5065457004
biz-048,D AND D PLUMBING HEATINGS AND AC|1101 FLORIDA AVE|79701,active,,20261007T195554Z,20261007T200556Z,5091927007
biz-049,TYLER MECHANICAL CONTRACTORS|1902 DUTTON DR|78666,active,,20261007T195554Z,20261007T200556Z,5108477000
biz-050,UGOTEM|870 DIVIDEND RD|76065,active,,20261007T195554Z,20261007T200556Z,5112657009
biz-051,AIR INNOVATIONS|12507 TELGE RD|77429,active,,20261007T195554Z,20261007T200556Z,5120727006
biz-052,WT STOVALL HOLDINGS|1900 CLARK ST|79701,active,,20261007T195554Z,20261007T200556Z,5141037010
biz-053,GARYS HEATING AND AIR CONDITIONING|2505 SW 7 AVE|79106,active,,20261007T195554Z,20261007T200556Z,5168117010
biz-054,COX PLUMBING|4050 W HWY 290|78620,active,,20261007T195554Z,20261007T200556Z,5195647000
biz-055,PC AUTOMATED CONTROLS|10279 DYER ST|79924,active,,20261007T195554Z,20261007T200556Z,5208387005
biz-056,INTELLIGENT AIR SERVICES|12112 B ROXIE DR|78729 || INTELLIGENT AIR SERVICES|12112B ROXIE DR|78729,active,,20261007T195554Z,20261007T200556Z,3536538303;5229397007
biz-057,TEAM MECHANICAL OF TEXAS|1580 WALD RD|78132,active,,20261007T195554Z,20261007T200556Z,5234457006
biz-058,METROPLEX PLUMBING|9302 CO RD 213A|75126,active,,20261007T195554Z,20261007T200556Z,5250477001
biz-059,BANNISTER INVESTMENTS|418 SE LOOP 456|75766,active,,20261007T195554Z,20261007T200556Z,5255227006
biz-060,LAMAR PLUMBING|910 CANTWELL LN|78408,active,,20261007T195554Z,20261007T200556Z,5284807002
biz-061,CSP UTILITIES|2101 S 22|76706,active,,20261007T195554Z,20261007T200556Z,5339257001
biz-062,COMFORT TECHNOLOGIES|2311 MICHIGAN CT|76016,active,,20261007T195554Z,20261007T200556Z,5032178308;5359577000
biz-063,WILLARD HEATING AND AIR|207 E US HWY 80|75126,active,,20261007T195554Z,20261007T200556Z,5366377008
biz-064,TCS MECHANICAL|1682 ST HWY 71 W|78612,active,,20261007T195554Z,20261007T200556Z,5379307008
biz-065,RELIANCE PLUMBING GROUP|1001 ALUMAX RD|75569,active,,20261007T195554Z,20261007T200556Z,5435167009
biz-066,MDS MAINTENANCE|8000 IH 10 W|78230 || MDS MAINTENANCE|8000 W IH 10|78230,active,,20261007T195554Z,20261007T200556Z,5458807003;5856768507
biz-067,MCLEAN MECHANICAL CONTRACTORS|10625 CONTROL PL|75238,active,,20261007T195554Z,20261007T200556Z,5485477006
biz-068,BA MARBACH PLUMBING SERVICES|29592 BULVERDE LN 2|78163,active,,20261007T195554Z,20261007T200556Z,5489027008
biz-069,PLUMB LEVEL|1807 HWY 105|77833,active,,20261007T195554Z,20261007T200556Z,5535277004
biz-070,GREEN SUPPLY|7850 PARKWOOD BLVD|75034,active,,20261007T195554Z,20261007T200556Z,5535647008
biz-071,RAMCO INDUSTRIES|900 HOUSTON AVE|77502,active,,20261007T195554Z,20261007T200556Z,4727798308;5552167008
biz-072,PORTER COMPANY MECHANICAL CONTRACTORS|2105 FM 1626|78652,active,,20261007T195554Z,20261007T200556Z,5587547004
biz-073,SERVICE FIRE AND INDUSTRIAL|16128 FM 548|75126,active,,20261007T195554Z,20261007T200556Z,5685847004
biz-074,SUNTECH MECHANICAL|7505 ALAMEDA AVE|79915,active,,20261007T195554Z,20261007T200556Z,5687967009
biz-075,WOLVERTON|704 SOLON RD|75165,active,,20261007T195554Z,20261007T200556Z,5724087005
biz-076,STOWES INDEPENDENT SERVICES|1951 E CONTINENTAL BLVD|76092,active,,20261007T195554Z,20261007T200556Z,5727137002
biz-077,AMARILLO AIR MASTERS HEATING AND COOLING|9120 FM 2590|79119,active,,20261007T195554Z,20261007T200556Z,5748347005
biz-078,COMPOSITE COOLING SOLUTIONS|4150 INTERNATIONAL PLZ|76109,active,,20261007T195554Z,20261007T200556Z,1097498705;5754227000
biz-079,VANDORFORD AIR|207 W FM 646 RD|77539,active,,20261007T195554Z,20261007T200556Z,5758867001
biz-080,CFM MECHANICAL|3300 LONGHORN DR|77084,active,,20261007T195554Z,20261007T200556Z,5796717003;8851508308
biz-081,J AND J INTEREST|1504 HWY 110 S|75791,active,,20261007T195554Z,20261007T200556Z,5837397000
biz-082,360 ENERGY SAVERS|1017 RR 620 S|78734,active,,20261007T195554Z,20261007T200556Z,5868507010
biz-083,M AND S MECHANICAL|136 CO RD 1309|75686,active,,20261007T195554Z,20261007T200556Z,5909317009
biz-084,E AND M PLUMBING|PO BOX 2749|77497,active,,20261007T195554Z,20261007T200556Z,5914417009
biz-085,RELIANT HEATING AND AIR CONDITIONING|3250 STORY RD W 106|75038,active,,20261007T195554Z,20261007T200556Z,5946787009
biz-086,AIR CRAFT|1916 PICADILLY DR|78664,active,,20261007T195554Z,20261007T200556Z,5960217009
biz-087,PATRICK PLUMBING SERIVCE|1602 S MONROE ST|79102,active,,20261007T195554Z,20261007T200556Z,5962817005
biz-088,LIGHTFOOT MECHANICAL|1026 FORT WORTH HWY|76086,active,,20261007T195554Z,20261007T200556Z,5994967009
biz-089,INFINITY PLUMBING|1600 E MAIN ST|75165,active,,20261007T195554Z,20261007T200556Z,6017717010;9514898302
biz-090,GRAF PLUMBING|5961 LA COSTA DR|78414,active,,20261007T195554Z,20261007T200556Z,6021067008
biz-091,WOOD AIR CONDITIONING|1164 E US HWY 67|75455,active,,20261007T195554Z,20261007T200556Z,6096697003
biz-092,WELLBORN MECHANICAL SERVICES|2403 S EASTMAN RD|75602,active,,20261007T195554Z,20261007T200556Z,6115747001
biz-093,PLAINS PLUMBING|1301 SW 7 AVE|79101,active,,20261007T195554Z,20261007T200556Z,6125037004
biz-094,LOGICAL SOLUTIONS|407 INTERNATIONAL PKWY 406|75081,active,,20261007T195554Z,20261007T200556Z,6125517006
biz-095,MECHANICAL PARTNERS|10217 PLANO RD|75238,active,,20261007T195554Z,20261007T200556Z,6127317009
biz-096,MACKEY MECHANICAL SERVICES|5252 FM 517 RD E|77539,active,,20261007T195554Z,20261007T200556Z,6127557000
biz-097,PJC AIR CONDITIONING AND PLUMBING|204 WOODHEW DR|76712,active,,20261007T195554Z,20261007T200556Z,6131937010
biz-098,LSC CONTRACTING|1725 COX LN|76903,active,,20261007T195554Z,20261007T200556Z,6172497005
biz-099,EXTREME COMFORT AIR CONDITIONING AND HEATING|15946 MIDWAY RD|75001,active,,20261007T195554Z,20261007T200556Z,6188637004;7902138300
biz-100,STONEBRIDGE HEATING AND AIR CONDITION|4202 REPUBLIC DR|75701,active,,20261007T195554Z,20261007T200556Z,6234337010
biz-1000,SHIPMAN FIRE GROUP|15675 FM 548|75126,active,,20261007T195554Z,20261007T200556Z,4691658701
biz-1001,SHIPMAN FIRE PROTECTION|1020 LA JOLLA POINTE DR|75087,active,,20261007T195554Z,20261007T200556Z,5701388702
biz-1002,SL TURNER|1501 MARIPOSA DR|75150,active,,20261007T195554Z,20261007T200556Z,5885058701
biz-1003,THEODORE GARZA|17815 E STRACK DT|77379,active,,20261007T195554Z,20261007T200556Z,6165228700
biz-1004,AIR BALANCING|4607 FOREST HILL CIR|76140,active,,20261007T195554Z,20261007T200556Z,8622838701
biz-1005,DREAM TEAM|18820 CARROT ST|77379,active,,20261007T195554Z,20261007T200556Z,9691358708
biz-1006,TRADITION PLUMBING|14090 FM 2920 G533|77375,active,,20261007T195554Z,20261007T200556Z,9858508708
biz-1007,BREEZE MECHANICAL|7600 PEBBLE DR|76118,active,,20261007T195554Z,20261007T200556Z,2135718804
biz-1008,DENNIS LEATHERWOOD|1900 LUBBOCK HWY|79331,active,,20261007T195554Z,20261007T200556Z,2710998804
biz-1009,CAPITAL INDUSTRIES|505 CYPRESS CREEK RD|78613,active,,20261007T195554Z,20261007T200556Z,3040958808
biz-101,DAVIS AIR CONDITIONING AND HEATING|1421 S FRONT ST|77515,active,,20261007T195554Z,20261007T200556Z,6253977009
biz-1010,FOX INDUSTRIES|4300 S CONGRESS AVE|78745,active,,20261007T195554Z,20261007T200556Z,4251918801
biz-1011,E AND M PLUMBING|11610 SENDERA LN|77407,active,,20261007T195554Z,20261007T200556Z,5492888800
biz-1012,CENTRIC MECHANICAL SERVICES|2120 HUTTON DR|75006,active,,20261007T195554Z,20261007T200556Z,8340938807
biz-1013,AIRTEAM|6119 WESTVIEW DR|77055,active,,20261007T195554Z,20261007T200556Z,9348148805
biz-1014,COVENTRY AND GATTIS AC|219 N DOOLEY ST|76051,active,,20261007T195554Z,20261007T200556Z,1626469002
biz-1015,LONE STAR MECHANICAL|3435 FM 1960 RD E|77338,active,,20261007T195554Z,20261007T200556Z,3660949007
biz-102,PEREGRINO ENTERPRISES|4000 ACTON HWY|76049,active,,20261007T195554Z,20261007T200556Z,6274347007
biz-103,24 7 PLUMBING SERVICES|5316 3 ST|77493,active,,20261007T195554Z,20261007T200556Z,6298187001
biz-104,EAST TEXAS REFRIGERATION|4700 OLD TROUP HWY|75707,active,,20261007T195554Z,20261007T200556Z,4131668804;6369587001
biz-105,T AND B BOILER|816 VINSON LN|75154,active,,20261007T195554Z,20261007T200556Z,6375067005
biz-106,C AND S AIR|2214 FM 1187|76063,active,,20261007T195554Z,20261007T200556Z,6379157005
biz-107,DALLAS PLUMBING|11055 PLANO RD|75238,active,,20261007T195554Z,20261007T200556Z,6437457000
biz-108,RESCUE HEATING AND AIR|2646 FM 3376|78332,active,,20261007T195554Z,20261007T200556Z,6448437000
biz-109,PAUL SWOYER SEPTICS|23011 FM 306|78133,active,,20261007T195554Z,20261007T200556Z,6454157006
biz-110,MIKE STAAS SEVICES|4914 FORT AVE|76710,active,,20261007T195554Z,20261007T200556Z,6454987008
biz-111,BURTONS MECHANICAL|2305 FORT WORTH ST|75050,active,,20261007T195554Z,20261007T200556Z,6475887001
biz-112,GOODWIN PLUMBING SERVICE|212 S 22 ST|76701,active,,20261007T195554Z,20261007T200556Z,6485097004
biz-113,AECSI|19525 WIED RD|77388,active,,20261007T195554Z,20261007T200556Z,6488747004
biz-114,JAMES LANE AIR CONDITIONING|5024 OLD JACKSBORO HWY|76302,active,,20261007T195554Z,20261007T200556Z,6546007004
biz-115,CURLYS PLUMBING AND BIG BLADE SEWER SERVICE|2204 CO RD 1123|76044,active,,20261007T195554Z,20261007T200556Z,6554847009
biz-116,MILES SERVICE|2915 PRESTON AVE|77503,active,,20261007T195554Z,20261007T200556Z,6567627001;6692948401
biz-117,INFINITY CONTRACTORS INTERNATIONAL|2563 ELOOP 820|76118,active,,20261007T195554Z,20261007T200556Z,6590507009
biz-118,RADIANT PLUMBING SERVICE|901 REINLI ST|78751,active,,20261007T195554Z,20261007T200556Z,6595817007
biz-119,PRECISION COMMERCIAL PLUMBING|1711 DALSHANK ST|78660,active,,20261007T195554Z,20261007T200556Z,3571278401;6619617001
biz-120,SCHNEIDERS REFRIGERATION AND APPLIANCE SERVICES|684 FM 2093|78624,active,,20261007T195554Z,20261007T200556Z,6631377004
biz-121,COMMERCIAL DUCT SYSTEMS|PO BOX 1859|77358,active,,20261007T195554Z,20261007T200556Z,6660237007
biz-122,A SQUARED PLUMBING|3021 MARQUITA DR|76116,active,,20261007T195554Z,20261007T200556Z,6668727006;8909148300
biz-123,AC HERO|7305 BLVD 26|76180,active,,20261007T195554Z,20261007T200556Z,6673827006;7593818603
biz-124,SCOTTCO MECHANICAL CONTRACTORS|4121 SW 50 AVE|79109,active,,20261007T195554Z,20261007T200556Z,6703347006;9130548303
biz-125,PITHER PLUMBING|310 METHVIN ST|75601,active,,20261007T195554Z,20261007T200556Z,6706547002
biz-126,AW CRISP FIRE SPRINKLER|5201 SAUNDERS RD|76119,active,,20261007T195554Z,20261007T200556Z,6731407008
biz-127,CENTURY MECHANICAL CONTRACTORS|3008 WICHITA CT|76140,active,,20261007T195554Z,20261007T200556Z,6751237002
biz-128,DOUBLE L PLUMBING|PO BOX 1249|76098,active,,20261007T195554Z,20261007T200556Z,6774867006
biz-129,JEFFS WESTSIDE PLUMBING|4040 DONIPHAN DR|79922,active,,20261007T195554Z,20261007T200556Z,6774897004
biz-130,CARY SERVICES|902 PETROLEUM DR|79602,active,,20261007T195554Z,20261007T200556Z,6791967003
biz-131,RSMS MECHANICAL SERVICES|9094 ELK RD|76624,active,,20261007T195554Z,20261007T200556Z,6852337007
biz-132,STRICKLAND PLUMBING AND HVAC|1510 ATKINSON DR|75901,active,,20261007T195554Z,20261007T200556Z,6900817004
biz-133,TRINITY AIR CONDITIONING|1515 ARCHER CITY HWY|76302,active,,20261007T195554Z,20261007T200556Z,6907037009
biz-134,ACCURATE AIR SOLUTIONS|201 ALEX WAY|79602,active,,20261007T195554Z,20261007T200556Z,6908247004
biz-135,CTA HVAC|133 N FRIENDSWOOD DR|77546,active,,20261007T195554Z,20261007T200556Z,6924637003
biz-136,AIR TECH BRAZOS VALLEY AC AND HEATING SERVICE|4889 ELMO WEEDON RD|77845,active,,20261007T195554Z,20261007T200556Z,6928737006
biz-137,DIVERSIFIED PLUMBING SERVICES|3160 ROCKWELL LN|76179,active,,20261007T195554Z,20261007T200556Z,6929057005
biz-138,KINGS AIRE|1035 KESSLER DR|79907,active,,20261007T195554Z,20261007T200556Z,6976987005
biz-139,GORMAN MECHANICAL|1624 SE PKWY|76020,active,,20261007T195554Z,20261007T200556Z,6981347006;9860168407
biz-140,SMART PLUMBING|7042 NELA RD|78414,active,,20261007T195554Z,20261007T200556Z,6984647008
biz-141,SNB MECHANICAL CONTRACTORS|104 GALVESTON ST|76301,active,,20261007T195554Z,20261007T200556Z,1436458307;7005797009
biz-142,JD PRECISION PLUMBING SERVICES|15487 PIN OAK DR|77384,active,,20261007T195554Z,20261007T200556Z,7021997010
biz-143,GULF COAST BOILER|14149 INTERDRIVE W|77032,active,,20261007T195554Z,20261007T200556Z,7047397005
biz-144,SHELTON PLUMBING|11339 CEDAR ROCK PKWY|76638,active,,20261007T195554Z,20261007T200556Z,7096037009
biz-145,AIR SOLUTIONS|4748 MAIN AVE|77619,active,,20261007T195554Z,20261007T200556Z,7116037007
biz-146,STATE AC|5515 TAYLORS VALLEY RD|76502,active,,20261007T195554Z,20261007T200556Z,7175917000
biz-147,LOCHRIDGE PRIEST|2901 E INDUSTRIAL BLVD|76705,active,,20261007T195554Z,20261007T200556Z,4309518803;7176677002
biz-148,DAVID CANNELL SERVICES|1006 E JACKSON ST|77437,active,,20261007T195554Z,20261007T200556Z,7181937002
biz-149,SSP INDUSTRIES|2749 CHAPARRAL RD|76542,active,,20261007T195554Z,20261007T200556Z,7192427008
biz-150,LEONS ELECTRIC AND PLUMBING|719 UPTON AVE|78956,active,,20261007T195554Z,20261007T200556Z,7222207003
biz-151,AIRCO|1516 CENTRAL PARK DR|76053,active,,20261007T195554Z,20261007T200556Z,7227707010
biz-152,TEMPO|911 MARYLAND DR|75061,active,,20261007T195554Z,20261007T200556Z,7249487006
biz-153,AJ MONIER SERVICES|1446 N FLORES ST|78212,active,,20261007T195554Z,20261007T200556Z,7256307007
biz-154,SUMMIT MECHANICAL|5200 CO RD 31100|75486,active,,20261007T195554Z,20261007T200556Z,7265407004
biz-155,RICE PLUMBING|808 S WASHINGTON ST|78102 || RICE PLUMBING|808 S WASHINGTON|78102,active,,20261007T195554Z,20261007T200556Z,7274957007;9043828807
biz-156,GREENHILL AIR|2220 BURLESON BLVD|76028 || GREENHILL AIR|2220 S BURLESON BLVD|76028,active,,20261007T195554Z,20261007T200556Z,6814788302;7279257008
biz-157,JL PARKER PLUMBING|3710 SHILOH RD|75041,active,,20261007T195554Z,20261007T200556Z,7316977001
biz-158,3C MECHANICAL TECHNOLOGIES|5774 S UNIVERSITY PARKS DR|76706,active,,20261007T195554Z,20261007T200556Z,7329737009;8808838405
biz-159,GRAY MECHANICAL CONTRACTORS|15534 W HARDY RD|77060,active,,20261007T195554Z,20261007T200556Z,5110618501;7333847010
biz-160,PLUMBCO SERVICES|PO BOX 173276|76003,active,,20261007T195554Z,20261007T200556Z,7348247010
biz-161,TRAYLOR MECHANICAL|2651 DOUGLAS ST|77581,active,,20261007T195554Z,20261007T200556Z,2018958306;7368797008
biz-162,B4GIBSON MANAGEMENT|5511 DIETRICH RD|78219,active,,20261007T195554Z,20261007T200556Z,7388307009
biz-163,MOMENTUM MECHANICAL|2504 GRAVEL DR|76118,active,,20261007T195554Z,20261007T200556Z,3959898504;7432977009
biz-164,EFFICIENT AIR CONDITIONING|10315 METROPOLITAN DR|78758,active,,20261007T195554Z,20261007T200556Z,7453657006
biz-165,TRI COUNTY AC AND HEATING|510 N AUSTIN ST|78155,active,,20261007T195554Z,20261007T200556Z,7455557004
biz-166,MICHAEL WITT|5229 VESTA FARLEY RD|76119,active,,20261007T195554Z,20261007T200556Z,7565937001
biz-167,MAX MECHANICAL|2313 MICHIGAN CT|76016,active,,20261007T195554Z,20261007T200556Z,7579767010
biz-168,BLACK PLUMBING|4640 S TREADAWAY BLVD|79602,active,,20261007T195554Z,20261007T200556Z,7590327008
biz-169,HESSE SCHNIEDERJAN HEATING AND AIR CONDITIONING|3200 E HWY 82|76240,active,,20261007T195554Z,20261007T200556Z,7606717002
biz-170,HUGH M CUNNINGHAM|2029 WESTGATE DR|75006,active,,20261007T195554Z,20261007T200556Z,7638667005
biz-171,BCI MECHANICAL|400 E OAK ST|76201,active,,20261007T195554Z,20261007T200556Z,7643157010
biz-172,SYNERGY ENVIRONMENTAL SERVICES|2500 E RANDOL MILL RD|76011,active,,20261007T195554Z,20261007T200556Z,7669057002
biz-173,BURGER ENTERPRISES|10211 SOMMERS DR|78217,active,,20261007T195554Z,20261007T200556Z,7680777007
biz-174,BLUE NORTHERN AIR CONDITIONING|16123 AVE C|77530,active,,20261007T195554Z,20261007T200556Z,7683927010;9676938304
biz-175,HOBSON AIR CONDITIONING|1412 GREENWOOD RD|76088 || HOBSON AIR CONDITIONING|1412 GREEWOOD RD|76088,active,,20261007T195554Z,20261007T200556Z,4264538401;7711297009
biz-176,SERVICE RESPONSE TEAM|6301 WHITLEY RD|76148,active,,20261007T195554Z,20261007T200556Z,7782707009
biz-177,BAILEY VENTURES|17040 IH 10|77662 || BAILEY VENTURES|4463 W SUTTON DR|77662,active,,20261007T195554Z,20261007T200556Z,2825568303;7788507009
biz-178,NEU PLUMBING|1117 FOUNDATION DR|76258,active,,20261007T195554Z,20261007T200556Z,2562698402;7845027004
biz-179,DEL RIO COMFORT TECH|111 E GARFIELD ST|78840,active,,20261007T195554Z,20261007T200556Z,7875027005
biz-180,TDR CONTRACTORS|1523 W TYLER ST|75644,active,,20261007T195554Z,20261007T200556Z,7918807004
biz-181,AUGERMAN|450 PINN RD|78227,active,,20261007T195554Z,20261007T200556Z,7932677009
biz-182,ENGINEERED AIR BALANCE|1651 N GLENVILLE DR|75081,active,,20261007T195554Z,20261007T200556Z,8015537010
biz-183,NCT MECHANICAL|1078 KATY RD|76244,active,,20261007T195554Z,20261007T200556Z,8032837008
biz-184,AMG CONTRACTORS|118 BROADWAY STSTE 502|78205 || AMG CONTRACTORS|118 BROADWAY ST|78205,active,,20261007T195554Z,20261007T200556Z,7427748306;8045027000
biz-185,BLANCO HEATING AND COOLING|2226 N US HWY 281|78606,active,,20261007T195554Z,20261007T200556Z,6947788306;8049507010
biz-186,BACKUP UTILITY CONTRACTORS|3818 REESE RD|77471,active,,20261007T195554Z,20261007T200556Z,8051907000
biz-187,BROWN PLUMBING|2501 MAIN AVE|77619,active,,20261007T195554Z,20261007T200556Z,8082367007
biz-188,INFINITY SYSTEMS|12036 WINDFERN RD|77064,active,,20261007T195554Z,20261007T200556Z,5133658309;8115957004
biz-189,ABCO FIRE PROTECTION|14202 HWY 87 S|79423,active,,20261007T195554Z,20261007T200556Z,8128007000
biz-190,M AND W BIO|1320 FORD ST|75061,active,,20261007T195554Z,20261007T200556Z,8132147010;9507418507
biz-191,LANE WEATHER MART|3909 N CHADBOURNE ST|76903,active,,20261007T195554Z,20261007T200556Z,8192307001
biz-192,J AND S MECHANICAL CONTRACTORS|2111 W 34 ST|77018,active,,20261007T195554Z,20261007T200556Z,8205227001;9622328303
biz-193,MILESTONE ELECTRIC|2360 CRIST RD|75040,active,,20261007T195554Z,20261007T200556Z,8205367008
biz-194,MUELLER AND WILSON|12747 CIMARRON PATH|78249,active,,20261007T195554Z,20261007T200556Z,8265117005;8737178301
biz-195,CYTECH HEATING AND COOLING|3917 W ST HWY 107|78539,active,,20261007T195554Z,20261007T200556Z,8267917002
biz-196,DENALLI CONSTRUCTION SERVICES|1840 HUTTON DR|75006,active,,20261007T195554Z,20261007T200556Z,8288837001
biz-197,NORTH TEXAS DUCTWORKS|2477 MERRITT DR|75041,active,,20261007T195554Z,20261007T200556Z,8303747008
biz-198,LISTER PLUMBING|5001 SEALY ST|77551,active,,20261007T195554Z,20261007T200556Z,7735888500;8346157008
biz-199,CHARLIES PLUMBING|10114 THERMON ST|77075,active,,20261007T195554Z,20261007T200556Z,1851468405;8392347007
biz-200,TEXAS CHILLER SYSTEMS|1219 SAFARI|78216,active,,20261007T195554Z,20261007T200556Z,8422527004
biz-201,FREER MECHANICAL CONTRACTORS|1908 SAMUELS AVE|76102,active,,20261007T195554Z,20261007T200556Z,8423707001
biz-202,5 F MECHANICAL GROUP|PO BOX 81305|78708,active,,20261007T195554Z,20261007T200556Z,8426817005
biz-203,BILL CODY AND SONS PLUMBING|209 W CLARENDON DR|75208,active,,20261007T195554Z,20261007T200556Z,8430527004
biz-204,SOUTHWEST INSULATION|3300 STUART DR PO BOX 11503|76110 || SOUTHWEST INSULATION|3300 STUART DR|76110,active,,20261007T195554Z,20261007T200556Z,1006148308;8433237006
biz-205,SHANKS PLUMBING SERVICE|2133 S MAIN ST|76033,active,,20261007T195554Z,20261007T200556Z,8440757007
biz-206,MCWILLIAMS AND SON|912 E DENMAN|75901 || MCWILLIAMS AND SON|918 E DENMAN AVE|75901,active,,20261007T195554Z,20261007T200556Z,3426838603;8440927010
biz-207,HB MECHANICAL SERVICES|20410 OLD SORTERS RD|77365,active,,20261007T195554Z,20261007T200556Z,8475857002
biz-208,WAY SERVICE|5308 ASHBROOK DR|77081,active,,20261007T195554Z,20261007T200556Z,8482447006
biz-209,COUGAR HOLDINGS|14824 ST HWY 249|77086,active,,20261007T195554Z,20261007T200556Z,8534777003
biz-210,AIR TEXAS MECHANICAL|1724 TOWNHURST DR|77043,active,,20261007T195554Z,20261007T200556Z,8536247001
biz-211,HAR CON MECHANICAL CONTRACTORS|9009 LITTLE YORK RD|77040,active,,20261007T195554Z,20261007T200556Z,8546337008
biz-212,MMM PLUMBING HEATING AND AIR CONDITIONING|87 N FANNIN ST|79106,active,,20261007T195554Z,20261007T200556Z,8552907009
biz-213,CATHEDRAL PLUMBING OF TEXAS|1440 HALSEY WAY|75007,active,,20261007T195554Z,20261007T200556Z,8566047001
biz-214,3D MECHANICAL PLUMBING|600 WASHINGTON ST|75142,active,,20261007T195554Z,20261007T200556Z,8601927001
biz-215,UNITED PLUMBING|PO BOX 8162|79114,active,,20261007T195554Z,20261007T200556Z,8633907000
biz-216,ELLIS AIR SYSTEMS|3513 FLORENCE RD|76542,active,,20261007T195554Z,20261007T200556Z,2205288704;8665087008
biz-217,UNITED CHESTER INDUSTRIES|11540 PLANO RD|75243,active,,20261007T195554Z,20261007T200556Z,8690357008
biz-218,CHAPMAN OUTDOORS|3210 COMMANDER DR|75006,active,,20261007T195554Z,20261007T200556Z,8693027009
biz-219,TRIPLE CROSS PLUMBING AND UTILITIES|34660 SMITHSON VALLEY RD|78163,active,,20261007T195554Z,20261007T200556Z,8703877000
biz-220,DALLIS REFRIGERATION OF TEXAS|431 LINDA DR|78133,active,,20261007T195554Z,20261007T200556Z,1704678409;8713537007
biz-221,BIGGS PLUMBING|1615 DUNGAN LN|78754,active,,20261007T195554Z,20261007T200556Z,8716947007
biz-222,RITTMANN PLUMBING|PO BOX 1948|78006,active,,20261007T195554Z,20261007T200556Z,8738997001
biz-223,EZ MECHANICAL|7366 CARIBOU ST|78238 || EZ MECHANICAL|7366 CARIBOU|78238,active,,20261007T195554Z,20261007T200556Z,3325098509;8749207004
biz-224,PRODIGY HVAC|212 S ELM ST|76201,active,,20261007T195554Z,20261007T200556Z,8753697003
biz-225,NCULLUM ENTERPRISES|2917 W INDUSTRIAL AVE|79701,active,,20261007T195554Z,20261007T200556Z,2332078300;8755157009
biz-226,HOMEFRONT S AND D|3210 COMMANDER DR|75006,active,,20261007T195554Z,20261007T200556Z,8783187004
biz-227,KRISTYNIK INVESTMENTS|2502 CLARKS LN|77808,active,,20261007T195554Z,20261007T200556Z,8812277007
biz-228,S AND D PLUMBING|421 TALBOT ST|76574,active,,20261007T195554Z,20261007T200556Z,8822247002
biz-229,NEW DWD INTERNATIONAL|2033 JOHANNA DR|77055,active,,20261007T195554Z,20261007T200556Z,1113837106
biz-230,VICTORY FIRE PROTECTION|125 TOPEKA DR|76712,active,,20261007T195554Z,20261007T200556Z,8934957008
biz-231,BLACKMON|4315 BARKALOO RD|77521,active,,20261007T195554Z,20261007T200556Z,8976837005
biz-232,ROYAL AC|12718 WOODWORTH DR|77429,active,,20261007T195554Z,20261007T200556Z,3450688410;8979047010
biz-233,A 1 AIR|601 E CORPORATE DR|75057,active,,20261007T195554Z,20261007T200556Z,8981677010
biz-234,LEGACY PLUMBING|1101 E ELDORADO PKWY|75068,active,,20261007T195554Z,20261007T200556Z,9016067007
biz-235,BHC ENTERPRISES|400 GRAHAM RD|77845,active,,20261007T195554Z,20261007T200556Z,9060897006
biz-236,Z AND C PLUMBING PARTNERSHIP|3720 GREENHOUSE RD|77084,active,,20261007T195554Z,20261007T200556Z,9069267001
biz-237,EFFICIENCY AIR|319 E MAIN ST|77957,active,,20261007T195554Z,20261007T200556Z,9097367004
biz-238,SVOBODA SERVICES|7225 N PARK DR|77407,active,,20261007T195554Z,20261007T200556Z,1392618304;9108547006
biz-239,BAC TRAC PLUMBING|2015 FIRNAT 0 0|77093,active,,20261007T195554Z,20261007T200556Z,9140367000
biz-240,TURNER AND WITT PLUMBING HEATING AND AIR CONDITIONING|8225 AVE D|79404,active,,20261007T195554Z,20261007T200556Z,9160707003
biz-241,P AND E MECHANICAL CONTRACTORS|9705 BURNET RD|78758,active,,20261007T195554Z,20261007T200556Z,9181687009
biz-242,RAYMARK AIR CONDITIONING AND HEATING|25408 HWY 59|77365,active,,20261007T195554Z,20261007T200556Z,9182827005
biz-243,ALLIED FIRE PROTECTION SA|2003 MYKAWA RD|77581,active,,20261007T195554Z,20261007T200556Z,9234417003
biz-244,ALLIED FIRE PROTECTION|2003 MYKAWA RD|77581,active,,20261007T195554Z,20261007T200556Z,9235757002
biz-245,AFP ALARM AND DETECTION|2003 MYKAWA RD|77581,active,,20261007T195554Z,20261007T200556Z,9236937010
biz-246,HOUSTON NORTH AIR CONDITIONING|PO BOX 91188|77291,active,,20261007T195554Z,20261007T200556Z,9321377002
biz-247,ALCODE PLUMBING|1285 W CARDINAL DR|77705,active,,20261007T195554Z,20261007T200556Z,7047758307;9336217003
biz-248,VWMB INDUSTRIAL REFRIGERATION|1409 SPARS CT|76020,active,,20261007T195554Z,20261007T200556Z,9383867002
biz-249,SWEETWATER FILTRATION SYSTEMS|10139 METROPOLITAN DR|78758,active,,20261007T195554Z,20261007T200556Z,9384777001
biz-250,HG FIRE SYSTEMS|15102 SOMMERMEYER ST|77041,active,,20261007T195554Z,20261007T200556Z,9497777008
biz-251,GOLDEN RULE AIR CONDITIONING AND HEATING|9306 THOMASVILLE DR|77064,active,,20261007T195554Z,20261007T200556Z,7023718301;9538387006
biz-252,JOHN MOORE|10005 W SAM HOUSTON PKWY N|77064,active,,20261007T195554Z,20261007T200556Z,9538987009
biz-253,ARNOLD REFRIGERATION|1122 N CHERRY ST 0 0|78202,active,,20261007T195554Z,20261007T200556Z,9543217006
biz-254,TOM LYNE PLUMBING AND IRRIGATION|18300 KIOWA CV|77845,active,,20261007T195554Z,20261007T200556Z,9549457009
biz-255,RIDDELL PLUMBING|3700 US HWY 80 E|75149,active,,20261007T195554Z,20261007T200556Z,9555577006
biz-256,PACE MECHANICAL SERVICES|13335 MURPHY RD|77477,active,,20261007T195554Z,20261007T200556Z,9556307008
biz-257,TWV|429 ACRES LN|77474,active,,20261007T195554Z,20261007T200556Z,2561488309;9558707003
biz-258,BT SIEK|10704 N FM 620 RD|78726,active,,20261007T195554Z,20261007T200556Z,9590997009
biz-259,KINNEYS COMMERCIAL|133 TK INDUSTRIAL BLVD|78634,active,,20261007T195554Z,20261007T200556Z,9598577006
biz-260,WATSON PLUMBING|13097 ST HWY 31 W|75709,active,,20261007T195554Z,20261007T200556Z,9601137005
biz-261,STAR FINISHES ENTERPRISES|1205 SHELDON COVE|78753,active,,20261007T195554Z,20261007T200556Z,9604147003
biz-262,BINC OPERATING|PO BOX 2080|79114,active,,20261007T195554Z,20261007T200556Z,9637657010
biz-263,POWER PLUMBING|36310 HEMPSTEAD RD|77447,active,,20261007T195554Z,20261007T200556Z,9643657006
biz-264,PARIS AIR CONDITIONING|3460 PINE MILL RD|75460,active,,20261007T195554Z,20261007T200556Z,9653527006
biz-265,JD PRECISION SERVICES|6134 CANYON CREEK LN|77304,active,,20261007T195554Z,20261007T200556Z,7135828402;9658457008
biz-266,SNL PLUMBING AND EXCAVATING|PO BOX 793|76234,active,,20261007T195554Z,20261007T200556Z,9661727007
biz-267,RAVEN MECHANICAL|1618 BUSCHONG ST|77039,active,,20261007T195554Z,20261007T200556Z,7087188307;9692747005
biz-268,AW MECHANICAL SERVICES|3331 W 11 ST|77008,active,,20261007T195554Z,20261007T200556Z,9710907010
biz-269,CUSTOM COMFORT|1821 COTTONWOOD SCHOOL RD|77471,active,,20261007T195554Z,20261007T200556Z,3210858305;9712767009
biz-270,TW MECHANICAL|1005 AIRLINE DR|77493,active,,20261007T195554Z,20261007T200556Z,3223588404;9721397007
biz-271,DIAL ONE JOHNSON PLUMBING|158 HOOD ST|75104,active,,20261007T195554Z,20261007T200556Z,9756037004
biz-272,MIDAIR AIR CONDITIONING AND HEATING|132 W MCLEROY BLVD|76179,active,,20261007T195554Z,20261007T200556Z,8958648402;9763237003
biz-273,CLADWES ENTERPRISES|2050 SABINE PASS AVE|77701,active,,20261007T195554Z,20261007T200556Z,7244398305;9764517006
biz-274,CFI MECHANICAL|6109 BRITTMOORE RD|77041,active,,20261007T195554Z,20261007T200556Z,9795637010
biz-275,AIR COMFORT GROUP|590 N MAIN ST|77701,active,,20261007T195554Z,20261007T200556Z,9798397005
biz-276,LASITER AND LASITER PLUMBLING PARTNERSHIP|6307 MIDWAY RD|76117,active,,20261007T195554Z,20261007T200556Z,9800107010
biz-277,BASS PLUMBING|4011 HICKS LN|77845,active,,20261007T195554Z,20261007T200556Z,9807697004
biz-278,AUGERPROS PLUMBING AND DRAIN|1608 TANGLEWOOD DR|75002,active,,20261007T195554Z,20261007T200556Z,9808097003
biz-279,TOWN EAST HEATING AND AIR CONDITIONING|10215 MILLER RD|75238,active,,20261007T195554Z,20261007T200556Z,9817917002
biz-280,AIR COMFORT|625 N MAIN ST|77701,active,,20261007T195554Z,20261007T200556Z,8424338300;9836267003
biz-281,PLUMBING WORKS OF HOUSTON|6615 FLINTLOCK RD|77040,active,,20261007T195554Z,20261007T200556Z,2216778508;9847057005
biz-282,BNT PLUMBING|1300 UNIVERSAL CITY BLVD|78148,active,,20261007T195554Z,20261007T200556Z,9870087001
biz-283,TEXAS FILTER SERVICE|10276 ROBINSON DR|75703,active,,20261007T195554Z,20261007T200556Z,9878207005
biz-284,ME PLUMBING|925 S AUSTIN ST|78155,active,,20261007T195554Z,20261007T200556Z,9884317010
biz-285,MECHANICAL PIPING SYSTEMS|17413 FM 2920 RD BLG L|77377 || MECHANICAL PIPING SYSTEMS|17413 FM 2920 RD|77377,active,,20261007T195554Z,20261007T200556Z,7316938301;9884457006
biz-286,LEATHERWOOD PLUMBING HEATING AND AC|1900 LUBBOCK HWY|79331,active,,20261007T195554Z,20261007T200556Z,9907427001
biz-287,COTES MECHANICAL|6947 CHISUM RD|76266,active,,20261007T195554Z,20261007T200556Z,9914257007
biz-288,INNOVATION HVAC SERVICES|9726 BROCKBANK DR|75220,active,,20261007T195554Z,20261007T200556Z,7896468308;9917047009
biz-289,QUANTUM MECHANICAL SERVICES|5001 RONDO DR|76106,active,,20261007T195554Z,20261007T200556Z,9939387007
biz-290,POPE PLUMBING|3205 MAIN ST|75088,active,,20261007T195554Z,20261007T200556Z,9944827002
biz-291,GILLETTE AIR CONDITIONING|1215 SAN FRANCISCO|78201,active,,20261007T195554Z,20261007T200556Z,9952827002
biz-292,WILSON MCLAIN PLUMBING|4401 MASCH BRANCH RD|76249,active,,20261007T195554Z,20261007T200556Z,9970157006
biz-293,ALMCOE REFRIGERATION|4050 CRESTHILL RD|75227,active,,20261007T195554Z,20261007T200556Z,9987017006
biz-294,TEXAS GENERAL MECHANICAL|309 US HWY 80|75182,active,,20261007T195554Z,20261007T200556Z,9997937004
biz-295,LETSOS|8435 WESTGLEN DR 0 0|77063,active,,20261007T195554Z,20261007T200556Z,1231027100
biz-296,BLANNS SEWER AND DRAIN SERVICE|1809 TOPLEA DR|76040,active,,20261007T195554Z,20261007T200556Z,1286957105
biz-297,GEORGE PLUMBING|12 BURWOOD LN|78216,active,,20261007T195554Z,20261007T200556Z,1290717106;7037108307
biz-298,PLATINUM POOL PLUMBING|4500 BLALOCK RD|77041,active,,20261007T195554Z,20261007T200556Z,1316717105
biz-299,BOLIN PLUMBING|13407 WESTERN OAK DR|78023,active,,20261007T195554Z,20261007T200556Z,1353927108
biz-300,TEXAS BUILT PLUMBING|5001 N FWY|76106,active,,20261007T195554Z,20261007T200556Z,1382337107
biz-301,RICH PLUMBING|8409 S 1 ST|78748,active,,20261007T195554Z,20261007T200556Z,1414327110
biz-302,CENTRAL AIR AND HEATING SERVICE|3028 WILSON RD|78552,active,,20261007T195554Z,20261007T200556Z,1416337106;4967618310
biz-303,A AND G PIPING|3124 WICHITA CT|76140,active,,20261007T195554Z,20261007T200556Z,1445327102
biz-304,BRADBURY BROTHERS|30045 FM 2978 RD|77354,active,,20261007T195554Z,20261007T200556Z,1453457106
biz-305,BEYER MECHANICAL|4711 BROOM ST|78217,active,,20261007T195554Z,20261007T200556Z,1470317101
biz-306,SCHMIDT MECHANICAL GROUP|10927 WYE DR|78217,active,,20261007T195554Z,20261007T200556Z,1471267101
biz-307,TEXAS MECHANICAL CONTRACTORS|6936 COMMERCE AVE|79915,active,,20261007T195554Z,20261007T200556Z,1477687110;3672768503
biz-308,HAWK PLUMBING HEATING AND AIR CONDITIONING|8506 SPRING ST|76179,active,,20261007T195554Z,20261007T200556Z,1479527101
biz-309,DUNCAN HEATING AND AIR CONDITIONING|7437 MARSHA SHARP FWY|79407,active,,20261007T195554Z,20261007T200556Z,1504517101
biz-310,TEXAS RRL|1019 EXPLORER ST|75137,active,,20261007T195554Z,20261007T200556Z,1508667108
biz-311,NICKS PLUMBING AND SEWER SERVICES|1420 N DURHAM DR|77008,active,,20261007T195554Z,20261007T200556Z,1513517103
biz-312,TEXAS PLUMBING CONTRACTORS|6936 COMMERCE AVE|79915,active,,20261007T195554Z,20261007T200556Z,1525587110;3882448510
biz-313,EL SMITH PLUMBING AND HEATING|2013 W AVE|78201,active,,20261007T195554Z,20261007T200556Z,1545957100;5241628406
biz-314,C3 HOME AND COMMERCIAL SERVICES|1710 FIRST ST E|77388,active,,20261007T195554Z,20261007T200556Z,1567087100
biz-315,WELCH HVAC|118 LYNN AVE|75057,active,,20261007T195554Z,20261007T200556Z,1577817109;8388688509
biz-316,AMC SERVICES|9100 US HWY 380|76227,active,,20261007T195554Z,20261007T200556Z,1592817107
biz-317,YOUNG AND PRATT|12822 OLD KIMBRO RD|78653,active,,20261007T195554Z,20261007T200556Z,1593107108
biz-318,E AND E AIR CONDITIONING|801 UNION PACIFIC BLVD|78045,active,,20261007T195554Z,20261007T200556Z,1606557103
biz-319,NATIONAL NETWORK SERVICES|389 W ROCK ISLAND RD 1345 GARZA LN LITTLE ELM|75050 || NATIONAL NETWORK SERVICES|389 W ROCK ISLAND RD|75050,active,,20261007T195554Z,20261007T200556Z,1620597100;9956808501
biz-320,MESA MECHANICAL|3514 PINEMONT DR|77018,active,,20261007T195554Z,20261007T200556Z,1621947100
biz-321,DJR|9201 BROWN LN|78754,active,,20261007T195554Z,20261007T200556Z,1688957108
biz-322,RAMZEL CONSTRUCTION|27759 LAUREL BLOOM|78260,active,,20261007T195554Z,20261007T200556Z,1729557103
biz-323,FOX AND HEARN|4400 BRANDT RD|78744,active,,20261007T195554Z,20261007T200556Z,1744397101
biz-324,MISSION PLUMBING HEATING AND AIR CONDITIONING|15440 TRADESMAN|78249,active,,20261007T195554Z,20261007T200556Z,1776727109
biz-325,SERVICE WIZARD|13702 THERMAL DR|78728,active,,20261007T195554Z,20261007T200556Z,1807197109
biz-326,STAR AC SUPPLY|831 111 ST 100|76011,active,,20261007T195554Z,20261007T200556Z,1823387107
biz-327,ARCHIMEDES|5403 KIRBY DR|77005,active,,20261007T195554Z,20261007T200556Z,1832117109
biz-328,AIR 817|5808 DENTON HWY|76148,active,,20261007T195554Z,20261007T200556Z,1832657107
biz-329,GOODE BROS HEATING AND AC|PO BOX 603|75693,active,,20261007T195554Z,20261007T200556Z,1851717107
biz-330,CAW HVAC|3301 US HWY 281|78332,active,,20261007T195554Z,20261007T200556Z,1870777109
biz-331,GARLAND HEATING AND AIR CONDITIONING|2113 S GARLAND AVE|75041,active,,20261007T195554Z,20261007T200556Z,1876827101
biz-332,BEYER PLUMBING|4711 BROOM ST|78217,active,,20261007T195554Z,20261007T200556Z,1906367107
biz-333,ENTECH HOLDINGS|3404 GARDEN BROOK DR|75234,active,,20261007T195554Z,20261007T200556Z,1907987107
biz-334,FG HAGGERTY|1318 HATTON RD|76302,active,,20261007T195554Z,20261007T200556Z,1930647108
biz-335,KEN GURRY|813 MEDICAL CENTER BLVD|77598,active,,20261007T195554Z,20261007T200556Z,1983007108
biz-336,TEXAS WATER MASTER|1017 ENERGY DR|79602,active,,20261007T195554Z,20261007T200556Z,1063038306;2009067105
biz-337,TEXAIR|2201 W EXPRESWAY 83|78504,active,,20261007T195554Z,20261007T200556Z,2009907108
biz-338,CAC ENTERPRISES|450 KINGS HWY|75501,active,,20261007T195554Z,20261007T200556Z,2012237109
biz-339,BEST PLUMBING|7802 FARNSWORTH ST|77022 || BEST PLUMBING|7802 FARNSWORTH|77022,active,,20261007T195554Z,20261007T200556Z,2012357110;9384978510
biz-340,CWS SERVICES|199 LONELY OAKS LN|76542,active,,20261007T195554Z,20261007T200556Z,2024707105
biz-341,HOLTS MECHANICAL|5522 RITTIMAN RD|78218,active,,20261007T195554Z,20261007T200556Z,2091857104;8800378306
biz-342,HCB MECHANICAL|13215 WEIMAN|77041,active,,20261007T195554Z,20261007T200556Z,2098817106
biz-343,CAPSTONE MECHANICAL|7100 IMPERIAL DR|76712,active,,20261007T195554Z,20261007T200556Z,2152597103
biz-344,S AND B AIR CONDITIONING AND PLUMBING SERVICES OF HOUSTON|12806 E BOURNEWOOD DR|77478,active,,20261007T195554Z,20261007T200556Z,2226567109
biz-345,DISCOVERY PLUMBING SOLUTIONS|12902 HAYNES RD|77066,active,,20261007T195554Z,20261007T200556Z,2281717109;2416428502
biz-346,ROESSLER EQUIPMENT|5805 SCHUMACHER LAND|77057,active,,20261007T195554Z,20261007T200556Z,2284597105
biz-347,SMITH COMMERCAIL CONTRACTING|10400 RODGERS RD|77070,active,,20261007T195554Z,20261007T200556Z,2312727105
biz-348,BACON PLUMBING|295 RANCH TRL|75032,active,,20261007T195554Z,20261007T200556Z,2317907110;4788168605
biz-349,ACCENT PLUMBING|21101 FM 685|78660,active,,20261007T195554Z,20261007T200556Z,1693888308;2366007107
biz-350,AINSWORTH AIR|905 W ARCHER|77521,active,,20261007T195554Z,20261007T200556Z,2406537108
biz-351,1 800 PLUMBER OF PEARLAND|3905 HALIK ST|77581,active,,20261007T195554Z,20261007T200556Z,2433777105
biz-352,THERMACON SERVICE|255 IH 10 S|77702,active,,20261007T195554Z,20261007T200556Z,2494687106
biz-353,BOBS AIR CONDITIONING AND HEATING|305 HOUSTON AVE|77573,active,,20261007T195554Z,20261007T200556Z,2514747109
biz-354,HILL COUNTRY PRO HVAC|18 INDIAN MEADOWS DR 510|78665,active,,20261007T195554Z,20261007T200556Z,2515057105
biz-355,HARDIN PLUMBING|1090 INDUSTRIAL DR|78028,active,,20261007T195554Z,20261007T200556Z,2535837100
biz-356,J FERG PLUMBING PROS|11513 HWY 62 82|79382,active,,20261007T195554Z,20261007T200556Z,2546217108
biz-357,DERRYBERRYS|2203 W CEDAR BAYOU LYNCHBURG RD|77521,active,,20261007T195554Z,20261007T200556Z,2559707101;7608628609
biz-358,AXIOM SERVICES|204 N MAYHILL RD|76208,active,,20261007T195554Z,20261007T200556Z,2565747109
biz-359,TEXAS STAR FIRE SYSTEMS|8711 BURNET RD|78757,active,,20261007T195554Z,20261007T200556Z,2714087106
biz-360,MISSION AC HOME SERVICES|523 GARDEN OAKS BLVD|77018,active,,20261007T195554Z,20261007T200556Z,2808447108
biz-361,A AND L SHEET METAL|3413 ROYALTY ROW|75062,active,,20261007T195554Z,20261007T200556Z,2811037104
biz-362,SC PLUMBING|10400 RODGERS RD|77070,active,,20261007T195554Z,20261007T200556Z,2842237108;6090098409
biz-363,PANHANDLE FIRE PROTECTION|5772 CANYON DR|79109,active,,20261007T195554Z,20261007T200556Z,2846097100
biz-364,B AND W ENTERPRISES|11780 HWY 152|79065,active,,20261007T195554Z,20261007T200556Z,2938627101
biz-365,SOUTH COAST INDUSTRIES|1860 FM 359 202|77406,active,,20261007T195554Z,20261007T200556Z,3037447103
biz-366,SAGRAY ENTERPRISES|16018 UNIVERSITY OAK|78249,active,,20261007T195554Z,20261007T200556Z,3102127109
biz-367,AIRMASTERS HEATING AND AIR CONDITIONING|306 W WESTHILL DR|76033,active,,20261007T195554Z,20261007T200556Z,3118857110
biz-368,COASTAL SPRINKLER|6233 INDUSTRIAL RD|77705,active,,20261007T195554Z,20261007T200556Z,3118887108
biz-369,GCBF|145 ROSE LN|75036,active,,20261007T195554Z,20261007T200556Z,3149657101
biz-370,PARAMOUNT PLUMBING|1005 N HENDERSON ST|76107,active,,20261007T195554Z,20261007T200556Z,3154447102;3198158401
biz-371,KG RICH HEATING AND AIR|145 SHELTON ST|79603,active,,20261007T195554Z,20261007T200556Z,3190087109
biz-372,MAVERICK PLUMBING AND UTILITIES|5802 WOOLDRIDGE|78414,active,,20261007T195554Z,20261007T200556Z,3259777103
biz-373,MEYER HEATING AND AIR CONDITIONING|258 DEBORAH DR|78130,active,,20261007T195554Z,20261007T200556Z,3303347101
biz-374,MAC MECHANICAL PLUMBING|7938 BREEN DR|77064,active,,20261007T195554Z,20261007T200556Z,3328727104
biz-375,HAL WATSON AIR CONDITIONING|518 ALANA LN|77386,active,,20261007T195554Z,20261007T200556Z,3332107109
biz-376,DIRECT SERVICE|6850 N IH 35E|75165,active,,20261007T195554Z,20261007T200556Z,3351987110
biz-377,AMERICAN COMFORT SOLUTIONS|5614 FRANZ RD|77493,active,,20261007T195554Z,20261007T200556Z,3379627109;3630358609
biz-378,ENCORE MECHANICAL|535 S NOLEN DR|76092,active,,20261007T195554Z,20261007T200556Z,3419637107
biz-379,CRAIG MECHANICAL|1900 ALDINE WESTERN RD|77038,active,,20261007T195554Z,20261007T200556Z,3449427104
biz-380,HERNDON MCFARLAND|4181 BILLY MITCHELL DR|75001,active,,20261007T195554Z,20261007T200556Z,3456037103;9703268507
biz-381,TRAVIS MECHANICAL|1911 OLD DENTON RD|75006 || TRAVIS MECHANICAL|1919 OLD DENTON RD|75006,active,,20261007T195554Z,20261007T200556Z,1299148605;3469287107
biz-382,MCCAW CABINETRY|1430 NALL ST|77651,active,,20261007T195554Z,20261007T200556Z,3503277109
biz-383,COMFLOW|6411 LAWFORD LN|77040,active,,20261007T195554Z,20261007T200556Z,3521557103;4002138301
biz-384,T AND AMP R MECHANICAL|14787 SUNSET DR|77306,active,,20261007T195554Z,20261007T200556Z,3554097103
biz-385,RDI MECHANICAL|7150 BREEN DR|77086,active,,20261007T195554Z,20261007T200556Z,2823668305;3567817104
biz-386,ESPERANZA VENTURES|421 SCHREINER ST|78028,active,,20261007T195554Z,20261007T200556Z,1990768401;3618807102
biz-387,HOUSTON AIR REPAIR|833 111 ST|76011,active,,20261007T195554Z,20261007T200556Z,3626787109
biz-388,HOUK AIR CONDITIONING|833 111 ST|76011,active,,20261007T195554Z,20261007T200556Z,3627167102
biz-389,CLARKE KENT PLUMBING|1408 W BEN WHITE BLVD|78704,active,,20261007T195554Z,20261007T200556Z,3678927105
biz-390,COMMERCIAL VENTILATION SERVICES|15255 GULF FWY|77034,active,,20261007T195554Z,20261007T200556Z,3709117102;7127348302
biz-391,KENNEDALE MANSFIELD PLUMBING|1451 HERITAGE PKWY|76063,active,,20261007T195554Z,20261007T200556Z,3768417109
biz-392,GREGORY EDWARDS|10808 ALCOTT DR|77043,active,,20261007T195554Z,20261007T200556Z,3781587108
biz-393,FORT BEND MECHANICAL AND CONSTRUCTION|13802 MURPHY RD|77477,active,,20261007T195554Z,20261007T200556Z,1173228610;3787187107
biz-394,APONT|624 E CENTRE PARK BLVD|75115,active,,20261007T195554Z,20261007T200556Z,3812117100
biz-395,TIMBERLAKE AND DICKSON|3520 W MILLER RD|75041,active,,20261007T195554Z,20261007T200556Z,3845937106
biz-396,R DAVIS SERVICES|10114 DEL MONTE DR|77042,active,,20261007T195554Z,20261007T200556Z,3852747106
biz-397,MADDUX COMFORT CONTROL|6734 RUPLEY CIR|77087,active,,20261007T195554Z,20261007T200556Z,3914447106;9350368604
biz-398,AC CONTRACTORS|3830 GILMER RD|75604,active,,20261007T195554Z,20261007T200556Z,3948017104
biz-399,REFRIGERATED WAREHOUSE CONSTRUCTION|8498 MILLER RD|77354,active,,20261007T195554Z,20261007T200556Z,3959257101
biz-400,GULF STATES FIRE PROTECTION|13727 FM 529 RD|77041,active,,20261007T195554Z,20261007T200556Z,3963147106;5203738305
biz-401,FRANKS PLUMBING|6920 WINTON ST|77021,active,,20261007T195554Z,20261007T200556Z,3963847104
biz-402,MESQUITE PLUMBING|12899 CO RD 4124|75114 || MESQUITE PLUMBING|12899 OUNTY RD 4124|75114,active,,20261007T195554Z,20261007T200556Z,3787798708;3985587110
biz-403,LAWTON MECHANICAL|1444 N CENTRAL EXPY|75070,active,,20261007T195554Z,20261007T200556Z,4000607104
biz-404,BATEMAN PLUMBING|3405 SWENSEN RD|77581,active,,20261007T195554Z,20261007T200556Z,3596398409;4030257107
biz-405,ELITE PLUMBING|13645 WESTLAND E BLVD|77041,active,,20261007T195554Z,20261007T200556Z,4067677108;5220298306
biz-406,POLK MECHANICAL|2425 DILLARD ST|75051,active,,20261007T195554Z,20261007T200556Z,4086287104
biz-407,RLP MECHANICAL CONTRACTORS|4117 HWY 77|75165 || RLP MECHANICAL CONTRACTORS|4117 N HWY 77|75165,active,,20261007T195554Z,20261007T200556Z,4119297104;4728148401
biz-408,L AND S PLUMBING PARTNERSHIP|1101 E ARAPAHO|75081,active,,20261007T195554Z,20261007T200556Z,4174737108
biz-409,GLENN AND CARRIE DAVEY|511 S LOOP 4|78610,active,,20261007T195554Z,20261007T200556Z,4194247100
biz-410,MANN REFRIGERATION|701 CATES ST|76426,active,,20261007T195554Z,20261007T200556Z,4224407102
biz-411,AQUEDUCT PLUMBING|14803 WISTERIA RUN CT|77062,active,,20261007T195554Z,20261007T200556Z,4234437104
biz-412,BRIANS PLUMBING|901 OHIO AVE|76301,active,,20261007T195554Z,20261007T200556Z,4243547104
biz-413,SAMMS HEATING AND AIR CONDITIONING|250 CHISHOLM PL|75075,active,,20261007T195554Z,20261007T200556Z,4248107100
biz-414,HEART OF TEXAS MECHANICAL CONTRACTING|203 CORDELL ST|76801,active,,20261007T195554Z,20261007T200556Z,4265097101
biz-415,BELL MECHANICAL SERVICES|1645 WALLACE DR|75006,active,,20261007T195554Z,20261007T200556Z,4305517102
biz-416,GLEN L JOHNSON AIR CONDITIONING|9703 MCCULLOUGH AVE|78216,active,,20261007T195554Z,20261007T200556Z,4319447106;6504058605
biz-417,TRAMEL ALCO AIR|4412 US HWY 259 N|75605,active,,20261007T195554Z,20261007T200556Z,4332927102
biz-418,DOUBLE EAGLE MECHANICAL SERVIC|825 SOUTHWAY CIR A|76115,active,,20261007T195554Z,20261007T200556Z,4350747100
biz-419,WEEKS SERVICE|1306 HWY 3 S|77573,active,,20261007T195554Z,20261007T200556Z,4360657101
biz-420,OBRYAN PLUMBING|205 MAIN ST|75002,active,,20261007T195554Z,20261007T200556Z,4391187105
biz-421,COASTAL LEAK CONSULTING|19130 WILKS DR|77433,active,,20261007T195554Z,20261007T200556Z,4421987100
biz-422,BSP|11510 HWY 36|77461,active,,20261007T195554Z,20261007T200556Z,4428557103
biz-423,1ST CALL PLUMBING HEATING AND AIR|1140 ARION PKWY|78216,active,,20261007T195554Z,20261007T200556Z,4439147104
biz-424,ENTERPRISE PLUMBING OF TEXAS|900 ALPHA DR|75081,active,,20261007T195554Z,20261007T200556Z,4455317107
biz-425,CAPITAL PLUMBING|307 DENA LN|76227,active,,20261007T195554Z,20261007T200556Z,4472867110
biz-426,TIM LONG PLUMBING|195 CO RD 4840|76052,active,,20261007T195554Z,20261007T200556Z,4503307110
biz-427,PESSIN HOLDINGS|2118 DROWNING LN|78641 || PESSIN HOLDINGS|300 N BAGDAD RD|78641,active,,20261007T195554Z,20261007T200556Z,2067918410;4519337102
biz-428,CASA MECHANICAL SERVICES|2401 E OLD SETTLERS BLVD|78665,active,,20261007T195554Z,20261007T200556Z,4586547106
biz-429,SIEGERT HEATING AND AIR CONDITIONING|989 N EARL RUDDER FWY|77802,active,,20261007T195554Z,20261007T200556Z,4626687108
biz-430,BOSWORTH|2205 W INDUSTRIAL AVE|79701,active,,20261007T195554Z,20261007T200556Z,4652667106
biz-431,AIRMAX|216 W PECAN ST|75009,active,,20261007T195554Z,20261007T200556Z,1950078510;4694187102
biz-432,DENTON LAWN AND SPRINKLER|1040 SHADY OAKS DR|76205,active,,20261007T195554Z,20261007T200556Z,4703637109
biz-433,ROBERTS AND PETTY|2709 STEPHEN F AUSTIN DR|76801,active,,20261007T195554Z,20261007T200556Z,1153798402;4748857109
biz-434,DELTA T EQUIPMENT|10757 CUTTEN RD|77066,active,,20261007T195554Z,20261007T200556Z,4770007108
biz-435,ABILA BAHAR|410 LOCUST ST|79602,active,,20261007T195554Z,20261007T200556Z,4833117104
biz-436,RICH MANAGEMENT|7575 W US HWY 190|76513,active,,20261007T195554Z,20261007T200556Z,4836567105;5633558408
biz-437,MASRAM MECHANICAL|5613 CAMPBELL RD|77041,active,,20261007T195554Z,20261007T200556Z,4871107102
biz-438,MASTER TECH SERVICE|11496 LUNA RD|75234,active,,20261007T195554Z,20261007T200556Z,4882437102
biz-439,CCAC|4325 LAKE ONTARIO DR|78413,active,,20261007T195554Z,20261007T200556Z,4888777100
biz-440,DALLAS MECHANICAL GROUP|11925 N STEMMONS FWY|75234,active,,20261007T195554Z,20261007T200556Z,4931957102
biz-441,S AND T PLUMBING|804 W SHADY GROVE RD|75060,active,,20261007T195554Z,20261007T200556Z,2898488402;4937197100
biz-442,FCS FOX COMMERCIAL SERVICES|4300 CONGRESS AVE|78745,active,,20261007T195554Z,20261007T200556Z,4940657108
biz-443,INTERNATIONAL MECHANICAL SERVICES|1914 BREEDEN AVE|78212,active,,20261007T195554Z,20261007T200556Z,4784228406;4958307106
biz-444,JMS INTEGRATED BUILDING SOLUTIONS|1840 HUTTON DR|75006,active,,20261007T195554Z,20261007T200556Z,4964577102
biz-445,SATEX PLUMBING|313 N PARK DR|78216,active,,20261007T195554Z,20261007T200556Z,4977137109
biz-446,LARSON PLUMBING AND UTILITY|605 CANTWELL LN|78408,active,,20261007T195554Z,20261007T200556Z,4991727105
biz-447,BEYER AIR CONDITIONING AND HEATING|4711 BROOM ST|78217,active,,20261007T195554Z,20261007T200556Z,4992557104
biz-448,EASY AIRE|239 RIVER GROVE RD|77478,active,,20261007T195554Z,20261007T200556Z,5039477104
biz-449,WEBB SANDERSON ELECTRIC|214 E MULBERRY ST|75090,active,,20261007T195554Z,20261007T200556Z,5091007100
biz-450,MURRAY PLUMBING|4430 CENTERGATE ST|78217,active,,20261007T195554Z,20261007T200556Z,5094227102
biz-451,PELLERIN AND STEUBING|2749 BULVERDE RD|78163,active,,20261007T195554Z,20261007T200556Z,5118897110
biz-452,PERFORMANCE HEAT AND AIR|1807 OWEN CT|76063,active,,20261007T195554Z,20261007T200556Z,5172677104
biz-453,HJ OTIS PLUMBING|11814 WARFIELD ST|78216,active,,20261007T195554Z,20261007T200556Z,5184837101
biz-454,REX MECHANICAL|9011 MAIN ST|77461,active,,20261007T195554Z,20261007T200556Z,3933948900;5203727110
biz-455,MCLEAN PLUMBING HEATING AND AIR CONDITIONING|4101 TRIMMIER RD|76542,active,,20261007T195554Z,20261007T200556Z,5221387108
biz-456,S AND D COMMERCIAL SERVICES|1009 W 2 ST|76574,active,,20261007T195554Z,20261007T200556Z,5262757108
biz-457,C AND D MECHANICAL|8706 US HWY 59 S|75501,active,,20261007T195554Z,20261007T200556Z,5276697104
biz-458,MCBRIDE PLUMBING|6719 THEALL RD|77066,active,,20261007T195554Z,20261007T200556Z,5299627108
biz-459,SIRIUS PLUMBING AND AIR CONDITIONING|1406 HALSEY WAY|75007,active,,20261007T195554Z,20261007T200556Z,5300837110
biz-460,COVE PLUMBING|2416 E BUSINESS 190|76522,active,,20261007T195554Z,20261007T200556Z,3061528502;5332087104
biz-461,JACOBS CATHEY PERRYMAN|600 JEWELL DR|76712,active,,20261007T195554Z,20261007T200556Z,5385787106
biz-462,COBB AIR CONDITIONING|1458 IH 10 E|77703,active,,20261007T195554Z,20261007T200556Z,4031938304;5392017107
biz-463,ARMSTRONG MECHANICAL|710 E 40 ST|79404,active,,20261007T195554Z,20261007T200556Z,5443527108
biz-464,GOEBLER TCS|POB 1241|78610,active,,20261007T195554Z,20261007T200556Z,5449697103
biz-465,EARLS PLUMBING HEATING AND AIR|4720HIGHWAY 84|79415,active,,20261007T195554Z,20261007T200556Z,5469617109
biz-466,CURTIS MECHANICAL CONTRACTORS|1610 OSPREY DR|75115,active,,20261007T195554Z,20261007T200556Z,5476737108
biz-467,COOL AIR MECHANICAL|10931 DENNIS RD|75229,active,,20261007T195554Z,20261007T200556Z,5085788307;5506937100
biz-468,ROCKWALL HEATING AND AIR|1551 E IH 30|75087,active,,20261007T195554Z,20261007T200556Z,3860928500;5592977107
biz-469,AIR POLLUTION CONTROL SPECIALISTS|1851 GULF FWY S|77573,active,,20261007T195554Z,20261007T200556Z,5631457108
biz-470,K AND S HEATING AND AIR|1409 JUPITER RD|75042,active,,20261007T195554Z,20261007T200556Z,5649197100
biz-471,FRG HOLDINGS|100 CRESCENT CT|75201,active,,20261007T195554Z,20261007T200556Z,5703807106;8058258310
biz-472,MJ MECHANICAL|221 HIGHLAND OAKS|78641,active,,20261007T195554Z,20261007T200556Z,5705807110
biz-473,DMI|1002 KCK WAY|75104,active,,20261007T195554Z,20261007T200556Z,5740547110
biz-474,PLUMB MASTERS|12307 ROXIE DR 213|78729,active,,20261007T195554Z,20261007T200556Z,5749677110
biz-475,BMF SOLUTIONS|13602 JARVIS RD|77429,active,,20261007T195554Z,20261007T200556Z,5752117107
biz-476,EXPERT SERVICES|2345 MERRITT DR|75041,active,,20261007T195554Z,20261007T200556Z,5758367102
biz-477,GEO SYSTEMS USA|2435 DILLARD ST|75051,active,,20261007T195554Z,20261007T200556Z,5834927107
biz-478,JOE CLARK MECHANICAL SERVICES|15104 DELAHUNTY LN|78660,active,,20261007T195554Z,20261007T200556Z,5966867104;7356608301
biz-479,MOONBIZ|1579 N LEXINGTON BLVD|78409,active,,20261007T195554Z,20261007T200556Z,5990177109;7321638310
biz-480,RBRM INVESTMENTS|7787 SMITH DAIRY RD|76513,active,,20261007T195554Z,20261007T200556Z,2193158310;5998197109
biz-481,DIRECT AIRFLOW DISTRIBUTORS I|51 ESPLANADE BLVD|77060,active,,20261007T195554Z,20261007T200556Z,6073657108
biz-482,AY MECHANICAL|7209 N LAMAR BLVD|78752,active,,20261007T195554Z,20261007T200556Z,6109057108
biz-483,MCDUFF ENTERPRISE|9811 COBB ST|78217,active,,20261007T195554Z,20261007T200556Z,6163637106
biz-484,FIRST SERVICE AIR CONDITIONING|3009 GARDEN CITY HWY|79701,active,,20261007T195554Z,20261007T200556Z,6165487102
biz-485,VERTECH SERVICES|3201 N HWY 146|77521,active,,20261007T195554Z,20261007T200556Z,6171387103
biz-486,GLV INTERESTS|6117 MILWEE ST|77092,active,,20261007T195554Z,20261007T200556Z,6176327106
biz-487,ELSTONAIRE|727 E CENTRE PARK BLVD|75115,active,,20261007T195554Z,20261007T200556Z,4672628403;6278677107
biz-488,PAYNE MECHANICAL SERVICES OF TEXAS|2000 S EASTMAN RD|75602,active,,20261007T195554Z,20261007T200556Z,6281707104
biz-489,SRS OPERATING|11852 FM 2932|75126,active,,20261007T195554Z,20261007T200556Z,6334457106;9041928308
biz-490,MECHANICAL 360 AC AND HEATING|9940 CYPRESS CREEK PKWY|77070,active,,20261007T195554Z,20261007T200556Z,6399147108
biz-491,PLUMBING SPECIALTIES|1570 S ST|77701,active,,20261007T195554Z,20261007T200556Z,6460527104
biz-492,LEE THOMPSON|1718 ELMVIEW DR|77080,active,,20261007T195554Z,20261007T200556Z,6508457107
biz-493,BILLYGO|923 MINTERS CHAPEL RD|76051,active,,20261007T195554Z,20261007T200556Z,6508847106
biz-494,C AND L HEATING AND AIR CONDITIONING|1641 LONE STAR DR|79766,active,,20261007T195554Z,20261007T200556Z,6558777107
biz-495,GOLDEN MECHANICAL CONTRACTORS|1232 COLORADO LN|76015,active,,20261007T195554Z,20261007T200556Z,6662907109
biz-496,TROTTER AND MORTON FACILITY SERVICE OF TEXAS|11202 DISCO|78216,active,,20261007T195554Z,20261007T200556Z,6674307103
biz-497,PREMIER PLUMBERS OF TEXAS|301 INDUSTRIAL BLVD|75069,active,,20261007T195554Z,20261007T200556Z,6691177103
biz-498,C2 MECHANICAL SERVICES|811 TRADESMAN PARK LOOP|78634,active,,20261007T195554Z,20261007T200556Z,6745017108
biz-499,A LOWERY|4105 N FM 2528|79416,active,,20261007T195554Z,20261007T200556Z,6769787110
biz-500,NACOGDOCHES SHEET METAL AND PLUMBING|3804 NW STALLINGS DR|75964,active,,20261007T195554Z,20261007T200556Z,6788357105
biz-501,MECHANICAL REPS|9407 MIDDLEX DR|78217,active,,20261007T195554Z,20261007T200556Z,6790857101
biz-502,CITY WIDE MECHANICAL|2520 MARSH LN|75206,active,,20261007T195554Z,20261007T200556Z,6820267103
biz-503,TB2 SERVICE|3250 W STORY RD|75038,active,,20261007T195554Z,20261007T200556Z,6831267109
biz-504,JM CARTER PLUMBING|PO BOX 937|75078,active,,20261007T195554Z,20261007T200556Z,6837017105
biz-505,MESAH COMMISSIONING|5920 ALLDAY DR|77036,active,,20261007T195554Z,20261007T200556Z,1874098600;6904457109
biz-506,HALL MECHANICAL CONTRACTORS|600 DE COSTA ST|76111,active,,20261007T195554Z,20261007T200556Z,4170008307;6918127105
biz-507,ELLIS AIR|3513 FLORENCE RD|76542,active,,20261007T195554Z,20261007T200556Z,6956007105
biz-508,CHRISTIANSON AIR CONDITIONING AND PLUMBING|1950 LOUIS HENNA BLVD|78664,active,,20261007T195554Z,20261007T200556Z,6977317103
biz-509,TL MECHANICAL|4717 WESTWAY DR|78408,active,,20261007T195554Z,20261007T200556Z,3259958900;7035937102
biz-510,ANGELL SERVICES|13321 IMMANUEL RD|78660,active,,20261007T195554Z,20261007T200556Z,6495428301;7038277100
biz-511,MOJICA PLUMBING AND DRAIN CLEANING|1808 BENCH MARK DR|78728,active,,20261007T195554Z,20261007T200556Z,7121187109
biz-512,MOSBY MECHANICAL|507 S EASTMAN RD|75602,active,,20261007T195554Z,20261007T200556Z,7149567107
biz-513,PB AND J ENTERPRISES|715 E MAIN ST|77418,active,,20261007T195554Z,20261007T200556Z,7159217100
biz-514,FRESH AIR|5702 POWER LINE RD|77469,active,,20261007T195554Z,20261007T200556Z,6762748309;7162467106
biz-515,TEXAS DRAIN TECHNOLOGIES|4918 PINEMONT DR|77092,active,,20261007T195554Z,20261007T200556Z,7274827101
biz-516,DIAMOND D MECHANICAL|1170 US HWY 82|79316,active,,20261007T195554Z,20261007T200556Z,7278597101
biz-517,MID COUNTY PLUMBING|2222 SPURLOCK RD|77627,active,,20261007T195554Z,20261007T200556Z,7290217106
biz-518,AC DISTRIBUTION|5638 BEAR LN|78405,active,,20261007T195554Z,20261007T200556Z,7320967110
biz-519,SHAFER ANDERSON HOLDINGS|315 BURNET ST|78202,active,,20261007T195554Z,20261007T200556Z,7334917107
biz-520,ADVANTIS SERVICES|4250 SPRING VALLEY RD|75244,active,,20261007T195554Z,20261007T200556Z,7411907109
biz-521,BEALL SERVICE|9245 PADRE ISLAND DR|78418,active,,20261007T195554Z,20261007T200556Z,7434087104
biz-522,WALSH ALLIANCE|19300 OIL CENTER BLVD|77073,active,,20261007T195554Z,20261007T200556Z,2374288302;7490577103
biz-523,ABLE PLUMBING|1105 MOSKOWITZ AVE|77586,active,,20261007T195554Z,20261007T200556Z,7534217103
biz-524,DRING AIR CONDITIONING AND HEATING|2140 HUTTON DR 100|75006,active,,20261007T195554Z,20261007T200556Z,7586967107
biz-525,AC LONESTAR SERVICES|1213 EDDY ST|79772,active,,20261007T195554Z,20261007T200556Z,7620267103
biz-526,MAS MECHANICAL|10050 HOUSTON OAKS DR|77064,active,,20261007T195554Z,20261007T200556Z,7622757101
biz-527,CAPITAL FIRE PROTECTION|3350 ROGERDALE RD|77042,active,,20261007T195554Z,20261007T200556Z,7684247107
biz-528,GILBERT PLUMBING|4118 SOUTHERLAND RD|77092,active,,20261007T195554Z,20261007T200556Z,7794257100
biz-529,VAMVORAS|4734 SHAVANO OAK|78249,active,,20261007T195554Z,20261007T200556Z,7837347104
biz-530,KINGWOOD AIR CONDITIONING AND HEATING|22424 LOOP 494|77339,active,,20261007T195554Z,20261007T200556Z,7910747103
biz-531,C AIR S MECHANICAL|8430 FAWNDALE LN|77040,active,,20261007T195554Z,20261007T200556Z,7921847104
biz-532,CHIP MILLER PLUMBING|408 E ONEAL ST|75169,active,,20261007T195554Z,20261007T200556Z,7864328405;7929807108
biz-533,CLASSIC PLUMBING|1301 10 ST|75074,active,,20261007T195554Z,20261007T200556Z,7946477107;9735208309
biz-534,PANTEX PLUMBING|PO BOX 3249|79116,active,,20261007T195554Z,20261007T200556Z,7977087100
biz-535,H AND G SYSTEMS|3614 SECURITY ST|75042,active,,20261007T195554Z,20261007T200556Z,7996597106
biz-536,CERTIFIED PLACERS|23985 FM 491|78569,active,,20261007T195554Z,20261007T200556Z,1074487202
biz-537,KEN MAN PLUMBING|801 4 AVE|76063,active,,20261007T195554Z,20261007T200556Z,1096727203
biz-538,DILMAK SERVICES|10645 E LOOP 1604 S|78263,active,,20261007T195554Z,20261007T200556Z,1123457201
biz-539,NATIVE SOLUTIONS|1400 S SHERMAN ST|75081,active,,20261007T195554Z,20261007T200556Z,1173737200;2573858408
biz-540,JET MECHANICAL|11003 WYE DR|78217,active,,20261007T195554Z,20261007T200556Z,1195917207;6969568409
biz-541,SI MECHANICAL|1589 PO BOX|78610,active,,20261007T195554Z,20261007T200556Z,1217757209
biz-542,GRAVES MECHANICAL|5910 SCHUMACHER LN|77057,active,,20261007T195554Z,20261007T200556Z,1254157205
biz-543,CHAPMAN AIR CONDITIONING|10750 SANDHILL RD|75238,active,,20261007T195554Z,20261007T200556Z,1323217204
biz-544,TRUSS AND SON PLUMBING|2204 N JOHN REDDITT DR|75904,active,,20261007T195554Z,20261007T200556Z,1348107202
biz-545,Q MARTINS PLUMBING SERVICES|11712 FRANCIS SCOBEE DR|79936,active,,20261007T195554Z,20261007T200556Z,1502477207
biz-546,AMERICAN WATERCARE|530 S IH 35|78681,active,,20261007T195554Z,20261007T200556Z,1839547210
biz-547,KILLEEN HEATING AND AIR CONDITIONING|509 CONDER ST|76541,active,,20261007T195554Z,20261007T200556Z,1948087202
biz-548,PUBLIC SERVICE PLUMBERS|5610 DYER ST|75206,active,,20261007T195554Z,20261007T200556Z,2000497207
biz-549,OHAVER PLUMBING|18615 FM 2252|78266,active,,20261007T195554Z,20261007T200556Z,2102547210
biz-550,PETREK MECHANICAL CONTRACTORS|9618 CAMP BOWIE W|76116,active,,20261007T195554Z,20261007T200556Z,2103437203
biz-551,ALLIANCE MECHANICAL SERVICES L|2130 REGAL PKWY|76040,active,,20261007T195554Z,20261007T200556Z,2117317203
biz-552,TINDALL MECHANICAL|700 STRAUS RD|75104,active,,20261007T195554Z,20261007T200556Z,2130387207;4785738310
biz-553,ALAMO WELDING AND BOILER WORKS|816 N FLORES ST|78212,active,,20261007T195554Z,20261007T200556Z,2153907200;2472148408
biz-554,TIM BAILEY PLUMBING|14996 LIVE OAK ST|77845,active,,20261007T195554Z,20261007T200556Z,2154027209
biz-555,WALLER COUNTY ELECTRIC|1005 13 ST|77445,active,,20261007T195554Z,20261007T200556Z,2225837203;6537248610
biz-556,ATLAS ELECRTRICAL AIR CONDITIONING|705 S ALTON BLVD|78573,active,,20261007T195554Z,20261007T200556Z,2275287202
biz-557,LASCO MECHANICAL SERVICES|18601 LYNDON B JOHNSON FWY|75150,active,,20261007T195554Z,20261007T200556Z,8087277101
biz-558,LASCO PROCESS SYSTEMS|18601 LYNDON B JOHNSON FWY|75150,active,,20261007T195554Z,20261007T200556Z,2661029010;8094917101
biz-559,STELLAR PLUMBING|331 CO RD 131|78634,active,,20261007T195554Z,20261007T200556Z,8141037101
biz-560,RENEGADE FIRE SYSTEMS|4317 B FM 2351 RD|77546,active,,20261007T195554Z,20261007T200556Z,8342587109
biz-561,PRECISE TECHNICAL SERVICES|18616 KLEIN CHURCH RD|77379,active,,20261007T195554Z,20261007T200556Z,8412067102
biz-562,SA RITEWAY SERVICE|9010 BROADWAY ST|78217,active,,20261007T195554Z,20261007T200556Z,8494047110
biz-563,SDL PLUMBING|1612 BRUCE WAY|75159,active,,20261007T195554Z,20261007T200556Z,8621457108
biz-564,AGGRESSIVE PLUMBING SERVICE AND REPAIR|1220 W HURST BLVD|76053,active,,20261007T195554Z,20261007T200556Z,8714257106
biz-565,CW MECHANICAL|914 E MEYER RD|77586,active,,20261007T195554Z,20261007T200556Z,8807137104
biz-566,MSC MECHANICAL|10464 ST HWY 30|77845,active,,20261007T195554Z,20261007T200556Z,8822517109
biz-567,AVATT SERVICES|340 CO RD 260|78642,active,,20261007T195554Z,20261007T200556Z,8932817106
biz-568,PRO SERVE PLUMBING|11255 CAMP BOWIE W|76008,active,,20261007T195554Z,20261007T200556Z,8945507106
biz-569,COOPER AND MOORE|10430 SHADY TRL 100|75220,active,,20261007T195554Z,20261007T200556Z,8949237105
biz-570,AMERICAN PLUMBING|1620 N PARKDALE|75712,active,,20261007T195554Z,20261007T200556Z,9047547110
biz-571,LONGMIRE PLUMBING|4425 CRAWFORD DR|79602,active,,20261007T195554Z,20261007T200556Z,9099467101
biz-572,STRAUS SYSTEMS|7 STRAUS CT|77477,active,,20261007T195554Z,20261007T200556Z,5636078401;9104677100
biz-573,MATHEWS AIR COMFORT SOLUTIONS|4933 AMBASSADOR ROW|78416,active,,20261007T195554Z,20261007T200556Z,9216637104
biz-574,AAA PLUMBERS|6547 PETROPARK DR|77041,active,,20261007T195554Z,20261007T200556Z,9217517105
biz-575,HAROLD JAMES|3240 BRYAN AVE|76110,active,,20261007T195554Z,20261007T200556Z,9431057110
biz-576,CUSTOM FILTRATION|9233 LEOPARD ST|78409,active,,20261007T195554Z,20261007T200556Z,9461397108
biz-577,HOUSTON AUTUMN AIR|18812 TOMATO ST|77379,active,,20261007T195554Z,20261007T200556Z,9501407104
biz-578,AC RESCUE|10705 PLANO RD|75238,active,,20261007T195554Z,20261007T200556Z,1631218409;9513027105
biz-579,AUSTIN AIR CONDITIONING|13620 IMMANUEL RD|78660,active,,20261007T195554Z,20261007T200556Z,9596317103
biz-580,M BROWN SERVICE|6340 BAKER BLVD|76118,active,,20261007T195554Z,20261007T200556Z,7068518304;9632547100
biz-581,SCHRADER PLUMBING|5520 DAVIS BLVD|76180,active,,20261007T195554Z,20261007T200556Z,9682107106
biz-582,SMELSCER PLUMBING|PO BOX 20551|76702,active,,20261007T195554Z,20261007T200556Z,9715257102
biz-583,HEAT AIR PRODUCTS|4604 STARLIGHT|76117,active,,20261007T195554Z,20261007T200556Z,9842747110
biz-584,MURAN PLUMBING|1502 E ERWIN ST|75702,active,,20261007T195554Z,20261007T200556Z,9920567100
biz-585,PROFIRE PROTECTION|455 LANTANA ST|78408,active,,20261007T195554Z,20261007T200556Z,9986477100
biz-586,CRUZ GENERAL|2005 FM 1960 BYPASS|77338,active,,20261007T195554Z,20261007T200556Z,2309337203
biz-587,LONGHORN MECHANICAL|1045 SPENCE RD|75495,active,,20261007T195554Z,20261007T200556Z,2376217202
biz-588,SAYE PLUMBING CONTRACTORS INC HOUSTON|9616 TELGE RD|77095,active,,20261007T195554Z,20261007T200556Z,2488427200
biz-589,FRITZER INTERESTS|9370 S POINT DR|77054,active,,20261007T195554Z,20261007T200556Z,2495777209
biz-590,BRIGADE FIRE SOLUTIONS|17419 VILLAGE GREEN DR|77040,active,,20261007T195554Z,20261007T200556Z,2500227203;7752558606
biz-591,TRIO FIRE SYSTEMS|1138 S CEDAR RIDGE DR|75137,active,,20261007T195554Z,20261007T200556Z,2664137207
biz-592,PRIORITY PLUMBING|4210 HIGHLAND LKS|77316,active,,20261007T195554Z,20261007T200556Z,2726997203;7849088810
biz-593,KTB MECHANICAL|9527 FLORA ROCK LN|77433,active,,20261007T195554Z,20261007T200556Z,2744477204
biz-594,DYNAMIC MANAGEMENT MECHANICAL CONTRACTING|15265 CAPITAL PRT|78249,active,,20261007T195554Z,20261007T200556Z,2760077202
biz-595,TAB TECHNOLOGIES|5321 INDUSTRIAL OAKS BLVD|78735,active,,20261007T195554Z,20261007T200556Z,2844187208
biz-596,CHAMPION AC|16018 UNIVERSITY OAK|78249,active,,20261007T195554Z,20261007T200556Z,2905107200
biz-597,BIESENBACH|9254 US HWY 87|78263,active,,20261007T195554Z,20261007T200556Z,2932167202
biz-598,DALLAS UNIQUE INDOOR COMFORT|1510 STEVENS ST|75218,active,,20261007T195554Z,20261007T200556Z,2989367204
biz-599,ED MILLER SERVICE|9736 BROCKBANK DR|75220,active,,20261007T195554Z,20261007T200556Z,3021437204
biz-600,DARNELL DANNY J ALTER EGO|101 ERMEL ST|78155,active,,20261007T195554Z,20261007T200556Z,3093447206
biz-601,TOTAL PLUMBING SERVICES|3706 BIG A RD|75089,active,,20261007T195554Z,20261007T200556Z,3129327208
biz-602,HIGHLAND FIRE PROTECTION|8408 STERLING ST|75063,active,,20261007T195554Z,20261007T200556Z,3137557207
biz-603,A OK PLUMBING|2000 WINDY TER|78613,active,,20261007T195554Z,20261007T200556Z,3507007204
biz-604,COOL SERVICES|1804 BENCH MARK DR|78728 || COOL SERVICES|1804|78728,active,,20261007T195554Z,20261007T200556Z,1778128302;3519107207
biz-605,NITRO AC|16321 LOCH KATRINE LN|77084,active,,20261007T195554Z,20261007T200556Z,3526257204;4384258307
biz-606,HYMAN PLUMBING|9880 LOST LN|77426,active,,20261007T195554Z,20261007T200556Z,3555817205
biz-607,CUSTOM AIR CONDITIONING AND SHEETMETAL|1729 STEBBINS DR|77043,active,,20261007T195554Z,20261007T200556Z,3561207206
biz-608,SARGENT PLUMBING|25808 LAFOUCHE DR|77377,active,,20261007T195554Z,20261007T200556Z,3606207200
biz-609,CENTEX MECHANICAL|514 OLD AUSTIN HWY|78602,active,,20261007T195554Z,20261007T200556Z,3684367208
biz-610,RICHARDSON MECHANICAL|660 INTERNATIONAL PKWY|75081,active,,20261007T195554Z,20261007T200556Z,3730407209
biz-611,BELL AIR CONDITIONING|310 E CENTRAL AVE|76513,active,,20261007T195554Z,20261007T200556Z,3789827200
biz-612,STARTECH SERVICE|3503 4 ST|76574,active,,20261007T195554Z,20261007T200556Z,3809827209
biz-613,BLCCS|14886 TRADESMAN|78249,active,,20261007T195554Z,20261007T200556Z,3837937204;3972818409
biz-614,REGENCY PLUMBING CONTRACTORS|10408 MULA RD|77477,active,,20261007T195554Z,20261007T200556Z,3855117209;5528228401
biz-615,TRUDELA WALKER|8900 JOHN CARPENTER FWY|75247,active,,20261007T195554Z,20261007T200556Z,3860257210
biz-616,MR CHILL HEATING AND AIR|22815 COMMERCIAL LN|77375,active,,20261007T195554Z,20261007T200556Z,3943427208
biz-617,EASTERN MECHANICAL CONTRACTORS|3845 FORNEY RD|75149 || EASTERN MECHANICAL CONTRACTORS|3845 N FORNEY RD|75149,active,,20261007T195554Z,20261007T200556Z,3980837201;9139818504
biz-618,BILLY BLACK HVAC|1026 S GOODE ST|79701,active,,20261007T195554Z,20261007T200556Z,4123707208
biz-619,AIRE SERV OF THE PERMIAN BASIN|13380 ST HWY 191|79707,active,,20261007T195554Z,20261007T200556Z,3038388608;4125527206
biz-620,OGH SERVICE|3730 CREEKMONT DR|77091,active,,20261007T195554Z,20261007T200556Z,4132477202
biz-621,DEK PLUMBING|PO BOX 1436|76053,active,,20261007T195554Z,20261007T200556Z,4176677205
biz-622,HONEST AIR CONDITIONING|112 MCNUTT BUSINESS PARK RD|78634,active,,20261007T195554Z,20261007T200556Z,4182487203
biz-623,TRADEMARK PLUMBLING|17651 TELGE RD|77447,active,,20261007T195554Z,20261007T200556Z,4226987203
biz-624,ADVENT AIR CONDITIONING|500 KEALY AVE|75057 || ADVENT AIR CONDITIONING|500 S KEALY AVE|75057,active,,20261007T195554Z,20261007T200556Z,4278247206;8169428403
biz-625,SOUTHERN MECHANICAL PLUMBING|400 S ASTON DR|75182,active,,20261007T195554Z,20261007T200556Z,4327887207;8671628410
biz-626,AIR FORCE HEATING AND AIR CONDITIONING|1007 SHADY OAKS DR|76205,active,,20261007T195554Z,20261007T200556Z,4338927201
biz-627,DOUG TURNER PLUMBING|PO BOX 1177|77487,active,,20261007T195554Z,20261007T200556Z,4403587203
biz-628,HOLE IN ONE PLUMBING|PO BOX 1779|75098,active,,20261007T195554Z,20261007T200556Z,4447077205
biz-629,MCDANIEL AND SON PLUMBING|99 REGENCY PARWAY|76063,active,,20261007T195554Z,20261007T200556Z,4452827210
biz-630,MAGNUM AIR|15498 SUMMIT PARK DR 101|77356 || MAGNUM AIR|15498 SUMMIT PARK DR|77356,active,,20261007T195554Z,20261007T200556Z,2412538307;4524587210
biz-631,PAROBEK PLUMBING|329 HOFFMAN RD|78602,active,,20261007T195554Z,20261007T200556Z,4529097204
biz-632,RHEA AND SONS ENTERPRISES|333 CO RD 116|78643,active,,20261007T195554Z,20261007T200556Z,4611487202
biz-633,ACCELERATED MECHANICAL SERVICES|103 W BROAD ST|75126,active,,20261007T195554Z,20261007T200556Z,4660087207;6456558400
biz-634,WHITAKER PLUMBING|605 W WELLINGTON ST|75633,active,,20261007T195554Z,20261007T200556Z,4851647201
biz-635,JM ENGINEERING|2013 WELLS BRANCH PKWY|78728,active,,20261007T195554Z,20261007T200556Z,4875227209
biz-636,DFS FIRE SYSTEMS|885 E COLLINS BLVD|75189,active,,20261007T195554Z,20261007T200556Z,4895607202
biz-637,ALL TEX BOILER AND PLUMBING SERVICES|10635 TOWER OAKS BLVD|77070,active,,20261007T195554Z,20261007T200556Z,4960827206
biz-638,ABERLE PLUMBING|13141 KINSMAN RD|77049,active,,20261007T195554Z,20261007T200556Z,4233038401;4989277200
biz-639,MF PLUMBING|2060 FM 963|78611,active,,20261007T195554Z,20261007T200556Z,5161747204
biz-640,CONSOLIDATED SERVICES OF NORTH AMERICA|5833 WESTVIEW DR|77055,active,,20261007T195554Z,20261007T200556Z,5289187201;9761238300
biz-641,REED PLUMBING|610 N RD|76060,active,,20261007T195554Z,20261007T200556Z,5330667206
biz-642,DP SOUTH TEXAS PLUMBING|5431 BRYSTONE DR|77041,active,,20261007T195554Z,20261007T200556Z,2375308504;5416277208
biz-643,ONE SOURCE ENTERPRISE|3839 MCKINNEY AVE|75204,active,,20261007T195554Z,20261007T200556Z,3632318710;5439497207
biz-644,MATCO HVAC|4112 AIRPORT FWY|76117,active,,20261007T195554Z,20261007T200556Z,5474327208
biz-645,CUSTOM FIRE PROTECTION OF TEXAS|5023 ADDICKS SATSUMA RD|77084,active,,20261007T195554Z,20261007T200556Z,3342358408;5533037205
biz-646,STANS HEATING AND AIR CONDITIONING|6016 DILLARD CIR|78752,active,,20261007T195554Z,20261007T200556Z,5603847208
biz-647,EBBDAR|25351 BOROUGH PARK DR|77380,active,,20261007T195554Z,20261007T200556Z,5653207202
biz-648,AMERICAN LEAK DETECTION OF SAN ANTONIO|31134 IH 10 W|78006,active,,20261007T195554Z,20261007T200556Z,5713667203
biz-649,METRO MECHANICAL|430 S BRYAN BELT LINE RD|75149,active,,20261007T195554Z,20261007T200556Z,5773897204
biz-650,LESCON PLUMBING|2010 HOUSTON AVE|77338,active,,20261007T195554Z,20261007T200556Z,5785637204
biz-651,SUPERIOR INSTALLATION SERVICES|1230 CROWLEY CIR|75006,active,,20261007T195554Z,20261007T200556Z,5875957210
biz-652,TRUDELA MES|8900 JOHN CARPENTER FWY|75247,active,,20261007T195554Z,20261007T200556Z,6017177210
biz-653,THARP ROUSH|LOGAN RANCH RD|78628,active,,20261007T195554Z,20261007T200556Z,6017497201
biz-654,TEXAS ONE SOURCE INDUSTRIAL SOLUTIONS|5123 MARTIN LUTHER KING FWY|76119 || TEXAS ONE SOURCE INDUSTRIAL SOLUTIONS|5123 MLK FWY|76119,active,,20261007T195554Z,20261007T200556Z,1131918509;6105027200
biz-655,TEZEL AND COTTER AIR CONDITIONING|2730 CASTROVILLE RD|78237,active,,20261007T195554Z,20261007T200556Z,6123597200
biz-656,RSC|4508 WOODROW AVE|77551,active,,20261007T195554Z,20261007T200556Z,6198757205
biz-657,BRANDT AIR CONDITIONING AND HEATING SERVICES|561 CAROLINA ST|77494 || BRANDT AIR CONDITIONING AND HEATING SERVICES|761 CAROLINA ST|77494,active,,20261007T195554Z,20261007T200556Z,5576628800;6227597205
biz-658,CANTUS PLUMBING|2710 N CONWAY AVE|78574 || CANTUS PLUMBING|2710 N CONWAY|78574,active,,20261007T195554Z,20261007T200556Z,6312177202;9775368501
biz-659,G AND S MECHANICAL|204 TRADESMENS PARK DR|78634,active,,20261007T195554Z,20261007T200556Z,1015207308
biz-660,SAN MARCOS AIR CONDITIONING|3500 N ST HWY 123|78666 || SAN MARCOS AIR CONDITIONING|3500 ST HWY 123|78666,active,,20261007T195554Z,20261007T200556Z,1066247309;3744388300
biz-661,4L ENGINEERING|420 N DOROTHY DR|75081,active,,20261007T195554Z,20261007T200556Z,1218427304
biz-662,ALANAR PLUMBING|7742 HUNTERS PEAK LN|77523,active,,20261007T195554Z,20261007T200556Z,1283007303
biz-663,EXCEL FIRE PROTECTION SYSTEMS|321 N CENTRAL EXPY 257|75070,active,,20261007T195554Z,20261007T200556Z,1396817306
biz-664,SPARTN PLUMBING HEATING AND AIR CONIDITIONING|8217 AVE D|79403,active,,20261007T195554Z,20261007T200556Z,1452977303
biz-665,GREEN ACRES COMMERCIAL SERVICES|9651 N IH 35|78130,active,,20261007T195554Z,20261007T200556Z,1574077302
biz-666,CUSTOM MECHANICAL|17223 WINDING OAK CO RD|77429,active,,20261007T195554Z,20261007T200556Z,1605337301
biz-667,ALLIANCE SPCIALIZED SYSTEMS L|105 W ANAYA RD|78577,active,,20261007T195554Z,20261007T200556Z,1720307309
biz-668,CIRCLE L SOLAR|3914 SANDSHELL DR|76137,active,,20261007T195554Z,20261007T200556Z,1778607308
biz-669,TROTTI SERVICE|9210 MEADOW VISTA BLVD|77064,active,,20261007T195554Z,20261007T200556Z,1822017306
biz-670,K SAUNDERS|4300 W WACO DR|76710,active,,20261007T195554Z,20261007T200556Z,1850977309
biz-671,AIR CARE SOUTHEAST|615 KANSAS ST|77587,active,,20261007T195554Z,20261007T200556Z,5708278304;6421857204
biz-672,BEVILLS HEATING AND AIR CONDITIONING|1834 W OVERLAND TRL|79603,active,,20261007T195554Z,20261007T200556Z,5969848503;6437227208
biz-673,DAVID DEBIEN ENTERPRISES|520 THORNTON RD|77018,active,,20261007T195554Z,20261007T200556Z,5656918401;6446327205
biz-674,EAST POINT INSTALLERS|11320 FM 529 RD|77041,active,,20261007T195554Z,20261007T200556Z,1332268304;6491547200
biz-675,ASSOCIATED MECHANICAL SERVICES|1635 INDUSTRIAL PARK|77627,active,,20261007T195554Z,20261007T200556Z,6502597200
biz-676,PREMIER AC AND AMP HEATING|2109 LOU ELLEN LN|77018,active,,20261007T195554Z,20261007T200556Z,6587117205
biz-677,MADDOX AIR CONDITIONING|125 S BONNER AVE|75702,active,,20261007T195554Z,20261007T200556Z,6632267204
biz-678,C AND C SLAB LEAKS AND PLUMBING|PO BOX 360475|75336,active,,20261007T195554Z,20261007T200556Z,6649347200
biz-679,OASIS HC|105 E TATE|76706,active,,20261007T195554Z,20261007T200556Z,6650957203
biz-680,SA SPECIALTIES SAN ANTONIO|433 BREESPORT ST|78216,active,,20261007T195554Z,20261007T200556Z,6771607210
biz-681,MCNAMARA CUSTOM SERVICES|230 MCNAMARA LN|76708,active,,20261007T195554Z,20261007T200556Z,6773217204
biz-682,SWAIM CONSTRUCTION GROUP|161 S MCKINLEY ST|75078,active,,20261007T195554Z,20261007T200556Z,6775177209
biz-683,BOEN PLUMBING|5720 FRANKLIN AVE|76710,active,,20261007T195554Z,20261007T200556Z,6775547202
biz-684,TLCP|16536 MUESCHKE RD|77433,active,,20261007T195554Z,20261007T200556Z,6779637202
biz-685,ACCU AIRE MECHANICAL|1441 S WW WHITE RD|78220,active,,20261007T195554Z,20261007T200556Z,6782658608;6791817200
biz-686,ELITE HEATING AND AIR CONDITIONING|8910 RESEARCH BLVD|78758,active,,20261007T195554Z,20261007T200556Z,6925537206
biz-687,BON AIR SERVICE|1905 W JEFFERSON ST|75051,active,,20261007T195554Z,20261007T200556Z,6947447204
biz-688,A CHAVARRIAS PLUMBING|6320 KRONE LN|78041,active,,20261007T195554Z,20261007T200556Z,3808128401;7015697203
biz-689,UNLIMITED SPRINKLER FIRE PROTECTION|130 KRISTEN LN|75098,active,,20261007T195554Z,20261007T200556Z,7076667209
biz-690,DENNY PLUMBING|33875 IH 10|78006,active,,20261007T195554Z,20261007T200556Z,7093717202
biz-691,RAGSDALE PLUMBING|PO BOX 8647|75404,active,,20261007T195554Z,20261007T200556Z,7109827206
biz-692,HESS AIR|817 S ALAMO RD|78516,active,,20261007T195554Z,20261007T200556Z,7331717209
biz-693,PROFESSIONAL PLUMBERS|1322 CENTURY WAY|75098,active,,20261007T195554Z,20261007T200556Z,7349997210
biz-694,TOTAL HEAT AND AC|1408 O AVE|75074,active,,20261007T195554Z,20261007T200556Z,7440727200
biz-695,GRACO MECHANICAL|5910 SCHUMACHER LN|77057,active,,20261007T195554Z,20261007T200556Z,7459737203
biz-696,AIR CLINIC AIR CONDITIONING AND HEATING|3201 BISHOP DR|76010,active,,20261007T195554Z,20261007T200556Z,7518177202
biz-697,TRI STAR LEGACY|4600 MARSALIS ST|76117,active,,20261007T195554Z,20261007T200556Z,7542427205
biz-698,BETRON|11842 BEINHORN DR|77065,active,,20261007T195554Z,20261007T200556Z,7616687206
biz-699,NORTH EAST AIR CONDITIONING HEATING AND PLUMBING SERVICES IN|611 S SEGUIN RD|78109,active,,20261007T195554Z,20261007T200556Z,7654457208
biz-700,FPG MECHANICAL CONTRACTORS|3630 WOOSTER LN|79936,active,,20261007T195554Z,20261007T200556Z,7808907205
biz-701,TRI CHEM SPECIALTY CHEMICALS|2600 N CRESSON HWY|76035,active,,20261007T195554Z,20261007T200556Z,7896607208
biz-702,METRO HEATING AND COOLING|10254 MILLER RD|75238,active,,20261007T195554Z,20261007T200556Z,7935807202
biz-703,ELADIO GUTIERREZ CASTANDEDA JR|2101 LEOPARD ST|78408,active,,20261007T195554Z,20261007T200556Z,8017687209
biz-704,CARAWAY PLUMBING|502 S DELEON ST|77901,active,,20261007T195554Z,20261007T200556Z,8029977210
biz-705,PALO DURO HEATING AND AIR|7741 LONGORIA RD|79119,active,,20261007T195554Z,20261007T200556Z,8113347201
biz-706,KCE MECHANICAL|4702 N ST HWY 123|78666 || KCE MECHANICAL|4702 ST HWY 123|78666,active,,20261007T195554Z,20261007T200556Z,8164607207;9989928607
biz-707,THURGOOD|1500 CAPITAL AVE|75074,active,,20261007T195554Z,20261007T200556Z,8179707205
biz-708,WILHOUSE SHEET METAL|400 UNION BOWER CT|75061,active,,20261007T195554Z,20261007T200556Z,8179907206
biz-709,DAVE LANE AIR CONDITIONING|15825 ST HWY 249|77086,active,,20261007T195554Z,20261007T200556Z,8216767201
biz-710,CENTRAL TEXAS COMMERCIAL ETAL|ROSSON DR|78736,active,,20261007T195554Z,20261007T200556Z,8283207208
biz-711,OHLCO PLUMBING|1015 FROST ST|77471,active,,20261007T195554Z,20261007T200556Z,8344877204
biz-712,ULTRA MECHANICAL|9636 KEEGAN RD|77099,active,,20261007T195554Z,20261007T200556Z,8392017209
biz-713,ACCUVENT AIR|11927 WINDFERN RD|77064,active,,20261007T195554Z,20261007T200556Z,8592657207
biz-714,ENVIRONMENTAL TECHNIQUES|2809 INDUSTRIAL LN|75041,active,,20261007T195554Z,20261007T200556Z,5835178606;8593437202
biz-715,DU WEST TOTAL PLUMBING|510 W PASADENA FWY|77506,active,,20261007T195554Z,20261007T200556Z,8614787202
biz-716,RUTTY AND MORRIS|3703 NEDERLAND AVE|77627,active,,20261007T195554Z,20261007T200556Z,7635448609;8738147200
biz-717,NEVA|11350 BRITTMOORE PARK DR|77041,active,,20261007T195554Z,20261007T200556Z,8873667206
biz-718,LASSITER|8601 MILL CREEK RD|75063,active,,20261007T195554Z,20261007T200556Z,2224378506;9018147207
biz-719,LINC INTERESTS|7234 WYNNWOOD LN|77008,active,,20261007T195554Z,20261007T200556Z,9258957202
biz-720,AIM ENTERPRISES|4418 TETONS|79904,active,,20261007T195554Z,20261007T200556Z,9274577206
biz-721,REED SERVICE|4725 WASHINGTON BLVD|77707,active,,20261007T195554Z,20261007T200556Z,9394027210
biz-722,EAST TEXAS LRL ENTERPRISES|101 INDUSTRIAL BLVD|75904,active,,20261007T195554Z,20261007T200556Z,9411337201
biz-723,CAT TECH|413 INDEPENDENCE PKWY|77571,active,,20261007T195554Z,20261007T200556Z,9492237207
biz-724,FTC SOLAR|11801 DOMAIN BLVD|78758,active,,20261007T195554Z,20261007T200556Z,1982787302
biz-725,RICK AND DICKSIE|3484 FM 2813|75762,active,,20261007T195554Z,20261007T200556Z,2034677309;8720268308
biz-726,HARKINS|618 N HWY 95|78621,active,,20261007T195554Z,20261007T200556Z,2098947306
biz-727,KENDZIORA PLUMBING|7556 WERNER ST|77037,active,,20261007T195554Z,20261007T200556Z,2165527310;4680928301
biz-728,TRI COUNTY AIR CARE|801 CO RD 286|75409,active,,20261007T195554Z,20261007T200556Z,2186937303
biz-729,FREDRICK LEE PRESS PLUMBING|9056 FM 1641|75160,active,,20261007T195554Z,20261007T200556Z,2195887303
biz-730,OK RENTAL AND SALES|418 CLAY ST|78028,active,,20261007T195554Z,20261007T200556Z,2485917308
biz-731,RELIABLE PLANT MAINTENANCE|1404 N MCDONALD ST|75071,active,,20261007T195554Z,20261007T200556Z,2665607306;3264568405
biz-732,PREFERRED AIR OF HOUSTON|4031 ELLIS RD|77546,active,,20261007T195554Z,20261007T200556Z,2684847303
biz-733,AIRE TECHNICS|39397 FM 529 RD|77423,active,,20261007T195554Z,20261007T200556Z,2760137305
biz-734,HVAC TEAM MECHANICAL SERVICES|2201 PATTERSON INDUSTRIAL DR|78660,active,,20261007T195554Z,20261007T200556Z,2778447302
biz-735,TRADITION PLUMBING|14090 FM 2920 G533|77377,active,,20261007T195554Z,20261007T200556Z,2833087305
biz-736,TRADE MARK BROWN|3146 JUNCTION HWY|78025,active,,20261007T195554Z,20261007T200556Z,2839637305
biz-737,GEO PRODUCTS|4545 BISSONNET ST|77401,active,,20261007T195554Z,20261007T200556Z,2952757308
biz-738,QUALITY 1 ENERGY SYSTEMS|10874 PLANO RD|75238,active,,20261007T195554Z,20261007T200556Z,2968267308
biz-739,MORROW MECHANICAL|17013 SEVEN PINES DR|77379,active,,20261007T195554Z,20261007T200556Z,2969237301
biz-740,BURDETT PLUMBING SERVICES|8706 IKE BYROM RD|76227,active,,20261007T195554Z,20261007T200556Z,3149087303
biz-741,STRUTTON PLUMBING|5805 CYPRESS ST|77074,active,,20261007T195554Z,20261007T200556Z,3180077309
biz-742,COOK MECHANICAL|9837 WHITHORN DR|77095,active,,20261007T195554Z,20261007T200556Z,3193107304
biz-743,COOPWOODS AIR CONDITIONING|414 W TIDWELL RD|77091,active,,20261007T195554Z,20261007T200556Z,2954958603;3232527305
biz-744,BATES AIR CONDITIONING SERVICE|620 RANKIN CIR N|77073,active,,20261007T195554Z,20261007T200556Z,3275487306
biz-745,BRANTON|2936 BALCH SPRINGS RD|75180,active,,20261007T195554Z,20261007T200556Z,3378627303
biz-746,STONE HEATING AIR CONDITIONING|5904 W 7 ST|75501,active,,20261007T195554Z,20261007T200556Z,3384807305
biz-747,MTW PIPEWORKS|16236 CYPRESS ROSEHILL RD|77429,active,,20261007T195554Z,20261007T200556Z,3954237303
biz-748,CORPORATE ENTERPRISES|439 N GUN BARREL LN|75156,active,,20261007T195554Z,20261007T200556Z,4027207309
biz-749,ALL PHA TX|7726 MONTEGO RD|78250,active,,20261007T195554Z,20261007T200556Z,4639917300
biz-750,TNT SYSTEM SOLUTIONS|4414 BUCKS RUN DR|78744,active,,20261007T195554Z,20261007T200556Z,4650247301
biz-751,JAMES J MAZURKIEWICZ|2719 5 ST|77477,active,,20261007T195554Z,20261007T200556Z,5026437300
biz-752,DINGEE PLUMBING CONTRACTORS|1410 FM 2004 RD|77566,active,,20261007T195554Z,20261007T200556Z,5075097301
biz-753,MERRITT PLUMBING|28991 IH 10|78006,active,,20261007T195554Z,20261007T200556Z,5133087308
biz-754,COPELAND CONTRACTING|1425 UNIVERSAL CITY BLVD|78148,active,,20261007T195554Z,20261007T200556Z,5195197301;9269388504
biz-755,WOODLANDS HEATING AND AIR CONDITIONING|1715 SAWDUST RD|77380,active,,20261007T195554Z,20261007T200556Z,5199947309
biz-756,HART PLUMBING SOUTHWEST|142 ELDRIDGE RD|77478,active,,20261007T195554Z,20261007T200556Z,5230887303;7387338404
biz-757,EZ COMFORT AIR CONDITIONING AND HEATING|7707 N SAM HOUSTON PKWY E|77396 || EZ COMFORT AIR CONDITIONING AND HEATING|7707 N SAM HOUSTON PKWY|77396,active,,20261007T195554Z,20261007T200556Z,5249807301;6645998304
biz-758,JOHN SHORT|1851 GULF FWY|77573,active,,20261007T195554Z,20261007T200556Z,5515797304
biz-759,COTEMP|3345 PINEMONT DR|77018,active,,20261007T195554Z,20261007T200556Z,5535047310
biz-760,KTB SERVICES|1108 CEDAR BAYOU RD|77520,active,,20261007T195554Z,20261007T200556Z,1987258509;6117937308
biz-761,BARRERA PLUMBING|3602 DIVIDEND DR|75042,active,,20261007T195554Z,20261007T200556Z,6144817302
biz-762,ALL AMERICAN AIR AND AMP APPLIANCE MECHANICAL SERVICES|15002 MINTZ LN|77014,active,,20261007T195554Z,20261007T200556Z,6341977303
biz-763,2019 ACQUISITION|104 S DOCK RD|79762,active,,20261007T195554Z,20261007T200556Z,6401377303;9902838602
biz-764,GO PLUS PLUMBING SERVICES|13602 LUTHE RD|77039,active,,20261007T195554Z,20261007T200556Z,6486067302
biz-765,STRATUS SYSTEMS|10490 VISTA PARK RD|75238 || STRATUS SYSTEMS|10490 VISTA PARK ROADNULL 10490 VISTA PARK ROADNULL|75238,active,,20261007T195554Z,20261007T200556Z,4971159008;7041797300
biz-766,TRIAD PHC|7001 HWY 183 S|78744 || TRIAD PHC|7001 US HWY 183 S|78744,active,,20261007T195554Z,20261007T200556Z,3982168408;7335357303
biz-767,A AND B REFRIGERATION|5 CABRALL CT|79765,active,,20261007T195554Z,20261007T200556Z,7437647308
biz-768,NEW TEX PLUMBING|611 TODD DR|77385,active,,20261007T195554Z,20261007T200556Z,7447997301
biz-769,CITY PLUMBING|315 ITURBIDE ST|78040,active,,20261007T195554Z,20261007T200556Z,7631917310
biz-770,SHORELINE PLUMBING|1954 SARATOGA BLVD|78417 || SHORELINE PLUMBING|1954|78417,active,,20261007T195554Z,20261007T200556Z,7675127300;9151238303
biz-771,IDEAL AIR SERVICES|565 S MASON RD|77450,active,,20261007T195554Z,20261007T200556Z,7703827307
biz-772,MATCO OF TEXAS|202 E 1 ST|75078,active,,20261007T195554Z,20261007T200556Z,7770497304
biz-773,J AND S PLUMBING SERVICES|1001 DALWORTH DR|75149,active,,20261007T195554Z,20261007T200556Z,7775327309
biz-774,COAST TO COAST MECHANICAL|2500 S MAIN ST|76574,active,,20261007T195554Z,20261007T200556Z,7838027300
biz-775,BELKNAP PLUMBING SYSTEMS|9030 SOLON RD|77064,active,,20261007T195554Z,20261007T200556Z,1010977709
biz-776,TEXAS AIR ZONE|10763 MAPLERIDGE DR|75238,active,,20261007T195554Z,20261007T200556Z,1050097710
biz-777,UCBM FACILITY SERVICE|11150 MORRISON LN|75229,active,,20261007T195554Z,20261007T200556Z,1114537700
biz-778,MLL ENTERPRISES|2405A IH 30|75150,active,,20261007T195554Z,20261007T200556Z,1116737705
biz-779,EDDY RAY OPPELT|308 US HWY 80 E|75182,active,,20261007T195554Z,20261007T200556Z,1138657706;3540418403
biz-780,COMM AIR|15324 ENNIS RD|77498,active,,20261007T195554Z,20261007T200556Z,1166737703
biz-781,METRO EXPRESS SERVICE|506 N RD|76060,active,,20261007T195554Z,20261007T200556Z,1381957702
biz-782,EVERFLOW PLUMBING|118 DUSTIN DR|75189,active,,20261007T195554Z,20261007T200556Z,1434647708
biz-783,WEBB AIR CONDITIONING|115 S RIVERSIDE DR|76104,active,,20261007T195554Z,20261007T200556Z,1593717702;3925228602
biz-784,AXIUM SOLAR|1005 PLACID AVE|75074,active,,20261007T195554Z,20261007T200556Z,1601877705;6212688408
biz-785,METROPLEX REFRIGERATION|5224 KALTENBRUN RD|76119,active,,20261007T195554Z,20261007T200556Z,1603647710
biz-786,STEVE BROUGHERS PLUMBING REPAIR|2605 BUELL AVE|78757,active,,20261007T195554Z,20261007T200556Z,1604857705
biz-787,NORTHSIDE AC GP|619 HEMBRY ST|75057,active,,20261007T195554Z,20261007T200556Z,1702357701;9128828501
biz-788,BEACH PLUMBING|4829 BLANEY AVE|76180,active,,20261007T195554Z,20261007T200556Z,1762747702
biz-789,GATEWAY AIR CONDITIONING AND SHEET METAL|3117 ROSA AVE|79905,active,,20261007T195554Z,20261007T200556Z,1271588606;1878217709
biz-790,ENVIRONMENTAL AIR SYSTEMS|4913 MANGUM|77092,active,,20261007T195554Z,20261007T200556Z,1921857709
biz-791,RIGHT CHOICE HEATING AND AIR|2290 SPRINGLAKE RD 105|75234 || RIGHT CHOICE HEATING AND AIR|2290 SPRINGLAKE RD|75234,active,,20261007T195554Z,20261007T200556Z,1968977707;4314418606
biz-792,HEDRICK MECHANICAL|11130 PETAL ST 100|75238,active,,20261007T195554Z,20261007T200556Z,2007017707
biz-793,SWAT PLUMBING|2111 E FM 1187|76008,active,,20261007T195554Z,20261007T200556Z,2112327708
biz-794,ARTHUR HAGAR AIR CONDITIONING|5020 SE LOOP 820|76140,active,,20261007T195554Z,20261007T200556Z,2212777700
biz-795,ASTAR HEAT AND AMP AIR|10865 SANDEN DR|75238,active,,20261007T195554Z,20261007T200556Z,2259147707
biz-796,FAUGHT SERVICE|9602 BECK CIR|78758,active,,20261007T195554Z,20261007T200556Z,2305057706
biz-797,CLC PLUMBING|1007 RANCH RD 620 S|78734,active,,20261007T195554Z,20261007T200556Z,2400907710
biz-798,SERVICE ONE AIR CONDITIONING AND HEATING|110 SPORTS PKWY|76248,active,,20261007T195554Z,20261007T200556Z,2490347700
biz-799,AKS PLUMBING|5110 BIG SPRING DR|77584,active,,20261007T195554Z,20261007T200556Z,2782997709;4199038407
biz-800,AMAILEY PLUMBING|3542 BACOR RD|77084,active,,20261007T195554Z,20261007T200556Z,2855917709
biz-801,ZUBIE AIR|9710 N IH 35|78233,active,,20261007T195554Z,20261007T200556Z,2949277708
biz-802,A AND A PLUMBING|13131 LOOKOUT RUN|78233,active,,20261007T195554Z,20261007T200556Z,3011447704
biz-803,JOHNNY ROOTER PLUMBING|6725 SHIRLEY AVE|78752,active,,20261007T195554Z,20261007T200556Z,3196877710
biz-804,SMR PLUMBING|6305 BEAR RUN RD|75056,active,,20261007T195554Z,20261007T200556Z,3223457709
biz-805,CONSOLIDATED SERVICE|7042 SNOWFLAKE DR|78238,active,,20261007T195554Z,20261007T200556Z,3984037706
biz-806,ETC PLUMBING|12130 PECAN ST|78727,active,,20261007T195554Z,20261007T200556Z,4064897708
biz-807,HOPPER AIR CONDITIONING AND HEATING|407 N CEDAR RIDGE DR|75116,active,,20261007T195554Z,20261007T200556Z,4453207704
biz-808,ROSENBERG PLUMBING SERVICE|2321 WEHRING RD|77471,active,,20261007T195554Z,20261007T200556Z,4461847708
biz-809,JOE THE PLUMBER|15503 JARVIS RD|77429,active,,20261007T195554Z,20261007T200556Z,4493687702
biz-810,SERVICE MECHANICAL GROUP|11011 WYE ST|78217,active,,20261007T195554Z,20261007T200556Z,4622547703
biz-811,ALMIKA ENERGY|1885 DART|77007,active,,20261007T195554Z,20261007T200556Z,4703797710
biz-812,SUN COAST PLUMBING|1204 MISSOURI ST|77587,active,,20261007T195554Z,20261007T200556Z,4977427701
biz-813,BUTLER PLUMBING|9709 SWANSONS RANCH RD|78748,active,,20261007T195554Z,20261007T200556Z,5034467701
biz-814,GUYS PLUMBING HEATING AND AMP AIR|6326 CANYON DR|79109,active,,20261007T195554Z,20261007T200556Z,5051187702
biz-815,EPW SERVICES|15322 TRAVIS FALLS DR|77429,active,,20261007T195554Z,20261007T200556Z,5101927709
biz-816,TSB PLUMBING SERVICES|2531 SPRING CREEK DR|77373,active,,20261007T195554Z,20261007T200556Z,5147827709
biz-817,REF EXPERTS AND HVAC|3838 OAK LAWN AVE|75219,active,,20261007T195554Z,20261007T200556Z,5244387710
biz-818,EXTREME MECHANICAL SERVICES|1911 OLD DENTON RD|75006,active,,20261007T195554Z,20261007T200556Z,5413397704
biz-819,SALOF|5141 IH 35 S|78132,active,,20261007T195554Z,20261007T200556Z,5864597704
biz-820,PROCESS REFRIGERATION TECHNOLOGIES|922 SHILLINGTON DR|77450,active,,20261007T195554Z,20261007T200556Z,6094637700
biz-821,COMPLETE SYSTEM BALANCE|8745 FM 35|75189,active,,20261007T195554Z,20261007T200556Z,6195527701
biz-822,KINGS ELECTRICAL AND PLUMBING SERVICE|1216 W ARKANSAS LN|76013,active,,20261007T195554Z,20261007T200556Z,6594927700
biz-823,CHAPARRAL PLUMBING|18901 TURNIP ST|77379,active,,20261007T195554Z,20261007T200556Z,6966127709
biz-824,RUSTIC PLUMBING|1624 OSPREY DR|75115,active,,20261007T195554Z,20261007T200556Z,7124037704
biz-825,LANGE MECHANICAL SERVICES|933 WAKEFIELD DR|77018,active,,20261007T195554Z,20261007T200556Z,7855387708;7911038405
biz-826,EDH PLUMBING CONTRACTORS|5625 NW CENTRAL DR|77092,active,,20261007T195554Z,20261007T200556Z,7858797708
biz-827,SCHAFFER MECHANICAL|5420 GULFTON|77081,active,,20261007T195554Z,20261007T200556Z,7932207705
biz-828,RAYMARK MECHANICAL|3520 ALDINE BENDER RD|77032,active,,20261007T195554Z,20261007T200556Z,3345568309;7932477705
biz-829,STATEWIDE DISTRIBUTING|120 BOBBY LOU DR|78218,active,,20261007T195554Z,20261007T200556Z,7996177305
biz-830,AIR SPECIALIST HEATING AND AIR CONDITIONING|1323 N MAIN ST|77581,active,,20261007T195554Z,20261007T200556Z,8058207702
biz-831,LABORATORY MECHANICAL SERVICES|4823 KATY HOCKLEY RD|77493,active,,20261007T195554Z,20261007T200556Z,8058457707
biz-832,BIG TEX AIR CONDITIONING|9341 N GREEN RIVER DR|77078,active,,20261007T195554Z,20261007T200556Z,8071327708
biz-833,J AND N SERVICES|595 MOUNT LOOKOUT DR|78133,active,,20261007T195554Z,20261007T200556Z,8098307310
biz-834,ASHIK ENTERPRISES|13425 ALIEF CLODINE RD|77082,active,,20261007T195554Z,20261007T200556Z,8219137304
biz-835,SUBURBAN HEATING AND AMP AIR CONDITIONING|3918 PEACHTREE ST|75227,active,,20261007T195554Z,20261007T200556Z,8226977710
biz-836,BIG BLADE PLUMBING AND ROOTER SERVICE|2113 S BURLESON BLVD|76028,active,,20261007T195554Z,20261007T200556Z,8351037306
biz-837,EXCALIBUR PLUMBING|11880 OLD FM RD 2243|78642,active,,20261007T195554Z,20261007T200556Z,8525427306
biz-838,DANIEL RESENDEZ|7124 N LOOP|79915,active,,20261007T195554Z,20261007T200556Z,8531977303
biz-839,HELM PLUMBING SERVICES|907 S MAIN ST|79701,active,,20261007T195554Z,20261007T200556Z,8543987706
biz-840,TAS MECHANICAL|11250 THOMPSON RD|77318,active,,20261007T195554Z,20261007T200556Z,8698677701
biz-841,REPIPE|4622 ALLEN GENOA RD|77504,active,,20261007T195554Z,20261007T200556Z,8732327303
biz-842,PHILS PLUMBING SHOP|7361 N LOOP DR|79915,active,,20261007T195554Z,20261007T200556Z,8734657704;9838298600
biz-843,DELTA T COMMISSIONING|538 FOREST CENTER PLZ|75042,active,,20261007T195554Z,20261007T200556Z,9172607310
biz-844,TEXAS EXPRESS PLUMBING|4725 STEFFANI LN|77041,active,,20261007T195554Z,20261007T200556Z,2056718708;9253647302
biz-845,RUDD FIRE PROTECTION|3074 SPUR 124|75707,active,,20261007T195554Z,20261007T200556Z,9580147705
biz-846,SALAS PLUMBING|3709 CAVALIER DR|75042,active,,20261007T195554Z,20261007T200556Z,9889727700
biz-847,PURGE RITE|13802 N HWY 75|77378,active,,20261007T195554Z,20261007T200556Z,9896067701
biz-848,DAYTON AC AND HEATING|775 S TURNERSVILLE RD BLD C|78610,active,,20261007T195554Z,20261007T200556Z,9440207305
biz-849,SANTHOFF PLUMBING|6330 ALDER DR|77081,active,,20261007T195554Z,20261007T200556Z,9536247300
biz-850,SKILLED TRADE STAFFING|16910 FM 2920|77377,active,,20261007T195554Z,20261007T200556Z,9579947309
biz-851,HCE PLUMBING CONTRACTORS|4111 US HWY 80|75150,active,,20261007T195554Z,20261007T200556Z,9779727307
biz-852,COMFORT ZONE HEATING AND COOLING|343 CHELSEA ST|79905,active,,20261007T195554Z,20261007T200556Z,1046977406
biz-853,SAME DAY WATER HEATERS|8400 N SAM HOUSTON PKWY W|77064,active,,20261007T195554Z,20261007T200556Z,9864527300
biz-854,GOLD STANDARD PLUMBING|117 GATEWOOD CLIFF|78108,active,,20261007T195554Z,20261007T200556Z,1440117404
biz-855,ABM RESTORATION|2533 ROY RD|77581,active,,20261007T195554Z,20261007T200556Z,1473457408
biz-856,ISLAND MANN PLUMBING AND DRAIN CLEANING|8007 CHANNELVIEW DR|77554,active,,20261007T195554Z,20261007T200556Z,2082607402
biz-857,FIVE STAR AUTOMATIC FIRE PROTE|3520 CONFEDERATE|79936,active,,20261007T195554Z,20261007T200556Z,2251667400
biz-858,KILGORE INDUSTRIES|10050 HOUSTON OAK DR|77064,active,,20261007T195554Z,20261007T200556Z,2631797406
biz-859,PHOENIX PLUMBING|275 LESLIEWOOD|75154,active,,20261007T195554Z,20261007T200556Z,2732997406
biz-860,PENNWAY PLUMBING CONTRACTORS|112 GROSS RD|75149,active,,20261007T195554Z,20261007T200556Z,2839557403
biz-861,JDW ENERGY|5105 ESCAMBIA TER|76244,active,,20261007T195554Z,20261007T200556Z,2867217403
biz-862,CARLS QUALITY COOLING AND HEATING|11255 AMBER PARK DR|77303,active,,20261007T195554Z,20261007T200556Z,2935487406
biz-863,SWAN PLUMBING HEATING AND AIR|15906 TELGE RD|77429,active,,20261007T195554Z,20261007T200556Z,3174287404
biz-864,PAT MORGAN PLUMBING|32902 TAMINA RD|77354,active,,20261007T195554Z,20261007T200556Z,3365397405;4714598308
biz-865,GONZALEZ MECHANICAL CONTRACTOR|7201 STILES DR|79915,active,,20261007T195554Z,20261007T200556Z,5446347402
biz-866,FAIRES PLUMBING|7810 E MILE 17 1 2 RD|78542,active,,20261007T195554Z,20261007T200556Z,4900488303;5974717410
biz-867,BATJER AND ASSOCIATES|2825 PINE ST|79601,active,,20261007T195554Z,20261007T200556Z,6882057410
biz-868,BATJER SERVICE|2825 PINE ST|79601,active,,20261007T195554Z,20261007T200556Z,6887837407
biz-869,BELLAIRE AIR CONDITIONING AND HEATING|5906 JESSAMINE|77081,active,,20261007T195554Z,20261007T200556Z,6949357401
biz-870,DON BURDEN AND ASSOCIATES|10947 ALDER CIR|75238,active,,20261007T195554Z,20261007T200556Z,8817377404
biz-871,SARENTEC|18058 E FM 1097|77378,active,,20261007T195554Z,20261007T200556Z,9533047402
biz-872,ZOOM AIR|3905 S PEACHTREE RD|75180,active,,20261007T195554Z,20261007T200556Z,1492227807
biz-873,W WHITE AIR CONDITIONING|1401 HOLLY RD|78417,active,,20261007T195554Z,20261007T200556Z,1658897810
biz-874,GUARANTEE PLUMBING AND AIR CONDITIONING|4848 WHIRLWIND DR|78217,active,,20261007T195554Z,20261007T200556Z,2236027801;4494818506;7645768310
biz-875,MECHANICAL ONE SERVICES|6787 CO RD 487|75173,active,,20261007T195554Z,20261007T200556Z,2856267804;6676698507
biz-876,HB CONTROLS|1620 WHITE WILLOW LN|76002,active,,20261007T195554Z,20261007T200556Z,6290417810
biz-877,LIGHTHOUSE PLUMBING AND MECHANICAL|1201 KAS DR|75081,active,,20261007T195554Z,20261007T200556Z,6352337806;6390058410
biz-878,SKIHI ENTERPRISES|2943 STUART DR|76104,active,,20261007T195554Z,20261007T200556Z,9465588502;9902577807
biz-879,CLASSIC FIRE PROTECTION|10219 NEWCOMBE|75228,active,,20261007T195554Z,20261007T200556Z,5200847900
biz-880,STRATEGIC HVAC AND INSULATION|8907 STERLING POINT LN|77044,active,,20261007T195554Z,20261007T200556Z,7873667909
biz-881,AIR PRO|4213 TODD LN|78744,active,,20261007T195554Z,20261007T200556Z,4283468007
biz-882,ALDH|17903 W STRACK DR|77379,active,,20261007T195554Z,20261007T200556Z,5133938005
biz-883,ACCU FIND SLAB LEAK|3649 CONFLANS|75061,active,,20261007T195554Z,20261007T200556Z,5555838010
biz-884,PP AND P|31574 HUFFMAN CLEVELAND RD|77336,active,,20261007T195554Z,20261007T200556Z,3766698300;5870758010
biz-885,BILLY BRAD FLOWERS|7900 S BLESSEN RD|79119,active,,20261007T195554Z,20261007T200556Z,1185448102
biz-886,MINYARD SONS SERVICE|1004 CEDAR PARK DR|78613,active,,20261007T195554Z,20261007T200556Z,1441318109
biz-887,ANTHONY DAVID CROWELL|30 FREESTONE PL|77382,active,,20261007T195554Z,20261007T200556Z,1613568100
biz-888,VICTORIA AIR CONDITIONING|200 S BEN JORDAN ST|77901,active,,20261007T195554Z,20261007T200556Z,3991738110
biz-889,COLONY AIR CONDITIONING AND APPLIANCE SERVICE|4905 WESTPORT DR|75056,active,,20261007T195554Z,20261007T200556Z,6278958104
biz-890,WILKS|139 WALEETKA ST|78210,active,,20261007T195554Z,20261007T200556Z,4116588305;6536268102
biz-891,BERGER ENGINEERING|1617 W CROSBY RD|75006,active,,20261007T195554Z,20261007T200556Z,3383988209
biz-892,PALMER SERVICES|924 ALLEN ST|75060,active,,20261007T195554Z,20261007T200556Z,4074738205
biz-893,WATER SOURCE PLUMBING SERVICES|6808 BROAD AVE|76712,active,,20261007T195554Z,20261007T200556Z,1220768307
biz-894,RES FIRE SPRINKLER|1110 OVAL DR|75751,active,,20261007T195554Z,20261007T200556Z,1455268304
biz-895,P AND E MECHANICAL CONTRACTORS|5279 N ST HWY 6|76712,active,,20261007T195554Z,20261007T200556Z,1542498301
biz-896,AXXON SERVICES|352 SPENCER LN|78201,active,,20261007T195554Z,20261007T200556Z,1841488309
biz-897,TEXAS QUALITY SERVICES|322 SOUTHLAND DR|78611,active,,20261007T195554Z,20261007T200556Z,1978968301
biz-898,GRANT AIR CONDITIONING|254 ROBERTS CUT OFF RD|76114,active,,20261007T195554Z,20261007T200556Z,2018788303
biz-899,BIG FISH HVAC|168 WAREHOUSE DR|78610,active,,20261007T195554Z,20261007T200556Z,2026018306
biz-900,SERVICE SPECIALIST|212 W SYCAMORE ST|76201,active,,20261007T195554Z,20261007T200556Z,2419878307
biz-901,STAR COOLING TOWERS|9007 FM 2759 RD|77469,active,,20261007T195554Z,20261007T200556Z,2492428308
biz-902,TEXAIR|2201 W EXPY 83|78503,active,,20261007T195554Z,20261007T200556Z,2552598305
biz-903,HVAC EXPERTS|2114 N JACKSON AVE|79761,active,,20261007T195554Z,20261007T200556Z,3630108310
biz-904,D AND D PLUMBING HEATING AND AIR CONDITIONING|1101 W FLORIDA AVE|79701,active,,20261007T195554Z,20261007T200556Z,3887438310
biz-905,HOOVER FORT WORTH|2705 SAINT LOUIS AVE|76110,active,,20261007T195554Z,20261007T200556Z,3993728307
biz-906,VANDERFORD AIR|207 FM 646 RD W|77539,active,,20261007T195554Z,20261007T200556Z,4022728309
biz-907,SPUR INDUSTRIAL|1420 HUGHIE LONG RD|76035,active,,20261007T195554Z,20261007T200556Z,4114378308
biz-908,AIRCO PLUMBING AND MECHANICAL|301 ST HWY 79|76301,active,,20261007T195554Z,20261007T200556Z,4625378310
biz-909,NUTEX MECHANICAL|161 S MCKINLEY ST|75078,active,,20261007T195554Z,20261007T200556Z,4874818301
biz-910,WELDON CONTRACTORS|3100 E RANDOL MILL RD|76011,active,,20261007T195554Z,20261007T200556Z,4921718310
biz-911,NAPPS INDUSTRIES|1003 W COTTON ST|75604,active,,20261007T195554Z,20261007T200556Z,5547308309
biz-912,K AND R MECHANICAL SERVICES|12634 HAYNES RD|77066,active,,20261007T195554Z,20261007T200556Z,3402958806;6152728306
biz-913,TRAVIS DAVIS|3201 TX 146|77520,active,,20261007T195554Z,20261007T200556Z,6185998302
biz-914,YATES|4738 WHIRLWIND DR|78217,active,,20261007T195554Z,20261007T200556Z,6447638300
biz-915,FRS TRENCHCORE|6200 SAVOY DR|77036,active,,20261007T195554Z,20261007T200556Z,6527268307
biz-916,AUTOMATIC SPRINKLER OF TEXAS|1147 S CEDAR RIDGE DR|75137,active,,20261007T195554Z,20261007T200556Z,6702338302
biz-917,CHERO KEY PIPING|1800 SHERWOOD FOREST STBLDG D 1|77043,active,,20261007T195554Z,20261007T200556Z,6806488306
biz-918,ANCHOR INSULATION OF TEXAS|17170 JORDAN|78154,active,,20261007T195554Z,20261007T200556Z,6919888304
biz-919,MIINC|1960 W NW HWY|75220,active,,20261007T195554Z,20261007T200556Z,7909088301
biz-920,A OK|3737 CONFLANS RD|75061,active,,20261007T195554Z,20261007T200556Z,8042018303
biz-921,ONDEMAND HOME SERVICES|2627 PEBBLE DAWN|78232,active,,20261007T195554Z,20261007T200556Z,8139968302
biz-922,KAHN AIR CONDITIONING AND HEATING A TEXAS|2787 IRVING BLVD|75207,active,,20261007T195554Z,20261007T200556Z,8551098303
biz-923,CTI FIELD SERVICES|2826 CENTER ST|77536,active,,20261007T195554Z,20261007T200556Z,8664808309
biz-924,PLUMBING ACEE|2230 CO RD 124|77581,active,,20261007T195554Z,20261007T200556Z,8753948307
biz-925,ROBERT BROCK|2980 RABBS PRAIRIE RD|78945,active,,20261007T195554Z,20261007T200556Z,8940168304
biz-926,WT STOVALL HOLDINGS|2990 CO RD 205|79533,active,,20261007T195554Z,20261007T200556Z,9158588306
biz-927,GEISTWEIDT PLUMBING|8701 AVE P|79423,active,,20261007T195554Z,20261007T200556Z,9195458301
biz-928,HUTCHINS PLUMBING AC|1301 S SAM RAYBURN FWY|75090,active,,20261007T195554Z,20261007T200556Z,9237348302
biz-929,COLD TEX REFRIGERATION|3175 E US HWY 175|75142,active,,20261007T195554Z,20261007T200556Z,9462448304
biz-930,BEYER MECHANICAL|17105 BEYER JOHN DR|78154,active,,20261007T195554Z,20261007T200556Z,9629868304
biz-931,CHAMPION LIFE SAFETY SOLUTIONS|2701 W PLANO PKWY|75075,active,,20261007T195554Z,20261007T200556Z,9772928301
biz-932,CAPITAL PLUMBING|600 S HWY 377|76258,active,,20261007T195554Z,20261007T200556Z,1456998400
biz-933,DWAIN MCCAIN PLUMBING|9725 LEOPARD ST|78410,active,,20261007T195554Z,20261007T200556Z,1543478406
biz-934,FROST AND KEELING ASSOC|140 WINDY MEADOWS DR|78154,active,,20261007T195554Z,20261007T200556Z,1870098407
biz-935,CDB PLUMBING|1111 SUNLAND PARK DR|79922,active,,20261007T195554Z,20261007T200556Z,1908058402
biz-936,TOTAL AIR SERVICES|200 E SUNSET RD|79922,active,,20261007T195554Z,20261007T200556Z,1914988406
biz-937,RAMCO ENTERPRISES|900 HOUSTON AVE|77502,active,,20261007T195554Z,20261007T200556Z,2198108403
biz-938,HOUSTON NORTH AIR CONDITIONING|402 E TIDWELL RD|77022,active,,20261007T195554Z,20261007T200556Z,2201278410
biz-939,INFINITY CONTRACTORS INTERNATIONAL|1400 EVERMAN PKWY|76140,active,,20261007T195554Z,20261007T200556Z,2773168407
biz-940,ALL AMERICAN AIR AND APPLIANCE|15002 MINTZ LN|77014,active,,20261007T195554Z,20261007T200556Z,2907298407
biz-941,FIVE STAR AUTOMATIC FIRE PROTECTION|3520 CONFEDERATE RD|79936,active,,20261007T195554Z,20261007T200556Z,3313768403
biz-942,C AND B UTILITIES|13420 E HARDY RD|77039,active,,20261007T195554Z,20261007T200556Z,3384548404
biz-943,ALDEN MECHANICAL SERVICES|7 SWITCHBUD PL 192 224|77380,active,,20261007T195554Z,20261007T200556Z,3432458407
biz-944,TRADEMARK PLUMBING|17651 TELGE RD|77429,active,,20261007T195554Z,20261007T200556Z,3437498407
biz-945,BARTSCH SERVICES|1440 LAKE FRONT CIR|77380,active,,20261007T195554Z,20261007T200556Z,3569298408
biz-946,HILLCOUNTRY PRO HVAC|18 INDIAN MEADOWS DR|78665,active,,20261007T195554Z,20261007T200556Z,3807628407
biz-947,NORTEX SOLUTIONS|7784 CO RD 286|75409,active,,20261007T195554Z,20261007T200556Z,4040018410
biz-948,MICHAEL D WITT|5229 VESTA FARLEY RD|76119,active,,20261007T195554Z,20261007T200556Z,5055818400
biz-949,JM CARTER PLUMBING|1318 VINEYARD RD|75058,active,,20261007T195554Z,20261007T200556Z,5129098402
biz-950,COLLINS MECHANICAL|2920 N FM 225 DOUGLASS|75943,active,,20261007T195554Z,20261007T200556Z,5175748408
biz-951,RESTORE IT HOME SERVICES|5886 DE ZAVALA RD|78249,active,,20261007T195554Z,20261007T200556Z,5545428404
biz-952,ANTHONY MECHANICAL|525 E 40 ST|79404,active,,20261007T195554Z,20261007T200556Z,5679508410
biz-953,VERNOR MATERIAL AND EQUIPMENT|545 CO RD 227A|77541,active,,20261007T195554Z,20261007T200556Z,5817048402
biz-954,BALANCE ENERGY|11321 WINDFERN RD|77064,active,,20261007T195554Z,20261007T200556Z,5841758403
biz-955,A TEAM PLUMBING|212 N LOOP 336 E|77301,active,,20261007T195554Z,20261007T200556Z,6148748407
biz-956,FPI|2588 N HOUSTON ST|75219,active,,20261007T195554Z,20261007T200556Z,6186928403
biz-957,TOWER ENGINEERING|2821 LACKLAND RD|76116,active,,20261007T195554Z,20261007T200556Z,6523378406
biz-958,PREMIER COMFORT AIR CONDITIONING AND HEATING|8523 SPEEDWAY DR|78230,active,,20261007T195554Z,20261007T200556Z,6764848406
biz-959,JD PRECISION PLUMBING SERVICES|6134 CANYON CREEK LN|77304,active,,20261007T195554Z,20261007T200556Z,6960158408
biz-960,GW VINES|3839 SINGLETON BLVD|75212,active,,20261007T195554Z,20261007T200556Z,7169658408
biz-961,FIRST SERVICE AC CONTRACTORS|3009 GARDEN CITY HWY|79701,active,,20261007T195554Z,20261007T200556Z,7863888407
biz-962,SMITH SPECIALTY CONTRACTORS|10400 RODGERS RD|77070,active,,20261007T195554Z,20261007T200556Z,7941898406
biz-963,OHLMANN ENTERPRISES|1309 COTTON FLAT RD|79701,active,,20261007T195554Z,20261007T200556Z,8701198403
biz-964,STARKEY PLUMBING|1006 ANGELINA AVE|77506,active,,20261007T195554Z,20261007T200556Z,8818488400
biz-965,VENE AIR SOLUTIONS|23819 ANCONA CT|77493,active,,20261007T195554Z,20261007T200556Z,9202588402
biz-966,WILSON HOME SERVICES|9500 RAY WHITE ROADK|76244,active,,20261007T195554Z,20261007T200556Z,9271728400
biz-967,BTN SERVICES|2404 AUSTIN ST|77004,active,,20261007T195554Z,20261007T200556Z,9328818405
biz-968,1ST FIRE SAFETY|21606 ARROWHEAD PT|78645,active,,20261007T195554Z,20261007T200556Z,9329028406
biz-969,A 1 SHEET METAL AND AIR CONDITIONING|2935 MILAM ST|77701,active,,20261007T195554Z,20261007T200556Z,9740748410
biz-970,QUALITY1 ENERGY SYSTEMS|10874 PLANO RD|75238,active,,20261007T195554Z,20261007T200556Z,1379738507
biz-971,JENSEN PLUMBING|12327 FM 2305|76513,active,,20261007T195554Z,20261007T200556Z,1524938505
biz-972,HCB MECHANICAL|17302 QUEENSLAKE DR|77429,active,,20261007T195554Z,20261007T200556Z,2734448503
biz-973,GOYO AND SONS|2410 MOON TRACT LN|78046,active,,20261007T195554Z,20261007T200556Z,2735678504
biz-974,AJ MONIER SERVICE|1446 N FLORES ST|78212,active,,20261007T195554Z,20261007T200556Z,2942028500
biz-975,WILLIAM F PURSCH|203 CORDELL ST|76801,active,,20261007T195554Z,20261007T200556Z,3003638502
biz-976,JDW ENERGY|1130 BLUE MOUND RD|76052,active,,20261007T195554Z,20261007T200556Z,4134258500
biz-977,STRATEGIC FILTRATION|2500 FAIRWAY PARK DR|77092,active,,20261007T195554Z,20261007T200556Z,4321448504
biz-978,TEXAS GENERAL MECHANICAL|3353 E US HWY 80|75161,active,,20261007T195554Z,20261007T200556Z,4459938501
biz-979,ALL POINTS PLUMBING|21161 BLAIR RD|77385,active,,20261007T195554Z,20261007T200556Z,4491598506
biz-980,TRINITY VALLEY HVAC SERVICES|2305 EDGEWOOD ST|77575,active,,20261007T195554Z,20261007T200556Z,4919258500
biz-981,EASY AIRE|9443 RONDA LN|77074,active,,20261007T195554Z,20261007T200556Z,7661628510
biz-982,COWBOYS AIRCONDITIONING AND HEATING|14309 TOEPPERWEIN RD|78233,active,,20261007T195554Z,20261007T200556Z,9294538503
biz-983,BLUE BOX AIR|3927 MAIN ST|75226,active,,20261007T195554Z,20261007T200556Z,9331508505
biz-984,C AND E MECHANICAL|1502 S LIPSCOMB ST|79102,active,,20261007T195554Z,20261007T200556Z,1237918605
biz-985,ALLAN J JANAK MECHANICAL|1489 US HWY 90A W|77964,active,,20261007T195554Z,20261007T200556Z,3042668601
biz-986,REYNOLDS ELECTRIC HEATING AND AIR CONDITIONING SERVICE|2001 SKYLINE DR|75092,active,,20261007T195554Z,20261007T200556Z,3518138602
biz-987,JOE RUSHING PLUMBING|2405 1 ST|79415,active,,20261007T195554Z,20261007T200556Z,3907818609
biz-988,SUN CITY AIR CONDITIONING|7001 COMMERCE AVE|79915,active,,20261007T195554Z,20261007T200556Z,4110308606
biz-989,JM ENGINEERING|1314 HILLRIDGE DR|78665,active,,20261007T195554Z,20261007T200556Z,4270068605
biz-990,ECONOMIC EMPOWERMENT MODEL|109 INDUSTRIAL DR INDUSTRIAL DR|75126,active,,20261007T195554Z,20261007T200556Z,4371338602
biz-991,TRINITY INSULATION|549 N 5 ST|75040,active,,20261007T195554Z,20261007T200556Z,5989898602
biz-992,GRG SANDERS AND|502 FM 1585|79423,active,,20261007T195554Z,20261007T200556Z,7084888604
biz-993,ATLAS ELECTRIC AIR CONDITIONING REFRIGERATION AND PLUMBING SER|310 E MAIN AVE PMB 168|78573,active,,20261007T195554Z,20261007T200556Z,7695728601
biz-994,DELTA TEMP SERVICES|1402 N 77 SUNSHINE STRIP|78550,active,,20261007T195554Z,20261007T200556Z,8073288600
biz-995,APOGEE PLUMBING GROUP|406 FOREST GATE DR|75042,active,,20261007T195554Z,20261007T200556Z,9130068606
biz-996,GARY E KIRBY|5119 FULTON ST|77009,active,,20261007T195554Z,20261007T200556Z,9447778605
biz-997,TRUDELA MES|7120 W IH 20|76017,active,,20261007T195554Z,20261007T200556Z,9913448609
biz-998,TRUDELA WALKER|7120 W IH 20|76017,active,,20261007T195554Z,20261007T200556Z,1274168702
biz-999,THAKKAR SERVICES|9457 W BELLFORT AVE|77031,active,,20261007T195554Z,20261007T200556Z,3562488708
