loan_number,biz_id,draw,processing_method,date_approved,borrower_name,borrower_address,borrower_city,borrower_state,borrower_zip,naics_code,business_type,initial_approval_amount,current_approval_amount,loan_status,jobs_reported,payroll_proceed,refinance_eidl_proceed,forgiveness_amount,originating_lender,historical_payroll_proxy_annual,payroll_proxy_basis,in_current_source,first_seen_run,last_seen_run
2907498310,biz-001,second draw,PPS,01/21/2021,GENECO TECHNOLOGIES LLC,236 Air Base Rd,Tye,TX,79563-2322,238220,Limited  Liability Company(LLC),546115.47,546115.47,Paid in Full,41,546115.47,,549392.16,First National Bank and Trust Company of Weatherford d/b/a First Bank Texas,unknown,business type 'Limited  Liability Company(LLC)' may use owner income/SE basis,yes,20261007T195554Z,20261007T195554Z
4345497005,biz-001,first draw,PPP,04/03/2020,"GENECO TECHNOLOGIES, LLC",236 AIR BASE RD,TYE,TX,79563-2322,238220,Limited  Liability Company(LLC),535500,535500,Paid in Full,40,535500,,539309.51,First National Bank and Trust Company of Weatherford d/b/a First Bank Texas,unknown,business type 'Limited  Liability Company(LLC)' may use owner income/SE basis,yes,20261007T195554Z,20261007T195554Z
4376197001,biz-002,first draw,PPP,04/03/2020,STEWART PLUMBING CO.,8710 BUSINESS CT,CONVERSE,TX,78109-2021,238220,Corporation,216500,216500,Paid in Full,36,216500,,218280.11,American Bank National Association,1039200,"4376197001 (PPP, 04/03/2020): 216,500.00 / 2.5 x 12",yes,20261007T195554Z,20261007T195554Z
4089628504,biz-003,second draw,PPS,02/25/2021,COMFORT MASTERS HEATING & AIR CONDITIONING INC.,1318 E 50th St,Lubbock,TX,79404-3834,238220,Corporation,456262.75,456262.75,Paid in Full,50,456262.75,,458455.35,Peoples Bank,2190061,"4089628504 (PPS, 02/25/2021): 456,262.75 / 2.5 x 12",yes,20261007T195554Z,20261007T195554Z
4400687007,biz-003,first draw,PPP,04/03/2020,"COMFORT MASTERS HEATING & AIR CONDITIONING, INC",1318 East 50th,LUBBOCK,TX,79404-3834,238220,Corporation,461500,425000,Paid in Full,43,425000,,429863.89,Peoples Bank,unknown,current amount differs from initial approval,yes,20261007T195554Z,20261007T195554Z
4440307003,biz-004,first draw,PPP,04/03/2020,"RICHARD MEEK AIR CONDITIONING, INC.",117 HENRIETTA ST,WICHITA FALLS,TX,76301-7024,238220,Subchapter S Corporation,572300,565900,Paid in Full,48,565900,,571621.88,Prosperity Bank,unknown,current amount differs from initial approval,yes,20261007T195554Z,20261007T195554Z
4452477005,biz-005,first draw,PPP,04/03/2020,JF FILTRATION INC.,4820 Memphis St.,DALLAS,TX,75207-5210,238220,Corporation,1450000,1450000,Paid in Full,123,1087500,,1459304.17,Texas Security Bank,6960000,"4452477005 (PPP, 04/03/2020): 1,450,000.00 / 2.5 x 12",yes,20261007T195554Z,20261007T195554Z
4486607005,biz-006,first draw,PPP,04/03/2020,DOUCET PLUMBING INC,6474 SIDEVIEW ROAD,SAN ANGELO,TX,76901-5511,238220,Corporation,443000,443000,Paid in Full,41,443000,,445949.29,First State Bank,2126400,"4486607005 (PPP, 04/03/2020): 443,000.00 / 2.5 x 12",yes,20261007T195554Z,20261007T195554Z
4062858601,biz-007,second draw,PPS,03/17/2021,CENTURY FIRE SYSTEMS LLC,490 Eagle Dr,El Paso,TX,79912-5683,238220,Limited  Liability Company(LLC),276900,276900,Paid in Full,25,276899,,279130.58,WestStar Bank,unknown,business type 'Limited  Liability Company(LLC)' may use owner income/SE basis,yes,20261007T195554Z,20261007T195554Z
4565697008,biz-007,first draw,PPP,04/03/2020,"CENTURY FIRE SYSTEMS, LLC",490 Eagle Drive,EL PASO,TX,79912-5683,238220,Limited  Liability Company(LLC),276900,276900,Paid in Full,28,276900,,278453.72,WestStar Bank,unknown,business type 'Limited  Liability Company(LLC)' may use owner income/SE basis,yes,20261007T195554Z,20261007T195554Z
4650857002,biz-008,first draw,PPP,04/04/2020,SHREINER HOME COMFORT LLC,216 S Lipscomb,AMARILLO,TX,79106-8424,238220,Corporation,323800,323800,Paid in Full,32,323800,,325698.9,Amarillo National Bank,1554240,"4650857002 (PPP, 04/04/2020): 323,800.00 / 2.5 x 12",yes,20261007T195554Z,20261007T195554Z
2868368509,biz-009,second draw,PPS,02/22/2021,FREUND ENTERPRISES INC,11403 Jones Maltsberger Rd,San Antonio,TX,78216-2830,238220,Corporation,1585882,1585882,Paid in Full,132,1585882,,1592313.63,Broadway National Bank,7612234,"2868368509 (PPS, 02/22/2021): 1,585,882.00 / 2.5 x 12",yes,20261007T195554Z,20261007T195554Z
4661777008,biz-009,first draw,PPP,04/04/2020,"FREUND ENTERPRISES, INC.",11403 238220JONES MALTSBERGER RD,SAN ANTONIO,TX,78216-2830,238220,Corporation,1753200,1753200,Paid in Full,182,1315000,,1769076.2,Broadway National Bank,8415360,"4661777008 (PPP, 04/04/2020): 1,753,200.00 / 2.5 x 12",yes,20261007T195554Z,20261007T195554Z
4695937006,biz-010,first draw,PPP,04/04/2020,"ALLEN'S TRI-STATE MECHANICAL, INC.",404 S HAYDEN ST,AMARILLO,TX,79101-1124,238220,Corporation,1206200,1206200,Paid in Full,76,1206200,,1214810.93,Amarillo National Bank,5789760,"4695937006 (PPP, 04/04/2020): 1,206,200.00 / 2.5 x 12",yes,20261007T195554Z,20261007T195554Z
2717498309,biz-011,second draw,PPS,01/21/2021,NATIONAL HEATING & PLUMBING INC,620 Ryan Ave,Odessa,TX,79761-4931,238220,Corporation,589847,589847,Paid in Full,50,589847,,592124.46,SouthWest Bank,2831266,"2717498309 (PPS, 01/21/2021): 589,847.00 / 2.5 x 12",yes,20261007T195554Z,20261007T195554Z
4741657007,biz-011,first draw,PPP,04/04/2020,NATIONAL HEATING & PLUMBING INC,620 RYAN AVE,ODESSA,TX,79761-4931,238220,Corporation,660000,660000,Paid in Full,51,660000,,666838.33,SouthWest Bank,3168000,"4741657007 (PPP, 04/04/2020): 660,000.00 / 2.5 x 12",yes,20261007T195554Z,20261007T195554Z
2810098301,biz-012,second draw,PPS,01/21/2021,MARK STEPHEN & KENT EUGENE ELLIS,536 N Highway 67,Cedar Hill,TX,75104-2137,238220,Partnership,481514.5,481514.5,Paid in Full,36,481514.5,,485259.61,City Bank,unknown,business type 'Partnership' may use owner income/SE basis,yes,20261007T195554Z,20261007T195554Z
4743747003,biz-012,first draw,PPP,04/04/2020,MARK STEPHEN & KENT EUGENE ELLIS,536 N HIGHWAY 67,CEDAR HILL,TX,75104-2137,238220,Partnership,454700,454700,Paid in Full,31,454700,,458400.75,City Bank,unknown,business type 'Partnership' may use owner income/SE basis,yes,20261007T195554Z,20261007T195554Z
4744337000,biz-013,first draw,PPP,04/04/2020,AUTOMATIC FIRE PROTECTION INC,4582 Christoval Rd,SAN ANGELO,TX,76904-9695,238220,Corporation,2048900,2048900,Paid in Full,175,1536675,,2073259.14,First Financial Bank,9834720,"4744337000 (PPP, 04/04/2020): 2,048,900.00 / 2.5 x 12",yes,20261007T195554Z,20261007T195554Z
4756187000,biz-014,first draw,PPP,04/04/2020,"ATMAC MECHANICAL SERVICES, LP",1201 SUMMIT AVE,PLANO,TX,75074-8509,238220,Partnership,683800,683800,Paid in Full,69,512850,,689023.47,First Source Federal Credit Union,unknown,business type 'Partnership' may use owner income/SE basis,yes,20261007T195554Z,20261007T195554Z
9445438408,biz-014,second draw,PPS,02/17/2021,ATMAC MECHANICAL SERVICES LP,1201 Summit Ave,Plano,TX,75074-8509,238220,Partnership,683892,683892,Paid in Full,70,683890,,689876.06,First Source Federal Credit Union,unknown,business type 'Partnership' may use owner income/SE basis,yes,20261007T195554Z,20261007T195554Z
4760617001,biz-015,first draw,PPP,04/04/2020,"BRUCE THORNTON AIR CONDITIONING, INC",128 SLATON RD,LUBBOCK,TX,79404-5202,238220,Corporation,1176900,1176900,Paid in Full,114,1176900,,1183830.63,Amarillo National Bank,5649120,"4760617001 (PPP, 04/04/2020): 1,176,900.00 / 2.5 x 12",yes,20261007T195554Z,20261007T195554Z
6226898304,biz-015,second draw,PPS,01/26/2021,BRUCE THORNTON AIR CONDITIONING INC,128 Slaton Rd,Lubbock,TX,79404-5202,238220,Corporation,1317079.77,1317079.77,Paid in Full,119,1317077.77,,1324396.88,Amarillo National Bank,6321983,"6226898304 (PPS, 01/26/2021): 1,317,079.77 / 2.5 x 12",yes,20261007T195554Z,20261007T195554Z
4782777004,biz-016,first draw,PPP,04/04/2020,HOWARD'S MECHANICAL INC,6334 CANYON DR,AMARILLO,TX,79109-6731,238220,Corporation,515900,515900,Paid in Full,54,515900,,519124.38,Amarillo National Bank,2476320,"4782777004 (PPP, 04/04/2020): 515,900.00 / 2.5 x 12",yes,20261007T195554Z,20261007T195554Z
4786087006,biz-017,first draw,PPP,04/04/2020,"LUYCX PLUMBING CO., INC.",603 S LAZY LANE,CLUTE,TX,77531-5209,238220,Subchapter S Corporation,270100,270100,Paid in Full,23,202600,,271757.6,First State Bank,1296480,"4786087006 (PPP, 04/04/2020): 270,100.00 / 2.5 x 12",yes,20261007T195554Z,20261007T195554Z
1170918305,biz-018,second draw,PPS,01/16/2021,"A & T PLUMBING COMPANY, INC.",9520 Yupondale Dr,Houston,TX,77080-7232,238220,Corporation,213945.9,213945.9,Paid in Full,16,213945.9,,214789.8,Austin County State Bank,1026940,"1170918305 (PPS, 01/16/2021): 213,945.90 / 2.5 x 12",yes,20261007T195554Z,20261007T195554Z
4807207005,biz-018,first draw,PPP,04/04/2020,"A & T PLUMBING COMPANY, INC.",9520 YUPONDALE DR,HOUSTON,TX,77080-7232,238220,Corporation,240000,240000,Paid in Full,13,240000,,241353.33,Austin County State Bank,1152000,"4807207005 (PPP, 04/04/2020): 240,000.00 / 2.5 x 12",yes,20261007T195554Z,20261007T195554Z
4817657004,biz-019,first draw,PPP,04/04/2020,CENTRAL TEXAS PLUMBING SOLUTIONS,307 Lake Air Dr,WACO,TX,76710-5835,238220,Limited  Liability Company(LLC),367400,367400,Paid in Full,43,275550,,369511.28,First National Bank of Central Texas,unknown,business type 'Limited  Liability Company(LLC)' may use owner income/SE basis,yes,20261007T195554Z,20261007T195554Z
4835177006,biz-020,first draw,PPP,04/04/2020,"JARMON SERVICES, INC",1375 RIVER BEND DR,DALLAS,TX,75247-4915,238220,Corporation,1577900,1577900,Paid in Full,84,1577900,,1587718.04,Harmony Bank,7573920,"4835177006 (PPP, 04/04/2020): 1,577,900.00 / 2.5 x 12",yes,20261007T195554Z,20261007T195554Z
2545648309,biz-021,second draw,PPS,01/21/2021,AIR PERFORMANCE SERVICE OF CENTRAL TEXAS LLC,13405 Immanuel Rd Bldg 2,Pflugerville,TX,78660-8337,238220,Corporation,629800,629800,Paid in Full,45,629797,,634436.03,Texas Security Bank,3023040,"2545648309 (PPS, 01/21/2021): 629,800.00 / 2.5 x 12",yes,20261007T195554Z,20261007T195554Z
4839287001,biz-021,first draw,PPP,04/04/2020,"AIR PERFORMANCE SERVICE OF CENTRAL TEXAS, LLC",13405 Immanuel Rd. Bldg 2A,PFLUGERVILLE,TX,78660-8298,238220,Corporation,505500,505500,Paid in Full,46,404458,,508530.75,Texas Security Bank,2426400,"4839287001 (PPP, 04/04/2020): 505,500.00 / 2.5 x 12",yes,20261007T195554Z,20261007T195554Z
4842327001,biz-022,first draw,PPP,04/04/2020,"A-C TECHNICAL SERVICES, LLC",PO BOX 1535,CASTROVILLE,TX,78009-1535,238220,Limited  Liability Company(LLC),908600,908600,Paid in Full,79,908600,,917509.33,TXN Bank,unknown,business type 'Limited  Liability Company(LLC)' may use owner income/SE basis,yes,20261007T195554Z,20261007T195554Z
4846047008,biz-023,first draw,PPP,04/04/2020,"HORIZON PLUMBING, LTD",2706 W PIONEER PARKWAY,ARLINGTON,TX,76016-5906,238220,Limited Liability Partnership,1216300,1216300,Paid in Full,117,1216300,,1227296.68,Susser Bank,unknown,business type 'Limited Liability Partnership' may use owner income/SE basis,yes,20261007T195554Z,20261007T195554Z
2700798810,biz-024,second draw,PPS,04/13/2021,EP MECHANICAL TECHNOLOGIES INC.,211 N Cotton St,El Paso,TX,79901-1745,238220,Corporation,617667,617667,Paid in Full,53,617665,,625267.74,First Savings Bank,2964802,"2700798810 (PPS, 04/13/2021): 617,667.00 / 2.5 x 12",yes,20261007T195554Z,20261007T195554Z
4847527001,biz-024,first draw,PPP,04/04/2020,"EP MECHANICAL TECHNOLOGIES,  INC.",211 Cotton,EL PASO,TX,79901-1745,238220,Corporation,451500,451500,Paid in Full,48,451500,,454083.58,First Savings Bank,2167200,"4847527001 (PPP, 04/04/2020): 451,500.00 / 2.5 x 12",yes,20261007T195554Z,20261007T195554Z
2169948300,biz-025,second draw,PPS,01/20/2021,"WALTERS PLUMBING, INC",8005 Bar K Ranch Rd,Lago Vista,TX,78645-4697,238220,Corporation,155212,155212,Paid in Full,15,155212,,156031.17,Security State Bank & Trust,745018,"2169948300 (PPS, 01/20/2021): 155,212.00 / 2.5 x 12",yes,20261007T195554Z,20261007T195554Z
4847947009,biz-025,first draw,PPP,04/04/2020,"WALTERS PLUMBING, INC",8005 Bar K Ranch Road,LAGO VISTA,TX,78645-4405,238220,Corporation,155200,155200,Paid in Full,14,151850,,156148.44,Security State Bank & Trust,744960,"4847947009 (PPP, 04/04/2020): 155,200.00 / 2.5 x 12",yes,20261007T195554Z,20261007T195554Z
2943328302,biz-026,second draw,PPS,01/21/2021,LONESTAR SUPERIOR SERVICES LLC,3309 S Fillmore St,Amarillo,TX,79110-1062,238220,Corporation,219708.55,219708.55,Paid in Full,18,219706.55,,220874.23,First United Bank,1054601,"2943328302 (PPS, 01/21/2021): 219,708.55 / 2.5 x 12",yes,20261007T195554Z,20261007T195554Z
4850347007,biz-026,first draw,PPP,04/04/2020,LONESTAR SUPERIOR SERVICES LLC,3309 Fillmore,AMARILLO,TX,79110,238220,Corporation,210000,210000,Paid in Full,18,210000,,211335.56,First United Bank,1008000,"4850347007 (PPP, 04/04/2020): 210,000.00 / 2.5 x 12",yes,20261007T195554Z,20261007T195554Z
4855697006,biz-027,first draw,PPP,04/04/2020,"FRANK'S REPAIR PLUMBING, INC.",4112 NW 10TH AVE,AMARILLO,TX,79106-7002,238220,Subchapter S Corporation,618700,618700,Paid in Full,67,618700,,622343.46,Amarillo National Bank,2969760,"4855697006 (PPP, 04/04/2020): 618,700.00 / 2.5 x 12",yes,20261007T195554Z,20261007T195554Z
4858407006,biz-028,first draw,PPP,04/04/2020,"GENESIS FIRE PROTECTION, INC.",330 W SIMONDS RD,SEAGOVILLE,TX,75159-2710,238220,Corporation,336900,336900,Paid in Full,30,336900,,339473.54,HomeBank Texas,1617120,"4858407006 (PPP, 04/04/2020): 336,900.00 / 2.5 x 12",yes,20261007T195554Z,20261007T195554Z
4687588309,biz-029,second draw,PPS,01/23/2021,MORGAN AIR SERVICES LLC,5200 MITCHELLDALE STSTE F26,HOUSTON,TX,77092,238220,Corporation,249100,249100,Paid in Full,15,249097,,250048.63,Frost Bank,1195680,"4687588309 (PPS, 01/23/2021): 249,100.00 / 2.5 x 12",yes,20261007T195554Z,20261007T195554Z
4868147004,biz-029,first draw,PPP,04/04/2020,"MORGAN AIR SERVICES, LLC",5200 MITCHELLDALE ST Ste F26,HOUSTON,TX,77092-7206,238220,Corporation,218300,218300,Paid in Full,21,218300,,219615.78,Frost Bank,1047840,"4868147004 (PPP, 04/04/2020): 218,300.00 / 2.5 x 12",yes,20261007T195554Z,20261007T195554Z
4881447005,biz-030,first draw,PPP,04/04/2020,"KEN PARKER SERVICE, INC",3627 STATE HIGHWAY 34,GREENVILLE,TX,75402-5132,238220,Corporation,415000,415000,Paid in Full,35,376000,,418183.56,The First Bank of Celeste,1992000,"4881447005 (PPP, 04/04/2020): 415,000.00 / 2.5 x 12",yes,20261007T195554Z,20261007T195554Z
5290508303,biz-030,second draw,PPS,01/25/2021,KEN PARKER SERVICE  INC,3627 State Highway 34 S,Greenville,TX,75402-5132,238220,Corporation,400000,400000,Paid in Full,35,399996,,403408.22,The First Bank of Celeste,1920000,"5290508303 (PPS, 01/25/2021): 400,000.00 / 2.5 x 12",yes,20261007T195554Z,20261007T195554Z
2475428306,biz-031,second draw,PPS,01/20/2021,LANTZ'S LAKESIDE PLUMBING LLC,8005 Bar K Ranch Rd,Lago Vista,TX,78645-4697,238220,Limited  Liability Company(LLC),339722,339722,Paid in Full,38,339722,,341562.16,Security State Bank & Trust,unknown,business type 'Limited  Liability Company(LLC)' may use owner income/SE basis,yes,20261007T195554Z,20261007T195554Z
4889837009,biz-031,first draw,PPP,04/04/2020,LANTZ'S LAKESIDE PLUMBING LLC,8005 BAR K RANCH ROAD,LAGO VISTA,TX,78645-4405,238220,Limited  Liability Company(LLC),339700,339700,Paid in Full,45,335350,,341766.51,Security State Bank & Trust,unknown,business type 'Limited  Liability Company(LLC)' may use owner income/SE basis,yes,20261007T195554Z,20261007T195554Z
4891207007,biz-032,first draw,PPP,04/04/2020,"JON WAYNE HEATING & AIR CONDITIONING, LTD.",9272 US HIGHWAY 87,SAN ANTONIO,TX,78263-6105,238220,Limited Liability Partnership,2833900,2833900,Paid in Full,235,2607188,,2867119.61,American Bank National Association,unknown,business type 'Limited Liability Partnership' may use owner income/SE basis,yes,20261007T195554Z,20261007T195554Z
4918427004,biz-033,first draw,PPP,04/04/2020,UNITED PLUMBING INC,15040 STATE HIGHWAY 110,WHITEHOUSE,TX,75791-9362,238220,Subchapter S Corporation,162500,162500,Paid in Full,19,162500,,163622.02,"Austin Bank, Texas National Association",780000,"4918427004 (PPP, 04/04/2020): 162,500.00 / 2.5 x 12",yes,20261007T195554Z,20261007T195554Z
4938857001,biz-034,first draw,PPP,04/04/2020,"AIRCO PLUMBING & MECHANICAL, LLC",1211 ST. Hwy. 79 N.,WICHITA FALLS,TX,76305-8858,238220,Subchapter S Corporation,264500,264500,Paid in Full,18,264500,,266020.88,Prosperity Bank,1269600,"4938857001 (PPP, 04/04/2020): 264,500.00 / 2.5 x 12",yes,20261007T195554Z,20261007T195554Z
4980107003,biz-035,first draw,PPP,04/04/2020,BRACKEN PLUMBING INC.,17333 BELL NORTH DR,SCHERTZ,TX,78154-3326,238220,Corporation,400000,400000,Paid in Full,48,350000,,403600,American Bank National Association,1920000,"4980107003 (PPP, 04/04/2020): 400,000.00 / 2.5 x 12",yes,20261007T195554Z,20261007T195554Z
2753148306,biz-036,second draw,PPS,01/21/2021,SARIF LLC,624 Krona Dr Ste 100,Plano,TX,75074-8325,238220,Limited  Liability Company(LLC),193060.85,193060.85,Paid in Full,14,193055.85,,195382.87,b1BANK,unknown,business type 'Limited  Liability Company(LLC)' may use owner income/SE basis,yes,20261007T195554Z,20261007T195554Z
4992107000,biz-036,first draw,PPP,04/04/2020,SARIF LLC,624 KRONA DR Suite 100,PLANO,TX,75074-8300,238220,Limited  Liability Company(LLC),179000,179065,Paid in Full,14,134250,,180188.43,b1BANK,unknown,business type 'Limited  Liability Company(LLC)' may use owner income/SE basis; current amount differs from initial approval,yes,20261007T195554Z,20261007T195554Z
5008187010,biz-037,first draw,PPP,04/04/2020,"1ST CHOICE AIR SOLUTIONS, LLC",2851 Tinsley LN,FORT WORTH,TX,76179-9119,238220,Limited  Liability Company(LLC),155000,155000,Paid in Full,14,116250,,156244.31,First Financial Bank,unknown,business type 'Limited  Liability Company(LLC)' may use owner income/SE basis,yes,20261007T195554Z,20261007T195554Z
5011567007,biz-038,first draw,PPP,04/04/2020,QUARTER MOON PLUMBING INC,18838 FM 2252,SAN ANTONIO,TX,78266-3008,238220,Corporation,1085600,1085600,Paid in Full,120,1050280,,1092648.96,First United Bank and Trust Company,5210880,"5011567007 (PPP, 04/04/2020): 1,085,600.00 / 2.5 x 12",yes,20261007T195554Z,20261007T195554Z
5012487009,biz-039,first draw,PPP,04/04/2020,"HOME PLUMBING COMPANY, INC",8305 SOVEREIGN ROW,DALLAS,TX,75247-4715,238220,Corporation,232700,232700,Paid in Full,20,174525,,234040.22,Texas Security Bank,1116960,"5012487009 (PPP, 04/04/2020): 232,700.00 / 2.5 x 12",yes,20261007T195554Z,20261007T195554Z
5021907006,biz-040,first draw,PPP,04/04/2020,"PEARSON MECHANICAL, INC.",2531 CARL RD,ARLINGTON,TX,76015-1631,238220,Subchapter S Corporation,689100,689100,Paid in Full,51,689100,,693329,Frost Bank,3307680,"5021907006 (PPP, 04/04/2020): 689,100.00 / 2.5 x 12",yes,20261007T195554Z,20261007T195554Z
5024177007,biz-041,first draw,PPP,04/04/2020,"UNLIMITED AIR, LLC",4353 S JACKSON ST,SAN ANGELO,TX,76903-9332,238220,Limited  Liability Company(LLC),225200,225200,Paid in Full,23,168900,,226463.62,Texas State Bank,unknown,business type 'Limited  Liability Company(LLC)' may use owner income/SE basis,yes,20261007T195554Z,20261007T195554Z
4473208403,biz-042,second draw,PPS,02/06/2021,BRUNS & MCDONALD INC,6993 Industrial Ave,El Paso,TX,79915-1107,238220,Corporation,173312.5,173312.5,Paid in Full,20,173309.5,,174410.15,WestStar Bank,831900,"4473208403 (PPS, 02/06/2021): 173,312.50 / 2.5 x 12",yes,20261007T195554Z,20261007T195554Z
5024997006,biz-042,first draw,PPP,04/04/2020,BRUNS & MCDONALD INC,6993 INDUSTRIAL AVE,EL PASO,TX,79915-1107,238220,Corporation,198200,198200,Paid in Full,19,198200,,200016.83,WestStar Bank,951360,"5024997006 (PPP, 04/04/2020): 198,200.00 / 2.5 x 12",yes,20261007T195554Z,20261007T195554Z
5034217010,biz-043,first draw,PPP,04/04/2020,WELDON CONTRACTORS LLC,3428 W. Pioneer Pkwy,PANTEGO,TX,76013-4604,238220,Limited  Liability Company(LLC),1681300,1681300,Paid in Full,98,1681300,,1691639.76,Frost Bank,unknown,business type 'Limited  Liability Company(LLC)' may use owner income/SE basis,yes,20261007T195554Z,20261007T195554Z
5055947005,biz-044,first draw,PPP,04/04/2020,"KCA, INC.",136 INDUSTRIAL DR,BOERNE,TX,78006-3300,238220,Subchapter S Corporation,305672,287336,Paid in Full,23,287336,,288948.27,Texas Heritage Bank,unknown,current amount differs from initial approval,yes,20261007T195554Z,20261007T195554Z
5057917000,biz-045,first draw,PPP,04/04/2020,"DANIEL'S PLUMBING AND DRAIN EXPERTS, LLC",8402 N LAMAR BLVD Suite B9,AUSTIN,TX,78753-5943,238220,Limited  Liability Company(LLC),179000,179000,Paid in Full,21,179000,,181378.49,Five Star Bank,unknown,business type 'Limited  Liability Company(LLC)' may use owner income/SE basis,yes,20261007T195554Z,20261007T195554Z
4228298306,biz-046,second draw,PPS,01/23/2021,"A-USAIR CONDITIONING OF TEXAS, LTD.",707 Easy St,Garland,TX,75042-6814,238220,Corporation,1589700,1589700,Paid in Full,89,1589696,,1602635.37,Frost Bank,7630560,"4228298306 (PPS, 01/23/2021): 1,589,700.00 / 2.5 x 12",yes,20261007T195554Z,20261007T195554Z
5059417007,biz-046,first draw,PPP,04/04/2020,"A-USAIR CONDITIONING OF TEXAS, LTD.",707 EASY ST,GARLAND,TX,75042-6814,238220,Corporation,1517900,1517900,Paid in Full,125,1517900,,1529793.68,Frost Bank,7285920,"5059417007 (PPP, 04/04/2020): 1,517,900.00 / 2.5 x 12",yes,20261007T195554Z,20261007T195554Z
5065457004,biz-047,first draw,PPP,04/04/2020,ATX ENVIRONMENTAL SOLUTIONS LLC,1205 SHELDON CV,AUSTIN,TX,78753-5872,238220,Limited  Liability Company(LLC),460000,460000,Paid in Full,71,411000,,462986.85,First United Bank and Trust Company,unknown,business type 'Limited  Liability Company(LLC)' may use owner income/SE basis,yes,20261007T195554Z,20261007T195554Z
5091927007,biz-048,first draw,PPP,04/05/2020,D&D PLUMBING HEATINGS & A/C INC.,1101 FLORIDA AVE,MIDLAND,TX,79701-7909,238220,Corporation,702337.85,702337.85,Paid in Full,65,702337.85,,712677.82,Community National Bank,3371222,"5091927007 (PPP, 04/05/2020): 702,337.85 / 2.5 x 12",yes,20261007T195554Z,20261007T195554Z
5108477000,biz-049,first draw,PPP,04/05/2020,"TYLER MECHANICAL CONTRACTORS, INC.","1902 Dutton Drive, Building 1",SAN MARCOS,TX,78666-5949,238220,Corporation,924794,756901,Paid in Full,60,756901,,763229.53,Ozona Bank,unknown,current amount differs from initial approval,yes,20261007T195554Z,20261007T195554Z
5112657009,biz-050,first draw,PPP,04/05/2020,UGOTEM,870 DIVIDEND RD,MIDLOTHIAN,TX,76065-6224,238220,Limited  Liability Company(LLC),983000,983000,Paid in Full,83,983000,,988651.89,Citizens National Bank of Texas,unknown,business type 'Limited  Liability Company(LLC)' may use owner income/SE basis,yes,20261007T195554Z,20261007T195554Z
5120727006,biz-051,first draw,PPP,04/05/2020,AIR INNOVATIONS LLC,12507 TELGE RD,CYPRESS,TX,77429-2208,238220,Limited  Liability Company(LLC),632800,632800,Paid in Full,66,474600,,638090.91,First Source Federal Credit Union,unknown,business type 'Limited  Liability Company(LLC)' may use owner income/SE basis,yes,20261007T195554Z,20261007T195554Z
5141037010,biz-052,first draw,PPP,04/05/2020,"WT STOVALL HOLDINGS, INC.",1900 Clark St.,MIDLAND,TX,79701-8811,238220,Subchapter S Corporation,223400,223400,Paid in Full,16,223400,,225199.61,Prosperity Bank,1072320,"5141037010 (PPP, 04/05/2020): 223,400.00 / 2.5 x 12",yes,20261007T195554Z,20261007T195554Z
5168117010,biz-053,first draw,PPP,04/05/2020,"GARY'S HEATING & AIR CONDITIONING, INC.",2505 SW 7TH AVE,AMARILLO,TX,79106-6605,238220,Subchapter S Corporation,319500,319500,Paid in Full,22,319500,,321512.17,Amarillo National Bank,1533600,"5168117010 (PPP, 04/05/2020): 319,500.00 / 2.5 x 12",yes,20261007T195554Z,20261007T195554Z
5195647000,biz-054,first draw,PPP,04/05/2020,COX PLUMBING CO.,4050 W HIGHWAY 290,DRIPPING SPRINGS,TX,78620-3556,238220,Corporation,282500,282500,Paid in Full,22,282500,,285293.61,Horizon Bank SSB,1356000,"5195647000 (PPP, 04/05/2020): 282,500.00 / 2.5 x 12",yes,20261007T195554Z,20261007T195554Z
5208387005,biz-055,first draw,PPP,04/05/2020,"PC AUTOMATED CONTROLS, INC.",10279 DYER ST,EL PASO,TX,79924-3525,238220,Corporation,764800,764800,Paid in Full,52,764800,,769452.53,WestStar Bank,3671040,"5208387005 (PPP, 04/05/2020): 764,800.00 / 2.5 x 12",yes,20261007T195554Z,20261007T195554Z
3536538303,biz-056,second draw,PPS,01/22/2021,INTELLIGENT AIR SERVICES LLC,12112B Roxie Dr Ste B,Austin,TX,78729-7106,238220,Limited  Liability Company(LLC),165000,165000,Paid in Full,12,165000,,166104.58,First Community Bank,unknown,business type 'Limited  Liability Company(LLC)' may use owner income/SE basis,yes,20261007T195554Z,20261007T195554Z
5229397007,biz-056,first draw,PPP,04/05/2020,"INTELLIGENT AIR SERVICES, LLC",12112 B ROXIE DR,AUSTIN,TX,78729-7106,238220,Limited  Liability Company(LLC),165000,165000,Paid in Full,11,165000,,166365.83,First Community Bank,unknown,business type 'Limited  Liability Company(LLC)' may use owner income/SE basis,yes,20261007T195554Z,20261007T195554Z
5234457006,biz-057,first draw,PPP,04/05/2020,"TEAM MECHANICAL OF TEXAS, LLC",1580 WALD RD,NEW BRAUNFELS,TX,78132-5018,238220,Limited  Liability Company(LLC),828900,828900,Paid in Full,84,750000,,833988.53,Broadway National Bank,unknown,business type 'Limited  Liability Company(LLC)' may use owner income/SE basis,yes,20261007T195554Z,20261007T195554Z
5250477001,biz-058,first draw,PPP,04/05/2020,"METROPLEX PLUMBING, INC.",9302 COUNTY ROAD 213A,FORNEY,TX,75126-8010,238220,Corporation,189600,189600,Paid in Full,18,189600,,190853.47,City Bank,910080,"5250477001 (PPP, 04/05/2020): 189,600.00 / 2.5 x 12",yes,20261007T195554Z,20261007T195554Z
5255227006,biz-059,first draw,PPP,04/05/2020,BANNISTER INVESTMENTS LLC,418 SE LOOP 456,JACKSONVILLE,TX,75766-9478,238220,Limited  Liability Company(LLC),484500,484500,Paid in Full,43,484500,,487218.58,"Austin Bank, Texas National Association",unknown,business type 'Limited  Liability Company(LLC)' may use owner income/SE basis,yes,20261007T195554Z,20261007T195554Z
5284807002,biz-060,first draw,PPP,04/05/2020,LAMAR PLUMBING INC,910 CANTWELL LANE,CORPUS CHRISTI,TX,78408-2606,238220,Corporation,178800,178800,Paid in Full,15,178800,,180329.73,First Community Bank,858240,"5284807002 (PPP, 04/05/2020): 178,800.00 / 2.5 x 12",yes,20261007T195554Z,20261007T195554Z
5339257001,biz-061,first draw,PPP,04/05/2020,"CSP UTILITIES, LLC",2101 S. 22ND,WACO,TX,76706,238220,Limited  Liability Company(LLC),317800,317800,Paid in Full,44,238350,,321012.83,First National Bank of Central Texas,unknown,business type 'Limited  Liability Company(LLC)' may use owner income/SE basis,yes,20261007T195554Z,20261007T195554Z
5032178308,biz-062,second draw,PPS,01/23/2021,COMFORT TECHNOLOGIES LLC,2311 Michigan Ct,Dalworthington Gardens,TX,76016-5870,238220,Limited  Liability Company(LLC),292585,292585,Paid in Full,20,292585,,296201.68,"BOKF, National Association",unknown,business type 'Limited  Liability Company(LLC)' may use owner income/SE basis,yes,20261007T195554Z,20261007T195554Z
5359577000,biz-062,first draw,PPP,04/05/2020,"COMFORT TECHNOLOGIES, LLC",2311 MICHIGAN CT.,DALWORTHINGTON GARDENS,TX,76016-5870,238220,Limited  Liability Company(LLC),280000,280000,Paid in Full,19,280000,,283313.33,"BOKF, National Association",unknown,business type 'Limited  Liability Company(LLC)' may use owner income/SE basis,yes,20261007T195554Z,20261007T195554Z
5366377008,biz-063,first draw,PPP,04/05/2020,WILLARD HEATING AND AIR,207 E US HIGHWAY 80,FORNEY,TX,75126-8664,238220,Subchapter S Corporation,1119300,1119300,Paid in Full,81,895440,,1128316.58,City Bank,5372640,"5366377008 (PPP, 04/05/2020): 1,119,300.00 / 2.5 x 12",yes,20261007T195554Z,20261007T195554Z
5379307008,biz-064,first draw,PPP,04/05/2020,TCS MECHANICAL LLC,1682 STATE HIGHWAY 71 W,CEDAR CREEK,TX,78612-3484,238220,Limited  Liability Company(LLC),1856600,1856600,Paid in Full,72,1621900,,1878014.48,First United Bank and Trust Company,unknown,business type 'Limited  Liability Company(LLC)' may use owner income/SE basis; implied pay per reported job reaches $100K cap,yes,20261007T195554Z,20261007T195554Z
5435167009,biz-065,first draw,PPP,04/05/2020,"RELIANCE PLUMBING GROUP, INC",1001 ALUMAX RD,NASH,TX,75569-0019,238220,Subchapter S Corporation,1039945,1039945,Paid in Full,94,1039945,,1045785.79,Farmers Bank & Trust Company,4991736,"5435167009 (PPP, 04/05/2020): 1,039,945.00 / 2.5 x 12",yes,20261007T195554Z,20261007T195554Z
5458807003,biz-066,first draw,PPP,04/05/2020,"MDS MAINTENANCE, LLC",8000 INTERSTATE 10 WEST STE 600,SAN ANTONIO,TX,78230,238220,Limited  Liability Company(LLC),401500,401500,Paid in Full,24,301125,,405347.71,Texas Partners Bank,unknown,business type 'Limited  Liability Company(LLC)' may use owner income/SE basis,yes,20261007T195554Z,20261007T195554Z
5856768507,biz-066,second draw,PPS,03/02/2021,MDS MAINTENANCE LLC,8000 W Interstate 10 Ste 600,San Antonio,TX,78230-3887,238220,Limited  Liability Company(LLC),401700,401700,Paid in Full,24,401697,,405259.51,Texas Partners Bank,unknown,business type 'Limited  Liability Company(LLC)' may use owner income/SE basis,yes,20261007T195554Z,20261007T195554Z
5485477006,biz-067,first draw,PPP,04/05/2020,"MCLEAN MECHANICAL CONTRACTORS, INC.",10625 CONTROL PL,DALLAS,TX,75238-1334,238220,Subchapter S Corporation,627677.5,627677.5,Paid in Full,65,627677.5,,632440.97,Inwood National Bank,3012852,"5485477006 (PPP, 04/05/2020): 627,677.50 / 2.5 x 12",yes,20261007T195554Z,20261007T195554Z
5489027008,biz-068,first draw,PPP,04/05/2020,"B.A. MARBACH PLUMBING SERVICES, INC.",29592 Bulverde Lane #2,BULVERDE,TX,78163-2037,238220,Corporation,247300,247300,Paid in Full,20,186000,,248941.8,Broadway National Bank,1187040,"5489027008 (PPP, 04/05/2020): 247,300.00 / 2.5 x 12",yes,20261007T195554Z,20261007T195554Z
5535277004,biz-069,first draw,PPP,04/05/2020,"PLUMB LEVEL, LLC",1807 HIGHWAY 105,BRENHAM,TX,77833-3383,238220,Limited  Liability Company(LLC),193700,193700,Paid in Full,14,193700,,195045.14,The Brenham National Bank,unknown,business type 'Limited  Liability Company(LLC)' may use owner income/SE basis,yes,20261007T195554Z,20261007T195554Z
5535647008,biz-070,first draw,PPP,04/05/2020,"GREEN SUPPLY COMPANY, INC.",7850 PARKWOOD BLVD,FRISCO,TX,75034-5054,238220,Corporation,184600,184600,Paid in Full,14,158633,,186360.02,First United Bank and Trust Company,886080,"5535647008 (PPP, 04/05/2020): 184,600.00 / 2.5 x 12",yes,20261007T195554Z,20261007T195554Z
4727798308,biz-071,second draw,PPS,01/23/2021,"RAMCO INDUSTRIES, INC.",900 Houston Ave,Pasadena,TX,77502-2215,238220,Corporation,925510,925510,Paid in Full,114,925510,,933196.87,Texas First Bank,4442448,"4727798308 (PPS, 01/23/2021): 925,510.00 / 2.5 x 12",yes,20261007T195554Z,20261007T195554Z
5552167008,biz-071,first draw,PPP,04/05/2020,"RAMCO INDUSTRIES, INC.",900 HOUSTON AVE,PASADENA,TX,77502-2215,238220,Corporation,978300,978300,Paid in Full,156,978300,,989604.8,Texas First Bank,4695840,"5552167008 (PPP, 04/05/2020): 978,300.00 / 2.5 x 12",yes,20261007T195554Z,20261007T195554Z
5587547004,biz-072,first draw,PPP,04/05/2020,THE PORTER COMPANY/MECHANICAL CONTRACTORS,2105 FM 1626,MANCHACA,TX,78652-4501,238220,Subchapter S Corporation,4368500,4368500,Paid in Full,237,3750000,,4410000.75,Broadway National Bank,20968800,"5587547004 (PPP, 04/05/2020): 4,368,500.00 / 2.5 x 12",yes,20261007T195554Z,20261007T195554Z
5685847004,biz-073,first draw,PPP,04/06/2020,"SERVICE FIRE & INDUSTRIAL, INC",16128 FM 548,FORNEY,TX,75126-6206,238220,Corporation,157600,157600,Paid in Full,28,157600,,158690.07,HomeBank Texas,756480,"5685847004 (PPP, 04/06/2020): 157,600.00 / 2.5 x 12",yes,20261007T195554Z,20261007T195554Z
5687967009,biz-074,first draw,PPP,04/06/2020,"SUNTECH MECHANICAL, INC.",7505 ALAMEDA AVE,EL PASO,TX,79915-3713,238220,Corporation,336900,336900,Paid in Full,43,269520,,338949.48,City Bank,1617120,"5687967009 (PPP, 04/06/2020): 336,900.00 / 2.5 x 12",yes,20261007T195554Z,20261007T195554Z
5724087005,biz-075,first draw,PPP,04/06/2020,WOLVERTON CO INC.,704 SOLON RD,WAXAHACHIE,TX,75165-1389,238220,Corporation,300465,300465,Paid in Full,32,300465,,303354.4,Inwood National Bank,1442232,"5724087005 (PPP, 04/06/2020): 300,465.00 / 2.5 x 12",yes,20261007T195554Z,20261007T195554Z
5727137002,biz-076,first draw,PPP,04/06/2020,"STOWE'S INDEPENDENT SERVICES, LLC",1951 E. CONTINENTAL BLVD,SOUTHLAKE,TX,76092-9766,238220,Limited  Liability Company(LLC),562700,562700,Paid in Full,54,562700,,566548.1,Clear Fork Bank National Association,unknown,business type 'Limited  Liability Company(LLC)' may use owner income/SE basis,yes,20261007T195554Z,20261007T195554Z
5748347005,biz-077,first draw,PPP,04/06/2020,"AMARILLO AIR MASTERS HEATING & COOLING CO., LTD",9120 FM 2590,AMARILLO,TX,79119-5832,238220,Partnership,166400,166400,Paid in Full,11,166400,,167440,Amarillo National Bank,unknown,business type 'Partnership' may use owner income/SE basis,yes,20261007T195554Z,20261007T195554Z
1097498705,biz-078,second draw,PPS,03/26/2021,COMPOSITE COOLING SOLUTIONS LP,4150 International Plz Ste 500,Fort Worth,TX,76109-4826,238220,Limited Liability Partnership,1111000,1111000,Paid in Full,45,1110997,,1118883.53,Frost Bank,unknown,business type 'Limited Liability Partnership' may use owner income/SE basis; implied pay per reported job reaches $100K cap,yes,20261007T195554Z,20261007T195554Z
5754227000,biz-078,first draw,PPP,04/06/2020,"COMPOSITE COOLING SOLUTIONS, LP",4150 INTERNATIONAL PLZ Ste 500,FORT WORTH,TX,76109-4802,238220,Limited Liability Partnership,1364700,1364700,Paid in Full,76,1364700,,1378608.72,Frost Bank,unknown,business type 'Limited Liability Partnership' may use owner income/SE basis,yes,20261007T195554Z,20261007T195554Z
5758867001,biz-079,first draw,PPP,04/06/2020,"VANDORFORD AIR, INC.",207 W FM 646 RD,DICKINSON,TX,77539-3036,238220,Corporation,601300,601300,Paid in Full,40,583205,,605893.26,Texas First Bank,2886240,"5758867001 (PPP, 04/06/2020): 601,300.00 / 2.5 x 12",yes,20261007T195554Z,20261007T195554Z
5796717003,biz-080,first draw,PPP,04/06/2020,CFM MECHANICAL,3300 LONGHORN DR,HOUSTON,TX,77084-4102,238220,Limited  Liability Company(LLC),155200,155200,Paid in Full,18,155200,,156097.51,Austin County State Bank,unknown,business type 'Limited  Liability Company(LLC)' may use owner income/SE basis,yes,20261007T195554Z,20261007T195554Z
8851508308,biz-080,second draw,PPS,01/30/2021,CFM MECHANICAL,3300 Longhorn Dr,Houston,TX,77084-4102,238220,Limited  Liability Company(LLC),248527,248527,Paid in Full,18,248523,,249735.12,Austin County State Bank,unknown,business type 'Limited  Liability Company(LLC)' may use owner income/SE basis,yes,20261007T195554Z,20261007T195554Z
5837397000,biz-081,first draw,PPP,04/06/2020,"J AND J INTEREST, LLC DBA BENJAMIN FRANKLIN PLUMBING",1504 Hwy 110 South,WHITEHOUSE,TX,75791-1697,238220,Partnership,250250,250200,Paid in Full,22,250200,,251895.8,"Austin Bank, Texas National Association",unknown,business type 'Partnership' may use owner income/SE basis; current amount differs from initial approval,yes,20261007T195554Z,20261007T195554Z
5868507010,biz-082,first draw,PPP,04/06/2020,"360 ENERGY SAVERS, LLC.","1017 RR 620 S, Ste 102",LAKEWAY,TX,78734-5610,238220,Limited  Liability Company(LLC),180000,180000,Paid in Full,18,144000,,88882.7,Security State Bank & Trust,unknown,business type 'Limited  Liability Company(LLC)' may use owner income/SE basis,yes,20261007T195554Z,20261007T195554Z
5909317009,biz-083,first draw,PPP,04/06/2020,"M & S MECHANICAL, INC.",136 COUNTY ROAD 1309,PITTSBURG,TX,75686-6101,238220,Subchapter S Corporation,166500,166500,Paid in Full,20,166500,,167836.56,Community Bank of Louisiana,799200,"5909317009 (PPP, 04/06/2020): 166,500.00 / 2.5 x 12",yes,20261007T195554Z,20261007T195554Z
5914417009,biz-084,first draw,PPP,04/06/2020,E & M PLUMBING LTD,P.O. Box 2749,STAFFORD,TX,77497,238220,Partnership,295300,295300,Paid in Full,23,295300,,297826.46,International Bank of Commerce,unknown,business type 'Partnership' may use owner income/SE basis,yes,20261007T195554Z,20261007T195554Z
5946787009,biz-085,first draw,PPP,04/06/2020,"RELIANT HEATING & AIR CONDITIONING, INC.",3250 Story Road West #106,IRVING,TX,75038-3531,238220,Subchapter S Corporation,1561300,1561300,Paid in Full,109,1249000,,1414971.6,"Commercial Bank of Texas, N.A.",7494240,"5946787009 (PPP, 04/06/2020): 1,561,300.00 / 2.5 x 12",yes,20261007T195554Z,20261007T195554Z
5960217009,biz-086,first draw,PPP,04/06/2020,"AIR CRAFT, INC.",1916 Picadilly Dr.,Round Rock,TX,78664-8543,238220,Corporation,2031222,2031222,Paid in Full,205,2031222,,2054873.22,Round Top State Bank,9749866,"5960217009 (PPP, 04/06/2020): 2,031,222.00 / 2.5 x 12",yes,20261007T195554Z,20261007T195554Z
5962817005,biz-087,first draw,PPP,04/06/2020,"PATRICK PLUMBING SERIVCE, INC",1602 S. MONROE ST,AMARILLO,TX,79102-3052,238220,Corporation,186200,186200,Paid in Full,15,186200,,187270.65,Amarillo National Bank,893760,"5962817005 (PPP, 04/06/2020): 186,200.00 / 2.5 x 12",yes,20261007T195554Z,20261007T195554Z
5994967009,biz-088,first draw,PPP,04/06/2020,LIGHTFOOT MECHANICAL INC,1026 FORT WORTH HWY,WEATHERFORD,TX,76086-4510,238220,Corporation,547500,547500,Paid in Full,48,547500,,551956.04,First National Bank and Trust Company of Weatherford d/b/a First Bank Texas,2628000,"5994967009 (PPP, 04/06/2020): 547,500.00 / 2.5 x 12",yes,20261007T195554Z,20261007T195554Z
6017717010,biz-089,first draw,PPP,04/06/2020,"INFINITY PLUMBING, INC.",1600 E MAIN ST,WAXAHACHIE,TX,75165-4421,238220,Corporation,253800,253800,Paid in Full,17,253800,,255211.55,InterBank,1218240,"6017717010 (PPP, 04/06/2020): 253,800.00 / 2.5 x 12",yes,20261007T195554Z,20261007T195554Z
9514898302,biz-089,second draw,PPS,01/30/2021,INFINITY PLUMBING INC.,1600 E Main St Ste 100,Waxahachie,TX,75165-4431,238220,Corporation,253800,253800,Paid in Full,18,253797,,254710.9,InterBank,1218240,"9514898302 (PPS, 01/30/2021): 253,800.00 / 2.5 x 12",yes,20261007T195554Z,20261007T195554Z
6021067008,biz-090,first draw,PPP,04/06/2020,"GRAF PLUMBING, INC.",5961 LA COSTA DR,CORPUS CHRISTI,TX,78414-2407,238220,Subchapter S Corporation,291400,291400,Paid in Full,22,291400,,293108.48,Frost Bank,1398720,"6021067008 (PPP, 04/06/2020): 291,400.00 / 2.5 x 12",yes,20261007T195554Z,20261007T195554Z
6096697003,biz-091,first draw,PPP,04/06/2020,"WOOD AIR CONDITIONING, INC.",1164 EAST US HIGHWAY 67,MOUNT PLEASANT,TX,75455-2204,238220,Corporation,515900,515900,Paid in Full,45,515900,,518892.48,Pilgrim Bank,2476320,"6096697003 (PPP, 04/06/2020): 515,900.00 / 2.5 x 12",yes,20261007T195554Z,20261007T195554Z
6115747001,biz-092,first draw,PPP,04/06/2020,"WELLBORN MECHANICAL SERVICES, INC.",2403 S. EASTMAN RD,LONGVIEW,TX,75602-4511,238220,Corporation,329705,329705,Paid in Full,37,329705,,331680.7,Texas Bank and Trust Company,1582584,"6115747001 (PPP, 04/06/2020): 329,705.00 / 2.5 x 12",yes,20261007T195554Z,20261007T195554Z
6125037004,biz-093,first draw,PPP,04/06/2020,"PLAINS PLUMBING CO., LLC.",1301 SW 7TH AVE,AMARILLO,TX,79101-2007,238220,Limited  Liability Company(LLC),488100,488100,Paid in Full,39,488100,,491977.68,Amarillo National Bank,unknown,business type 'Limited  Liability Company(LLC)' may use owner income/SE basis,yes,20261007T195554Z,20261007T195554Z
6125517006,biz-094,first draw,PPP,04/06/2020,"LOGICAL SOLUTIONS, INC.",407 International Parkway 406,RICHARDSON,TX,75081-2854,238220,Corporation,993800,993800,Paid in Full,67,800000,,999321.11,Texas Security Bank,4770240,"6125517006 (PPP, 04/06/2020): 993,800.00 / 2.5 x 12",yes,20261007T195554Z,20261007T195554Z
6127317009,biz-095,first draw,PPP,04/06/2020,"MECHANICAL PARTNERS, INC.",10217 PLANO RD,DALLAS,TX,75238-1702,238220,Subchapter S Corporation,1999777.5,1999777.5,Paid in Full,218,1999777.5,,2018898.66,Inwood National Bank,9598932,"6127317009 (PPP, 04/06/2020): 1,999,777.50 / 2.5 x 12",yes,20261007T195554Z,20261007T195554Z
6127557000,biz-096,first draw,PPP,04/06/2020,"MACKEY MECHANICAL SERVICES CO, INC.",5252 FM 517 RD E,DICKINSON,TX,77539-5921,238220,Corporation,177600,177600,Paid in Full,14,170166.5,,179395.73,Texas First Bank,852480,"6127557000 (PPP, 04/06/2020): 177,600.00 / 2.5 x 12",yes,20261007T195554Z,20261007T195554Z
6131937010,biz-097,first draw,PPP,04/06/2020,PJC AIR CONDITIONING AND PLUMBING,204 WOODHEW DR,WOODWAY,TX,76712-6529,238220,Limited  Liability Company(LLC),1178500,1178500,Paid in Full,204,883875,,1185732.44,First National Bank of Central Texas,unknown,business type 'Limited  Liability Company(LLC)' may use owner income/SE basis,yes,20261007T195554Z,20261007T195554Z
6172497005,biz-098,first draw,PPP,04/06/2020,LSC CONTRACTING,1725 COX LN,SAN ANGELO,TX,76903-8111,238220,Limited  Liability Company(LLC),231400,231400,Paid in Full,24,173550,,234099.67,First Financial Bank,unknown,business type 'Limited  Liability Company(LLC)' may use owner income/SE basis,yes,20261007T195554Z,20261007T195554Z
6188637004,biz-099,first draw,PPP,04/06/2020,"EXTREME COMFORT AIR CONDITIONING & HEATING, LLC",15946 MIDWAY RD,ADDISON,TX,75001-4261,238220,Limited  Liability Company(LLC),189550,189550,Paid in Full,29,189550,,190752.68,Texas Bank and Trust Company,unknown,business type 'Limited  Liability Company(LLC)' may use owner income/SE basis,yes,20261007T195554Z,20261007T195554Z
7902138300,biz-099,second draw,PPS,01/28/2021,EXTREME COMFORT AIR CONDITIONING & HEATING LLC,15946 Midway Rd,Addison,TX,75001-4261,238220,Limited  Liability Company(LLC),215840,215840,Paid in Full,28,215838,,216981.29,Texas Bank and Trust Company,unknown,business type 'Limited  Liability Company(LLC)' may use owner income/SE basis,yes,20261007T195554Z,20261007T195554Z
6234337010,biz-100,first draw,PPP,04/06/2020,STONEBRIDGE HEATING AND AIR CONDITION,4202 REPUBLIC DR,TYLER,TX,75701-8420,238220,Corporation,171600,171600,Paid in Full,18,171600,,173344.6,"VeraBank, National Association",823680,"6234337010 (PPP, 04/06/2020): 171,600.00 / 2.5 x 12",yes,20261007T195554Z,20261007T195554Z
4691658701,biz-1000,second draw,PPS,04/01/2021,THE SHIPMAN FIRE GROUP INC.,15675 FM 548,Forney,TX,75126-6216,238220,Subchapter S Corporation,305312,305312,Paid in Full,21,305312,,306874.52,"JPMorgan Chase Bank, National Association",1465498,"4691658701 (PPS, 04/01/2021): 305,312.00 / 2.5 x 12",yes,20261007T195554Z,20261007T195554Z
5701388702,biz-1001,second draw,PPS,04/02/2021,SHIPMAN FIRE PROTECTION LLC,1020 La Jolla Pointe Dr,Rockwall,TX,75087-6763,238220,Limited  Liability Company(LLC),428207,428207,Paid in Full,56,428207,,430363.5,"JPMorgan Chase Bank, National Association",unknown,business type 'Limited  Liability Company(LLC)' may use owner income/SE basis,yes,20261007T195554Z,20261007T195554Z
5885058701,biz-1002,first draw,PPP,04/03/2021,"S L TURNER, INC",1501 Mariposa Dr,Mesquite,TX,75150-5609,238220,Corporation,150171,150171,Paid in Full,7,150166,,151553.4,The American National Bank of Texas,unknown,implied pay per reported job reaches $100K cap,yes,20261007T195554Z,20261007T195554Z
6165228700,biz-1003,second draw,PPS,04/03/2021,THEODORE GARZA,17815 E. Strack Dt.,SPRING,TX,77379,238220,Sole Proprietorship,150000,150000,Paid in Full,11,149998,,151057.58,"JPMorgan Chase Bank, National Association",unknown,business type 'Sole Proprietorship' may use owner income/SE basis,yes,20261007T195554Z,20261007T195554Z
8622838701,biz-1004,second draw,PPS,04/07/2021,AIR BALANCING COMPANY INC,4607 Forest Hill Cir,Forest Hill,TX,76140-1403,238220,Corporation,317381,317381,Paid in Full,20,317378,,319546.15,Simmons Bank,1523429,"8622838701 (PPS, 04/07/2021): 317,381.00 / 2.5 x 12",yes,20261007T195554Z,20261007T195554Z
9691358708,biz-1005,second draw,PPS,04/09/2021,DREAM TEAM LLC,18820 Carrot St,Spring,TX,77379-4943,238220,Limited  Liability Company(LLC),379917.75,379917.75,Paid in Full,40,379917.75,,382102.28,Stellar Bank,unknown,business type 'Limited  Liability Company(LLC)' may use owner income/SE basis,yes,20261007T195554Z,20261007T195554Z
9858508708,biz-1006,second draw,PPS,04/09/2021,TRADITION PLUMBING LLC,14090 Farm to Market 2920 G533,Tomball,TX,77375,238220,Limited  Liability Company(LLC),224619,224619,Paid in Full,27,224616,,228785.22,Customers Bank,unknown,business type 'Limited  Liability Company(LLC)' may use owner income/SE basis,yes,20261007T195554Z,20261007T195554Z
2135718804,biz-1007,second draw,PPS,04/11/2021,BREEZE MECHANICAL LLC,7600 Pebble Dr,Fort Worth,TX,76118-6994,238220,Limited  Liability Company(LLC),265794,265794,Paid in Full,19,265791,,269624.35,Cross River Bank,unknown,business type 'Limited  Liability Company(LLC)' may use owner income/SE basis,yes,20261007T195554Z,20261007T195554Z
2710998804,biz-1008,second draw,PPS,04/13/2021,DENNIS LEATHERWOOD,1900 Lubbock Hwy,Lamesa,TX,79331-3333,238220,Sole Proprietorship,153725,153725,Paid in Full,14,153723,,156325.51,The Lamesa National Bank,unknown,business type 'Sole Proprietorship' may use owner income/SE basis,yes,20261007T195554Z,20261007T195554Z
3040958808,biz-1009,second draw,PPS,04/13/2021,CAPITAL INDUSTRIES LLC,505 Cypress Creek Rd Ste K,Cedar Park,TX,78613-4429,238220,Limited  Liability Company(LLC),700000,700000,Paid in Full,56,699996,,705444.44,First Source Federal Credit Union,unknown,business type 'Limited  Liability Company(LLC)' may use owner income/SE basis,yes,20261007T195554Z,20261007T195554Z
6253977009,biz-101,first draw,PPP,04/06/2020,DAVIS AIR CONDITIONING & HEATING INC,1421 SOUTH FRONT ST,ANGLETON,TX,77515-9661,238220,Corporation,674800,674800,Paid in Full,64,506100,,678589.97,First State Bank,3239040,"6253977009 (PPP, 04/06/2020): 674,800.00 / 2.5 x 12",yes,20261007T195554Z,20261007T195554Z
4251918801,biz-1010,second draw,PPS,04/16/2021,FOX INDUSTRIES LLC,4300 S Congress Ave Ste 101,Austin,TX,78745-1106,238220,Limited  Liability Company(LLC),1643249,1643249,Paid in Full,78,1643247,,1653963.88,"Community Bank & Trust, Waco, Texas",unknown,business type 'Limited  Liability Company(LLC)' may use owner income/SE basis; implied pay per reported job reaches $100K cap,yes,20261007T195554Z,20261007T195554Z
5492888800,biz-1011,second draw,PPS,04/17/2021,E & M PLUMBING LTD.,11610 Sendera Ln,Richmond,TX,77407-7912,238220,Partnership,294800,294800,Paid in Full,22,294798,,297657.92,International Bank of Commerce,unknown,business type 'Partnership' may use owner income/SE basis,yes,20261007T195554Z,20261007T195554Z
8340938807,biz-1012,second draw,PPS,04/22/2021,CENTRIC MECHANICAL SERVICES LLC,2120 Hutton Dr,Carrollton,TX,75006-6861,238220,Corporation,177769.4,177769.4,Paid in Full,12,177767.4,,178317.52,First National Bank and Trust Company of Weatherford d/b/a First Bank Texas,853293,"8340938807 (PPS, 04/22/2021): 177,769.40 / 2.5 x 12",yes,20261007T195554Z,20261007T195554Z
9348148805,biz-1013,second draw,PPS,04/23/2021,AIRTEAM LTD.,6119 Westview Dr,Houston,TX,77055-5421,238220,Partnership,632606,632606,Paid in Full,56,632602,,640496,First Source Federal Credit Union,unknown,business type 'Partnership' may use owner income/SE basis,yes,20261007T195554Z,20261007T195554Z
1626469002,biz-1014,first draw,PPP,05/13/2021,COVENTRY & GATTIS A/C INC.,219 N Dooley St,Grapevine,TX,76051-6247,238220,Corporation,186040.52,186040.52,Paid in Full,14,186036.52,,186830.56,Southwestern National Bank,892994,"1626469002 (PPP, 05/13/2021): 186,040.52 / 2.5 x 12",yes,20261007T195554Z,20261007T195554Z
3660949007,biz-1015,first draw,PPP,05/19/2021,LONE STAR MECHANICAL,3435 FM 1960 Rd E,Humble,TX,77338-5319,238220,Limited  Liability Company(LLC),232225,232225,Paid in Full,18,232225,,234095.52,PeopleFund,unknown,business type 'Limited  Liability Company(LLC)' may use owner income/SE basis,yes,20261007T195554Z,20261007T195554Z
6274347007,biz-102,first draw,PPP,04/06/2020,PEREGRINO ENTERPRISES LLC,4000 ACTON HWY,GRANBURY,TX,76049-6120,238220,Corporation,462000,462000,Paid in Full,38,346500,,466055.33,First Financial Bank,2217600,"6274347007 (PPP, 04/06/2020): 462,000.00 / 2.5 x 12",yes,20261007T195554Z,20261007T195554Z
6298187001,biz-103,first draw,PPP,04/06/2020,"24/7 PLUMBING SERVICES, L.L.C.",5316 3RD ST,KATY,TX,77493-2513,238220,Limited  Liability Company(LLC),199450,199450,Paid in Full,19,199450,,200674.02,Berkshire Bank,unknown,business type 'Limited  Liability Company(LLC)' may use owner income/SE basis,yes,20261007T195554Z,20261007T195554Z
4131668804,biz-104,second draw,PPS,04/15/2021,EAST TEXAS REFRIGERATION CO INC,4700 Old Troup Hwy,Tyler,TX,75707-1426,238220,Subchapter S Corporation,500000,500000,Paid in Full,84,499996,,503589.04,Texas Bank and Trust Company,2400000,"4131668804 (PPS, 04/15/2021): 500,000.00 / 2.5 x 12",yes,20261007T195554Z,20261007T195554Z
6369587001,biz-104,first draw,PPP,04/06/2020,"EAST TEXAS REFRIGERATION COMPANY, INC.",4700 OLD TROUP HWY,TYLER,TX,75707-1426,238220,Subchapter S Corporation,672673.5,672673.5,Paid in Full,75,672673.5,,677305.66,Texas Bank and Trust Company,3228833,"6369587001 (PPP, 04/06/2020): 672,673.50 / 2.5 x 12",yes,20261007T195554Z,20261007T195554Z
6375067005,biz-105,first draw,PPP,04/06/2020,T&B BOILER INC,816 VINSON LN,RED OAK,TX,75154-7032,238220,Corporation,231000,231000,Paid in Full,21,231000,,233630.83,First National Bank and Trust Company of Weatherford d/b/a First Bank Texas,1108800,"6375067005 (PPP, 04/06/2020): 231,000.00 / 2.5 x 12",yes,20261007T195554Z,20261007T195554Z
6379157005,biz-106,first draw,PPP,04/06/2020,"C & S AIR, INC.",2214 FM 1187 BUILDING 8,MANSFIELD,TX,76063,238220,Corporation,382830,382830,Paid in Full,22,382830,,386563.9,Susser Bank,1837584,"6379157005 (PPP, 04/06/2020): 382,830.00 / 2.5 x 12",yes,20261007T195554Z,20261007T195554Z
6437457000,biz-107,first draw,PPP,04/06/2020,DALLAS PLUMBING COMPANY,11055 PLANO RD,DALLAS,TX,75238-1323,238220,Corporation,878587.5,878587.5,Paid in Full,74,878587.5,,886410.54,Inwood National Bank,4217220,"6437457000 (PPP, 04/06/2020): 878,587.50 / 2.5 x 12",yes,20261007T195554Z,20261007T195554Z
6448437000,biz-108,first draw,PPP,04/06/2020,"RESCUE HEATING AND AIR, LLC",2646 FM 3376,ALICE,TX,78332-0001,238220,Limited  Liability Company(LLC),155112,155112,Paid in Full,17,124090,,157007.81,First State Bank of San Diego,unknown,business type 'Limited  Liability Company(LLC)' may use owner income/SE basis,yes,20261007T195554Z,20261007T195554Z
6454157006,biz-109,first draw,PPP,04/06/2020,PAUL SWOYER SEPTICS LLC,23011 FM 306,CANYON LAKE,TX,78133,238220,Limited  Liability Company(LLC),530000,530000,Paid in Full,34,397500,,533709.45,Security State Bank & Trust,unknown,business type 'Limited  Liability Company(LLC)' may use owner income/SE basis,yes,20261007T195554Z,20261007T195554Z
6454987008,biz-110,first draw,PPP,04/06/2020,"MIKE STAAS SEVICES, INC.",4914 FORT AVE,WACO,TX,76710-5959,238220,Subchapter S Corporation,493400,493400,Paid in Full,44,493400,,498224.36,"American Bank, National Association",2368320,"6454987008 (PPP, 04/06/2020): 493,400.00 / 2.5 x 12",yes,20261007T195554Z,20261007T195554Z
6475887001,biz-111,first draw,PPP,04/07/2020,BURTON'S MECHANICAL INC.,2305 FORT WORTH ST,GRAND PRAIRIE,TX,75050-4913,238220,Subchapter S Corporation,292500,292500,Paid in Full,27,292500,,295176.58,Frost Bank,1404000,"6475887001 (PPP, 04/07/2020): 292,500.00 / 2.5 x 12",yes,20261007T195554Z,20261007T195554Z
6485097004,biz-112,first draw,PPP,04/07/2020,"GOODWIN PLUMBING SERVICE, INC.",212 S 22ND ST,WACO,TX,76701-1615,238220,Subchapter S Corporation,205325,205325,Paid in Full,21,205325,,206821.34,"Community Bank & Trust, Waco, Texas",985560,"6485097004 (PPP, 04/07/2020): 205,325.00 / 2.5 x 12",yes,20261007T195554Z,20261007T195554Z
6488747004,biz-113,first draw,PPP,04/07/2020,AECSI CORPORATION,19525 WIED RD STE 510,SPRING,TX,77388-4482,238220,Corporation,324200,324200,Paid in Full,24,307254,,328045.37,Texas First Bank,1556160,"6488747004 (PPP, 04/07/2020): 324,200.00 / 2.5 x 12",yes,20261007T195554Z,20261007T195554Z
6546007004,biz-114,first draw,PPP,04/07/2020,"JAMES LANE AIR CONDITIONING COMPANY, INC",5024 OLD JACKSBORO HWY,WICHITA FALLS,TX,76302-1400,238220,Subchapter S Corporation,865300,865300,Paid in Full,61,865300,,876356.61,Prosperity Bank,4153440,"6546007004 (PPP, 04/07/2020): 865,300.00 / 2.5 x 12",yes,20261007T195554Z,20261007T195554Z
6554847009,biz-115,first draw,PPP,04/07/2020,CURLY'S PLUMBING AND BIG BLADE SEWER SERVICE,2204 COUNTY ROAD 1123,GODLEY,TX,76044-4372,238220,Subchapter S Corporation,229819,229819,Paid in Full,18,172364.25,,231644.78,First Financial Bank,1103131,"6554847009 (PPP, 04/07/2020): 229,819.00 / 2.5 x 12",yes,20261007T195554Z,20261007T195554Z
6567627001,biz-116,first draw,PPP,04/07/2020,MILES SERVICE CORP,2915 PRESTON AVE,PASADENA,TX,77503-3823,238220,Corporation,230000,230000,Paid in Full,16,230000,,231373.61,"LendingClub Bank, National Association",1104000,"6567627001 (PPP, 04/07/2020): 230,000.00 / 2.5 x 12",yes,20261007T195554Z,20261007T195554Z
6692948401,biz-116,second draw,PPS,02/10/2021,MILES SERVICE CORP,2915 Preston Ave,Pasadena,TX,77503-3823,238220,Corporation,233947,233947,Paid in Full,17,233947,,235168.72,"LendingClub Bank, National Association",1122946,"6692948401 (PPS, 02/10/2021): 233,947.00 / 2.5 x 12",yes,20261007T195554Z,20261007T195554Z
6590507009,biz-117,first draw,PPP,04/07/2020,INFINITY CONTRACTORS INTERNATIONAL LTD,2563 ELOOP 820,FORT WORTH,TX,76118-6996,238220,Limited Liability Partnership,739100,739100,Paid in Full,45,739100,,743716.84,Frost Bank,unknown,business type 'Limited Liability Partnership' may use owner income/SE basis,yes,20261007T195554Z,20261007T195554Z
6595817007,biz-118,first draw,PPP,04/07/2020,"RADIANT PLUMBING SERVICE, INCORPORATED",901 REINLI ST,AUSTIN,TX,78751-1503,238220,Corporation,1103300,1103300,Paid in Full,120,1103300,,1109822.46,Frost Bank,5295840,"6595817007 (PPP, 04/07/2020): 1,103,300.00 / 2.5 x 12",yes,20261007T195554Z,20261007T195554Z
3571278401,biz-119,second draw,PPS,02/05/2021,"PRECISION COMMERCIAL PLUMBING CO., INC.",1711 Dalshank St,Pflugerville,TX,78660-6501,238220,Corporation,494907,494907,Paid in Full,48,494902,,497519.01,Broadway National Bank,2375554,"3571278401 (PPS, 02/05/2021): 494,907.00 / 2.5 x 12",yes,20261007T195554Z,20261007T195554Z
6619617001,biz-119,first draw,PPP,04/07/2020,"PRECISION COMMERCIAL PLUMBING CO., INC.",1711 DALSHANK ST,PFLUGERVILLE,TX,78660-6501,238220,Corporation,660700,660700,Paid in Full,62,660700,,665838.78,Broadway National Bank,3171360,"6619617001 (PPP, 04/07/2020): 660,700.00 / 2.5 x 12",yes,20261007T195554Z,20261007T195554Z
6631377004,biz-120,first draw,PPP,04/07/2020,"SCHNEIDER'S REFRIGERATION & APPLIANCE SERVICES, INC.",684 FM 2093,FREDERICKSBURG,TX,78624-7954,238220,Subchapter S Corporation,232200,232200,Paid in Full,24,232200,,233650.45,Centennial Bank,1114560,"6631377004 (PPP, 04/07/2020): 232,200.00 / 2.5 x 12",yes,20261007T195554Z,20261007T195554Z
6660237007,biz-121,first draw,PPP,04/07/2020,"COMMERCIAL DUCT SYSTEMS, L.L.C.",PO BOX 1859,NEW WAVERLY,TX,77358-1859,238220,Limited  Liability Company(LLC),240546,240546,Paid in Full,26,180409.5,,243065.05,First Financial Bank,unknown,business type 'Limited  Liability Company(LLC)' may use owner income/SE basis,yes,20261007T195554Z,20261007T195554Z
6668727006,biz-122,first draw,PPP,04/07/2020,"A SQUARED PLUMBING, LLC",3021 MARQUITA DR,FORT WORTH,TX,76116-4017,238220,Limited  Liability Company(LLC),231600,231600,Paid in Full,23,231600,,232944.57,Amarillo National Bank,unknown,business type 'Limited  Liability Company(LLC)' may use owner income/SE basis,yes,20261007T195554Z,20261007T195554Z
8909148300,biz-122,second draw,PPS,01/30/2021,A SQUARED PLUMBING LLC,3021 Marquita Dr,Ft Worth,TX,76116-4017,238220,Limited  Liability Company(LLC),258174.35,258174.35,Paid in Full,22,258171.35,,259285.93,Amarillo National Bank,unknown,business type 'Limited  Liability Company(LLC)' may use owner income/SE basis,yes,20261007T195554Z,20261007T195554Z
6673827006,biz-123,first draw,PPP,04/07/2020,"THE AC HERO, LLC","7305 Boulevard 26, Suite 208",NORTH RICHLAND HILLS,TX,76180,238220,Limited  Liability Company(LLC),361800,361800,Paid in Full,28,271350,,365992.92,Celtic Bank Corporation,unknown,business type 'Limited  Liability Company(LLC)' may use owner income/SE basis,yes,20261007T195554Z,20261007T195554Z
7593818603,biz-123,second draw,PPS,03/24/2021,THE AC HERO LLC,7305 Boulevard 26 Ste 208,North Richland Hills,TX,76180-8623,238220,Limited  Liability Company(LLC),361800,361800,Paid in Full,35,361795,,365517.12,Celtic Bank Corporation,unknown,business type 'Limited  Liability Company(LLC)' may use owner income/SE basis,yes,20261007T195554Z,20261007T195554Z
6703347006,biz-124,first draw,PPP,04/07/2020,SCOTTCO MECHANICAL CONTRACTORS INC,4121 SW 50TH AVE,AMARILLO,TX,79109-6127,238220,Corporation,1038000,1038000,Paid in Full,76,1038000,,1043968.5,Amarillo National Bank,4982400,"6703347006 (PPP, 04/07/2020): 1,038,000.00 / 2.5 x 12",yes,20261007T195554Z,20261007T195554Z
9130548303,biz-124,second draw,PPS,01/30/2021,SCOTTCO MECHANICAL CONTRACTORS,4121 SW 50th Ave,Amarillo,TX,79109-6127,238220,Corporation,888101.75,888101.75,Paid in Full,88,888097.75,,891185.44,Amarillo National Bank,4262888,"9130548303 (PPS, 01/30/2021): 888,101.75 / 2.5 x 12",yes,20261007T195554Z,20261007T195554Z
6706547002,biz-125,first draw,PPP,04/07/2020,PITHER PLUMBING COMPANY INC,310 METHVIN ST,LONGVIEW,TX,75601-6311,238220,Cooperative,207045,207045,Paid in Full,23,207045,,208413.13,Texas National Bank of Jacksonville,unknown,business type 'Cooperative' may use owner income/SE basis,yes,20261007T195554Z,20261007T195554Z
6731407008,biz-126,first draw,PPP,04/07/2020,AW CRISP FIRE SPRINKLER INC,5201 Saunders Rd,FORT WORTH,TX,76119-6471,238220,Corporation,521400,521400,Paid in Full,40,507087,,528685.12,Simmons Bank,2502720,"6731407008 (PPP, 04/07/2020): 521,400.00 / 2.5 x 12",yes,20261007T195554Z,20261007T195554Z
6751237002,biz-127,first draw,PPP,04/07/2020,CENTURY MECHANICAL CONTRACTORS INC,3008 WICHITA CT,FORT WORTH,TX,76140-1710,238220,Corporation,1449300,1449300,Paid in Full,138,1449300,,1458559.42,"BOKF, National Association",6956640,"6751237002 (PPP, 04/07/2020): 1,449,300.00 / 2.5 x 12",yes,20261007T195554Z,20261007T195554Z
6774867006,biz-128,first draw,PPP,04/07/2020,DOUBLE L PLUMBING LLC,PO Box 1249,AZLE,TX,76098-1249,238220,Corporation,157000,157000,Paid in Full,15,157000,,157933.28,Pinnacle Bank,753600,"6774867006 (PPP, 04/07/2020): 157,000.00 / 2.5 x 12",yes,20261007T195554Z,20261007T195554Z
6774897004,biz-129,first draw,PPP,04/07/2020,JEFF'S WESTSIDE PLUMBING LLC,4040 DONIPHAN DR,EL PASO,TX,79922-1331,238220,Limited  Liability Company(LLC),177100,177100,Paid in Full,18,177100,,178802.13,WestStar Bank,unknown,business type 'Limited  Liability Company(LLC)' may use owner income/SE basis,yes,20261007T195554Z,20261007T195554Z
6791967003,biz-130,first draw,PPP,04/07/2020,"CARY SERVICES, INC",902 PETROLEUM DR,ABILENE,TX,79602-7967,238220,Corporation,490631.36,490631.36,Paid in Full,35,367973.52,,493466.12,First Financial Bank,2355031,"6791967003 (PPP, 04/07/2020): 490,631.36 / 2.5 x 12",yes,20261007T195554Z,20261007T195554Z
6852337007,biz-131,first draw,PPP,04/07/2020,"RSMS MECHANICAL SERVICES, LLC",9094 ELK RD,AXTELL,TX,76624-1539,238220,Limited  Liability Company(LLC),257200,257200,Paid in Full,25,192900,,259039.16,First National Bank of Central Texas,unknown,business type 'Limited  Liability Company(LLC)' may use owner income/SE basis,yes,20261007T195554Z,20261007T195554Z
6900817004,biz-132,first draw,PPP,04/07/2020,"STRICKLAND PLUMBING & HVAC, INC.",1510 ATKINSON DR,LUFKIN,TX,75901-3166,238220,Subchapter S Corporation,362600,362600,Paid in Full,49,290084,,364779.84,"Commercial Bank of Texas, N.A.",1740480,"6900817004 (PPP, 04/07/2020): 362,600.00 / 2.5 x 12",yes,20261007T195554Z,20261007T195554Z
6907037009,biz-133,first draw,PPP,04/07/2020,"TRINITY AIR CONDITIONING, INC.",1515 ARCHER CITY HWY,WICHITA FALLS,TX,76302-5106,238220,Corporation,279200,279200,Paid in Full,32,279200,,281402.58,Prosperity Bank,1340160,"6907037009 (PPP, 04/07/2020): 279,200.00 / 2.5 x 12",yes,20261007T195554Z,20261007T195554Z
6908247004,biz-134,first draw,PPP,04/07/2020,"ACCURATE AIR SOLUTIONS, LLC",201 ALEX WAY,ABILENE,TX,79602-1191,238220,Limited  Liability Company(LLC),223300,223300,Paid in Full,45,223300,,224652.21,"Citizens Bank, National Association",unknown,business type 'Limited  Liability Company(LLC)' may use owner income/SE basis,yes,20261007T195554Z,20261007T195554Z
6924637003,biz-135,first draw,PPP,04/07/2020,"CTA HVAC, LLC",133 N. FRIENDSWOOD DR,FRIENDSWOOD,TX,77546-3746,238220,Limited  Liability Company(LLC),162700,162700,Paid in Full,14,162700,,164563.25,Frost Bank,unknown,business type 'Limited  Liability Company(LLC)' may use owner income/SE basis,yes,20261007T195554Z,20261007T195554Z
6928737006,biz-136,first draw,PPP,04/07/2020,"AIR-TECH BRAZOS VALLEY AC & HEATING SERVICE, INC",4889 ELMO WEEDON RD,COLLEGE STATION,TX,77845-3023,238220,Corporation,167700,167700,Paid in Full,16,125775,,168771.42,First Financial Bank,804960,"6928737006 (PPP, 04/07/2020): 167,700.00 / 2.5 x 12",yes,20261007T195554Z,20261007T195554Z
6929057005,biz-137,first draw,PPP,04/07/2020,"DIVERSIFIED PLUMBING SERVICES, LLC",3160 Rockwell Ln,FORT WORTH,TX,76179-5334,238220,Limited  Liability Company(LLC),201000,201000,Paid in Full,16,201000,,202206,First National Bank Texas,unknown,business type 'Limited  Liability Company(LLC)' may use owner income/SE basis,yes,20261007T195554Z,20261007T195554Z
6976987005,biz-138,first draw,PPP,04/07/2020,"KINGS AIRE, INC.",1035 KESSLER DR,EL PASO,TX,79907-1840,238220,Corporation,305000,305000,Paid in Full,34,305000,,307473.89,WestStar Bank,1464000,"6976987005 (PPP, 04/07/2020): 305,000.00 / 2.5 x 12",yes,20261007T195554Z,20261007T195554Z
6981347006,biz-139,first draw,PPP,04/07/2020,"GORMAN MECHANICAL, INC.",1624 SOUTHEAST PKWY,AZLE,TX,76020-3923,238220,Corporation,260235.3,260235.3,Paid in Full,26,260235.3,,264242.21,EECU,1249129,"6981347006 (PPP, 04/07/2020): 260,235.30 / 2.5 x 12",yes,20261007T195554Z,20261007T195554Z
9860168407,biz-139,second draw,PPS,02/18/2021,GORMAN MECHANICAL INC.,1624 Southeast Pkwy,Azle,TX,76020-3923,238220,Corporation,271422,271422,Paid in Full,25,271422,,275378.07,EECU,1302826,"9860168407 (PPS, 02/18/2021): 271,422.00 / 2.5 x 12",yes,20261007T195554Z,20261007T195554Z
6984647008,biz-140,first draw,PPP,04/07/2020,"SMART PLUMBING, INC.",7042 Nela Rd.,CORPUS CHRISTI,TX,78414-5725,238220,Corporation,483045,483045,Paid in Full,54,362283,,490357.76,First Source Federal Credit Union,2318616,"6984647008 (PPP, 04/07/2020): 483,045.00 / 2.5 x 12",yes,20261007T195554Z,20261007T195554Z
1436458307,biz-141,second draw,PPS,01/17/2021,SNB MECHANICAL CONTRACTORS INC,104 Galveston St,Wichita Falls,TX,76301-5315,238220,Corporation,263300,263300,Paid in Full,25,263299,,264806.66,First Bank,1263840,"1436458307 (PPS, 01/17/2021): 263,300.00 / 2.5 x 12",yes,20261007T195554Z,20261007T195554Z
7005797009,biz-141,first draw,PPP,04/07/2020,"SNB MECHANICAL CONTRACTORS, INC",104 GALVESTON ST,WICHITA FALLS,TX,76301-5315,238220,Corporation,263300,263300,Paid in Full,25,263300,,264777.41,First Bank,1263840,"7005797009 (PPP, 04/07/2020): 263,300.00 / 2.5 x 12",yes,20261007T195554Z,20261007T195554Z
7021997010,biz-142,first draw,PPP,04/07/2020,JD PRECISION PLUMBING SERVICES,15487 PIN OAK DR,CONROE,TX,77384-3549,238220,Corporation,353242,353242,Paid in Full,33,264931.5,,355625.37,First Financial Bank,1695562,"7021997010 (PPP, 04/07/2020): 353,242.00 / 2.5 x 12",yes,20261007T195554Z,20261007T195554Z
7047397005,biz-143,first draw,PPP,04/07/2020,"GULF COAST BOILER, LLC",14149 INTERDRIVE WEST,HOUSTON,TX,77032-3326,238220,Limited  Liability Company(LLC),824400,824000,Paid in Full,47,824000,,830729.33,Cadence Bank,unknown,business type 'Limited  Liability Company(LLC)' may use owner income/SE basis; current amount differs from initial approval,yes,20261007T195554Z,20261007T195554Z
7096037009,biz-144,first draw,PPP,04/07/2020,SHELTON PLUMBING INC,11339 CEDAR ROCK PARKWAY,CRAWFORD,TX,76638-3432,238220,Corporation,278700,278700,Paid in Full,32,278700,,282137.3,Independent Bank d/b/a Independent Financial,1337760,"7096037009 (PPP, 04/07/2020): 278,700.00 / 2.5 x 12",yes,20261007T195554Z,20261007T195554Z
7116037007,biz-145,first draw,PPP,04/07/2020,AIR SOLUTIONS INC,4748 MAIN AVE,GROVES,TX,77619-4716,238220,Corporation,171800,171800,Paid in Full,30,171800,,172894.31,Third Coast Bank,824640,"7116037007 (PPP, 04/07/2020): 171,800.00 / 2.5 x 12",yes,20261007T195554Z,20261007T195554Z
7175917000,biz-146,first draw,PPP,04/07/2020,STATE A/C INC.,5515 TAYLORS VALLEY RD,TEMPLE,TX,76502-8758,238220,Corporation,253200,253200,Paid in Full,24,253200,,255436.6,"VeraBank, National Association",1215360,"7175917000 (PPP, 04/07/2020): 253,200.00 / 2.5 x 12",yes,20261007T195554Z,20261007T195554Z
4309518803,biz-147,second draw,PPS,04/16/2021,LOCHRIDGE-PRIEST INC.,2901 E Industrial Blvd,Waco,TX,76705-2453,238220,Corporation,2000000,2000000,Paid in Full,230,1999998,,2011726.03,"Community Bank & Trust, Waco, Texas",unknown,at program cap,yes,20261007T195554Z,20261007T195554Z
7176677002,biz-147,first draw,PPP,04/07/2020,"LOCHRIDGE-PRIEST, INC.",2901 E INDUSTRIAL BLVD,WACO,TX,76705-1899,238220,Corporation,4924079.15,4924079.15,Paid in Full,395,4924079.15,,4983572.82,"Community Bank & Trust, Waco, Texas",23635580,"7176677002 (PPP, 04/07/2020): 4,924,079.15 / 2.5 x 12",yes,20261007T195554Z,20261007T195554Z
7181937002,biz-148,first draw,PPP,04/07/2020,DAVID CANNELL SERVICES INC.,1006 EAST JACKSON ST,EL CAMPO,TX,77437-4639,238220,Corporation,174127,174127,Paid in Full,15,174127,,175500.93,NewFirst National Bank,835810,"7181937002 (PPP, 04/07/2020): 174,127.00 / 2.5 x 12",yes,20261007T195554Z,20261007T195554Z
7192427008,biz-149,first draw,PPP,04/07/2020,"SSP INDUSTRIES, L.P.",2749 Chaparral Road,KILLEEN,TX,76542-5516,238220,Partnership,1125060,1125060,Paid in Full,107,843794,,1131810.36,Extraco Banks National Association,unknown,business type 'Partnership' may use owner income/SE basis,yes,20261007T195554Z,20261007T195554Z
7222207003,biz-150,first draw,PPP,04/07/2020,"LEON'S ELECTRIC AND PLUMBING, INC.",719 Upton Ave,SCHULENBURG,TX,78956-1565,238220,Corporation,951487.5,951487.5,Paid in Full,79,951487.5,,956753.27,"Fayette Savings Bank, ssb",4567140,"7222207003 (PPP, 04/07/2020): 951,487.50 / 2.5 x 12",yes,20261007T195554Z,20261007T195554Z
7227707010,biz-151,first draw,PPP,04/07/2020,"AIRCO, LTD",1516 CENTRAL PARK DR,HURST,TX,76053-7402,238220,Partnership,1036110,1036110,Paid in Full,84,1036110,,1042556.91,Southside Bank,unknown,business type 'Partnership' may use owner income/SE basis,yes,20261007T195554Z,20261007T195554Z
7249487006,biz-152,first draw,PPP,04/07/2020,"TEMPO, INC.",911 MARYLAND DR,IRVING,TX,75061-5748,238220,Employee Stock Ownership Plan(ESOP),3172600,3172600,Paid in Full,216,3172600,,3209193.55,Frost Bank,unknown,business type 'Employee Stock Ownership Plan(ESOP)' may use owner income/SE basis,yes,20261007T195554Z,20261007T195554Z
7256307007,biz-153,first draw,PPP,04/07/2020,A.J. MONIER SERVICES CO,1446 N FLORES ST,SAN ANTONIO,TX,78212-4928,238220,Corporation,1130000,1130000,Paid in Full,52,1130000,,1137677.81,Frost Bank,unknown,implied pay per reported job reaches $100K cap,yes,20261007T195554Z,20261007T195554Z
7265407004,biz-154,first draw,PPP,04/07/2020,"SUMMIT MECHANICAL, LLC",5200 COUNTY ROAD 31100,SUMNER,TX,75486-5729,238220,Limited  Liability Company(LLC),367500,367500,Paid in Full,19,367500,,369551.88,Lamar National Bank,unknown,business type 'Limited  Liability Company(LLC)' may use owner income/SE basis,yes,20261007T195554Z,20261007T195554Z
7274957007,biz-155,first draw,PPP,04/07/2020,"RICE PLUMBING, INC.",808 S. Washington,BEEVILLE,TX,78102-6425,238220,Corporation,159722,159722,Paid in Full,15,159722,,161214.2,Texas Champion Bank,766666,"7274957007 (PPP, 04/07/2020): 159,722.00 / 2.5 x 12",yes,20261007T195554Z,20261007T195554Z
9043828807,biz-155,second draw,PPS,04/23/2021,RICE PLUMBING INC.,808 S Washington St,Beeville,TX,78102-6425,238220,Corporation,159722,159722,Paid in Full,10,159718,,160487.79,Texas Champion Bank,766666,"9043828807 (PPS, 04/23/2021): 159,722.00 / 2.5 x 12",yes,20261007T195554Z,20261007T195554Z
6814788302,biz-156,second draw,PPS,01/27/2021,GREENHILL AIR INC.,2220 S Burleson Blvd,Burleson,TX,76028-1622,238220,Corporation,184000,184000,Paid in Full,15,184000,,185340.93,Frost Bank,883200,"6814788302 (PPS, 01/27/2021): 184,000.00 / 2.5 x 12",yes,20261007T195554Z,20261007T195554Z
7279257008,biz-156,first draw,PPP,04/07/2020,"GREENHILL AIR, INC.",2220 BURLESON BLVD,BURLESON,TX,76028-1622,238220,Corporation,184000,184000,Paid in Full,15,184000,,185141.04,Frost Bank,883200,"7279257008 (PPP, 04/07/2020): 184,000.00 / 2.5 x 12",yes,20261007T195554Z,20261007T195554Z
7316977001,biz-157,first draw,PPP,04/07/2020,"J. L. PARKER PLUMBING, INC.",3710 SHILOH RD,GARLAND,TX,75041-4016,238220,Corporation,700885,700885,Paid in Full,49,700885,,705743.19,Inwood National Bank,3364248,"7316977001 (PPP, 04/07/2020): 700,885.00 / 2.5 x 12",yes,20261007T195554Z,20261007T195554Z
7329737009,biz-158,first draw,PPP,04/07/2020,3C MECHANICAL TECHNOLOGIES INC.,5774 S UNIVERSITY PARKS DR,WACO,TX,76706-7529,238220,Corporation,168272.05,168272.05,Paid in Full,23,168272.05,,169498.36,"Community Bank & Trust, Waco, Texas",807706,"7329737009 (PPP, 04/07/2020): 168,272.05 / 2.5 x 12",yes,20261007T195554Z,20261007T195554Z
8808838405,biz-158,second draw,PPS,02/14/2021,3C MECHANICAL TECHNOLOGIES INC.,5774 S University Parks Dr,Waco,TX,76706-7529,238220,Corporation,168272.05,168272.05,Paid in Full,22,168270.05,,169300.12,"Community Bank & Trust, Waco, Texas",807706,"8808838405 (PPS, 02/14/2021): 168,272.05 / 2.5 x 12",yes,20261007T195554Z,20261007T195554Z
5110618501,biz-159,second draw,PPS,02/27/2021,GRAY MECHANICAL CONTRACTORS LLC,15534 W Hardy Rd Ste 100,Houston,TX,77060-3634,238220,Limited  Liability Company(LLC),2000000,2000000,Paid in Full,115,2000000,,2015333.33,First Horizon Bank,unknown,business type 'Limited  Liability Company(LLC)' may use owner income/SE basis; at program cap,yes,20261007T195554Z,20261007T195554Z
7333847010,biz-159,first draw,PPP,04/07/2020,"GRAY MECHANICAL CONTRACTORS, LLC",15534 West Hardy Road Suite#100,HOUSTON,TX,77060-3604,238220,Limited  Liability Company(LLC),2213985,2213985,Paid in Full,131,2213985,,1824780.94,First Horizon Bank,unknown,business type 'Limited  Liability Company(LLC)' may use owner income/SE basis,yes,20261007T195554Z,20261007T195554Z
7348247010,biz-160,first draw,PPP,04/07/2020,PLUMBCO SERVICES INC,PO BOX 173276,ARLINGTON,TX,76003,238220,Corporation,214000,214000,Paid in Full,20,214000,,215248.33,Community National Bank & Trust of Texas,1027200,"7348247010 (PPP, 04/07/2020): 214,000.00 / 2.5 x 12",yes,20261007T195554Z,20261007T195554Z
2018958306,biz-161,second draw,PPS,01/20/2021,TRAYLOR MECHANICAL CORPORATION,2651 Douglas St,Pearland,TX,77581-4701,238220,Corporation,231000,231000,Paid in Full,9,231000,,232212.75,Home Bank National Association,unknown,implied pay per reported job reaches $100K cap,yes,20261007T195554Z,20261007T195554Z
7368797008,biz-161,first draw,PPP,04/07/2020,TRAYLOR MECHANICAL CORPORATION,2651 Douglas St.,Pearland,TX,77581-4701,238220,Corporation,160700,160700,Paid in Full,9,160700,,161682.06,Home Bank National Association,771360,"7368797008 (PPP, 04/07/2020): 160,700.00 / 2.5 x 12",yes,20261007T195554Z,20261007T195554Z
7388307009,biz-162,first draw,PPP,04/07/2020,B4GIBSON MANAGEMENT INC.,5511 Dietrich Road,SAN ANTONIO,TX,78219-2902,238220,Corporation,2163300,2163250,Paid in Full,161,1622425,,2189148.91,Texas Partners Bank,unknown,current amount differs from initial approval,yes,20261007T195554Z,20261007T195554Z
3959898504,biz-163,second draw,PPS,02/24/2021,MOMENTUM MECHANICAL INC.,2504 Gravel Dr,Fort Worth,TX,76118-6903,238220,Subchapter S Corporation,428200,428200,Paid in Full,34,428198,,432599.32,Frost Bank,2055360,"3959898504 (PPS, 02/24/2021): 428,200.00 / 2.5 x 12",yes,20261007T195554Z,20261007T195554Z
7432977009,biz-163,first draw,PPP,04/07/2020,"MOMENTUM MECHANICAL, INC.",2504 GRAVEL DR,FORT WORTH,TX,76118-6903,238220,Subchapter S Corporation,428200,428200,Paid in Full,38,428200,,432716.63,Frost Bank,2055360,"7432977009 (PPP, 04/07/2020): 428,200.00 / 2.5 x 12",yes,20261007T195554Z,20261007T195554Z
7453657006,biz-164,first draw,PPP,04/07/2020,"EFFICIENT AIR CONDITIONING, INC.",10315 Metropolitan Dr. Suite A,AUSTIN,TX,78758-4946,238220,Corporation,901400,901400,Paid in Full,87,901400,,906908.56,PlainsCapital Bank,4326720,"7453657006 (PPP, 04/07/2020): 901,400.00 / 2.5 x 12",yes,20261007T195554Z,20261007T195554Z
7455557004,biz-165,first draw,PPP,04/07/2020,"TRI-COUNTY A/C & HEATING, LLC",510 N AUSTIN ST,SEGUIN,TX,78155-4702,238220,Limited  Liability Company(LLC),150200,150200,Paid in Full,14,135180,,151097.08,First United Bank and Trust Company,unknown,business type 'Limited  Liability Company(LLC)' may use owner income/SE basis,yes,20261007T195554Z,20261007T195554Z
7565937001,biz-166,first draw,PPP,04/07/2020,MICHAEL WITT INC.,5229 VESTA FARLEY RD,FORT WORTH,TX,76119-6479,238220,Subchapter S Corporation,193800,151700,Paid in Full,25,151700,,152850.39,Pinnacle Bank,unknown,current amount differs from initial approval,yes,20261007T195554Z,20261007T195554Z
7579767010,biz-167,first draw,PPP,04/07/2020,MAX MECHANICAL,2313 MICHIGAN CT,ARLINGTON,TX,76016-5870,238220,Corporation,295100,295100,Paid in Full,22,295100,,297146.52,Pinnacle Bank,1416480,"7579767010 (PPP, 04/07/2020): 295,100.00 / 2.5 x 12",yes,20261007T195554Z,20261007T195554Z
7590327008,biz-168,first draw,PPP,04/07/2020,"BLACK PLUMBING CO., INC.",4640 S TREADAWAY BLVD,ABILENE,TX,79602-7810,238220,Corporation,672200,672200,Paid in Full,61,504150,,676475.94,First Financial Bank,3226560,"7590327008 (PPP, 04/07/2020): 672,200.00 / 2.5 x 12",yes,20261007T195554Z,20261007T195554Z
7606717002,biz-169,first draw,PPP,04/07/2020,"HESSE-SCHNIEDERJAN HEATING & AIR CONDITIONING, INC.",3200 E Highway 82,Gainesville,TX,76240-7310,238220,Subchapter S Corporation,184000,184000,Paid in Full,15,161400,,185431.67,First State Bank,883200,"7606717002 (PPP, 04/07/2020): 184,000.00 / 2.5 x 12",yes,20261007T195554Z,20261007T195554Z
7638667005,biz-170,first draw,PPP,04/07/2020,"HUGH M. CUNNINGHAM, INC.",2029 WESTGATE DR,CARROLLTON,TX,75006-6449,238220,Corporation,1901500,1901500,Paid in Full,138,1901500,,1917858.11,Prosperity Bank,9127200,"7638667005 (PPP, 04/07/2020): 1,901,500.00 / 2.5 x 12",yes,20261007T195554Z,20261007T195554Z
7643157010,biz-171,first draw,PPP,04/07/2020,"BCI MECHANICAL, INC.",400 E Oak St,Denton,TX,76201-4246,238220,Subchapter S Corporation,576400,576400,Paid in Full,52,530950,,581942.92,First State Bank,2766720,"7643157010 (PPP, 04/07/2020): 576,400.00 / 2.5 x 12",yes,20261007T195554Z,20261007T195554Z
7669057002,biz-172,first draw,PPP,04/08/2020,"SYNERGY ENVIRONMENTAL SERVICES, L.L.C.",2500 E. Randol Mill Road Suite 208,ARLINGTON,TX,76011-6302,238220,Limited  Liability Company(LLC),305300,305300,Paid in Full,22,305300,,308276.67,"BOKF, National Association",unknown,business type 'Limited  Liability Company(LLC)' may use owner income/SE basis,yes,20261007T195554Z,20261007T195554Z
7680777007,biz-173,first draw,PPP,04/08/2020,BURGER ENTERPRISES INC,10211 SOMMERS DR,SAN ANTONIO,TX,78217-3825,238220,Corporation,408500,408500,Paid in Full,49,408500,,410727.16,Jefferson Bank,1960800,"7680777007 (PPP, 04/08/2020): 408,500.00 / 2.5 x 12",yes,20261007T195554Z,20261007T195554Z
7683927010,biz-174,first draw,PPP,04/08/2020,BLUE NORTHERN AIR CONDITIONING INC,16123 Ave C,CHANNELVIEW,TX,77530-3707,238220,Subchapter S Corporation,240490,240490,Paid in Full,16,240490,,242525.93,"SouthTrust Bank, National Association",1154352,"7683927010 (PPP, 04/08/2020): 240,490.00 / 2.5 x 12",yes,20261007T195554Z,20261007T195554Z
9676938304,biz-174,second draw,PPS,01/31/2021,BLUE NORTHERN AIR CONDITIONING INC,16123 Avenue C,Channelview,TX,77530-3707,238220,Subchapter S Corporation,240490.67,240490.67,Paid in Full,16,240485.67,,241788.66,"SouthTrust Bank, National Association",1154355,"9676938304 (PPS, 01/31/2021): 240,490.67 / 2.5 x 12",yes,20261007T195554Z,20261007T195554Z
4264538401,biz-175,second draw,PPS,02/06/2021,HOBSON AIR CONDITIONING INC,1412 Greenwood Rd,Weatherford,TX,76088-3818,238220,Corporation,749276.7,749276.7,Paid in Full,80,749270.7,,755000.34,First Financial Bank,3596528,"4264538401 (PPS, 02/06/2021): 749,276.70 / 2.5 x 12",yes,20261007T195554Z,20261007T195554Z
7711297009,biz-175,first draw,PPP,04/08/2020,HOBSON AIR CONDITIONING INC,1412 GREEWOOD RD,WEATHERFORD,TX,76088-3818,238220,Corporation,761727,761727,Paid in Full,81,571295.25,,768370.95,First Financial Bank,3656290,"7711297009 (PPP, 04/08/2020): 761,727.00 / 2.5 x 12",yes,20261007T195554Z,20261007T195554Z
7782707009,biz-176,first draw,PPP,04/08/2020,SERVICE RESPONSE TEAM INC.,6301 WHITLEY RD,WATAUGA,TX,76148-3151,238220,Subchapter S Corporation,960700,960700,Paid in Full,63,960700,,972307.36,Frost Bank,4611360,"7782707009 (PPP, 04/08/2020): 960,700.00 / 2.5 x 12",yes,20261007T195554Z,20261007T195554Z
2825568303,biz-177,second draw,PPS,01/21/2021,BAILEY VENTURES LLC,4463 W Sutton Dr,Vidor,TX,77662-7506,238220,Limited  Liability Company(LLC),215200,215200,Paid in Full,20,215197,,216049.01,First State Bank of Texas,unknown,business type 'Limited  Liability Company(LLC)' may use owner income/SE basis,yes,20261007T195554Z,20261007T195554Z
7788507009,biz-177,first draw,PPP,04/08/2020,BAILEY VENTURES LLC,17040 I-10,VIDOR,TX,77662,238220,Limited  Liability Company(LLC),236000,236000,Paid in Full,18,236000,,237344.88,First State Bank of Texas,unknown,business type 'Limited  Liability Company(LLC)' may use owner income/SE basis,yes,20261007T195554Z,20261007T195554Z
2562698402,biz-178,second draw,PPS,02/03/2021,NEU PLUMBING INC.,1117 Foundation Dr,Pilot Point,TX,76258-2953,238220,Subchapter S Corporation,800000,800000,Paid in Full,66,800000,,804690.41,First United Bank and Trust Company,3840000,"2562698402 (PPS, 02/03/2021): 800,000.00 / 2.5 x 12",yes,20261007T195554Z,20261007T195554Z
7845027004,biz-178,first draw,PPP,04/08/2020,"NEU PLUMBING, INC",1117 FOUNDATION DR,PILOT POINT,TX,76258-2953,238220,Subchapter S Corporation,950800,980400,Paid in Full,81,980400,,987437.39,First United Bank and Trust Company,unknown,current amount differs from initial approval,yes,20261007T195554Z,20261007T195554Z
7875027005,biz-179,first draw,PPP,04/08/2020,DEL RIO COMFORT TECH LTD,111 E GARFIELD ST,DEL RIO,TX,78840-5560,238220,Limited Liability Partnership,370047.5,370047.5,Paid in Full,28,296038,,373230.92,"The Bank & Trust, SSB",unknown,business type 'Limited Liability Partnership' may use owner income/SE basis,yes,20261007T195554Z,20261007T195554Z
7918807004,biz-180,first draw,PPP,04/08/2020,"TDR CONTRACTORS, INC.",1523 W TYLER ST,GILMER,TX,75644-2022,238220,Subchapter S Corporation,1925700,1880573.83,Paid in Full,148,1861317,,1902461.62,Texas Heritage National Bank,unknown,current amount differs from initial approval,yes,20261007T195554Z,20261007T195554Z
7932677009,biz-181,first draw,PPP,04/08/2020,"AUGERMAN, INC",450 PINN RD,SAN ANTONIO,TX,78227-1232,238220,Corporation,1075400,1075400,Paid in Full,95,1075400,,1081793.47,Frost Bank,5161920,"7932677009 (PPP, 04/08/2020): 1,075,400.00 / 2.5 x 12",yes,20261007T195554Z,20261007T195554Z
8015537010,biz-182,first draw,PPP,04/08/2020,"ENGINEERED AIR BALANCE CO., INC.",1651 N. GLENVILLE DR STE 201,RICHARDSON,TX,75081-1902,238220,Corporation,3379300,3379300,Paid in Full,176,3379300,,3406426.98,Frost Bank,16220640,"8015537010 (PPP, 04/08/2020): 3,379,300.00 / 2.5 x 12",yes,20261007T195554Z,20261007T195554Z
8032837008,biz-183,first draw,PPP,04/08/2020,"N.C.T. MECHANICAL, INC.",1078 KATY RD,FORT WORTH,TX,76244-4520,238220,Corporation,174100,174100,Paid in Full,12,174100,,175225.69,Frost Bank,835680,"8032837008 (PPP, 04/08/2020): 174,100.00 / 2.5 x 12",yes,20261007T195554Z,20261007T195554Z
7427748306,biz-184,second draw,PPS,01/28/2021,AMG CONTRACTORS LLC,118 BROADWAY STSTE 502,SAN ANTONIO,TX,78205,238220,Limited  Liability Company(LLC),152500,152500,Paid in Full,7,152495,,153506.92,Frost Bank,unknown,business type 'Limited  Liability Company(LLC)' may use owner income/SE basis; implied pay per reported job reaches $100K cap,yes,20261007T195554Z,20261007T195554Z
8045027000,biz-184,first draw,PPP,04/08/2020,"AMG CONTRACTORS, LLC",118 BROADWAY ST STE 502,SAN ANTONIO,TX,78205-1902,238220,Limited  Liability Company(LLC),205200,205200,Paid in Full,17,205200,,207049.61,Frost Bank,unknown,business type 'Limited  Liability Company(LLC)' may use owner income/SE basis,yes,20261007T195554Z,20261007T195554Z
6947788306,biz-185,second draw,PPS,01/27/2021,BLANCO HEATING AND COOLING LLC,2226 N US Highway 281 Ste A,Blanco,TX,78606-5878,238220,Limited  Liability Company(LLC),406295,406295,Paid in Full,29,406293,,408254.12,Texas Regional Bank,unknown,business type 'Limited  Liability Company(LLC)' may use owner income/SE basis,yes,20261007T195554Z,20261007T195554Z
8049507010,biz-185,first draw,PPP,04/08/2020,"BLANCO HEATING & COOLING, LLC",2226 N US HIGHWAY 281,BLANCO,TX,78606-5877,238220,Limited  Liability Company(LLC),478090,478090,Paid in Full,37,478090,,481770.64,Texas Regional Bank,unknown,business type 'Limited  Liability Company(LLC)' may use owner income/SE basis,yes,20261007T195554Z,20261007T195554Z
8051907000,biz-186,first draw,PPP,04/08/2020,"BACKUP UTILITY CONTRACTORS, INC",3818 REESE RD,ROSENBERG,TX,77471-5575,238220,Subchapter S Corporation,153221,153221,Paid in Full,15,114915.75,,154263.75,First Financial Bank,735461,"8051907000 (PPP, 04/08/2020): 153,221.00 / 2.5 x 12",yes,20261007T195554Z,20261007T195554Z
8082367007,biz-187,first draw,PPP,04/08/2020,BROWN PLUMBING INCORPORATED,2501 MAIN AVE,GROVES,TX,77619-4332,238220,Corporation,247659,247659,Paid in Full,29,185744.25,,250500.2,First Financial Bank,1188763,"8082367007 (PPP, 04/08/2020): 247,659.00 / 2.5 x 12",yes,20261007T195554Z,20261007T195554Z
5133658309,biz-188,second draw,PPS,01/25/2021,INFINITY SYSTEMS INC,12036 Windfern Rd,Houston,TX,77064-3208,238220,Corporation,770552.5,770552.5,Paid in Full,36,770548.5,,779906.15,Third Coast Bank,unknown,implied pay per reported job reaches $100K cap,yes,20261007T195554Z,20261007T195554Z
8115957004,biz-188,first draw,PPP,04/08/2020,INFINITY SYSTEMS INC,12036 WINDFERN RD,HOUSTON,TX,77064-3208,238220,Corporation,706800,706800,Paid in Full,60,706800,,713691.3,Third Coast Bank,3392640,"8115957004 (PPP, 04/08/2020): 706,800.00 / 2.5 x 12",yes,20261007T195554Z,20261007T195554Z
8128007000,biz-189,first draw,PPP,04/08/2020,"ABCO FIRE PROTECTION, INC",14202 HIGHWAY 87 S.,LUBBOCK,TX,79423-7620,238220,Subchapter S Corporation,682900,682900,Paid in Full,63,682900,,689008.16,Peoples Bank,3277920,"8128007000 (PPP, 04/08/2020): 682,900.00 / 2.5 x 12",yes,20261007T195554Z,20261007T195554Z
8132147010,biz-190,first draw,PPP,04/08/2020,"M & W BIO, INC.",1320 Ford St,IRVING,TX,75061-5704,238220,Corporation,343695,343695,Paid in Full,20,330000,,325199.28,First Source Federal Credit Union,1649736,"8132147010 (PPP, 04/08/2020): 343,695.00 / 2.5 x 12",yes,20261007T195554Z,20261007T195554Z
9507418507,biz-190,second draw,PPS,03/12/2021,M&W BIO INC,1320 Ford St,Irving,TX,75061-5704,238220,Corporation,242713,242713,Paid in Full,22,242711,,245119.9,First Source Federal Credit Union,1165022,"9507418507 (PPS, 03/12/2021): 242,713.00 / 2.5 x 12",yes,20261007T195554Z,20261007T195554Z
8192307001,biz-191,first draw,PPP,04/08/2020,LANE WEATHER MART INC,3909 N CHADBOURNE ST,SAN ANGELO,TX,76903-2131,238220,Subchapter S Corporation,355179,355179,Paid in Full,25,266384.25,,358928.11,First Financial Bank,1704859,"8192307001 (PPP, 04/08/2020): 355,179.00 / 2.5 x 12",yes,20261007T195554Z,20261007T195554Z
8205227001,biz-192,first draw,PPP,04/08/2020,"J & S MECHANICAL CONTRACTORS, INC",2111 W 34TH ST,HOUSTON,TX,77018-6002,238220,Corporation,369100,369100,Paid in Full,27,369100,,370541.22,Frost Bank,1771680,"8205227001 (PPP, 04/08/2020): 369,100.00 / 2.5 x 12",yes,20261007T195554Z,20261007T195554Z
9622328303,biz-192,second draw,PPS,01/31/2021,J & S MECHANICAL CONTRACTORS INC,2111 W 34th St,Houston,TX,77018-6002,238220,Corporation,237500,237500,Paid in Full,16,237499,,238690.75,Frost Bank,1140000,"9622328303 (PPS, 01/31/2021): 237,500.00 / 2.5 x 12",yes,20261007T195554Z,20261007T195554Z
8205367008,biz-193,first draw,PPP,04/08/2020,"MILESTONE ELECTRIC, INC.",2360 CRIST RD STE B900,GARLAND,TX,75040-3704,238220,Corporation,5617500,5617500,Paid in Full,374,5102500,,5690059.38,HomeBank Texas,26964000,"8205367008 (PPP, 04/08/2020): 5,617,500.00 / 2.5 x 12",yes,20261007T195554Z,20261007T195554Z
8265117005,biz-194,first draw,PPP,04/08/2020,"MUELLER & WILSON, INC.",12747 Cimarron Path,SAN ANTONIO,TX,78249-3405,238220,Subchapter S Corporation,1253010,1253010,Paid in Full,73,939758,,1259762.33,Texas Partners Bank,6014448,"8265117005 (PPP, 04/08/2020): 1,253,010.00 / 2.5 x 12",yes,20261007T195554Z,20261007T195554Z
8737178301,biz-194,second draw,PPS,01/30/2021,MUELLER & WILSON INC,12747 Cimarron Path,San Antonio,TX,78249-3488,238220,Subchapter S Corporation,1253010.3,1253010.3,Paid in Full,70,1253008.3,,1263486.86,Texas Partners Bank,6014449,"8737178301 (PPS, 01/30/2021): 1,253,010.30 / 2.5 x 12",yes,20261007T195554Z,20261007T195554Z
8267917002,biz-195,first draw,PPP,04/08/2020,"CYTECH HEATING & COOLING, L.C.",3917 W STATE HIGHWAY 107,EDINBURG,TX,78539-9460,238220,Limited  Liability Company(LLC),311485,311485,Paid in Full,34,311485,,313198.17,Greater State Bank,unknown,business type 'Limited  Liability Company(LLC)' may use owner income/SE basis,yes,20261007T195554Z,20261007T195554Z
8288837001,biz-196,first draw,PPP,04/08/2020,DENALLI CONSTRUCTION SERVICES,1840 HUTTON DR,CARROLLTON,TX,75006-6619,238220,Partnership,1000000,1000000,Paid in Full,72,1000000,,1009013.7,"Axiom Bank, National Association",unknown,business type 'Partnership' may use owner income/SE basis,yes,20261007T195554Z,20261007T195554Z
8303747008,biz-197,first draw,PPP,04/08/2020,"NORTH TEXAS DUCTWORKS, LLC",2477 Merritt Dr.,GARLAND,TX,75041-6146,238220,Limited  Liability Company(LLC),719700,719700,Paid in Full,74,719700,,724332.33,Frost Bank,unknown,business type 'Limited  Liability Company(LLC)' may use owner income/SE basis,yes,20261007T195554Z,20261007T195554Z
7735888500,biz-198,second draw,PPS,03/06/2021,LISTER PLUMBING INC,5001 Sealy St,Galveston,TX,77551-4151,238220,Subchapter S Corporation,232500,232500,Paid in Full,14,232500,,234124.32,Frost Bank,1116000,"7735888500 (PPS, 03/06/2021): 232,500.00 / 2.5 x 12",yes,20261007T195554Z,20261007T195554Z
8346157008,biz-198,first draw,PPP,04/08/2020,"LISTER PLUMBING, INC",5001 SEALY ST,GALVESTON,TX,77551-4151,238220,Subchapter S Corporation,232500,232500,Paid in Full,15,232500,,234939.66,Frost Bank,1116000,"8346157008 (PPP, 04/08/2020): 232,500.00 / 2.5 x 12",yes,20261007T195554Z,20261007T195554Z
1851468405,biz-199,second draw,PPS,02/02/2021,CHARLIE'S PLUMBING INC.,10114 Thermon St,Houston,TX,77075-3412,238220,Corporation,595100,595100,Paid in Full,38,595098,,598360.82,Frost Bank,2856480,"1851468405 (PPS, 02/02/2021): 595,100.00 / 2.5 x 12",yes,20261007T195554Z,20261007T195554Z
8392347007,biz-199,first draw,PPP,04/08/2020,"CHARLIE'S PLUMBING, INC.",10114 THERMON ST,HOUSTON,TX,77075-3412,238220,Corporation,595100,595100,Paid in Full,38,595100,,598931.47,Frost Bank,2856480,"8392347007 (PPP, 04/08/2020): 595,100.00 / 2.5 x 12",yes,20261007T195554Z,20261007T195554Z
8422527004,biz-200,first draw,PPP,04/08/2020,"TEXAS CHILLER SYSTEMS, LLC",1219 SAFARI,SAN ANTONIO,TX,78216,238220,Limited  Liability Company(LLC),970650,970650,Paid in Full,65,970650,,976096.42,American Momentum Bank,unknown,business type 'Limited  Liability Company(LLC)' may use owner income/SE basis,yes,20261007T195554Z,20261007T195554Z
8423707001,biz-201,first draw,PPP,04/08/2020,"FREER MECHANICAL CONTRACTORS, INC.",1908 SAMUELS AVE,FORT WORTH,TX,76102-1141,238220,Subchapter S Corporation,1003700,776000,Paid in Full,38,776000,,781863.11,American National Bank & Trust,unknown,current amount differs from initial approval,yes,20261007T195554Z,20261007T195554Z
8426817005,biz-202,first draw,PPP,04/08/2020,5-F MECHANICAL GROUP INC,PO Box 81305,AUSTIN,TX,78708-1305,238220,Subchapter S Corporation,2780400,2780400,Paid in Full,205,2780400,,2812622.17,Frontier Bank of Texas,13345920,"8426817005 (PPP, 04/08/2020): 2,780,400.00 / 2.5 x 12",yes,20261007T195554Z,20261007T195554Z
8430527004,biz-203,first draw,PPP,04/08/2020,BILL CODY & SONS PLUMBING CO LLC,209 W CLARENDON DR,DALLAS,TX,75208-6704,238220,Corporation,399915,399915,Paid in Full,32,391916,,402603.32,Las Colinas FCU,1919592,"8430527004 (PPP, 04/08/2020): 399,915.00 / 2.5 x 12",yes,20261007T195554Z,20261007T195554Z
1006148308,biz-204,second draw,PPS,01/16/2021,"SOUTHWEST INSULATION, INC.",3300 Stuart Dr,Fort Worth,TX,76110-4322,238220,Subchapter S Corporation,473260,473260,Paid in Full,47,473258,,478058.33,"Trinity Bank, National Association",2271648,"1006148308 (PPS, 01/16/2021): 473,260.00 / 2.5 x 12",yes,20261007T195554Z,20261007T195554Z
8433237006,biz-204,first draw,PPP,04/08/2020,"SOUTHWEST INSULATION, INC.",3300 STUART DRIVE PO BOX 11503,FORT WORTH,TX,76110-4322,238220,Subchapter S Corporation,404600,404600,Paid in Full,30,404600,,407358.95,"Trinity Bank, National Association",1942080,"8433237006 (PPP, 04/08/2020): 404,600.00 / 2.5 x 12",yes,20261007T195554Z,20261007T195554Z
8440757007,biz-205,first draw,PPP,04/08/2020,"SHANK'S PLUMBING SERVICE, LLC",2133 S. MAIN ST,CLEBURNE,TX,76033-6859,238220,Limited  Liability Company(LLC),227000,227000,Paid in Full,23,227000,,229049.31,Pinnacle Bank,unknown,business type 'Limited  Liability Company(LLC)' may use owner income/SE basis,yes,20261007T195554Z,20261007T195554Z
3426838603,biz-206,second draw,PPS,03/17/2021,MCWILLIAMS AND SON INC.,918 E Denman Ave,Lufkin,TX,75901-4830,238220,Corporation,801419,801419,Paid in Full,60,801417,,804246.23,Southside Bank,3846811,"3426838603 (PPS, 03/17/2021): 801,419.00 / 2.5 x 12",yes,20261007T195554Z,20261007T195554Z
8440927010,biz-206,first draw,PPP,04/08/2020,MCWILLIAMS & SON INC.,912 E Denman,LUFKIN,TX,75901-4830,238220,Corporation,704000,704000,Paid in Full,56,704000,,708184.89,Southside Bank,3379200,"8440927010 (PPP, 04/08/2020): 704,000.00 / 2.5 x 12",yes,20261007T195554Z,20261007T195554Z
8475857002,biz-207,first draw,PPP,04/08/2020,"HB MECHANICAL SERVICES, INC.",20410 OLD SORTERS RD,PORTER,TX,77365-4766,238220,Corporation,456527.01,456527.01,Paid in Full,32,388928.61,,459193.05,Citizens Bank,2191330,"8475857002 (PPP, 04/08/2020): 456,527.01 / 2.5 x 12",yes,20261007T195554Z,20261007T195554Z
8482447006,biz-208,first draw,PPP,04/08/2020,"WAY SERVICE, LTD",5308 ASHBROOK DR,HOUSTON,TX,77081-4102,238220,Limited  Liability Company(LLC),1277475,1277475,Paid in Full,90,958106,,1288759.36,First Source Federal Credit Union,unknown,business type 'Limited  Liability Company(LLC)' may use owner income/SE basis,yes,20261007T195554Z,20261007T195554Z
8534777003,biz-209,first draw,PPP,04/08/2020,COUGAR HOLDINGS LLC,"14824 STATE HIGHWAY 249, Ste 150",HOUSTON,TX,77086-1634,238220,Limited  Liability Company(LLC),345300,345300,Paid in Full,29,345300,,348052.81,Amarillo National Bank,unknown,business type 'Limited  Liability Company(LLC)' may use owner income/SE basis,yes,20261007T195554Z,20261007T195554Z
8536247001,biz-210,first draw,PPP,04/08/2020,AIR TEXAS MECHANICAL INC,1724 TOWNHURST DR,HOUSTON,TX,77043-2811,238220,Corporation,552122,507578,Paid in Full,30,507578,,510341.48,Stellar Bank,unknown,current amount differs from initial approval,yes,20261007T195554Z,20261007T195554Z
8546337008,biz-211,first draw,PPP,04/08/2020,"HAR-CON MECHANICAL CONTRACTORS, LLC",9009 LITTLE YORK RD,HOUSTON,TX,77040-4113,238220,Limited  Liability Company(LLC),2000000,2000000,Paid in Full,137,2000000,,2019068.49,"Investar Bank, National Association",unknown,business type 'Limited  Liability Company(LLC)' may use owner income/SE basis,yes,20261007T195554Z,20261007T195554Z
8552907009,biz-212,first draw,PPP,04/08/2020,"MMM PLUMBING, HEATING & AIR CONDITIONING, INC",87 N Fannin St,AMARILLO,TX,79106-8248,238220,Corporation,844200,844200,Paid in Full,94,844200,,849542.75,Centennial Bank,4052160,"8552907009 (PPP, 04/08/2020): 844,200.00 / 2.5 x 12",yes,20261007T195554Z,20261007T195554Z
8566047001,biz-213,first draw,PPP,04/08/2020,CATHEDRAL PLUMBING OF TEXAS LLC,1440 HALSEY WAY,CARROLLTON,TX,75007-4409,238220,Limited  Liability Company(LLC),2107100,2107100,Paid in Full,134,2107100,,2131799.89,Harmony Bank,unknown,business type 'Limited  Liability Company(LLC)' may use owner income/SE basis,yes,20261007T195554Z,20261007T195554Z
8601927001,biz-214,first draw,PPP,04/08/2020,"3D MECHANICAL PLUMBING, INC",600 WASHINGTON ST,KAUFMAN,TX,75142-2408,238220,Corporation,543000,543000,Paid in Full,46,543000,,548294.25,Citizens National Bank of Texas,2606400,"8601927001 (PPP, 04/08/2020): 543,000.00 / 2.5 x 12",yes,20261007T195554Z,20261007T195554Z
8633907000,biz-215,first draw,PPP,04/08/2020,UNITED PLUMBING CO.,Po Box 8162,AMARILLO,TX,79114,238220,Sole Proprietorship,218700,218700,Paid in Full,13,218700,,158462.26,Centennial Bank,unknown,business type 'Sole Proprietorship' may use owner income/SE basis,yes,20261007T195554Z,20261007T195554Z
2205288704,biz-216,second draw,PPS,03/28/2021,ELLIS AIR SYSTEMS INC,3513 Florence Rd,Killeen,TX,76542-2511,238220,Corporation,397600,397600,Paid in Full,65,397600,,399919.33,Cadence Bank,1908480,"2205288704 (PPS, 03/28/2021): 397,600.00 / 2.5 x 12",yes,20261007T195554Z,20261007T195554Z
8665087008,biz-216,first draw,PPP,04/08/2020,ELLIS AIR SYSTEMS INC,3513 FLORENCE RD,KILLEEN,TX,76542-2511,238220,Corporation,397600,397600,Paid in Full,57,397600,,400660.98,Cadence Bank,1908480,"8665087008 (PPP, 04/08/2020): 397,600.00 / 2.5 x 12",yes,20261007T195554Z,20261007T195554Z
8690357008,biz-217,first draw,PPP,04/08/2020,"UNITED CHESTER INDUSTRIES, INC.",11540 PLANO RD,DALLAS,TX,75243-5214,238220,Subchapter S Corporation,3304279.35,3304279.35,Paid in Full,218,3304279.35,,3348276.06,Inwood National Bank,15860541,"8690357008 (PPP, 04/08/2020): 3,304,279.35 / 2.5 x 12",yes,20261007T195554Z,20261007T195554Z
8693027009,biz-218,first draw,PPP,04/08/2020,"CHAPMAN OUTDOORS, LLC",3210 COMMANDER DRIVE,CARROLLTON,TX,75006-2507,238220,Limited  Liability Company(LLC),515900,515900,Paid in Full,35,515900,,521016.01,Independent Bank d/b/a Independent Financial,unknown,business type 'Limited  Liability Company(LLC)' may use owner income/SE basis,yes,20261007T195554Z,20261007T195554Z
8703877000,biz-219,first draw,PPP,04/08/2020,"TRIPLE CROSS PLUMBING & UTILITIES, LTD",34660 SMITHSON VALLEY RD,BULVERDE,TX,78163-2894,238220,Partnership,303300,303300,Paid in Full,21,287715,,305515.77,Security State Bank & Trust,unknown,business type 'Partnership' may use owner income/SE basis,yes,20261007T195554Z,20261007T195554Z
1704678409,biz-220,second draw,PPS,02/02/2021,DALLIS REFRIGERATION OF TEXAS LLC,431 Linda Dr,Canyon Lake,TX,78133-2002,238220,Corporation,153460,153460,Paid in Full,12,153460,,154210.25,Security State Bank & Trust,736608,"1704678409 (PPS, 02/02/2021): 153,460.00 / 2.5 x 12",yes,20261007T195554Z,20261007T195554Z
8713537007,biz-220,first draw,PPP,04/08/2020,"DALLIS REFRIGERATION OF TEXAS, LLC",431 Linda Drive,CANYON LAKE,TX,78133-2002,238220,Corporation,153400,153400,Paid in Full,12,153400,,154316.14,Security State Bank & Trust,736320,"8713537007 (PPP, 04/08/2020): 153,400.00 / 2.5 x 12",yes,20261007T195554Z,20261007T195554Z
8716947007,biz-221,first draw,PPP,04/08/2020,"BIGGS PLUMBING CO., INC.",1615 DUNGAN LN,AUSTIN,TX,78754-4023,238220,Subchapter S Corporation,922300,922300,Paid in Full,74,922300,,929476.25,"Lone Star Capital Bank, National Association",4427040,"8716947007 (PPP, 04/08/2020): 922,300.00 / 2.5 x 12",yes,20261007T195554Z,20261007T195554Z
8738997001,biz-222,first draw,PPP,04/08/2020,RITTMANN PLUMBING INC,PO BOX 1948,BOERNE,TX,78006-6948,238220,Corporation,167400,167400,Paid in Full,13,167400,,168312.67,Jefferson Bank,803520,"8738997001 (PPP, 04/08/2020): 167,400.00 / 2.5 x 12",yes,20261007T195554Z,20261007T195554Z
3325098509,biz-223,second draw,PPS,02/23/2021,EZ MECHANICAL INC,7366 Caribou,San Antonio,TX,78238-1230,238220,Corporation,549900,549900,Paid in Full,24,549900,,552129.73,Jefferson Bank,unknown,implied pay per reported job reaches $100K cap,yes,20261007T195554Z,20261007T195554Z
8749207004,biz-223,first draw,PPP,04/08/2020,"E.Z. MECHANICAL, INC.",7366 CARIBOU STREET,SAN ANTONIO,TX,78238-1230,238220,Corporation,451900,451900,Paid in Full,49,451900,,455366.63,Jefferson Bank,2169120,"8749207004 (PPP, 04/08/2020): 451,900.00 / 2.5 x 12",yes,20261007T195554Z,20261007T195554Z
8753697003,biz-224,first draw,PPP,04/08/2020,"PRODIGY HVAC, LLC",212 S ELM ST,DENTON,TX,76201-6004,238220,Limited  Liability Company(LLC),210000,210000,Paid in Full,18,157500,,211564.93,First United Bank and Trust Company,unknown,business type 'Limited  Liability Company(LLC)' may use owner income/SE basis,yes,20261007T195554Z,20261007T195554Z
2332078300,biz-225,second draw,PPS,01/20/2021,NCULLUM ENTERPRISES LLC,2917 W Industrial Ave,Midland,TX,79701-7149,238220,Corporation,216762,216762,Paid in Full,12,216759,,218736.94,"Lone Star State Bank of West Texas, A Division of Prosperity Bank",1040458,"2332078300 (PPS, 01/20/2021): 216,762.00 / 2.5 x 12",yes,20261007T195554Z,20261007T195554Z
8755157009,biz-225,first draw,PPP,04/08/2020,"NCULLUM ENTERPRISES, LLC",2917 W INDUSTRIAL AVE,MIDLAND,TX,79701-7149,238220,Corporation,216700,216700,Paid in Full,13,216700,,218427.58,"Lone Star State Bank of West Texas, A Division of Prosperity Bank",1040160,"8755157009 (PPP, 04/08/2020): 216,700.00 / 2.5 x 12",yes,20261007T195554Z,20261007T195554Z
8783187004,biz-226,first draw,PPP,04/08/2020,HOMEFRONT S&D LLC,3210 COMMANDER DR,CARROLLTON,TX,75006-2507,238220,Limited  Liability Company(LLC),726200,726200,Paid in Full,58,726200,,732554.25,Independent Bank d/b/a Independent Financial,unknown,business type 'Limited  Liability Company(LLC)' may use owner income/SE basis,yes,20261007T195554Z,20261007T195554Z
8812277007,biz-227,first draw,PPP,04/08/2020,"KRISTYNIK INVESTMENTS, LLC",2502 CLARKS LN,BRYAN,TX,77808-1307,238220,Limited  Liability Company(LLC),279500,279500,Paid in Full,33,279500,,282038.79,The Brenham National Bank,unknown,business type 'Limited  Liability Company(LLC)' may use owner income/SE basis,yes,20261007T195554Z,20261007T195554Z
8822247002,biz-228,first draw,PPP,04/08/2020,S & D PLUMBING LLC,421 TALBOT ST,TAYLOR,TX,76574-3559,238220,Limited  Liability Company(LLC),422500,422500,Paid in Full,30,422500,,426435.62,R Bank,unknown,business type 'Limited  Liability Company(LLC)' may use owner income/SE basis,yes,20261007T195554Z,20261007T195554Z
1113837106,biz-229,first draw,PPP,04/09/2020,"NEW DWD INTERNATIONAL, LLC",2033 JOHANNA DRIVE,HOUSTON,TX,77055-1701,238220,Limited  Liability Company(LLC),868600,868600,Paid in Full,49,868600,,874763.49,"Zions Bank, A Division of",unknown,business type 'Limited  Liability Company(LLC)' may use owner income/SE basis,yes,20261007T195554Z,20261007T195554Z
8934957008,biz-230,first draw,PPP,04/09/2020,"VICTORY FIRE PROTECTION, LLC",125 TOPEKA DR Suite D,WOODWAY,TX,76712-6107,238220,Limited  Liability Company(LLC),167328.32,181729.9,Paid in Full,18,181729.9,,183462.56,"Community Bank & Trust, Waco, Texas",unknown,business type 'Limited  Liability Company(LLC)' may use owner income/SE basis; current amount differs from initial approval,yes,20261007T195554Z,20261007T195554Z
8976837005,biz-231,first draw,PPP,04/09/2020,"BLACKMON, INC.",4315 Barkaloo Road,Baytown,TX,77521-3417,238220,Corporation,150700,150700,Paid in Full,11,150700,,151827.15,Stellar Bank,723360,"8976837005 (PPP, 04/09/2020): 150,700.00 / 2.5 x 12",yes,20261007T195554Z,20261007T195554Z
3450688410,biz-232,second draw,PPS,02/05/2021,ROYAL AC INC,12718 Woodworth Dr,Cypress,TX,77429-5081,238220,Corporation,223000,223000,Paid in Full,15,222994,,226252.08,Wallis Bank,1070400,"3450688410 (PPS, 02/05/2021): 223,000.00 / 2.5 x 12",yes,20261007T195554Z,20261007T195554Z
8979047010,biz-232,first draw,PPP,04/09/2020,ROYAL AC INC,12718 WOODWORTH DR,CYPRESS,TX,77429-5081,238220,Corporation,223000,223000,Paid in Full,99,167250,,226004.31,Wallis Bank,1070400,"8979047010 (PPP, 04/09/2020): 223,000.00 / 2.5 x 12",yes,20261007T195554Z,20261007T195554Z
8981677010,biz-233,first draw,PPP,04/09/2020,"A-#1 AIR, INC",601  E CORPORATE DR,LEWISVILLE,TX,75057-6403,238220,Corporation,3731538,3731538,Paid in Full,319,2798654,,3780047.99,"Texas Republic Bank, National Association",17911382,"8981677010 (PPP, 04/09/2020): 3,731,538.00 / 2.5 x 12",yes,20261007T195554Z,20261007T195554Z
9016067007,biz-234,first draw,PPP,04/09/2020,"LEGACY PLUMBING, INC.",1101 E. Eldorado Parkway,LITTLE ELM,TX,75068-5581,238220,Subchapter S Corporation,448330,448330,Paid in Full,30,336248,,453448.43,"Texas Republic Bank, National Association",2151984,"9016067007 (PPP, 04/09/2020): 448,330.00 / 2.5 x 12",yes,20261007T195554Z,20261007T195554Z
9060897006,biz-235,first draw,PPP,04/09/2020,"BHC ENTERPRISES, LLC",400 GRAHAM RD,COLLEGE STATION,TX,77845-9659,238220,Limited  Liability Company(LLC),315502,315502,Paid in Full,30,315502,,181636.24,American Momentum Bank,unknown,business type 'Limited  Liability Company(LLC)' may use owner income/SE basis,yes,20261007T195554Z,20261007T195554Z
9069267001,biz-236,first draw,PPP,04/09/2020,"Z & C PLUMBING PARTNERSHIP, LTD.",3720 GREENHOUSE RD,HOUSTON,TX,77084-5512,238220,Partnership,289271,289271,Paid in Full,19,289271,,294277,First Source Federal Credit Union,unknown,business type 'Partnership' may use owner income/SE basis,yes,20261007T195554Z,20261007T195554Z
9097367004,biz-237,first draw,PPP,04/09/2020,"EFFICIENCY AIR, INC",319 EAST MAIN ST,EDNA,TX,77957-2828,238220,Subchapter S Corporation,392710,392710,Paid in Full,36,392710,,395130.82,NewFirst National Bank,1885008,"9097367004 (PPP, 04/09/2020): 392,710.00 / 2.5 x 12",yes,20261007T195554Z,20261007T195554Z
1392618304,biz-238,second draw,PPS,01/17/2021,"SVOBODA SERVICES, INC.",7225 N Park Dr,Richmond,TX,77407-2801,238220,Subchapter S Corporation,212500,212500,Paid in Full,16,212497,,213693.49,NewFirst National Bank,1020000,"1392618304 (PPS, 01/17/2021): 212,500.00 / 2.5 x 12",yes,20261007T195554Z,20261007T195554Z
9108547006,biz-238,first draw,PPP,04/09/2020,"SVOBODA SERVICES, INC.",7225 NORTH PARK DR,RICHMOND,TX,77407-2801,238220,Subchapter S Corporation,212500,212500,Paid in Full,17,212500,,213769.18,NewFirst National Bank,1020000,"9108547006 (PPP, 04/09/2020): 212,500.00 / 2.5 x 12",yes,20261007T195554Z,20261007T195554Z
9140367000,biz-239,first draw,PPP,04/09/2020,BAC TRAC PLUMBING LP,2015 Firnat 0.0,Houston,TX,77093-0560,238220,Subchapter S Corporation,335116,335116,Paid in Full,43,335116,0,339449.24,"JPMorgan Chase Bank, National Association",1608557,"9140367000 (PPP, 04/09/2020): 335,116.00 / 2.5 x 12",yes,20261007T195554Z,20261007T195554Z
9160707003,biz-240,first draw,PPP,04/09/2020,"TURNER & WITT PLUMBING, HEATING AND AIR CONDITIONING, INC.",8225 AVE D,LUBBOCK,TX,79404-6321,238220,Subchapter S Corporation,157100,157100,Paid in Full,23,125680,,158190.97,City Bank,754080,"9160707003 (PPP, 04/09/2020): 157,100.00 / 2.5 x 12",yes,20261007T195554Z,20261007T195554Z
9181687009,biz-241,first draw,PPP,04/09/2020,"P&E MECHANICAL CONTRACTORS, LLC",9705 Burnet Rd. Suite 319,AUSTIN,TX,78758-5215,238220,Limited  Liability Company(LLC),430600,430600,Paid in Full,39,344480,,433159.68,The First National Bank of McGregor d/b/a TFNB Your Bank for Life,unknown,business type 'Limited  Liability Company(LLC)' may use owner income/SE basis,yes,20261007T195554Z,20261007T195554Z
9182827005,biz-242,first draw,PPP,04/09/2020,"RAYMARK AIR CONDITIONING & HEATING, INC.",25408 HIGHWAY 59,PORTER,TX,77365-5764,238220,Corporation,262500,262500,Paid in Full,19,262500,,265555.21,Wallis Bank,1260000,"9182827005 (PPP, 04/09/2020): 262,500.00 / 2.5 x 12",yes,20261007T195554Z,20261007T195554Z
9234417003,biz-243,first draw,PPP,04/09/2020,ALLIED FIRE PROTECTION SA-LP,2003 MYKAWA RD,PEARLAND,TX,77581-3211,238220,Partnership,1583700,1583700,Paid in Full,110,1583700,,1598756,Frost Bank,unknown,business type 'Partnership' may use owner income/SE basis,yes,20261007T195554Z,20261007T195554Z
9235757002,biz-244,first draw,PPP,04/09/2020,ALLIED FIRE PROTECTION LP,2003 MYKAWA RD,PEARLAND,TX,77581-3211,238220,Subchapter S Corporation,2328000,2328000,Paid in Full,126,2328000,,2354979.29,Frost Bank,11174400,"9235757002 (PPP, 04/09/2020): 2,328,000.00 / 2.5 x 12",yes,20261007T195554Z,20261007T195554Z
9236937010,biz-245,first draw,PPP,04/09/2020,"AFP ALARM & DETECTION, LP",2003 MYKAWA RD,PEARLAND,TX,77581-3211,238220,Partnership,769000,769000,Paid in Full,46,769000,,776310.77,Frost Bank,unknown,business type 'Partnership' may use owner income/SE basis,yes,20261007T195554Z,20261007T195554Z
9321377002,biz-246,first draw,PPP,04/09/2020,HOUSTON NORTH AIR CONDITIONING INC,PO Box 91188,HOUSTON,TX,77291,238220,Corporation,563700,563700,Paid in Full,35,563700,,567724.19,PlainsCapital Bank,2705760,"9321377002 (PPP, 04/09/2020): 563,700.00 / 2.5 x 12",yes,20261007T195554Z,20261007T195554Z
7047758307,biz-247,second draw,PPS,01/27/2021,ALCODE PLUMBING LLC,1285 W Cardinal Dr,Beaumont,TX,77705-6410,238220,Limited  Liability Company(LLC),214867,214867,Paid in Full,22,214867,,217704.42,Stellar Bank,unknown,business type 'Limited  Liability Company(LLC)' may use owner income/SE basis,yes,20261007T195554Z,20261007T195554Z
9336217003,biz-247,first draw,PPP,04/09/2020,ALCODE PLUMBING LLC,1285 W Cardinal Dr,Beaumont,TX,77705-6410,238220,Limited  Liability Company(LLC),205272,205272,Paid in Full,14,205272,,206728.59,Stellar Bank,unknown,business type 'Limited  Liability Company(LLC)' may use owner income/SE basis,yes,20261007T195554Z,20261007T195554Z
9383867002,biz-248,first draw,PPP,04/09/2020,"VWMB INDUSTRIAL REFRIGERATION, LLC",1409 SPARS CT,AZLE,TX,76020-4920,238220,Limited  Liability Company(LLC),229600,229600,Paid in Full,16,229600,,231763.9,Frost Bank,unknown,business type 'Limited  Liability Company(LLC)' may use owner income/SE basis,yes,20261007T195554Z,20261007T195554Z
9384777001,biz-249,first draw,PPP,04/09/2020,SWEETWATER FILTRATION SYSTEMS,10139 METROPOLITAN DR,AUSTIN,TX,78758-4942,238220,Corporation,995500,995500,Paid in Full,103,995500,,1001336.63,Frost Bank,4778400,"9384777001 (PPP, 04/09/2020): 995,500.00 / 2.5 x 12",yes,20261007T195554Z,20261007T195554Z
9497777008,biz-250,first draw,PPP,04/09/2020,"H.G. FIRE SYSTEMS, L.P.",15102 SOMMERMEYER ST SUITE 100,HOUSTON,TX,77041-5307,238220,Partnership,716300,716300,Paid in Full,53,716300,,720205.31,Frost Bank,unknown,business type 'Partnership' may use owner income/SE basis,yes,20261007T195554Z,20261007T195554Z
7023718301,biz-251,second draw,PPS,01/27/2021,GOLDEN RULE AIR CONDITIONING & HEATING LLC,9306 Thomasville Dr,Houston,TX,77064-2019,238220,Limited  Liability Company(LLC),200000,200000,Paid in Full,15,200000,,200832.88,Frost Bank,unknown,business type 'Limited  Liability Company(LLC)' may use owner income/SE basis,yes,20261007T195554Z,20261007T195554Z
9538387006,biz-251,first draw,PPP,04/09/2020,GOLDEN RULE AIR CONDITIONING & HEATING LLC,9306 THOMASVILLE DR,HOUSTON,TX,77064-2019,238220,Limited  Liability Company(LLC),214800,214800,Paid in Full,20,214800,,216053.49,Frost Bank,unknown,business type 'Limited  Liability Company(LLC)' may use owner income/SE basis,yes,20261007T195554Z,20261007T195554Z
9538987009,biz-252,first draw,PPP,04/09/2020,JOHN MOORE LP,10005 W SAM HOUSTON PKWY N STE 200,HOUSTON,TX,77064-7473,238220,Partnership,1844138.6,2286924.08,Paid in Full,125,1918096.36,,2312800.78,Veritex Community Bank,unknown,business type 'Partnership' may use owner income/SE basis; current amount differs from initial approval,yes,20261007T195554Z,20261007T195554Z
9543217006,biz-253,first draw,PPP,04/09/2020,"ARNOLD REFRIGERATION, INC.",1122 N. Cherry Street 0.0,San Antonio,TX,78202-1103,238220,Corporation,1022500,1022500,Paid in Full,60,961300,0,1033967.91,"JPMorgan Chase Bank, National Association",4908000,"9543217006 (PPP, 04/09/2020): 1,022,500.00 / 2.5 x 12",yes,20261007T195554Z,20261007T195554Z
9549457009,biz-254,first draw,PPP,04/09/2020,"TOM LYNE PLUMBING & IRRIGATION, INC.",18300 KIOWA CV,COLLEGE STATION,TX,77845-8660,238220,Corporation,391500,391500,Paid in Full,60,391500,,394001.25,"Guaranty Bank & Trust, National Association",1879200,"9549457009 (PPP, 04/09/2020): 391,500.00 / 2.5 x 12",yes,20261007T195554Z,20261007T195554Z
9555577006,biz-255,first draw,PPP,04/09/2020,"RIDDELL PLUMBING, INC.",3700 US HIGHWAY 80 E,MESQUITE,TX,75149-1104,238220,Subchapter S Corporation,1700000,1700000,Paid in Full,105,1700000,,1709268.49,The American National Bank of Texas,8160000,"9555577006 (PPP, 04/09/2020): 1,700,000.00 / 2.5 x 12",yes,20261007T195554Z,20261007T195554Z
9556307008,biz-256,first draw,PPP,04/09/2020,PACE MECHANICAL SERVICES,13335 MURPHY RD STE B,STAFFORD,TX,77477-4237,238220,Limited  Liability Company(LLC),282700,282700,Paid in Full,30,282700,,285286.9,Frost Bank,unknown,business type 'Limited  Liability Company(LLC)' may use owner income/SE basis,yes,20261007T195554Z,20261007T195554Z
2561488309,biz-257,second draw,PPS,01/21/2021,TWV INC,429 Acres Ln,Sealy,TX,77474-4400,238220,Corporation,290202,290202,Paid in Full,31,290197,,292297.9,Austin County State Bank,1392970,"2561488309 (PPS, 01/21/2021): 290,202.00 / 2.5 x 12",yes,20261007T195554Z,20261007T195554Z
9558707003,biz-257,first draw,PPP,04/09/2020,TWV INC,429 ACRES LN,SEALY,TX,77474-4400,238220,Corporation,298633.77,298633.77,Paid in Full,31,298633.77,,300671.03,Citizens State Bank,1433442,"9558707003 (PPP, 04/09/2020): 298,633.77 / 2.5 x 12",yes,20261007T195554Z,20261007T195554Z
9590997009,biz-258,first draw,PPP,04/09/2020,B.T. SIEK COMPANY INC.,10704 North FM 620 Rd,AUSTIN,TX,78726,238220,Subchapter S Corporation,622102,622102,Paid in Full,42,466578,,626854.17,Texas Partners Bank,2986090,"9590997009 (PPP, 04/09/2020): 622,102.00 / 2.5 x 12",yes,20261007T195554Z,20261007T195554Z
9598577006,biz-259,first draw,PPP,04/09/2020,"KINNEY'S COMMERCIAL, INC.",133 TK INDUSTRIAL BLVD,HUTTO,TX,78634-2151,238220,Corporation,731866,731866,Paid in Full,57,650000,,736663.79,Citizens National Bank,3512957,"9598577006 (PPP, 04/09/2020): 731,866.00 / 2.5 x 12",yes,20261007T195554Z,20261007T195554Z
9601137005,biz-260,first draw,PPP,04/09/2020,"WATSON PLUMBING, INC.",13097 STATE HWY 31 W,TYLER,TX,75709,238220,Corporation,206000,206000,Paid in Full,22,206000,,207162.63,Simmons Bank,988800,"9601137005 (PPP, 04/09/2020): 206,000.00 / 2.5 x 12",yes,20261007T195554Z,20261007T195554Z
9604147003,biz-261,first draw,PPP,04/09/2020,"STAR FINISHES ENTERPRISES, INC.",1205 Sheldon Cove Suite 1I,AUSTIN,TX,78753-5872,238220,Subchapter S Corporation,286100,286100,Paid in Full,27,286100,,288310.42,R Bank,1373280,"9604147003 (PPP, 04/09/2020): 286,100.00 / 2.5 x 12",yes,20261007T195554Z,20261007T195554Z
9637657010,biz-262,first draw,PPP,04/09/2020,"BINC OPERATING, LLC",PO Box 2080,AMARILLO,TX,79114,238220,Limited  Liability Company(LLC),204400,204400,Paid in Full,30,204400,,194269.44,Centennial Bank,unknown,business type 'Limited  Liability Company(LLC)' may use owner income/SE basis,yes,20261007T195554Z,20261007T195554Z
9643657006,biz-263,first draw,PPP,04/09/2020,"POWER PLUMBING, INC",36310 HEMPSTEAD RD,HOCKLEY,TX,77447-3152,238220,Employee Stock Ownership Plan(ESOP),3265400,3265400,Paid in Full,276,3265400,,,Frost Bank,unknown,business type 'Employee Stock Ownership Plan(ESOP)' may use owner income/SE basis,yes,20261007T195554Z,20261007T195554Z
9653527006,biz-264,first draw,PPP,04/09/2020,PARIS AIR CONDITIONING COMPANY,3460 PINE MILL RD,PARIS,TX,75460-4939,238220,Subchapter S Corporation,181900,181900,Paid in Full,24,181900,,183000.56,The Liberty National Bank in Paris,873120,"9653527006 (PPP, 04/09/2020): 181,900.00 / 2.5 x 12",yes,20261007T195554Z,20261007T195554Z
7135828402,biz-265,second draw,PPS,02/11/2021,JD PRECISION SERVICES INC,6134 Canyon Creek Ln,Conroe,TX,77304-4664,238220,Corporation,192783,192783,Paid in Full,18,192783,,193848.66,First Financial Bank,925358,"7135828402 (PPS, 02/11/2021): 192,783.00 / 2.5 x 12",yes,20261007T195554Z,20261007T195554Z
9658457008,biz-265,first draw,PPP,04/09/2020,JD PRECISION SERVICES INC.,6134 CANYON CREEK LN,CONROE,TX,77304-4664,238220,Corporation,192783,192783,Paid in Full,19,144587.25,,194060.89,First Financial Bank,925358,"9658457008 (PPP, 04/09/2020): 192,783.00 / 2.5 x 12",yes,20261007T195554Z,20261007T195554Z
9661727007,biz-266,first draw,PPP,04/09/2020,"SNL PLUMBING AND EXCAVATING, LLC",PO BOX 793,DECATUR,TX,76234-0793,238220,Limited  Liability Company(LLC),151600,151600,Paid in Full,16,151600,,153166.53,"Legend Bank, National Association",unknown,business type 'Limited  Liability Company(LLC)' may use owner income/SE basis,yes,20261007T195554Z,20261007T195554Z
7087188307,biz-267,second draw,PPS,01/27/2021,RAVEN MECHANICAL LP,1618 Buschong St,Houston,TX,77039-1207,238220,Limited Liability Partnership,2000000,2000000,Paid in Full,152,1999996,,2019013.7,Frost Bank,unknown,business type 'Limited Liability Partnership' may use owner income/SE basis; at program cap,yes,20261007T195554Z,20261007T195554Z
9692747005,biz-267,first draw,PPP,04/09/2020,"RAVEN MECHANICAL, LP",1618 BUSCHONG ST,HOUSTON,TX,77039-1207,238220,Limited Liability Partnership,2681800,2681800,Paid in Full,226,2681800,,2712585.59,Frost Bank,unknown,business type 'Limited Liability Partnership' may use owner income/SE basis,yes,20261007T195554Z,20261007T195554Z
9710907010,biz-268,first draw,PPP,04/09/2020,"A/W MECHANICAL SERVICES, INC",3331 WEST 11TH ST,HOUSTON,TX,77008-6109,238220,Corporation,1177884,1081400,Paid in Full,78,930448.81,,1094286.68,Independent Bank d/b/a Independent Financial,unknown,current amount differs from initial approval,yes,20261007T195554Z,20261007T195554Z
3210858305,biz-269,second draw,PPS,01/21/2021,CUSTOM COMFORT INC.,1821 Cottonwood School Rd,Rosenberg,TX,77471-7136,238220,Corporation,224335,224335,Paid in Full,20,224335,,225951.44,NewFirst National Bank,1076808,"3210858305 (PPS, 01/21/2021): 224,335.00 / 2.5 x 12",yes,20261007T195554Z,20261007T195554Z
9712767009,biz-269,first draw,PPP,04/09/2020,CUSTOM COMFORT INC,1821 COTTONWOOD SCHOOL RD,ROSENBERG,TX,77471-7136,238220,Corporation,224335,224335,Paid in Full,18,224335,,225920.71,NewFirst National Bank,1076808,"9712767009 (PPP, 04/09/2020): 224,335.00 / 2.5 x 12",yes,20261007T195554Z,20261007T195554Z
3223588404,biz-270,second draw,PPS,02/04/2021,TW MECHANICAL LLC,1005 Airline Dr Ste A,Katy,TX,77493-2529,238220,Limited  Liability Company(LLC),429200,429200,Paid in Full,26,429200,,431822.24,Frost Bank,unknown,business type 'Limited  Liability Company(LLC)' may use owner income/SE basis,yes,20261007T195554Z,20261007T195554Z
9721397007,biz-270,first draw,PPP,04/09/2020,TW MECHANICAL LLC,1005 AIRLINE DR Suite A,KATY,TX,77493-2529,238220,Limited  Liability Company(LLC),332100,332100,Paid in Full,39,332100,,334074.4,Frost Bank,unknown,business type 'Limited  Liability Company(LLC)' may use owner income/SE basis,yes,20261007T195554Z,20261007T195554Z
9756037004,biz-271,first draw,PPP,04/09/2020,DIAL ONE JOHNSON PLUMBING LLC,158 HOOD ST,CEDAR HILL,TX,75104-2041,238220,Limited  Liability Company(LLC),216300,216300,Paid in Full,18,216300,,218679.3,PlainsCapital Bank,unknown,business type 'Limited  Liability Company(LLC)' may use owner income/SE basis,yes,20261007T195554Z,20261007T195554Z
8958648402,biz-272,second draw,PPS,02/14/2021,MIDAIR AIR CONDITIONING & HEATING INC,132 W McLeroy Blvd,Saginaw,TX,76179-1643,238220,Subchapter S Corporation,226851.07,226851.07,Paid in Full,17,226851.07,,230039.59,Pinnacle Bank,1088885,"8958648402 (PPS, 02/14/2021): 226,851.07 / 2.5 x 12",yes,20261007T195554Z,20261007T195554Z
9763237003,biz-272,first draw,PPP,04/09/2020,MIDAIR AIR CONDITIONING & HEATING INC,132 W. MCLEROY BLVD,SAGINAW,TX,76179-1643,238220,Subchapter S Corporation,177800,177800,Paid in Full,21,177800,,178782.84,Pinnacle Bank,853440,"9763237003 (PPP, 04/09/2020): 177,800.00 / 2.5 x 12",yes,20261007T195554Z,20261007T195554Z
7244398305,biz-273,second draw,PPS,01/28/2021,CLADWES ENTERPRISES INC,2050 Sabine Pass Ave,Beaumont,TX,77701-6126,238220,Corporation,201857,201857,Paid in Full,18,201857,,202791.63,Stellar Bank,968914,"7244398305 (PPS, 01/28/2021): 201,857.00 / 2.5 x 12",yes,20261007T195554Z,20261007T195554Z
9764517006,biz-273,first draw,PPP,04/09/2020,CLADWES ENTERPRISES INC,2050 Sabine Pass Ave,Beaumont,TX,77701-6126,238220,Corporation,212732,212732,Paid in Full,15,212732,,214288.15,Stellar Bank,1021114,"9764517006 (PPP, 04/09/2020): 212,732.00 / 2.5 x 12",yes,20261007T195554Z,20261007T195554Z
9795637010,biz-274,first draw,PPP,04/09/2020,CFI MECHANICAL INC,6109 Brittmoore Rd,HOUSTON,TX,77041-5610,238220,Subchapter S Corporation,2984800,2984800,Paid in Full,153,2984800,,3019227.42,"Zions Bank, A Division of",14327040,"9795637010 (PPP, 04/09/2020): 2,984,800.00 / 2.5 x 12",yes,20261007T195554Z,20261007T195554Z
9798397005,biz-275,first draw,PPP,04/09/2020,AIR COMFORT GROUP LLC,590 North Main St,Beaumont,TX,77701-2311,238220,Limited  Liability Company(LLC),316117,316117,Paid in Full,22,316117,,319390.76,Stellar Bank,unknown,business type 'Limited  Liability Company(LLC)' may use owner income/SE basis,yes,20261007T195554Z,20261007T195554Z
9800107010,biz-276,first draw,PPP,04/09/2020,LASITER &LASITER PLUMBLING PARTNERSHIP,6307 MIDWAY RD,HALTOM CITY,TX,76117-5345,238220,Partnership,545900,545900,Paid in Full,47,545900,,548876.28,Frost Bank,unknown,business type 'Partnership' may use owner income/SE basis,yes,20261007T195554Z,20261007T195554Z
9807697004,biz-277,first draw,PPP,04/09/2020,"BASS PLUMBING, LLC",4011 HICKS LN,COLLEGE STATION,TX,77845-3063,238220,Limited  Liability Company(LLC),278400,278400,Paid in Full,32,208800,,282026.93,First Financial Bank,unknown,business type 'Limited  Liability Company(LLC)' may use owner income/SE basis,yes,20261007T195554Z,20261007T195554Z
9808097003,biz-278,first draw,PPP,04/09/2020,AUGERPROS PLUMBING AND DRAIN LLC,1608 TANGLEWOOD DR,ALLEN,TX,75002-1887,238220,Subchapter S Corporation,161100,161100,Paid in Full,12,161100,,163222.99,Frost Bank,773280,"9808097003 (PPP, 04/09/2020): 161,100.00 / 2.5 x 12",yes,20261007T195554Z,20261007T195554Z
9817917002,biz-279,first draw,PPP,04/09/2020,"TOWN EAST HEATING & AIR CONDITIONING CO., LLC",10215 MILLER RD,DALLAS,TX,75238-1205,238220,Limited  Liability Company(LLC),518000,518000,Paid in Full,53,518000,,520824.16,The American National Bank of Texas,unknown,business type 'Limited  Liability Company(LLC)' may use owner income/SE basis,yes,20261007T195554Z,20261007T195554Z
8424338300,biz-280,second draw,PPS,01/29/2021,AIR COMFORT INC.,625 N Main St,Beaumont,TX,77701-1811,238220,Corporation,531962,531962,Paid in Full,41,531962,,536917.26,Stellar Bank,2553418,"8424338300 (PPS, 01/29/2021): 531,962.00 / 2.5 x 12",yes,20261007T195554Z,20261007T195554Z
9836267003,biz-280,first draw,PPP,04/09/2020,AIR COMFORT INC,625 North Main St,Beaumont,TX,77701-1811,238220,Corporation,569412,569412,Paid in Full,38,569412,,576120.14,Stellar Bank,2733178,"9836267003 (PPP, 04/09/2020): 569,412.00 / 2.5 x 12",yes,20261007T195554Z,20261007T195554Z
2216778508,biz-281,second draw,PPS,02/20/2021,PLUMBING WORKS OF HOUSTON LLC,6615 Flintlock Rd,Houston,TX,77040-4318,238220,Limited  Liability Company(LLC),150000,150000,Paid in Full,20,149995,,150776.71,Frost Bank,unknown,business type 'Limited  Liability Company(LLC)' may use owner income/SE basis,yes,20261007T195554Z,20261007T195554Z
9847057005,biz-281,first draw,PPP,04/09/2020,PLUMBING WORKS OF HOUSTON LLC,6615 FLINTLOCK RD,HOUSTON,TX,77040-4318,238220,Limited  Liability Company(LLC),234600,234600,Paid in Full,24,234600,,235879.05,Frost Bank,unknown,business type 'Limited  Liability Company(LLC)' may use owner income/SE basis,yes,20261007T195554Z,20261007T195554Z
9870087001,biz-282,first draw,PPP,04/09/2020,"B-N-T PLUMBING, LLC",1300 Universal City Blvd,UNIVERSAL CITY,TX,78148-3349,238220,Limited  Liability Company(LLC),391600,391600,Paid in Full,33,391600,,393775.56,Broadway National Bank,unknown,business type 'Limited  Liability Company(LLC)' may use owner income/SE basis,yes,20261007T195554Z,20261007T195554Z
9878207005,biz-283,first draw,PPP,04/09/2020,"TEXAS FILTER SERVICE, LLC",10276 ROBINSON DR,TYLER,TX,75703-3417,238220,Limited  Liability Company(LLC),161100,161100,Paid in Full,25,120825,,163108.23,Origin Bank,unknown,business type 'Limited  Liability Company(LLC)' may use owner income/SE basis,yes,20261007T195554Z,20261007T195554Z
9884317010,biz-284,first draw,PPP,04/09/2020,M.E. PLUMBING LLC,925 S AUSTIN ST,SEGUIN,TX,78155-6528,238220,Subchapter S Corporation,228555,228555,Paid in Full,22,228555,,230050.86,Texas Champion Bank,1097064,"9884317010 (PPP, 04/09/2020): 228,555.00 / 2.5 x 12",yes,20261007T195554Z,20261007T195554Z
7316938301,biz-285,second draw,PPS,01/28/2021,MECHANICAL PIPING SYSTEMS INC,17413 FM 2920 Rd Ste L,Tomball,TX,77377-6049,238220,Corporation,417033.32,417033.32,Paid in Full,22,417028.32,,420844.54,First Financial Bank,2001760,"7316938301 (PPS, 01/28/2021): 417,033.32 / 2.5 x 12",yes,20261007T195554Z,20261007T195554Z
9884457006,biz-285,first draw,PPP,04/09/2020,"MECHANICAL PIPING SYSTEMS, INC.",17413 FM 2920 RD BLG L,TOMBALL,TX,77377-5908,238220,Corporation,423038,423038,Paid in Full,21,317278.5,,427656.16,First Financial Bank,2030582,"9884457006 (PPP, 04/09/2020): 423,038.00 / 2.5 x 12",yes,20261007T195554Z,20261007T195554Z
9907427001,biz-286,first draw,PPP,04/09/2020,LEATHERWOOD PLUMBING HEATING & A/C,1900 Lubbock Hwy,LAMESA,TX,79331-3333,238220,Sole Proprietorship,132892,153725,Paid in Full,13,153725,,155911.31,The Lamesa National Bank,unknown,business type 'Sole Proprietorship' may use owner income/SE basis; current amount differs from initial approval,yes,20261007T195554Z,20261007T195554Z
9914257007,biz-287,first draw,PPP,04/09/2020,"COTE'S MECHANICAL, LLC",6947 CHISUM RD,SANGER,TX,76266-2957,238220,Limited  Liability Company(LLC),321141.67,344554,Paid in Full,29,344554,,349195.34,Pointbank,unknown,business type 'Limited  Liability Company(LLC)' may use owner income/SE basis; current amount differs from initial approval,yes,20261007T195554Z,20261007T195554Z
7896468308,biz-288,second draw,PPS,01/28/2021,INNOVATION HVAC SERVICES LLC,9726 Brockbank Dr,Dallas,TX,75220-2935,238220,Limited  Liability Company(LLC),204600,204600,Paid in Full,22,204598,,206674.03,First United Bank and Trust Company,unknown,business type 'Limited  Liability Company(LLC)' may use owner income/SE basis,yes,20261007T195554Z,20261007T195554Z
9917047009,biz-288,first draw,PPP,04/09/2020,INNOVATION HVAC SERVICES,9726 BROCKBANK DR,DALLAS,TX,75220-2935,238220,Limited  Liability Company(LLC),204600,204600,Paid in Full,18,201572,,206169.53,First United Bank and Trust Company,unknown,business type 'Limited  Liability Company(LLC)' may use owner income/SE basis,yes,20261007T195554Z,20261007T195554Z
9939387007,biz-289,first draw,PPP,04/09/2020,"QUANTUM MECHANICAL SERVICES, INC.",5001 RONDO DR STE 100,FORT WORTH,TX,76106-1826,238220,Corporation,1453709.85,1453709.85,Paid in Full,85,1453709.85,,1467802.76,Southside Bank,6977807,"9939387007 (PPP, 04/09/2020): 1,453,709.85 / 2.5 x 12",yes,20261007T195554Z,20261007T195554Z
9944827002,biz-290,first draw,PPP,04/09/2020,POPE PLUMBING CO INC,3205 Main St,Rowlett,TX,75088,238220,Corporation,172585,172585,Paid in Full,12,172585,,173716.94,Lakeside Bank,828408,"9944827002 (PPP, 04/09/2020): 172,585.00 / 2.5 x 12",yes,20261007T195554Z,20261007T195554Z
9952827002,biz-291,first draw,PPP,04/09/2020,"GILLETTE AIR CONDITIONING CO., INC.",1215 SAN FRANCISCO,SAN ANTONIO,TX,78201-4639,238220,Corporation,1819000,1819000,Paid in Full,165,1819000,,1829814.33,Frost Bank,8731200,"9952827002 (PPP, 04/09/2020): 1,819,000.00 / 2.5 x 12",yes,20261007T195554Z,20261007T195554Z
9970157006,biz-292,first draw,PPP,04/09/2020,WILSON-MCLAIN PLUMBING,4401 MASCH BRANCH ROAD,KRUM,TX,76249-6838,238220,Limited  Liability Company(LLC),930700,930700,Paid in Full,72,930700,,942850.81,Independent Bank d/b/a Independent Financial,unknown,business type 'Limited  Liability Company(LLC)' may use owner income/SE basis,yes,20261007T195554Z,20261007T195554Z
9987017006,biz-293,first draw,PPP,04/09/2020,"ALMCOE REFRIGERATION COMPANY, LLC",4050 CRESTHILL RD,DALLAS,TX,75227-4008,238220,Limited  Liability Company(LLC),1570700,1194500,Paid in Full,102,1102459,,1207108.61,Independent Bank d/b/a Independent Financial,unknown,business type 'Limited  Liability Company(LLC)' may use owner income/SE basis; current amount differs from initial approval,yes,20261007T195554Z,20261007T195554Z
9997937004,biz-294,first draw,PPP,04/09/2020,"TEXAS GENERAL MECHANICAL, LLC",309 US HIGHWAY 80,SUNNYVALE,TX,75182-9259,238220,Limited  Liability Company(LLC),259732.5,259732.5,Paid in Full,28,259732.5,,261639.58,Inwood National Bank,unknown,business type 'Limited  Liability Company(LLC)' may use owner income/SE basis,yes,20261007T195554Z,20261007T195554Z
1231027100,biz-295,first draw,PPP,04/10/2020,LETSOS COMPANY,8435 Westglen Drive 0.0,Houston,TX,77063-6311,238220,Subchapter S Corporation,7271670,7271670,Paid in Full,388,5672363,0,7365498.78,"JPMorgan Chase Bank, National Association",34904016,"1231027100 (PPP, 04/10/2020): 7,271,670.00 / 2.5 x 12",yes,20261007T195554Z,20261007T195554Z
1286957105,biz-296,first draw,PPP,04/10/2020,"BLANN'S SEWER & DRAIN SERVICE, LLC",1809 TOPLEA DR,EULESS,TX,76040-4012,238220,Limited  Liability Company(LLC),242100,242100,Paid in Full,21,181575,,244642.05,First Financial Bank,unknown,business type 'Limited  Liability Company(LLC)' may use owner income/SE basis,yes,20261007T195554Z,20261007T195554Z
1290717106,biz-297,first draw,PPP,04/10/2020,GEORGE PLUMBING CO. INC,12 BURWOOD LN,SAN ANTONIO,TX,78216-7080,238220,Corporation,192100,192100,Paid in Full,14,144075,,193264.98,Broadway National Bank,922080,"1290717106 (PPP, 04/10/2020): 192,100.00 / 2.5 x 12",yes,20261007T195554Z,20261007T195554Z
7037108307,biz-297,second draw,PPS,01/27/2021,GEORGE PLUMBING CO.,12 Burwood Ln,San Antonio,TX,78216-7080,238220,Corporation,186085,186085,Paid in Full,15,186081,,188219.81,Broadway National Bank,893208,"7037108307 (PPS, 01/27/2021): 186,085.00 / 2.5 x 12",yes,20261007T195554Z,20261007T195554Z
1316717105,biz-298,first draw,PPP,04/10/2020,PLATINUM POOL PLUMBING LLC,4500 BLALOCK RD,HOUSTON,TX,77041-9121,238220,Limited  Liability Company(LLC),172700,172700,Paid in Full,26,172700,,174201.53,Truist Bank,unknown,business type 'Limited  Liability Company(LLC)' may use owner income/SE basis,yes,20261007T195554Z,20261007T195554Z
1353927108,biz-299,first draw,PPP,04/10/2020,"BOLIN PLUMBING, LTD.",13407 WESTERN OAK DR,HELOTES,TX,78023-4320,238220,Partnership,340100,340100,Paid in Full,31,340100,,344544.59,Frost Bank,unknown,business type 'Partnership' may use owner income/SE basis,yes,20261007T195554Z,20261007T195554Z
1382337107,biz-300,first draw,PPP,04/10/2020,TEXAS BUILT PLUMBING LLC,5001 NORTH FWY STE 147,FORT WORTH,TX,76106-1811,238220,Limited  Liability Company(LLC),281700,281700,Paid in Full,24,281700,,284208.29,Frost Bank,unknown,business type 'Limited  Liability Company(LLC)' may use owner income/SE basis,yes,20261007T195554Z,20261007T195554Z
1414327110,biz-301,first draw,PPP,04/10/2020,"RICH PLUMBING, LLC",8409 S 1ST ST,AUSTIN,TX,78748-5412,238220,Limited  Liability Company(LLC),207300,207300,Paid in Full,25,160000,,208774.13,Broadway National Bank,unknown,business type 'Limited  Liability Company(LLC)' may use owner income/SE basis,yes,20261007T195554Z,20261007T195554Z
1416337106,biz-302,first draw,PPP,04/10/2020,CENTRAL AIR & HEATING SERVICE INC,3028 WILSON RD,HARLINGEN,TX,78552-5018,238220,Subchapter S Corporation,957640,957640,Paid in Full,91,957640,,965327.36,Texas Regional Bank,4596672,"1416337106 (PPP, 04/10/2020): 957,640.00 / 2.5 x 12",yes,20261007T195554Z,20261007T195554Z
4967618310,biz-302,second draw,PPS,01/23/2021,CENTRAL AIR AND HEATING SERVICE INC.,3028 Wilson Rd,Harlingen,TX,78552-5018,238220,Subchapter S Corporation,957640,957640,Paid in Full,91,957636,,962966.05,Texas Regional Bank,4596672,"4967618310 (PPS, 01/23/2021): 957,640.00 / 2.5 x 12",yes,20261007T195554Z,20261007T195554Z
1445327102,biz-303,first draw,PPP,04/10/2020,A & G PIPING INC,3124 WICHITA CT,FORT WORTH,TX,76140-1754,238220,Corporation,1497300,1497300,Paid in Full,82,1497300,,1507719.57,The American National Bank of Texas,7187040,"1445327102 (PPP, 04/10/2020): 1,497,300.00 / 2.5 x 12",yes,20261007T195554Z,20261007T195554Z
1453457106,biz-304,first draw,PPP,04/10/2020,"BRADBURY BROTHERS, LLC",30045 FM 2978 Rd.,Magnolia,TX,77354,238220,Limited  Liability Company(LLC),610215,610215,Paid in Full,7,488172,,616818.7,Veritex Community Bank,unknown,business type 'Limited  Liability Company(LLC)' may use owner income/SE basis; implied pay per reported job reaches $100K cap,yes,20261007T195554Z,20261007T195554Z
1470317101,biz-305,first draw,PPP,04/10/2020,BEYER MECHANICAL LTD,4711 BROOM ST,SAN ANTONIO,TX,78217-3708,238220,Corporation,1456400,1456400,Paid in Full,129,1456400,,1467332.98,Frost Bank,6990720,"1470317101 (PPP, 04/10/2020): 1,456,400.00 / 2.5 x 12",yes,20261007T195554Z,20261007T195554Z
1471267101,biz-306,first draw,PPP,04/10/2020,SCHMIDT MECHANICAL GROUP INC,10927 WYE DR,SAN ANTONIO,TX,78217-2613,238220,Subchapter S Corporation,346000,346000,Paid in Full,25,346000,,347857.97,Frost Bank,1660800,"1471267101 (PPP, 04/10/2020): 346,000.00 / 2.5 x 12",yes,20261007T195554Z,20261007T195554Z
1477687110,biz-307,first draw,PPP,04/10/2020,TEXAS MECHANICAL CONTRACTORS LLC,6936 COMMERCE AVE,EL PASO,TX,79915-1102,238220,Limited  Liability Company(LLC),596300,596300,Paid in Full,68,596300,,600076.57,WestStar Bank,unknown,business type 'Limited  Liability Company(LLC)' may use owner income/SE basis,yes,20261007T195554Z,20261007T195554Z
3672768503,biz-307,second draw,PPS,02/24/2021,TEXAS MECHANICAL CONTRACTORS LLC,6936 Commerce Ave,El Paso,TX,79915-1102,238220,Limited  Liability Company(LLC),607487,607487,Paid in Full,60,607487,,611570.66,WestStar Bank,unknown,business type 'Limited  Liability Company(LLC)' may use owner income/SE basis,yes,20261007T195554Z,20261007T195554Z
1479527101,biz-308,first draw,PPP,04/10/2020,HAWK PLUMBING HEATING AND AIR CONDITIONING,8506 SPRING STREET,FORT WORTH,TX,76179-2929,238220,Corporation,348405,348405,Paid in Full,30,278724,,350991.79,Veritex Community Bank,1672344,"1479527101 (PPP, 04/10/2020): 348,405.00 / 2.5 x 12",yes,20261007T195554Z,20261007T195554Z
1504517101,biz-309,first draw,PPP,04/10/2020,"DUNCAN HEATING AND AIR CONDITIONING, INC.",7437 MARSHA SHARP FWY,LUBBOCK,TX,79407-8246,238220,Corporation,154600,154600,Paid in Full,15,154600,,155566.19,"First Bank and Trust, A Division of HTLF Bank",742080,"1504517101 (PPP, 04/10/2020): 154,600.00 / 2.5 x 12",yes,20261007T195554Z,20261007T195554Z
1508667108,biz-310,first draw,PPP,04/10/2020,TEXAS RRL LTD,1019 Explorer St,Duncanville,TX,75137-3013,238220,Partnership,161000,161000,Paid in Full,12,161000,,162086.91,"Bank of DeSoto, National Association",unknown,business type 'Partnership' may use owner income/SE basis,yes,20261007T195554Z,20261007T195554Z
1513517103,biz-311,first draw,PPP,04/10/2020,NICK'S PLUMBING & SEWER SERVICES INC,1420 N DURHAM DR,HOUSTON,TX,77008-3736,238220,Corporation,326500,326500,Paid in Full,45,291850,,329257.11,Comerica Bank,1567200,"1513517103 (PPP, 04/10/2020): 326,500.00 / 2.5 x 12",yes,20261007T195554Z,20261007T195554Z
1525587110,biz-312,first draw,PPP,04/10/2020,TEXAS PLUMBING CONTRACTORS LLC,6936 COMMERCE AVE,EL PASO,TX,79915-1102,238220,Limited  Liability Company(LLC),562400,562400,Paid in Full,63,562400,,566008.73,WestStar Bank,unknown,business type 'Limited  Liability Company(LLC)' may use owner income/SE basis,yes,20261007T195554Z,20261007T195554Z
3882448510,biz-312,second draw,PPS,02/24/2021,TEXAS PLUMBING CONTRACTORS LLC,6936 Commerce Ave,El Paso,TX,79915-1102,238220,Limited  Liability Company(LLC),638577.17,638577.17,Paid in Full,51,638577.17,,642798.87,WestStar Bank,unknown,business type 'Limited  Liability Company(LLC)' may use owner income/SE basis,yes,20261007T195554Z,20261007T195554Z
1545957100,biz-313,first draw,PPP,04/10/2020,"E. L. SMITH PLUMBING & HEATING, INC",2013 WEST AVE,SAN ANTONIO,TX,78201-2868,238220,Corporation,150300,150300,Paid in Full,15,150300,,151193.56,Frost Bank,721440,"1545957100 (PPP, 04/10/2020): 150,300.00 / 2.5 x 12",yes,20261007T195554Z,20261007T195554Z
5241628406,biz-313,second draw,PPS,02/08/2021,E. L. SMITH PLUMBING & HEATING INC,2013 West Ave,San Antonio,TX,78201-2868,238220,Corporation,156100,156100,Paid in Full,15,156097,,157062.26,Frost Bank,749280,"5241628406 (PPS, 02/08/2021): 156,100.00 / 2.5 x 12",yes,20261007T195554Z,20261007T195554Z
1567087100,biz-314,first draw,PPP,04/10/2020,"C3 HOME AND COMMERCIAL SERVICES, INC",1710 First St. E,SPRING,TX,77388-5233,238220,Corporation,245900,245900,Paid in Full,28,245900,,248878.12,Woodforest National Bank,1180320,"1567087100 (PPP, 04/10/2020): 245,900.00 / 2.5 x 12",yes,20261007T195554Z,20261007T195554Z
1577817109,biz-315,first draw,PPP,04/10/2020,WELCH HVAC INCORPORATED,118 LYNN AVE Ste 602,LEWISVILLE,TX,75057-3700,238220,Corporation,202800,202800,Paid in Full,15,178460,,204583.53,First United Bank and Trust Company,973440,"1577817109 (PPP, 04/10/2020): 202,800.00 / 2.5 x 12",yes,20261007T195554Z,20261007T195554Z
8388688509,biz-315,second draw,PPS,03/09/2021,WELCH HVAC INC.,118 Lynn Ave Ste 602,Lewisville,TX,75057-3706,238220,Corporation,282700,282700,Paid in Full,16,282700,,284287.77,Frost Bank,1356960,"8388688509 (PPS, 03/09/2021): 282,700.00 / 2.5 x 12",yes,20261007T195554Z,20261007T195554Z
1592817107,biz-316,first draw,PPP,04/10/2020,"AMC SERVICES, INC",9100 US Hwy 380,CROSSROADS,TX,76227-2538,238220,Subchapter S Corporation,163300,163300,Paid in Full,14,122475,,164861.42,First United Bank and Trust Company,783840,"1592817107 (PPP, 04/10/2020): 163,300.00 / 2.5 x 12",yes,20261007T195554Z,20261007T195554Z
1593107108,biz-317,first draw,PPP,04/10/2020,"YOUNG & PRATT, INC",12822 OLD KIMBRO RD,MANOR,TX,78653-4519,238220,Corporation,2000400,1763900,Paid in Full,121,1644400,,1781832.98,Independent Bank d/b/a Independent Financial,unknown,current amount differs from initial approval,yes,20261007T195554Z,20261007T195554Z
1606557103,biz-318,first draw,PPP,04/10/2020,"E AND E AIR CONDITIONING, INC.","801 Union Pacific Blvd, Suite 1",LAREDO,TX,78045-9451,238220,Corporation,230700,230700,Paid in Full,35,230700,,233987.48,International Bank of Commerce,1107360,"1606557103 (PPP, 04/10/2020): 230,700.00 / 2.5 x 12",yes,20261007T195554Z,20261007T195554Z
1620597100,biz-319,first draw,PPP,04/10/2020,"NATIONAL NETWORK SERVICES, INC.",389 WEST ROCK ISLAND RD,GRAND PRAIRIE,TX,75050-6518,238220,Corporation,356500,356500,Paid in Full,35,330398.98,,360649.26,Independent Bank d/b/a Independent Financial,1711200,"1620597100 (PPP, 04/10/2020): 356,500.00 / 2.5 x 12",yes,20261007T195554Z,20261007T195554Z
9956808501,biz-319,second draw,PPS,03/12/2021,NATIONAL NETWORK SERVICES INC.,389 W Rock Island Rd 1345 Garza Ln Little Elm,Grand Prairie,TX,75050-6518,238220,Corporation,407479.2,407479.2,Paid in Full,35,407479.2,,410105.18,Independent Bank d/b/a Independent Financial,1955900,"9956808501 (PPS, 03/12/2021): 407,479.20 / 2.5 x 12",yes,20261007T195554Z,20261007T195554Z
1621947100,biz-320,first draw,PPP,04/10/2020,"MESA MECHANICAL, INC.",3514 PINEMONT DR,HOUSTON,TX,77018-1332,238220,Corporation,2036600,1400000,Paid in Full,221,1282000,,1411083.33,Independent Bank d/b/a Independent Financial,unknown,current amount differs from initial approval,yes,20261007T195554Z,20261007T195554Z
1688957108,biz-321,first draw,PPP,04/10/2020,"DJR, INC","9201 BROWN LN, Ste 141",AUSTIN,TX,78754-4007,238220,Corporation,2500000,2500000,Charged Off,325,2500000,,2461087.31,"Newtek Small Business Finance, Inc.",12000000,"1688957108 (PPP, 04/10/2020): 2,500,000.00 / 2.5 x 12",yes,20261007T195554Z,20261007T195554Z
1729557103,biz-322,first draw,PPP,04/10/2020,RAMZEL CONSTRUCTION INC.,27759 LAUREL BLOOM,SAN ANTONIO,TX,78260-1433,238220,Subchapter S Corporation,241300,241300,Paid in Full,25,241300,,243574.17,Frost Bank,1158240,"1729557103 (PPP, 04/10/2020): 241,300.00 / 2.5 x 12",yes,20261007T195554Z,20261007T195554Z
1744397101,biz-323,first draw,PPP,04/10/2020,"FOX & HEARN, INC",4400 Brandt Road,Austin,TX,78744-7906,238220,Corporation,487100,487100,Paid in Full,37,487100,,491050.18,"Lone Star Capital Bank, National Association",2338080,"1744397101 (PPP, 04/10/2020): 487,100.00 / 2.5 x 12",yes,20261007T195554Z,20261007T195554Z
1776727109,biz-324,first draw,PPP,04/10/2020,"MISSION PLUMBING, HEATING, AND AIR CONDITIONING CO., INC",15440 TRADESMAN,SAN ANTONIO,TX,78249-1319,238220,Corporation,955800,955800,Paid in Full,50,940000,,961561.35,Broadway National Bank,4587840,"1776727109 (PPP, 04/10/2020): 955,800.00 / 2.5 x 12",yes,20261007T195554Z,20261007T195554Z
1807197109,biz-325,first draw,PPP,04/10/2020,"SERVICE WIZARD, INC.",13702 THERMAL DR,AUSTIN,TX,78728-7732,238220,Subchapter S Corporation,299354.77,299354.77,Paid in Full,22,299354.77,,301142.58,Southside Bank,1436903,"1807197109 (PPP, 04/10/2020): 299,354.77 / 2.5 x 12",yes,20261007T195554Z,20261007T195554Z
1823387107,biz-326,first draw,PPP,04/10/2020,STAR AC SUPPLY,831 111TH ST #100,ARLINGTON,TX,76011-7618,238220,Limited  Liability Company(LLC),219102,219102,Paid in Full,17,219102,,220806.79,Texas Bank and Trust Company,unknown,business type 'Limited  Liability Company(LLC)' may use owner income/SE basis,yes,20261007T195554Z,20261007T195554Z
1832117109,biz-327,first draw,PPP,04/10/2020,"ARCHIMEDES, INC.",5403 KIRBY DR,HOUSTON,TX,77005-2401,238220,Subchapter S Corporation,1244800,1244800,Paid in Full,97,1244800,,1251689.03,"Texas Gulf Bank, National Association",5975040,"1832117109 (PPP, 04/10/2020): 1,244,800.00 / 2.5 x 12",yes,20261007T195554Z,20261007T195554Z
1832657107,biz-328,first draw,PPP,04/10/2020,"AIR 817, INC.",5808 DENTON HWY,HALTOM CITY,TX,76148-3721,238220,Subchapter S Corporation,166400,166400,Paid in Full,47,166400,,168579.16,Frost Bank,798720,"1832657107 (PPP, 04/10/2020): 166,400.00 / 2.5 x 12",yes,20261007T195554Z,20261007T195554Z
1851717107,biz-329,first draw,PPP,04/10/2020,"GOODE BROS HEATING & A/C, INC",P O Box 603,White Oak,TX,75693,238220,Corporation,150550,150550,Paid in Full,12,150550,,151461.66,Community Bank,722640,"1851717107 (PPP, 04/10/2020): 150,550.00 / 2.5 x 12",yes,20261007T195554Z,20261007T195554Z
1870777109,biz-330,first draw,PPP,04/10/2020,"C.A.W. HVAC, INC.",3301 US HIGHWAY 281,ALICE,TX,78332-2966,238220,Subchapter S Corporation,183632.57,183632.57,Paid in Full,21,183632.57,,184880.27,Texas Champion Bank,881436,"1870777109 (PPP, 04/10/2020): 183,632.57 / 2.5 x 12",yes,20261007T195554Z,20261007T195554Z
1876827101,biz-331,first draw,PPP,04/10/2020,"GARLAND HEATING AND AIR CONDITIONING CO., INC.",2113 S. GARLAND AVE,GARLAND,TX,75041-1502,238220,Corporation,270477.5,270477.5,Paid in Full,28,270477.5,,272952.55,Inwood National Bank,1298292,"1876827101 (PPP, 04/10/2020): 270,477.50 / 2.5 x 12",yes,20261007T195554Z,20261007T195554Z
1906367107,biz-332,first draw,PPP,04/10/2020,"BEYER PLUMBING COMPANY, LTD",4711 BROOM ST,SAN ANTONIO,TX,78217-3708,238220,Corporation,979800,979800,Paid in Full,80,979800,,987155.21,Frost Bank,4703040,"1906367107 (PPP, 04/10/2020): 979,800.00 / 2.5 x 12",yes,20261007T195554Z,20261007T195554Z
1907987107,biz-333,first draw,PPP,04/10/2020,"ENTECH HOLDINGS, INC.",3404 GARDEN BROOK DR,DALLAS,TX,75234-2444,238220,Employee Stock Ownership Plan(ESOP),7177672,7177672,Paid in Full,420,7177672,,7261444.28,"Dallas Capital Bank, National Association",unknown,business type 'Employee Stock Ownership Plan(ESOP)' may use owner income/SE basis,yes,20261007T195554Z,20261007T195554Z
1930647108,biz-334,first draw,PPP,04/10/2020,F G HAGGERTY COMPANY INC,1318 Hatton Road,Wichita Falls,TX,76302-3008,238220,Corporation,1127032.82,1127032.82,Paid in Full,100,1127032.82,,1134421.15,First National Bank,5409758,"1930647108 (PPP, 04/10/2020): 1,127,032.82 / 2.5 x 12",yes,20261007T195554Z,20261007T195554Z
1983007108,biz-335,first draw,PPP,04/10/2020,KEN GURRY CORPORATION,813 MEDICAL CENTER BLVD,WEBSTER,TX,77598-4007,238220,Corporation,162000,204000,Paid in Full,17,204000,,205861.15,b1BANK,unknown,current amount differs from initial approval,yes,20261007T195554Z,20261007T195554Z
1063038306,biz-336,second draw,PPS,01/16/2021,TEXAS WATER MASTER INC,1017 Energy Dr,Abilene,TX,79602-7948,238220,Subchapter S Corporation,231100,231100,Paid in Full,17,231096,,232562.58,First State Bank,1109280,"1063038306 (PPS, 01/16/2021): 231,100.00 / 2.5 x 12",yes,20261007T195554Z,20261007T195554Z
2009067105,biz-336,first draw,PPP,04/10/2020,TEXAS WATER MASTER INC,1017 Energy Drive,ABILENE,TX,79602-7948,238220,Subchapter S Corporation,243700,243700,Paid in Full,19,243700,,245076.36,First State Bank,1169760,"2009067105 (PPP, 04/10/2020): 243,700.00 / 2.5 x 12",yes,20261007T195554Z,20261007T195554Z
2009907108,biz-337,first draw,PPP,04/10/2020,TEXAIR COMPANY INC,2201 W Expresway 83,MCALLEN,TX,78504,238220,Corporation,495800,495800,Paid in Full,39,411719,,498716.33,PlainsCapital Bank,2379840,"2009907108 (PPP, 04/10/2020): 495,800.00 / 2.5 x 12",yes,20261007T195554Z,20261007T195554Z
2012237109,biz-338,first draw,PPP,04/10/2020,CAC ENTERPRISES INC,450 Kings Hwy,TEXARKANA,TX,75501-5783,238220,Corporation,206800,206800,Paid in Full,13,206800,,207944.48,Red River Employees Federal Credit Union,992640,"2012237109 (PPP, 04/10/2020): 206,800.00 / 2.5 x 12",yes,20261007T195554Z,20261007T195554Z
2012357110,biz-339,first draw,PPP,04/10/2020,"BEST PLUMBING, L.L.C.",7802 FARNSWORTH,HOUSTON,TX,77022,238220,Limited  Liability Company(LLC),609800,609800,Paid in Full,41,609800,,613814.52,Woodforest National Bank,unknown,business type 'Limited  Liability Company(LLC)' may use owner income/SE basis,yes,20261007T195554Z,20261007T195554Z
9384978510,biz-339,second draw,PPS,03/12/2021,BEST PLUMBING L.L.C.,7802 Farnsworth St,Houston,TX,77022-3223,238220,Limited  Liability Company(LLC),591612,591612,Paid in Full,38,591610,,594208.52,Woodforest National Bank,unknown,business type 'Limited  Liability Company(LLC)' may use owner income/SE basis,yes,20261007T195554Z,20261007T195554Z
2024707105,biz-340,first draw,PPP,04/10/2020,CWS SERVICES,199 LONELY OAKS LN,KILLEEN,TX,76542-5655,238220,Partnership,314100,314100,Paid in Full,31,314100,,316414.87,Cadence Bank,unknown,business type 'Partnership' may use owner income/SE basis,yes,20261007T195554Z,20261007T195554Z
2091857104,biz-341,first draw,PPP,04/10/2020,"HOLTS MECHANICAL, LTD.",5522 Rittiman Rd.,SAN ANTONIO,TX,78218-4703,238220,Partnership,678750,678750,Paid in Full,46,509062.5,,683614.38,Texas Partners Bank,unknown,business type 'Partnership' may use owner income/SE basis,yes,20261007T195554Z,20261007T195554Z
8800378306,biz-341,second draw,PPS,01/30/2021,HOLTS MECHANICAL LTD.,5522 Rittiman Rd,San Antonio,TX,78218-4703,238220,Partnership,678942.75,678942.75,Paid in Full,37,678940.75,,683751.93,Texas Partners Bank,unknown,business type 'Partnership' may use owner income/SE basis,yes,20261007T195554Z,20261007T195554Z
2098817106,biz-342,first draw,PPP,04/10/2020,"HCB MECHANICAL, INC.",13215 Weiman,Houston,TX,77041-2539,238220,Corporation,186095,186095,Paid in Full,13,186095,,187869.28,Stellar Bank,893256,"2098817106 (PPP, 04/10/2020): 186,095.00 / 2.5 x 12",yes,20261007T195554Z,20261007T195554Z
2152597103,biz-343,first draw,PPP,04/10/2020,CAPSTONE MECHANICAL LP,7100 IMPERIAL DR,WACO,TX,76712-6817,238220,Partnership,1425000,1425000,Paid in Full,139,1312822,,1438547.26,The First Bank of Celeste,unknown,business type 'Partnership' may use owner income/SE basis,yes,20261007T195554Z,20261007T195554Z
2226567109,biz-344,first draw,PPP,04/10/2020,S&B AIR CONDITIONING & PLUMBING SERVICES OF HOUSTON INC,12806 E. BOURNEWOOD DR,SUGAR LAND,TX,77478-2569,238220,Corporation,325400,325400,Paid in Full,32,325400,,327218.67,Frost Bank,1561920,"2226567109 (PPP, 04/10/2020): 325,400.00 / 2.5 x 12",yes,20261007T195554Z,20261007T195554Z
2281717109,biz-345,first draw,PPP,04/10/2020,DISCOVERY PLUMBING SOLUTIONS INC.,12902 HAYNES RD STE D,HOUSTON,TX,77066-1110,238220,Corporation,266482,266482,Paid in Full,25,266482,,268532.43,Trustmark National Bank,1279114,"2281717109 (PPP, 04/10/2020): 266,482.00 / 2.5 x 12",yes,20261007T195554Z,20261007T195554Z
2416428502,biz-345,second draw,PPS,02/20/2021,DISCOVERY PLUMBING SOLUTIONS INC.,12902 Haynes Rd Ste D,Houston,TX,77066-1119,238220,Corporation,216781,269980,Paid in Full,24,269980,,271762.61,Trustmark National Bank,unknown,current amount differs from initial approval,yes,20261007T195554Z,20261007T195554Z
2284597105,biz-346,first draw,PPP,04/10/2020,ROESSLER EQUIPMENT COMPANY INC,5805 SCHUMACHER LAND,HOUSTON,TX,77057-7108,238220,Subchapter S Corporation,453200,482400,Paid in Full,28,362602,,487679.6,Independent Bank d/b/a Independent Financial,unknown,current amount differs from initial approval,yes,20261007T195554Z,20261007T195554Z
2312727105,biz-347,first draw,PPP,04/10/2020,SMITH COMMERCAIL CONTRACTING INC,10400 Rodgers Road,HOUSTON,TX,77070-1642,238220,Corporation,237068,237068,Paid in Full,17,237068,,238379.99,Simmons Bank,1137926,"2312727105 (PPP, 04/10/2020): 237,068.00 / 2.5 x 12",yes,20261007T195554Z,20261007T195554Z
2317907110,biz-348,first draw,PPP,04/10/2020,"BACON PLUMBING, INC.",295 RANCH TRL,ROCKWALL,TX,75032-6030,238220,Subchapter S Corporation,211200,211200,Paid in Full,38,211200,,213945.6,Alliance Bank,1013760,"2317907110 (PPP, 04/10/2020): 211,200.00 / 2.5 x 12",yes,20261007T195554Z,20261007T195554Z
4788168605,biz-348,second draw,PPS,03/20/2021,BACON PLUMBING INC.,295 Ranch Trl,Rockwall,TX,75032-6030,238220,Subchapter S Corporation,211200,211200,Paid in Full,60,211194,,213300.27,Alliance Bank,1013760,"4788168605 (PPS, 03/20/2021): 211,200.00 / 2.5 x 12",yes,20261007T195554Z,20261007T195554Z
1693888308,biz-349,second draw,PPS,01/19/2021,ACCENT PLUMBING INC,21101 FM 685,Pflugerville,TX,78660-7685,238220,Corporation,462500,462500,Paid in Full,42,462497,,464945.55,R Bank,2220000,"1693888308 (PPS, 01/19/2021): 462,500.00 / 2.5 x 12",yes,20261007T195554Z,20261007T195554Z
2366007107,biz-349,first draw,PPP,04/10/2020,"ACCENT PLUMBING, INC.",21101 FM 685,PFLUGERVILLE,TX,78660-7685,238220,Corporation,476200,476200,Paid in Full,47,476200,,479722.58,R Bank,2285760,"2366007107 (PPP, 04/10/2020): 476,200.00 / 2.5 x 12",yes,20261007T195554Z,20261007T195554Z
2406537108,biz-350,first draw,PPP,04/10/2020,AINSWORTH AIR LP,905 W Archer,Baytown,TX,77521-9025,238220,Partnership,180000,180000,Paid in Full,14,180000,,181257.53,Third Coast Bank,unknown,business type 'Partnership' may use owner income/SE basis,yes,20261007T195554Z,20261007T195554Z
2433777105,biz-351,first draw,PPP,04/10/2020,"1-800-PLUMBER OF PEARLAND, LLC",3905 HALIK ST,PEARLAND,TX,77581-2903,238220,Limited  Liability Company(LLC),228900,228900,Paid in Full,15,228900,,231295.61,Frost Bank,unknown,business type 'Limited  Liability Company(LLC)' may use owner income/SE basis,yes,20261007T195554Z,20261007T195554Z
2494687106,biz-352,first draw,PPP,04/10/2020,"THERMACON SERVICE COMPANY, INC.",255 Interstate 10 South,BEAUMONT,TX,77702,238220,Corporation,330200,330200,Paid in Full,26,330200,,334614.73,"Zions Bank, A Division of",1584960,"2494687106 (PPP, 04/10/2020): 330,200.00 / 2.5 x 12",yes,20261007T195554Z,20261007T195554Z
2514747109,biz-353,first draw,PPP,04/10/2020,"BOB'S AIR CONDITIONING & HEATING, INC.",305 HOUSTON AVE,LEAGUE CITY,TX,77573-2137,238220,Corporation,374300,374300,Paid in Full,27,354850,,377959.82,Texas First Bank,1796640,"2514747109 (PPP, 04/10/2020): 374,300.00 / 2.5 x 12",yes,20261007T195554Z,20261007T195554Z
2515057105,biz-354,first draw,PPP,04/10/2020,"HILL COUNTRY PRO HVAC, CORP D.B.A GEMINI",18 INDIAN MEADOWS DR #510,ROUND ROCK,TX,78665-2526,238220,Corporation,439500,392700,Paid in Full,45,359164,,396136.12,Independent Bank d/b/a Independent Financial,unknown,current amount differs from initial approval,yes,20261007T195554Z,20261007T195554Z
2535837100,biz-355,first draw,PPP,04/10/2020,HARDIN PLUMBING CO INC,1090 Industrial Drive,KERRVILLE,TX,78028-0001,238220,Corporation,210700,210700,Paid in Full,26,210700,,213690.77,First State Bank,1011360,"2535837100 (PPP, 04/10/2020): 210,700.00 / 2.5 x 12",yes,20261007T195554Z,20261007T195554Z
2546217108,biz-356,first draw,PPP,04/10/2020,J FERG PLUMBING PROS INC.,11513 HWY 62/82,WOLFFORTH,TX,79382-5120,238220,Corporation,150600,150600,Paid in Full,14,150600,,152522.73,"First Bank and Trust, A Division of HTLF Bank",722880,"2546217108 (PPP, 04/10/2020): 150,600.00 / 2.5 x 12",yes,20261007T195554Z,20261007T195554Z
2559707101,biz-357,first draw,PPP,04/10/2020,"DERRYBERRY'S, L.P.",2203 W CEDAR BAYOU LYNCHBURG RD,BAYTOWN,TX,77521-1641,238220,Partnership,1107000,1107000,Paid in Full,98,1074150,,1117762.5,Texas First Bank,unknown,business type 'Partnership' may use owner income/SE basis,yes,20261007T195554Z,20261007T195554Z
7608628609,biz-357,second draw,PPS,03/24/2021,DERRYBERRY'S LP,2203 W Cedar Bayou Lynchburg Rd,Baytown,TX,77521-1641,238220,Partnership,1033302,1033302,Paid in Full,80,1033299,,1037550.02,Texas First Bank,unknown,business type 'Partnership' may use owner income/SE basis,yes,20261007T195554Z,20261007T195554Z
2565747109,biz-358,first draw,PPP,04/10/2020,AXIOM SERVICES LLC,204 N Mayhill Rd.,DENTON,TX,76208-4004,238220,Limited  Liability Company(LLC),400000,400000,Paid in Full,32,385000,,402652.05,First State Bank,unknown,business type 'Limited  Liability Company(LLC)' may use owner income/SE basis,yes,20261007T195554Z,20261007T195554Z
2714087106,biz-359,first draw,PPP,04/11/2020,TEXAS STAR FIRE SYSTEMS LLC,8711 BURNET RD STE D43,AUSTIN,TX,78757,238220,Limited  Liability Company(LLC),425800,425800,Paid in Full,36,383220,0,428894.86,"JPMorgan Chase Bank, National Association",unknown,business type 'Limited  Liability Company(LLC)' may use owner income/SE basis,yes,20261007T195554Z,20261007T195554Z
2808447108,biz-360,first draw,PPP,04/11/2020,MISSION AC HOME SERVICES,523 Garden Oaks Blvd,HOUSTON,TX,77018-5505,238220,Subchapter S Corporation,319249.41,319249,Paid in Full,25,307298.26,,321068.28,Texas Capital Bank,unknown,current amount differs from initial approval,yes,20261007T195554Z,20261007T195554Z
2811037104,biz-361,first draw,PPP,04/11/2020,A&L SHEET METAL,3413 ROYALTY ROW,IRVING,TX,75062-4947,238220,Sole Proprietorship,423357,423357,Paid in Full,38,423357,,426523.48,Veritex Community Bank,unknown,business type 'Sole Proprietorship' may use owner income/SE basis,yes,20261007T195554Z,20261007T195554Z
2842237108,biz-362,first draw,PPP,04/11/2020,SC PLUMBING COMPANY,10400 Rodgers Rd,HOUSTON,TX,77070-1642,238220,Corporation,167764,167764,Paid in Full,15,167764,,169041.76,Simmons Bank,805267,"2842237108 (PPP, 04/11/2020): 167,764.00 / 2.5 x 12",yes,20261007T195554Z,20261007T195554Z
6090098409,biz-362,second draw,PPS,02/10/2021,SC PLUMBING COMPANY,10400 Rodgers Rd,Houston,TX,77070-1642,238220,Corporation,150193,150193,Paid in Full,13,150187,,150855.5,Simmons Bank,720926,"6090098409 (PPS, 02/10/2021): 150,193.00 / 2.5 x 12",yes,20261007T195554Z,20261007T195554Z
2846097100,biz-363,first draw,PPP,04/11/2020,PANHANDLE FIRE PROTECTION LLC,5772 CANYON DR,AMARILLO,TX,79109-6356,238220,Limited  Liability Company(LLC),190100,190100,Paid in Full,21,190100,,191156.11,Amarillo National Bank,unknown,business type 'Limited  Liability Company(LLC)' may use owner income/SE basis,yes,20261007T195554Z,20261007T195554Z
2938627101,biz-364,first draw,PPP,04/11/2020,"B&W ENTERPRISES, INC.",11780 HIGHWAY 152,PAMPA,TX,79065-1408,238220,Subchapter S Corporation,268000,268000,Paid in Full,22,268000,,269453.81,"First Bank and Trust, A Division of HTLF Bank",1286400,"2938627101 (PPP, 04/11/2020): 268,000.00 / 2.5 x 12",yes,20261007T195554Z,20261007T195554Z
3037447103,biz-365,first draw,PPP,04/11/2020,"SOUTH COAST INDUSTRIES, LLC",1860 FM 359 #202,RICHMOND,TX,77406-1296,238220,Limited  Liability Company(LLC),662100,662100,Paid in Full,53,662100,,667047.36,Woodforest National Bank,unknown,business type 'Limited  Liability Company(LLC)' may use owner income/SE basis,yes,20261007T195554Z,20261007T195554Z
3102127109,biz-366,first draw,PPP,04/11/2020,"SAGRAY ENTERPRISES, INC.",16018 UNIVERSITY OAK,SAN ANTONIO,TX,78249-4013,238220,Corporation,247600,247600,Paid in Full,24,247600,,249926.76,Frost Bank,1188480,"3102127109 (PPP, 04/11/2020): 247,600.00 / 2.5 x 12",yes,20261007T195554Z,20261007T195554Z
3118857110,biz-367,first draw,PPP,04/11/2020,"AIRMASTERS HEATING & AIR CONDITIONING, INC.",306 W WESTHILL DR,CLEBURNE,TX,76033-5430,238220,Subchapter S Corporation,500300,500300,Paid in Full,67,500300,,503219.56,The American National Bank of Texas,2401440,"3118857110 (PPP, 04/11/2020): 500,300.00 / 2.5 x 12",yes,20261007T195554Z,20261007T195554Z
3118887108,biz-368,first draw,PPP,04/11/2020,"COASTAL SPRINKLER COMPANY, INC",6233 Industrial Road,Beaumont,TX,77705-6964,238220,Corporation,218800,218800,Paid in Full,15,218800,,220148.77,Third Coast Bank,1050240,"3118887108 (PPP, 04/11/2020): 218,800.00 / 2.5 x 12",yes,20261007T195554Z,20261007T195554Z
3149657101,biz-369,first draw,PPP,04/11/2020,"GCBF, LTD",145 ROSE LN,FRISCO,TX,75036-9124,238220,Limited Liability Partnership,557628,557628,Paid in Full,49,557628,,562600.18,PlainsCapital Bank,unknown,business type 'Limited Liability Partnership' may use owner income/SE basis,yes,20261007T195554Z,20261007T195554Z
3154447102,biz-370,first draw,PPP,04/11/2020,"PARAMOUNT PLUMBING, INC.",1005 N. HENDERSON ST,FORT WORTH,TX,76107-1488,238220,Corporation,386015,386015,Paid in Full,37,289511,,389306.85,Captex Bank,1852872,"3154447102 (PPP, 04/11/2020): 386,015.00 / 2.5 x 12",yes,20261007T195554Z,20261007T195554Z
3198158401,biz-370,second draw,PPS,02/04/2021,PARAMOUNT PLUMBING LLC.,1005 N Henderson St,Fort Worth,TX,76107-1488,238220,Corporation,487578.32,487578.32,Paid in Full,43,487574.32,,490165.19,Captex Bank,2340376,"3198158401 (PPS, 02/04/2021): 487,578.32 / 2.5 x 12",yes,20261007T195554Z,20261007T195554Z
3190087109,biz-371,first draw,PPP,04/11/2020,KG RICH HEATING & AIR INC,145 SHELTON ST,ABILENE,TX,79603-7248,238220,Subchapter S Corporation,170009,170009,Paid in Full,17,127506.75,,171104.61,First Financial Bank,816043,"3190087109 (PPP, 04/11/2020): 170,009.00 / 2.5 x 12",yes,20261007T195554Z,20261007T195554Z
3259777103,biz-372,first draw,PPP,04/11/2020,"MAVERICK PLUMBING AND UTILITIES, LLC",5802 Wooldridge Unit B,CORPUS CHRISTI,TX,78414,238220,Limited  Liability Company(LLC),150600,150600,Paid in Full,20,150600,,151437.58,Rally Credit Union,unknown,business type 'Limited  Liability Company(LLC)' may use owner income/SE basis,yes,20261007T195554Z,20261007T195554Z
3303347101,biz-373,first draw,PPP,04/11/2020,MEYER HEATING & AIR CONDITIONING INC,258 DEBORAH DR,NEW BRAUNFELS,TX,78130,238220,Subchapter S Corporation,155800,155800,Paid in Full,13,155800,,157319.05,"First Commercial Bank, National Association",747840,"3303347101 (PPP, 04/11/2020): 155,800.00 / 2.5 x 12",yes,20261007T195554Z,20261007T195554Z
3328727104,biz-374,first draw,PPP,04/11/2020,"M A C MECHANICAL PLUMBING, LLC",7938 BREEN DR,HOUSTON,TX,77064-8421,238220,Limited  Liability Company(LLC),188600,188600,Paid in Full,14,188600,,191062.28,Stellar Bank,unknown,business type 'Limited  Liability Company(LLC)' may use owner income/SE basis,yes,20261007T195554Z,20261007T195554Z
3332107109,biz-375,first draw,PPP,04/11/2020,HAL WATSON AIR CONDITIONING COMPANY DBA EFFICIENT CLIMATE CO,518 ALANA LN,SPRING,TX,77386,238220,Subchapter S Corporation,255362,255362,Paid in Full,21,212100,0,256821.82,"JPMorgan Chase Bank, National Association",1225738,"3332107109 (PPP, 04/11/2020): 255,362.00 / 2.5 x 12",yes,20261007T195554Z,20261007T195554Z
3351987110,biz-376,first draw,PPP,04/11/2020,DIRECT SERVICE COMPANY,6850 N INTERSTATE 35E,WAXAHACHIE,TX,75165-1000,238220,Corporation,287000,287000,Paid in Full,30,287000,,289750.42,Citizens National Bank of Texas,1377600,"3351987110 (PPP, 04/11/2020): 287,000.00 / 2.5 x 12",yes,20261007T195554Z,20261007T195554Z
3379627109,biz-377,first draw,PPP,04/11/2020,AMERICAN COMFORT SOLUTIONS INC.,5614 FRANZ RD Unit #B,KATY,TX,77493-1619,238220,Corporation,198800,198800,Paid in Full,15,159108,,200649.94,Comerica Bank,954240,"3379627109 (PPP, 04/11/2020): 198,800.00 / 2.5 x 12",yes,20261007T195554Z,20261007T195554Z
3630358609,biz-377,second draw,PPS,03/17/2021,AMERICAN COMFORT SOLUTIONS INC.,5614 Franz Rd,Katy,TX,77493-1619,238220,Corporation,194200,194200,Paid in Full,15,194195,,195025.35,Comerica Bank,932160,"3630358609 (PPS, 03/17/2021): 194,200.00 / 2.5 x 12",yes,20261007T195554Z,20261007T195554Z
3419637107,biz-378,first draw,PPP,04/11/2020,"ENCORE MECHANICAL, LLC",535 S NOLEN DR Ste 500,SOUTHLAKE,TX,76092-9167,238220,Limited  Liability Company(LLC),190700,190700,Paid in Full,15,190700,,192548.73,Truist Bank,unknown,business type 'Limited  Liability Company(LLC)' may use owner income/SE basis,yes,20261007T195554Z,20261007T195554Z
3449427104,biz-379,first draw,PPP,04/11/2020,CRAIG MECHANICAL INC,1900 ALDINE WESTERN RD,HOUSTON,TX,77038-1204,238220,Corporation,182400,182400,Paid in Full,12,182400,,183769.25,Frost Bank,875520,"3449427104 (PPP, 04/11/2020): 182,400.00 / 2.5 x 12",yes,20261007T195554Z,20261007T195554Z
3456037103,biz-380,first draw,PPP,04/11/2020,HERNDON/MCFARLAND INC,4181 Billy Mitchell Drive,Addison,TX,75001-4351,238220,Corporation,388625,388625,Paid in Full,30,388625,,391582.87,North Dallas Bank and Trust Co,1865400,"3456037103 (PPP, 04/11/2020): 388,625.00 / 2.5 x 12",yes,20261007T195554Z,20261007T195554Z
9703268507,biz-380,second draw,PPS,03/12/2021,HERNDON MCFARLAND INC.,4181 Billy Mitchell Dr,Addison,TX,75001-4351,238220,Corporation,810087,810087,Paid in Full,29,810087,,816320.17,North Dallas Bank and Trust Co,unknown,implied pay per reported job reaches $100K cap,yes,20261007T195554Z,20261007T195554Z
1299148605,biz-381,second draw,PPS,03/13/2021,TRAVIS MECHANICAL LLC,1919 Old Denton Rd,Carrollton,TX,75006-3772,238220,Limited  Liability Company(LLC),450000,450000,Paid in Full,38,450000,,452550,Truist Bank,unknown,business type 'Limited  Liability Company(LLC)' may use owner income/SE basis,yes,20261007T195554Z,20261007T195554Z
3469287107,biz-381,first draw,PPP,04/11/2020,TRAVIS MECHANICAL LLC,1911 OLD DENTON RD,CARROLLTON,TX,75006-3762,238220,Limited  Liability Company(LLC),450000,450000,Paid in Full,44,450000,,454012.5,Truist Bank,unknown,business type 'Limited  Liability Company(LLC)' may use owner income/SE basis,yes,20261007T195554Z,20261007T195554Z
3503277109,biz-382,first draw,PPP,04/11/2020,"MCCAW CABINETRY, LLC.",1430 NALL ST,PORT NECHES,TX,77651-2943,238220,Limited  Liability Company(LLC),338200,338200,Paid in Full,36,338200,,340251.7,Third Coast Bank,unknown,business type 'Limited  Liability Company(LLC)' may use owner income/SE basis,yes,20261007T195554Z,20261007T195554Z
3521557103,biz-383,first draw,PPP,04/11/2020,"THE COMFLOW COMPANY, LLC",6411 Lawford Lane,HOUSTON,TX,77040-5018,238220,Limited  Liability Company(LLC),961665,961665,Paid in Full,66,961665,,974193.36,Stellar Bank,unknown,business type 'Limited  Liability Company(LLC)' may use owner income/SE basis,yes,20261007T195554Z,20261007T195554Z
4002138301,biz-383,second draw,PPS,01/22/2021,THE COMFLOW COMPANY LLC,6411 Lawford Ln,Houston,TX,77040-5018,238220,Limited  Liability Company(LLC),961665,961665,Paid in Full,39,961662,,968209.66,Stellar Bank,unknown,business type 'Limited  Liability Company(LLC)' may use owner income/SE basis; implied pay per reported job reaches $100K cap,yes,20261007T195554Z,20261007T195554Z
3554097103,biz-384,first draw,PPP,04/11/2020,"T &AMP; R MECHANICAL, INC.",14787 Sunset Drive,Conroe,TX,77306-6821,238220,Corporation,310400,310400,Paid in Full,12,310400,,313771.29,Woodforest National Bank,unknown,implied pay per reported job reaches $100K cap,yes,20261007T195554Z,20261007T195554Z
2823668305,biz-385,second draw,PPS,01/21/2021,RDI MECHANICAL INC,7150 Breen Dr,Houston,TX,77086-3629,238220,Corporation,735510,735510,Paid in Full,45,735510,,742844.95,Cadence Bank,3530448,"2823668305 (PPS, 01/21/2021): 735,510.00 / 2.5 x 12",yes,20261007T195554Z,20261007T195554Z
3567817104,biz-385,first draw,PPP,04/11/2020,"RDI MECHANICAL, INC",7150 BREEN DR,HOUSTON,TX,77086-3629,238220,Corporation,868810,868810,Paid in Full,45,868810,,878946.12,Cadence Bank,4170288,"3567817104 (PPP, 04/11/2020): 868,810.00 / 2.5 x 12",yes,20261007T195554Z,20261007T195554Z
1990768401,biz-386,second draw,PPS,02/03/2021,ESPERANZA VENTURES CORPORATION,421 Schreiner St,Kerrville,TX,78028-4466,238220,Corporation,225600,225600,Paid in Full,15,225595,,226778.13,Comerica Bank,1082880,"1990768401 (PPS, 02/03/2021): 225,600.00 / 2.5 x 12",yes,20261007T195554Z,20261007T195554Z
3618807102,biz-386,first draw,PPP,04/11/2020,ESPERANZA VENTURES CORPORATION,421 SCHREINER ST,KERRVILLE,TX,78028-4466,238220,Corporation,229400,229400,Paid in Full,17,183531.08,,231056.78,Comerica Bank,1101120,"3618807102 (PPP, 04/11/2020): 229,400.00 / 2.5 x 12",yes,20261007T195554Z,20261007T195554Z
3626787109,biz-387,first draw,PPP,04/11/2020,"HOUSTON AIR REPAIR, LLC",833 111TH ST,ARLINGTON,TX,76011-7618,238220,Limited  Liability Company(LLC),529800,529800,Paid in Full,50,529800,,533762.61,Vista Bank,unknown,business type 'Limited  Liability Company(LLC)' may use owner income/SE basis,yes,20261007T195554Z,20261007T195554Z
3627167102,biz-388,first draw,PPP,04/11/2020,"HOUK AIR CONDITIONING, INC",833 111th Street,ARLINGTON,TX,76011-7618,238220,Subchapter S Corporation,1441600,1441600,Paid in Full,165,1441600,,1452382.38,Vista Bank,6919680,"3627167102 (PPP, 04/11/2020): 1,441,600.00 / 2.5 x 12",yes,20261007T195554Z,20261007T195554Z
3678927105,biz-389,first draw,PPP,04/12/2020,"CLARKE KENT PLUMBING, INC.",1408 W BEN WHITE BLVD,AUSTIN,TX,78704,238220,Subchapter S Corporation,678300,678300,Paid in Full,46,640300,0,682694.63,"JPMorgan Chase Bank, National Association",3255840,"3678927105 (PPP, 04/12/2020): 678,300.00 / 2.5 x 12",yes,20261007T195554Z,20261007T195554Z
3709117102,biz-390,first draw,PPP,04/12/2020,COMMERCIAL VENTILATION SERVICES LLC,15255 Gulf Fwy Ste 104f,Houston,TX,77034-5323,238220,Limited  Liability Company(LLC),204000,204000,Paid in Full,170,204000,,205302.25,Frost Bank,unknown,business type 'Limited  Liability Company(LLC)' may use owner income/SE basis,yes,20261007T195554Z,20261007T195554Z
7127348302,biz-390,second draw,PPS,01/27/2021,COMMERCIAL VENTILATION SERVICES LLC,15255 Gulf Fwy Ste 104F,Houston,TX,77034-5378,238220,Limited  Liability Company(LLC),204000,204000,Paid in Full,15,203998,,205486.68,Frost Bank,unknown,business type 'Limited  Liability Company(LLC)' may use owner income/SE basis,yes,20261007T195554Z,20261007T195554Z
3768417109,biz-391,first draw,PPP,04/12/2020,KENNEDALE MANSFIELD PLUMBING INC,1451 HERITAGE PKWY,MANSFIELD,TX,76063-2721,238220,Corporation,980000,980000,Paid in Full,86,980000,,985208.77,The American National Bank of Texas,4704000,"3768417109 (PPP, 04/12/2020): 980,000.00 / 2.5 x 12",yes,20261007T195554Z,20261007T195554Z
3781587108,biz-392,first draw,PPP,04/12/2020,"GREGORY-EDWARDS, INC.",10808 ALCOTT DR,HOUSTON,TX,77043-2040,238220,Corporation,526282,526282,Paid in Full,37,526282,,531398.63,Stellar Bank,2526154,"3781587108 (PPP, 04/12/2020): 526,282.00 / 2.5 x 12",yes,20261007T195554Z,20261007T195554Z
1173228610,biz-393,second draw,PPS,03/12/2021,FORT BEND MECHANICAL & CONSTRUCTION LLC,13802 Murphy Rd,Stafford,TX,77477-4904,238220,Limited  Liability Company(LLC),187500,187500,Paid in Full,14,187496,,188401.04,Stellar Bank,unknown,business type 'Limited  Liability Company(LLC)' may use owner income/SE basis,yes,20261007T195554Z,20261007T195554Z
3787187107,biz-393,first draw,PPP,04/12/2020,FORT BEND MECHANICAL & CONSTRUCTION LLC,13802 MURPHY RD,STAFFORD,TX,77477-4904,238220,Limited  Liability Company(LLC),225000,225000,Paid in Full,16,225000,,226337.5,Stellar Bank,unknown,business type 'Limited  Liability Company(LLC)' may use owner income/SE basis,yes,20261007T195554Z,20261007T195554Z
3812117100,biz-394,first draw,PPP,04/12/2020,APONT LLC,624 E CENTRE PARK BLVD,DESOTO,TX,75115-2499,238220,Limited  Liability Company(LLC),225338.95,225338.95,Paid in Full,21,225338.95,,228199.5,First Bank of the Lake,unknown,business type 'Limited  Liability Company(LLC)' may use owner income/SE basis,yes,20261007T195554Z,20261007T195554Z
3845937106,biz-395,first draw,PPP,04/12/2020,"TIMBERLAKE & DICKSON, INC.",3520 W MILLER ROAD SUITE 110,GARLAND,TX,75041-6014,238220,Corporation,255242,255242,Paid in Full,16,255242,,258609.78,"IberiaBank, A Division of First Horizon Bank",1225162,"3845937106 (PPP, 04/12/2020): 255,242.00 / 2.5 x 12",yes,20261007T195554Z,20261007T195554Z
3852747106,biz-396,first draw,PPP,04/12/2020,R. DAVIS SERVICES INC,10114 Del Monte Drive,Houston,TX,77042-2434,238220,Corporation,164282.5,164283,Paid in Full,12,137283,,166488.44,Texas Capital Bank,unknown,current amount differs from initial approval,yes,20261007T195554Z,20261007T195554Z
3914447106,biz-397,first draw,PPP,04/12/2020,MADDUX COMFORT CONTROL INC,6734 RUPLEY CIRCLE,HOUSTON,TX,77087-3455,238220,Corporation,175000,161940,Paid in Full,21,161940,,163132.06,Stellar Bank,unknown,current amount differs from initial approval,yes,20261007T195554Z,20261007T195554Z
9350368604,biz-397,second draw,PPS,03/25/2021,MADDUX COMFORT CONTROL INC,6734 Rupley Cir,Houston,TX,77087-3455,238220,Corporation,161202.5,161202.5,Paid in Full,21,161201.5,,162518.99,Stellar Bank,773772,"9350368604 (PPS, 03/25/2021): 161,202.50 / 2.5 x 12",yes,20261007T195554Z,20261007T195554Z
3948017104,biz-398,first draw,PPP,04/12/2020,"A C CONTRACTORS, LLC",3830 GILMER RD,LONGVIEW,TX,75604-1173,238220,Limited  Liability Company(LLC),349202.5,349202.5,Paid in Full,32,349202.5,,353565.14,Cadence Bank,unknown,business type 'Limited  Liability Company(LLC)' may use owner income/SE basis,yes,20261007T195554Z,20261007T195554Z
3959257101,biz-399,first draw,PPP,04/12/2020,"REFRIGERATED WAREHOUSE CONSTRUCTION CO., LLC",8498 MILLER RD,MAGNOLIA,TX,77354-4178,238220,Limited  Liability Company(LLC),426865,426865,Paid in Full,40,426865,,431133.65,Stellar Bank,unknown,business type 'Limited  Liability Company(LLC)' may use owner income/SE basis,yes,20261007T195554Z,20261007T195554Z
3963147106,biz-400,first draw,PPP,04/12/2020,"GULF STATES FIRE PROTECTION, INC.",13727 FM 529 RD,HOUSTON,TX,77041-2522,238220,Corporation,520000,520000,Paid in Full,51,520000,,525330,Stellar Bank,2496000,"3963147106 (PPP, 04/12/2020): 520,000.00 / 2.5 x 12",yes,20261007T195554Z,20261007T195554Z
5203738305,biz-400,second draw,PPS,01/25/2021,"GULF STATES FIRE PROTECTION, INC.",13727 FM 529 Rd,Houston,TX,77041-2522,238220,Corporation,489667.5,489667.5,Paid in Full,45,489664.5,,491911.81,Stellar Bank,2350404,"5203738305 (PPS, 01/25/2021): 489,667.50 / 2.5 x 12",yes,20261007T195554Z,20261007T195554Z
3963847104,biz-401,first draw,PPP,04/12/2020,"FRANKS PLUMBING CO ., INC.",6920 Winton St.,Houston,TX,77021-4630,238220,Limited  Liability Company(LLC),196600,196600,Paid in Full,170,196600,,198485.21,Frost Bank,unknown,business type 'Limited  Liability Company(LLC)' may use owner income/SE basis,yes,20261007T195554Z,20261007T195554Z
3787798708,biz-402,second draw,PPS,03/31/2021,MESQUITE PLUMBING INC.,12899 County Road 4124,Crandall,TX,75114-4200,238220,Corporation,476007,476007,Paid in Full,43,476007,,478237.06,The American National Bank of Texas,2284834,"3787798708 (PPS, 03/31/2021): 476,007.00 / 2.5 x 12",yes,20261007T195554Z,20261007T195554Z
3985587110,biz-402,first draw,PPP,04/12/2020,MESQUITE PLUMBING CO INC.,12899 OUNTY ROAD 4124,CRANDALL,TX,75114-4200,238220,Corporation,509200,509200,Paid in Full,43,509200,,512813.23,The American National Bank of Texas,2444160,"3985587110 (PPP, 04/12/2020): 509,200.00 / 2.5 x 12",yes,20261007T195554Z,20261007T195554Z
4000607104,biz-403,first draw,PPP,04/12/2020,"LAWTON MECHANICAL, LP",1444 N Central Expy,McKinney,TX,75070-3106,238220,Partnership,184200,184200,Paid in Full,13,184200,,186205.73,Independent Bank d/b/a Independent Financial,unknown,business type 'Partnership' may use owner income/SE basis,yes,20261007T195554Z,20261007T195554Z
3596398409,biz-404,second draw,PPS,02/05/2021,BATEMAN PLUMBING COMPANY,3405 Swensen Rd,Pearland,TX,77581-4743,238220,Corporation,289936.75,289936.75,Paid in Full,22,289934.75,,292391.28,Capital Bank,1391696,"3596398409 (PPS, 02/05/2021): 289,936.75 / 2.5 x 12",yes,20261007T195554Z,20261007T195554Z
4030257107,biz-404,first draw,PPP,04/12/2020,BATEMAN PLUMBING COMPANY,3405 SWENSEN RD,PEARLAND,TX,77581-4743,238220,Corporation,289937,289937,Paid in Full,34,289937,,291845.35,Capital Bank,1391698,"4030257107 (PPP, 04/12/2020): 289,937.00 / 2.5 x 12",yes,20261007T195554Z,20261007T195554Z
4067677108,biz-405,first draw,PPP,04/12/2020,ELITE PLUMBING CORPORATION,13645 WESTLAND EAST BLVD,HOUSTON,TX,77041-1206,238220,Corporation,448217,448217,Paid in Full,34,448217,,450595.04,Stellar Bank,2151442,"4067677108 (PPP, 04/12/2020): 448,217.00 / 2.5 x 12",yes,20261007T195554Z,20261007T195554Z
5220298306,biz-405,second draw,PPS,01/25/2021,ELITE PLUMBING CORPORATION,13645 Westland East Blvd,Houston,TX,77041-1206,238220,Corporation,471459.07,471459.07,Paid in Full,31,471455.07,,474091.38,Stellar Bank,2263004,"5220298306 (PPS, 01/25/2021): 471,459.07 / 2.5 x 12",yes,20261007T195554Z,20261007T195554Z
4086287104,biz-406,first draw,PPP,04/12/2020,"POLK MECHANICAL COMPANY, LLC",2425 Dillard Street,GRAND PRAIRIE,TX,75051-1004,238220,Limited  Liability Company(LLC),5960200,5960200,Paid in Full,249,5960200,,6029735.67,"BOKF, National Association",unknown,business type 'Limited  Liability Company(LLC)' may use owner income/SE basis; implied pay per reported job reaches $100K cap,yes,20261007T195554Z,20261007T195554Z
4119297104,biz-407,first draw,PPP,04/12/2020,"R.L.P. MECHANICAL CONTRACTORS, INC.",4117 HIGHWAY 77,WAXAHACHIE,TX,75165-5637,238220,Corporation,533100,533100,Paid in Full,44,533100,,537379.41,The American National Bank of Texas,2558880,"4119297104 (PPP, 04/12/2020): 533,100.00 / 2.5 x 12",yes,20261007T195554Z,20261007T195554Z
4728148401,biz-407,second draw,PPS,02/06/2021,R.L.P. MECHANICAL CONTRACTORS INC.,4117 N Highway 77,Waxahachie,TX,75165-5637,238220,Corporation,590149,590149,Paid in Full,39,590149,,595064.21,The American National Bank of Texas,2832715,"4728148401 (PPS, 02/06/2021): 590,149.00 / 2.5 x 12",yes,20261007T195554Z,20261007T195554Z
4174737108,biz-408,first draw,PPP,04/13/2020,"L&S PLUMBING PARTNERSHIP, LTD","1101 E. Arapaho, Suite 190",RICHARDSON,TX,75081-2352,238220,Limited Liability Partnership,5132292,5132292,Paid in Full,385,4526970,,5004679.77,Texas Capital Bank,unknown,business type 'Limited Liability Partnership' may use owner income/SE basis,yes,20261007T195554Z,20261007T195554Z
4194247100,biz-409,first draw,PPP,04/13/2020,GLENN AND CARRIE DAVEY INC,511 S LOOP 4,BUDA,TX,78610-9388,238220,Corporation,494487.5,494487.5,Paid in Full,48,494487.5,,498223.63,Cadence Bank,2373540,"4194247100 (PPP, 04/13/2020): 494,487.50 / 2.5 x 12",yes,20261007T195554Z,20261007T195554Z
4224407102,biz-410,first draw,PPP,04/13/2020,"MANN REFRIGERATION, INC.",701 CATES ST,BRIDGEPORT,TX,76426-2909,238220,Corporation,161000,161000,Paid in Full,18,120750,,161894.44,First Financial Bank,772800,"4224407102 (PPP, 04/13/2020): 161,000.00 / 2.5 x 12",yes,20261007T195554Z,20261007T195554Z
4234437104,biz-411,first draw,PPP,04/13/2020,"AQUEDUCT PLUMBING COMPANY, LLC",14803 WISTERIA RUN CT,HOUSTON,TX,77062-2119,238220,Limited  Liability Company(LLC),176500,176500,Paid in Full,14,176500,,177781.44,Frost Bank,unknown,business type 'Limited  Liability Company(LLC)' may use owner income/SE basis,yes,20261007T195554Z,20261007T195554Z
4243547104,biz-412,first draw,PPP,04/13/2020,BRIAN'S PLUMBING INC,901 OHIO AVE,WICHITA FALLS,TX,76301-6702,238220,Corporation,259200,259200,Paid in Full,18,259200,,260910.05,First Bank,1244160,"4243547104 (PPP, 04/13/2020): 259,200.00 / 2.5 x 12",yes,20261007T195554Z,20261007T195554Z
4248107100,biz-413,first draw,PPP,04/13/2020,"SAMMS HEATING AND AIR CONDITIONING, LP",250 CHISHOLM PL,PLANO,TX,75075-6927,238220,Partnership,326800,326800,Paid in Full,25,326800,,331008.11,The American National Bank of Texas,unknown,business type 'Partnership' may use owner income/SE basis,yes,20261007T195554Z,20261007T195554Z
4265097101,biz-414,first draw,PPP,04/13/2020,HEART OF TEXAS MECHANICAL CONTRACTING LLC,203 CORDELL ST,BROWNWOOD,TX,76801-1731,238220,Limited  Liability Company(LLC),174200,174200,Paid in Full,18,130650,,175225.84,Texas Bank,unknown,business type 'Limited  Liability Company(LLC)' may use owner income/SE basis,yes,20261007T195554Z,20261007T195554Z
4305517102,biz-415,first draw,PPP,04/13/2020,"BELL MECHANICAL SERVICES, LLC",1645 WALLACE DR,CARROLLTON,TX,75006-6644,238220,Limited  Liability Company(LLC),2151150,2151150,Paid in Full,176,2151150,,2175290.68,Hancock Whitney Bank,unknown,business type 'Limited  Liability Company(LLC)' may use owner income/SE basis,yes,20261007T195554Z,20261007T195554Z
4319447106,biz-416,first draw,PPP,04/13/2020,GLEN L JOHNSON AIR CONDITIONING,9703 MCCULLOUGH AVE,SAN ANTONIO,TX,78216-4608,238220,Corporation,190300,190300,Paid in Full,9,190300,,191574.48,Broadway National Bank,unknown,implied pay per reported job reaches $100K cap,yes,20261007T195554Z,20261007T195554Z
6504058605,biz-416,second draw,PPS,03/23/2021,GLEN L JOHNSON AIR CONDITIONING COMPANY INC.,9703 McCullough Ave,San Antonio,TX,78216-4608,238220,Corporation,190300,190300,Paid in Full,12,190296,,192007.41,Broadway National Bank,913440,"6504058605 (PPS, 03/23/2021): 190,300.00 / 2.5 x 12",yes,20261007T195554Z,20261007T195554Z
4332927102,biz-417,first draw,PPP,04/13/2020,"TRAMEL ALCO AIR, INC.",4412 US HWY 259 N,LONGVIEW,TX,75605,238220,Corporation,239007.5,239007.5,Paid in Full,19,239007.5,,240733.67,Cadence Bank,1147236,"4332927102 (PPP, 04/13/2020): 239,007.50 / 2.5 x 12",yes,20261007T195554Z,20261007T195554Z
4350747100,biz-418,first draw,PPP,04/13/2020,DOUBLE EAGLE MECHANICAL SERVIC,825 SOUTHWAY CIR A,FORT WORTH,TX,76115-4000,238220,Corporation,180900,180900,Paid in Full,16,180900,,181945.75,The American National Bank of Texas,868320,"4350747100 (PPP, 04/13/2020): 180,900.00 / 2.5 x 12",yes,20261007T195554Z,20261007T195554Z
4360657101,biz-419,first draw,PPP,04/13/2020,WEEKS SERVICE COMPANY,1306 Hwy 3 South,League City,TX,77573,238220,Corporation,1198702,1198702,Paid in Full,76,1198702,,1209079.8,Parkside Financial Bank & Trust,5753770,"4360657101 (PPP, 04/13/2020): 1,198,702.00 / 2.5 x 12",yes,20261007T195554Z,20261007T195554Z
4391187105,biz-420,first draw,PPP,04/13/2020,O'BRYAN PLUMBING LLC,205 MAIN ST,ALLEN,TX,75002-2846,238220,Joint Venture,180200,180200,Paid in Full,13,180200,,181557.67,The American National Bank of Texas,unknown,business type 'Joint Venture' may use owner income/SE basis,yes,20261007T195554Z,20261007T195554Z
4421987100,biz-421,first draw,PPP,04/13/2020,"COASTAL LEAK CONSULTING, INC",19130 WILKS DR,CYPRESS,TX,77433-4323,238220,Subchapter S Corporation,226897,226897,Paid in Full,20,226897,,228135.17,Stellar Bank,1089106,"4421987100 (PPP, 04/13/2020): 226,897.00 / 2.5 x 12",yes,20261007T195554Z,20261007T195554Z
4428557103,biz-422,first draw,PPP,04/13/2020,"BSP, INC.",11510 HIGHWAY 36,NEEDVILLE,TX,77461-5677,238220,Corporation,161500,161500,Paid in Full,14,161500,,162461.05,Prosperity Bank,775200,"4428557103 (PPP, 04/13/2020): 161,500.00 / 2.5 x 12",yes,20261007T195554Z,20261007T195554Z
4439147104,biz-423,first draw,PPP,04/13/2020,"1ST CALL PLUMBING, HEATING & AIR",1140 ARION PARKWAY,SAN ANTONIO,TX,78216-2871,238220,Partnership,177700,177700,Paid in Full,170,177700,,179365.02,Frost Bank,unknown,business type 'Partnership' may use owner income/SE basis,yes,20261007T195554Z,20261007T195554Z
4455317107,biz-424,first draw,PPP,04/13/2020,"ENTERPRISE PLUMBING OF TEXAS, LLC",900 ALPHA DR ste 430,RICHARDSON,TX,75081-2800,238220,Limited  Liability Company(LLC),800200,800200,Paid in Full,49,800200,,805417.74,Prosperity Bank,unknown,business type 'Limited  Liability Company(LLC)' may use owner income/SE basis,yes,20261007T195554Z,20261007T195554Z
4472867110,biz-425,first draw,PPP,04/13/2020,CAPITAL PLUMBING INC DBA CAPITAL MECHANICAL,307 DENA LN,KRUGERVILLE,TX,76227-9565,238220,Corporation,171165.2,171165.2,Paid in Full,24,128373.9,,172346.94,Ciera Bank,821593,"4472867110 (PPP, 04/13/2020): 171,165.20 / 2.5 x 12",yes,20261007T195554Z,20261007T195554Z
4503307110,biz-426,first draw,PPP,04/13/2020,TIM LONG PLUMBING INC,195 COUNTY ROAD 4840,HASLET,TX,76052-2026,238220,Corporation,236300,236300,Paid in Full,20,236300,,237842.51,Bank of the West,1134240,"4503307110 (PPP, 04/13/2020): 236,300.00 / 2.5 x 12",yes,20261007T195554Z,20261007T195554Z
2067918410,biz-427,second draw,PPS,02/03/2021,PESSIN HOLDINGS INC.,2118 DROWNING LN STE 150,LEANDER,TX,78641,238220,Corporation,191352,191352,Paid in Full,22,191351,,192191.82,Security State Bank & Trust,918490,"2067918410 (PPS, 02/03/2021): 191,352.00 / 2.5 x 12",yes,20261007T195554Z,20261007T195554Z
4519337102,biz-427,first draw,PPP,04/13/2020,PESSIN HOLDINGS INC.,300 N BAGDAD RD,LEANDER,TX,78641,238220,Corporation,195400,195400,Paid in Full,25,186400,,196486.47,Security State Bank & Trust,937920,"4519337102 (PPP, 04/13/2020): 195,400.00 / 2.5 x 12",yes,20261007T195554Z,20261007T195554Z
4586547106,biz-428,first draw,PPP,04/13/2020,"CASA MECHANICAL SERVICES, LTD.",2401 E OLD SETTLERS BLVD,ROUND ROCK,TX,78665-9400,238220,Limited Liability Partnership,3271300,3271300,Paid in Full,293,3271300,,3315008.2,"Newtek Small Business Finance, Inc.",unknown,business type 'Limited Liability Partnership' may use owner income/SE basis,yes,20261007T195554Z,20261007T195554Z
4626687108,biz-429,first draw,PPP,04/13/2020,SIEGERT HEATING & AIR CONDITIONING CO.,989 N EARL RUDDER FWY,BRYAN,TX,77802-2958,238220,Corporation,151200,151200,Paid in Full,16,113400,,152157.6,First Financial Bank,725760,"4626687108 (PPP, 04/13/2020): 151,200.00 / 2.5 x 12",yes,20261007T195554Z,20261007T195554Z
4652667106,biz-430,first draw,PPP,04/13/2020,"THE BOSWORTH COMPANY, LTD",2205 W Industrial Ave,Midland,TX,79701-7741,238220,Corporation,5900000,5900000,Paid in Full,380,5900000,,5969830.14,West Texas National Bank,28320000,"4652667106 (PPP, 04/13/2020): 5,900,000.00 / 2.5 x 12",yes,20261007T195554Z,20261007T195554Z
1950078510,biz-431,second draw,PPS,02/19/2021,AIRMAX INC,216 W Pecan St,Celina,TX,75009-6160,238220,Corporation,217119.47,217119.47,Paid in Full,15,217116.47,,219031.33,Independent Bank d/b/a Independent Financial,1042173,"1950078510 (PPS, 02/19/2021): 217,119.47 / 2.5 x 12",yes,20261007T195554Z,20261007T195554Z
4694187102,biz-431,first draw,PPP,04/13/2020,AIRMAX INC,216 W. Pecan St,Celina,TX,75009-6160,238220,Corporation,213400,213400,Paid in Full,15,200000,,215960.8,Independent Bank d/b/a Independent Financial,1024320,"4694187102 (PPP, 04/13/2020): 213,400.00 / 2.5 x 12",yes,20261007T195554Z,20261007T195554Z
4703637109,biz-432,first draw,PPP,04/13/2020,DENTON LAWN AND SPRINKLER INC,1040 Shady Oaks Dr Ste 101,Denton,TX,76205-7937,238220,Corporation,206700,180000,Paid in Full,12,180000,,182200,Independent Bank d/b/a Independent Financial,unknown,current amount differs from initial approval,yes,20261007T195554Z,20261007T195554Z
1153798402,biz-433,second draw,PPS,02/01/2021,ROBERTS & PETTY INC.,2709 Stephen F Austin Dr,Brownwood,TX,76801-6425,238220,Corporation,153527,153527,Paid in Full,16,153527,,154294.63,Texas Bank,736930,"1153798402 (PPS, 02/01/2021): 153,527.00 / 2.5 x 12",yes,20261007T195554Z,20261007T195554Z
4748857109,biz-433,first draw,PPP,04/13/2020,"ROBERTS & PETTY, INC",2709 STEPHEN F AUSTIN DR,BROWNWOOD,TX,76801-6425,238220,Corporation,150300,150300,Paid in Full,17,112725,,151126.65,Texas Bank,721440,"4748857109 (PPP, 04/13/2020): 150,300.00 / 2.5 x 12",yes,20261007T195554Z,20261007T195554Z
4770007108,biz-434,first draw,PPP,04/13/2020,"DELTA T EQUIPMENT, LP","10757 Cutten Road, Building 3",HOUSTON,TX,77066-5007,238220,Partnership,412735,240275,Paid in Full,29,240275,,242837.93,Stellar Bank,unknown,business type 'Partnership' may use owner income/SE basis; current amount differs from initial approval,yes,20261007T195554Z,20261007T195554Z
4833117104,biz-435,first draw,PPP,04/13/2020,ABILA BAHAR LLC,410 LOCUST ST,ABILENE,TX,79602-1633,238220,Limited  Liability Company(LLC),167304.51,167304.51,Paid in Full,19,125478.38,,169256.4,First Financial Bank,unknown,business type 'Limited  Liability Company(LLC)' may use owner income/SE basis,yes,20261007T195554Z,20261007T195554Z
4836567105,biz-436,first draw,PPP,04/13/2020,RICH MANAGEMENT INC.,7575 W US HIGHWAY 190,BELTON,TX,76513,238220,Corporation,216377.5,216377.5,Paid in Full,23,216377.5,,218763.66,Cadence Bank,1038612,"4836567105 (PPP, 04/13/2020): 216,377.50 / 2.5 x 12",yes,20261007T195554Z,20261007T195554Z
5633558408,biz-436,second draw,PPS,02/09/2021,RICH MANAGEMENT INC.,7575 W US Highway 190,Belton,TX,76513-6929,238220,Corporation,216377,216377,Paid in Full,23,216375,,218783.82,Cadence Bank,1038610,"5633558408 (PPS, 02/09/2021): 216,377.00 / 2.5 x 12",yes,20261007T195554Z,20261007T195554Z
4871107102,biz-437,first draw,PPP,04/13/2020,"MASRAM MECHANICAL, LP",5613 CAMPBELL RD,HOUSTON,TX,77041-7615,238220,Limited Liability Partnership,806900,806900,Paid in Full,71,806900,,815278.5,Frost Bank,unknown,business type 'Limited Liability Partnership' may use owner income/SE basis,yes,20261007T195554Z,20261007T195554Z
4882437102,biz-438,first draw,PPP,04/13/2020,MASTER TECH SERVICE CORP,11496 Luna Rd Ste 450-500,Dallas,TX,75234-9425,238220,Corporation,400360,288401,Paid in Full,22,288401,,290089.57,HomeTrust Bank,unknown,current amount differs from initial approval,yes,20261007T195554Z,20261007T195554Z
4888777100,biz-439,first draw,PPP,04/13/2020,"CCAC, INC.",4325 Lake Ontario Dr,CORPUS CHRISTI,TX,78413-5816,238220,Corporation,269700,269700,Paid in Full,23,269700,,271140.86,Frost Bank,1294560,"4888777100 (PPP, 04/13/2020): 269,700.00 / 2.5 x 12",yes,20261007T195554Z,20261007T195554Z
4931957102,biz-440,first draw,PPP,04/13/2020,"DALLAS MECHANICAL GROUP, LLC",11925 North Stemmons Freeway,Dallas,TX,75234-5833,238220,Limited  Liability Company(LLC),881411,881411,Paid in Full,52,881411,,,North Dallas Bank and Trust Co,unknown,business type 'Limited  Liability Company(LLC)' may use owner income/SE basis,yes,20261007T195554Z,20261007T195554Z
2898488402,biz-441,second draw,PPS,02/04/2021,S & T PLUMBING INC.,804 W Shady Grove Rd,Irving,TX,75060-5863,238220,Corporation,596902,596902,Paid in Full,37,596902,,600781.86,North Dallas Bank and Trust Co,2865130,"2898488402 (PPS, 02/04/2021): 596,902.00 / 2.5 x 12",yes,20261007T195554Z,20261007T195554Z
4937197100,biz-441,first draw,PPP,04/13/2020,S & T PLUMBING INC,804 W Shady Grove Rd,Irving,TX,75060-5863,238220,Corporation,498690,498690,Paid in Full,36,498690,,501460.5,North Dallas Bank and Trust Co,2393712,"4937197100 (PPP, 04/13/2020): 498,690.00 / 2.5 x 12",yes,20261007T195554Z,20261007T195554Z
4940657108,biz-442,first draw,PPP,04/13/2020,"FCS FOX COMMERCIAL SERVICES, LLC",4300 CONGRESS AVE,AUSTIN,TX,78745-1106,238220,Limited  Liability Company(LLC),1643249,1643249,Paid in Full,88,1643249,,1652104.29,Sunflower Bank National Association,unknown,business type 'Limited  Liability Company(LLC)' may use owner income/SE basis,yes,20261007T195554Z,20261007T195554Z
4784228406,biz-443,second draw,PPS,02/06/2021,INTERNATIONAL MECHANICAL SERVICES,1914 Breeden Ave,San Antonio,TX,78212-2148,238220,Corporation,277820,277820,Paid in Full,22,277817,,280945.47,Broadway National Bank,1333536,"4784228406 (PPS, 02/06/2021): 277,820.00 / 2.5 x 12",yes,20261007T195554Z,20261007T195554Z
4958307106,biz-443,first draw,PPP,04/13/2020,"INTERNATIONAL MECHANICAL SERVICES, INC.",1914 BREEDEN AVE,SAN ANTONIO,TX,78212-2148,238220,Corporation,315300,313200,Paid in Full,31,309000,,315992.7,Broadway National Bank,unknown,current amount differs from initial approval,yes,20261007T195554Z,20261007T195554Z
4964577102,biz-444,first draw,PPP,04/13/2020,"JMS INTEGRATED BUILDING SOLUTIONS, LLC",1840 Hutton Dr.,Carrollton,TX,75006-6619,238220,Corporation,265500,265500,Paid in Full,24,248500,,268332,Independent Bank d/b/a Independent Financial,1274400,"4964577102 (PPP, 04/13/2020): 265,500.00 / 2.5 x 12",yes,20261007T195554Z,20261007T195554Z
4977137109,biz-445,first draw,PPP,04/13/2020,"SATEX PLUMBING, INC.",313 NORTH PARK DR,SAN ANTONIO,TX,78216-2726,238220,Subchapter S Corporation,474300,474300,Paid in Full,46,355725,,480281.45,Broadway National Bank,2276640,"4977137109 (PPP, 04/13/2020): 474,300.00 / 2.5 x 12",yes,20261007T195554Z,20261007T195554Z
4991727105,biz-446,first draw,PPP,04/13/2020,LARSON PLUMBING & UTILITY CO,605 CANTWELL LN,CORPUS CHRISTI,TX,78408-2601,238220,Corporation,211400,211400,Paid in Full,21,211400,,212651.02,Prosperity Bank,1014720,"4991727105 (PPP, 04/13/2020): 211,400.00 / 2.5 x 12",yes,20261007T195554Z,20261007T195554Z
4992557104,biz-447,first draw,PPP,04/13/2020,"BEYER AIR CONDITIONING AND HEATING, LLC",4711 BROOM ST,SAN ANTONIO,TX,78217-3708,238220,Limited  Liability Company(LLC),570600,570600,Paid in Full,51,570600,,574179.93,Frost Bank,unknown,business type 'Limited  Liability Company(LLC)' may use owner income/SE basis,yes,20261007T195554Z,20261007T195554Z
5039477104,biz-448,first draw,PPP,04/13/2020,"EASY AIRE, INC.",239 RIVER GROVE RD,SUGAR LAND,TX,77478-4749,238220,Corporation,337800,337800,Paid in Full,38,337800,,342001.68,Frost Bank,1621440,"5039477104 (PPP, 04/13/2020): 337,800.00 / 2.5 x 12",yes,20261007T195554Z,20261007T195554Z
5091007100,biz-449,first draw,PPP,04/13/2020,WEBB SANDERSON ELECTRIC INC,214 E MULBERRY ST,SHERMAN,TX,75090-5946,238220,Corporation,185900,185900,Paid in Full,23,185900,,187955.23,"BOKF, National Association",892320,"5091007100 (PPP, 04/13/2020): 185,900.00 / 2.5 x 12",yes,20261007T195554Z,20261007T195554Z
5094227102,biz-450,first draw,PPP,04/13/2020,"MURRAY PLUMBING CO, LLC",4430 Centergate St.,SAN ANTONIO,TX,78217-4806,238220,Limited  Liability Company(LLC),268700,268700,Paid in Full,21,268700,,271528.81,Texas Partners Bank,unknown,business type 'Limited  Liability Company(LLC)' may use owner income/SE basis,yes,20261007T195554Z,20261007T195554Z
5118897110,biz-451,first draw,PPP,04/13/2020,"PELLERIN AND STEUBING, LLC",2749 BULVERDE RD,BULVERDE,TX,78163-2195,238220,Limited  Liability Company(LLC),169925,169925,Paid in Full,11,162428,,171378.8,The First National Bank of Sonora,unknown,business type 'Limited  Liability Company(LLC)' may use owner income/SE basis,yes,20261007T195554Z,20261007T195554Z
5172677104,biz-452,first draw,PPP,04/13/2020,PERFORMANCE HEAT & AIR INC.,"1807 OWEN CT, Ste. 107",MANSFIELD,TX,76063-4209,238220,Subchapter S Corporation,397900,397900,Paid in Full,32,397900,,400472.72,The American National Bank of Texas,1909920,"5172677104 (PPP, 04/13/2020): 397,900.00 / 2.5 x 12",yes,20261007T195554Z,20261007T195554Z
5184837101,biz-453,first draw,PPP,04/13/2020,H.J. OTIS PLUMBING INC.,11814 WARFIELD ST,SAN ANTONIO,TX,78216-3213,238220,Subchapter S Corporation,182400,182400,Paid in Full,11,182400,,184781.33,Texas Heritage Bank,875520,"5184837101 (PPP, 04/13/2020): 182,400.00 / 2.5 x 12",yes,20261007T195554Z,20261007T195554Z
3933948900,biz-454,second draw,PPS,04/28/2021,REX MECHANICAL INC.,9011 Main St,Needville,TX,77461-8424,238220,Subchapter S Corporation,171007,171007,Paid in Full,13,171005,,171600.77,Texas First Bank,820834,"3933948900 (PPS, 04/28/2021): 171,007.00 / 2.5 x 12",yes,20261007T195554Z,20261007T195554Z
5203727110,biz-454,first draw,PPP,04/13/2020,"REX MECHANICAL, INC.",9011 MAIN ST,NEEDVILLE,TX,77461-8424,238220,Subchapter S Corporation,217900,217900,Paid in Full,23,217900,,220054.79,Texas First Bank,1045920,"5203727110 (PPP, 04/13/2020): 217,900.00 / 2.5 x 12",yes,20261007T195554Z,20261007T195554Z
5221387108,biz-455,first draw,PPP,04/13/2020,"MCLEAN PLUMBING, HEATING AND AIR CONDITIONING COMPANY, INC.",4101 Trimmier Rd,KILLEEN,TX,76542-3606,238220,Subchapter S Corporation,484900,484900,Paid in Full,50,470000,,488314.23,First Texas Bank,2327520,"5221387108 (PPP, 04/13/2020): 484,900.00 / 2.5 x 12",yes,20261007T195554Z,20261007T195554Z
5262757108,biz-456,first draw,PPP,04/13/2020,"S&D COMMERCIAL SERVICES, LLC",1009 W. 2nd Street,TAYLOR,TX,76574-2428,238220,Limited  Liability Company(LLC),237500,237500,Paid in Full,19,237500,,239712.33,R Bank,unknown,business type 'Limited  Liability Company(LLC)' may use owner income/SE basis,yes,20261007T195554Z,20261007T195554Z
5276697104,biz-457,first draw,PPP,04/13/2020,"C & D MECHANICAL, LLC",8706 US HIGHWAY 59 S,TEXARKANA,TX,75501-2355,238220,Limited  Liability Company(LLC),150000,150000,Paid in Full,21,150000,,151327.4,Farmers Bank & Trust Company,unknown,business type 'Limited  Liability Company(LLC)' may use owner income/SE basis,yes,20261007T195554Z,20261007T195554Z
5299627108,biz-458,first draw,PPP,04/13/2020,"MCBRIDE PLUMBING, LLC","6719 THEALL ROAD, SUITE B",HOUSTON,TX,77066-1215,238220,Limited  Liability Company(LLC),611367.5,611367.5,Paid in Full,49,611367.5,,618771.84,Cadence Bank,unknown,business type 'Limited  Liability Company(LLC)' may use owner income/SE basis,yes,20261007T195554Z,20261007T195554Z
5300837110,biz-459,first draw,PPP,04/13/2020,"SIRIUS PLUMBING & AIR CONDITIONING, INC.",1406 Halsey Way Suite 100,CARROLLTON,TX,75007-4409,238220,Subchapter S Corporation,205100,205100,Paid in Full,21,205100,,208027.59,Bank OZK,984480,"5300837110 (PPP, 04/13/2020): 205,100.00 / 2.5 x 12",yes,20261007T195554Z,20261007T195554Z
3061528502,biz-460,second draw,PPS,02/22/2021,COVE PLUMBING INC.,2416 E Business 190,Copperas Cove,TX,76522-2556,238220,Corporation,156100,156100,Paid in Full,12,156100,,157131.99,Cadence Bank,749280,"3061528502 (PPS, 02/22/2021): 156,100.00 / 2.5 x 12",yes,20261007T195554Z,20261007T195554Z
5332087104,biz-460,first draw,PPP,04/13/2020,"COVE PLUMBING, INC",2416 E BUSINESS 190,COPPERAS COVE,TX,76522-2556,238220,Corporation,156100,156100,Paid in Full,13,156100,,157019.49,Cadence Bank,749280,"5332087104 (PPP, 04/13/2020): 156,100.00 / 2.5 x 12",yes,20261007T195554Z,20261007T195554Z
5385787106,biz-461,first draw,PPP,04/13/2020,"JACOBS-CATHEY PERRYMAN, INC.",600 JEWELL DRIVE,WACO,TX,76712-6615,238220,Corporation,355840,355840,Paid in Full,38,355840,,362332.86,Cadence Bank,1708032,"5385787106 (PPP, 04/13/2020): 355,840.00 / 2.5 x 12",yes,20261007T195554Z,20261007T195554Z
4031938304,biz-462,second draw,PPS,01/22/2021,COBB AIR CONDITIONING INC,1458 Interstate 10 E,Beaumont,TX,77703-5224,238220,Corporation,279500,279500,Paid in Full,26,279499,,280664.58,Third Coast Bank,1341600,"4031938304 (PPS, 01/22/2021): 279,500.00 / 2.5 x 12",yes,20261007T195554Z,20261007T195554Z
5392017107,biz-462,first draw,PPP,04/13/2020,COBB AIR CONDITIONING INC,1458 INTERSTATE 10 EAST,BEAUMONT,TX,77703-5224,238220,Corporation,222900,222900,Paid in Full,24,222900,,224311.29,Third Coast Bank,1069920,"5392017107 (PPP, 04/13/2020): 222,900.00 / 2.5 x 12",yes,20261007T195554Z,20261007T195554Z
5443527108,biz-463,first draw,PPP,04/13/2020,"ARMSTRONG MECHANICAL COMPANY, INC",710 E. 40th Street,LUBBOCK,TX,79404-3006,238220,Corporation,1298800,1298800,Paid in Full,109,1183811,,1311824.08,PlainsCapital Bank,6234240,"5443527108 (PPP, 04/13/2020): 1,298,800.00 / 2.5 x 12",yes,20261007T195554Z,20261007T195554Z
5449697103,biz-464,first draw,PPP,04/13/2020,GOEBLER TCS INC,POB 1241,BUDA,TX,78610,238220,Corporation,157380,157380,Paid in Full,9,157380,,159458.28,Cadence Bank,755424,"5449697103 (PPP, 04/13/2020): 157,380.00 / 2.5 x 12",yes,20261007T195554Z,20261007T195554Z
5469617109,biz-465,first draw,PPP,04/13/2020,"EARL'S PLUMBING, HEATING, AND AIR INC",4720HIghway 84,LUBBOCK,TX,79415,238220,Corporation,1023400,1023400,Paid in Full,98,970400,,1030990.22,PlainsCapital Bank,4912320,"5469617109 (PPP, 04/13/2020): 1,023,400.00 / 2.5 x 12",yes,20261007T195554Z,20261007T195554Z
5476737108,biz-466,first draw,PPP,04/13/2020,"CURTIS MECHANICAL CONTRACTORS, INC.",1610 OSPREY DR,DESOTO,TX,75115-2428,238220,Corporation,324910,324910,Paid in Full,41,324910,,327349.05,Inwood National Bank,1559568,"5476737108 (PPP, 04/13/2020): 324,910.00 / 2.5 x 12",yes,20261007T195554Z,20261007T195554Z
5085788307,biz-467,second draw,PPS,01/25/2021,COOL AIR MECHANICAL,10931 Dennis Rd,Dallas,TX,75229-3646,238220,Limited  Liability Company(LLC),331198,331198,Paid in Full,39,331197,,332432.05,Regions Bank,unknown,business type 'Limited  Liability Company(LLC)' may use owner income/SE basis,yes,20261007T195554Z,20261007T195554Z
5506937100,biz-467,first draw,PPP,04/13/2020,"COOL AIR MECHANICAL, LLC","10931 Dennis Road,",Dallas,TX,75229-3646,238220,Limited  Liability Company(LLC),307200,307200,Paid in Full,39,307200,,308775.74,Regions Bank,unknown,business type 'Limited  Liability Company(LLC)' may use owner income/SE basis,yes,20261007T195554Z,20261007T195554Z
3860928500,biz-468,second draw,PPS,02/24/2021,ROCKWALL HEATING AND AIR INCORPORATED,1551 E Interstate 30,Rockwall,TX,75087-6245,238220,Corporation,266700,266700,Paid in Full,14,266697,,269995.39,"Guaranty Bank & Trust, National Association",1280160,"3860928500 (PPS, 02/24/2021): 266,700.00 / 2.5 x 12",yes,20261007T195554Z,20261007T195554Z
5592977107,biz-468,first draw,PPP,04/13/2020,ROCKWALL HEATING AND AIR INCORPORATED,1551 E INTERSTATE 30 STE 400,ROCKWALL,TX,75087-6245,238220,Corporation,285500,285500,Paid in Full,19,285500,,287348.62,"Guaranty Bank & Trust, National Association",1370400,"5592977107 (PPP, 04/13/2020): 285,500.00 / 2.5 x 12",yes,20261007T195554Z,20261007T195554Z
5631457108,biz-469,first draw,PPP,04/13/2020,AIR POLLUTION CONTROL SPECIALISTS LLC,"1851 GULF FWY S, Suite 9",LEAGUE CITY,TX,77573-5136,238220,Limited  Liability Company(LLC),251900,251900,Paid in Full,15,251900,,254170.55,Moody National Bank,unknown,business type 'Limited  Liability Company(LLC)' may use owner income/SE basis,yes,20261007T195554Z,20261007T195554Z
5649197100,biz-470,first draw,PPP,04/13/2020,K&S HEATING AND AIR,1409 JUPITER RD,GARLAND,TX,75042-7716,238220,Corporation,1377520,1377520,Paid in Full,66,1377520,,1385709.64,Simmons Bank,unknown,implied pay per reported job reaches $100K cap,yes,20261007T195554Z,20261007T195554Z
5703807106,biz-471,first draw,PPP,04/13/2020,FRG HOLDINGS LLC,100 CRESCENT CT STE 700,DALLAS,TX,75201-1530,238220,Limited  Liability Company(LLC),588797,588797,Paid in Full,33,588797,,596402.29,"IberiaBank, A Division of First Horizon Bank",unknown,business type 'Limited  Liability Company(LLC)' may use owner income/SE basis,yes,20261007T195554Z,20261007T195554Z
8058258310,biz-471,second draw,PPS,01/29/2021,FRG HOLDINGS LLC,100 Crescent Ct Ste 700,Dallas,TX,75201-2112,238220,Limited  Liability Company(LLC),588797,588797,Paid in Full,33,588797,,592869.51,First Horizon Bank,unknown,business type 'Limited  Liability Company(LLC)' may use owner income/SE basis,yes,20261007T195554Z,20261007T195554Z
5705807110,biz-472,first draw,PPP,04/13/2020,MJ MECHANICAL INC.,221 Highland Oaks,LEANDER,TX,78641-3999,238220,Subchapter S Corporation,1031000,1031000,Paid in Full,114,773250,,1036479.84,American Bank of Commerce,4948800,"5705807110 (PPP, 04/13/2020): 1,031,000.00 / 2.5 x 12",yes,20261007T195554Z,20261007T195554Z
5740547110,biz-473,first draw,PPP,04/14/2020,DMI CORP,1002 KCK WAY,CEDAR HILL,TX,75104-8020,238220,Corporation,2025971,2025971,Paid in Full,116,2025971,,2048875.73,PlainsCapital Bank,9724661,"5740547110 (PPP, 04/14/2020): 2,025,971.00 / 2.5 x 12",yes,20261007T195554Z,20261007T195554Z
5749677110,biz-474,first draw,PPP,04/14/2020,PLUMB MASTERS INC.,12307 Roxie Dr. #213,AUSTIN,TX,78729-7123,238220,Subchapter S Corporation,243600,254700,Paid in Full,21,254700,,245731.5,University FCU,unknown,current amount differs from initial approval,yes,20261007T195554Z,20261007T195554Z
5752117107,biz-475,first draw,PPP,04/14/2020,"BMF  SOLUTIONS,LLP",13602 JARVIS RD,CYPRESS,TX,77429-3802,238220,Corporation,977600,977600,Paid in Full,116,977600,,983438.44,"Guaranty Bank & Trust, National Association",4692480,"5752117107 (PPP, 04/14/2020): 977,600.00 / 2.5 x 12",yes,20261007T195554Z,20261007T195554Z
5758367102,biz-476,first draw,PPP,04/14/2020,"EXPERT SERVICES, LLC",2345 Merritt Dr.,GARLAND,TX,75041-6140,238220,Limited  Liability Company(LLC),231700,229600,Paid in Full,26,191212.76,,230888.31,PlainsCapital Bank,unknown,business type 'Limited  Liability Company(LLC)' may use owner income/SE basis; current amount differs from initial approval,yes,20261007T195554Z,20261007T195554Z
5834927107,biz-477,first draw,PPP,04/14/2020,"GEO-SYSTEMS USA, LLC",2435 DILLARD ST,GRAND PRAIRIE,TX,75051-1004,238220,Limited  Liability Company(LLC),366600,366600,Paid in Full,23,366600,,370255.82,Arvest Bank,unknown,business type 'Limited  Liability Company(LLC)' may use owner income/SE basis,yes,20261007T195554Z,20261007T195554Z
5966867104,biz-478,first draw,PPP,04/14/2020,JOE CLARK MECHANICAL SERVICES INC,15104 DELAHUNTY LN,PFLUGERVILLE,TX,78660,238220,Corporation,176075,176075,Paid in Full,16,176075,,177356.43,Cadence Bank,845160,"5966867104 (PPP, 04/14/2020): 176,075.00 / 2.5 x 12",yes,20261007T195554Z,20261007T195554Z
7356608301,biz-478,second draw,PPS,01/28/2021,JOE CLARK MECHANICAL SERVICES INC,15104 Delahunty Ln,Pflugerville,TX,78660-3343,238220,Corporation,176075,176075,Paid in Full,16,176073,,177358.18,Cadence Bank,845160,"7356608301 (PPS, 01/28/2021): 176,075.00 / 2.5 x 12",yes,20261007T195554Z,20261007T195554Z
5990177109,biz-479,first draw,PPP,04/14/2020,MOONBIZ INC,1579 N LEXINGTON BLVD,CORPUS CHRISTI,TX,78409,238220,Corporation,284900,284900,Paid in Full,27,284900,,286973.44,"PNC Bank, National Association",1367520,"5990177109 (PPP, 04/14/2020): 284,900.00 / 2.5 x 12",yes,20261007T195554Z,20261007T195554Z
7321638310,biz-479,second draw,PPS,01/28/2021,MOONBIZ INC,1579 N Lexington Blvd,Corpus Christi,TX,78409-1319,238220,Corporation,289817,289817,Paid in Full,23,289812,,291821.57,"PNC Bank, National Association",1391122,"7321638310 (PPS, 01/28/2021): 289,817.00 / 2.5 x 12",yes,20261007T195554Z,20261007T195554Z
2193158310,biz-480,second draw,PPS,01/20/2021,RBRM INVESTMENTS INC.,7787 Smith Dairy Rd,Belton,TX,76513-7321,238220,Corporation,150042.5,150042.5,Paid in Full,12,150040.5,,151912.89,Cadence Bank,720204,"2193158310 (PPS, 01/20/2021): 150,042.50 / 2.5 x 12",yes,20261007T195554Z,20261007T195554Z
5998197109,biz-480,first draw,PPP,04/14/2020,"RBRM INVESTMENTS, INC.",7787 SMITH DAIRY ROAD,BELTON,TX,76513,238220,Corporation,192102.5,192102.5,Paid in Full,13,192102.5,,194306.34,Cadence Bank,922092,"5998197109 (PPP, 04/14/2020): 192,102.50 / 2.5 x 12",yes,20261007T195554Z,20261007T195554Z
6073657108,biz-481,first draw,PPP,04/14/2020,DIRECT AIRFLOW DISTRIBUTORS I INC DBA COASTAL HVAC SUPPLY,51 ESPLANADE BLVD suite 100,HOUSTON,TX,77060-3718,238220,Corporation,631000,631000,Paid in Full,49,631000,,637431.01,Frost Bank,3028800,"6073657108 (PPP, 04/14/2020): 631,000.00 / 2.5 x 12",yes,20261007T195554Z,20261007T195554Z
6109057108,biz-482,first draw,PPP,04/14/2020,"A.Y MECHANICAL, INC.",7209 N LAMAR BLVD,AUSTIN,TX,78752-2311,238220,Subchapter S Corporation,255200,255200,Paid in Full,16,255200,,256598.36,Frost Bank,1224960,"6109057108 (PPP, 04/14/2020): 255,200.00 / 2.5 x 12",yes,20261007T195554Z,20261007T195554Z
6163637106,biz-483,first draw,PPP,04/14/2020,MCDUFF ENTERPRISE LLC,9811 COBB ST,SAN ANTONIO,TX,78217-3717,238220,Limited  Liability Company(LLC),751000,751000,Paid in Full,64,751000,,760958.47,Frost Bank,unknown,business type 'Limited  Liability Company(LLC)' may use owner income/SE basis,yes,20261007T195554Z,20261007T195554Z
6165487102,biz-484,first draw,PPP,04/14/2020,FIRST SERVICE AIR CONDITIONING,3009 Garden City Highway,MIDLAND,TX,79701,238220,Corporation,1400517,1400517,Paid in Full,85,1400517,,1413160.56,American Momentum Bank,6722482,"6165487102 (PPP, 04/14/2020): 1,400,517.00 / 2.5 x 12",yes,20261007T195554Z,20261007T195554Z
6171387103,biz-485,first draw,PPP,04/14/2020,"VERTECH SERVICES, LLC","3201 North Highway 146, Suite B",Baytown,TX,77521-2693,238220,Limited  Liability Company(LLC),250000,250000,Paid in Full,17,250000,,251924.66,Stellar Bank,unknown,business type 'Limited  Liability Company(LLC)' may use owner income/SE basis,yes,20261007T195554Z,20261007T195554Z
6176327106,biz-486,first draw,PPP,04/14/2020,GLV INTERESTS,6117 MILWEE ST STE D,HOUSTON,TX,77092-6287,238220,Corporation,180200,180200,Paid in Full,14,180200,,181893.39,Frost Bank,864960,"6176327106 (PPP, 04/14/2020): 180,200.00 / 2.5 x 12",yes,20261007T195554Z,20261007T195554Z
4672628403,biz-487,second draw,PPS,02/06/2021,ELSTONAIRE INC.,727 E Centre Park Blvd,Desoto,TX,75115-2539,238220,Corporation,217345,217345,Paid in Full,16,217345,,218630.96,Third Coast Bank,1043256,"4672628403 (PPS, 02/06/2021): 217,345.00 / 2.5 x 12",yes,20261007T195554Z,20261007T195554Z
6278677107,biz-487,first draw,PPP,04/14/2020,"ELSTONAIRE, INC.",727 E. Centre Park Boulevard,DeSoto,TX,75115-2539,238220,Corporation,201500,201500,Paid in Full,19,201500,,203001.59,Third Coast Bank,967200,"6278677107 (PPP, 04/14/2020): 201,500.00 / 2.5 x 12",yes,20261007T195554Z,20261007T195554Z
6281707104,biz-488,first draw,PPP,04/14/2020,PAYNE MECHANICAL SERVICES OF TEXAS,2000 S EASTMAN ROAD,LONGVIEW,TX,75602,238220,Limited  Liability Company(LLC),239697.5,239697.5,Paid in Full,32,239697.5,,242447.36,Cadence Bank,unknown,business type 'Limited  Liability Company(LLC)' may use owner income/SE basis,yes,20261007T195554Z,20261007T195554Z
6334457106,biz-489,first draw,PPP,04/14/2020,"SRS OPERATING CO., LP",11852 FM 2932,FORNEY,TX,75126-8314,238220,Partnership,369000,369000,Paid in Full,29,295200,,371890.5,City Bank,unknown,business type 'Partnership' may use owner income/SE basis,yes,20261007T195554Z,20261007T195554Z
9041928308,biz-489,second draw,PPS,01/30/2021,SRS OPERATING CO. LP,11852 FM 2932,Forney,TX,75126-8314,238220,Partnership,379067.5,379067.5,Paid in Full,24,379065.5,,381078.66,City Bank,unknown,business type 'Partnership' may use owner income/SE basis,yes,20261007T195554Z,20261007T195554Z
6399147108,biz-490,first draw,PPP,04/14/2020,"MECHANICAL 360 A/C AND HEATING, LLC",9940 CYPRESS CREEK PKWY,HOUSTON,TX,77070-6006,238220,Limited  Liability Company(LLC),426062,328896,Paid in Full,24,328896,,332614.35,Stellar Bank,unknown,business type 'Limited  Liability Company(LLC)' may use owner income/SE basis; current amount differs from initial approval,yes,20261007T195554Z,20261007T195554Z
6460527104,biz-491,first draw,PPP,04/14/2020,"PLUMBING SPECIALTIES, LLC",1570 SOUTH ST,BEAUMONT,TX,77701-2033,238220,Limited  Liability Company(LLC),419797,353490,Paid in Full,24,353490,,356749.96,Stellar Bank,unknown,business type 'Limited  Liability Company(LLC)' may use owner income/SE basis; current amount differs from initial approval,yes,20261007T195554Z,20261007T195554Z
6508457107,biz-492,first draw,PPP,04/14/2020,THE LEE THOMPSON CO.,1718 ELMVIEW DR,HOUSTON,TX,77080-7215,238220,Corporation,511912,505563,Paid in Full,30,505563,,509621.55,Stellar Bank,unknown,current amount differs from initial approval,yes,20261007T195554Z,20261007T195554Z
6508847106,biz-493,first draw,PPP,04/14/2020,BILLYGO LLC,923 Minters Chapel Road,Grapevine,TX,76051-4134,238220,Limited  Liability Company(LLC),334500,279100,Paid in Full,25,267600,,282015.04,Independent Bank d/b/a Independent Financial,unknown,business type 'Limited  Liability Company(LLC)' may use owner income/SE basis; current amount differs from initial approval,yes,20261007T195554Z,20261007T195554Z
6558777107,biz-494,first draw,PPP,04/14/2020,C&L HEATING & AIR CONDITIONING CORP.,1641 Lone Star Drive,Odessa,TX,79766,238220,Corporation,159112,159112,Paid in Full,10,159112,,161130.32,First Basin CU,763738,"6558777107 (PPP, 04/14/2020): 159,112.00 / 2.5 x 12",yes,20261007T195554Z,20261007T195554Z
6662907109,biz-495,first draw,PPP,04/14/2020,GOLDEN MECHANICAL CONTRACTORS INC,"1232 Colorado Lane, Ste 102",ARLINGTON,TX,76015,238220,Corporation,231000,231000,Paid in Full,22,216850,,232283.33,PlainsCapital Bank,1108800,"6662907109 (PPP, 04/14/2020): 231,000.00 / 2.5 x 12",yes,20261007T195554Z,20261007T195554Z
6674307103,biz-496,first draw,PPP,04/14/2020,TROTTER AND MORTON FACILITY SERVICE OF TEXAS INC,11202 Disco,SAN ANTONIO,TX,78216-2860,238220,Corporation,157800,157800,Paid in Full,8,157800,,160022.17,Washington Trust Bank,757440,"6674307103 (PPP, 04/14/2020): 157,800.00 / 2.5 x 12",yes,20261007T195554Z,20261007T195554Z
6691177103,biz-497,first draw,PPP,04/14/2020,"PREMIER PLUMBERS OF TEXAS, INC.",301 INDUSTRIAL BLVD,MCKINNEY,TX,75069-7330,238220,Cooperative,178200,178200,Paid in Full,14,148149,,180219.6,Independent Bank d/b/a Independent Financial,unknown,business type 'Cooperative' may use owner income/SE basis,yes,20261007T195554Z,20261007T195554Z
6745017108,biz-498,first draw,PPP,04/14/2020,C2 MECHANICAL SERVICES LLC,811 TRADESMAN PARK LOOP,HUTTO,TX,78634,238220,Limited  Liability Company(LLC),208535,208535,Paid in Full,40,208535,,209763.04,Cadence Bank,unknown,business type 'Limited  Liability Company(LLC)' may use owner income/SE basis,yes,20261007T195554Z,20261007T195554Z
6769787110,biz-499,first draw,PPP,04/14/2020,A LOWERY LTD,4105 N. FM 2528,LUBBOCK,TX,79416,238220,Partnership,433600,433600,Paid in Full,36,413600,,435948.67,PlainsCapital Bank,unknown,business type 'Partnership' may use owner income/SE basis,yes,20261007T195554Z,20261007T195554Z
6788357105,biz-500,first draw,PPP,04/14/2020,NACOGDOCHES SHEET METAL & PLUMBING LTD,3804 NW STALLINGS DR,NACOGDOCHES,TX,75964,238220,Limited Liability Partnership,210985,210985,Paid in Full,27,210985,,212250.91,Cadence Bank,unknown,business type 'Limited Liability Partnership' may use owner income/SE basis,yes,20261007T195554Z,20261007T195554Z
6790857101,biz-501,first draw,PPP,04/14/2020,"MECHANICAL REPS, INC.",9407 Middlex Drive,SAN ANTONIO,TX,78217,238220,Corporation,861700,861700,Paid in Full,54,739300,,866367.54,PlainsCapital Bank,4136160,"6790857101 (PPP, 04/14/2020): 861,700.00 / 2.5 x 12",yes,20261007T195554Z,20261007T195554Z
6820267103,biz-502,first draw,PPP,04/14/2020,CITY WIDE MECHANICAL INC.,2520 Marsh Lane,DALLAS,TX,75206,238220,Corporation,1724900,1724900,Paid in Full,135,,,1740663.67,PlainsCapital Bank,8279520,"6820267103 (PPP, 04/14/2020): 1,724,900.00 / 2.5 x 12",yes,20261007T195554Z,20261007T195554Z
6831267109,biz-503,first draw,PPP,04/14/2020,"TB2 SERVICE, INC",3250 W STORY RD Ste 102,IRVING,TX,75038-3544,238220,Corporation,1087800,1087800,Paid in Full,63,1087800,,1095131.47,Prosperity Bank,5221440,"6831267109 (PPP, 04/14/2020): 1,087,800.00 / 2.5 x 12",yes,20261007T195554Z,20261007T195554Z
6837017105,biz-504,first draw,PPP,04/14/2020,"JM CARTER PLUMBING, INC",PO Box 937,PROSPER,TX,75078,238220,Corporation,204600,204600,Paid in Full,19,204600,,206242.48,Simmons Bank,982080,"6837017105 (PPP, 04/14/2020): 204,600.00 / 2.5 x 12",yes,20261007T195554Z,20261007T195554Z
1874098600,biz-505,second draw,PPS,03/13/2021,MESAH COMMISSIONING INC,5920 Allday Dr,Houston,TX,77036-2750,238220,Corporation,250000,250000,Paid in Full,19,249996,,251458.33,Stellar Bank,1200000,"1874098600 (PPS, 03/13/2021): 250,000.00 / 2.5 x 12",yes,20261007T195554Z,20261007T195554Z
6904457109,biz-505,first draw,PPP,04/14/2020,"MESAH COMMISSIONING, INC.",5920 Allday Dr,HOUSTON,TX,77036-2750,238220,Corporation,260000,260000,Paid in Full,18,260000,,261653.89,Stellar Bank,1248000,"6904457109 (PPP, 04/14/2020): 260,000.00 / 2.5 x 12",yes,20261007T195554Z,20261007T195554Z
4170008307,biz-506,second draw,PPS,01/23/2021,HALL MECHANICAL CONTRACTORS INC.,600 De Costa St,Fort Worth,TX,76111-6536,238220,Corporation,168757.97,168757.97,Paid in Full,13,168753.97,,169550.19,"Trinity Bank, National Association",810038,"4170008307 (PPS, 01/23/2021): 168,757.97 / 2.5 x 12",yes,20261007T195554Z,20261007T195554Z
6918127105,biz-506,first draw,PPP,04/14/2020,"HALL MECHANICAL CONTRACTORS, INC.",600 De Costa Street,FORT WORTH,TX,76111-6536,238220,Corporation,193000,193000,Paid in Full,19,193000,,194688.75,"Trinity Bank, National Association",926400,"6918127105 (PPP, 04/14/2020): 193,000.00 / 2.5 x 12",yes,20261007T195554Z,20261007T195554Z
6956007105,biz-507,first draw,PPP,04/14/2020,ELLIS AIR LLC,3513 FLORENCE RD,KILLEEN,TX,76542-2511,238220,Limited  Liability Company(LLC),251600,251600,Paid in Full,7,251600,,254360.61,Cadence Bank,unknown,business type 'Limited  Liability Company(LLC)' may use owner income/SE basis; implied pay per reported job reaches $100K cap,yes,20261007T195554Z,20261007T195554Z
6977317103,biz-508,first draw,PPP,04/14/2020,"CHRISTIANSON AIR CONDITIONING AND PLUMBING, LLC",1950 Louis Henna Blvd,ROUND ROCK,TX,78664,238220,Limited  Liability Company(LLC),4374431,4374431,Paid in Full,343,4300000,,,First Source Federal Credit Union,unknown,business type 'Limited  Liability Company(LLC)' may use owner income/SE basis,yes,20261007T195554Z,20261007T195554Z
3259958900,biz-509,second draw,PPS,04/27/2021,T L MECHANICAL INC,4717 Westway Dr,Corpus Christi,TX,78408-2725,238220,Corporation,191065,191065,Paid in Full,19,191063,,192253.85,"American Bank, National Association",917112,"3259958900 (PPS, 04/27/2021): 191,065.00 / 2.5 x 12",yes,20261007T195554Z,20261007T195554Z
7035937102,biz-509,first draw,PPP,04/14/2020,T L MECHANICAL INC,4717 Westway Dr,CORPUS CHRISTI,TX,78408-2725,238220,Corporation,191698,191698,Paid in Full,19,191698,,193796.03,"American Bank, National Association",920150,"7035937102 (PPP, 04/14/2020): 191,698.00 / 2.5 x 12",yes,20261007T195554Z,20261007T195554Z
6495428301,biz-510,second draw,PPS,01/27/2021,ANGELL SERVICES LLC,13321 Immanuel Rd,Pflugerville,TX,78660-8339,238220,Limited  Liability Company(LLC),457492.5,457492.5,Paid in Full,50,457488.5,,460262.87,PlainsCapital Bank,unknown,business type 'Limited  Liability Company(LLC)' may use owner income/SE basis,yes,20261007T195554Z,20261007T195554Z
7038277100,biz-510,first draw,PPP,04/14/2020,ANGELL SERVICES LLC,13321 IMMANUEL RD,PFLUGERVILLE,TX,78660-8339,238220,Limited  Liability Company(LLC),457500,457500,Paid in Full,36,434747,,460030.76,PlainsCapital Bank,unknown,business type 'Limited  Liability Company(LLC)' may use owner income/SE basis,yes,20261007T195554Z,20261007T195554Z
7121187109,biz-511,first draw,PPP,04/14/2020,MOJICA PLUMBING AND DRAIN CLEANING LLC,1808 BENCH MARK DR,AUSTIN,TX,78728-7721,238220,Limited  Liability Company(LLC),217000,217000,Paid in Full,18,217000,,218494.89,Bank of Colorado,unknown,business type 'Limited  Liability Company(LLC)' may use owner income/SE basis,yes,20261007T195554Z,20261007T195554Z
7149567107,biz-512,first draw,PPP,04/14/2020,MOSBY MECHANICAL CO. INC.,507 S. Eastman Rd.,LONGVIEW,TX,75602-1707,238220,Corporation,1280835,1280835,Paid in Full,90,1280835,,1290414.94,Texas Bank and Trust Company,6148008,"7149567107 (PPP, 04/14/2020): 1,280,835.00 / 2.5 x 12",yes,20261007T195554Z,20261007T195554Z
7159217100,biz-513,first draw,PPP,04/14/2020,PB & J ENTERPRISES,715 E MAIN ST,BELLVILLE,TX,77418-1619,238220,Subchapter S Corporation,215000,215000,Paid in Full,15,215000,,216600.56,Austin County State Bank,1032000,"7159217100 (PPP, 04/14/2020): 215,000.00 / 2.5 x 12",yes,20261007T195554Z,20261007T195554Z
6762748309,biz-514,second draw,PPS,01/27/2021,FRESH AIR LP,5702 Power Line Rd,Richmond,TX,77469-8868,238220,Limited Liability Partnership,250400,250400,Paid in Full,20,250399,,251387.88,Frost Bank,unknown,business type 'Limited Liability Partnership' may use owner income/SE basis,yes,20261007T195554Z,20261007T195554Z
7162467106,biz-514,first draw,PPP,04/14/2020,"FRESH AIR, LP",5702 POWER LINE RD,RICHMOND,TX,77469-8868,238220,Limited Liability Partnership,217500,217500,Paid in Full,20,217500,,218775.21,Frost Bank,unknown,business type 'Limited Liability Partnership' may use owner income/SE basis,yes,20261007T195554Z,20261007T195554Z
7274827101,biz-515,first draw,PPP,04/14/2020,"TEXAS DRAIN TECHNOLOGIES, INC.",4918 PINEMONT DR,HOUSTON,TX,77092-3547,238220,Corporation,335900,335900,Paid in Full,25,335900,,338228.29,Third Coast Bank,1612320,"7274827101 (PPP, 04/14/2020): 335,900.00 / 2.5 x 12",yes,20261007T195554Z,20261007T195554Z
7278597101,biz-516,first draw,PPP,04/14/2020,"DIAMOND D MECHANICAL, INC",1170 US Hwy 82,BROWNFIELD,TX,79316-7146,238220,Corporation,219430,219430,Paid in Full,19,219430,,221209.49,Sundown State Bank,1053264,"7278597101 (PPP, 04/14/2020): 219,430.00 / 2.5 x 12",yes,20261007T195554Z,20261007T195554Z
7290217106,biz-517,first draw,PPP,04/14/2020,MID COUNTY PLUMBING LLC,2222 Spurlock Road,Nederland,TX,77627-4727,238220,Limited  Liability Company(LLC),280200,280200,Paid in Full,27,280200,,280570.28,Third Coast Bank,unknown,business type 'Limited  Liability Company(LLC)' may use owner income/SE basis,yes,20261007T195554Z,20261007T195554Z
7320967110,biz-518,first draw,PPP,04/14/2020,"A C DISTRIBUTION, INC.",5638 BEAR LN,CORPUS CHRISTI,TX,78405-4406,238220,Corporation,1141562.5,1141562.5,Paid in Full,122,1048894.5,,1150726.28,Charter Bank,5479500,"7320967110 (PPP, 04/14/2020): 1,141,562.50 / 2.5 x 12",yes,20261007T195554Z,20261007T195554Z
7334917107,biz-519,first draw,PPP,04/14/2020,"SHAFER-ANDERSON HOLDINGS, LLC",315 BURNET ST,SAN ANTONIO,TX,78202-1911,238220,Limited  Liability Company(LLC),494500,494500,Paid in Full,40,445050,,497805.7,Jefferson Bank,unknown,business type 'Limited  Liability Company(LLC)' may use owner income/SE basis,yes,20261007T195554Z,20261007T195554Z
7411907109,biz-520,first draw,PPP,04/14/2020,"ADVANTIS SERVICES, INC.",4250 SPRING VALLEY ROAD,FARMERS BRANCH,TX,75244,238220,Corporation,360030,360030,Paid in Full,28,360030,,364030.33,Cadence Bank,1728144,"7411907109 (PPP, 04/14/2020): 360,030.00 / 2.5 x 12",yes,20261007T195554Z,20261007T195554Z
7434087104,biz-521,first draw,PPP,04/14/2020,BEALL SERVICE COMPANY LLC,9245 PADRE ISLAND DR,CORPUS CHRISTI,TX,78418-5503,238220,Limited  Liability Company(LLC),231222,231222,Paid in Full,21,216907,,233014.76,"Kleberg Bank, National Association",unknown,business type 'Limited  Liability Company(LLC)' may use owner income/SE basis,yes,20261007T195554Z,20261007T195554Z
2374288302,biz-522,second draw,PPS,01/20/2021,WALSH ALLIANCE LLC,19300 Oil Center Blvd,Houston,TX,77073-3353,238220,Limited  Liability Company(LLC),1919402,1919402,Paid in Full,186,1919400,,1937333.95,"Zions Bank, A Division of",unknown,business type 'Limited  Liability Company(LLC)' may use owner income/SE basis,yes,20261007T195554Z,20261007T195554Z
7490577103,biz-522,first draw,PPP,04/14/2020,WALSH ALLIANCE LLC,19300 Oil Center Blvd,HOUSTON,TX,77073,238220,Limited  Liability Company(LLC),1988500,1988500,Paid in Full,186,1988500,,2007458.85,"Zions Bank, A Division of",unknown,business type 'Limited  Liability Company(LLC)' may use owner income/SE basis,yes,20261007T195554Z,20261007T195554Z
7534217103,biz-523,first draw,PPP,04/14/2020,ABLE PLUMBING INC.,1105 MOSKOWITZ AVE,SEABROOK,TX,77586-3536,238220,Sole Proprietorship,180000,178661,Paid in Full,15,178661,,181053.07,Stellar Bank,unknown,business type 'Sole Proprietorship' may use owner income/SE basis; current amount differs from initial approval,yes,20261007T195554Z,20261007T195554Z
7586967107,biz-524,first draw,PPP,04/14/2020,DRING AIR CONDITIONING & HEATING LP,2140 Hutton Dr. #100,CARROLLTON,TX,75006-8323,238220,Subchapter S Corporation,239554.2,239554,Paid in Full,25,201554,,241503.25,Texas Capital Bank,unknown,current amount differs from initial approval,yes,20261007T195554Z,20261007T195554Z
7620267103,biz-525,first draw,PPP,04/14/2020,AC LONESTAR SERVICES INC,1213 EDDY ST,PECOS,TX,79772,238220,Corporation,243779,243779,Paid in Full,17,243779,,247483.09,American Momentum Bank,1170139,"7620267103 (PPP, 04/14/2020): 243,779.00 / 2.5 x 12",yes,20261007T195554Z,20261007T195554Z
7622757101,biz-526,first draw,PPP,04/14/2020,MAS MECHANICAL LLC,10050 HOUSTON OAKS DR,HOUSTON,TX,77064-3520,238220,Limited  Liability Company(LLC),999999,999999,Paid in Full,153,999999,,1008304.55,Stellar Bank,unknown,business type 'Limited  Liability Company(LLC)' may use owner income/SE basis,yes,20261007T195554Z,20261007T195554Z
7684247107,biz-527,first draw,PPP,04/14/2020,"CAPITAL FIRE PROTECTION, LLC",3350 ROGERDALE RD SUITE 200,HOUSTON,TX,77042-4159,238220,Limited  Liability Company(LLC),1104800,840000,Paid in Full,86,750494,,846136.67,Independent Bank d/b/a Independent Financial,unknown,business type 'Limited  Liability Company(LLC)' may use owner income/SE basis; current amount differs from initial approval,yes,20261007T195554Z,20261007T195554Z
7794257100,biz-528,first draw,PPP,04/14/2020,"GILBERT PLUMBING COMPANY, LP",4118 Southerland Rd,Houston,TX,77092-4417,238220,Partnership,525471,525471,Paid in Full,36,525471,,528682.21,Central Bank,unknown,business type 'Partnership' may use owner income/SE basis,yes,20261007T195554Z,20261007T195554Z
7837347104,biz-529,first draw,PPP,04/14/2020,"VAMVORAS, LTD.",4734 SHAVANO OAK,SAN ANTONIO,TX,78249-4019,238220,Partnership,319200,319200,Paid in Full,33,310000,,321602.87,Broadway National Bank,unknown,business type 'Partnership' may use owner income/SE basis,yes,20261007T195554Z,20261007T195554Z
7910747103,biz-530,first draw,PPP,04/14/2020,"KINGWOOD AIR CONDITIONING & HEATING, INC.",22424 LOOP 494,KINGWOOD,TX,77339-2816,238220,Limited  Liability Company(LLC),157700,157700,Paid in Full,13,157700,,159785.14,Third Coast Bank,unknown,business type 'Limited  Liability Company(LLC)' may use owner income/SE basis,yes,20261007T195554Z,20261007T195554Z
7921847104,biz-531,first draw,PPP,04/14/2020,"C-AIR-S MECHANICAL, INC.",8430 FAWNDALE LN,HOUSTON,TX,77040-5112,238220,Employee Stock Ownership Plan(ESOP),895000,895000,Paid in Full,60,716032,,906809.03,Comerica Bank,unknown,business type 'Employee Stock Ownership Plan(ESOP)' may use owner income/SE basis,yes,20261007T195554Z,20261007T195554Z
7864328405,biz-532,second draw,PPS,02/12/2021,CHIP MILLER PLUMBING,408 E Oneal St,Wills Point,TX,75169-3012,238220,Partnership,385828,385828,Paid in Full,38,385825,,387864.31,The City National Bank of Sulphur Springs,unknown,business type 'Partnership' may use owner income/SE basis,yes,20261007T195554Z,20261007T195554Z
7929807108,biz-532,first draw,PPP,04/14/2020,CHIP MILLER PLUMBING LLC,408 E O'Neal St.,WILLS POINT,TX,75169,238220,Partnership,335847.5,335847.5,Paid in Full,38,335847.5,,337806.61,The City National Bank of Sulphur Springs,unknown,business type 'Partnership' may use owner income/SE basis,yes,20261007T195554Z,20261007T195554Z
7946477107,biz-533,first draw,PPP,04/14/2020,CLASSIC PLUMBING LLC,1301 10TH ST,PLANO,TX,75074-8647,238220,Limited  Liability Company(LLC),224100,236900,Paid in Full,20,177675,,239736.31,First United Bank and Trust Company,unknown,business type 'Limited  Liability Company(LLC)' may use owner income/SE basis; current amount differs from initial approval,yes,20261007T195554Z,20261007T195554Z
9735208309,biz-533,second draw,PPS,01/31/2021,CLASSIC PLUMBING LLC,1301 10th St,Plano,TX,75074-8647,238220,Limited  Liability Company(LLC),236900,236900,Paid in Full,20,236898,,239697.37,First United Bank and Trust Company,unknown,business type 'Limited  Liability Company(LLC)' may use owner income/SE basis,yes,20261007T195554Z,20261007T195554Z
7977087100,biz-534,first draw,PPP,04/14/2020,PANTEX PLUMBING INC,PO Box 3249,AMARILLO,TX,79116,238220,Subchapter S Corporation,308900,308900,Paid in Full,18,231675,,310856.37,First United Bank,1482720,"7977087100 (PPP, 04/14/2020): 308,900.00 / 2.5 x 12",yes,20261007T195554Z,20261007T195554Z
7996597106,biz-535,first draw,PPP,04/14/2020,"H&G SYSTEMS, L.P.",3614 SECURITY ST,GARLAND,TX,75042-7628,238220,Partnership,969979,969979,Paid in Full,93,969979,,976383.52,Vista Bank,unknown,business type 'Partnership' may use owner income/SE basis,yes,20261007T195554Z,20261007T195554Z
1074487202,biz-536,first draw,PPP,04/15/2020,CERTIFIED PLACERS LLC,23985 FM 491,LYFORD,TX,78569-2531,238220,Limited  Liability Company(LLC),212500,212500,Paid in Full,32,159375,,214394.79,First Source Federal Credit Union,unknown,business type 'Limited  Liability Company(LLC)' may use owner income/SE basis,yes,20261007T195554Z,20261007T195554Z
1096727203,biz-537,first draw,PPP,04/15/2020,KEN MAN PLUMBING INC,801 4TH AVE,MANSFIELD,TX,76063-2207,238220,Subchapter S Corporation,585900,585900,Paid in Full,45,585900,,590394.58,The American National Bank of Texas,2812320,"1096727203 (PPP, 04/15/2020): 585,900.00 / 2.5 x 12",yes,20261007T195554Z,20261007T195554Z
1123457201,biz-538,first draw,PPP,04/15/2020,"DILMAK SERVICES, LLC",10645 East Loop 1604 South,SAN ANTONIO,TX,78263-2354,238220,Limited  Liability Company(LLC),150400,150400,Paid in Full,22,120400,,152033.51,Broadway National Bank,unknown,business type 'Limited  Liability Company(LLC)' may use owner income/SE basis,yes,20261007T195554Z,20261007T195554Z
1173737200,biz-539,first draw,PPP,04/15/2020,NATIVE SOLUTIONS INC.,1400 S SHERMAN ST Suite 120,RICHARDSON,TX,75081-6513,238220,Corporation,226212,226212,Paid in Full,7,226212,,226051.66,"Dallas Capital Bank, National Association",unknown,implied pay per reported job reaches $100K cap,yes,20261007T195554Z,20261007T195554Z
2573858408,biz-539,second draw,PPS,02/03/2021,NATIVE SOLUTIONS INC.,1400 S Sherman St Ste 120,Richardson,TX,75081-6513,238220,Corporation,226212,226212,Paid in Full,7,226209,,227798.58,"Dallas Capital Bank, National Association",unknown,implied pay per reported job reaches $100K cap,yes,20261007T195554Z,20261007T195554Z
1195917207,biz-540,first draw,PPP,04/15/2020,"JET MECHANICAL, INC",11003 WYE DR,SAN ANTONIO,TX,78217-2615,238220,Corporation,206300,206300,Paid in Full,22,154725,,207451.84,Broadway National Bank,990240,"1195917207 (PPP, 04/15/2020): 206,300.00 / 2.5 x 12",yes,20261007T195554Z,20261007T195554Z
6969568409,biz-540,second draw,PPS,02/11/2021,JET MECHANICAL INC,11003 Wye Dr,San Antonio,TX,78217-2615,238220,Corporation,185482,185482,Paid in Full,21,185478,,186450.63,Broadway National Bank,890314,"6969568409 (PPS, 02/11/2021): 185,482.00 / 2.5 x 12",yes,20261007T195554Z,20261007T195554Z
1217757209,biz-541,first draw,PPP,04/15/2020,SI MECHANICAL LLC,1589 PO BOX,BUDA,TX,78610-1589,238220,Limited  Liability Company(LLC),1009207,1009207,Paid in Full,90,1009207,,1015178.14,Southside Bank,unknown,business type 'Limited  Liability Company(LLC)' may use owner income/SE basis,yes,20261007T195554Z,20261007T195554Z
1254157205,biz-542,first draw,PPP,04/15/2020,"GRAVES MECHANICAL, INC.",5910 Schumacher Lane,HOUSTON,TX,77057,238220,Corporation,1593500,1593500,Paid in Full,122,1593500,,1608736.48,"Zions Bank, A Division of",7648800,"1254157205 (PPP, 04/15/2020): 1,593,500.00 / 2.5 x 12",yes,20261007T195554Z,20261007T195554Z
1323217204,biz-543,first draw,PPP,04/15/2020,CHAPMAN AIR-CONDITIONING INC,"10750 Sandhill Rd, Ste B",DALLAS,TX,75238,238220,Corporation,408000,408000,Paid in Full,53,408000,,412964,PlainsCapital Bank,1958400,"1323217204 (PPP, 04/15/2020): 408,000.00 / 2.5 x 12",yes,20261007T195554Z,20261007T195554Z
1348107202,biz-544,first draw,PPP,04/15/2020,TRUSS & SON PLUMBING INC,2204 N JOHN REDDITT DR,LUFKIN,TX,75904-1776,238220,Corporation,356600,356600,Paid in Full,35,285348,,358632.13,"Commercial Bank of Texas, N.A.",1711680,"1348107202 (PPP, 04/15/2020): 356,600.00 / 2.5 x 12",yes,20261007T195554Z,20261007T195554Z
1502477207,biz-545,first draw,PPP,04/15/2020,Q MARTINS PLUMBING SERVICES INC,11712 FRANCIS SCOBEE DR,EL PASO,TX,79936-5003,238220,Corporation,163800,163800,Paid in Full,39,163800,,165228.7,First American Bank,786240,"1502477207 (PPP, 04/15/2020): 163,800.00 / 2.5 x 12",yes,20261007T195554Z,20261007T195554Z
1839547210,biz-546,first draw,PPP,04/15/2020,"AMERICAN WATERCARE, INC",530 S Interstate 35,ROUND ROCK,TX,78681,238220,Subchapter S Corporation,286915,286915,Paid in Full,26,256876,,290289.12,"JPMorgan Chase Bank, National Association",1377192,"1839547210 (PPP, 04/15/2020): 286,915.00 / 2.5 x 12",yes,20261007T195554Z,20261007T195554Z
1948087202,biz-547,first draw,PPP,04/15/2020,KILLEEN HEATING AND AIR CONDITIONING INC.,509 CONDER STREET,KILLEEN,TX,76541,238220,Corporation,155102.5,155102.5,Paid in Full,12,155102.5,,156119.28,Cadence Bank,744492,"1948087202 (PPP, 04/15/2020): 155,102.50 / 2.5 x 12",yes,20261007T195554Z,20261007T195554Z
2000497207,biz-548,first draw,PPP,04/15/2020,PUBLIC SERVICE PLUMBERS INC,5610 DYER ST,DALLAS,TX,75206-5004,238220,Subchapter S Corporation,534228.97,534228.97,Paid in Full,38,534228.97,,538373.7,"JPMorgan Chase Bank, National Association",2564299,"2000497207 (PPP, 04/15/2020): 534,228.97 / 2.5 x 12",yes,20261007T195554Z,20261007T195554Z
2102547210,biz-549,first draw,PPP,04/15/2020,"O'HAVER PLUMBING, LTD.",18615 FM 2252,SAN ANTONIO,TX,78266-2795,238220,Partnership,325000,325000,Paid in Full,60,325000,,326877.78,Broadway National Bank,unknown,business type 'Partnership' may use owner income/SE basis,yes,20261007T195554Z,20261007T195554Z
2103437203,biz-550,first draw,PPP,04/15/2020,PETREK MECHANICAL CONTRACTORS LTD,9618 Camp Bowie West,FORT WORTH,TX,76116,238220,Partnership,651340,651340,Paid in Full,54,651340,,657039.22,First Source Federal Credit Union,unknown,business type 'Partnership' may use owner income/SE basis,yes,20261007T195554Z,20261007T195554Z
2117317203,biz-551,first draw,PPP,04/15/2020,ALLIANCE MECHANICAL SERVICES L,2130 REGAL PKWY,EULESS,TX,76040-6732,238220,Corporation,154300,154300,Paid in Full,13,154300,,156074.45,Harmony Bank,740640,"2117317203 (PPP, 04/15/2020): 154,300.00 / 2.5 x 12",yes,20261007T195554Z,20261007T195554Z
2130387207,biz-552,first draw,PPP,04/15/2020,"TINDALL MECHANICAL, INC.",700 STRAUS RD,CEDAR HILL,TX,75104-1784,238220,Corporation,225300,225300,Paid in Full,19,225300,,226522.18,InterBank,1081440,"2130387207 (PPP, 04/15/2020): 225,300.00 / 2.5 x 12",yes,20261007T195554Z,20261007T195554Z
4785738310,biz-552,second draw,PPS,01/23/2021,TINDALL MECHANICAL INC.,700 Straus Rd,Cedar Hill,TX,75104-1784,238220,Corporation,225300,225300,Paid in Full,19,225295,,226460.45,InterBank,1081440,"4785738310 (PPS, 01/23/2021): 225,300.00 / 2.5 x 12",yes,20261007T195554Z,20261007T195554Z
2153907200,biz-553,first draw,PPP,04/15/2020,"ALAMO WELDING & BOILER WORKS, INC.",816 NORTH FLORES ST,SAN ANTONIO,TX,78212-5102,238220,Corporation,206200,206200,Paid in Full,13,185200,,207397.65,Jefferson Bank,989760,"2153907200 (PPP, 04/15/2020): 206,200.00 / 2.5 x 12",yes,20261007T195554Z,20261007T195554Z
2472148408,biz-553,second draw,PPS,02/03/2021,ALAMO WELDING AND BOILER WORKS INC.,816 N Flores St,San Antonio,TX,78212-5153,238220,Corporation,206200,206200,Paid in Full,13,206198,,207092.59,Jefferson Bank,989760,"2472148408 (PPS, 02/03/2021): 206,200.00 / 2.5 x 12",yes,20261007T195554Z,20261007T195554Z
2154027209,biz-554,first draw,PPP,04/15/2020,"TIM BAILEY PLUMBING, LLC",14996 Live Oak Street,COLLEGE STATION,TX,77845,238220,Limited  Liability Company(LLC),190347,190347,Paid in Full,18,190347,,193413.7,American Momentum Bank,unknown,business type 'Limited  Liability Company(LLC)' may use owner income/SE basis,yes,20261007T195554Z,20261007T195554Z
2225837203,biz-555,first draw,PPP,04/15/2020,"WALLER COUNTY ELECTRIC, INC",1005 13TH ST,HEMPSTEAD,TX,77445-5152,238220,Subchapter S Corporation,183910,183910,Paid in Full,18,183910,,184911.29,Trustmark National Bank,882768,"2225837203 (PPP, 04/15/2020): 183,910.00 / 2.5 x 12",yes,20261007T195554Z,20261007T195554Z
6537248610,biz-555,second draw,PPS,03/23/2021,WALLER COUNTY ELECTRIC INC,1005 13th St,Hempstead,TX,77445-5152,238220,Subchapter S Corporation,190439,190439,Paid in Full,18,190437,,192098.17,Trustmark National Bank,914107,"6537248610 (PPS, 03/23/2021): 190,439.00 / 2.5 x 12",yes,20261007T195554Z,20261007T195554Z
2275287202,biz-556,first draw,PPP,04/15/2020,"ATLAS ELECRTRICAL, AIR CONDITIONING",705 S Alton Blvd,Alton,TX,78573,238220,Sole Proprietorship,202100,202100,Paid in Full,34,202100,,203941.36,PlainsCapital Bank,unknown,business type 'Sole Proprietorship' may use owner income/SE basis,yes,20261007T195554Z,20261007T195554Z
8087277101,biz-557,first draw,PPP,04/15/2020,LASCO MECHANICAL SERVICES,18601 LYNDON B JOHNSON FWY,MESQUITE,TX,75150-6436,238220,Limited  Liability Company(LLC),828015.15,828015.15,Paid in Full,16,828015.15,,583244.02,"Community Bank & Trust, Waco, Texas",unknown,business type 'Limited  Liability Company(LLC)' may use owner income/SE basis; implied pay per reported job reaches $100K cap,yes,20261007T195554Z,20261007T195554Z
2661029010,biz-558,second draw,PPS,05/18/2021,LASCO PROCESS SYSTEMS LLC,18601 Lyndon B Johnson Fwy Ste 710,Mesquite,TX,75150-6436,238220,Limited  Liability Company(LLC),257800,257800,Paid in Full,9,257795,,259184.35,"American Bank, National Association",unknown,business type 'Limited  Liability Company(LLC)' may use owner income/SE basis; implied pay per reported job reaches $100K cap,yes,20261007T195554Z,20261007T195554Z
8094917101,biz-558,first draw,PPP,04/15/2020,LASCO PROCESS SYSTEMS LLC,18601 LYNDON B JOHNSON FWY,MESQUITE,TX,75150-6436,238220,Limited  Liability Company(LLC),473671.42,473671.42,Paid in Full,70,473671.42,,479095.93,"Community Bank & Trust, Waco, Texas",unknown,business type 'Limited  Liability Company(LLC)' may use owner income/SE basis,yes,20261007T195554Z,20261007T195554Z
8141037101,biz-559,first draw,PPP,04/15/2020,"STELLAR PLUMBING, INC",331 County Road 131,Hutto,TX,78634,238220,Corporation,179193,179193,Paid in Full,16,179193,,182020.81,Cross River Bank,860126,"8141037101 (PPP, 04/15/2020): 179,193.00 / 2.5 x 12",yes,20261007T195554Z,20261007T195554Z
8342587109,biz-560,first draw,PPP,04/15/2020,"RENEGADE FIRE SYSTEMS, LLC",4317 B FM 2351 RD,FRIENDSWOOD,TX,77546-2406,238220,Corporation,176000,176000,Paid in Full,17,176000,,177861.26,b1BANK,844800,"8342587109 (PPP, 04/15/2020): 176,000.00 / 2.5 x 12",yes,20261007T195554Z,20261007T195554Z
8412067102,biz-561,first draw,PPP,04/15/2020,"PRECISE TECHNICAL SERVICES, INC.",18616 KLEIN CHURCH RD,SPRING,TX,77379,238220,Subchapter S Corporation,471305,471305,Paid in Full,50,471305,0,474262.93,"JPMorgan Chase Bank, National Association",2262264,"8412067102 (PPP, 04/15/2020): 471,305.00 / 2.5 x 12",yes,20261007T195554Z,20261007T195554Z
8494047110,biz-562,first draw,PPP,04/15/2020,S.A. RITEWAY SERVICE COMPANY,9010 BROADWAY ST,SAN ANTONIO,TX,78217-6117,238220,Corporation,157600,157600,Paid in Full,13,157600,,158587.19,Frost Bank,756480,"8494047110 (PPP, 04/15/2020): 157,600.00 / 2.5 x 12",yes,20261007T195554Z,20261007T195554Z
8621457108,biz-563,first draw,PPP,04/15/2020,SDL PLUMBING INC,1612 BRUCE WAY,SEAGOVILLE,TX,75159-2840,238220,Subchapter S Corporation,194000,194000,Paid in Full,15,194000,,195477.59,The American National Bank of Texas,931200,"8621457108 (PPP, 04/15/2020): 194,000.00 / 2.5 x 12",yes,20261007T195554Z,20261007T195554Z
8714257106,biz-564,first draw,PPP,04/15/2020,"AGGRESSIVE PLUMBING SERVICE & REPAIR, LLC",1220 W HURST BLVD STE 100,HURST,TX,76053-7471,238220,Limited  Liability Company(LLC),160000,160000,Paid in Full,13,160000,,161014.25,Frost Bank,unknown,business type 'Limited  Liability Company(LLC)' may use owner income/SE basis,yes,20261007T195554Z,20261007T195554Z
8807137104,biz-565,first draw,PPP,04/15/2020,CW MECHANICAL LLC,914 E MEYER RD,SEABROOK,TX,77586-3037,238220,Limited  Liability Company(LLC),220200,220200,Paid in Full,18,220200,,221828.88,Third Coast Bank,unknown,business type 'Limited  Liability Company(LLC)' may use owner income/SE basis,yes,20261007T195554Z,20261007T195554Z
8822517109,biz-566,first draw,PPP,04/15/2020,"MSC MECHANICAL, INC.",10464 State Highway 30,COLLEGE STATION,TX,77845,238220,Corporation,304490,304490,Paid in Full,29,304490,,307374.2,American Momentum Bank,1461552,"8822517109 (PPP, 04/15/2020): 304,490.00 / 2.5 x 12",yes,20261007T195554Z,20261007T195554Z
8932817106,biz-567,first draw,PPP,04/15/2020,"AVATT SERVICES, INC",340 COUNTY ROAD 260,LIBERTY HILL,TX,78642-6202,238220,Corporation,429462,429462,Paid in Full,32,429462,,432014.91,"Classic Bank, National Association",2061418,"8932817106 (PPP, 04/15/2020): 429,462.00 / 2.5 x 12",yes,20261007T195554Z,20261007T195554Z
8945507106,biz-568,first draw,PPP,04/15/2020,"PRO SERVE PLUMBING, LLC","11255 Camp Bowie W. Suite, 120",ALEDO,TX,76008,238220,Limited  Liability Company(LLC),391900,391900,Paid in Full,27,370190,,395612.16,PlainsCapital Bank,unknown,business type 'Limited  Liability Company(LLC)' may use owner income/SE basis,yes,20261007T195554Z,20261007T195554Z
8949237105,biz-569,first draw,PPP,04/15/2020,COOPER & MOORE INC,10430 SHADY TRAIL #100,DALLAS,TX,75220-2525,238220,Limited  Liability Company(LLC),354915,354915,Paid in Full,27,354915,,356850.02,Simmons Bank,unknown,business type 'Limited  Liability Company(LLC)' may use owner income/SE basis,yes,20261007T195554Z,20261007T195554Z
9047547110,biz-570,first draw,PPP,04/15/2020,AMERICAN PLUMBING COMPANY INC.,1620 N Parkdale,TYLER,TX,75712-5114,238220,Subchapter S Corporation,214350.67,214350.67,Paid in Full,19,214350.67,,215571.28,Southside Bank,1028883,"9047547110 (PPP, 04/15/2020): 214,350.67 / 2.5 x 12",yes,20261007T195554Z,20261007T195554Z
9099467101,biz-571,first draw,PPP,04/15/2020,"LONGMIRE PLUMBING, INC",4425 CRAWFORD DR,ABILENE,TX,79602-7825,238220,Corporation,302469,302469,Paid in Full,28,302469,,304813.13,First National Bank and Trust Company of Weatherford d/b/a First Bank Texas,1451851,"9099467101 (PPP, 04/15/2020): 302,469.00 / 2.5 x 12",yes,20261007T195554Z,20261007T195554Z
5636078401,biz-572,second draw,PPS,02/09/2021,STRAUS SYSTEMS INC.,7 Straus Ct,Stafford,TX,77477-3325,238220,Subchapter S Corporation,1510515,1510515,Paid in Full,52,1510512,,1529344.71,"Zions Bank, A Division of",unknown,implied pay per reported job reaches $100K cap,yes,20261007T195554Z,20261007T195554Z
9104677100,biz-572,first draw,PPP,04/15/2020,STRAUS SYSTEMS INC,7 Straus Court,STAFFORD,TX,77477,238220,Subchapter S Corporation,1527900,1527900,Paid in Full,149,1527900,,1549248.74,"Zions Bank, A Division of",7333920,"9104677100 (PPP, 04/15/2020): 1,527,900.00 / 2.5 x 12",yes,20261007T195554Z,20261007T195554Z
9216637104,biz-573,first draw,PPP,04/15/2020,"MATHEWS AIR COMFORT SOLUTIONS, LLC",4933 Ambassador Row,CORPUS CHRISTI,TX,78416,238220,Limited  Liability Company(LLC),223600,223600,Paid in Full,16,223600,,225755.26,International Bank of Commerce,unknown,business type 'Limited  Liability Company(LLC)' may use owner income/SE basis,yes,20261007T195554Z,20261007T195554Z
9217517105,biz-574,first draw,PPP,04/15/2020,"AAA PLUMBERS, INC.",6547 PETROPARK DR,HOUSTON,TX,77041-4900,238220,Corporation,675000,675000,Paid in Full,50,675000,,679912.5,Cadence Bank,3240000,"9217517105 (PPP, 04/15/2020): 675,000.00 / 2.5 x 12",yes,20261007T195554Z,20261007T195554Z
9431057110,biz-575,first draw,PPP,04/15/2020,HAROLD JAMES INC,3240 BRYAN AVENUE,FORT WORTH,TX,76110-4211,238220,Corporation,318668,318668,Paid in Full,17,318668,,320353.01,Simmons Bank,1529606,"9431057110 (PPP, 04/15/2020): 318,668.00 / 2.5 x 12",yes,20261007T195554Z,20261007T195554Z
9461397108,biz-576,first draw,PPP,04/15/2020,CUSTOM FILTRATION INC,9233 LEOPARD ST,CORPUS CHRISTI,TX,78409-2506,238220,Corporation,155954,155954,Paid in Full,14,116250,,157270,Charter Bank,748579,"9461397108 (PPP, 04/15/2020): 155,954.00 / 2.5 x 12",yes,20261007T195554Z,20261007T195554Z
9501407104,biz-577,first draw,PPP,04/15/2020,HOUSTON AUTUMN AIR INC,18812 TOMATO STREET,SPRING,TX,77379,238220,Subchapter S Corporation,201310,201310,Paid in Full,15,201310,,203698.14,"Wells Fargo Bank, National Association",966288,"9501407104 (PPP, 04/15/2020): 201,310.00 / 2.5 x 12",yes,20261007T195554Z,20261007T195554Z
1631218409,biz-578,second draw,PPS,02/02/2021,A/C RESCUE INC,10705 Plano Rd Ste 400,Dallas,TX,75238-5313,238220,Corporation,189500,189500,Paid in Full,21,189500,,190875.82,Frost Bank,909600,"1631218409 (PPS, 02/02/2021): 189,500.00 / 2.5 x 12",yes,20261007T195554Z,20261007T195554Z
9513027105,biz-578,first draw,PPP,04/15/2020,A/C RESCUE INC,10705 Plano Rd Ste 400,DALLAS,TX,75238-5343,238220,Corporation,172700,172700,Paid in Full,18,172700,,175146.19,Frost Bank,828960,"9513027105 (PPP, 04/15/2020): 172,700.00 / 2.5 x 12",yes,20261007T195554Z,20261007T195554Z
9596317103,biz-579,first draw,PPP,04/15/2020,"AUSTIN AIR CONDITIONING, INC.",13620 Immanuel Rd,PFLUGERVILLE,TX,78660,238220,Corporation,1165000,1165000,Paid in Full,65,1125000,,692865.79,First Source Federal Credit Union,5592000,"9596317103 (PPP, 04/15/2020): 1,165,000.00 / 2.5 x 12",yes,20261007T195554Z,20261007T195554Z
7068518304,biz-580,second draw,PPS,01/27/2021,M BROWN SERVICE COMPANY INC,6340 Baker Blvd,Richland Hills,TX,76118-6219,238220,Corporation,181238.72,181238.72,Paid in Full,13,181234.72,,182569.46,Veritex Community Bank,869946,"7068518304 (PPS, 01/27/2021): 181,238.72 / 2.5 x 12",yes,20261007T195554Z,20261007T195554Z
9632547100,biz-580,first draw,PPP,04/15/2020,M BROWN SERVICE COMPANY INC,6340 BAKER BLVD,RICHLAND HILLS,TX,76118-6219,238220,Corporation,181238,181238,Paid in Full,17,181238,,182529.01,Veritex Community Bank,869942,"9632547100 (PPP, 04/15/2020): 181,238.00 / 2.5 x 12",yes,20261007T195554Z,20261007T195554Z
9682107106,biz-581,first draw,PPP,04/15/2020,SCHRADER PLUMBING LLC,5520 DAVIS BLVD,NORTH RICHLAND HILLS,TX,76180-6444,238220,Limited  Liability Company(LLC),304900,304900,Paid in Full,20,304900,,307180.48,Frost Bank,unknown,business type 'Limited  Liability Company(LLC)' may use owner income/SE basis,yes,20261007T195554Z,20261007T195554Z
9715257102,biz-582,first draw,PPP,04/15/2020,SMELSCER PLUMBING INC.,PO BOX 20551,WACO,TX,76702-0551,238220,Corporation,198800,198800,Paid in Full,18,198800,,200804.57,"American Bank, National Association",954240,"9715257102 (PPP, 04/15/2020): 198,800.00 / 2.5 x 12",yes,20261007T195554Z,20261007T195554Z
9842747110,biz-583,first draw,PPP,04/15/2020,HEAT AIR PRODUCTS COMPANY,4604 Starlight,Ft. Worth,TX,76117-0866,238220,Corporation,163480,163480,Paid in Full,28,163480,,165455.2,Veritex Community Bank,784704,"9842747110 (PPP, 04/15/2020): 163,480.00 / 2.5 x 12",yes,20261007T195554Z,20261007T195554Z
9920567100,biz-584,first draw,PPP,04/15/2020,MURAN PLUMBING LLC,1502 E ERWIN ST,TYLER,TX,75702-6245,238220,Limited  Liability Company(LLC),306400,306400,Paid in Full,30,306400,,308544.8,"Austin Bank, Texas National Association",unknown,business type 'Limited  Liability Company(LLC)' may use owner income/SE basis,yes,20261007T195554Z,20261007T195554Z
9986477100,biz-585,first draw,PPP,04/15/2020,PROFIRE PROTECTION INC,455 LANTANA ST,CORPUS CHRISTI,TX,78408-2316,238220,Corporation,184596,184596,Paid in Full,25,179516,,186790.92,"Kleberg Bank, National Association",886061,"9986477100 (PPP, 04/15/2020): 184,596.00 / 2.5 x 12",yes,20261007T195554Z,20261007T195554Z
2309337203,biz-586,first draw,PPP,04/16/2020,"CRUZ GENERAL, INC.",2005 FM 1960 Bypass,HUMBLE,TX,77338,238220,Corporation,251197,251197,Exemption 4,20,188397.75,,,First Source Federal Credit Union,1205746,"2309337203 (PPP, 04/16/2020): 251,197.00 / 2.5 x 12",yes,20261007T195554Z,20261007T195554Z
2376217202,biz-587,first draw,PPP,04/16/2020,"LONGHORN MECHANICAL, INC.",1045 Spence Rd,VAN ALSTYNE,TX,75495,238220,Corporation,1212887.5,1212887,Paid in Full,97,1050037.5,,1223254.49,"JPMorgan Chase Bank, National Association",unknown,current amount differs from initial approval,yes,20261007T195554Z,20261007T195554Z
2488427200,biz-588,first draw,PPP,04/16/2020,"SAYE PLUMBING CONTRACTORS, INC. HOUSTON",9616 TELGE RD,HOUSTON,TX,77095-5113,238220,Subchapter S Corporation,274300,274300,Paid in Full,29,274300,,275908.22,Prosperity Bank,1316640,"2488427200 (PPP, 04/16/2020): 274,300.00 / 2.5 x 12",yes,20261007T195554Z,20261007T195554Z
2495777209,biz-589,first draw,PPP,04/16/2020,FRITZER INTERESTS INC,9370 S Point Dr,HOUSTON,TX,77054,238220,Subchapter S Corporation,169425,169425,Paid in Full,19,169425,,170488.61,First Bank of the Lake,813240,"2495777209 (PPP, 04/16/2020): 169,425.00 / 2.5 x 12",yes,20261007T195554Z,20261007T195554Z
2500227203,biz-590,first draw,PPP,04/16/2020,"BRIGADE FIRE SOLUTIONS, LLC",17419 VILLAGE GREEN DR,JERSEY VLG,TX,77040,238220,Limited  Liability Company(LLC),214760,214760,Paid in Full,20,199760,0,217694.81,"JPMorgan Chase Bank, National Association",unknown,business type 'Limited  Liability Company(LLC)' may use owner income/SE basis,yes,20261007T195554Z,20261007T195554Z
7752558606,biz-590,second draw,PPS,03/24/2021,BRIGADE FIRE SOLUTIONS LLC,17419 Village Green Dr,Jersey Village,TX,77040-1004,238220,Limited  Liability Company(LLC),271437,271437,Paid in Full,26,271435,,273602.01,"JPMorgan Chase Bank, National Association",unknown,business type 'Limited  Liability Company(LLC)' may use owner income/SE basis,yes,20261007T195554Z,20261007T195554Z
2664137207,biz-591,first draw,PPP,04/16/2020,"TRIO FIRE SYSTEMS, LLC",1138 S CEDAR RIDGE DR,DUNCANVILLE,TX,75137,238220,Limited  Liability Company(LLC),175000,175000,Paid in Full,18,175000,0,176086.17,"JPMorgan Chase Bank, National Association",unknown,business type 'Limited  Liability Company(LLC)' may use owner income/SE basis,yes,20261007T195554Z,20261007T195554Z
2726997203,biz-592,first draw,PPP,04/16/2020,"PRIORITY PLUMBING, LLC",4210 HIGHLAND LKS,MONTGOMERY,TX,77316,238220,Limited  Liability Company(LLC),296575,296575,Paid in Full,18,275000,0,298988.96,"JPMorgan Chase Bank, National Association",unknown,business type 'Limited  Liability Company(LLC)' may use owner income/SE basis,yes,20261007T195554Z,20261007T195554Z
7849088810,biz-592,second draw,PPS,04/22/2021,PRIORITY PLUMBING LLC,4210 Highland Lks,Montgomery,TX,77316-2067,238220,Limited  Liability Company(LLC),277182,277182,Paid in Full,13,277177,,279589.02,"JPMorgan Chase Bank, National Association",unknown,business type 'Limited  Liability Company(LLC)' may use owner income/SE basis; implied pay per reported job reaches $100K cap,yes,20261007T195554Z,20261007T195554Z
2744477204,biz-593,first draw,PPP,04/16/2020,KTB MECHANICAL LLC,9527 FLORA ROCK LN,CYPRESS,TX,77433,238220,Corporation,300000,300000,Paid in Full,30,300000,0,303062.5,"JPMorgan Chase Bank, National Association",1440000,"2744477204 (PPP, 04/16/2020): 300,000.00 / 2.5 x 12",yes,20261007T195554Z,20261007T195554Z
2760077202,biz-594,first draw,PPP,04/16/2020,"DYNAMIC MANAGEMENT MECHANICAL CONTRACTING, LLC",15265 CAPITAL PRT,SAN ANTONIO,TX,78249-1351,238220,Limited  Liability Company(LLC),557600,557600,Paid in Full,49,557600,,561224.4,Broadway National Bank,unknown,business type 'Limited  Liability Company(LLC)' may use owner income/SE basis,yes,20261007T195554Z,20261007T195554Z
2844187208,biz-595,first draw,PPP,04/16/2020,"TAB TECHNOLOGIES, LLC",5321 INDUSTRIAL OAKS BLVD STE 124,AUSTIN,TX,78735,238220,Limited  Liability Company(LLC),600957,600957,Paid in Full,45,456388,0,608711.35,"JPMorgan Chase Bank, National Association",unknown,business type 'Limited  Liability Company(LLC)' may use owner income/SE basis,yes,20261007T195554Z,20261007T195554Z
2905107200,biz-596,first draw,PPP,04/16/2020,"CHAMPION A/C, INC.",16018 UNIVERSITY OAK STE 101,SAN ANTONIO,TX,78249,238220,Subchapter S Corporation,975000,975000,Paid in Full,63,830000,0,984422.29,"JPMorgan Chase Bank, National Association",4680000,"2905107200 (PPP, 04/16/2020): 975,000.00 / 2.5 x 12",yes,20261007T195554Z,20261007T195554Z
2932167202,biz-597,first draw,PPP,04/16/2020,"BIESENBACH, INC.",9254 US HIGHWAY 87,SAN ANTONIO,TX,78263-9777,238220,Corporation,405900,405900,Paid in Full,39,405900,,409135.93,American Bank National Association,1948320,"2932167202 (PPP, 04/16/2020): 405,900.00 / 2.5 x 12",yes,20261007T195554Z,20261007T195554Z
2989367204,biz-598,first draw,PPP,04/16/2020,"DALLAS UNIQUE INDOOR COMFORT, LTD.",1510 STEVENS ST,DALLAS,TX,75218-3136,238220,Corporation,946500,946500,Paid in Full,66,946500,,958221.04,The American National Bank of Texas,4543200,"2989367204 (PPP, 04/16/2020): 946,500.00 / 2.5 x 12",yes,20261007T195554Z,20261007T195554Z
3021437204,biz-599,first draw,PPP,04/16/2020,"E.D. MILLER SERVICE CO, LLC","9736 Brockbank Dr,",Dallas,TX,75220-2935,238220,Limited  Liability Company(LLC),579100,579100,Paid in Full,42,579100,,583986.65,Regions Bank,unknown,business type 'Limited  Liability Company(LLC)' may use owner income/SE basis,yes,20261007T195554Z,20261007T195554Z
3093447206,biz-600,first draw,PPP,04/16/2020,"DARNELL, DANNY J, ALTER EGO",101 Ermel St,SEGUIN,TX,78155,238220,Corporation,204800,204800,Paid in Full,14,204800,,205921.81,Simmons Bank,983040,"3093447206 (PPP, 04/16/2020): 204,800.00 / 2.5 x 12",yes,20261007T195554Z,20261007T195554Z
3129327208,biz-601,first draw,PPP,04/16/2020,TOTAL PLUMBING SERVICES INC,3706 BIG A RD,ROWLETT,TX,75089-4000,238220,Corporation,234100,234100,Paid in Full,20,234100,,235446.88,The American National Bank of Texas,1123680,"3129327208 (PPP, 04/16/2020): 234,100.00 / 2.5 x 12",yes,20261007T195554Z,20261007T195554Z
3137557207,biz-602,first draw,PPP,04/16/2020,HIGHLAND FIRE PROTECTION COMPANY,8408 STERLING ST,IRVING,TX,75063-2527,238220,Subchapter S Corporation,161600,161600,Paid in Full,17,145000,,162475.33,Texas Regional Bank,775680,"3137557207 (PPP, 04/16/2020): 161,600.00 / 2.5 x 12",yes,20261007T195554Z,20261007T195554Z
3507007204,biz-603,first draw,PPP,04/27/2020,A-OK PLUMBING INC,2000 WINDY TERRACE BLDG 7 STE A,CEDAR PARK,TX,78613-4287,238220,Corporation,166150,166150,Paid in Full,13,166150,,167151.06,Round Top State Bank,797520,"3507007204 (PPP, 04/27/2020): 166,150.00 / 2.5 x 12",yes,20261007T195554Z,20261007T195554Z
1778128302,biz-604,second draw,PPS,01/19/2021,COOL SERVICES INC.,1804,AUSTIN,TX,78728,238220,Corporation,548735,548735,Paid in Full,44,548735,,551951.2,Itria Ventures LLC,2633928,"1778128302 (PPS, 01/19/2021): 548,735.00 / 2.5 x 12",yes,20261007T195554Z,20261007T195554Z
3519107207,biz-604,first draw,PPP,04/27/2020,"COOL SERVICES, INC.",1804 Bench Mark Drive,Austin,TX,78728,238220,Corporation,587185,587185,Paid in Full,48,587185,0,591621.51,A+ FCU,2818488,"3519107207 (PPP, 04/27/2020): 587,185.00 / 2.5 x 12",yes,20261007T195554Z,20261007T195554Z
3526257204,biz-605,first draw,PPP,04/27/2020,"NITRO A/C, LLC",16321 LOCH KATRINE LN STE B-4,HOUSTON,TX,77084-2886,238220,Limited  Liability Company(LLC),179200,179200,Paid in Full,9,179200,,181409.32,Frost Bank,unknown,business type 'Limited  Liability Company(LLC)' may use owner income/SE basis,yes,20261007T195554Z,20261007T195554Z
4384258307,biz-605,second draw,PPS,01/23/2021,NITRO AC LLC,16321 Loch Katrine Ln Ste B4,Houston,TX,77084-2886,238220,Limited  Liability Company(LLC),179200,179200,Paid in Full,9,179197,,181370.04,Frost Bank,unknown,business type 'Limited  Liability Company(LLC)' may use owner income/SE basis,yes,20261007T195554Z,20261007T195554Z
3555817205,biz-606,first draw,PPP,04/27/2020,HYMAN PLUMBING CO,9880 Lost Lane,Chappell Hill,TX,77426,238220,Subchapter S Corporation,153000,153000,Paid in Full,16,153000,,153939.25,The Brenham National Bank,734400,"3555817205 (PPP, 04/27/2020): 153,000.00 / 2.5 x 12",yes,20261007T195554Z,20261007T195554Z
3561207206,biz-607,first draw,PPP,04/27/2020,CUSTOM AIR CONDITIONING & SHEETMETAL INC,1729 STEBBINS DR,HOUSTON,TX,77043-2842,238220,Corporation,247235,247235,Paid in Full,21,247235,,248725.18,Fayetteville Bank,1186728,"3561207206 (PPP, 04/27/2020): 247,235.00 / 2.5 x 12",yes,20261007T195554Z,20261007T195554Z
3606207200,biz-608,first draw,PPP,04/27/2020,"SARGENT PLUMBING COMPANY, INC.",25808 LaFouche Dr.,Tomball,TX,77377,238220,Corporation,222800,222800,Paid in Full,23,222800,,224405.38,Third Coast Bank,1069440,"3606207200 (PPP, 04/27/2020): 222,800.00 / 2.5 x 12",yes,20261007T195554Z,20261007T195554Z
3684367208,biz-609,first draw,PPP,04/27/2020,"CENTEX MECHANICAL, INC.",514 Old Austin Highway,Bastrop,TX,78602,238220,Corporation,162400,152900,Paid in Full,12,152897,,153804.71,The First National Bank of Bastrop,unknown,current amount differs from initial approval,yes,20261007T195554Z,20261007T195554Z
3730407209,biz-610,first draw,PPP,04/27/2020,RICHARDSON MECHANICAL INC,660 INTERNATIONAL PKWY STE 100,RICHARDSON,TX,75081-0000,238220,Corporation,238912.55,238912.55,Paid in Full,17,238912.55,,241570.04,Veritex Community Bank,1146780,"3730407209 (PPP, 04/27/2020): 238,912.55 / 2.5 x 12",yes,20261007T195554Z,20261007T195554Z
3789827200,biz-611,first draw,PPP,04/27/2020,"BELL AIR CONDITIONING, INC.",310 E. Central Avenue,BELTON,TX,76513-3240,238220,Corporation,172500,172500,Paid in Full,15,172500,,174301.67,"VeraBank, National Association",828000,"3789827200 (PPP, 04/27/2020): 172,500.00 / 2.5 x 12",yes,20261007T195554Z,20261007T195554Z
3809827209,biz-612,first draw,PPP,04/27/2020,"STARTECH SERVICE, LLC",3503 4TH ST,TAYLOR,TX,76574-5689,238220,Limited  Liability Company(LLC),258433,258433,Paid in Full,15,238433,,260457.39,Citizens National Bank,unknown,business type 'Limited  Liability Company(LLC)' may use owner income/SE basis,yes,20261007T195554Z,20261007T195554Z
3837937204,biz-613,first draw,PPP,04/27/2020,"BLCCS,LLC",14886 TRADESMAN STE 120,SAN ANTONIO,TX,78249-1394,238220,Limited  Liability Company(LLC),161500,161500,Paid in Full,11,143735,,162376.08,Jefferson Bank,unknown,business type 'Limited  Liability Company(LLC)' may use owner income/SE basis,yes,20261007T195554Z,20261007T195554Z
3972818409,biz-613,second draw,PPS,02/05/2021,BLCCS LLC,14886 Tradesman Ste 120,San Antonio,TX,78249-1397,238220,Limited  Liability Company(LLC),164000,164000,Paid in Full,13,164000,,164822.25,Jefferson Bank,unknown,business type 'Limited  Liability Company(LLC)' may use owner income/SE basis,yes,20261007T195554Z,20261007T195554Z
3855117209,biz-614,first draw,PPP,04/27/2020,REGENCY PLUMBING CONTRACTORS LP,10408 MULA RD,STAFFORD,TX,77477-3111,238220,Partnership,515600,515600,Paid in Full,39,515600,,519159.76,Frost Bank,unknown,business type 'Partnership' may use owner income/SE basis,yes,20261007T195554Z,20261007T195554Z
5528228401,biz-614,second draw,PPS,02/08/2021,REGENCY PLUMBING CONTRACTORS LP,10408 Mula Rd,Stafford,TX,77477-3111,238220,Partnership,515600,515600,Paid in Full,39,515600,,517365.75,Frost Bank,unknown,business type 'Partnership' may use owner income/SE basis,yes,20261007T195554Z,20261007T195554Z
3860257210,biz-615,first draw,PPP,04/27/2020,TRUDELA WALKER LLC,8900 John Carpenter Freeway,Dallas,TX,75247,238220,Limited  Liability Company(LLC),303288,303288,Paid in Full,27,303288,,306403.97,Emigrant Bank,unknown,business type 'Limited  Liability Company(LLC)' may use owner income/SE basis,yes,20261007T195554Z,20261007T195554Z
3943427208,biz-616,first draw,PPP,04/27/2020,"MR. CHILL HEATING AND AIR, INC.",22815 Commercial Lane,Tomball,TX,77375-6968,238220,Corporation,359000,359000,Paid in Full,23,359000,,363091.62,First Community CU,1723200,"3943427208 (PPP, 04/27/2020): 359,000.00 / 2.5 x 12",yes,20261007T195554Z,20261007T195554Z
3980837201,biz-617,first draw,PPP,04/27/2020,"EASTERN MECHANICAL CONTRACTORS, INC",3845 North Forney Rd,Mesquite,TX,75149,238220,Corporation,348700,348700,Paid in Full,35,348700,,354518.04,The American National Bank of Texas,1673760,"3980837201 (PPP, 04/27/2020): 348,700.00 / 2.5 x 12",yes,20261007T195554Z,20261007T195554Z
9139818504,biz-617,second draw,PPS,03/12/2021,EASTERN MECHANICAL CONTRACTORS INC.,3845 Forney Rd,Mesquite,TX,75149-2752,238220,Corporation,415422,415422,Paid in Full,42,415420,,418540.51,The American National Bank of Texas,1994026,"9139818504 (PPS, 03/12/2021): 415,422.00 / 2.5 x 12",yes,20261007T195554Z,20261007T195554Z
4123707208,biz-618,first draw,PPP,04/27/2020,BILLY BLACK HVAC INC,1026 S Goode St,Midland,TX,79701-7815,238220,Subchapter S Corporation,161168.7,161168.7,Paid in Full,15,161168.7,,163146.88,West Texas National Bank,773610,"4123707208 (PPP, 04/27/2020): 161,168.70 / 2.5 x 12",yes,20261007T195554Z,20261007T195554Z
3038388608,biz-619,second draw,PPS,03/16/2021,AIRE SERV OF THE PERMIAN BASIN,13380 State Highway 191,Midland,TX,79707-1587,238220,Limited  Liability Company(LLC),488121.6,488121.6,Paid in Full,29,488120.6,,492975.7,Prosperity Bank,unknown,business type 'Limited  Liability Company(LLC)' may use owner income/SE basis,yes,20261007T195554Z,20261007T195554Z
4125527206,biz-619,first draw,PPP,04/27/2020,AIRE SERV OF THE PERMIAN BASIN,13380 SH 191,Midland,TX,79707-1587,238220,Limited  Liability Company(LLC),473246.97,473246.97,Paid in Full,34,473246.97,,441652.88,West Texas National Bank,unknown,business type 'Limited  Liability Company(LLC)' may use owner income/SE basis,yes,20261007T195554Z,20261007T195554Z
4132477202,biz-620,first draw,PPP,04/27/2020,OGH SERVICE COMPANY,3730 CREEKMONT DR,HOUSTON,TX,77091-5412,238220,Partnership,438250,438250,Paid in Full,24,438250,,440696.9,Austin County State Bank,unknown,business type 'Partnership' may use owner income/SE basis,yes,20261007T195554Z,20261007T195554Z
4176677205,biz-621,first draw,PPP,04/27/2020,"DEK PLUMBING, INC.",PO Box 1436,Hurst,TX,76053,238220,Corporation,175700,175700,Paid in Full,17,175700,,176749.39,The American National Bank of Texas,843360,"4176677205 (PPP, 04/27/2020): 175,700.00 / 2.5 x 12",yes,20261007T195554Z,20261007T195554Z
4182487203,biz-622,first draw,PPP,04/27/2020,HONEST AIR CONDITIONING LLC,112 McNutt Business Park Rd,HUTTO,TX,78634,238220,Limited  Liability Company(LLC),314470,314470,Paid in Full,25,235852,,316873.76,First Texas Bank,unknown,business type 'Limited  Liability Company(LLC)' may use owner income/SE basis,yes,20261007T195554Z,20261007T195554Z
4226987203,biz-623,first draw,PPP,04/27/2020,TRADEMARK PLUMBLING INC,17651 TELGE ROAD,CYPRESS,TX,77447,238220,Corporation,272400,272400,Paid in Full,16,272400,,276327.1,Woodforest National Bank,1307520,"4226987203 (PPP, 04/27/2020): 272,400.00 / 2.5 x 12",yes,20261007T195554Z,20261007T195554Z
4278247206,biz-624,first draw,PPP,04/27/2020,ADVENT AIR CONDITIONING INC.,500 KEALY AVE,LEWISVILLE,TX,75057-4106,238220,Corporation,541700,541700,Paid in Full,34,541700,,545618.05,Prosperity Bank,2600160,"4278247206 (PPP, 04/27/2020): 541,700.00 / 2.5 x 12",yes,20261007T195554Z,20261007T195554Z
8169428403,biz-624,second draw,PPS,02/13/2021,ADVENT AIR CONDITIONING INC,500 S Kealy Ave,Lewisville,TX,75057-4106,238220,Corporation,666917.5,666917.5,Paid in Full,38,666915.5,,671339.25,Prosperity Bank,3201204,"8169428403 (PPS, 02/13/2021): 666,917.50 / 2.5 x 12",yes,20261007T195554Z,20261007T195554Z
4327887207,biz-625,first draw,PPP,04/27/2020,SOUTHERN MECHANICAL PLUMBING INC,400 S Aston Dr,Sunnyvale,TX,75182,238220,Corporation,635600,635600,Paid in Full,40,635600,,640667.39,The American National Bank of Texas,3050880,"4327887207 (PPP, 04/27/2020): 635,600.00 / 2.5 x 12",yes,20261007T195554Z,20261007T195554Z
8671628410,biz-625,second draw,PPS,02/13/2021,SOUTHERN MECHANICAL PLUMBING INC,400 S Aston Dr,Sunnyvale,TX,75182-9104,238220,Corporation,604944,604944,Paid in Full,64,604944,,610661.96,The American National Bank of Texas,2903731,"8671628410 (PPS, 02/13/2021): 604,944.00 / 2.5 x 12",yes,20261007T195554Z,20261007T195554Z
4338927201,biz-626,first draw,PPP,04/27/2020,"AIR FORCE HEATING & AIR CONDITIONING, INC.","1007 SHADY OAKS DR, STE 102",DENTON,TX,76205-7969,238220,Subchapter S Corporation,259594,259594,Paid in Full,23,259594,,261933.9,First Guaranty Bank,1246051,"4338927201 (PPP, 04/27/2020): 259,594.00 / 2.5 x 12",yes,20261007T195554Z,20261007T195554Z
4403587203,biz-627,first draw,PPP,04/27/2020,DOUG TURNER PLUMBING CO.,PO Box 1177,Sugar Land,TX,77487,238220,Subchapter S Corporation,152200,152200,Paid in Full,12,152200,,153836.15,Comerica Bank,730560,"4403587203 (PPP, 04/27/2020): 152,200.00 / 2.5 x 12",yes,20261007T195554Z,20261007T195554Z
4447077205,biz-628,first draw,PPP,04/27/2020,"HOLE IN ONE PLUMBING, INC.",P.O. Box 1779,Wylie,TX,75098-1779,238220,Subchapter S Corporation,220400,220400,Paid in Full,17,220400,,223234.59,"Bank of DeSoto, National Association",1057920,"4447077205 (PPP, 04/27/2020): 220,400.00 / 2.5 x 12",yes,20261007T195554Z,20261007T195554Z
4452827210,biz-629,first draw,PPP,04/27/2020,"MCDANIEL & SON PLUMBING, INC.","99 Regency Parway, Suite 203",Mansfield,TX,76063-7819,238220,Subchapter S Corporation,657600,657600,Paid in Full,46,657600,,663737.6,"Bank of DeSoto, National Association",3156480,"4452827210 (PPP, 04/27/2020): 657,600.00 / 2.5 x 12",yes,20261007T195554Z,20261007T195554Z
2412538307,biz-630,second draw,PPS,01/20/2021,MAGNUM AIR INC.,15498 Summit Park Dr Ste 101,Montgomery,TX,77356-1678,238220,Subchapter S Corporation,699937,699937,Paid in Full,59,699934,,703733.92,"Zions Bank, A Division of",3359698,"2412538307 (PPS, 01/20/2021): 699,937.00 / 2.5 x 12",yes,20261007T195554Z,20261007T195554Z
4524587210,biz-630,first draw,PPP,04/27/2020,MAGNUM AIR INC,15498 Summit Park Dr #101,Montgomery,TX,77356,238220,Subchapter S Corporation,761200,761200,Paid in Full,33,761200,,765725.49,"Zions Bank, A Division of",unknown,implied pay per reported job reaches $100K cap,yes,20261007T195554Z,20261007T195554Z
4529097204,biz-631,first draw,PPP,04/27/2020,PAROBEK PLUMBING LLC,329 Hoffman Road,Bastrop,TX,78602,238220,Limited  Liability Company(LLC),244700,244700,Paid in Full,21,244697,,247529.13,The First National Bank of Bastrop,unknown,business type 'Limited  Liability Company(LLC)' may use owner income/SE basis,yes,20261007T195554Z,20261007T195554Z
4611487202,biz-632,first draw,PPP,04/27/2020,RHEA & SONS ENTERPRISES INC,333 CR 116,LLANO,TX,78643,238220,Corporation,235222,235222,Paid in Full,29,235222,,187993.07,Cadence Bank,1129066,"4611487202 (PPP, 04/27/2020): 235,222.00 / 2.5 x 12",yes,20261007T195554Z,20261007T195554Z
4660087207,biz-633,first draw,PPP,04/27/2020,"ACCELERATED MECHANICAL SERVICES, LLC",103 W Broad Street,Forney,TX,75126,238220,Limited  Liability Company(LLC),162600,162600,Paid in Full,5,162600,,164404.19,The American National Bank of Texas,unknown,business type 'Limited  Liability Company(LLC)' may use owner income/SE basis; implied pay per reported job reaches $100K cap,yes,20261007T195554Z,20261007T195554Z
6456558400,biz-633,second draw,PPS,02/10/2021,ACCELERATED MECHANICAL SERVICES LLC,103 W Broad St,Forney,TX,75126-9129,238220,Limited  Liability Company(LLC),164218,164218,Paid in Full,8,164218,,164969.35,The American National Bank of Texas,unknown,business type 'Limited  Liability Company(LLC)' may use owner income/SE basis,yes,20261007T195554Z,20261007T195554Z
4851647201,biz-634,first draw,PPP,04/27/2020,"WHITAKER PLUMBING, INC",605 W WELLINGTON ST,CARTHAGE,TX,75633-2436,238220,Corporation,260993.02,260993.02,Paid in Full,35,260993.02,,264146.69,Farmers State Bank,1252766,"4851647201 (PPP, 04/27/2020): 260,993.02 / 2.5 x 12",yes,20261007T195554Z,20261007T195554Z
4875227209,biz-635,first draw,PPP,04/27/2020,"JM ENGINEERING, LLC",2013 Wells Branch Parkway Suite 117,Austin,TX,78728-6900,238220,Sole Proprietorship,198177,198177,Paid in Full,1,198177,,200268.87,"LiftFund, Inc.",unknown,business type 'Sole Proprietorship' may use owner income/SE basis; implied pay per reported job reaches $100K cap,yes,20261007T195554Z,20261007T195554Z
4895607202,biz-636,first draw,PPP,04/27/2020,"DFS FIRE SYSTEMS, LLC",885 E. Collins Blvd Suite 104,Richardson,TX,75189,238220,Limited  Liability Company(LLC),390300,390300,Paid in Full,187,390300,,395347.17,The American National Bank of Texas,unknown,business type 'Limited  Liability Company(LLC)' may use owner income/SE basis,yes,20261007T195554Z,20261007T195554Z
4960827206,biz-637,first draw,PPP,04/27/2020,"ALL-TEX BOILER AND PLUMBING SERVICES, LLC","10635 Tower Oaks Blvd, Suite I",Houston,TX,77070,238220,Limited  Liability Company(LLC),244600,244600,Paid in Full,15,244600,,247331.37,Third Coast Bank,unknown,business type 'Limited  Liability Company(LLC)' may use owner income/SE basis,yes,20261007T195554Z,20261007T195554Z
4233038401,biz-638,second draw,PPS,02/06/2021,ABERLE PLUMBING LLC,13141 Kinsman Rd,Houston,TX,77049-2137,238220,Limited  Liability Company(LLC),319207,319207,Paid in Full,29,319201,,321512.38,Woodforest National Bank,unknown,business type 'Limited  Liability Company(LLC)' may use owner income/SE basis,yes,20261007T195554Z,20261007T195554Z
4989277200,biz-638,first draw,PPP,04/27/2020,"ABERLE PLUMBING, LLC",13141 KINSMAN RD,HOUSTON,TX,77049,238220,Limited  Liability Company(LLC),335380,335380,Paid in Full,29,335380,,337121.66,Woodforest National Bank,unknown,business type 'Limited  Liability Company(LLC)' may use owner income/SE basis,yes,20261007T195554Z,20261007T195554Z
5161747204,biz-639,first draw,PPP,04/27/2020,"MF PLUMBING COMPANY, INCORPORATED",2060 FM 963,BURNET,TX,78611,238220,Corporation,179900,179900,Paid in Full,16,134925,,181151.91,American Bank of Commerce,863520,"5161747204 (PPP, 04/27/2020): 179,900.00 / 2.5 x 12",yes,20261007T195554Z,20261007T195554Z
5289187201,biz-640,first draw,PPP,04/27/2020,"CONSOLIDATED SERVICES OF NORTH AMERICA, LLC","5833 WESTVIEW DRIVE, SUITE A",HOUSTON,TX,77055-5428,238220,Limited  Liability Company(LLC),1055205,1055205,Charged Off,19,1055205,,955724.36,"Harvest Small Business Finance, LLC",unknown,business type 'Limited  Liability Company(LLC)' may use owner income/SE basis; implied pay per reported job reaches $100K cap,yes,20261007T195554Z,20261007T195554Z
9761238300,biz-640,second draw,PPS,01/31/2021,"CONSOLIDATED SERVICES OF NORTH AMERICA, LLC",5833 Westview Dr Ste A,Houston,TX,77055-5428,238220,Limited  Liability Company(LLC),921887,921887,Exemption 4,94,921884,,,"Harvest Small Business Finance, LLC",unknown,business type 'Limited  Liability Company(LLC)' may use owner income/SE basis,yes,20261007T195554Z,20261007T195554Z
5330667206,biz-641,first draw,PPP,04/27/2020,REED PLUMBING INC,610 NORTH RD,KENNEDALE,TX,76060-4210,238220,Corporation,349200,349200,Paid in Full,34,349200,,353012.1,Pinnacle Bank,1676160,"5330667206 (PPP, 04/27/2020): 349,200.00 / 2.5 x 12",yes,20261007T195554Z,20261007T195554Z
2375308504,biz-642,second draw,PPS,02/20/2021,DP SOUTH TEXAS PLUMBING COMPANY,5431 Brystone Dr,Houston,TX,77041-7010,238220,Corporation,708862,708862,Paid in Full,53,708862,,713445.33,Trustmark National Bank,3402538,"2375308504 (PPS, 02/20/2021): 708,862.00 / 2.5 x 12",yes,20261007T195554Z,20261007T195554Z
5416277208,biz-642,first draw,PPP,04/27/2020,DP SOUTH TEXAS PLUMBING COMPANY,5431 BRYSTONE DR,HOUSTON,TX,77041-7010,238220,Corporation,802878,802878,Paid in Full,63,802878,,807003.9,Trustmark National Bank,3853814,"5416277208 (PPP, 04/27/2020): 802,878.00 / 2.5 x 12",yes,20261007T195554Z,20261007T195554Z
3632318710,biz-643,second draw,PPS,03/31/2021,ONE SOURCE ENTERPRISE LLC,3839 McKinney Ave Ste 155,Dallas,TX,75204-1488,238220,Corporation,192552.5,192552.5,Paid in Full,12,192550.5,,193231.78,"BOKF, National Association",924252,"3632318710 (PPS, 03/31/2021): 192,552.50 / 2.5 x 12",yes,20261007T195554Z,20261007T195554Z
5439497207,biz-643,first draw,PPP,04/27/2020,ONE SOURCE ENTERPRISE LLC,3839 McKinney Ave Ste 155,Dallas,TX,75204,238220,Corporation,190100,190100,Paid in Full,13,190100,,191494.07,"BOKF, National Association",912480,"5439497207 (PPP, 04/27/2020): 190,100.00 / 2.5 x 12",yes,20261007T195554Z,20261007T195554Z
5474327208,biz-644,first draw,PPP,04/27/2020,MATCO HVAC INC,4112 Airport Fwy,Fort Worth,TX,76117,238220,Subchapter S Corporation,215450,215450,Paid in Full,21,215450,,217923.25,EECU,1034160,"5474327208 (PPP, 04/27/2020): 215,450.00 / 2.5 x 12",yes,20261007T195554Z,20261007T195554Z
3342358408,biz-645,second draw,PPS,02/04/2021,CUSTOM FIRE PROTECTION OF TEXAS INC.,5023 Addicks Satsuma Rd Ste H,Houston,TX,77084-6075,238220,Subchapter S Corporation,180800,180800,Paid in Full,13,180800,,181784.36,Comerica Bank,867840,"3342358408 (PPS, 02/04/2021): 180,800.00 / 2.5 x 12",yes,20261007T195554Z,20261007T195554Z
5533037205,biz-645,first draw,PPP,04/27/2020,"CUSTOM FIRE PROTECTION OF TEXAS, INC.","5023 Addicks Satsuma Rd., Ste. H",Houston,TX,77084,238220,Subchapter S Corporation,210900,210900,Paid in Full,17,210900,,212306,Comerica Bank,1012320,"5533037205 (PPP, 04/27/2020): 210,900.00 / 2.5 x 12",yes,20261007T195554Z,20261007T195554Z
5603847208,biz-646,first draw,PPP,04/27/2020,STAN'S HEATING & AIR CONDITIONING LLC,6016 Dillard Cir,AUSTIN,TX,78752-4415,238220,Limited  Liability Company(LLC),1575935,1575935,Paid in Full,97,1575935,,1584077.33,"American Bank, National Association",unknown,business type 'Limited  Liability Company(LLC)' may use owner income/SE basis,yes,20261007T195554Z,20261007T195554Z
5653207202,biz-647,first draw,PPP,04/27/2020,EBBDAR INC,25351 BOROUGH PARK DR,SPRING,TX,77380-3553,238220,Corporation,224165,224165,Paid in Full,19,210165,,225552.64,Bank of Houston,1075992,"5653207202 (PPP, 04/27/2020): 224,165.00 / 2.5 x 12",yes,20261007T195554Z,20261007T195554Z
5713667203,biz-648,first draw,PPP,04/27/2020,"AMERICAN LEAK DETECTION OF SAN ANTONIO, LP",31134 IH 10 West,BOERNE,TX,78006,238220,Partnership,232182,232182,Paid in Full,23,232182,,235228.99,Simmons Bank,unknown,business type 'Partnership' may use owner income/SE basis,yes,20261007T195554Z,20261007T195554Z
5773897204,biz-649,first draw,PPP,04/27/2020,METRO MECHANICAL INC,430 S Bryan Belt Line Rd,Mesquite,TX,75149,238220,Corporation,1636700,1636700,Paid in Full,132,1636700,,1653739.62,The American National Bank of Texas,7856160,"5773897204 (PPP, 04/27/2020): 1,636,700.00 / 2.5 x 12",yes,20261007T195554Z,20261007T195554Z
5785637204,biz-650,first draw,PPP,04/27/2020,LESCON PLUMBING INC,2010 HOUSTON AVE,HUMBLE,TX,77338-2535,238220,Corporation,728900,728900,Paid in Full,41,728900,,734192.01,Frost Bank,3498720,"5785637204 (PPP, 04/27/2020): 728,900.00 / 2.5 x 12",yes,20261007T195554Z,20261007T195554Z
5875957210,biz-651,first draw,PPP,04/27/2020,SUPERIOR INSTALLATION SERVICES INC,1230 Crowley Circle,CARROLLTON,TX,75006,238220,Corporation,446844,446844,Paid in Full,38,446844,,453360.48,First Source Federal Credit Union,2144851,"5875957210 (PPP, 04/27/2020): 446,844.00 / 2.5 x 12",yes,20261007T195554Z,20261007T195554Z
6017177210,biz-652,first draw,PPP,04/27/2020,TRUDELA MES LLC,8900 John Carpenter Freeway,Dallas,TX,75247,238220,Limited  Liability Company(LLC),352622,352622,Paid in Full,29,352622,,356244.83,Emigrant Bank,unknown,business type 'Limited  Liability Company(LLC)' may use owner income/SE basis,yes,20261007T195554Z,20261007T195554Z
6017497201,biz-653,first draw,PPP,04/27/2020,"THARP ROUSH, LLC",LOGAN RANCH RD,GEORGETOWN,TX,78628-1209,238220,Limited  Liability Company(LLC),155410,155410,Paid in Full,14,155410,,156197.69,"SouthStar Bank, S.S.B.",unknown,business type 'Limited  Liability Company(LLC)' may use owner income/SE basis,yes,20261007T195554Z,20261007T195554Z
1131918509,biz-654,second draw,PPS,02/18/2021,TEXAS ONE SOURCE INDUSTRIAL SOLUTIONS LLC,5123 Martin Luther King Fwy,Fort Worth,TX,76119-4175,238220,Limited  Liability Company(LLC),417730,417730,Paid in Full,37,417728,,420499.61,The American National Bank of Texas,unknown,business type 'Limited  Liability Company(LLC)' may use owner income/SE basis,yes,20261007T195554Z,20261007T195554Z
6105027200,biz-654,first draw,PPP,04/27/2020,TEXAS ONE SOURCE INDUSTRIAL SOLUTIONS,5123 MLK Freeway,Fort Worth,TX,76119,238220,Limited  Liability Company(LLC),492400,492400,Paid in Full,41,492400,,495286.95,The American National Bank of Texas,unknown,business type 'Limited  Liability Company(LLC)' may use owner income/SE basis,yes,20261007T195554Z,20261007T195554Z
6123597200,biz-655,first draw,PPP,04/27/2020,TEZEL AND COTTER AIR CONDITIONING LP,2730 CASTROVILLE RD,SAN ANTONIO,TX,78237-3341,238220,Limited Liability Partnership,278100,278100,Paid in Full,23,278100,,281383.12,Lone Star National Bank,unknown,business type 'Limited Liability Partnership' may use owner income/SE basis,yes,20261007T195554Z,20261007T195554Z
6198757205,biz-656,first draw,PPP,04/27/2020,"RSC, LLC",4508 WOODROW AVE,GALVESTON,TX,77551-5729,238220,Limited  Liability Company(LLC),228115,228115,Paid in Full,18,228115,,229389.94,Farm Bureau Bank FSB,unknown,business type 'Limited  Liability Company(LLC)' may use owner income/SE basis,yes,20261007T195554Z,20261007T195554Z
5576628800,biz-657,second draw,PPS,04/18/2021,BRANDT AIR CONDITIONING AND HEATING SERVICES LLC,761 Carolina St,Katy,TX,77494-8252,238220,Limited  Liability Company(LLC),194700,194700,Paid in Full,16,194700,,196944.46,International Bank of Commerce,unknown,business type 'Limited  Liability Company(LLC)' may use owner income/SE basis,yes,20261007T195554Z,20261007T195554Z
6227597205,biz-657,first draw,PPP,04/27/2020,BRANDT AIR CONDITIONING AND HEATING SERVICES LLC,561 CAROLINA ST,KATY,TX,77494-8252,238220,Limited  Liability Company(LLC),158000,158000,Paid in Full,12,158000,,159237.67,International Bank of Commerce,unknown,business type 'Limited  Liability Company(LLC)' may use owner income/SE basis,yes,20261007T195554Z,20261007T195554Z
6312177202,biz-658,first draw,PPP,04/27/2020,CANTUS PLUMBING INC,2710 N Conway,MISSION,TX,78574-2143,238220,Corporation,272997,272997,Paid in Full,39,245697.3,,276385.15,Vantage Bank Texas,1310386,"6312177202 (PPP, 04/27/2020): 272,997.00 / 2.5 x 12",yes,20261007T195554Z,20261007T195554Z
9775368501,biz-658,second draw,PPS,03/12/2021,CANTU'S PLUMBING INC.,2710 N Conway Ave,Mission,TX,78574-2143,238220,Corporation,281700,281700,Paid in Full,38,281698,,284416.67,Vantage Bank Texas,1352160,"9775368501 (PPS, 03/12/2021): 281,700.00 / 2.5 x 12",yes,20261007T195554Z,20261007T195554Z
1015207308,biz-659,first draw,PPP,04/28/2020,G&S MECHANICAL LLC,204 TRADESMENS PARK DR,HUTTO,TX,78634-4108,238220,Limited  Liability Company(LLC),213608,184180,Paid in Full,16,184180,,185234.62,"SouthStar Bank, S.S.B.",unknown,business type 'Limited  Liability Company(LLC)' may use owner income/SE basis; current amount differs from initial approval,yes,20261007T195554Z,20261007T195554Z
1066247309,biz-660,first draw,PPP,04/28/2020,"SAN MARCOS AIR CONDITIONING, INC",3500 STATE HIGHWAY 123,SAN MARCOS,TX,78666-9711,238220,Corporation,349900,349900,Paid in Full,38,349900,,352086.88,Sunflower Bank National Association,1679520,"1066247309 (PPP, 04/28/2020): 349,900.00 / 2.5 x 12",yes,20261007T195554Z,20261007T195554Z
3744388300,biz-660,second draw,PPS,01/22/2021,SAN MARCOS AIR CONDITIONING INC,3500 N State Highway 123,San Marcos,TX,78666-9711,238220,Corporation,349992.5,349992.5,Paid in Full,36,349990.5,,351645.24,Sunflower Bank National Association,1679964,"3744388300 (PPS, 01/22/2021): 349,992.50 / 2.5 x 12",yes,20261007T195554Z,20261007T195554Z
1218427304,biz-661,first draw,PPP,04/28/2020,4L ENGINEERING COMPANY INC.,420 N. Dorothy Dr.,Richardson,TX,75081,238220,Subchapter S Corporation,517800,517800,Paid in Full,37,517800,,521654.73,"BOKF, National Association",2485440,"1218427304 (PPP, 04/28/2020): 517,800.00 / 2.5 x 12",yes,20261007T195554Z,20261007T195554Z
1283007303,biz-662,first draw,PPP,04/28/2020,ALANAR PLUMBING LLC,7742 Hunters Peak Ln,BAYTOWN,TX,77523,238220,Limited Liability Partnership,158459,158459,Exemption 4,7,156459,,,First Source Federal Credit Union,unknown,business type 'Limited Liability Partnership' may use owner income/SE basis; implied pay per reported job reaches $100K cap,yes,20261007T195554Z,20261007T195554Z
1396817306,biz-663,first draw,PPP,04/28/2020,"EXCEL FIRE PROTECTION SYSTEMS, LP",321 N Central Expressway #257,McKinney,TX,75070-3519,238220,Limited Liability Partnership,317000,317000,Paid in Full,34,317000,,318615.4,Prosperity Bank,unknown,business type 'Limited Liability Partnership' may use owner income/SE basis,yes,20261007T195554Z,20261007T195554Z
1452977303,biz-664,first draw,PPP,04/28/2020,"SPARTN PLUMBING HEATING AND AIR CONIDITIONING, LLC",8217 Ave. D,Lubbock,TX,79403,238220,Limited  Liability Company(LLC),170330,170330,Paid in Full,20,170330,,171574.36,First United Bank,unknown,business type 'Limited  Liability Company(LLC)' may use owner income/SE basis,yes,20261007T195554Z,20261007T195554Z
1574077302,biz-665,first draw,PPP,04/28/2020,GREEN ACRES COMMERCIAL SERVICES LLC,9651 N IH-35,New Braunfels,TX,78130-7207,238220,Limited  Liability Company(LLC),201300,201300,Paid in Full,20,201300,,202684.28,Prosperity Bank,unknown,business type 'Limited  Liability Company(LLC)' may use owner income/SE basis,yes,20261007T195554Z,20261007T195554Z
1605337301,biz-666,first draw,PPP,04/28/2020,"CUSTOM MECHANICAL, INC.",17223 WINDING OAK CR,CYRPESS,TX,77429,238220,Subchapter S Corporation,158000,158000,Paid in Full,12,158000,,160479.72,Comerica Bank,758400,"1605337301 (PPP, 04/28/2020): 158,000.00 / 2.5 x 12",yes,20261007T195554Z,20261007T195554Z
1720307309,biz-667,first draw,PPP,04/28/2020,"ALLIANCE SPCIALIZED SYSTEMS, L",105 W ANAYA RD,PHARR,TX,78577-9323,238220,Limited  Liability Company(LLC),158549,158549,Paid in Full,22,158549,,160134.49,Texas Regional Bank,unknown,business type 'Limited  Liability Company(LLC)' may use owner income/SE basis,yes,20261007T195554Z,20261007T195554Z
1778607308,biz-668,first draw,PPP,04/28/2020,CIRCLE L SOLAR INC,3914 Sandshell Drive,Fort Worth,TX,76137-2403,238220,Corporation,472600,472600,Paid in Full,42,472600,,476823.7,Prosperity Bank,2268480,"1778607308 (PPP, 04/28/2020): 472,600.00 / 2.5 x 12",yes,20261007T195554Z,20261007T195554Z
1822017306,biz-669,first draw,PPP,04/28/2020,TROTTI SERVICE COMPANY INC.,9210 Meadow Vista Blvd.,Houston,TX,77064,238220,Subchapter S Corporation,177800,177800,Paid in Full,13,177800,,179168.07,Comerica Bank,853440,"1822017306 (PPP, 04/28/2020): 177,800.00 / 2.5 x 12",yes,20261007T195554Z,20261007T195554Z
1850977309,biz-670,first draw,PPP,04/28/2020,K SAUNDERS COMPANY,4300 W WACO DR STE B2 219,WACO,TX,76710,238220,Corporation,150000,150000,Paid in Full,19,148000,,151533.33,First Source Federal Credit Union,720000,"1850977309 (PPP, 04/28/2020): 150,000.00 / 2.5 x 12",yes,20261007T195554Z,20261007T195554Z
5708278304,biz-671,second draw,PPS,01/25/2021,AIR-CARE SOUTHEAST INC.,615 Kansas St,South Houston,TX,77587-3104,238220,Corporation,487040,487040,Paid in Full,38,487038,,489515.79,Texas First Bank,2337792,"5708278304 (PPS, 01/25/2021): 487,040.00 / 2.5 x 12",yes,20261007T195554Z,20261007T195554Z
6421857204,biz-671,first draw,PPP,04/28/2020,"AIR-CARE SOUTHEAST, INC.",615 KANSAS ST,SOUTH HOUSTON,TX,77587-3104,238220,Corporation,414000,414000,Paid in Full,46,410556.17,,417542,Texas First Bank,1987200,"6421857204 (PPP, 04/28/2020): 414,000.00 / 2.5 x 12",yes,20261007T195554Z,20261007T195554Z
5969848503,biz-672,second draw,PPS,03/02/2021,BEVILLS HEATING AND AIR CONDITIONING INC,1834 W Overland Trl,Abilene,TX,79603-1548,238220,Corporation,178011,178011,Paid in Full,14,178008,,179182.91,First Financial Bank,854453,"5969848503 (PPS, 03/02/2021): 178,011.00 / 2.5 x 12",yes,20261007T195554Z,20261007T195554Z
6437227208,biz-672,first draw,PPP,04/28/2020,BEVILLS HEATING AND AIR CONDITIONING INC,1834 W OVERLAND TRL,ABILENE,TX,79603-1548,238220,Corporation,178011,178011,Paid in Full,13,133508.25,,179355.97,First Financial Bank,854453,"6437227208 (PPP, 04/28/2020): 178,011.00 / 2.5 x 12",yes,20261007T195554Z,20261007T195554Z
5656918401,biz-673,second draw,PPS,02/09/2021,DAVID DEBIEN ENTERPRISES INC.,520 Thornton Rd,Houston,TX,77018-3321,238220,Corporation,172302,172302,Paid in Full,15,172296,,173000.65,CDC Small Business Finance Corporation,827050,"5656918401 (PPS, 02/09/2021): 172,302.00 / 2.5 x 12",yes,20261007T195554Z,20261007T195554Z
6446327205,biz-673,first draw,PPP,04/28/2020,DAVID DEBIEN ENTERPRISES INC.,520 Thornton Rd,Houston,TX,77018-3321,238220,Corporation,181472.5,181472.5,Paid in Full,13,181472.5,,182576.25,CDC Small Business Finance Corporation,871068,"6446327205 (PPP, 04/28/2020): 181,472.50 / 2.5 x 12",yes,20261007T195554Z,20261007T195554Z
1332268304,biz-674,second draw,PPS,01/16/2021,EAST POINT INSTALLERS INC,11320 FM 529 Rd Ste G,Houston,TX,77041-3222,238220,Subchapter S Corporation,221500,221500,Paid in Full,20,221500,,224896.33,Austin County State Bank,1063200,"1332268304 (PPS, 01/16/2021): 221,500.00 / 2.5 x 12",yes,20261007T195554Z,20261007T195554Z
6491547200,biz-674,first draw,PPP,04/28/2020,EAST POINT INSTALLERS INC,11320 FM 529 RD,HOUSTON,TX,77041-3222,238220,Subchapter S Corporation,221500,221500,Paid in Full,20,221500,,224127.24,Austin County State Bank,1063200,"6491547200 (PPP, 04/28/2020): 221,500.00 / 2.5 x 12",yes,20261007T195554Z,20261007T195554Z
6502597200,biz-675,first draw,PPP,04/28/2020,ASSOCIATED MECHANICAL SERVICES INC,1635 Industrial Park,Nederland,TX,77627-3119,238220,Corporation,174300,174300,Paid in Full,18,174300,,176144.68,Third Coast Bank,836640,"6502597200 (PPP, 04/28/2020): 174,300.00 / 2.5 x 12",yes,20261007T195554Z,20261007T195554Z
6587117205,biz-676,first draw,PPP,04/28/2020,PREMIER A/C &AMP; HEATING COMPANY,2109 Lou Ellen Ln,Houston,TX,77018-6010,238220,Corporation,397400,397400,Paid in Full,29,397400,,399762.62,Prosperity Bank,1907520,"6587117205 (PPP, 04/28/2020): 397,400.00 / 2.5 x 12",yes,20261007T195554Z,20261007T195554Z
6632267204,biz-677,first draw,PPP,04/28/2020,MADDOX AIR CONDITIONING LLC,125 S BONNER AVE,TYLER,TX,75702-7118,238220,Limited  Liability Company(LLC),549257,549257,Paid in Full,43,549257,,552369.46,Southside Bank,unknown,business type 'Limited  Liability Company(LLC)' may use owner income/SE basis,yes,20261007T195554Z,20261007T195554Z
6649347200,biz-678,first draw,PPP,04/28/2020,C & C SLAB LEAKS AND PLUMBING LLC,PO Box 360475,Dallas,TX,75336,238220,Limited  Liability Company(LLC),163700,163700,Paid in Full,16,163700,,164588.02,The American National Bank of Texas,unknown,business type 'Limited  Liability Company(LLC)' may use owner income/SE basis,yes,20261007T195554Z,20261007T195554Z
6650957203,biz-679,first draw,PPP,04/28/2020,"OASIS HC, LLC",105 E Tate,WACO,TX,76706,238220,Limited  Liability Company(LLC),178300,178300,Paid in Full,17,133725,,179223.25,First National Bank of Central Texas,unknown,business type 'Limited  Liability Company(LLC)' may use owner income/SE basis,yes,20261007T195554Z,20261007T195554Z
6771607210,biz-680,first draw,PPP,04/28/2020,"SA SPECIALTIES SAN ANTONIO, LLC",433 BREESPORT ST,SAN ANTONIO,TX,78216-2604,238220,Limited  Liability Company(LLC),307970,307970,Exemption 4,29,230977.5,,,First Source Federal Credit Union,unknown,business type 'Limited  Liability Company(LLC)' may use owner income/SE basis,yes,20261007T195554Z,20261007T195554Z
6773217204,biz-681,first draw,PPP,04/28/2020,"MCNAMARA CUSTOM SERVICES, INC",230 MCNAMARA LANE,WACO,TX,76708-7076,238220,Subchapter S Corporation,214000,214000,Paid in Full,37,207550,,215923.07,Central National Bank,1027200,"6773217204 (PPP, 04/28/2020): 214,000.00 / 2.5 x 12",yes,20261007T195554Z,20261007T195554Z
6775177209,biz-682,first draw,PPP,04/28/2020,SWAIM CONSTRUCTION GROUP,161 S. McKinley St.,PROSPER,TX,75078-3302,238220,Corporation,180196.77,180196.77,Paid in Full,14,180196.77,,181845.69,Great Plains National Bank,864944,"6775177209 (PPP, 04/28/2020): 180,196.77 / 2.5 x 12",yes,20261007T195554Z,20261007T195554Z
6775547202,biz-683,first draw,PPP,04/28/2020,"BOEN PLUMBING, INC",5720 FRANKLIN AVE,WACO,TX,76710-6937,238220,Corporation,154300,154300,Paid in Full,19,152500,,156231.92,Central National Bank,740640,"6775547202 (PPP, 04/28/2020): 154,300.00 / 2.5 x 12",yes,20261007T195554Z,20261007T195554Z
6779637202,biz-684,first draw,PPP,04/28/2020,"TLCP, LP",16536 Mueschke Road,Cypress,TX,77433,238220,Partnership,234000,234000,Paid in Full,19,234000,,236554.5,Third Coast Bank,unknown,business type 'Partnership' may use owner income/SE basis,yes,20261007T195554Z,20261007T195554Z
6782658608,biz-685,second draw,PPS,03/23/2021,ACCU-AIRE MECHANICAL LLC,1441 S WW White Rd,San Antonio,TX,78220-3429,238220,Limited  Liability Company(LLC),219700,219700,Paid in Full,15,219694,,220958.01,Frost Bank,unknown,business type 'Limited  Liability Company(LLC)' may use owner income/SE basis,yes,20261007T195554Z,20261007T195554Z
6791817200,biz-685,first draw,PPP,04/28/2020,"ACCU-AIRE MECHANICAL, LLC",1441 S WW WHITE RD,SAN ANTONIO,TX,78220-3429,238220,Limited  Liability Company(LLC),219700,219700,Paid in Full,19,219700,,221716.42,Frost Bank,unknown,business type 'Limited  Liability Company(LLC)' may use owner income/SE basis,yes,20261007T195554Z,20261007T195554Z
6925537206,biz-686,first draw,PPP,04/28/2020,ELITE HEATING AND AIR CONDITIONING LLC,8910 RESEARCH BLVD SUITE C4,AUSTIN,TX,78758,238220,Limited  Liability Company(LLC),260827,260827,Paid in Full,19,260827,,262884.64,Cadence Bank,unknown,business type 'Limited  Liability Company(LLC)' may use owner income/SE basis,yes,20261007T195554Z,20261007T195554Z
6947447204,biz-687,first draw,PPP,04/28/2020,BON AIR SERVICE CO INC,1905 W JEFFERSON ST,GRAND PRAIRIE,TX,75051,238220,Corporation,291055,291055,Paid in Full,31,291055,,293213.66,Cadence Bank,1397064,"6947447204 (PPP, 04/28/2020): 291,055.00 / 2.5 x 12",yes,20261007T195554Z,20261007T195554Z
3808128401,biz-688,second draw,PPS,02/05/2021,A CHAVARRIA'S PLUMBING INC,6320 Krone Ln,Laredo,TX,78041-6202,238220,Corporation,230120,230120,Paid in Full,33,230120,,231532.68,Falcon International Bank,1104576,"3808128401 (PPS, 02/05/2021): 230,120.00 / 2.5 x 12",yes,20261007T195554Z,20261007T195554Z
7015697203,biz-688,first draw,PPP,04/28/2020,"A CHAVARRIA'S PLUMBING, INC.",6320 KRONE LN,LAREDO,TX,78041-6202,238220,Corporation,250000,250000,Paid in Full,38,220000,,252097.22,Falcon International Bank,1200000,"7015697203 (PPP, 04/28/2020): 250,000.00 / 2.5 x 12",yes,20261007T195554Z,20261007T195554Z
7076667209,biz-689,first draw,PPP,04/28/2020,UNLIMITED SPRINKLER FIRE PROTECTION INC,130 KRISTEN LN,WYLIE,TX,75098,238220,Corporation,1272200,1272200,Paid in Full,165,1272200,,1283214.12,The American National Bank of Texas,6106560,"7076667209 (PPP, 04/28/2020): 1,272,200.00 / 2.5 x 12",yes,20261007T195554Z,20261007T195554Z
7093717202,biz-690,first draw,PPP,04/28/2020,"DENNY PLUMBING, LLC",33875 INTERSTATE 10,BOERNE,TX,78006-9248,238220,Limited  Liability Company(LLC),163797,163797,Paid in Full,14,163797,,165221.12,Texas Heritage Bank,unknown,business type 'Limited  Liability Company(LLC)' may use owner income/SE basis,yes,20261007T195554Z,20261007T195554Z
7109827206,biz-691,first draw,PPP,04/28/2020,RAGSDALE PLUMBING COMPANY,PO BOX 8647,GREENVILLE,TX,75404-8647,238220,Subchapter S Corporation,254300,254300,Paid in Full,23,254300,,255960.01,Alliance Bank,1220640,"7109827206 (PPP, 04/28/2020): 254,300.00 / 2.5 x 12",yes,20261007T195554Z,20261007T195554Z
7331717209,biz-692,first draw,PPP,04/28/2020,HESS AIR INC,817 S. Alamo Rd,ALAMO,TX,78516,238220,Corporation,200600,200600,Paid in Full,21,160480,,202617.14,International Bank of Commerce,962880,"7331717209 (PPP, 04/28/2020): 200,600.00 / 2.5 x 12",yes,20261007T195554Z,20261007T195554Z
7349997210,biz-693,first draw,PPP,04/28/2020,"PROFESSIONAL PLUMBERS, INC.",1322 Century Way,Wylie,TX,75098,238220,Corporation,919500,919500,Paid in Full,66,919500,,925999.48,The American National Bank of Texas,4413600,"7349997210 (PPP, 04/28/2020): 919,500.00 / 2.5 x 12",yes,20261007T195554Z,20261007T195554Z
7440727200,biz-694,first draw,PPP,04/28/2020,"TOTAL HEAT & A/C, INC",1408 O AVE STE 100,PLANO,TX,75074-6392,238220,Corporation,500000,500000,Paid in Full,40,500000,,502465.75,Prosperity Bank,2400000,"7440727200 (PPP, 04/28/2020): 500,000.00 / 2.5 x 12",yes,20261007T195554Z,20261007T195554Z
7459737203,biz-695,first draw,PPP,04/28/2020,"GRACO MECHANICAL, INC.",5910 Schumacher Lane,Houston,TX,77057,238220,Corporation,2237600,2237600,Paid in Full,146,2237600,,2262489.47,"Zions Bank, A Division of",10740480,"7459737203 (PPP, 04/28/2020): 2,237,600.00 / 2.5 x 12",yes,20261007T195554Z,20261007T195554Z
7518177202,biz-696,first draw,PPP,04/28/2020,"AIR CLINIC AIR CONDITIONING & HEATING, INC",3201 BISHOP DR Suite 101,ARLINGTON,TX,76010-5342,238220,Subchapter S Corporation,220900,220900,Paid in Full,19,220900,,222734.7,Valliance Bank,1060320,"7518177202 (PPP, 04/28/2020): 220,900.00 / 2.5 x 12",yes,20261007T195554Z,20261007T195554Z
7542427205,biz-697,first draw,PPP,04/28/2020,TRI-STAR LEGACY INC,4600 Marsalis St,Fort Worth,TX,76117,238220,Corporation,343200,343200,Paid in Full,22,343200,,348907.46,The American National Bank of Texas,1647360,"7542427205 (PPP, 04/28/2020): 343,200.00 / 2.5 x 12",yes,20261007T195554Z,20261007T195554Z
7616687206,biz-698,first draw,PPP,04/28/2020,"BETRON, LLC",11842 BEINHORN DR,HOUSTON,TX,77065-1608,238220,Limited  Liability Company(LLC),275000,275000,Paid in Full,16,275000,,276535.42,Stellar Bank,unknown,business type 'Limited  Liability Company(LLC)' may use owner income/SE basis,yes,20261007T195554Z,20261007T195554Z
7654457208,biz-699,first draw,PPP,04/28/2020,"NORTH EAST AIR CONDITIONING, HEATING & PLUMBING SERVICES, IN",611 S. SEGUIN RD,CONVERSE,TX,78109-2003,238220,Corporation,276000,276000,Paid in Full,24,259000,,279342.67,American Bank National Association,1324800,"7654457208 (PPP, 04/28/2020): 276,000.00 / 2.5 x 12",yes,20261007T195554Z,20261007T195554Z
7808907205,biz-700,first draw,PPP,04/28/2020,FPG MECHANICAL CONTRACTORS,3630 WOOSTER LN,EL PASO,TX,79936-1123,238220,Corporation,256600,256600,Paid in Full,31,256600,,259586.54,WestStar Bank,1231680,"7808907205 (PPP, 04/28/2020): 256,600.00 / 2.5 x 12",yes,20261007T195554Z,20261007T195554Z
7896607208,biz-701,first draw,PPP,04/28/2020,"TRI-CHEM SPECIALTY CHEMICALS, LLC",2600 N Cresson Hwy,CRESSON,TX,76035,238220,Corporation,154817,154817,Paid in Full,22,154817,,155792.56,Credit Human Federal Credit Union,743122,"7896607208 (PPP, 04/28/2020): 154,817.00 / 2.5 x 12",yes,20261007T195554Z,20261007T195554Z
7935807202,biz-702,first draw,PPP,04/28/2020,METRO HEATING & COOLING,10254 MILLER RD,DALLAS,TX,75238-1206,238220,Limited  Liability Company(LLC),165400,165400,Paid in Full,21,165400,,166333.49,Prosperity Bank,unknown,business type 'Limited  Liability Company(LLC)' may use owner income/SE basis,yes,20261007T195554Z,20261007T195554Z
8017687209,biz-703,first draw,PPP,04/28/2020,ELADIO GUTIERREZ CASTANDEDA JR,2101 LEOPARD ST,CORPUS CHRISTI,TX,78408-3900,238220,Sole Proprietorship,261600,261600,Paid in Full,38,261600,,264368.6,First Community Bank,unknown,business type 'Sole Proprietorship' may use owner income/SE basis,yes,20261007T195554Z,20261007T195554Z
8029977210,biz-704,first draw,PPP,04/28/2020,CARAWAY PLUMBING INC,502 s deleon street,victoria,TX,77901,238220,Subchapter S Corporation,290870,290870,Paid in Full,15,290870,,292918.04,NewFirst National Bank,1396176,"8029977210 (PPP, 04/28/2020): 290,870.00 / 2.5 x 12",yes,20261007T195554Z,20261007T195554Z
8113347201,biz-705,first draw,PPP,04/28/2020,"PALO DURO HEATING & AIR, INC.",7741 LONGORIA RD,AMARILLO,TX,79119,238220,Corporation,150300,150300,Paid in Full,17,150300,,151690.27,Amarillo National Bank,721440,"8113347201 (PPP, 04/28/2020): 150,300.00 / 2.5 x 12",yes,20261007T195554Z,20261007T195554Z
8164607207,biz-706,first draw,PPP,04/28/2020,KCE MECHANICAL INC,4702 STATE HIGHWAY 123 Ste C,SAN MARCOS,TX,78666-9421,238220,Subchapter S Corporation,253600,253600,Paid in Full,18,253600,,255140.21,Broadway National Bank,1217280,"8164607207 (PPP, 04/28/2020): 253,600.00 / 2.5 x 12",yes,20261007T195554Z,20261007T195554Z
9989928607,biz-706,second draw,PPS,03/26/2021,KCE MECHANICAL INC,4702 N State Highway 123 Ste C Suite C,San Marcos,TX,78666-9421,238220,Subchapter S Corporation,284587,284587,Paid in Full,15,284581,,286413.1,Broadway National Bank,1366018,"9989928607 (PPS, 03/26/2021): 284,587.00 / 2.5 x 12",yes,20261007T195554Z,20261007T195554Z
8179707205,biz-707,first draw,PPP,04/28/2020,THURGOOD INC,1500 CAPITAL AVE STE 101,PLANO,TX,75074,238220,Corporation,613781,613781,Paid in Full,43,612781,,624249.38,First Source Federal Credit Union,2946149,"8179707205 (PPP, 04/28/2020): 613,781.00 / 2.5 x 12",yes,20261007T195554Z,20261007T195554Z
8179907206,biz-708,first draw,PPP,04/28/2020,WILHOUSE SHEET METAL INC,400 UNION BOWER CT Suite 416,IRVING,TX,75061-5835,238220,Corporation,248000,248000,Paid in Full,28,,,249345.32,Prosperity Bank,1190400,"8179907206 (PPP, 04/28/2020): 248,000.00 / 2.5 x 12",yes,20261007T195554Z,20261007T195554Z
8216767201,biz-709,first draw,PPP,04/28/2020,DAVE LANE AIR CONDITIONING CO INC,15825 State Highway 249 Suite 15,Houston,TX,77086,238220,Corporation,230000,230000,Paid in Full,19,230000,,203733.4,Comerica Bank,1104000,"8216767201 (PPP, 04/28/2020): 230,000.00 / 2.5 x 12",yes,20261007T195554Z,20261007T195554Z
8283207208,biz-710,first draw,PPP,04/28/2020,"CENTRAL TEXAS COMMERCIAL, ETAL",ROSSON DR,AUSTIN,TX,78736-8010,238220,Corporation,253954,253954,Paid in Full,20,253954,,255373.36,Simmons Bank,1218979,"8283207208 (PPP, 04/28/2020): 253,954.00 / 2.5 x 12",yes,20261007T195554Z,20261007T195554Z
8344877204,biz-711,first draw,PPP,04/28/2020,OHLCO PLUMBING LLC,1015 Frost St,ROSENBERG,TX,77471,238220,Corporation,150578,150578,Paid in Full,12,150578,,137801.61,First Bank of the Lake,722774,"8344877204 (PPP, 04/28/2020): 150,578.00 / 2.5 x 12",yes,20261007T195554Z,20261007T195554Z
8392017209,biz-712,first draw,PPP,04/28/2020,"ULTRA MECHANICAL, INC.",9636 KEEGAN RD Suite B,HOUSTON,TX,77099-2544,238220,Corporation,159800,159800,Paid in Full,17,159800,,161266.66,Frost Bank,767040,"8392017209 (PPP, 04/28/2020): 159,800.00 / 2.5 x 12",yes,20261007T195554Z,20261007T195554Z
8592657207,biz-713,first draw,PPP,04/28/2020,"ACCUVENT AIR, L.L.C.",11927 Windfern Road,Houston,TX,77064-3204,238220,Limited  Liability Company(LLC),159500,159500,Paid in Full,10,127630.28,,161329.82,Comerica Bank,unknown,business type 'Limited  Liability Company(LLC)' may use owner income/SE basis,yes,20261007T195554Z,20261007T195554Z
5835178606,biz-714,second draw,PPS,03/20/2021,ENVIRONMENTAL TECHNIQUES CORPORATION,2809 Industrial Ln,Garland,TX,75041-2306,238220,Corporation,158800,158800,Paid in Full,14,158799,,159748.39,Comerica Bank,762240,"5835178606 (PPS, 03/20/2021): 158,800.00 / 2.5 x 12",yes,20261007T195554Z,20261007T195554Z
8593437202,biz-714,first draw,PPP,04/28/2020,ENVIRONMENTAL TECHNIQUES CORPORATION,2809 Industrial Ln,Garland,TX,75041-2306,238220,Corporation,430000,172000,Paid in Full,14,172000,,173538.44,Comerica Bank,unknown,current amount differs from initial approval,yes,20261007T195554Z,20261007T195554Z
8614787202,biz-715,first draw,PPP,04/28/2020,"DU-WEST TOTAL PLUMBING, INC",510 W Pasadena Fwy.,Pasadena,TX,77506,238220,Corporation,279107,224588,Paid in Full,22,224588,,226759.02,Stellar Bank,unknown,current amount differs from initial approval,yes,20261007T195554Z,20261007T195554Z
7635448609,biz-716,second draw,PPS,03/24/2021,RUTTY & MORRIS LLC,3703 Nederland Ave,Nederland,TX,77627-7243,238220,Limited  Liability Company(LLC),283352.05,283352.05,Paid in Full,18,283350.05,,285988.8,Third Coast Bank,unknown,business type 'Limited  Liability Company(LLC)' may use owner income/SE basis,yes,20261007T195554Z,20261007T195554Z
8738147200,biz-716,first draw,PPP,04/28/2020,RUTTY & MORRIS LLC,3703 Nederland Avenue,Nederland,TX,77627-7243,238220,Limited  Liability Company(LLC),205900,205900,Paid in Full,19,205900,,207610.11,Third Coast Bank,unknown,business type 'Limited  Liability Company(LLC)' may use owner income/SE basis,yes,20261007T195554Z,20261007T195554Z
8873667206,biz-717,first draw,PPP,04/28/2020,THE NEVA CORPORATION,11350 BRITTMOORE PARK DR,HOUSTON,TX,77041-6924,238220,Subchapter S Corporation,468849,468849,Paid in Full,29,468849,,474051.3,Simmons Bank,2250475,"8873667206 (PPP, 04/28/2020): 468,849.00 / 2.5 x 12",yes,20261007T195554Z,20261007T195554Z
2224378506,biz-718,second draw,PPS,02/20/2021,LASSITER INC.,8601 Mill Creek Rd,Irving,TX,75063-4267,238220,Subchapter S Corporation,228200,228200,Paid in Full,19,228195,,229252.26,Comerica Bank,1095360,"2224378506 (PPS, 02/20/2021): 228,200.00 / 2.5 x 12",yes,20261007T195554Z,20261007T195554Z
9018147207,biz-718,first draw,PPP,04/28/2020,"LASSITER, INC.",8601 Mill Creek Rd,Irving,TX,75063-4267,238220,Subchapter S Corporation,189800,189800,Paid in Full,15,151873.6,,191197.14,Comerica Bank,911040,"9018147207 (PPP, 04/28/2020): 189,800.00 / 2.5 x 12",yes,20261007T195554Z,20261007T195554Z
9258957202,biz-719,first draw,PPP,04/28/2020,"LINC INTERESTS, INC",7234 Wynnwood Lane,Houston,TX,77008,238220,Corporation,237500,237500,Paid in Full,20,190000,,239868.49,American Express National Bank,1140000,"9258957202 (PPP, 04/28/2020): 237,500.00 / 2.5 x 12",yes,20261007T195554Z,20261007T195554Z
9274577206,biz-720,first draw,PPP,04/28/2020,"AIM ENTERPRISES, INC.",4418 Tetons,EL PASO,TX,79904-2810,238220,Corporation,462112,427428,Paid in Full,42,427428,,431892.25,WestStar Bank,unknown,current amount differs from initial approval,yes,20261007T195554Z,20261007T195554Z
9394027210,biz-721,first draw,PPP,04/28/2020,REED SERVICE COMPANY,4725 WASHINGTON BLVD,BEAUMONT,TX,77707,238220,Corporation,300000,300000,Paid in Full,20,300000,,304191.67,Hancock Whitney Bank,1440000,"9394027210 (PPP, 04/28/2020): 300,000.00 / 2.5 x 12",yes,20261007T195554Z,20261007T195554Z
9411337201,biz-722,first draw,PPP,04/28/2020,EAST TEXAS LRL ENTERPRISES INC,101 INDUSTRIAL BLVD,LUFKIN,TX,75904-2662,238220,Subchapter S Corporation,313629.58,313629.58,Paid in Full,30,313629.58,,315859.83,Southside Bank,1505422,"9411337201 (PPP, 04/28/2020): 313,629.58 / 2.5 x 12",yes,20261007T195554Z,20261007T195554Z
9492237207,biz-723,first draw,PPP,04/28/2020,CAT TECH LLC,"413 Independence Parkway, Building C",La Porte,TX,77571-5200,238220,Limited  Liability Company(LLC),243695,243695,Paid in Full,14,243695,,244866.09,"HSBC Bank USA, National Association",unknown,business type 'Limited  Liability Company(LLC)' may use owner income/SE basis,yes,20261007T195554Z,20261007T195554Z
1982787302,biz-724,first draw,PPP,04/29/2020,"FTC SOLAR, INC.",11801 Domain Blvd Fl 3,AUSTIN,TX,78758-3430,238220,Corporation,784373,784373,Paid in Full,76,784373,,789917.34,"Bank of America, National Association",3764990,"1982787302 (PPP, 04/29/2020): 784,373.00 / 2.5 x 12",yes,20261007T195554Z,20261007T195554Z
2034677309,biz-725,first draw,PPP,04/29/2020,"RICK AND DICKSIE, LLC",3484 FM 2813,Flint,TX,75762,238220,Limited  Liability Company(LLC),152500,152500,Paid in Full,17,152500,,153394.59,Regions Bank,unknown,business type 'Limited  Liability Company(LLC)' may use owner income/SE basis,yes,20261007T195554Z,20261007T195554Z
8720268308,biz-725,second draw,PPS,01/30/2021,RICK AND DICKSIE LLC,3484 FM 2813,Flint,TX,75762-4010,238220,Limited  Liability Company(LLC),197390,197390,Paid in Full,16,197384,,198909.63,Regions Bank,unknown,business type 'Limited  Liability Company(LLC)' may use owner income/SE basis,yes,20261007T195554Z,20261007T195554Z
2098947306,biz-726,first draw,PPP,04/29/2020,HARKINS CO,618 N HWY 95,ELGIN,TX,78621,238220,Non-Profit Organization,870804,870804,Paid in Full,54,870804,,886018.88,First Source Federal Credit Union,unknown,business type 'Non-Profit Organization' may use owner income/SE basis,yes,20261007T195554Z,20261007T195554Z
2165527310,biz-727,first draw,PPP,04/29/2020,KENDZIORA PLUMBING COMPANY,7556 Werner St,Houston,TX,77037-4441,238220,Corporation,217815,217815,Paid in Full,12,217815,,219271.08,Texas Regional Bank,1045512,"2165527310 (PPP, 04/29/2020): 217,815.00 / 2.5 x 12",yes,20261007T195554Z,20261007T195554Z
4680928301,biz-727,second draw,PPS,01/23/2021,KENDZIORA PLUMBING COMPANY INC.,7556 Werner St,Houston,TX,77037-4441,238220,Corporation,217815,217815,Paid in Full,12,217813,,218936.9,Texas Regional Bank,1045512,"4680928301 (PPS, 01/23/2021): 217,815.00 / 2.5 x 12",yes,20261007T195554Z,20261007T195554Z
2186937303,biz-728,first draw,PPP,04/29/2020,TRI COUNTY AIR CARE LLC,801 COUNTY ROAD 286 STE 601,ANNA,TX,75409,238220,Limited  Liability Company(LLC),168600,168600,Paid in Full,15,168600,,169756.78,Cadence Bank,unknown,business type 'Limited  Liability Company(LLC)' may use owner income/SE basis,yes,20261007T195554Z,20261007T195554Z
2195887303,biz-729,first draw,PPP,04/29/2020,"FREDRICK LEE PRESS PLUMBING, LLC","9056 Fm 1641,",Terrell,TX,75160,238220,Limited  Liability Company(LLC),208900,208900,Paid in Full,17,208900,,210084.57,Regions Bank,unknown,business type 'Limited  Liability Company(LLC)' may use owner income/SE basis,yes,20261007T195554Z,20261007T195554Z
2485917308,biz-730,first draw,PPP,04/29/2020,O.K. RENTAL AND SALES INC,418 Clay Street,KERRVILLE,TX,78028,238220,Subchapter S Corporation,183000,183000,Paid in Full,25,183000,,184050.54,Centennial Bank,878400,"2485917308 (PPP, 04/29/2020): 183,000.00 / 2.5 x 12",yes,20261007T195554Z,20261007T195554Z
2665607306,biz-731,first draw,PPP,04/29/2020,"RELIABLE PLANT MAINTENANCE, INC.","1404 N McDonald St, Ste B",McKinney,TX,75071-1849,238220,Subchapter S Corporation,324300,324300,Paid in Full,22,259461.6,,326714.23,Comerica Bank,1556640,"2665607306 (PPP, 04/29/2020): 324,300.00 / 2.5 x 12",yes,20261007T195554Z,20261007T195554Z
3264568405,biz-731,second draw,PPS,02/04/2021,RELIABLE PLANT MAINTENANCE INC.,1404 N McDonald St Ste B,McKinney,TX,75071-1849,238220,Subchapter S Corporation,312200,312200,Paid in Full,20,312197,,313986.48,Comerica Bank,1498560,"3264568405 (PPS, 02/04/2021): 312,200.00 / 2.5 x 12",yes,20261007T195554Z,20261007T195554Z
2684847303,biz-732,first draw,PPP,04/29/2020,PREFERRED AIR OF HOUSTON LLC,4031 Ellis Road,Friendswood,TX,77546,238220,Limited  Liability Company(LLC),196500,196500,Paid in Full,12,196500,,198276.58,Regions Bank,unknown,business type 'Limited  Liability Company(LLC)' may use owner income/SE basis,yes,20261007T195554Z,20261007T195554Z
2760137305,biz-733,first draw,PPP,04/29/2020,"AIRE TECHNICS, INC.",39397 FM 529 Rd,Brookshire,TX,77423-9499,238220,Corporation,567900,567900,Paid in Full,49,454386,,576244.97,Comerica Bank,2725920,"2760137305 (PPP, 04/29/2020): 567,900.00 / 2.5 x 12",yes,20261007T195554Z,20261007T195554Z
2778447302,biz-734,first draw,PPP,04/29/2020,HVAC TEAM MECHANICAL SERVICES INC,2201 PATTERSON INDUSTRIAL DRIVE STE 200,PFLUGERVILLE,TX,78660-8333,238220,Subchapter S Corporation,1151000,1151000,Paid in Full,77,1151000,,1157424.2,Prosperity Bank,5524800,"2778447302 (PPP, 04/29/2020): 1,151,000.00 / 2.5 x 12",yes,20261007T195554Z,20261007T195554Z
2833087305,biz-735,first draw,PPP,04/29/2020,TRADITION PLUMBING LLC,"14090 FM 2920, G533",Tomball,TX,77377,238220,Limited  Liability Company(LLC),195629,195629,Paid in Full,20,195629,,198530.83,"Capital One, National Association",unknown,business type 'Limited  Liability Company(LLC)' may use owner income/SE basis,yes,20261007T195554Z,20261007T195554Z
2839637305,biz-736,first draw,PPP,04/29/2020,"TRADE-MARK BROWN, INC.",3146 JUNCTION HWY,Ingram,TX,78025-3189,238220,Subchapter S Corporation,180800,180800,Paid in Full,20,144664.2,,182120.84,Comerica Bank,867840,"2839637305 (PPP, 04/29/2020): 180,800.00 / 2.5 x 12",yes,20261007T195554Z,20261007T195554Z
2952757308,biz-737,first draw,PPP,04/29/2020,GEO PRODUCTS LLC,"4545 BISSONNET ST, SUITE 115",BELLAIRE,TX,77401,238220,Limited  Liability Company(LLC),276774,276774,Paid in Full,37,276774,,279972.28,"IberiaBank, A Division of First Horizon Bank",unknown,business type 'Limited  Liability Company(LLC)' may use owner income/SE basis,yes,20261007T195554Z,20261007T195554Z
2968267308,biz-738,first draw,PPP,04/29/2020,"QUALITY 1 ENERGY SYSTEMS, INC.",10874 PLANO RD SUITE D,DALLAS,TX,75238-1408,238220,Corporation,183000,183000,Paid in Full,25,146400,,184804.58,Comerica Bank,878400,"2968267308 (PPP, 04/29/2020): 183,000.00 / 2.5 x 12",yes,20261007T195554Z,20261007T195554Z
2969237301,biz-739,first draw,PPP,04/29/2020,MORROW MECHANICAL,17013 SEVEN PINES DR,SPRING,TX,77379,238220,Corporation,457855,457855,Paid in Full,42,457855,,462671.89,"Wells Fargo Bank, National Association",2197704,"2969237301 (PPP, 04/29/2020): 457,855.00 / 2.5 x 12",yes,20261007T195554Z,20261007T195554Z
3149087303,biz-740,first draw,PPP,04/29/2020,BURDETT PLUMBING SERVICES LLC,8706 IKE BYROM RD,KRUGERVILLE,TX,76227,238220,Limited  Liability Company(LLC),201800,201800,Paid in Full,21,201800,,203750.73,Truist Bank,unknown,business type 'Limited  Liability Company(LLC)' may use owner income/SE basis,yes,20261007T195554Z,20261007T195554Z
3180077309,biz-741,first draw,PPP,04/29/2020,STRUTTON PLUMBING COMPANY INC,5805 CYPRESS ST,HOUSTON,TX,77074-7820,238220,Corporation,394600,394600,Paid in Full,34,394600,,397378.42,Prosperity Bank,1894080,"3180077309 (PPP, 04/29/2020): 394,600.00 / 2.5 x 12",yes,20261007T195554Z,20261007T195554Z
3193107304,biz-742,first draw,PPP,04/29/2020,COOK MECHANICAL INC,9837 Whithorn Dr.,Houston,TX,77095,238220,Subchapter S Corporation,695454,444240,Paid in Full,56,444240,,446399.5,Stellar Bank,unknown,current amount differs from initial approval,yes,20261007T195554Z,20261007T195554Z
2954958603,biz-743,second draw,PPS,03/16/2021,COOPWOOD'S AIR CONDITIONING INC.,414 W Tidwell Rd,Houston,TX,77091-4337,238220,Subchapter S Corporation,1059500,1059500,Paid in Full,64,1059497,,1064768.07,Comerica Bank,5085600,"2954958603 (PPS, 03/16/2021): 1,059,500.00 / 2.5 x 12",yes,20261007T195554Z,20261007T195554Z
3232527305,biz-743,first draw,PPP,04/29/2020,"COOPWOOD'S AIR CONDITIONING, INC.",414 W Tidwell Rd,Houston,TX,77091-4337,238220,Subchapter S Corporation,1019300,1019300,Paid in Full,79,815480,,1031220.15,Comerica Bank,4892640,"3232527305 (PPP, 04/29/2020): 1,019,300.00 / 2.5 x 12",yes,20261007T195554Z,20261007T195554Z
3275487306,biz-744,first draw,PPP,04/29/2020,"BATES AIR CONDITIONING SERVICE CO., INC.",620 RANKIN CIR N,HOUSTON,TX,77073-4308,238220,Corporation,608800,608800,Paid in Full,48,608800,,611945.47,"Guaranty Bank & Trust, National Association",2922240,"3275487306 (PPP, 04/29/2020): 608,800.00 / 2.5 x 12",yes,20261007T195554Z,20261007T195554Z
3378627303,biz-745,first draw,PPP,04/29/2020,BRANTON COMPANY INC.,2936 Balch Springs Rd,Balch Springs,TX,75180-1933,238220,Subchapter S Corporation,224500,224500,Paid in Full,14,224500,,225742.44,Prosperity Bank,1077600,"3378627303 (PPP, 04/29/2020): 224,500.00 / 2.5 x 12",yes,20261007T195554Z,20261007T195554Z
3384807305,biz-746,first draw,PPP,04/29/2020,"STONE HEATING AIR CONDITIONING, LLC",5904 W. 7th St.,TEXARKANA,TX,75501,238220,Limited  Liability Company(LLC),259600,259600,Paid in Full,24,259600,,262109.47,Midwest Regional Bank,unknown,business type 'Limited  Liability Company(LLC)' may use owner income/SE basis,yes,20261007T195554Z,20261007T195554Z
3954237303,biz-747,first draw,PPP,04/29/2020,MTW PIPEWORKS LTD,16236 CYPRESS ROSEHILL ROAD,CYPRESS,TX,77429-1455,238220,Limited Liability Partnership,411500,411500,Paid in Full,34,411500,,413788.62,Prosperity Bank,unknown,business type 'Limited Liability Partnership' may use owner income/SE basis,yes,20261007T195554Z,20261007T195554Z
4027207309,biz-748,first draw,PPP,04/29/2020,"CORPORATE ENTERPRISES, INC",439 N Gun Barrel Lane,Gun Barrel City,TX,75156-3731,238220,Corporation,324100,324100,Paid in Full,24,324100,,326015.01,Prosperity Bank,1555680,"4027207309 (PPP, 04/29/2020): 324,100.00 / 2.5 x 12",yes,20261007T195554Z,20261007T195554Z
4639917300,biz-749,first draw,PPP,04/30/2020,ALL P.H.A. TX.LLC,7726 Montego Road,SAN ANTONIO,TX,78250-5613,238220,Limited  Liability Company(LLC),151600,151600,Paid in Full,21,151600,,153048.62,Texas National Bank,unknown,business type 'Limited  Liability Company(LLC)' may use owner income/SE basis,yes,20261007T195554Z,20261007T195554Z
4650247301,biz-750,first draw,PPP,04/30/2020,"TNT SYSTEM SOLUTIONS, INC",4414 Bucks Run Dr,Austin,TX,78744,238220,Subchapter S Corporation,226288,226288,Paid in Full,17,226288,,228972.03,"Capital One, National Association",1086182,"4650247301 (PPP, 04/30/2020): 226,288.00 / 2.5 x 12",yes,20261007T195554Z,20261007T195554Z
5026437300,biz-751,first draw,PPP,04/30/2020,JAMES J MAZURKIEWICZ CO,2719   5TH ST SUITE C,STAFFORD,TX,77477-6835,238220,Corporation,185600,185600,Paid in Full,15,185600,,187761.1,Frost Bank,890880,"5026437300 (PPP, 04/30/2020): 185,600.00 / 2.5 x 12",yes,20261007T195554Z,20261007T195554Z
5075097301,biz-752,first draw,PPP,04/30/2020,DINGEE PLUMBING CONTRACTORS INC,1410 FM 2004 RD,LAKE JACKSON,TX,77566,238220,Subchapter S Corporation,192890,192890,Paid in Full,21,192890,,197171.09,First Source Federal Credit Union,925872,"5075097301 (PPP, 04/30/2020): 192,890.00 / 2.5 x 12",yes,20261007T195554Z,20261007T195554Z
5133087308,biz-753,first draw,PPP,04/30/2020,"MERRITT PLUMBING, LLC",28991 INTERSTATE 10 Ste 290,BOERNE,TX,78006-9130,238220,Limited  Liability Company(LLC),165200,165200,Paid in Full,18,165200,,167082.83,Frost Bank,unknown,business type 'Limited  Liability Company(LLC)' may use owner income/SE basis,yes,20261007T195554Z,20261007T195554Z
5195197301,biz-754,first draw,PPP,04/30/2020,COPELAND CONTRACTING COMPANY  INC.,1425 Universal City Blvd  Bldg No. 3,Universal City,TX,78148-3317,238220,Subchapter S Corporation,455200,455200,Paid in Full,41,455200,,461709.98,Bank OZK,2184960,"5195197301 (PPP, 04/30/2020): 455,200.00 / 2.5 x 12",yes,20261007T195554Z,20261007T195554Z
9269388504,biz-754,second draw,PPS,03/12/2021,COPELAND CONTRACTING COMPANY INC.,1425 Universal City Blvd Bldg 3,Universal City,TX,78148-3364,238220,Subchapter S Corporation,823000,823000,Charged Off,58,822994,,799876.65,Bank OZK,3950400,"9269388504 (PPS, 03/12/2021): 823,000.00 / 2.5 x 12",yes,20261007T195554Z,20261007T195554Z
5199947309,biz-755,first draw,PPP,04/30/2020,"THE WOODLANDS HEATING & AIR CONDITIONING , LLC","1715 SAWDUST RD, SUITE A",THE WOODLANDS,TX,77380,238220,Limited  Liability Company(LLC),176017,176017,Paid in Full,16,140814,0,177085.52,"JPMorgan Chase Bank, National Association",unknown,business type 'Limited  Liability Company(LLC)' may use owner income/SE basis,yes,20261007T195554Z,20261007T195554Z
5230887303,biz-756,first draw,PPP,04/30/2020,"HART PLUMBING SOUTHWEST, LLC",142 ELDRIDGE RD STE A,SUGAR LAND,TX,77478,238220,Limited  Liability Company(LLC),995611,995611,Paid in Full,90,924439.47,,1002955.84,"JPMorgan Chase Bank, National Association",unknown,business type 'Limited  Liability Company(LLC)' may use owner income/SE basis,yes,20261007T195554Z,20261007T195554Z
7387338404,biz-756,second draw,PPS,02/11/2021,HART PLUMBING SOUTHWEST LLC,142 Eldridge Rd Ste A,Sugar Land,TX,77478-4660,238220,Limited  Liability Company(LLC),910390,910390,Paid in Full,93,910390,,917973.55,"JPMorgan Chase Bank, National Association",unknown,business type 'Limited  Liability Company(LLC)' may use owner income/SE basis,yes,20261007T195554Z,20261007T195554Z
5249807301,biz-757,first draw,PPP,04/30/2020,EZ COMFORT AIR CONDITIONING AND HEATING LLC,7707 N SAM HOUSTON PKWY,HUMBLE,TX,77396-4591,238220,Sole Proprietorship,150000,150000,Paid in Full,11,150000,,151426.03,Frost Bank,unknown,business type 'Sole Proprietorship' may use owner income/SE basis,yes,20261007T195554Z,20261007T195554Z
6645998304,biz-757,second draw,PPS,01/27/2021,EZ COMFORT AIR CONDITIONING & HEATING LLC,7707 N Sam Houston Pkwy E Ste D-10,Humble,TX,77396-4591,238220,Sole Proprietorship,150000,150000,Paid in Full,11,149998,,150821.92,Frost Bank,unknown,business type 'Sole Proprietorship' may use owner income/SE basis,yes,20261007T195554Z,20261007T195554Z
5515797304,biz-758,first draw,PPP,04/30/2020,JOHN SHORT DBA MR. ROOTER PLUMBING,1851 Gulf Freeway,League City,TX,77573,238220,Sole Proprietorship,165100,165100,Paid in Full,10,165100,,167045.01,Regions Bank,unknown,business type 'Sole Proprietorship' may use owner income/SE basis,yes,20261007T195554Z,20261007T195554Z
5535047310,biz-759,first draw,PPP,04/30/2020,COTEMP INC,3345 PINEMONT DR,HOUSTON,TX,77018-1327,238220,Subchapter S Corporation,165200,165200,Paid in Full,10,165200,,166390.35,Frost Bank,792960,"5535047310 (PPP, 04/30/2020): 165,200.00 / 2.5 x 12",yes,20261007T195554Z,20261007T195554Z
1987258509,biz-760,second draw,PPS,02/19/2021,KTB SERVICES LLC,1108 Cedar Bayou Rd,Baytown,TX,77520-2926,238220,Subchapter S Corporation,150000,150000,Paid in Full,12,150000,,151475.34,Prosperity Bank,720000,"1987258509 (PPS, 02/19/2021): 150,000.00 / 2.5 x 12",yes,20261007T195554Z,20261007T195554Z
6117937308,biz-760,first draw,PPP,04/30/2020,"KTB SERVICES, LLC",1108 Cedar Bayou Rd,Baytown,TX,77520-2926,238220,Subchapter S Corporation,212100,212100,Paid in Full,16,212100,,213802.61,Prosperity Bank,1018080,"6117937308 (PPP, 04/30/2020): 212,100.00 / 2.5 x 12",yes,20261007T195554Z,20261007T195554Z
6144817302,biz-761,first draw,PPP,04/30/2020,BARRERA PLUMBING,3602 Dividend Drive,Garland,TX,75042-7608,238220,Partnership,291100,291100,Paid in Full,28,291100,,293069.91,Prosperity Bank,unknown,business type 'Partnership' may use owner income/SE basis,yes,20261007T195554Z,20261007T195554Z
6341977303,biz-762,first draw,PPP,04/30/2020,ALL AMERICAN AIR &AMP; APPLIANCE MECHANICAL SERVICES INC,15002 Mintz Lane,Houston,TX,77014-1415,238220,Corporation,178300,178300,Paid in Full,13,178300,,179267.22,Prosperity Bank,855840,"6341977303 (PPP, 04/30/2020): 178,300.00 / 2.5 x 12",yes,20261007T195554Z,20261007T195554Z
6401377303,biz-763,first draw,PPP,04/30/2020,"2019 ACQUISITION, LLC",104 S. Dock Road,ODESSA,TX,79762,238220,Limited  Liability Company(LLC),386410,386410,Paid in Full,26,386410,,391959.28,American Momentum Bank,unknown,business type 'Limited  Liability Company(LLC)' may use owner income/SE basis,yes,20261007T195554Z,20261007T195554Z
9902838602,biz-763,second draw,PPS,03/26/2021,2019 ACQUISITION LLC,104 S Dock Rd,Odessa,TX,79762-9733,238220,Limited  Liability Company(LLC),330060,330060,Paid in Full,28,330060,,333516.46,American Momentum Bank,unknown,business type 'Limited  Liability Company(LLC)' may use owner income/SE basis,yes,20261007T195554Z,20261007T195554Z
6486067302,biz-764,first draw,PPP,04/30/2020,"G.O. PLUS PLUMBING SERVICES, INC",13602 Luthe Rd,Houston,TX,77039-2818,238220,Corporation,153500,153500,Paid in Full,15,153500,,154265.4,Prosperity Bank,736800,"6486067302 (PPP, 04/30/2020): 153,500.00 / 2.5 x 12",yes,20261007T195554Z,20261007T195554Z
4971159008,biz-765,second draw,PPS,05/21/2021,STRATUS SYSTEMS LLC,10490 Vista Park Roadnull 10490 Vista Park Roadnull,Dallas,TX,75238,238220,Limited  Liability Company(LLC),1388900,1388900,Paid in Full,108,1388900,,1398082.17,Texas National Bank,unknown,business type 'Limited  Liability Company(LLC)' may use owner income/SE basis,yes,20261007T195554Z,20261007T195554Z
7041797300,biz-765,first draw,PPP,04/30/2020,"STRATUS SYSTEMS, LLC",10490 Vista Park Road,Dallas,TX,75238,238220,Limited  Liability Company(LLC),1341222.5,1341222.5,Paid in Full,48,1019329.1,,1355479.88,American Express National Bank,unknown,business type 'Limited  Liability Company(LLC)' may use owner income/SE basis; implied pay per reported job reaches $100K cap,yes,20261007T195554Z,20261007T195554Z
3982168408,biz-766,second draw,PPS,02/05/2021,TRIAD PHC LLC.,7001 US Highway 183 S,Austin,TX,78744-7825,238220,Limited  Liability Company(LLC),403217,403217,Paid in Full,36,403214,,405050.81,Round Top State Bank,unknown,business type 'Limited  Liability Company(LLC)' may use owner income/SE basis,yes,20261007T195554Z,20261007T195554Z
7335357303,biz-766,first draw,PPP,04/30/2020,"TRIAD PHC, LLC.",7001 HWY 183 S.,AUSTIN,TX,78744-7825,238220,Limited  Liability Company(LLC),313130,313130,Paid in Full,42,313130,,315111.73,Round Top State Bank,unknown,business type 'Limited  Liability Company(LLC)' may use owner income/SE basis,yes,20261007T195554Z,20261007T195554Z
7437647308,biz-767,first draw,PPP,04/30/2020,A & B REFRIGERATION LLC,5 CABRALL CT,ODESSA,TX,79765-1436,238220,Limited  Liability Company(LLC),175700,175700,Paid in Full,8,175700,,176778.27,Frost Bank,unknown,business type 'Limited  Liability Company(LLC)' may use owner income/SE basis; implied pay per reported job reaches $100K cap,yes,20261007T195554Z,20261007T195554Z
7447997301,biz-768,first draw,PPP,04/30/2020,"NEW TEX PLUMBING, INC.",611 Todd Drive,CONROE,TX,77385,238220,Corporation,615878.85,615878,Paid in Full,59,534762,,622886.01,"JPMorgan Chase Bank, National Association",unknown,current amount differs from initial approval,yes,20261007T195554Z,20261007T195554Z
7631917310,biz-769,first draw,PPP,04/30/2020,CITY PLUMBING,315 ITURBIDE ST,LAREDO,TX,78040,238220,Sole Proprietorship,195400,195400,Paid in Full,26,183400,,198352.71,International Bank of Commerce,unknown,business type 'Sole Proprietorship' may use owner income/SE basis,yes,20261007T195554Z,20261007T195554Z
7675127300,biz-770,first draw,PPP,04/30/2020,SHORELINE PLUMBING CO,1954 SARATOGA BLVD,CORPUS CHRISTI,TX,78417-3401,238220,Subchapter S Corporation,415400,415400,Paid in Full,27,415400,,419383.29,Susser Bank,1993920,"7675127300 (PPP, 04/30/2020): 415,400.00 / 2.5 x 12",yes,20261007T195554Z,20261007T195554Z
9151238303,biz-770,second draw,PPS,01/30/2021,SHORELINE PLUMBING CO,1954,CORPUS CHRISTI,TX,78417,238220,Subchapter S Corporation,415412.5,415412.5,Paid in Full,27,415407.5,,418447.32,Itria Ventures LLC,1993980,"9151238303 (PPS, 01/30/2021): 415,412.50 / 2.5 x 12",yes,20261007T195554Z,20261007T195554Z
7703827307,biz-771,first draw,PPP,04/30/2020,IDEAL AIR SERVICES INC,565 S MASON RD APT 347,KATY,TX,77450-2437,238220,Corporation,168245,168245,Paid in Full,13,168245,,165055.81,"Bank of America, National Association",807576,"7703827307 (PPP, 04/30/2020): 168,245.00 / 2.5 x 12",yes,20261007T195554Z,20261007T195554Z
7770497304,biz-772,first draw,PPP,04/30/2020,MATCO OF TEXAS INC,202 East 1st St,PROSPER,TX,75078,238220,Corporation,229800,229800,Paid in Full,16,229800,,231670.32,Simmons Bank,1103040,"7770497304 (PPP, 04/30/2020): 229,800.00 / 2.5 x 12",yes,20261007T195554Z,20261007T195554Z
7775327309,biz-773,first draw,PPP,04/30/2020,"J&S PLUMBING SERVICES, LLC",1001 Dalworth Drive,MESQUITE,TX,75149-4149,238220,Corporation,163400,163400,Paid in Full,14,163400,,157684.29,Truist Bank,784320,"7775327309 (PPP, 04/30/2020): 163,400.00 / 2.5 x 12",yes,20261007T195554Z,20261007T195554Z
7838027300,biz-774,first draw,PPP,04/30/2020,COAST TO COAST MECHANICAL LLC,2500 S. MAIN STREET,TAYLOR,TX,76574,238220,Limited  Liability Company(LLC),213037,213037,Paid in Full,15,213037,,215943.64,"Wells Fargo Bank, National Association",unknown,business type 'Limited  Liability Company(LLC)' may use owner income/SE basis,yes,20261007T195554Z,20261007T195554Z
1010977709,biz-775,first draw,PPP,05/01/2020,"BELKNAP PLUMBING SYSTEMS, INC.",9030 SOLON RD,HOUSTON,TX,77064,238220,Subchapter S Corporation,1718270,1718270,Paid in Full,130,1718270,,1736512.3,"JPMorgan Chase Bank, National Association",8247696,"1010977709 (PPP, 05/01/2020): 1,718,270.00 / 2.5 x 12",yes,20261007T195554Z,20261007T195554Z
1050097710,biz-776,first draw,PPP,05/01/2020,TEXAS AIR ZONE LLC,10763 Mapleridge Drive,DALLAS,TX,75238,238220,Limited  Liability Company(LLC),245195,245195,Paid in Full,19,235195,,248211.99,"JPMorgan Chase Bank, National Association",unknown,business type 'Limited  Liability Company(LLC)' may use owner income/SE basis,yes,20261007T195554Z,20261007T195554Z
1114537700,biz-777,first draw,PPP,05/01/2020,"UCBM FACILITY SERVICE, INC.",11150 Morrison Lane,DALLAS,TX,75229,238220,Subchapter S Corporation,158602,158602,Paid in Full,14,158602,,159681.37,"JPMorgan Chase Bank, National Association",761290,"1114537700 (PPP, 05/01/2020): 158,602.00 / 2.5 x 12",yes,20261007T195554Z,20261007T195554Z
1116737705,biz-778,first draw,PPP,05/01/2020,MLL ENTERPRISES INC,2405A INTERSTATE 30,MESQUITE,TX,75150,238220,Corporation,155162,155162,Paid in Full,11,130046,,156184.17,"JPMorgan Chase Bank, National Association",744778,"1116737705 (PPP, 05/01/2020): 155,162.00 / 2.5 x 12",yes,20261007T195554Z,20261007T195554Z
1138657706,biz-779,first draw,PPP,05/01/2020,EDDY RAY OPPELT INC.,308 US HIGHWAY 80 E,SUNNYVALE,TX,75182,238220,Corporation,782362,782362,Paid in Full,56,669550,,792158.91,"JPMorgan Chase Bank, National Association",3755338,"1138657706 (PPP, 05/01/2020): 782,362.00 / 2.5 x 12",yes,20261007T195554Z,20261007T195554Z
3540418403,biz-779,second draw,PPS,02/05/2021,EDDY RAY OPPELT INC.,308 US Highway 80 E,Sunnyvale,TX,75182-9394,238220,Corporation,691280,691280,Paid in Full,46,691276,,700181,"JPMorgan Chase Bank, National Association",3318144,"3540418403 (PPS, 02/05/2021): 691,280.00 / 2.5 x 12",yes,20261007T195554Z,20261007T195554Z
1166737703,biz-780,first draw,PPP,05/01/2020,"COMM AIR, INC.",15324 Ennis Rd,SUGARLAND,TX,77498,238220,Subchapter S Corporation,290000,290000,Paid in Full,220,232390,,291910.46,"JPMorgan Chase Bank, National Association",1392000,"1166737703 (PPP, 05/01/2020): 290,000.00 / 2.5 x 12",yes,20261007T195554Z,20261007T195554Z
1381957702,biz-781,first draw,PPP,05/01/2020,"METRO EXPRESS SERVICE, LLC",506 NORTH RD,KENNEDALE,TX,76060,238220,Limited  Liability Company(LLC),434330,434330,Paid in Full,33,387870,,438361.79,"JPMorgan Chase Bank, National Association",unknown,business type 'Limited  Liability Company(LLC)' may use owner income/SE basis,yes,20261007T195554Z,20261007T195554Z
1434647708,biz-782,first draw,PPP,05/01/2020,"EVERFLOW PLUMBING, LLC",118 DUSTIN DR,FATE,TX,75189,238220,Limited  Liability Company(LLC),271822,271822,Paid in Full,310,216000,,274500.65,"JPMorgan Chase Bank, National Association",unknown,business type 'Limited  Liability Company(LLC)' may use owner income/SE basis,yes,20261007T195554Z,20261007T195554Z
1593717702,biz-783,first draw,PPP,05/01/2020,WEBB AIR CONDITIONING COMPANY,115 South Riverside Drive,Fort Worth,TX,76104,238220,Corporation,259749,259749,Paid in Full,21,259749,,262160.19,"JPMorgan Chase Bank, National Association",1246795,"1593717702 (PPP, 05/01/2020): 259,749.00 / 2.5 x 12",yes,20261007T195554Z,20261007T195554Z
3925228602,biz-783,second draw,PPS,03/17/2021,WEBB AIR CONDITIONING COMPANY,115 S Riverside Dr,Fort Worth,TX,76104-1919,238220,Corporation,243280,243280,Paid in Full,17,243279,,246458.86,"JPMorgan Chase Bank, National Association",1167744,"3925228602 (PPS, 03/17/2021): 243,280.00 / 2.5 x 12",yes,20261007T195554Z,20261007T195554Z
1601877705,biz-784,first draw,PPP,05/01/2020,"AXIUM SOLAR, INC.",1005 PLACID AVE STE 100,PLANO,TX,75074,238220,Corporation,557000,557000,Paid in Full,37,504000,,560350.97,"JPMorgan Chase Bank, National Association",2673600,"1601877705 (PPP, 05/01/2020): 557,000.00 / 2.5 x 12",yes,20261007T195554Z,20261007T195554Z
6212688408,biz-784,second draw,PPS,02/10/2021,AXIUM SOLAR INC.,1005 Placid Ave Ste 100,Plano,TX,75074-8655,238220,Corporation,635115,635115,Paid in Full,48,635115,,638953.21,"JPMorgan Chase Bank, National Association",3048552,"6212688408 (PPS, 02/10/2021): 635,115.00 / 2.5 x 12",yes,20261007T195554Z,20261007T195554Z
1603647710,biz-785,first draw,PPP,05/01/2020,"METROPLEX REFRIGERATION, INC.",5224 KALTENBRUN RD,FORT WORTH,TX,76119,238220,Subchapter S Corporation,223775,223775,Paid in Full,13,200070,,225980.18,"JPMorgan Chase Bank, National Association",1074120,"1603647710 (PPP, 05/01/2020): 223,775.00 / 2.5 x 12",yes,20261007T195554Z,20261007T195554Z
1604857705,biz-786,first draw,PPP,05/01/2020,"STEVE BROUGHER'S PLUMBING REPAIR, INC.",2605 BUELL AVE,AUSTIN,TX,78757,238220,Subchapter S Corporation,165740,165740,Paid in Full,12,133314,,167368.76,"JPMorgan Chase Bank, National Association",795552,"1604857705 (PPP, 05/01/2020): 165,740.00 / 2.5 x 12",yes,20261007T195554Z,20261007T195554Z
1702357701,biz-787,first draw,PPP,05/01/2020,"NORTHSIDE A/C GP, LLC",619 HEMBRY ST,LEWISVILLE,TX,75057,238220,Limited  Liability Company(LLC),239890,239890,Paid in Full,21,239890,,241522.58,"JPMorgan Chase Bank, National Association",unknown,business type 'Limited  Liability Company(LLC)' may use owner income/SE basis,yes,20261007T195554Z,20261007T195554Z
9128828501,biz-787,second draw,PPS,03/12/2021,NORTHSIDE A/C GP LLC,619 Hembry St,Lewisville,TX,75057-4726,238220,Limited  Liability Company(LLC),254522,254522,Paid in Full,18,254519,,256074.02,"JPMorgan Chase Bank, National Association",unknown,business type 'Limited  Liability Company(LLC)' may use owner income/SE basis,yes,20261007T195554Z,20261007T195554Z
1762747702,biz-788,first draw,PPP,05/01/2020,"BEACH PLUMBING, INC.",4829 BLANEY AVE,NORTH RICHLAND HILLS,TX,76180,238220,Corporation,150240,150240,Paid in Full,18,145665,,151161.56,"JPMorgan Chase Bank, National Association",721152,"1762747702 (PPP, 05/01/2020): 150,240.00 / 2.5 x 12",yes,20261007T195554Z,20261007T195554Z
1271588606,biz-789,second draw,PPS,03/13/2021,GATEWAY AIR CONDITIONING AND SHEET METAL CO. INC.,3117 Rosa Ave,El Paso,TX,79905-1023,238220,Corporation,200920,200920,Paid in Full,25,200920,,203031.22,"JPMorgan Chase Bank, National Association",964416,"1271588606 (PPS, 03/13/2021): 200,920.00 / 2.5 x 12",yes,20261007T195554Z,20261007T195554Z
1878217709,biz-789,first draw,PPP,05/01/2020,"GATEWAY AIR CONDITIONING AND SHEET METAL CO., INC.",3117 ROSA AVE,EL PASO,TX,79905,238220,Corporation,156112,156112,Paid in Full,230,142914,,157382.66,"JPMorgan Chase Bank, National Association",749338,"1878217709 (PPP, 05/01/2020): 156,112.00 / 2.5 x 12",yes,20261007T195554Z,20261007T195554Z
1921857709,biz-790,first draw,PPP,05/01/2020,"ENVIRONMENTAL AIR SYSTEMS, INC.",4913 mangum,HOUSTON,TX,77092,238220,Corporation,159527,159527,Paid in Full,12,127622,,161281.44,"JPMorgan Chase Bank, National Association",765730,"1921857709 (PPP, 05/01/2020): 159,527.00 / 2.5 x 12",yes,20261007T195554Z,20261007T195554Z
1968977707,biz-791,first draw,PPP,05/01/2020,"THE RIGHT CHOICE HEATING & AIR, INC.",2290 springlake rd 105,FARMERS BRANCH,TX,75234,238220,Corporation,226042,226042,Paid in Full,200,190842,,227466.64,"JPMorgan Chase Bank, National Association",1085002,"1968977707 (PPP, 05/01/2020): 226,042.00 / 2.5 x 12",yes,20261007T195554Z,20261007T195554Z
4314418606,biz-791,second draw,PPS,03/18/2021,"THE RIGHT CHOICE HEATING & AIR, INC.",2290 Springlake Rd Ste 105,Farmers Branch,TX,75234-5816,238220,Corporation,195280,195280,Paid in Full,19,195275,,196502.67,"JPMorgan Chase Bank, National Association",937344,"4314418606 (PPS, 03/18/2021): 195,280.00 / 2.5 x 12",yes,20261007T195554Z,20261007T195554Z
2007017707,biz-792,first draw,PPP,05/01/2020,"HEDRICK MECHANICAL, INC.",11130 Petal Street 100,DALLAS,TX,75238,238220,Corporation,226275,226275,Paid in Full,16,181020,,227827.25,"JPMorgan Chase Bank, National Association",1086120,"2007017707 (PPP, 05/01/2020): 226,275.00 / 2.5 x 12",yes,20261007T195554Z,20261007T195554Z
2112327708,biz-793,first draw,PPP,05/01/2020,S.W.A.T. PLUMBING LLC,2111 E FM 1187,ALEDO,TX,76008,238220,Corporation,225382,225382,Paid in Full,19,225382,,228149.06,"JPMorgan Chase Bank, National Association",1081834,"2112327708 (PPP, 05/01/2020): 225,382.00 / 2.5 x 12",yes,20261007T195554Z,20261007T195554Z
2212777700,biz-794,first draw,PPP,05/01/2020,ARTHUR HAGAR AIR CONDITIONING,5020 SE LOOP 820,FORT WORTH,TX,76140,238220,,314505,314505,Paid in Full,21,314505,,317604.27,"JPMorgan Chase Bank, National Association",unknown,business type '' may use owner income/SE basis,yes,20261007T195554Z,20261007T195554Z
2259147707,biz-795,first draw,PPP,05/01/2020,ASTAR HEAT &AMP; AIR INC,10865 SANDEN DR,DALLAS,TX,75238,238220,Corporation,236688,236688,Paid in Full,51,189351,,239078.42,"JPMorgan Chase Bank, National Association",1136102,"2259147707 (PPP, 05/01/2020): 236,688.00 / 2.5 x 12",yes,20261007T195554Z,20261007T195554Z
2305057706,biz-796,first draw,PPP,05/01/2020,"FAUGHT SERVICE COMPANY, INC.",9602 Beck Circle,Austin,TX,78758,238220,Subchapter S Corporation,160770,160770,Paid in Full,13,160770,,162078.58,"JPMorgan Chase Bank, National Association",771696,"2305057706 (PPP, 05/01/2020): 160,770.00 / 2.5 x 12",yes,20261007T195554Z,20261007T195554Z
2400907710,biz-797,first draw,PPP,05/01/2020,CLC PLUMBING LLC DBA L.J. CROSS PLUMBING,1007 RANCH ROAD 620 S STE 100,AUSTIN,TX,78734,238220,Limited  Liability Company(LLC),278512,278512,Paid in Full,25,268810,,281559.85,"JPMorgan Chase Bank, National Association",unknown,business type 'Limited  Liability Company(LLC)' may use owner income/SE basis,yes,20261007T195554Z,20261007T195554Z
2490347700,biz-798,first draw,PPP,05/01/2020,SERVICE ONE AIR CONDITIONING AND HEATING LLC,110 SPORTS PKWY STE B,KELLER,TX,76248,238220,Limited  Liability Company(LLC),155352,155352,Paid in Full,12,144752,,156489.61,"JPMorgan Chase Bank, National Association",unknown,business type 'Limited  Liability Company(LLC)' may use owner income/SE basis,yes,20261007T195554Z,20261007T195554Z
2782997709,biz-799,first draw,PPP,05/01/2020,AKS PLUMBING LLC,5110 BIG SPRING DR,PEARLAND,TX,77584,238220,Limited  Liability Company(LLC),150000,150000,Paid in Full,100,150000,,151331.17,"JPMorgan Chase Bank, National Association",unknown,business type 'Limited  Liability Company(LLC)' may use owner income/SE basis,yes,20261007T195554Z,20261007T195554Z
4199038407,biz-799,second draw,PPS,02/06/2021,AKS PLUMBING LLC,5110 Big Spring Dr,Pearland,TX,77584-1430,238220,Limited  Liability Company(LLC),150000,150000,Paid in Full,10,150000,,151637.42,"JPMorgan Chase Bank, National Association",unknown,business type 'Limited  Liability Company(LLC)' may use owner income/SE basis,yes,20261007T195554Z,20261007T195554Z
2855917709,biz-800,first draw,PPP,05/01/2020,"AMAILEY PLUMBING, LLC",3542 BACOR RD,HOUSTON,TX,77084,238220,Limited  Liability Company(LLC),483927,483927,Paid in Full,29,483927,,487391.65,"JPMorgan Chase Bank, National Association",unknown,business type 'Limited  Liability Company(LLC)' may use owner income/SE basis,yes,20261007T195554Z,20261007T195554Z
2949277708,biz-801,first draw,PPP,05/01/2020,ZUBIE AIR INC DBA ONE HOUR HEATING &AMP; AIR CONDITIONING,9710 N Interstate 35,San Antonio,TX,78233,238220,Subchapter S Corporation,366090,366090,Paid in Full,40,366090,,370385.25,"JPMorgan Chase Bank, National Association",1757232,"2949277708 (PPP, 05/01/2020): 366,090.00 / 2.5 x 12",yes,20261007T195554Z,20261007T195554Z
3011447704,biz-802,first draw,PPP,05/01/2020,"A & A PLUMBING, LLC",13131 LOOKOUT RUN,SAN ANTONIO,TX,78233,238220,Limited  Liability Company(LLC),175000,175000,Paid in Full,25,165000,,176190.97,"JPMorgan Chase Bank, National Association",unknown,business type 'Limited  Liability Company(LLC)' may use owner income/SE basis,yes,20261007T195554Z,20261007T195554Z
3196877710,biz-803,first draw,PPP,05/01/2020,JOHNNY ROOTER PLUMBING INC,6725 SHIRLEY AVE,AUSTIN,TX,78752,238220,Corporation,290567,290567,Charged Off,210,260514,,,"JPMorgan Chase Bank, National Association",1394722,"3196877710 (PPP, 05/01/2020): 290,567.00 / 2.5 x 12",yes,20261007T195554Z,20261007T195554Z
3223457709,biz-804,first draw,PPP,05/01/2020,"S.M.R. PLUMBING, INC.",6305 BEAR RUN RD,THE COLONY,TX,75056,238220,Corporation,162500,162500,Paid in Full,10,77000,,164287.14,"JPMorgan Chase Bank, National Association",780000,"3223457709 (PPP, 05/01/2020): 162,500.00 / 2.5 x 12",yes,20261007T195554Z,20261007T195554Z
3984037706,biz-805,first draw,PPP,05/01/2020,CONSOLIDATED SERVICE COMPANY,7042 SNOWFLAKE DR,SAN ANTONIO,TX,78238,238220,Corporation,704219,704219,Paid in Full,50,704219,,711917.17,"Wells Fargo Bank, National Association",3380251,"3984037706 (PPP, 05/01/2020): 704,219.00 / 2.5 x 12",yes,20261007T195554Z,20261007T195554Z
4064897708,biz-806,first draw,PPP,05/01/2020,ETC PLUMBING INC,12130 PECAN STREET,AUSTIN,TX,78727,238220,Corporation,166667,166667,Paid in Full,20,166667,,168452.39,"Wells Fargo Bank, National Association",800002,"4064897708 (PPP, 05/01/2020): 166,667.00 / 2.5 x 12",yes,20261007T195554Z,20261007T195554Z
4453207704,biz-807,first draw,PPP,05/01/2020,HOPPER AIR CONDITIONING AND HEATING INC,407 N CEDAR RIDGE DR STE 140,DUNCANVILLE,TX,75116,238220,Corporation,426953,426953,Paid in Full,35,426953,,431269.32,"Wells Fargo Bank, National Association",2049374,"4453207704 (PPP, 05/01/2020): 426,953.00 / 2.5 x 12",yes,20261007T195554Z,20261007T195554Z
4461847708,biz-808,first draw,PPP,05/01/2020,ROSENBERG PLUMBING SERVICE INC,2321 WEHRING ROAD,ROSENBERG,TX,77471,238220,Corporation,307684,307684,Paid in Full,21,307684,,310027.46,"Wells Fargo Bank, National Association",1476883,"4461847708 (PPP, 05/01/2020): 307,684.00 / 2.5 x 12",yes,20261007T195554Z,20261007T195554Z
4493687702,biz-809,first draw,PPP,05/01/2020,JOE THE PLUMBER INC,15503 JARVIS RD.,CYPRESS,TX,77429,238220,Corporation,206771,206771,Paid in Full,11,206771,,209614.81,"Wells Fargo Bank, National Association",992501,"4493687702 (PPP, 05/01/2020): 206,771.00 / 2.5 x 12",yes,20261007T195554Z,20261007T195554Z
4622547703,biz-810,first draw,PPP,05/01/2020,SERVICE MECHANICAL GROUP LLC,11011 WYE STREET,SAN ANTONIO,TX,78217,238220,Limited  Liability Company(LLC),598373,598373,Paid in Full,43,598373,,604651.82,"Wells Fargo Bank, National Association",unknown,business type 'Limited  Liability Company(LLC)' may use owner income/SE basis,yes,20261007T195554Z,20261007T195554Z
4703797710,biz-811,first draw,PPP,05/01/2020,ALMIKA ENERGY LLC,1885 DART,HOUSTON,TX,77007,238220,Limited  Liability Company(LLC),365320,365320,Charged Off,58,365320,,,"Wells Fargo Bank, National Association",unknown,business type 'Limited  Liability Company(LLC)' may use owner income/SE basis,yes,20261007T195554Z,20261007T195554Z
4977427701,biz-812,first draw,PPP,05/01/2020,SUN COAST PLUMBING CO INC,1204 MISSOURI ST,SOUTH HOUSTON,TX,77587-4535,238220,Corporation,568447,525148,Paid in Full,44,525148,,529780.81,"Bank of America, National Association",unknown,current amount differs from initial approval,yes,20261007T195554Z,20261007T195554Z
5034467701,biz-813,first draw,PPP,05/01/2020,BUTLER PLUMBING INC,9709 SWANSONS RANCH RD,AUSTIN,TX,78748-1423,238220,Corporation,197091,197091,Paid in Full,19,197091,,198613.73,"Bank of America, National Association",946037,"5034467701 (PPP, 05/01/2020): 197,091.00 / 2.5 x 12",yes,20261007T195554Z,20261007T195554Z
5051187702,biz-814,first draw,PPP,05/01/2020,GUY'S PLUMBING HEATING &AMP; AIR LTD,6326 CANYON DR,AMARILLO,TX,79109-6731,238220,Limited Liability Partnership,323972,323972,Paid in Full,30,323972,,326466.14,"Bank of America, National Association",unknown,business type 'Limited Liability Partnership' may use owner income/SE basis,yes,20261007T195554Z,20261007T195554Z
5101927709,biz-815,first draw,PPP,05/01/2020,EPW SERVICES LLC,15322 TRAVIS FALLS DR,CYPRESS,TX,77429-7746,238220,Limited  Liability Company(LLC),195725,195725,Paid in Full,20,195725,,198540.22,"Bank of America, National Association",unknown,business type 'Limited  Liability Company(LLC)' may use owner income/SE basis,yes,20261007T195554Z,20261007T195554Z
5147827709,biz-816,first draw,PPP,05/01/2020,TSB PLUMBING SERVICES INC,2531 SPRING CREEK DR,SPRING,TX,77373-6134,238220,Corporation,360452,360452,Paid in Full,20,360452,,363157.86,"Bank of America, National Association",1730170,"5147827709 (PPP, 05/01/2020): 360,452.00 / 2.5 x 12",yes,20261007T195554Z,20261007T195554Z
5244387710,biz-817,first draw,PPP,05/01/2020,"REF EXPERTS & HVAC, LLC",3838 OAK LAWN AVE STE 1000,DALLAS,TX,75219-4511,238220,Limited  Liability Company(LLC),225000,225000,Paid in Full,21,225000,,226528.77,"Bank of America, National Association",unknown,business type 'Limited  Liability Company(LLC)' may use owner income/SE basis,yes,20261007T195554Z,20261007T195554Z
5413397704,biz-818,first draw,PPP,05/01/2020,EXTREME MECHANICAL SERVICES INC,1911 OLD DENTON RD STE G,CARROLLTON,TX,75006-3762,238220,Corporation,162337,162337,Paid in Full,13,162337,,163364.39,"Bank of America, National Association",779218,"5413397704 (PPP, 05/01/2020): 162,337.00 / 2.5 x 12",yes,20261007T195554Z,20261007T195554Z
5864597704,biz-819,first draw,PPP,05/01/2020,SALOF LTD INC,5141 IH 35 S,NEW BRAUNFELS,TX,78132-4947,238220,Corporation,576534,576534,Paid in Full,49,576534,,581620.14,"Bank of America, National Association",2767363,"5864597704 (PPP, 05/01/2020): 576,534.00 / 2.5 x 12",yes,20261007T195554Z,20261007T195554Z
6094637700,biz-820,first draw,PPP,05/01/2020,PROCESS REFRIGERATION TECHNOLOGIES  INC,922 SHILLINGTON DR,KATY,TX,77450-2803,238220,Corporation,244847,244847,Charged Off,10,244847,,,"Bank of America, National Association",unknown,implied pay per reported job reaches $100K cap,yes,20261007T195554Z,20261007T195554Z
6195527701,biz-821,first draw,PPP,05/01/2020,COMPLETE SYSTEM BALANCE LLC,8745 FM 35,ROYSE CITY,TX,75189-5083,238220,Limited  Liability Company(LLC),162307,162307,Paid in Full,14,162307,,163209.69,"Bank of America, National Association",unknown,business type 'Limited  Liability Company(LLC)' may use owner income/SE basis,yes,20261007T195554Z,20261007T195554Z
6594927700,biz-822,first draw,PPP,05/01/2020,THE KING'S ELECTRICAL & PLUMBING SERVICE,1216 W ARKANSAS LN STE O,PANTEGO,TX,76013-6229,238220,Limited  Liability Company(LLC),167295,167295,Paid in Full,20,167295,,169165,"Bank of America, National Association",unknown,business type 'Limited  Liability Company(LLC)' may use owner income/SE basis,yes,20261007T195554Z,20261007T195554Z
6966127709,biz-823,first draw,PPP,05/01/2020,CHAPARRAL PLUMBING LP,18901 Turnip St,Spring,TX,77379,238220,Limited Liability Partnership,1112387,1112387,Paid in Full,104,1112387,,1122474.67,"Bank of America, National Association",unknown,business type 'Limited Liability Partnership' may use owner income/SE basis,yes,20261007T195554Z,20261007T195554Z
7124037704,biz-824,first draw,PPP,05/01/2020,RUSTIC PLUMBING INC,1624 OSPREY DR,DESOTO,TX,75115-2428,238220,Corporation,218217,218217,Paid in Full,23,218217,,220249.71,"Bank of America, National Association",1047442,"7124037704 (PPP, 05/01/2020): 218,217.00 / 2.5 x 12",yes,20261007T195554Z,20261007T195554Z
7855387708,biz-825,first draw,PPP,05/01/2020,LANGE MECHANICAL SERVICES LP,933 Wakefield Drive,Houston,TX,77018,238220,Partnership,1371000,1371000,Exemption 4,75,1371000,,858483.47,"Zions Bank, A Division of",unknown,business type 'Partnership' may use owner income/SE basis,yes,20261007T195554Z,20261007T195554Z
7911038405,biz-825,second draw,PPS,02/12/2021,LANGE MECHANICAL SERVICES L.P.,933 Wakefield Dr,Houston,TX,77018-6203,238220,Partnership,736202,736202,Paid in Full,30,736202,,743416.78,"JPMorgan Chase Bank, National Association",unknown,business type 'Partnership' may use owner income/SE basis; implied pay per reported job reaches $100K cap,yes,20261007T195554Z,20261007T195554Z
7858797708,biz-826,first draw,PPP,05/01/2020,EDH PLUMBING CONTRACTORS LLC,5625 NW Central Dr Suite D106,Houston,TX,77092,238220,Limited  Liability Company(LLC),254300,254300,Paid in Full,25,254300,,256640.95,"Zions Bank, A Division of",unknown,business type 'Limited  Liability Company(LLC)' may use owner income/SE basis,yes,20261007T195554Z,20261007T195554Z
7932207705,biz-827,first draw,PPP,05/01/2020,"SCHAFFER MECHANICAL, INC.",5420 Gulfton,Houston,TX,77081,238220,Subchapter S Corporation,1226200,1226200,Paid in Full,152,1226200,,1245516.85,"Zions Bank, A Division of",5885760,"7932207705 (PPP, 05/01/2020): 1,226,200.00 / 2.5 x 12",yes,20261007T195554Z,20261007T195554Z
3345568309,biz-828,second draw,PPS,01/22/2021,RAYMARK MECHANICAL INC.,3520 Aldine Bender Rd Ste B,Houston,TX,77032-3723,238220,Corporation,150916,150916,Paid in Full,12,150912,,151581.68,"Zions Bank, A Division of",724397,"3345568309 (PPS, 01/22/2021): 150,916.00 / 2.5 x 12",yes,20261007T195554Z,20261007T195554Z
7932477705,biz-828,first draw,PPP,05/01/2020,"RAYMARK MECHANICAL, INC.","3520 Aldine Bender Rd, Suite B",Houston,TX,77032,238220,Corporation,172200,172200,Paid in Full,12,172200,,173360.58,"Zions Bank, A Division of",826560,"7932477705 (PPP, 05/01/2020): 172,200.00 / 2.5 x 12",yes,20261007T195554Z,20261007T195554Z
7996177305,biz-829,first draw,PPP,05/01/2020,"STATEWIDE DISTRIBUTING, INC.",120 BOBBY LOU DR,SAN ANTONIO,TX,78218-2001,238220,Corporation,264555,242201,Paid in Full,23,242201,,245419.29,"Bank of America, National Association",unknown,current amount differs from initial approval,yes,20261007T195554Z,20261007T195554Z
8058207702,biz-830,first draw,PPP,05/01/2020,"AIR SPECIALIST HEATING AND AIR CONDITIONING COMPANY, INC.",1323 N Main St,Pearland,TX,77581,238220,Corporation,1068400,1068400,Paid in Full,74,1068400,,1076391.05,"Zions Bank, A Division of",5128320,"8058207702 (PPP, 05/01/2020): 1,068,400.00 / 2.5 x 12",yes,20261007T195554Z,20261007T195554Z
8058457707,biz-831,first draw,PPP,05/01/2020,"LABORATORY MECHANICAL SERVICES, LLC",4823 Katy Hockley Road,Katy,TX,77493,238220,Limited  Liability Company(LLC),303900,303900,Paid in Full,28,303900,,305790.01,"Zions Bank, A Division of",unknown,business type 'Limited  Liability Company(LLC)' may use owner income/SE basis,yes,20261007T195554Z,20261007T195554Z
8071327708,biz-832,first draw,PPP,05/01/2020,BIG TEX AIR CONDITIONING INC.,9341 N Green River Dr.,Houston,TX,77078,238220,Corporation,625000,625000,Paid in Full,63,625000,,628632.47,"Zions Bank, A Division of",3000000,"8071327708 (PPP, 05/01/2020): 625,000.00 / 2.5 x 12",yes,20261007T195554Z,20261007T195554Z
8098307310,biz-833,first draw,PPP,05/01/2020,J & N SERVICES LLC,595 MOUNT LOOKOUT DR,CANYON LAKE,TX,78133-3564,238220,Limited  Liability Company(LLC),181307,267349,Charged Off,60,267349,,,"Bank of America, National Association",unknown,business type 'Limited  Liability Company(LLC)' may use owner income/SE basis; current amount differs from initial approval,yes,20261007T195554Z,20261007T195554Z
8219137304,biz-834,first draw,PPP,05/01/2020,"ASHIK ENTERPRISES, INC",13425 ALIEF CLODINE RD,HOUSTON,TX,77082,238220,Subchapter S Corporation,375000,375000,Paid in Full,29,375000,,133435.8,First Source Federal Credit Union,1800000,"8219137304 (PPP, 05/01/2020): 375,000.00 / 2.5 x 12",yes,20261007T195554Z,20261007T195554Z
8226977710,biz-835,first draw,PPP,05/01/2020,SUBURBAN HEATING &AMP; AIR CONDITIONING CO.,3918 Peachtree Street,Dallas,TX,75227,238220,Corporation,490800,490800,Paid in Full,36,490800,,496434.12,"Zions Bank, A Division of",2355840,"8226977710 (PPP, 05/01/2020): 490,800.00 / 2.5 x 12",yes,20261007T195554Z,20261007T195554Z
8351037306,biz-836,first draw,PPP,05/01/2020,"BIG BLADE PLUMBING & ROOTER SERVICE, INC.",2113 S BURLESON BLVD,BURLESON,TX,76028-6132,238220,Corporation,175375,175375,Paid in Full,17,131531.25,,176846.2,First Financial Bank,841800,"8351037306 (PPP, 05/01/2020): 175,375.00 / 2.5 x 12",yes,20261007T195554Z,20261007T195554Z
8525427306,biz-837,first draw,PPP,05/01/2020,EXCALIBUR PLUMBING LLC,11880 Old Farm to Market Rd 2243 Suite 308,Leander,TX,78642,238220,Limited  Liability Company(LLC),285319,285319,Paid in Full,21,285319,,245983.36,Customers Bank,unknown,business type 'Limited  Liability Company(LLC)' may use owner income/SE basis,yes,20261007T195554Z,20261007T195554Z
8531977303,biz-838,first draw,PPP,05/01/2020,DANIEL RESENDEZ INC,7124 N Loop,EL PASO,TX,79915-2331,238220,Corporation,152900,152900,Paid in Full,21,152900,,153728.21,First Savings Bank,733920,"8531977303 (PPP, 05/01/2020): 152,900.00 / 2.5 x 12",yes,20261007T195554Z,20261007T195554Z
8543987706,biz-839,first draw,PPP,05/01/2020,"HELM PLUMBING SERVICES, LLC",907 S MAIN ST,MIDLAND,TX,79701,238220,Limited  Liability Company(LLC),179370,179370,Paid in Full,14,179370,,181733.75,Cross River Bank,unknown,business type 'Limited  Liability Company(LLC)' may use owner income/SE basis,yes,20261007T195554Z,20261007T195554Z
8698677701,biz-840,first draw,PPP,05/01/2020,"TAS MECHANICAL, INC.",11250 Thompson Rd,Willis,TX,77318,238220,Corporation,157720,157720,Paid in Full,10,157720,,159171.89,Cross River Bank,757056,"8698677701 (PPP, 05/01/2020): 157,720.00 / 2.5 x 12",yes,20261007T195554Z,20261007T195554Z
8732327303,biz-841,first draw,PPP,05/01/2020,THE REPIPE COMPANY LLC,4622 Allen Genoa RD,Pasadena,TX,77504,238220,Subchapter S Corporation,210235,210235,Paid in Full,20,210235,,212711.1,"Capital One, National Association",1009128,"8732327303 (PPP, 05/01/2020): 210,235.00 / 2.5 x 12",yes,20261007T195554Z,20261007T195554Z
8734657704,biz-842,first draw,PPP,05/01/2020,PHIL'S PLUMBING SHOP INC,7361 NORTH LOOP DR,EL PASO,TX,79915,238220,Corporation,179005,179005,Paid in Full,12,179005,,181540.5,Cross River Bank,859224,"8734657704 (PPP, 05/01/2020): 179,005.00 / 2.5 x 12",yes,20261007T195554Z,20261007T195554Z
9838298600,biz-842,second draw,PPS,03/26/2021,PHIL'S PLUMBING SHOP INC.,7361 N Loop Dr,El Paso,TX,79915-2550,238220,Corporation,171528.3,171528.3,Paid in Full,13,171527.3,,172457.41,WestStar Bank,823336,"9838298600 (PPS, 03/26/2021): 171,528.30 / 2.5 x 12",yes,20261007T195554Z,20261007T195554Z
9172607310,biz-843,first draw,PPP,05/01/2020,DELTA-T COMMISSIONING INC.,538 Forest Center Plz,GARLAND,TX,75042,238220,Corporation,296920,296920,Paid in Full,23,289381,,299070.03,"JPMorgan Chase Bank, National Association",1425216,"9172607310 (PPP, 05/01/2020): 296,920.00 / 2.5 x 12",yes,20261007T195554Z,20261007T195554Z
2056718708,biz-844,second draw,PPS,03/27/2021,TEXAS EXPRESS PLUMBING INC.,4725 Steffani Ln,Houston,TX,77041-7813,238220,Subchapter S Corporation,166730,166730,Paid in Full,18,166730,,167941.85,"JPMorgan Chase Bank, National Association",800304,"2056718708 (PPS, 03/27/2021): 166,730.00 / 2.5 x 12",yes,20261007T195554Z,20261007T195554Z
9253647302,biz-844,first draw,PPP,05/01/2020,TEXAS EXPRESS PLUMBING INC.,4725 STEFFANI LN,HOUSTON,TX,77041,238220,Subchapter S Corporation,175992,175992,Paid in Full,18,169864,0,177606.53,"JPMorgan Chase Bank, National Association",844762,"9253647302 (PPP, 05/01/2020): 175,992.00 / 2.5 x 12",yes,20261007T195554Z,20261007T195554Z
9580147705,biz-845,first draw,PPP,05/01/2020,"RUDD FIRE PROTECTION, INC.","3074 Spur 124,",Tyler,TX,75707,238220,Corporation,225000,225000,Paid in Full,24,225000,,226319.18,Regions Bank,1080000,"9580147705 (PPP, 05/01/2020): 225,000.00 / 2.5 x 12",yes,20261007T195554Z,20261007T195554Z
9889727700,biz-846,first draw,PPP,05/01/2020,SALAS PLUMBING INC,3709 CAVALIER DR,GARLAND,TX,75042,238220,Limited  Liability Company(LLC),789407,789407,Paid in Full,79,789407,,797191.43,Hancock Whitney Bank,unknown,business type 'Limited  Liability Company(LLC)' may use owner income/SE basis,yes,20261007T195554Z,20261007T195554Z
9896067701,biz-847,first draw,PPP,05/01/2020,"PURGE RITE, LLC",13802 N HWY 75,WILLIS,TX,77378,238220,Limited  Liability Company(LLC),241650,241650,Paid in Full,19,241650,,243093.19,Hancock Whitney Bank,unknown,business type 'Limited  Liability Company(LLC)' may use owner income/SE basis,yes,20261007T195554Z,20261007T195554Z
9440207305,biz-848,first draw,PPP,05/02/2020,"DAYTON A/C & HEATING, LLC",775 S. Turnersville Rd. Bld C,Buda,TX,78610,238220,Limited  Liability Company(LLC),271872,232458,Paid in Full,26,232458,,234330.58,Celtic Bank Corporation,unknown,business type 'Limited  Liability Company(LLC)' may use owner income/SE basis; current amount differs from initial approval,yes,20261007T195554Z,20261007T195554Z
9536247300,biz-849,first draw,PPP,05/02/2020,"SANTHOFF PLUMBING, INC",6330 Alder Dr,houston,TX,77081-4413,238220,Corporation,263400,263400,Paid in Full,21,263400,,265745.34,Prosperity Bank,1264320,"9536247300 (PPP, 05/02/2020): 263,400.00 / 2.5 x 12",yes,20261007T195554Z,20261007T195554Z
9579947309,biz-850,first draw,PPP,05/02/2020,SKILLED TRADE STAFFING LLC,16910 FM 2920,Tomball,TX,77377-5917,238220,Limited  Liability Company(LLC),967500,967500,Charged Off,87,967500,,,Celtic Bank Corporation,unknown,business type 'Limited  Liability Company(LLC)' may use owner income/SE basis,yes,20261007T195554Z,20261007T195554Z
9779727307,biz-851,first draw,PPP,05/02/2020,HCE PLUMBING CONTRACTORS LLC,4111 US Hwy 80,Mequite,TX,75150,238220,Limited  Liability Company(LLC),171382,171382,Paid in Full,14,171382,,172449.66,Cross River Bank,unknown,business type 'Limited  Liability Company(LLC)' may use owner income/SE basis,yes,20261007T195554Z,20261007T195554Z
1046977406,biz-852,first draw,PPP,05/03/2020,"COMFORT ZONE HEATING & COOLING, LLC",343 CHELSEA ST,EL PASO,TX,79905-1705,238220,Partnership,175003,253333,Charged Off,15,253333,,47771.3,"Bank of America, National Association",unknown,business type 'Partnership' may use owner income/SE basis; current amount differs from initial approval,yes,20261007T195554Z,20261007T195554Z
9864527300,biz-853,first draw,PPP,05/03/2020,"SAME DAY WATER HEATERS, LLC",8400 N SAM HOUSTON PKWY W STE 200,HOUSTON,TX,77064-3462,238220,Limited  Liability Company(LLC),207590,207590,Paid in Full,20,207590,,210069.71,"Bank of America, National Association",unknown,business type 'Limited  Liability Company(LLC)' may use owner income/SE basis,yes,20261007T195554Z,20261007T195554Z
1440117404,biz-854,first draw,PPP,05/04/2020,GOLD STANDARD PLUMBING LLC,117 Gatewood Cliff,Cibolo,TX,78108,238220,Limited  Liability Company(LLC),172932,172932,Paid in Full,13,172932,,176745.98,Security Service FCU,unknown,business type 'Limited  Liability Company(LLC)' may use owner income/SE basis,yes,20261007T195554Z,20261007T195554Z
1473457408,biz-855,first draw,PPP,05/04/2020,ABM RESTORATION LP,2533 ROY RD,PEARLAND,TX,77581-8603,238220,Partnership,201500,201500,Paid in Full,30,162900,,204022.89,"Hometown Bank, National Association",unknown,business type 'Partnership' may use owner income/SE basis,yes,20261007T195554Z,20261007T195554Z
2082607402,biz-856,first draw,PPP,05/05/2020,ISLAND MANN PLUMBING AND DRAIN CLEANING,8007 Channelview Dr,Galveston,TX,77554,238220,Limited  Liability Company(LLC),157748.34,157748.34,Paid in Full,27,118311.25,,159740.72,Celtic Bank Corporation,unknown,business type 'Limited  Liability Company(LLC)' may use owner income/SE basis,yes,20261007T195554Z,20261007T195554Z
2251667400,biz-857,first draw,PPP,05/05/2020,FIVE STAR AUTOMATIC FIRE PROTE,3520 Confederate,EL PASO,TX,79936-1401,238220,Corporation,289835,289835,Paid in Full,36,289835,,291767.23,GECU,1391208,"2251667400 (PPP, 05/05/2020): 289,835.00 / 2.5 x 12",yes,20261007T195554Z,20261007T195554Z
2631797406,biz-858,first draw,PPP,05/06/2020,"KILGORE INDUSTRIES, L.P.",10050 Houston Oak Dr,Houston,TX,77064-3520,238220,Limited Liability Partnership,9364700,9364700,Paid in Full,500,9364700,,9532751.47,Prosperity Bank,unknown,business type 'Limited Liability Partnership' may use owner income/SE basis,yes,20261007T195554Z,20261007T195554Z
2732997406,biz-859,first draw,PPP,05/06/2020,PHOENIX PLUMBING LLC,275 LESLIEWOOD,RED OAK,TX,75154-9705,238220,Limited  Liability Company(LLC),533805,533805,Paid in Full,42,533805,,537051.7,"Bank of America, National Association",unknown,business type 'Limited  Liability Company(LLC)' may use owner income/SE basis,yes,20261007T195554Z,20261007T195554Z
2839557403,biz-860,first draw,PPP,05/06/2020,"PENNWAY PLUMBING CONTRACTORS, LLC",112 Gross Rd. Suite 300,Mesquite,TX,75149,238220,Limited  Liability Company(LLC),459036,459036,Paid in Full,31,459036,,465311.59,"Kabbage, Inc.",unknown,business type 'Limited  Liability Company(LLC)' may use owner income/SE basis,yes,20261007T195554Z,20261007T195554Z
2867217403,biz-861,first draw,PPP,05/06/2020,"JDW ENERGY, LLC",5105 ESCAMBIA TER,FORT WORTH,TX,76244-5924,238220,Corporation,232691,232691,Paid in Full,22,232691,,233825.77,Simmons Bank,1116917,"2867217403 (PPP, 05/06/2020): 232,691.00 / 2.5 x 12",yes,20261007T195554Z,20261007T195554Z
2935487406,biz-862,first draw,PPP,05/06/2020,"CARL'S QUALITY COOLING AND HEATING, LLC",11255 Amber Park Dr.,CONROE,TX,77303-4377,238220,Limited  Liability Company(LLC),181443,181443,Paid in Full,18,181443,,182312.93,Simmons Bank,unknown,business type 'Limited  Liability Company(LLC)' may use owner income/SE basis,yes,20261007T195554Z,20261007T195554Z
3174287404,biz-863,first draw,PPP,05/07/2020,SWAN PLUMBING HEATING AND AIR INC,15906 Telge Road,Cypress,TX,77429-1329,238220,Corporation,188848,188848,Charged Off,22,188848,,,"FC Marketplace, LLC (dba Funding Circle)",906470,"3174287404 (PPP, 05/07/2020): 188,848.00 / 2.5 x 12",yes,20261007T195554Z,20261007T195554Z
3365397405,biz-864,first draw,PPP,05/07/2020,"PAT MORGAN PLUMBING, INC.",32902 TAMINA RD,MAGNOLIA,TX,77354,238220,Corporation,177867,177867,Paid in Full,13,177867,,178741.51,Woodforest National Bank,853762,"3365397405 (PPP, 05/07/2020): 177,867.00 / 2.5 x 12",yes,20261007T195554Z,20261007T195554Z
4714598308,biz-864,second draw,PPS,01/23/2021,PAT MORGAN PLUMBING INC.,32902 Tamina Rd,Magnolia,TX,77354-2264,238220,Corporation,177867.5,177867.5,Paid in Full,13,177864.5,,178998.93,Woodforest National Bank,853764,"4714598308 (PPS, 01/23/2021): 177,867.50 / 2.5 x 12",yes,20261007T195554Z,20261007T195554Z
5446347402,biz-865,first draw,PPP,05/12/2020,GONZALEZ MECHANICAL CONTRACTOR LLC,7201 STILES DR,EL PASO,TX,79915-2409,238220,Limited  Liability Company(LLC),242112.02,242112.02,Paid in Full,28,242112.02,,243436.91,FirstLight FCU,unknown,business type 'Limited  Liability Company(LLC)' may use owner income/SE basis,yes,20261007T195554Z,20261007T195554Z
4900488303,biz-866,second draw,PPS,01/23/2021,FAIRES PLUMBING CO INC,7810 E Mile 17 1/2 Rd,Edinburg,TX,78542-1782,238220,Corporation,273050,273050,Paid in Full,26,273047,,274164.95,Dominion Bank,1310640,"4900488303 (PPS, 01/23/2021): 273,050.00 / 2.5 x 12",yes,20261007T195554Z,20261007T195554Z
5974717410,biz-866,first draw,PPP,05/13/2020,FAIRES PLUMBING COMPANY INC,7810 E MILE 17 1/2 RD,EDINBURG,TX,78542-1782,238220,Corporation,314542.5,314542.5,Paid in Full,28,314542.5,,316001.63,Dominion Bank,1509804,"5974717410 (PPP, 05/13/2020): 314,542.50 / 2.5 x 12",yes,20261007T195554Z,20261007T195554Z
6882057410,biz-867,first draw,PPP,05/15/2020,"BATJER AND ASSOCIATES, INC.",2825 Pine St,Abilene,TX,79601,238220,Corporation,922428,922428,Paid in Full,104,691821,,927128.59,Haskell National Bank,4427654,"6882057410 (PPP, 05/15/2020): 922,428.00 / 2.5 x 12",yes,20261007T195554Z,20261007T195554Z
6887837407,biz-868,first draw,PPP,05/15/2020,BATJER SERVICE LLC,2825 Pine St,Abilene,TX,79601,238220,Limited  Liability Company(LLC),258642,258642,Paid in Full,16,193982,,259960.01,Haskell National Bank,unknown,business type 'Limited  Liability Company(LLC)' may use owner income/SE basis,yes,20261007T195554Z,20261007T195554Z
6949357401,biz-869,first draw,PPP,05/15/2020,BELLAIRE AIR CONDITIONING AND HEATING INC.,5906 Jessamine Suite B-1,Houston,TX,77081,238220,Corporation,169290,169290,Paid in Full,12,169290,,171758.81,WebBank,812592,"6949357401 (PPP, 05/15/2020): 169,290.00 / 2.5 x 12",yes,20261007T195554Z,20261007T195554Z
8817377404,biz-870,first draw,PPP,05/19/2020,"DON BURDEN & ASSOCIATES, INC",10947 Alder Circle,Dallas,TX,75238,238220,Corporation,465700,465700,Paid in Full,33,465700,,470254.93,The American National Bank of Texas,2235360,"8817377404 (PPP, 05/19/2020): 465,700.00 / 2.5 x 12",yes,20261007T195554Z,20261007T195554Z
9533047402,biz-871,first draw,PPP,05/20/2020,SARENTEC LLC,18058 E FM 1097,Willis,TX,77378,238220,Limited  Liability Company(LLC),312300,312300,Paid in Full,29,312300,,313865.78,"Zions Bank, A Division of",unknown,business type 'Limited  Liability Company(LLC)' may use owner income/SE basis,yes,20261007T195554Z,20261007T195554Z
1492227807,biz-872,first draw,PPP,05/21/2020,ZOOM AIR INC.,3905 S PEACHTREE RD,BALCH SPRINGS,TX,75180-2723,238220,Corporation,219895.92,219895.92,Paid in Full,20,219895.92,,222046.68,Cross River Bank,1055500,"1492227807 (PPP, 05/21/2020): 219,895.92 / 2.5 x 12",yes,20261007T195554Z,20261007T195554Z
1658897810,biz-873,first draw,PPP,05/21/2020,W. WHITE AIR CONDITIONING CO.,1401 HOLLY RD,CORPUS CHRISTI,TX,78417-2009,238220,Subchapter S Corporation,205000,205000,Paid in Full,18,205000,,207881.39,"American Bank, National Association",984000,"1658897810 (PPP, 05/21/2020): 205,000.00 / 2.5 x 12",yes,20261007T195554Z,20261007T195554Z
2236027801,biz-874,first draw,PPP,05/22/2020,"GUARANTEE PLUMBING & AIR CONDITIONING, INC.",4848 Whirlwind Dr,San Antonio,TX,78217-3715,238220,Corporation,372795,372795,Paid in Full,31,372795,,375601.32,Celtic Bank Corporation,1789416,"2236027801 (PPP, 05/22/2020): 372,795.00 / 2.5 x 12",yes,20261007T195554Z,20261007T195554Z
4494818506,biz-874,second draw,PPS,02/26/2021,GUARANTEE PLUMBING & AIR CONDITIONING,4848 Whirlwind Dr,San Antonio,TX,78217-3715,238220,Corporation,286596,286596,Charged Off,29,286592,,,"FC Marketplace, LLC (dba Funding Circle)",1375661,"4494818506 (PPS, 02/26/2021): 286,596.00 / 2.5 x 12",yes,20261007T195554Z,20261007T195554Z
7645768310,biz-874,second draw,PPS,01/28/2021,GUARANTEE PLUMBING & AIR CONDITIONING INC.,4848 Whirlwind Dr,San Antonio,TX,78217-3715,238220,Corporation,274408.36,274408.36,Paid in Full,22,274404.36,,277434.47,First Bank of the Lake,1317160,"7645768310 (PPS, 01/28/2021): 274,408.36 / 2.5 x 12",yes,20261007T195554Z,20261007T195554Z
2856267804,biz-875,first draw,PPP,05/24/2020,MECHANICAL ONE SERVICES,6787 County Road 487,Nevada,TX,75173,238220,Subchapter S Corporation,175274.19,175274.19,Paid in Full,20,131455.64,,177430.3,Celtic Bank Corporation,841316,"2856267804 (PPP, 05/24/2020): 175,274.19 / 2.5 x 12",yes,20261007T195554Z,20261007T195554Z
6676698507,biz-875,second draw,PPS,03/04/2021,MECHANICAL ONE SERVICES INC,6787 County Road 487,Nevada,TX,75173-6018,238220,Subchapter S Corporation,208087,208087,Paid in Full,17,208085,,209554.13,"JPMorgan Chase Bank, National Association",998818,"6676698507 (PPS, 03/04/2021): 208,087.00 / 2.5 x 12",yes,20261007T195554Z,20261007T195554Z
6290417810,biz-876,first draw,PPP,06/01/2020,HB CONTROLS LLC,1620 White Willow Lane,Arlington,TX,76002-4644,238220,Limited  Liability Company(LLC),185567,185567,Paid in Full,25,185567,,187727.71,"Harvest Small Business Finance, LLC",unknown,business type 'Limited  Liability Company(LLC)' may use owner income/SE basis,yes,20261007T195554Z,20261007T195554Z
6352337806,biz-877,first draw,PPP,06/01/2020,"LIGHTHOUSE PLUMBING & MECHANICAL, LLC",1201 Kas Dr Suite D.,Richardson,TX,75081,238220,Limited  Liability Company(LLC),382000,382000,Paid in Full,32,382000,,388164.33,The American National Bank of Texas,unknown,business type 'Limited  Liability Company(LLC)' may use owner income/SE basis,yes,20261007T195554Z,20261007T195554Z
6390058410,biz-877,second draw,PPS,02/10/2021,LIGHTHOUSE PLUMBING & MECHANICAL LLC,1201 Kas Dr Ste D,Richardson,TX,75081-1965,238220,Limited  Liability Company(LLC),370713,370713,Paid in Full,26,370707,,376553,The American National Bank of Texas,unknown,business type 'Limited  Liability Company(LLC)' may use owner income/SE basis,yes,20261007T195554Z,20261007T195554Z
9465588502,biz-878,second draw,PPS,03/12/2021,SKIHI ENTERPRISES LTD,2943 Stuart Dr,Ft Worth,TX,76104-6766,238220,Corporation,1215642.5,1215642.5,Paid in Full,91,1215638.5,,1220804.82,Veritex Community Bank,5835084,"9465588502 (PPS, 03/12/2021): 1,215,642.50 / 2.5 x 12",yes,20261007T195554Z,20261007T195554Z
9902577807,biz-878,first draw,PPP,06/09/2020,SKIHI ENTERPRISES LTD,2943 STUART DRIVE,FT WORTH,TX,76104-6766,238220,Corporation,1215642.5,1215642.5,Paid in Full,113,1215642.5,,1224501.7,Veritex Community Bank,5835084,"9902577807 (PPP, 06/09/2020): 1,215,642.50 / 2.5 x 12",yes,20261007T195554Z,20261007T195554Z
5200847900,biz-879,first draw,PPP,06/15/2020,CLASSIC FIRE PROTECTION INC,10219 Newcombe,DALLAS,TX,75228,238220,Corporation,92717.5,165516,Charged Off,14,165516,,,Benworth Capital,unknown,current amount differs from initial approval,yes,20261007T195554Z,20261007T195554Z
7873667909,biz-880,first draw,PPP,06/17/2020,STRATEGIC HVAC & INSULATION LLC,8907 STERLING POINT LN,HOUSTON,TX,77044,238220,Limited  Liability Company(LLC),355390,355390,Paid in Full,20,355390,0,359250.13,"JPMorgan Chase Bank, National Association",unknown,business type 'Limited  Liability Company(LLC)' may use owner income/SE basis,yes,20261007T195554Z,20261007T195554Z
4283468007,biz-881,first draw,PPP,06/25/2020,AIR PRO INC,4213 TODD LANE STE C,AUSTIN,TX,78744-1031,238220,Corporation,375945,375945,Paid in Full,37,375945,,378033.58,Woodforest National Bank,1804536,"4283468007 (PPP, 06/25/2020): 375,945.00 / 2.5 x 12",yes,20261007T195554Z,20261007T195554Z
5133938005,biz-882,first draw,PPP,06/27/2020,ALDH INC,17903 WEST STRACK DRIVE,SPRING,TX,77379-8377,238220,Corporation,326694,326694,Paid in Full,25,326694,,329271.75,"Wells Fargo Bank, National Association",1568131,"5133938005 (PPP, 06/27/2020): 326,694.00 / 2.5 x 12",yes,20261007T195554Z,20261007T195554Z
5555838010,biz-883,first draw,PPP,06/29/2020,"ACCU-FIND SLAB LEAK, INC.",3649 Conflans Suite 117,Irving,TX,75061,238220,Corporation,196166,196166,Paid in Full,15,196166,,199756.11,"Kabbage, Inc.",941597,"5555838010 (PPP, 06/29/2020): 196,166.00 / 2.5 x 12",yes,20261007T195554Z,20261007T195554Z
3766698300,biz-884,second draw,PPS,01/22/2021,P P & P LLC DBA FREEDOM AIR CONDITIONING,31574 Huffman Cleveland Rd,Huffman,TX,77336-3530,238220,Limited  Liability Company(LLC),220291.65,220291.65,Charged Off,17,220291.65,,,Northwest FCU,unknown,business type 'Limited  Liability Company(LLC)' may use owner income/SE basis,yes,20261007T195554Z,20261007T195554Z
5870758010,biz-884,first draw,PPP,06/29/2020,P P & P LLC,31574 HUFFMAN CLEVELAND RD,HUFFMAN,TX,77336-3530,238220,Limited  Liability Company(LLC),187499.92,187499.92,Charged Off,9,187499.92,,,Northwest FCU,unknown,business type 'Limited  Liability Company(LLC)' may use owner income/SE basis,yes,20261007T195554Z,20261007T195554Z
1185448102,biz-885,first draw,PPP,07/09/2020,BILLY BRAD FLOWERS,7900 S Blessen Rd,Amarillo,TX,79119-6815,238220,Self-Employed Individuals,397337,397337,Charged Off,18,397337,,,"Kabbage, Inc.",unknown,business type 'Self-Employed Individuals' may use owner income/SE basis; implied pay per reported job reaches $100K cap,yes,20261007T195554Z,20261007T195554Z
1441318109,biz-886,first draw,PPP,07/09/2020,MINYARD SONS SERVICE INC,1004 CEDAR PARK DRIVE,CEDAR PARK,TX,78613-2140,238220,Subchapter S Corporation,739600,739600,Paid in Full,113,443760,,742578.66,First Texas Bank,3550080,"1441318109 (PPP, 07/09/2020): 739,600.00 / 2.5 x 12",yes,20261007T195554Z,20261007T195554Z
1613568100,biz-887,first draw,PPP,07/10/2020,ANTHONY DAVID CROWELL,30 Freestone Pl,Spring,TX,77382-4909,238220,Self-Employed Individuals,482461,482461,Charged Off,33,482461,,,"Kabbage, Inc.",unknown,business type 'Self-Employed Individuals' may use owner income/SE basis,yes,20261007T195554Z,20261007T195554Z
3991738110,biz-888,first draw,PPP,07/15/2020,"VICTORIA AIR CONDITIONING, LTD",200 S BEN JORDAN ST,VICTORIA,TX,77901-8649,238220,Limited Liability Partnership,1914900,1914900,Paid in Full,183,1914900,,1928330.53,Prosperity Bank,unknown,business type 'Limited Liability Partnership' may use owner income/SE basis,yes,20261007T195554Z,20261007T195554Z
6278958104,biz-889,first draw,PPP,07/21/2020,"COLONY AIR-CONDITIONING AND APPLIANCE SERVICE, INC.",4905 Westport Dr,The Colony,TX,75056,238220,Subchapter S Corporation,379200,379200,Paid in Full,27,379200,,382171.27,Live Oak Banking Company,1820160,"6278958104 (PPP, 07/21/2020): 379,200.00 / 2.5 x 12",yes,20261007T195554Z,20261007T195554Z
4116588305,biz-890,second draw,PPS,01/22/2021,WILKS INC.,139 Waleetka St,San Antonio,TX,78210-5334,238220,Subchapter S Corporation,308240,308240,Paid in Full,21,308237,,311339.29,"Zions Bank, A Division of",1479552,"4116588305 (PPS, 01/22/2021): 308,240.00 / 2.5 x 12",yes,20261007T195554Z,20261007T195554Z
6536268102,biz-890,first draw,PPP,07/21/2020,"WILKS, INC",139 Waleetka Street,San Antonio,TX,78210-5334,238220,Subchapter S Corporation,271205,293557,Paid in Full,21,293557,,296275.42,Security Service FCU,unknown,current amount differs from initial approval,yes,20261007T195554Z,20261007T195554Z
3383988209,biz-891,first draw,PPP,08/04/2020,"BERGER ENGINEERING COMPANY, INC.",1617 W Crosby Road Suite 100,Carrollton,TX,75006-6485,238220,Subchapter S Corporation,1579164.25,1579164.25,Paid in Full,111,1394814.01,0,1594210.18,"JPMorgan Chase Bank, National Association",7579988,"3383988209 (PPP, 08/04/2020): 1,579,164.25 / 2.5 x 12",yes,20261007T195554Z,20261007T195554Z
4074738205,biz-892,first draw,PPP,08/05/2020,"PALMER SERVICES, LLC",924 Allen St.,Irving,TX,75060-4538,238220,Limited  Liability Company(LLC),420502,420502,Paid in Full,42,420502,,422207.05,Vista Bank,unknown,business type 'Limited  Liability Company(LLC)' may use owner income/SE basis,yes,20261007T195554Z,20261007T195554Z
1220768307,biz-893,second draw,PPS,01/16/2021,"WATER-SOURCE PLUMBING SERVICES, LLC",6808 Broad Ave,Waco,TX,76712-6703,238220,Limited  Liability Company(LLC),232300,232300,Paid in Full,18,232298,,233784.14,The First National Bank of McGregor d/b/a TFNB Your Bank for Life,unknown,business type 'Limited  Liability Company(LLC)' may use owner income/SE basis,yes,20261007T195554Z,20261007T195554Z
1455268304,biz-894,second draw,PPS,01/17/2021,RES FIRE SPRINKLER LLC,1110 Oval Dr,Athens,TX,75751-3635,238220,Limited  Liability Company(LLC),290400,290400,Paid in Full,34,290400,,292279.53,First State Bank,unknown,business type 'Limited  Liability Company(LLC)' may use owner income/SE basis,yes,20261007T195554Z,20261007T195554Z
1542498301,biz-895,second draw,PPS,01/17/2021,P&E MECHANICAL CONTRACTORS LLC,5279 N State Highway 6,Waco,TX,76712-2612,238220,Limited  Liability Company(LLC),430600,430600,Paid in Full,39,430597,,432238.67,The First National Bank of McGregor d/b/a TFNB Your Bank for Life,unknown,business type 'Limited  Liability Company(LLC)' may use owner income/SE basis,yes,20261007T195554Z,20261007T195554Z
1841488309,biz-896,second draw,PPS,01/20/2021,"AXXON SERVICES, INC.",352 Spencer Ln,San Antonio,TX,78201-2018,238220,Corporation,279000,279000,Paid in Full,17,278994,,280030.75,Lone Star National Bank,1339200,"1841488309 (PPS, 01/20/2021): 279,000.00 / 2.5 x 12",yes,20261007T195554Z,20261007T195554Z
1978968301,biz-897,second draw,PPS,01/20/2021,TEXAS QUALITY SERVICES LLC,322 Southland Dr,Burnet,TX,78611-9792,238220,Limited  Liability Company(LLC),256428.45,256428.45,Paid in Full,16,256423.45,,257707.08,MCBank,unknown,business type 'Limited  Liability Company(LLC)' may use owner income/SE basis,yes,20261007T195554Z,20261007T195554Z
2018788303,biz-898,second draw,PPS,01/20/2021,GRANT AIR CONDITIONING COMPANY,254 Roberts Cut Off Rd,Fort Worth,TX,76114-3642,238220,Corporation,249822.5,249822.5,Paid in Full,20,249821.5,,252244.39,"Trinity Bank, National Association",1199148,"2018788303 (PPS, 01/20/2021): 249,822.50 / 2.5 x 12",yes,20261007T195554Z,20261007T195554Z
2026018306,biz-899,second draw,PPS,01/20/2021,BIG FISH HVAC LLC,168 Warehouse Dr,Buda,TX,78610-3547,238220,Limited  Liability Company(LLC),185000,185000,Paid in Full,13,184997,,185786.25,Horizon Bank SSB,unknown,business type 'Limited  Liability Company(LLC)' may use owner income/SE basis,yes,20261007T195554Z,20261007T195554Z
2419878307,biz-900,second draw,PPS,01/20/2021,SERVICE SPECIALIST L.L.C.,212 W Sycamore St,Denton,TX,76201-6044,238220,Limited  Liability Company(LLC),724287,724287.75,Paid in Full,55,724282.75,,731967.18,Pathward National Association,unknown,business type 'Limited  Liability Company(LLC)' may use owner income/SE basis; current amount differs from initial approval,yes,20261007T195554Z,20261007T195554Z
2492428308,biz-901,second draw,PPS,01/20/2021,STAR COOLING TOWERS LP,9007 FM 2759 Rd,Richmond,TX,77469-8341,238220,Limited Liability Partnership,678246.45,678246.45,Paid in Full,49,678244.45,,682579.69,Hancock Whitney Bank,unknown,business type 'Limited Liability Partnership' may use owner income/SE basis,yes,20261007T195554Z,20261007T195554Z
2552598305,biz-902,second draw,PPS,01/21/2021,TEXAIR COMPANY INC.,2201 W Expressway 83,McAllen,TX,78503-5679,238220,Corporation,462400,462400,Paid in Full,35,462394,,466587.29,Lone Star National Bank,2219520,"2552598305 (PPS, 01/21/2021): 462,400.00 / 2.5 x 12",yes,20261007T195554Z,20261007T195554Z
3630108310,biz-903,second draw,PPS,01/22/2021,HVAC EXPERTS INC,2114 N Jackson Ave,Odessa,TX,79761-1221,238220,Limited  Liability Company(LLC),165784.67,165784.67,Paid in Full,12,165783.67,,168543.14,City Bank,unknown,business type 'Limited  Liability Company(LLC)' may use owner income/SE basis,yes,20261007T195554Z,20261007T195554Z
3887438310,biz-904,second draw,PPS,01/22/2021,D & D PLUMBING HEATING & AIR CONDITIONING INC,1101 W Florida Ave,Midland,TX,79701-7909,238220,Corporation,578158.25,578158.25,Paid in Full,35,578156.25,,583971.95,Community National Bank,2775160,"3887438310 (PPS, 01/22/2021): 578,158.25 / 2.5 x 12",yes,20261007T195554Z,20261007T195554Z
3993728307,biz-905,second draw,PPS,01/22/2021,HOOVER FORT WORTH LLC,2705 Saint Louis Ave,Fort Worth,TX,76110-3343,238220,Limited  Liability Company(LLC),159170,159170,Paid in Full,20,159166,,159863.37,InterBank,unknown,business type 'Limited  Liability Company(LLC)' may use owner income/SE basis,yes,20261007T195554Z,20261007T195554Z
4022728309,biz-906,second draw,PPS,01/22/2021,VANDERFORD AIR INC,207 FM 646 Rd W,Dickinson,TX,77539-3036,238220,Corporation,482217,482217,Paid in Full,31,482215,,485271.04,Texas First Bank,2314642,"4022728309 (PPS, 01/22/2021): 482,217.00 / 2.5 x 12",yes,20261007T195554Z,20261007T195554Z
4114378308,biz-907,second draw,PPS,01/22/2021,SPUR INDUSTRIAL LLC,1420 Hughie Long Rd,Cresson,TX,76035-4182,238220,Corporation,714241,714241,Paid in Full,35,714238,,721561.97,"BOKF, National Association",3428357,"4114378308 (PPS, 01/22/2021): 714,241.00 / 2.5 x 12",yes,20261007T195554Z,20261007T195554Z
4625378310,biz-908,second draw,PPS,01/23/2021,AIRCO PLUMBING & MECHANICAL LLC,301 State Highway 79,Wichita Falls,TX,76301-7552,238220,Subchapter S Corporation,264700,264700,Paid in Full,18,264700,,265979.38,The Brady National Bank,1270560,"4625378310 (PPS, 01/23/2021): 264,700.00 / 2.5 x 12",yes,20261007T195554Z,20261007T195554Z
4874818301,biz-909,first draw,PPP,01/23/2021,NUTEX MECHANICAL,161 S McKinley St,Prosper,TX,75078-3302,238220,Corporation,197185,197185,Paid in Full,17,197182,,198806.3,Texas Bank,946488,"4874818301 (PPP, 01/23/2021): 197,185.00 / 2.5 x 12",yes,20261007T195554Z,20261007T195554Z
4921718310,biz-910,second draw,PPS,01/23/2021,WELDON CONTRACTORS LLC,3100 E Randol Mill Rd,Arlington,TX,76011-6836,238220,Limited  Liability Company(LLC),1681300,1681300,Paid in Full,95,1681298,,1689683.47,Frost Bank,unknown,business type 'Limited  Liability Company(LLC)' may use owner income/SE basis,yes,20261007T195554Z,20261007T195554Z
5547308309,biz-911,second draw,PPS,01/25/2021,NAPPS INDUSTRIES LLC,1003 W Cotton St,Longview,TX,75604-5511,238220,Limited  Liability Company(LLC),181600,181600,Paid in Full,17,181597,,183162.26,Origin Bank,unknown,business type 'Limited  Liability Company(LLC)' may use owner income/SE basis,yes,20261007T195554Z,20261007T195554Z
3402958806,biz-912,second draw,PPS,04/14/2021,K&R MECHANICAL SERVICES LLC,12634 Haynes Rd Ste B,Houston,TX,77066-1104,238220,Limited  Liability Company(LLC),229172,229172,Paid in Full,26,229170,,230452.85,"Zions Bank, A Division of",unknown,business type 'Limited  Liability Company(LLC)' may use owner income/SE basis,yes,20261007T195554Z,20261007T195554Z
6152728306,biz-912,first draw,PPP,01/26/2021,K&R MECHANICAL SERVICES LLC,12634 Haynes Rd Ste B,Houston,TX,77066-1104,238220,Limited  Liability Company(LLC),218449.48,218449.48,Paid in Full,16,218449.48,,219808.06,"Zions Bank, A Division of",unknown,business type 'Limited  Liability Company(LLC)' may use owner income/SE basis,yes,20261007T195554Z,20261007T195554Z
6185998302,biz-913,second draw,PPS,01/26/2021,TRAVIS DAVIS,3201 TX-146,Baytown,TX,77520,238220,Limited  Liability Company(LLC),271625,271625,Paid in Full,21,271620,,274683.57,Stellar Bank,unknown,business type 'Limited  Liability Company(LLC)' may use owner income/SE basis,yes,20261007T195554Z,20261007T195554Z
6447638300,biz-914,second draw,PPS,01/27/2021,YATES COMPANY LLC,4738 Whirlwind Dr,San Antonio,TX,78217-3719,238220,Limited  Liability Company(LLC),267400,267400,Paid in Full,25,267396,,269729.68,Frost Bank,unknown,business type 'Limited  Liability Company(LLC)' may use owner income/SE basis,yes,20261007T195554Z,20261007T195554Z
6527268307,biz-915,second draw,PPS,01/27/2021,FRS TRENCHCORE INC,6200 Savoy Dr Ste 1202,Houston,TX,77036-3397,238220,Corporation,248134.15,248134.15,Paid in Full,24,248132.15,,249738.43,Essential Credit Union,1191044,"6527268307 (PPS, 01/27/2021): 248,134.15 / 2.5 x 12",yes,20261007T195554Z,20261007T195554Z
6702338302,biz-916,second draw,PPS,01/27/2021,AUTOMATIC SPRINKLER OF TEXAS INC,1147 S Cedar Ridge Dr,Duncanville,TX,75137-3020,238220,Employee Stock Ownership Plan(ESOP),852640,852640,Paid in Full,40,852638,,859531.2,Inwood National Bank,unknown,business type 'Employee Stock Ownership Plan(ESOP)' may use owner income/SE basis; implied pay per reported job reaches $100K cap,yes,20261007T195554Z,20261007T195554Z
6806488306,biz-917,second draw,PPS,01/27/2021,CHERO-KEY PIPING COMPANY INC,1800 SHERWOOD FOREST STBLDG D-1,HOUSTON,TX,77043,238220,Corporation,289700,289700,Paid in Full,28,289695,,292485.88,Frost Bank,1390560,"6806488306 (PPS, 01/27/2021): 289,700.00 / 2.5 x 12",yes,20261007T195554Z,20261007T195554Z
6919888304,biz-918,second draw,PPS,01/27/2021,ANCHOR INSULATION OF TEXAS LLC,17170 Jordan Ste 405,Selma,TX,78154-1292,238220,Limited  Liability Company(LLC),251685,251685,Paid in Full,20,251683,,253048.29,Security State Bank & Trust,unknown,business type 'Limited  Liability Company(LLC)' may use owner income/SE basis,yes,20261007T195554Z,20261007T195554Z
7909088301,biz-919,second draw,PPS,01/28/2021,MIINC LP,1960 W Northwest Hwy,Dallas,TX,75220-2314,238220,Limited Liability Partnership,2000000,2000000,Paid in Full,117,1999997,,2017055.56,Benchmark Bank,unknown,business type 'Limited Liability Partnership' may use owner income/SE basis; at program cap,yes,20261007T195554Z,20261007T195554Z
8042018303,biz-920,second draw,PPS,01/29/2021,A OK COMPANIES,3737 Conflans Rd,Irving,TX,75061-3912,238220,Corporation,160200,160200,Paid in Full,16,160199,,161610.65,Citizens National Bank of Texas,768960,"8042018303 (PPS, 01/29/2021): 160,200.00 / 2.5 x 12",yes,20261007T195554Z,20261007T195554Z
8139968302,biz-921,second draw,PPS,01/29/2021,ONDEMAND HOME SERVICES,2627 Pebble Dawn,San Antonio,TX,78232-4133,238220,Corporation,150000,150000,Paid in Full,5,149998,,151820.55,Frost Bank,unknown,implied pay per reported job reaches $100K cap,yes,20261007T195554Z,20261007T195554Z
8551098303,biz-922,second draw,PPS,01/29/2021,KAHN AIR CONDITIONING & HEATING A TEXAS CORPORATION,2787 Irving Blvd,Dallas,TX,75207-2300,238220,Subchapter S Corporation,489700,489700,Paid in Full,32,489697,,492758.95,Frost Bank,2350560,"8551098303 (PPS, 01/29/2021): 489,700.00 / 2.5 x 12",yes,20261007T195554Z,20261007T195554Z
8664808309,biz-923,second draw,PPS,01/29/2021,"CTI FIELD SERVICES, INC.",2826 Center St,Deer Park,TX,77536-4945,238220,Corporation,266640,266640,Paid in Full,9,266640,,269506.38,First Secure Community Bank,unknown,implied pay per reported job reaches $100K cap,yes,20261007T195554Z,20261007T195554Z
8753948307,biz-924,second draw,PPS,01/30/2021,PLUMBING ACEE INC.,2230 County Road 124,Pearland,TX,77581-8206,238220,Corporation,370750,370750,Paid in Full,32,370746,,374200.03,Stellar Bank,1779600,"8753948307 (PPS, 01/30/2021): 370,750.00 / 2.5 x 12",yes,20261007T195554Z,20261007T195554Z
8940168304,biz-925,second draw,PPS,01/30/2021,ROBERT BROCK,2980 Rabbs Prairie Rd,La Grange,TX,78945-5437,238220,Sole Proprietorship,150000,150000,Paid in Full,5,149997,,150534.25,Texoma Community CU,unknown,business type 'Sole Proprietorship' may use owner income/SE basis; implied pay per reported job reaches $100K cap,yes,20261007T195554Z,20261007T195554Z
9158588306,biz-926,second draw,PPS,01/30/2021,W.T. STOVALL HOLDINGS INC.,2990 County Road 205,Lueders,TX,79533-1162,238220,Subchapter S Corporation,223400,223400,Paid in Full,15,223396,,224833.48,Prosperity Bank,1072320,"9158588306 (PPS, 01/30/2021): 223,400.00 / 2.5 x 12",yes,20261007T195554Z,20261007T195554Z
9195458301,biz-927,second draw,PPS,01/30/2021,GEISTWEIDT PLUMBING INC,8701 Avenue P,Lubbock,TX,79423-3577,238220,Corporation,154494.25,154494.25,Paid in Full,11,154494.25,,156270.93,City Bank,741572,"9195458301 (PPS, 01/30/2021): 154,494.25 / 2.5 x 12",yes,20261007T195554Z,20261007T195554Z
9237348302,biz-928,second draw,PPS,01/30/2021,HUTCHINS PLUMBING AC LLC,1301 S Sam Rayburn Fwy,Sherman,TX,75090-8635,238220,Limited  Liability Company(LLC),200500,200500,Paid in Full,15,200497,,203543.21,First United Bank and Trust Company,unknown,business type 'Limited  Liability Company(LLC)' may use owner income/SE basis,yes,20261007T195554Z,20261007T195554Z
9462448304,biz-929,second draw,PPS,01/30/2021,COLD TEX REFRIGERATION LLC,3175 E US Highway 175,Kaufman,TX,75142-8848,238220,Corporation,194413,194413,Paid in Full,19,194408,,196437.03,The American National Bank of Texas,933182,"9462448304 (PPS, 01/30/2021): 194,413.00 / 2.5 x 12",yes,20261007T195554Z,20261007T195554Z
9629868304,biz-930,second draw,PPS,01/31/2021,BEYER MECHANICAL LTD,17105 Beyer John Drive,Selma,TX,78154,238220,Corporation,1378600,1378600,Paid in Full,122,1378600,,1385738.5,Frost Bank,6617280,"9629868304 (PPS, 01/31/2021): 1,378,600.00 / 2.5 x 12",yes,20261007T195554Z,20261007T195554Z
9772928301,biz-931,second draw,PPS,01/31/2021,CHAMPION LIFE SAFETY SOLUTIONS LLC,2701 W Plano Pkwy Ste 500,Plano,TX,75075-8213,238220,Limited  Liability Company(LLC),660572.5,660572.5,Paid in Full,47,660569.5,,668884.7,"BOKF, National Association",unknown,business type 'Limited  Liability Company(LLC)' may use owner income/SE basis,yes,20261007T195554Z,20261007T195554Z
1456998400,biz-932,second draw,PPS,02/02/2021,CAPITAL PLUMBING INC DBA CAPITAL MECHANICAL,600 S Highway 377,Pilot Point,TX,76258-4466,238220,Corporation,171165.2,171165.2,Paid in Full,24,171164.2,,171859.24,Ciera Bank,821593,"1456998400 (PPS, 02/02/2021): 171,165.20 / 2.5 x 12",yes,20261007T195554Z,20261007T195554Z
1543478406,biz-933,first draw,PPP,02/02/2021,DWAIN MCCAIN PLUMBING INC.,9725 Leopard St,Corpus Christi,TX,78410-1609,238220,Subchapter S Corporation,247432,247432,Paid in Full,45,247427,,250270.59,First State Bank of Odem,1187674,"1543478406 (PPP, 02/02/2021): 247,432.00 / 2.5 x 12",yes,20261007T195554Z,20261007T195554Z
1870098407,biz-934,second draw,PPS,02/02/2021,FROST & KEELING ASSOC. INC.,140 Windy Meadows Dr,Schertz,TX,78154-1302,238220,Corporation,445100,445100,Paid in Full,24,445094,,449204.81,Texas Partners Bank,2136480,"1870098407 (PPS, 02/02/2021): 445,100.00 / 2.5 x 12",yes,20261007T195554Z,20261007T195554Z
1908058402,biz-935,first draw,PPP,02/02/2021,CDB PLUMBING INC,1111 Sunland Park Dr,El Paso,TX,79922-1901,238220,Subchapter S Corporation,394000,394000,Paid in Full,30,393997,,395904.33,Legacy Bank,1891200,"1908058402 (PPP, 02/02/2021): 394,000.00 / 2.5 x 12",yes,20261007T195554Z,20261007T195554Z
1914988406,biz-936,second draw,PPS,02/02/2021,TOTAL AIR SERVICES L.L.C.,200 E Sunset Rd,El Paso,TX,79922-1052,238220,Limited  Liability Company(LLC),163779.42,163779.42,Paid in Full,15,163778.42,,164662.01,GECU,unknown,business type 'Limited  Liability Company(LLC)' may use owner income/SE basis,yes,20261007T195554Z,20261007T195554Z
2198108403,biz-937,first draw,PPP,02/03/2021,RAMCO ENTERPRISES LLC,900 Houston Ave,Pasadena,TX,77502-2215,238220,Limited  Liability Company(LLC),235637.5,235637.5,Paid in Full,19,235637.5,,237705.87,Home Bank National Association,unknown,business type 'Limited  Liability Company(LLC)' may use owner income/SE basis,yes,20261007T195554Z,20261007T195554Z
2201278410,biz-938,second draw,PPS,02/03/2021,HOUSTON NORTH AIR CONDITIONING INC,402 E Tidwell Rd,Houston,TX,77022-1626,238220,Corporation,564580,564580,Paid in Full,31,564580,,567434.27,PlainsCapital Bank,2709984,"2201278410 (PPS, 02/03/2021): 564,580.00 / 2.5 x 12",yes,20261007T195554Z,20261007T195554Z
2773168407,biz-939,second draw,PPS,02/04/2021,INFINITY CONTRACTORS INTERNATIONAL LTD,1400 Everman Pkwy Ste 134,Fort Worth,TX,76140-5006,238220,Limited Liability Partnership,630800,630800,Paid in Full,42,630795,,633150.38,Frost Bank,unknown,business type 'Limited Liability Partnership' may use owner income/SE basis,yes,20261007T195554Z,20261007T195554Z
2907298407,biz-940,second draw,PPS,02/04/2021,ALL AMERICAN AIR & APPLIANCE,15002 Mintz Ln,Houston,TX,77014-1415,238220,Corporation,177892.5,177892.5,Paid in Full,13,177888.5,,178886.75,Prosperity Bank,853884,"2907298407 (PPS, 02/04/2021): 177,892.50 / 2.5 x 12",yes,20261007T195554Z,20261007T195554Z
3313768403,biz-941,second draw,PPS,02/04/2021,FIVE STAR AUTOMATIC FIRE PROTECTION LLC,3520 Confederate Rd,El Paso,TX,79936-1401,238220,Corporation,383013.25,383013.25,Paid in Full,50,383013.25,,385162.38,GECU,1838464,"3313768403 (PPS, 02/04/2021): 383,013.25 / 2.5 x 12",yes,20261007T195554Z,20261007T195554Z
3384548404,biz-942,second draw,PPS,02/04/2021,C & B UTILITIES INC.,13420 E Hardy Rd,Houston,TX,77039-2823,238220,Subchapter S Corporation,414900,414900,Paid in Full,37,414900,,419821.17,Comerica Bank,1991520,"3384548404 (PPS, 02/04/2021): 414,900.00 / 2.5 x 12",yes,20261007T195554Z,20261007T195554Z
3432458407,biz-943,first draw,PPP,02/05/2021,ALDEN MECHANICAL SERVICES LLC,7 Switchbud Pl # 192-224,Spring,TX,77380-3700,238220,Limited  Liability Company(LLC),183302,183302,Exemption 4,10,183302,,113623.62,"Wells Fargo Bank, National Association",unknown,business type 'Limited  Liability Company(LLC)' may use owner income/SE basis,yes,20261007T195554Z,20261007T195554Z
3437498407,biz-944,second draw,PPS,02/05/2021,TRADEMARK PLUMBING INC,17651 Telge Rd,Cypress,TX,77429-7080,238220,Corporation,244970,244970,Paid in Full,13,244965,,248331.53,Woodforest National Bank,1175856,"3437498407 (PPS, 02/05/2021): 244,970.00 / 2.5 x 12",yes,20261007T195554Z,20261007T195554Z
3569298408,biz-945,first draw,PPP,02/05/2021,BARTSCH SERVICES,1440 Lake Front Cir Ste 155,The Woodlands,TX,77380-3630,238220,Corporation,277307,277307,Paid in Full,13,277304,,281098.13,"Wells Fargo Bank, National Association",unknown,implied pay per reported job reaches $100K cap,yes,20261007T195554Z,20261007T195554Z
3807628407,biz-946,second draw,PPS,02/05/2021,HILLCOUNTRY PRO HVAC,18 Indian Meadows Dr Ste 510,Round Rock,TX,78665-2614,238220,Corporation,453527.5,453527.5,Paid in Full,35,453523.5,,456878.56,Independent Bank d/b/a Independent Financial,2176932,"3807628407 (PPS, 02/05/2021): 453,527.50 / 2.5 x 12",yes,20261007T195554Z,20261007T195554Z
4040018410,biz-947,second draw,PPS,02/05/2021,NORTEX SOLUTIONS LLC,7784 County Road 286,Anna,TX,75409-4219,238220,Limited  Liability Company(LLC),185595,185595,Paid in Full,10,185592,,186739.5,Fannin Bank,unknown,business type 'Limited  Liability Company(LLC)' may use owner income/SE basis,yes,20261007T195554Z,20261007T195554Z
5055818400,biz-948,second draw,PPS,02/07/2021,MICHAEL D WITT,5229 Vesta Farley Rd,Ft Worth,TX,76119-6479,238220,Subchapter S Corporation,166828.95,166828.95,Paid in Full,23,166825.95,,168089.44,Pinnacle Bank,800779,"5055818400 (PPS, 02/07/2021): 166,828.95 / 2.5 x 12",yes,20261007T195554Z,20261007T195554Z
5129098402,biz-949,second draw,PPS,02/07/2021,JM CARTER PLUMBING INC,1318 Vineyard Rd,Gunter,TX,75058-3140,238220,Corporation,255176.17,255176.17,Paid in Full,22,255174.17,,256310.29,Simmons Bank,1224846,"5129098402 (PPS, 02/07/2021): 255,176.17 / 2.5 x 12",yes,20261007T195554Z,20261007T195554Z
5175748408,biz-950,first draw,PPP,02/08/2021,COLLINS MECHANICAL LLC,2920 N FM 225 DOUGLASS,Big sandy,TX,75943,238220,Limited  Liability Company(LLC),325000,325000,Charged Off,30,324998,,,First Bank of the Lake,unknown,business type 'Limited  Liability Company(LLC)' may use owner income/SE basis,yes,20261007T195554Z,20261007T195554Z
5545428404,biz-951,first draw,PPP,02/08/2021,RESTORE IT HOME SERVICES LLC,5886 De Zavala Rd,San Antonio,TX,78249-2268,238220,Limited  Liability Company(LLC),166750.42,166750.42,Charged Off,10,166750.42,,,Itria Ventures LLC,unknown,business type 'Limited  Liability Company(LLC)' may use owner income/SE basis,yes,20261007T195554Z,20261007T195554Z
5679508410,biz-952,second draw,PPS,02/09/2021,ANTHONY MECHANICAL INC.,525 E 40th St,Lubbock,TX,79404-2815,238220,Corporation,1166750,1166750,Paid in Full,126,1166748,,1173296.76,Peoples Bank,5600400,"5679508410 (PPS, 02/09/2021): 1,166,750.00 / 2.5 x 12",yes,20261007T195554Z,20261007T195554Z
5817048402,biz-953,second draw,PPS,02/09/2021,VERNOR MATERIAL & EQUIPMENT COMPANY INC,545 County Road 227A,Freeport,TX,77541-3039,238220,Corporation,2000000,2000000,Paid in Full,192,2000000,,2016657.53,Moody National Bank,unknown,at program cap,yes,20261007T195554Z,20261007T195554Z
5841758403,biz-954,second draw,PPS,02/09/2021,BALANCE ENERGY LLC,11321 Windfern Rd Ste N,Houston,TX,77064-4865,238220,Limited  Liability Company(LLC),1456782,1456782,Paid in Full,106,1456780,,1463742.18,"BOKF, National Association",unknown,business type 'Limited  Liability Company(LLC)' may use owner income/SE basis,yes,20261007T195554Z,20261007T195554Z
6148748407,biz-955,second draw,PPS,02/10/2021,A TEAM PLUMBING INC,212 N Loop 336 E,Conroe,TX,77301-1429,238220,Subchapter S Corporation,485090,485090,Paid in Full,40,485090,,489223.23,Customers Bank,2328432,"6148748407 (PPS, 02/10/2021): 485,090.00 / 2.5 x 12",yes,20261007T195554Z,20261007T195554Z
6186928403,biz-956,second draw,PPS,02/10/2021,FPI LLC,2588 N Houston St Apt 2200,Dallas,TX,75219-7846,238220,Limited  Liability Company(LLC),154400,154400,Paid in Full,15,154400,,155724.03,"Guaranty Bank & Trust, National Association",unknown,business type 'Limited  Liability Company(LLC)' may use owner income/SE basis,yes,20261007T195554Z,20261007T195554Z
6523378406,biz-957,second draw,PPS,02/10/2021,TOWER ENGINEERING INC,2821 Lackland Rd Ste 340,Fort Worth,TX,76116-4177,238220,Corporation,399357.5,399357.5,Paid in Full,22,399355.5,,401698.94,Prosperity Bank,1916916,"6523378406 (PPS, 02/10/2021): 399,357.50 / 2.5 x 12",yes,20261007T195554Z,20261007T195554Z
6764848406,biz-958,second draw,PPS,02/11/2021,PREMIER COMFORT AIR CONDITIONING AND HEATING INC,8523 Speedway Dr,San Antonio,TX,78230-5330,238220,Corporation,162500,162500,Paid in Full,15,162500,,163426.03,Frost Bank,780000,"6764848406 (PPS, 02/11/2021): 162,500.00 / 2.5 x 12",yes,20261007T195554Z,20261007T195554Z
6960158408,biz-959,second draw,PPS,02/11/2021,J D PRECISION PLUMBING SERVICES INC,6134 Canyon Creek Ln,Conroe,TX,77304-4664,238220,Corporation,353242,353242,Paid in Full,32,353242,,355606.76,First Financial Bank,1695562,"6960158408 (PPS, 02/11/2021): 353,242.00 / 2.5 x 12",yes,20261007T195554Z,20261007T195554Z
7169658408,biz-960,second draw,PPS,02/11/2021,G. W. VINES COMPANY,3839 Singleton Blvd,Dallas,TX,75212-3502,238220,Subchapter S Corporation,387847,387847,Paid in Full,31,387844,,389258.33,Texas Security Bank,1861666,"7169658408 (PPS, 02/11/2021): 387,847.00 / 2.5 x 12",yes,20261007T195554Z,20261007T195554Z
7863888407,biz-961,second draw,PPS,02/12/2021,FIRST SERVICE AC CONTRACTORS INC,3009 Garden City Hwy,Midland,TX,79701-1560,238220,Corporation,1059210,1059210,Paid in Full,84,1059205,,1068036.75,American Momentum Bank,5084208,"7863888407 (PPS, 02/12/2021): 1,059,210.00 / 2.5 x 12",yes,20261007T195554Z,20261007T195554Z
7941898406,biz-962,second draw,PPS,02/12/2021,SMITH SPECIALTY CONTRACTORS INC,10400 Rodgers Rd,Houston,TX,77070-1642,238220,Corporation,267344,267344,Paid in Full,18,267338,,268603.81,Simmons Bank,1283251,"7941898406 (PPS, 02/12/2021): 267,344.00 / 2.5 x 12",yes,20261007T195554Z,20261007T195554Z
8701198403,biz-963,second draw,PPS,02/13/2021,OHLMANN ENTERPRISES LLC,1309 Cotton Flat Rd,Midland,TX,79701-8502,238220,Limited  Liability Company(LLC),215668,215668,Exemption 4,15,215667,,194937.38,"Readycap Lending, LLC",unknown,business type 'Limited  Liability Company(LLC)' may use owner income/SE basis,yes,20261007T195554Z,20261007T195554Z
8818488400,biz-964,second draw,PPS,02/14/2021,STARKEY PLUMBING COMPANY,1006 Angelina Ave,Pasadena,TX,77506-2502,238220,Corporation,482880,482880,Paid in Full,51,482880,,487999.85,Stellar Bank,2317824,"8818488400 (PPS, 02/14/2021): 482,880.00 / 2.5 x 12",yes,20261007T195554Z,20261007T195554Z
9202588402,biz-965,first draw,PPP,02/16/2021,VENE AIR SOLUTIONS INC,23819 Ancona Ct,Katy,TX,77493-3344,238220,Subchapter S Corporation,528882,528882,Paid in Full,29,528880,,536168.82,Legacy Bank,2538634,"9202588402 (PPP, 02/16/2021): 528,882.00 / 2.5 x 12",yes,20261007T195554Z,20261007T195554Z
9271728400,biz-966,second draw,PPS,02/16/2021,WILSON HOME SERVICES LLC,9500 Ray White Roadk Suite 231,Fort Worth,TX,76244,238220,Limited  Liability Company(LLC),166200,166200,Paid in Full,9,166198,,167424.87,Benworth Capital,unknown,business type 'Limited  Liability Company(LLC)' may use owner income/SE basis,yes,20261007T195554Z,20261007T195554Z
9328818405,biz-967,first draw,PPP,02/16/2021,BTN SERVICES LLC,2404 Austin St,Houston,TX,77004-1008,238220,Limited  Liability Company(LLC),581650,581650,Charged Off,234,581648,,,"JPMorgan Chase Bank, National Association",unknown,business type 'Limited  Liability Company(LLC)' may use owner income/SE basis,yes,20261007T195554Z,20261007T195554Z
9329028406,biz-968,second draw,PPS,02/16/2021,1ST FIRE SAFETY LLC,21606 Arrowhead Pt,Lago Vista,TX,78645-6100,238220,Limited  Liability Company(LLC),161902,161902,Paid in Full,22,161902,,162811.31,"Bank of America, National Association",unknown,business type 'Limited  Liability Company(LLC)' may use owner income/SE basis,yes,20261007T195554Z,20261007T195554Z
9740748410,biz-969,second draw,PPS,02/17/2021,A-1 SHEET METAL AND AIR CONDITIONING INC.,2935 Milam St,Beaumont,TX,77701-4816,238220,Corporation,494612,494612,Paid in Full,21,494609,,498961.88,Stellar Bank,unknown,implied pay per reported job reaches $100K cap,yes,20261007T195554Z,20261007T195554Z
1379738507,biz-970,second draw,PPS,02/18/2021,QUALITY1 ENERGY SYSTEMS,10874 Plano Rd Ste D,Dallas,TX,75238-1408,238220,Corporation,198900,198900,Paid in Full,21,198898,,199988.43,Comerica Bank,954720,"1379738507 (PPS, 02/18/2021): 198,900.00 / 2.5 x 12",yes,20261007T195554Z,20261007T195554Z
1524938505,biz-971,second draw,PPS,02/19/2021,JENSEN PLUMBING INC.,12327 FM 2305,Belton,TX,76513-5437,238220,Subchapter S Corporation,239522,239522,Paid in Full,17,239517,,241993.2,"JPMorgan Chase Bank, National Association",1149706,"1524938505 (PPS, 02/19/2021): 239,522.00 / 2.5 x 12",yes,20261007T195554Z,20261007T195554Z
2734448503,biz-972,second draw,PPS,02/22/2021,HCB MECHANICAL INC.,17302 Queenslake Dr,Cypress,TX,77429-3419,238220,Corporation,182492,182492,Paid in Full,14,182492,,183336.96,Stellar Bank,875962,"2734448503 (PPS, 02/22/2021): 182,492.00 / 2.5 x 12",yes,20261007T195554Z,20261007T195554Z
2735678504,biz-973,second draw,PPS,02/22/2021,GOYO & SONS INC,2410 Moon Tract Ln,Laredo,TX,78046-7527,238220,Corporation,150000,150000,Paid in Full,18,150000,,151291.67,International Bank of Commerce,720000,"2735678504 (PPS, 02/22/2021): 150,000.00 / 2.5 x 12",yes,20261007T195554Z,20261007T195554Z
2942028500,biz-974,second draw,PPS,02/22/2021,A.J. MONIER SERVICE CO,1446 N Flores St,San Antonio,TX,78212-4928,238220,Corporation,1130000,1130000,Paid in Full,54,1129995,,1145634.25,Frost Bank,unknown,implied pay per reported job reaches $100K cap,yes,20261007T195554Z,20261007T195554Z
3003638502,biz-975,second draw,PPS,02/22/2021,WILLIAM F. PURSCH,203 Cordell St,Brownwood,TX,76801-1731,238220,Limited  Liability Company(LLC),174200,174200,Paid in Full,16,174198,,175037.13,Texas Bank,unknown,business type 'Limited  Liability Company(LLC)' may use owner income/SE basis,yes,20261007T195554Z,20261007T195554Z
4134258500,biz-976,second draw,PPS,02/25/2021,JDW ENERGY LLC,1130 Blue Mound Rd Suite 202,Fort worth,TX,76052,238220,Corporation,232690,232690,Paid in Full,11,232686,,233843.89,Simmons Bank,unknown,implied pay per reported job reaches $100K cap,yes,20261007T195554Z,20261007T195554Z
4321448504,biz-977,second draw,PPS,02/25/2021,STRATEGIC FILTRATION INC,2500 Fairway Park Dr,Houston,TX,77092-7607,238220,Subchapter S Corporation,207677,207677,Paid in Full,20,207675,,209453.79,Stellar Bank,996850,"4321448504 (PPS, 02/25/2021): 207,677.00 / 2.5 x 12",yes,20261007T195554Z,20261007T195554Z
4459938501,biz-978,second draw,PPS,02/25/2021,TEXAS GENERAL MECHANICAL LLC,3353 E US Highway 80,Terrell,TX,75161-6134,238220,Limited  Liability Company(LLC),259732.5,259732.5,Paid in Full,20,259730.5,,261034.72,Inwood National Bank,unknown,business type 'Limited  Liability Company(LLC)' may use owner income/SE basis,yes,20261007T195554Z,20261007T195554Z
4491598506,biz-979,second draw,PPS,02/26/2021,ALL POINTS PLUMBING LLC,21161 Blair Rd,Conroe,TX,77385-7311,238220,Limited  Liability Company(LLC),200000,200000,Paid in Full,14,199999,,201600,Regions Bank,unknown,business type 'Limited  Liability Company(LLC)' may use owner income/SE basis,yes,20261007T195554Z,20261007T195554Z
4919258500,biz-980,first draw,PPP,02/26/2021,TRINITY VALLEY HVAC SERVICES LLC,2305 Edgewood St,Liberty,TX,77575-4209,238220,Limited  Liability Company(LLC),278991,278991,Charged Off,15,278985,,,Cross River Bank,unknown,business type 'Limited  Liability Company(LLC)' may use owner income/SE basis,yes,20261007T195554Z,20261007T195554Z
7661628510,biz-981,second draw,PPS,03/06/2021,EASY AIRE INC.,9443 Ronda Lane,Houston,TX,77074,238220,Corporation,290400,290400,Paid in Full,35,290398,,292269.7,Frost Bank,1393920,"7661628510 (PPS, 03/06/2021): 290,400.00 / 2.5 x 12",yes,20261007T195554Z,20261007T195554Z
9294538503,biz-982,first draw,PPP,03/12/2021,COWBOYS AIRCONDITIONING & HEATING INC.,14309 Toepperwein Rd Ste 104,San Antonio,TX,78233-3849,238220,Subchapter S Corporation,221014,221014,Paid in Full,14,221014,,224120.47,WebBank,1060867,"9294538503 (PPP, 03/12/2021): 221,014.00 / 2.5 x 12",yes,20261007T195554Z,20261007T195554Z
9331508505,biz-983,second draw,PPS,03/12/2021,"BLUE BOX AIR, LLC",3927 Main St Ste 130,Dallas,TX,75226-1229,238220,Limited  Liability Company(LLC),838517,838517,Paid in Full,90,838513,,851276.9,"JPMorgan Chase Bank, National Association",unknown,business type 'Limited  Liability Company(LLC)' may use owner income/SE basis,yes,20261007T195554Z,20261007T195554Z
1237918605,biz-984,first draw,PPP,03/13/2021,C&E MECHANICAL INC.,1502 S Lipscomb St,Amarillo,TX,79102-2603,238220,Subchapter S Corporation,197700,197700,Paid in Full,18,197693,,200337.81,Herring Bank,948960,"1237918605 (PPP, 03/13/2021): 197,700.00 / 2.5 x 12",yes,20261007T195554Z,20261007T195554Z
3042668601,biz-985,second draw,PPS,03/16/2021,ALLAN J. JANAK MECHANICAL LLC,1489 US Highway 90A W,Hallettsville,TX,77964-5730,238220,Limited  Liability Company(LLC),165523.28,165523.28,Paid in Full,14,165521.28,,166475.61,Peoples State Bank of Hallettsville,unknown,business type 'Limited  Liability Company(LLC)' may use owner income/SE basis,yes,20261007T195554Z,20261007T195554Z
3518138602,biz-986,second draw,PPS,03/17/2021,REYNOLDS ELECTRIC HEATING AND AIR CONDITIONING SERVICE LLC,2001 Skyline Dr Ste A115,Sherman,TX,75092-3199,238220,Limited  Liability Company(LLC),162500,162500,Paid in Full,15,162500,,163368.15,First United Bank and Trust Company,unknown,business type 'Limited  Liability Company(LLC)' may use owner income/SE basis,yes,20261007T195554Z,20261007T195554Z
3907818609,biz-987,second draw,PPS,03/17/2021,JOE RUSHING PLUMBING COMPANY INC,2405 1st St,Lubbock,TX,79415-3021,238220,Subchapter S Corporation,192662,192662,Paid in Full,19,192657,,194893.67,Amarillo National Bank,924778,"3907818609 (PPS, 03/17/2021): 192,662.00 / 2.5 x 12",yes,20261007T195554Z,20261007T195554Z
4110308606,biz-988,first draw,PPP,03/18/2021,SUN CITY AIR CONDITIONING CO. INC.,7001 Commerce Ave,El Paso,TX,79915-1103,238220,Corporation,212665,212665,Paid in Full,20,212661,,214277.71,First American Bank,1020792,"4110308606 (PPP, 03/18/2021): 212,665.00 / 2.5 x 12",yes,20261007T195554Z,20261007T195554Z
4270068605,biz-989,second draw,PPS,03/18/2021,JM ENGINEERING LLC,1314 Hillridge Dr,Round Rock,TX,78665-1186,238220,Sole Proprietorship,213535,213535,Paid in Full,17,213529,,214982.29,"LiftFund, Inc.",unknown,business type 'Sole Proprietorship' may use owner income/SE basis,yes,20261007T195554Z,20261007T195554Z
4371338602,biz-990,second draw,PPS,03/18/2021,THE ECONOMIC EMPOWERMENT MODEL LLC,109 Industrial Dr Industrial Dr,Forney,TX,75126-8572,238220,Limited  Liability Company(LLC),151872,151872,Charged Off,9,151870,,,"Readycap Lending, LLC",unknown,business type 'Limited  Liability Company(LLC)' may use owner income/SE basis,yes,20261007T195554Z,20261007T195554Z
5989898602,biz-991,second draw,PPS,03/20/2021,TRINITY INSULATION CO.,549 N 5th St,Garland,TX,75040-5005,238220,Corporation,153870,153870,Paid in Full,12,153865,,155721.4,"JPMorgan Chase Bank, National Association",738576,"5989898602 (PPS, 03/20/2021): 153,870.00 / 2.5 x 12",yes,20261007T195554Z,20261007T195554Z
7084888604,biz-992,second draw,PPS,03/23/2021,GRG SANDERS AND CO.,502 FM 1585,Lubbock,TX,79423-6550,238220,Corporation,1528098,1528098,Paid in Full,83,1528092,,1539485.47,"First Bank and Trust, A Division of HTLF Bank",7334870,"7084888604 (PPS, 03/23/2021): 1,528,098.00 / 2.5 x 12",yes,20261007T195554Z,20261007T195554Z
7695728601,biz-993,second draw,PPS,03/24/2021,ATLAS ELECTRIC AIR CONDITIONING REFRIGERATION & PLUMBING SER,310 E Main Ave PMB 168,Alton,TX,78573-6872,238220,Sole Proprietorship,200692,200692,Paid in Full,25,200691,,202158.17,PlainsCapital Bank,unknown,business type 'Sole Proprietorship' may use owner income/SE basis,yes,20261007T195554Z,20261007T195554Z
8073288600,biz-994,second draw,PPS,03/24/2021,DELTA TEMP SERVICES LLC,1402 N 77 Sunshine Strip,Harlingen,TX,78550-4325,238220,Limited  Liability Company(LLC),172300,172300,Paid in Full,27,172300,,173310.2,Frost Bank,unknown,business type 'Limited  Liability Company(LLC)' may use owner income/SE basis,yes,20261007T195554Z,20261007T195554Z
9130068606,biz-995,second draw,PPS,03/25/2021,APOGEE PLUMBING GROUP,406 Forest Gate Dr,Garland,TX,75042-6513,238220,Limited  Liability Company(LLC),176000,176000,Paid in Full,11,175998,,177021.78,Valliance Bank,unknown,business type 'Limited  Liability Company(LLC)' may use owner income/SE basis,yes,20261007T195554Z,20261007T195554Z
9447778605,biz-996,second draw,PPS,03/26/2021,GARY E KIRBY,5119 Fulton St,Houston,TX,77009-2608,238220,Limited  Liability Company(LLC),284375,284375,Paid in Full,20,284375,,286930.48,Stellar Bank,unknown,business type 'Limited  Liability Company(LLC)' may use owner income/SE basis,yes,20261007T195554Z,20261007T195554Z
9913448609,biz-997,second draw,PPS,03/26/2021,TRUDELA MES LLC,7120 W Interstate 20,Arlington,TX,76017-1858,238220,Limited  Liability Company(LLC),253596.35,253596.35,Paid in Full,22,253594.35,,256750.67,Emigrant Bank,unknown,business type 'Limited  Liability Company(LLC)' may use owner income/SE basis,yes,20261007T195554Z,20261007T195554Z
1274168702,biz-998,second draw,PPS,03/27/2021,TRUDELA WALKER LLC,7120 W Interstate 20,Arlington,TX,76017-1858,238220,Limited  Liability Company(LLC),321754.1,321754.1,Paid in Full,18,321752.1,,325756.19,Emigrant Bank,unknown,business type 'Limited  Liability Company(LLC)' may use owner income/SE basis,yes,20261007T195554Z,20261007T195554Z
3562488708,biz-999,second draw,PPS,03/31/2021,THAKKAR SERVICES INC.,9457 W Bellfort Ave,Houston,TX,77031-2308,238220,Subchapter S Corporation,167197,167197,Paid in Full,14,167195,,168330.32,"JPMorgan Chase Bank, National Association",802546,"3562488708 (PPS, 03/31/2021): 167,197.00 / 2.5 x 12",yes,20261007T195554Z,20261007T195554Z
