biz_id,plan_id,match_confidence,match_evidence,form,dataset_year,ack_id,plan_name,sponsor_name,sponsor_dba,sponsor_ein,sponsor_state,plan_year_begin,plan_year_end,filing_date_received,active_participants_eoy,retirement_codes,pension_codes_all,final_filing,amended,filing_status,source_id,source_url,source_sha256
biz-365,952472720-002,low (review),"sponsor name 'SOUTH COAST INDUSTRIES INC' matches; sponsor address differs (6385 ROSE LN STE B, CARPINTERIA CA 930132940)",5500,2024,20250418141729NAL0002683361001,SOUTH COAST INDUSTRIES INC 401(K) PROFIT SHARING PLAN & TRUST,SOUTH COAST INDUSTRIES INC,,952472720,CA,2024-01-01,2024-12-31,2025-04-18,5,2E 2F 2G 2J 2K 2R 2T,2E2F2G2J2K2R2T3D,0,0,FILING_RECEIVED,DOL_FORM_5500_2024,https://askebsa.dol.gov/FOIA%20Files/2024/Latest/F_5500_2024_Latest.zip,8884391d48a9e362fd7d2b91d6e37430bd2e54355c9dbc3479985c9d876872f8
biz-365,475031695-001,low (review),"sponsor name 'SOUTH COAST INDUSTRIES, LLC' matches; sponsor address differs (9205 EAGLE DR SUITE 300-512, MONT BELVIEU TX 77523)",5500-SF,2024,20250617085827NAL0001462609001,SOUTH COAST INDUSTRIES RETIREMENT PLAN,"SOUTH COAST INDUSTRIES, LLC",,475031695,TX,2024-01-01,2024-12-31,2025-06-17,68,2A 2E 2F 2G 2J 2K 2T,2A2E2F2G2J2K2T3B3D,,,FILING_RECEIVED,DOL_FORM_5500_SF_2024,https://askebsa.dol.gov/FOIA%20Files/2024/Latest/F_5500_SF_2024_Latest.zip,11370908e2bbc78d1d418b2f2a2177875e0524c12b69a181432d6fd65a5966c3
biz-365,952472720-002,low (review),"sponsor name 'SOUTH COAST INDUSTRIES INC' matches; sponsor address differs (6385 ROSE LN STE B, CARPINTERIA CA 93013)",5500-SF,2025,20260729103628NAL0017867187001,SOUTH COAST INDUSTRIES INC 401(K) PROFIT SHARING PLAN & TRU,SOUTH COAST INDUSTRIES INC,,952472720,CA,2025-01-01,2025-12-31,2026-07-29,6,2E 2F 2G 2J 2K 2T,2E2F2G2J2K2T3D,0,0,FILING_RECEIVED,DOL_FORM_5500_SF_2025,https://askebsa.dol.gov/FOIA%20Files/2025/Latest/F_5500_SF_2025_Latest.zip,2db4677bd93455ccc082d378fdd56594ac90ca0fc6f2da1639a15aea8ed3e94d
biz-365,475031695-001,low (review),"sponsor name 'SOUTH COAST INDUSTRIES, LLC' matches; sponsor address differs (9205 EAGLE DR, MONT BELVIEU TX 77523)",5500-SF,2025,20260630160646NAL0022278498001,SOUTH COAST INDUSTRIES RETIREMENT PLAN,"SOUTH COAST INDUSTRIES, LLC",,475031695,TX,2025-01-01,2025-12-31,2026-06-30,106,2A 2E 2F 2G 2J 2K 2T,2A2E2F2G2J2K2T3B3D,0,0,FILING_RECEIVED,DOL_FORM_5500_SF_2025,https://askebsa.dol.gov/FOIA%20Files/2025/Latest/F_5500_SF_2025_Latest.zip,2db4677bd93455ccc082d378fdd56594ac90ca0fc6f2da1639a15aea8ed3e94d
biz-428,742998462-001,medium,"sponsor name 'CASA MECHANICAL SERVICES' matches; sponsor address corroborates (2401 EAST OLD SETTLERS BOULEVARD, ROUND ROCK TX 78665)",5500,2025,20260130143610NAL0006909041001,CASA MECHANICAL SERVICES 401K RETIREMENT PLAN,CASA MECHANICAL SERVICES,,742998462,TX,2025-01-01,2025-02-01,2026-01-30,0,2E 2F 2G 2J 2K 2T,2E2F2G2J2K2T3B3D,1,1,FILING_RECEIVED,DOL_FORM_5500_2025,https://askebsa.dol.gov/FOIA%20Files/2025/Latest/F_5500_2025_Latest.zip,9f6245cdcbb86ae167af4595bb3dba4fbf7845df98f4ccd6748aa98fa2a4e582
biz-514,741951178-001,high,"sponsor EIN 741951178 equals FEIN embedded in verified Texas taxpayer number; sponsor name 'FRESH AIR, L.P.' matches; sponsor address corroborates (5702 POWER LINE RD, RICHMOND TX 77469)",5500-SF,2024,20251009112607NAL0006909009001,"FRESH AIR, L.P. 401(K) PLAN","FRESH AIR, L.P.",,741951178,TX,2024-01-01,2024-12-31,2025-10-09,19,2E 2F 2G 2J 2K 2T,2E2F2G2J2K2T3D,0,0,FILING_RECEIVED,DOL_FORM_5500_SF_2024,https://askebsa.dol.gov/FOIA%20Files/2024/Latest/F_5500_SF_2024_Latest.zip,11370908e2bbc78d1d418b2f2a2177875e0524c12b69a181432d6fd65a5966c3
biz-514,930966805-001,low (review),"sponsor name 'FRESH AIR COMPANY INC' matches; sponsor address differs (PO BOX 399, TUALATIN OR 97062)",5500,2024,20250721170200NAL0000805315002,FRESH AIR COMPANY INC PROFIT SHARING PLAN,FRESH AIR COMPANY INC,,930966805,OR,2024-01-01,2024-12-31,2025-07-21,2,2E 2G,2E2G3D,,,FILING_RECEIVED,DOL_FORM_5500_2024,https://askebsa.dol.gov/FOIA%20Files/2024/Latest/F_5500_2024_Latest.zip,8884391d48a9e362fd7d2b91d6e37430bd2e54355c9dbc3479985c9d876872f8
biz-514,930966805-001,low (review),"sponsor name 'FRESH AIR COMPANY INC' matches; sponsor address differs (PO BOX 399, TUALATIN OR 97062)",5500,2025,20260701211200NAL0014222897001,FRESH AIR COMPANY INC PROFIT SHARING PLAN,FRESH AIR COMPANY INC,,930966805,OR,2025-01-01,2025-12-31,2026-07-01,2,2E 2G,2E2G3D,,,FILING_RECEIVED,DOL_FORM_5500_2025,https://askebsa.dol.gov/FOIA%20Files/2025/Latest/F_5500_2025_Latest.zip,9f6245cdcbb86ae167af4595bb3dba4fbf7845df98f4ccd6748aa98fa2a4e582
biz-647,831135938-001,low (review),"sponsor name 'EBBDAR, INC.' matches; sponsor address differs (27248 HARDIN STORE RD, MAGNOLIA TX 77354)",5500,2024,20250730133155NAL0002398691001,"EBBDAR, INC. 401(K) PROFIT SHARING PLAN","EBBDAR, INC.",,831135938,TX,2024-01-01,2024-12-31,2025-07-30,1,2E 2H 2J 2K,2E2H2J2K3D3F3H,0,0,FILING_RECEIVED,DOL_FORM_5500_2024,https://askebsa.dol.gov/FOIA%20Files/2024/Latest/F_5500_2024_Latest.zip,8884391d48a9e362fd7d2b91d6e37430bd2e54355c9dbc3479985c9d876872f8
biz-647,831135938-001,low (review),"sponsor name 'EBBDAR, INC.' matches; sponsor address differs (27248 HARDIN STORE RD, MAGNOLIA TX 77354)",5500,2024,20251230162534NAL0018983041001,"EBBDAR, INC. 401(K) PROFIT SHARING PLAN","EBBDAR, INC.",,831135938,TX,2025-01-01,2025-08-20,2025-12-30,0,2E 2H 2J 2K,2E2H2J2K3D3F3H,1,0,FILING_RECEIVED,DOL_FORM_5500_2024,https://askebsa.dol.gov/FOIA%20Files/2024/Latest/F_5500_2024_Latest.zip,8884391d48a9e362fd7d2b91d6e37430bd2e54355c9dbc3479985c9d876872f8
biz-916,752614832-001,high,sponsor EIN 752614832 equals FEIN embedded in verified Texas taxpayer number; sponsor name 'AUTOMATIC SPRINKLER OF TEXAS' matches; sponsor ZIP corroborates (DUNCANVILLE TX 75138),5500-SF,2025,20260812203526NAL0010488353001,AUTOMATIC SPRINKLER OF TEXAS 401K PROFIT SHARING PLAN,AUTOMATIC SPRINKLER OF TEXAS,,752614832,TX,2025-01-01,2025-12-31,2026-08-12,58,2E 2F 2G 2J 2K 2T,2E2F2G2J2K2T3D,0,0,FILING_RECEIVED,DOL_FORM_5500_SF_2025,https://askebsa.dol.gov/FOIA%20Files/2025/Latest/F_5500_SF_2025_Latest.zip,2db4677bd93455ccc082d378fdd56594ac90ca0fc6f2da1639a15aea8ed3e94d
biz-916,752614832-002,high,"sponsor EIN 752614832 equals FEIN embedded in verified Texas taxpayer number; sponsor name 'AUTOMATIC SPRINKLER OF TEXAS, INC.' matches; sponsor address corroborates (1147 S CEDAR RIDGE DR, DUNCANVILLE TX 75137)",5500,2025,20260915102116NAL0002871616001,"AUTOMATIC SPRINKLER OF TEXAS, INC. EMPLOYEE STOCK OWNERSHIP PLAN","AUTOMATIC SPRINKLER OF TEXAS, INC.",,752614832,TX,2025-01-01,2025-12-31,2026-09-15,21,2I 2P 2Q,2I2P2Q3I,0,,FILING_RECEIVED,DOL_FORM_5500_2025,https://askebsa.dol.gov/FOIA%20Files/2025/Latest/F_5500_2025_Latest.zip,9f6245cdcbb86ae167af4595bb3dba4fbf7845df98f4ccd6748aa98fa2a4e582
biz-888,742807223-001,high,"sponsor EIN 742807223 equals FEIN embedded in verified Texas taxpayer number; sponsor name 'VICTORIA AIR CONDITIONING, LTD' matches; sponsor address corroborates (200 SOUTH BEN JORDAN, VICTORIA TX 77901)",5500,2025,20260710102933NAL0001741090001,VICTORIA AIR CONDITIONING 401(K) PLAN,"VICTORIA AIR CONDITIONING, LTD",,742807223,TX,2025-01-01,2025-12-31,2026-07-10,155,2S 2E 2G 2J 2K 2F 2T,2S2E3D2G2J2K2F2T,0,0,FILING_RECEIVED,DOL_FORM_5500_2025,https://askebsa.dol.gov/FOIA%20Files/2025/Latest/F_5500_2025_Latest.zip,9f6245cdcbb86ae167af4595bb3dba4fbf7845df98f4ccd6748aa98fa2a4e582
biz-953,741823144-003,medium,"sponsor name 'VERNOR MATERIAL & EQUIPMENT COMPANY, INC.' matches; sponsor ZIP corroborates (FREEPORT TX 77541)",5500,2024,20251007093121NAL0004561761001,VME 401(K) PLAN,"VERNOR MATERIAL & EQUIPMENT COMPANY, INC.",,741823144,TX,2024-01-01,2024-12-31,2025-10-07,197,2A 2E 2F 2G 2J 2K 2R 2T,2A2E2F2G2J2K2R2T3B3D,,,FILING_RECEIVED,DOL_FORM_5500_2024,https://askebsa.dol.gov/FOIA%20Files/2024/Latest/F_5500_2024_Latest.zip,8884391d48a9e362fd7d2b91d6e37430bd2e54355c9dbc3479985c9d876872f8
biz-714,611445766-001,high,"sponsor EIN 611445766 equals FEIN embedded in verified Texas taxpayer number; sponsor name 'ENVIRONMENTAL TECHNIQUES CORPORATION' matches; sponsor address corroborates (2809 INDUSTRIAL LANE, GARLAND TX 75041)",5500,2025,20260722075432NAL0012193985001,ENVIRONMENTAL TECHNIQUES CORP. 401(K) PLAN,ENVIRONMENTAL TECHNIQUES CORPORATION,,611445766,TX,2025-01-01,2025-12-31,2026-07-22,13,2G 2J 2K 2T 2E 2F,2G2J2K2T2E2F3D,0,,FILING_RECEIVED,DOL_FORM_5500_2025,https://askebsa.dol.gov/FOIA%20Files/2025/Latest/F_5500_2025_Latest.zip,9f6245cdcbb86ae167af4595bb3dba4fbf7845df98f4ccd6748aa98fa2a4e582
biz-473,251335081-002,low (review),"sponsor name 'DMI COMPANIES, INC.' matches; sponsor address differs (210 5TH ST., CHARLEROI PA 15022)",5500,2024,20251010081726NAL0007796305001,"DMI COMPANIES, INC. AND AFFILIATED COMPANIES 401(K) PLAN","DMI COMPANIES, INC.",,251335081,PA,2024-01-01,2024-12-31,2025-10-10,161,2E 2F 2G 2J 2K 2S 2T,2E2F2G2J2K2S2T3D,0,0,FILING_RECEIVED,DOL_FORM_5500_2024,https://askebsa.dol.gov/FOIA%20Files/2024/Latest/F_5500_2024_Latest.zip,8884391d48a9e362fd7d2b91d6e37430bd2e54355c9dbc3479985c9d876872f8
biz-473,251335081-001,low (review),"sponsor name 'DMI COMPANIES, INC.' matches; sponsor address differs (210 5TH ST., CHARLEROI PA 15022)",5500-SF,2024,20251010082524NAL0004425795001,"DMI COMPANIES, INC. 401(K) PROFIT SHARING PLAN","DMI COMPANIES, INC.",,251335081,PA,2024-01-01,2024-12-31,2025-10-10,163,2E 2F 2G 2J 2T,2E2F2G2J2T3D,0,0,FILING_RECEIVED,DOL_FORM_5500_SF_2024,https://askebsa.dol.gov/FOIA%20Files/2024/Latest/F_5500_SF_2024_Latest.zip,11370908e2bbc78d1d418b2f2a2177875e0524c12b69a181432d6fd65a5966c3
biz-473,822978738-001,low (review),"sponsor name 'DMI CORP' matches; sponsor address differs (78 SWIFT, IRVINE CA 92618)",5500-SF,2025,20260505220723NAL0002491010034,DMI 401(K) PLAN,DMI CORP,,822978738,CA,2025-01-01,2025-12-31,2026-05-05,7,2E 2F 2G 2J 2S 2T,2E2F2G2J2S2T3D,0,0,FILING_RECEIVED,DOL_FORM_5500_SF_2025,https://askebsa.dol.gov/FOIA%20Files/2025/Latest/F_5500_SF_2025_Latest.zip,2db4677bd93455ccc082d378fdd56594ac90ca0fc6f2da1639a15aea8ed3e94d
biz-914,640893270-001,low (review),"sponsor name 'THE YATES COMPANIES, INC.' matches; sponsor address differs (P.O. BOX 291, JACKSON MS 39205)",5500,2024,20251009150025NAL0006771025001,"THE YATES COMPANIES, INC. 401(K) PLAN","THE YATES COMPANIES, INC.",,640893270,MS,2024-01-01,2024-12-31,2025-10-09,3755,2E 2F 2G 2J 2K 2T 2R,2E2F2G2J2K2T3D3H2R3B,0,0,FILING_RECEIVED,DOL_FORM_5500_2024,https://askebsa.dol.gov/FOIA%20Files/2024/Latest/F_5500_2024_Latest.zip,8884391d48a9e362fd7d2b91d6e37430bd2e54355c9dbc3479985c9d876872f8
biz-914,873779035-001,low (review),"sponsor name 'YATES, LLC' matches; sponsor address differs (2800 CENTURY PKWY NE STE 300, ATLANTA GA 303453140)",5500,2024,20251013100617NAL0000458547001,"YATES INSURANCE AGENCY, INC. PROFIT SHARING PLAN","YATES, LLC",,873779035,GA,2024-01-01,2024-12-31,2025-10-13,130,2A 2E 2F 2G 2J 2K 2T,2A2E2F2G2J2K2T3D,0,1,FILING_RECEIVED,DOL_FORM_5500_2024,https://askebsa.dol.gov/FOIA%20Files/2024/Latest/F_5500_2024_Latest.zip,8884391d48a9e362fd7d2b91d6e37430bd2e54355c9dbc3479985c9d876872f8
biz-914,640893270-001,low (review),"sponsor name 'THE YATES COMPANIES, INC.' matches; sponsor address differs (P.O. BOX 291, JACKSON MS 39205)",5500,2025,20260910151404NAL0006388018001,"THE YATES COMPANIES, INC. 401(K) PLAN","THE YATES COMPANIES, INC.",,640893270,MS,2025-01-01,2025-12-31,2026-09-10,3950,2E 2F 2G 2J 2K 2T 2R,2E2F2G2J2K2T3D3H2R3B,0,0,FILING_RECEIVED,DOL_FORM_5500_2025,https://askebsa.dol.gov/FOIA%20Files/2025/Latest/F_5500_2025_Latest.zip,9f6245cdcbb86ae167af4595bb3dba4fbf7845df98f4ccd6748aa98fa2a4e582
biz-289,260420561-001,medium,"sponsor name 'QUANTUM MECHANICAL SERVICES, INC.' matches; sponsor ZIP corroborates (FORT WORTH TX 76106)",5500,2024,20251015172333NAL0006906800001,QUANTUM 401(K) PLAN,"QUANTUM MECHANICAL SERVICES, INC.",,260420561,TX,2024-01-01,2024-12-31,2025-10-15,104,2E 2F 2G 2J 2K 2S 2T,2E2F2G2J2K2S2T3D,0,0,FILING_RECEIVED,DOL_FORM_5500_2024,https://askebsa.dol.gov/FOIA%20Files/2024/Latest/F_5500_2024_Latest.zip,8884391d48a9e362fd7d2b91d6e37430bd2e54355c9dbc3479985c9d876872f8
biz-194,741330810-002,high,"sponsor EIN 741330810 equals FEIN embedded in verified Texas taxpayer number; sponsor name 'MUELLER & WILSON, INC.' matches; sponsor ZIP corroborates (SAN ANTONIO TX 78249)",5500,2025,20260807110615NAL0005069329001,"MUELLER & WILSON, INC. 401(K) PLAN","MUELLER & WILSON, INC.",,741330810,TX,2025-01-01,2025-12-31,2026-08-07,23,2T 2S 2A 2E 2F 2G 2J 2K,2T2S2A2E2F2G2J2K3H3D,0,,FILING_RECEIVED,DOL_FORM_5500_2025,https://askebsa.dol.gov/FOIA%20Files/2025/Latest/F_5500_2025_Latest.zip,9f6245cdcbb86ae167af4595bb3dba4fbf7845df98f4ccd6748aa98fa2a4e582
biz-333,823789215-002,medium,"sponsor name 'ENTECH HOLDINGS, INC.' matches; sponsor address corroborates (3404 GARDEN BROOK DR, DALLAS TX 752342444)",5500,2024,20251013143704NAL0000716963001,ENTECH SALES AND SERVICE EMPLOYEE STOCK OWNERSHIP PLAN,"ENTECH HOLDINGS, INC.",,823789215,TX,2024-01-01,2024-12-31,2025-10-13,364,2E 2I 2O 2Q,2E2I2O2Q3I,0,0,FILING_RECEIVED,DOL_FORM_5500_2024,https://askebsa.dol.gov/FOIA%20Files/2024/Latest/F_5500_2024_Latest.zip,8884391d48a9e362fd7d2b91d6e37430bd2e54355c9dbc3479985c9d876872f8
biz-152,752765055-001,medium,"sponsor name 'TEMPO, INC.' matches; sponsor address corroborates (911 MARYLAND DRIVE, IRVING TX 75061)",5500,2024,20251015152319NAL0002663203001,"TEMPO, INC. EMPLOYEE STOCK OWNERSHIP PLAN AND TRUST","TEMPO, INC.",,752765055,TX,2024-01-01,2024-12-31,2025-10-15,291,2J 2K 2O 2Q 2S,2J2K2O2Q2S,0,0,FILING_RECEIVED,DOL_FORM_5500_2024,https://askebsa.dol.gov/FOIA%20Files/2024/Latest/F_5500_2024_Latest.zip,8884391d48a9e362fd7d2b91d6e37430bd2e54355c9dbc3479985c9d876872f8
biz-152,752765055-002,medium,"sponsor name 'TEMPO, INC.' matches; sponsor address corroborates (911 MARYLAND DR, IRVING TX 75061)",5500,2024,20251015152425NAL0006599408001,TEMPO RETIREMENT SAVINGS PLAN,"TEMPO, INC.",,752765055,TX,2024-01-01,2024-12-31,2025-10-15,266,2E 2G 2J 2K 2F 2T,2E3D2G2J2K2F2T,0,0,FILING_RECEIVED,DOL_FORM_5500_2024,https://askebsa.dol.gov/FOIA%20Files/2024/Latest/F_5500_2024_Latest.zip,8884391d48a9e362fd7d2b91d6e37430bd2e54355c9dbc3479985c9d876872f8
biz-217,752171197-001,medium,"sponsor EIN 752171197 equals FEIN embedded in verified Texas taxpayer number; sponsor address corroborates (11540 PLANO RD, DALLAS TX 75243)",5500,2025,20260618104118NAL0001884099001,"UNITED CHESTER INDUSTRIES, INC. 401(K) PLAN","UNITED CHESTER INDUSTRIES, INC., DBA UNITED MECHANICAL",,752171197,TX,2025-01-01,2025-12-31,2026-06-18,210,2E 2F 2G 2J 2K 2S 2T,2E2F2G2J2K2S2T3D,,,FILING_RECEIVED,DOL_FORM_5500_2025,https://askebsa.dol.gov/FOIA%20Files/2025/Latest/F_5500_2025_Latest.zip,9f6245cdcbb86ae167af4595bb3dba4fbf7845df98f4ccd6748aa98fa2a4e582
biz-527,450706886-001,medium,"sponsor name 'CAPITAL FIRE PROTECTION, LLC' matches; sponsor address corroborates (3350 ROGERDALE ROAD,, HOUSTON TX 77042)",5500-SF,2024,20250722061214NAL0001930769001,CAPITAL FIRE PROTECTION 401(K) PROFIT SHARING PLAN,"CAPITAL FIRE PROTECTION, LLC",,450706886,TX,2024-01-01,2024-12-31,2025-07-22,60,2E 2F 2G 2J 2K 2T,2E2F2G2J2K2T3D,0,0,FILING_RECEIVED,DOL_FORM_5500_SF_2024,https://askebsa.dol.gov/FOIA%20Files/2024/Latest/F_5500_SF_2024_Latest.zip,11370908e2bbc78d1d418b2f2a2177875e0524c12b69a181432d6fd65a5966c3
biz-527,310669763-002,low (review),"sponsor name 'CAPITAL FIRE PROTECTION CO.' matches; sponsor address differs (3360 VALLEYVIEW DRIVE, COLUMBUS OH 43204)",5500,2024,20250723095625NAL0001785139001,CAPITAL FIRE PROTECTION CO. EMPLOYEE STOCK OWNERSHIP PLAN,CAPITAL FIRE PROTECTION CO.,,310669763,OH,2024-01-01,2024-12-31,2025-07-23,19,2O 2I 2Q,2O2I2Q3I,0,0,FILING_RECEIVED,DOL_FORM_5500_2024,https://askebsa.dol.gov/FOIA%20Files/2024/Latest/F_5500_2024_Latest.zip,8884391d48a9e362fd7d2b91d6e37430bd2e54355c9dbc3479985c9d876872f8
biz-527,310669763-002,low (review),"sponsor name 'CAPITAL FIRE PROTECTION CO.' matches; sponsor address differs (3360 VALLEYVIEW DRIVE, COLUMBUS OH 43204)",5500,2025,20260729083638NAL0021379249001,CAPITAL FIRE PROTECTION CO. EMPLOYEE STOCK OWNERSHIP PLAN,CAPITAL FIRE PROTECTION CO.,,310669763,OH,2025-01-01,2025-12-31,2026-07-29,20,2O 2I 2Q,2O2I2Q3I,0,0,FILING_RECEIVED,DOL_FORM_5500_2025,https://askebsa.dol.gov/FOIA%20Files/2025/Latest/F_5500_2025_Latest.zip,9f6245cdcbb86ae167af4595bb3dba4fbf7845df98f4ccd6748aa98fa2a4e582
biz-527,310669763-003,low (review),"sponsor name 'CAPITAL FIRE PROTECTION CO.' matches; sponsor address differs (3360 VALLEYVIEW DR, COLUMBUS OH 432041296)",5500-SF,2024,20260224073023NAL0001848289001,CAPITAL FIRE PROTECTION CO. 401(K) PLAN,CAPITAL FIRE PROTECTION CO.,,310669763,OH,2024-01-01,2024-12-31,2026-02-24,13,2E 2F 2G 2J 2T,2E2F2G2J2T3C3D,0,1,FILING_RECEIVED,DOL_FORM_5500_SF_2024,https://askebsa.dol.gov/FOIA%20Files/2024/Latest/F_5500_SF_2024_Latest.zip,11370908e2bbc78d1d418b2f2a2177875e0524c12b69a181432d6fd65a5966c3
biz-527,310669763-003,low (review),"sponsor name 'CAPITAL FIRE PROTECTION CO.' matches; sponsor address differs (3360 VALLEYVIEW DR, COLUMBUS OH 432041296)",5500-SF,2025,20260303084415NAL0005102850001,CAPITAL FIRE PROTECTION CO. 401(K) PLAN,CAPITAL FIRE PROTECTION CO.,,310669763,OH,2025-01-01,2025-12-31,2026-03-03,14,2E 2F 2G 2J 2T,2E2F2G2J2T3C3D,0,,FILING_RECEIVED,DOL_FORM_5500_SF_2025,https://askebsa.dol.gov/FOIA%20Files/2025/Latest/F_5500_SF_2025_Latest.zip,2db4677bd93455ccc082d378fdd56594ac90ca0fc6f2da1639a15aea8ed3e94d
biz-695,741484850-001,medium,"sponsor EIN 741484850 equals FEIN embedded in verified Texas taxpayer number; sponsor address corroborates (5910 SCHUMACHER, HOUSTON TX 77057)",5500,2024,20251014082336NAL0002396897001,"GRACO INTERESTS, INC. PROFIT SHARING PLAN","GRACO INTERESTS, INC.",,741484850,TX,2024-01-01,2024-12-31,2025-10-14,139,2A 2E 2F 2G 2J 2K 2S 2T,2A2E2F2G2J2K2S2T3D3H,0,1,FILING_RECEIVED,DOL_FORM_5500_2024,https://askebsa.dol.gov/FOIA%20Files/2024/Latest/F_5500_2024_Latest.zip,8884391d48a9e362fd7d2b91d6e37430bd2e54355c9dbc3479985c9d876872f8
biz-343,202784200-001,medium,"sponsor name 'CAPSTONE MECHANICAL, LLC' matches; sponsor address corroborates (7100 IMPERIAL DRIVE, WACO TX 76712)",5500,2024,20251015083648NAL0004356609001,"CAPSTONE MECHANICAL, LLC 401(K) PLAN","CAPSTONE MECHANICAL, LLC",,202784200,TX,2024-01-01,2024-12-31,2025-10-15,194,2E 2F 2G 2J 2K 2T,2E2F2G2J2K2T3D,0,0,FILING_RECEIVED,DOL_FORM_5500_2024,https://askebsa.dol.gov/FOIA%20Files/2024/Latest/F_5500_2024_Latest.zip,8884391d48a9e362fd7d2b91d6e37430bd2e54355c9dbc3479985c9d876872f8
biz-343,800705928-002,low (review),"sponsor name 'CAPSTONE MECHANICAL, LLC' matches; sponsor address differs (755 BANFIELD ROAD, UNIT 102, PORTSMOUTH NH 03801)",5500-SF,2024,20250731071133NAL0002398531001,"CAPSTONE MECHANICAL, LLC CASH BALANCE PENSION PLAN","CAPSTONE MECHANICAL, LLC",,800705928,NH,2024-01-01,2024-12-31,2025-07-31,106,1A 1C,1A1C3D,0,0,FILING_RECEIVED,DOL_FORM_5500_SF_2024,https://askebsa.dol.gov/FOIA%20Files/2024/Latest/F_5500_SF_2024_Latest.zip,11370908e2bbc78d1d418b2f2a2177875e0524c12b69a181432d6fd65a5966c3
biz-343,800705928-001,low (review),"sponsor name 'CAPSTONE MECHANICAL, LLC' matches; sponsor address differs (755 BANFIELD ROAD, UNIT 102, PORTSMOUTH NH 03801)",5500-SF,2024,20250828234122NAL0005898995001,CAPSTONE MECHANICAL 401(K) PROFIT SHARING PLAN,"CAPSTONE MECHANICAL, LLC",,800705928,NH,2024-01-01,2024-12-31,2025-08-29,108,2A 2E 2F 2G 2J 2K,2A2E2F2G2J2K3D,0,0,FILING_RECEIVED,DOL_FORM_5500_SF_2024,https://askebsa.dol.gov/FOIA%20Files/2024/Latest/F_5500_SF_2024_Latest.zip,11370908e2bbc78d1d418b2f2a2177875e0524c12b69a181432d6fd65a5966c3
biz-244,760560731-002,high,"sponsor EIN 760560731 equals FEIN embedded in verified Texas taxpayer number; sponsor name 'ALLIED FIRE PROTECTION, LP' matches; sponsor address corroborates (2003 MYKAWA ROAD, PEARLAND TX 77581)",5500,2024,20251015095741NAL0002111859001,"ALLIED FIRE PROTECTION, LP 401(K) PROFIT SHARING PLAN AND T","ALLIED FIRE PROTECTION, LP",,760560731,TX,2024-01-01,2024-12-31,2025-10-15,460,2E 2F 2G 2J 2K 2T,2E2F2G2J2K2T3D,0,0,FILING_RECEIVED,DOL_FORM_5500_2024,https://askebsa.dol.gov/FOIA%20Files/2024/Latest/F_5500_2024_Latest.zip,8884391d48a9e362fd7d2b91d6e37430bd2e54355c9dbc3479985c9d876872f8
biz-244,561479670-001,low (review),"sponsor name 'ALLIED FIRE PROTECTION, INC.' matches; sponsor address differs (PO BOX 27075, RALEIGH NC 27611)",5500-SF,2024,20250919101310NAL0002540512001,"ALLIED FIRE PROTECTION, INC. PROFIT SHARING PLAN","ALLIED FIRE PROTECTION, INC.",,561479670,NC,2024-01-01,2024-12-31,2025-09-19,34,2E 2G 2F 2T 2K 2J 2A,2E3D2G2F2T2K2J2A,0,0,FILING_RECEIVED,DOL_FORM_5500_SF_2024,https://askebsa.dol.gov/FOIA%20Files/2024/Latest/F_5500_SF_2024_Latest.zip,11370908e2bbc78d1d418b2f2a2177875e0524c12b69a181432d6fd65a5966c3
biz-244,941665896-001,low (review),"sponsor name 'ALLIED FIRE PROTECTION' matches; sponsor address differs (555 HIGH STREET, OAKLAND CA 94601)",5500-SF,2024,20250815120226NAL0005868691001,ALLIED FIRE PROTECTION 401(K) PROFIT SHARING PLAN,ALLIED FIRE PROTECTION,,941665896,CA,2024-01-01,2024-12-31,2025-08-15,30,2A 2E 2F 2G 2J 2K 2T,2A2E2F2G2J2K2T3D,0,0,FILING_RECEIVED,DOL_FORM_5500_SF_2024,https://askebsa.dol.gov/FOIA%20Files/2024/Latest/F_5500_SF_2024_Latest.zip,11370908e2bbc78d1d418b2f2a2177875e0524c12b69a181432d6fd65a5966c3
biz-244,861044361-001,low (review),"sponsor name 'ALLIED FIRE PROTECTION, INC.' matches; sponsor address differs (2845 N. NORFOLK, MESA AZ 85215)",5500-SF,2024,20250704081953NAL0003139426001,"ALLIED FIRE PROTECTION, INC. 401(K) PLAN","ALLIED FIRE PROTECTION, INC.",,861044361,AZ,2024-01-01,2024-12-31,2025-07-04,30,2A 2E 2F 2G 2J 2K,2A2E2F2G2J2K3D,0,,FILING_RECEIVED,DOL_FORM_5500_SF_2024,https://askebsa.dol.gov/FOIA%20Files/2024/Latest/F_5500_SF_2024_Latest.zip,11370908e2bbc78d1d418b2f2a2177875e0524c12b69a181432d6fd65a5966c3
biz-244,861044361-001,low (review),"sponsor name 'ALLIED FIRE PROTECTION, INC.' matches; sponsor address differs (3033 N. NORFOLK, MESA AZ 85215)",5500-SF,2025,20260702132010NAL0018560560001,"ALLIED FIRE PROTECTION, INC. 401(K) PLAN","ALLIED FIRE PROTECTION, INC.",,861044361,AZ,2025-01-01,2025-12-31,2026-07-02,37,2A 2E 2F 2G 2J 2K,2A2E2F2G2J2K3D,0,,FILING_RECEIVED,DOL_FORM_5500_SF_2025,https://askebsa.dol.gov/FOIA%20Files/2025/Latest/F_5500_SF_2025_Latest.zip,2db4677bd93455ccc082d378fdd56594ac90ca0fc6f2da1639a15aea8ed3e94d
biz-244,941665896-001,low (review),"sponsor name 'ALLIED FIRE PROTECTION' matches; sponsor address differs (555 HIGH STREET, OAKLAND CA 94601)",5500-SF,2025,20260420101317NAL0002643298001,ALLIED FIRE PROTECTION 401(K) PROFIT SHARING PLAN,ALLIED FIRE PROTECTION,,941665896,CA,2025-01-01,2025-12-31,2026-04-20,18,2A 2E 2F 2G 2J 2K 2T,2A2E2F2G2J2K2T3D,0,0,FILING_RECEIVED,DOL_FORM_5500_SF_2025,https://askebsa.dol.gov/FOIA%20Files/2025/Latest/F_5500_SF_2025_Latest.zip,2db4677bd93455ccc082d378fdd56594ac90ca0fc6f2da1639a15aea8ed3e94d
biz-244,561479670-001,low (review),"sponsor name 'ALLIED FIRE PROTECTION, INC.' matches; sponsor address differs (PO BOX 27075, RALEIGH NC 27611)",5500-SF,2025,20260803101712NAL0000479907001,"ALLIED FIRE PROTECTION, INC. PROFIT SHARING PLAN","ALLIED FIRE PROTECTION, INC.",,561479670,NC,2025-01-01,2025-12-31,2026-08-03,38,2E 2G 2F 2T 2K 2J 2A,2E3D2G2F2T2K2J2A,0,0,FILING_RECEIVED,DOL_FORM_5500_SF_2025,https://askebsa.dol.gov/FOIA%20Files/2025/Latest/F_5500_SF_2025_Latest.zip,2db4677bd93455ccc082d378fdd56594ac90ca0fc6f2da1639a15aea8ed3e94d
biz-386,203493553-001,medium,"sponsor name 'ESPERANZA VENTURES CORPORATION' / DBA 'HOLLOWAY PLUMBING CO.' matches; sponsor address corroborates (421 SCHREINER ST, KERRVILLE TX 78028)",5500,2024,20251229140515NAL0009803235001,ESPERANZA VENTURES CORPORATION 401(K) PLAN,ESPERANZA VENTURES CORPORATION,HOLLOWAY PLUMBING CO.,203493553,TX,2024-01-01,2024-12-31,2025-12-29,10,2E 2F 2G 2J 2K 2R,2E2F2G2J2K2R3D3H,0,1,FILING_RECEIVED,DOL_FORM_5500_2024,https://askebsa.dol.gov/FOIA%20Files/2024/Latest/F_5500_2024_Latest.zip,8884391d48a9e362fd7d2b91d6e37430bd2e54355c9dbc3479985c9d876872f8
biz-550,752740319-001,high,"sponsor EIN 752740319 equals FEIN embedded in verified Texas taxpayer number; sponsor name 'PETREK MECHANICAL CONTRACTORS, LTD.' matches; sponsor address corroborates (9618 HWY 80 WEST, FORT WORTH TX 76116)",5500,2024,20251010134221NAL0008245169001,"PETREK MECHANICAL CONTRACTORS, LTD. 401(K) PROFIT SHARING PLAN","PETREK MECHANICAL CONTRACTORS, LTD.",,752740319,TX,2024-01-01,2024-12-31,2025-10-10,53,2E 2F 2G 2J 2K 2T,2E2F2G2J2K2T3D,0,,FILING_RECEIVED,DOL_FORM_5500_2024,https://askebsa.dol.gov/FOIA%20Files/2024/Latest/F_5500_2024_Latest.zip,8884391d48a9e362fd7d2b91d6e37430bd2e54355c9dbc3479985c9d876872f8
biz-724,814816270-001,medium,"sponsor name 'FTC SOLAR, INC.' matches; sponsor ZIP corroborates (AUSTIN TX 78759)",5500,2024,20251010143452NAL0004706483001,"FTC SOLAR, INC. 401K PLAN","FTC SOLAR, INC.",,814816270,TX,2024-01-01,2024-12-31,2025-10-10,82,2E 2F 2G 2J 2K 2T,2E2F2G2J2K2T3D,0,0,FILING_RECEIVED,DOL_FORM_5500_2024,https://askebsa.dol.gov/FOIA%20Files/2024/Latest/F_5500_2024_Latest.zip,8884391d48a9e362fd7d2b91d6e37430bd2e54355c9dbc3479985c9d876872f8
biz-147,741460928-001,high,"sponsor EIN 741460928 equals FEIN embedded in verified Texas taxpayer number; sponsor name 'LOCHRIDGE-PRIEST, INC' matches; sponsor address corroborates (PO BOX 154187, WACO TX 76715)",5500,2024,20251012182937NAL0000862064001,"LOCHRIDGE-PRIEST, INC EMPLOYEE SAVINGS AND RETIREMENT PLAN","LOCHRIDGE-PRIEST, INC",,741460928,TX,2024-01-01,2024-12-31,2025-10-12,630,2E 2F 2G 2J 2K 2T,2E2F2G2J2K3D2T,0,0,FILING_RECEIVED,DOL_FORM_5500_2024,https://askebsa.dol.gov/FOIA%20Files/2024/Latest/F_5500_2024_Latest.zip,8884391d48a9e362fd7d2b91d6e37430bd2e54355c9dbc3479985c9d876872f8
biz-013,751332165-001,low (review),"sponsor name 'AUTOMATIC FIRE PROTECTION, LLC.' matches; sponsor address differs (P. O. BOX 1551, SAN ANGELO TX 76902)",5500,2024,20250915135620NAL0002522034001,"AUTOMATIC FIRE PROTECTION, LLC. 401(K) PLAN","AUTOMATIC FIRE PROTECTION, LLC.",,751332165,TX,2024-01-01,2024-12-31,2025-09-15,183,2E 2F 2G 2J 2K 2T,2E2F2G2J2K2T3D,0,0,FILING_RECEIVED,DOL_FORM_5500_2024,https://askebsa.dol.gov/FOIA%20Files/2024/Latest/F_5500_2024_Latest.zip,8884391d48a9e362fd7d2b91d6e37430bd2e54355c9dbc3479985c9d876872f8
biz-182,750955026-001,high,"sponsor EIN 750955026 equals FEIN embedded in verified Texas taxpayer number; sponsor name 'ENGINEERED AIR BALANCE CO., INC.' matches; sponsor address corroborates (3309 MATRIX DRIVE, RICHARDSON TX 75082)",5500,2025,20260825164044NAL0020226979001,"ENGINEERED AIR BALANCE CO., INC. 401(K) PROFIT SHARING PLAN","ENGINEERED AIR BALANCE CO., INC.",,750955026,TX,2025-01-01,2025-12-31,2026-08-25,185,2A 2E 2F 2G 2J 2K 2T,2A2E2F2G2J2K2T3D,0,0,FILING_RECEIVED,DOL_FORM_5500_2025,https://askebsa.dol.gov/FOIA%20Files/2025/Latest/F_5500_2025_Latest.zip,9f6245cdcbb86ae167af4595bb3dba4fbf7845df98f4ccd6748aa98fa2a4e582
biz-032,743018497-001,medium,"sponsor name 'JON WAYNE HEATING & AIR CONDITIONING, LTD.' matches; sponsor address corroborates (9272 US HIGHWAY 87E, SAN ANTONIO TX 78263)",5500,2024,20251111134438NAL0002836915001,"JON WAYNE HEATING & AIR CONDITIONING, LTD. 401(K) PLAN","JON WAYNE HEATING & AIR CONDITIONING, LTD.",,743018497,TX,2024-01-01,2024-12-31,2025-11-11,255,2G 2J 2K 2T 2F 2A 2E,2G2J2K2T2F2A2E3D,0,1,FILING_RECEIVED,DOL_FORM_5500_2024,https://askebsa.dol.gov/FOIA%20Files/2024/Latest/F_5500_2024_Latest.zip,8884391d48a9e362fd7d2b91d6e37430bd2e54355c9dbc3479985c9d876872f8
biz-022,742879164-001,high,"sponsor EIN 742879164 equals FEIN embedded in verified Texas taxpayer number; sponsor name 'A/C TECHNICAL SERVICES, LLC' matches; sponsor address corroborates (PO BOX 1535, CASTROVILLE TX 78009)",5500-SF,2024,20251209082003NAL0002855459001,"A/C TECHNICAL SERVICES, LLC 401(K) SALARY REDUCTION PLAN","A/C TECHNICAL SERVICES, LLC",,742879164,TX,2024-06-01,2025-05-31,2025-12-09,45,2E 2F 2G 2J 2K 2R 2T,2E2F2G2J2K2R2T3D,0,0,FILING_RECEIVED,DOL_FORM_5500_SF_2024,https://askebsa.dol.gov/FOIA%20Files/2024/Latest/F_5500_SF_2024_Latest.zip,11370908e2bbc78d1d418b2f2a2177875e0524c12b69a181432d6fd65a5966c3
biz-022,660734435-001,low (review),"sponsor name 'AC TECHNICAL SERVICES CORP' matches; sponsor address differs (URB LOS PAISAJES, LUQUILLO PR 00773)",5500,2024,20251021133846NAL0001275795001,AC TECHNICAL SERVICES CORP RETIREMENT PLAN,AC TECHNICAL SERVICES CORP,,660734435,PR,2024-01-01,2024-12-31,2025-10-21,19,2E,2E3C,0,1,FILING_RECEIVED,DOL_FORM_5500_2024,https://askebsa.dol.gov/FOIA%20Files/2024/Latest/F_5500_2024_Latest.zip,8884391d48a9e362fd7d2b91d6e37430bd2e54355c9dbc3479985c9d876872f8
biz-531,760238107-001,high,"sponsor EIN 760238107 equals FEIN embedded in verified Texas taxpayer number; sponsor name 'C-AIR-S MECHANICAL, INC.' matches; sponsor address corroborates (8430 FAWNDALE LANE, HOUSTON TX 77040)",5500-SF,2025,20260624151711NAL0008116417001,"C-AIR-S MECHANICAL, INC. 401(K) PLAN","C-AIR-S MECHANICAL, INC.",,760238107,TX,2025-01-01,2025-12-31,2026-06-24,47,2E 2F 2G 2J 2K 2T,2E2F2G2J2K2T3D,0,0,FILING_RECEIVED,DOL_FORM_5500_SF_2025,https://askebsa.dol.gov/FOIA%20Files/2025/Latest/F_5500_SF_2025_Latest.zip,2db4677bd93455ccc082d378fdd56594ac90ca0fc6f2da1639a15aea8ed3e94d
biz-531,760238107-002,high,"sponsor EIN 760238107 equals FEIN embedded in verified Texas taxpayer number; sponsor name 'C-AIR-S MECHANICAL, INC.' matches; sponsor address corroborates (8430 FAWNDALE LANE, HOUSTON TX 77040)",5500,2025,20260921104234NAL0007907409001,"C-AIR-S MECHANICAL, INC. EMPLOYEE STOCK OWNERSHIP PLAN","C-AIR-S MECHANICAL, INC.",,760238107,TX,2025-01-01,2025-12-31,2026-09-21,41,2I 2O 2Q,2I2O2Q,0,0,FILING_RECEIVED,DOL_FORM_5500_2025,https://askebsa.dol.gov/FOIA%20Files/2025/Latest/F_5500_2025_Latest.zip,9f6245cdcbb86ae167af4595bb3dba4fbf7845df98f4ccd6748aa98fa2a4e582
biz-170,751677069-001,high,"sponsor EIN 751677069 equals FEIN embedded in verified Texas taxpayer number; sponsor name 'HUGH M. CUNNINGHAM, INC.' matches; sponsor address corroborates (2029 WESTGATE DRIVE SUITE 120, CARROLLTON TX 75006)",5500,2024,20250912152250NAL0001435217001,"HUGH M. CUNNINGHAM, INC. EMPLOYEES 401(K) PLAN","HUGH M. CUNNINGHAM, INC.",,751677069,TX,2024-01-01,2024-12-31,2025-09-12,174,2E 2F 2G 2J 2K 2T,2E2F2G2J2K2T3D3H,0,0,FILING_RECEIVED,DOL_FORM_5500_2024,https://askebsa.dol.gov/FOIA%20Files/2024/Latest/F_5500_2024_Latest.zip,8884391d48a9e362fd7d2b91d6e37430bd2e54355c9dbc3479985c9d876872f8
biz-405,741916957-001,high,"sponsor EIN 741916957 equals FEIN embedded in verified Texas taxpayer number; sponsor name 'ELITE PLUMBING CORPORATION' matches; sponsor address corroborates (13645 WESTLAND EAST BLVD., HOUSTON TX 77041)",5500,2024,20250820151834NAL0001666243001,ELITE CORPORATION 401(K) PROFIT SHARING PLAN,ELITE PLUMBING CORPORATION,,741916957,TX,2024-01-01,2024-11-29,2025-08-20,0,2G 2J 2K 2T 2E 2F,2G2J2K2T2E2F3D,1,0,FILING_RECEIVED,DOL_FORM_5500_2024,https://askebsa.dol.gov/FOIA%20Files/2024/Latest/F_5500_2024_Latest.zip,8884391d48a9e362fd7d2b91d6e37430bd2e54355c9dbc3479985c9d876872f8
biz-405,330595835-001,low (review),"sponsor name 'ELITE PLUMBING, INC' matches; sponsor address differs (1329 EAST ST. GERTRUDE PLACE, SANTA ANA CA 92705)",5500-SF,2024,20250523141300NAL0003035587001,"ELITE PLUMBING, INC 401(K) & P/S","ELITE PLUMBING, INC",,330595835,CA,2024-01-01,2024-12-31,2025-05-23,12,2E 2F 2G 2J 2K 2T,2E2F2G2J2K2T3D,0,,FILING_RECEIVED,DOL_FORM_5500_SF_2024,https://askebsa.dol.gov/FOIA%20Files/2024/Latest/F_5500_SF_2024_Latest.zip,11370908e2bbc78d1d418b2f2a2177875e0524c12b69a181432d6fd65a5966c3
biz-405,330595835-001,low (review),"sponsor name 'ELITE PLUMBING, INC' matches; sponsor address differs (1329 EAST ST. GERTRUDE PLACE, SANTA ANA CA 92705)",5500-SF,2025,20260421112545NAL0002485457001,"ELITE PLUMBING, INC 401(K) & P/S","ELITE PLUMBING, INC",,330595835,CA,2025-01-01,2025-12-31,2026-04-21,12,2E 2F 2G 2J 2K 2T,2E2F2G2J2K2T3D,0,,FILING_RECEIVED,DOL_FORM_5500_SF_2025,https://askebsa.dol.gov/FOIA%20Files/2025/Latest/F_5500_SF_2025_Latest.zip,2db4677bd93455ccc082d378fdd56594ac90ca0fc6f2da1639a15aea8ed3e94d
biz-388,751231584-001,high,"sponsor EIN 751231584 equals FEIN embedded in verified Texas taxpayer number; sponsor name 'HOUK AIR CONDITIONING, INC.' matches; sponsor address corroborates (833 111TH STREET, ARLINGTON TX 76011)",5500,2024,20251014133031NAL0003031217001,"HOUK AIR CONDITIONING, INC. 401(K) PLAN","HOUK AIR CONDITIONING, INC.",,751231584,TX,2024-01-01,2024-12-31,2025-10-14,272,2E 2F 2G 2J 2K 2T,2E2F2G2J2K2T3B3D3H,0,0,FILING_RECEIVED,DOL_FORM_5500_2024,https://askebsa.dol.gov/FOIA%20Files/2024/Latest/F_5500_2024_Latest.zip,8884391d48a9e362fd7d2b91d6e37430bd2e54355c9dbc3479985c9d876872f8
biz-193,202597496-001,high,"sponsor EIN 202597496 equals FEIN embedded in verified Texas taxpayer number; sponsor name 'MILESTONE ELECTRIC, INC.' matches; sponsor address corroborates (2360 CRIST ROAD, GARLAND TX 75040)",5500,2024,20251015132332NAL0009803042001,MILESTONE ELECTRIC 401(K) PLAN,"MILESTONE ELECTRIC, INC.",,202597496,TX,2024-01-01,2024-12-31,2025-10-15,532,2E 2F 2G 2J 2K 2S 2T,2E2F2G2J2K2S2T3D3H,0,0,FILING_RECEIVED,DOL_FORM_5500_2024,https://askebsa.dol.gov/FOIA%20Files/2024/Latest/F_5500_2024_Latest.zip,8884391d48a9e362fd7d2b91d6e37430bd2e54355c9dbc3479985c9d876872f8
biz-078,200961913-001,high,"sponsor EIN 200961913 equals FEIN embedded in verified Texas taxpayer number; sponsor name 'COMPOSITE COOLING SOLUTIONS, L.P.' matches; sponsor address corroborates (4150 INTERNATIONAL PLAZA, STE 500, FT. WORTH TX 76109)",5500,2025,20260630171116NAL0022291954001,"COMPOSITE COOLING SOLUTIONS, L.P. 401(K) RETIREMENT PLAN","COMPOSITE COOLING SOLUTIONS, L.P.",,200961913,TX,2025-01-01,2025-12-15,2026-06-30,0,2G 2J 2T 2K 2E 2F 2S,2G2J2T2K2E3D2F2S,1,0,FILING_RECEIVED,DOL_FORM_5500_2025,https://askebsa.dol.gov/FOIA%20Files/2025/Latest/F_5500_2025_Latest.zip,9f6245cdcbb86ae167af4595bb3dba4fbf7845df98f4ccd6748aa98fa2a4e582
biz-078,200961913-002,high,"sponsor EIN 200961913 equals FEIN embedded in verified Texas taxpayer number; sponsor name 'COMPOSITE COOLING SOLUTIONS, L.P.' matches; sponsor address corroborates (405 S FM 1187, ALEDO TX 76008)",5500-SF,2025,20260904084350NAL0012876913001,"COMPOSITE COOLING SOLUTIONS, L.P. 401(K) RETIREMENT PLAN","COMPOSITE COOLING SOLUTIONS, L.P.",,200961913,TX,2025-01-01,2025-12-31,2026-09-04,6,2E 2F 2G 2J 2T 2K,2E2F2G2J2T2K3D3H,0,,FILING_RECEIVED,DOL_FORM_5500_SF_2025,https://askebsa.dol.gov/FOIA%20Files/2025/Latest/F_5500_SF_2025_Latest.zip,2db4677bd93455ccc082d378fdd56594ac90ca0fc6f2da1639a15aea8ed3e94d
biz-430,751012121-002,high,"sponsor EIN 751012121 equals FEIN embedded in verified Texas taxpayer number; sponsor name 'THE BOSWORTH COMPANY' matches; sponsor address corroborates (PO BOX 3449, MIDLAND TX 797023449)",5500,2024,20251015120953NAL0004803921001,THE BOSWORTH COMPANY EMPLOYEES THRIFT PLAN,THE BOSWORTH COMPANY,,751012121,TX,2024-01-01,2024-12-31,2025-10-15,256,2E 2F 2G 2J 2K 2R 2T,2E2F2G2J2K2R2T3D,0,0,FILING_RECEIVED,DOL_FORM_5500_2024,https://askebsa.dol.gov/FOIA%20Files/2024/Latest/F_5500_2024_Latest.zip,8884391d48a9e362fd7d2b91d6e37430bd2e54355c9dbc3479985c9d876872f8
biz-430,050395264-001,low (review),"sponsor name 'BOSWORTH COMPANY' matches; sponsor address differs (930 WATERMAN AVENUE, EAST PROVIDENCE RI 02914)",5500-SF,2024,20250805140544NAL0002541936001,BOSWORTH COMPANY 401(K) PROFIT SHARING PLAN & TRUST,BOSWORTH COMPANY,,050395264,RI,2024-01-01,2024-12-31,2025-08-05,19,2E 2F 2G 2J 2K 2T,2E2F2G2J2K2T3D,0,0,FILING_RECEIVED,DOL_FORM_5500_SF_2024,https://askebsa.dol.gov/FOIA%20Files/2024/Latest/F_5500_SF_2024_Latest.zip,11370908e2bbc78d1d418b2f2a2177875e0524c12b69a181432d6fd65a5966c3
biz-162,161667361-001,medium,"sponsor name 'B4GIBSON MANAGEMENT, INC.' matches; sponsor address corroborates (5511 DIETRICH ROAD, SAN ANTONIO TX 78219)",5500,2024,20250925075909NAL0003403795001,GIBSON PLUMBING 401(K) PLAN,"B4GIBSON MANAGEMENT, INC.",,161667361,TX,2024-01-01,2024-12-31,2025-09-25,203,2A 2E 2F 2G 2J 2K 2T,2A2E2F2G2J2K2T3D,0,0,FILING_RECEIVED,DOL_FORM_5500_2024,https://askebsa.dol.gov/FOIA%20Files/2024/Latest/F_5500_2024_Latest.zip,8884391d48a9e362fd7d2b91d6e37430bd2e54355c9dbc3479985c9d876872f8
biz-127,751469157-001,high,"sponsor EIN 751469157 equals FEIN embedded in verified Texas taxpayer number; sponsor name 'CENTURY MECHANICAL CONTRACTORS, INC.' matches; sponsor address corroborates (3008 WICHITA COURT, FORT WORTH TX 76140)",5500,2025,20260818145239NAL0012838435001,"CENTURY MECHANICAL CONTRACTORS, INC. EMPLOYEE'S 401(K) PLAN","CENTURY MECHANICAL CONTRACTORS, INC.",,751469157,TX,2025-01-01,2025-12-31,2026-08-18,169,2G 2J 2K 2S 2T,2G2J2K2S2T3D,0,0,FILING_RECEIVED,DOL_FORM_5500_2025,https://askebsa.dol.gov/FOIA%20Files/2025/Latest/F_5500_2025_Latest.zip,9f6245cdcbb86ae167af4595bb3dba4fbf7845df98f4ccd6748aa98fa2a4e582
biz-354,410854683-001,low (review),"sponsor name 'GEMINI, INCORPORATED' matches; sponsor address differs (103 MENSING WAY, CANNON FALLS MN 550091185)",5500,2024,20260414082453NAL0021647923001,"GEMINI, INCORPORATED PROFIT SHARING PLAN","GEMINI, INCORPORATED",,410854683,MN,2024-10-01,2025-09-30,2026-04-14,833,2E 2F 2G 2J 2S 2T 2R,2E2F2G2J2S2T3D2R,0,0,FILING_RECEIVED,DOL_FORM_5500_2024,https://askebsa.dol.gov/FOIA%20Files/2024/Latest/F_5500_2024_Latest.zip,8884391d48a9e362fd7d2b91d6e37430bd2e54355c9dbc3479985c9d876872f8
biz-354,452731123-001,low (review),"sponsor name 'GEMINI CORP.' matches; sponsor address differs (PO BOX 584, BROWNSVILLE OR 97327)",5500-SF,2024,20250910133808NAL0021221297001,GEMINI CORP. 401(K) PLAN & TRUST,GEMINI CORP.,,452731123,OR,2024-01-01,2024-12-31,2025-09-10,8,2E 2F 2G 2J 2K 2T,3D2E2F2G2J2K2T,0,0,FILING_RECEIVED,DOL_FORM_5500_SF_2024,https://askebsa.dol.gov/FOIA%20Files/2024/Latest/F_5500_SF_2024_Latest.zip,11370908e2bbc78d1d418b2f2a2177875e0524c12b69a181432d6fd65a5966c3
biz-354,452731123-001,low (review),"sponsor name 'GEMINI CORP.' matches; sponsor address differs (PO BOX 584, BROWNSVILLE OR 97327)",5500-SF,2025,20260916145916NAL0004110881001,GEMINI CORP. 401(K) PLAN & TRUST,GEMINI CORP.,,452731123,OR,2025-01-01,2025-12-31,2026-09-16,9,2E 2F 2G 2J 2K 2T,3D2E2F2G2J2K2T,0,0,FILING_RECEIVED,DOL_FORM_5500_SF_2025,https://askebsa.dol.gov/FOIA%20Files/2025/Latest/F_5500_SF_2025_Latest.zip,2db4677bd93455ccc082d378fdd56594ac90ca0fc6f2da1639a15aea8ed3e94d
biz-124,751855478-002,high,"sponsor EIN 751855478 equals FEIN embedded in verified Texas taxpayer number; sponsor name 'SCOTTCO MECHANICAL CONTRACTORS, INC.' matches; sponsor address corroborates (PO BOX 7729, AMARILLO TX 79114)",5500,2024,20260817155134NAL0016120465001,"SCOTTCO MECHANICAL CONTRACTORS, INC. EMPLOYEE STOCK OWNERSHIP PLAN","SCOTTCO MECHANICAL CONTRACTORS, INC.",,751855478,TX,2024-11-01,2025-10-31,2026-08-17,58,2E 2I 2O,2E2I2O,0,0,FILING_RECEIVED,DOL_FORM_5500_2024,https://askebsa.dol.gov/FOIA%20Files/2024/Latest/F_5500_2024_Latest.zip,8884391d48a9e362fd7d2b91d6e37430bd2e54355c9dbc3479985c9d876872f8
biz-124,751855478-003,high,"sponsor EIN 751855478 equals FEIN embedded in verified Texas taxpayer number; sponsor name 'SCOTTCO MECHANICAL CONTRACTORS, INC.' matches; sponsor address corroborates (P. O. BOX 7729, AMARILLO TX 79114)",5500-SF,2024,20260504201958NAL0000204513001,"SCOTTCO MECHANICAL CONTRACTORS, INC. 401(K) PLAN","SCOTTCO MECHANICAL CONTRACTORS, INC.",,751855478,TX,2024-11-01,2025-10-31,2026-05-04,50,2E 2F 2G 2J 2K 2T,2E2F2G2J2K2T3D,0,0,FILING_RECEIVED,DOL_FORM_5500_SF_2024,https://askebsa.dol.gov/FOIA%20Files/2024/Latest/F_5500_SF_2024_Latest.zip,11370908e2bbc78d1d418b2f2a2177875e0524c12b69a181432d6fd65a5966c3
biz-800,900390989-001,medium,"sponsor name 'AMAILEY PLUMBING, LLC' matches; sponsor address corroborates (3542 BACOR RD, HOUSTON TX 77084)",5500-SF,2025,20260521071157NAL0001624803001,AMAILEY PLUMBING LLC 401(K) PLAN,"AMAILEY PLUMBING, LLC",,900390989,TX,2025-01-01,2025-12-31,2026-05-21,54,2E 2F 2G 2J 2K 2S 2T,2E2F2G2J2K2S2T3D,0,0,FILING_RECEIVED,DOL_FORM_5500_SF_2025,https://askebsa.dol.gov/FOIA%20Files/2025/Latest/F_5500_SF_2025_Latest.zip,2db4677bd93455ccc082d378fdd56594ac90ca0fc6f2da1639a15aea8ed3e94d
biz-740,471699399-001,low (review),"sponsor name 'BURDETT PLUMBING SERVICES, LLC' matches; sponsor address differs (PO BOX 528, WHITESBORO TX 76274)",5500-SF,2024,20250708083906NAL0002529827001,"BURDETT PLUMBING SERVICES, LLC 401(K) PROFIT SHARING PLAN AND TRUST","BURDETT PLUMBING SERVICES, LLC",,471699399,TX,2024-01-01,2024-12-31,2025-07-08,21,2A 2E 2F 2G 2J 2K 2T,2A2E2F2G2J2K2T3D,0,0,FILING_RECEIVED,DOL_FORM_5500_SF_2024,https://askebsa.dol.gov/FOIA%20Files/2024/Latest/F_5500_SF_2024_Latest.zip,11370908e2bbc78d1d418b2f2a2177875e0524c12b69a181432d6fd65a5966c3
biz-740,471699399-001,low (review),"sponsor name 'BURDETT PLUMBING SERVICES, LLC' matches; sponsor address differs (PO BOX 528, WHITESBORO TX 76274)",5500-SF,2025,20260818154133NAL0030033218001,"BURDETT PLUMBING SERVICES, LLC 401(K) PROFIT SHARING PLAN AND TRUST","BURDETT PLUMBING SERVICES, LLC",,471699399,TX,2025-01-01,2025-12-31,2026-08-18,18,2A 2E 2F 2G 2J 2K 2T,2A2E2F2G2J2K2T3D,0,0,FILING_RECEIVED,DOL_FORM_5500_SF_2025,https://askebsa.dol.gov/FOIA%20Files/2025/Latest/F_5500_SF_2025_Latest.zip,2db4677bd93455ccc082d378fdd56594ac90ca0fc6f2da1639a15aea8ed3e94d
biz-649,752492714-001,high,"sponsor EIN 752492714 equals FEIN embedded in verified Texas taxpayer number; sponsor name 'METRO MECHANICAL, INC.' matches; sponsor address corroborates (430 SOUTH BRYAN BELTLINE ROAD, MESQUITE TX 75149)",5500-SF,2025,20260715161541NAL0004595842001,"METRO MECHANICAL, INC. (OFFICE/SERVICE) 401(K) PLAN","METRO MECHANICAL, INC.",,752492714,TX,2025-01-01,2025-12-31,2026-07-15,36,2E 2F 2G 2J 2K 2T,2E2F2G2J2K2T3D,0,0,FILING_RECEIVED,DOL_FORM_5500_SF_2025,https://askebsa.dol.gov/FOIA%20Files/2025/Latest/F_5500_SF_2025_Latest.zip,2db4677bd93455ccc082d378fdd56594ac90ca0fc6f2da1639a15aea8ed3e94d
biz-649,752492714-002,high,"sponsor EIN 752492714 equals FEIN embedded in verified Texas taxpayer number; sponsor name 'METRO MECHANICAL, INC.' matches; sponsor address corroborates (430 SOUTH BRYAN BELTLINE ROAD, MESQUITE TX 75149)",5500-SF,2025,20260507160046NAL0003104609001,"METRO MECHANICAL, INC. 401(K) PROFIT SHARING PLAN","METRO MECHANICAL, INC.",,752492714,TX,2025-01-01,2025-12-31,2026-05-07,75,2E 2J 2F 2G,2E2J2F2G3D,0,0,FILING_RECEIVED,DOL_FORM_5500_SF_2025,https://askebsa.dol.gov/FOIA%20Files/2025/Latest/F_5500_SF_2025_Latest.zip,2db4677bd93455ccc082d378fdd56594ac90ca0fc6f2da1639a15aea8ed3e94d
biz-649,311300523-001,low (review),"sponsor name 'METRO MECHANICAL, INC.' matches; sponsor address differs (4731 NORTHWEST PARKWAY, HILLIARD OH 43026)",5500-SF,2024,20250609194753NAL0014506865001,"METRO MECHANICAL, INC. 401(K) PLAN","METRO MECHANICAL, INC.",,311300523,OH,2024-01-01,2024-12-31,2025-06-09,59,2E 2F 2G 2J 2K,2E2F2G2J2K3D3H,0,0,FILING_RECEIVED,DOL_FORM_5500_SF_2024,https://askebsa.dol.gov/FOIA%20Files/2024/Latest/F_5500_SF_2024_Latest.zip,11370908e2bbc78d1d418b2f2a2177875e0524c12b69a181432d6fd65a5966c3
biz-649,113403294-001,low (review),"sponsor name 'METRO MECHANICAL LLC' matches; sponsor address differs (8815 DITMAS AVE, BROOKLYN NY 112361607)",5500-SF,2024,20250616171201NAL0001061361001,METRO MECHANICAL LLC 401(K) PROFIT SHARING PLAN & TRUST,METRO MECHANICAL LLC,,113403294,NY,2024-01-01,2024-12-31,2025-06-16,16,2E 2F 2G 2J 2K 2T,2E2F2G2J2K2T3D,0,0,FILING_RECEIVED,DOL_FORM_5500_SF_2024,https://askebsa.dol.gov/FOIA%20Files/2024/Latest/F_5500_SF_2024_Latest.zip,11370908e2bbc78d1d418b2f2a2177875e0524c12b69a181432d6fd65a5966c3
biz-649,752983454-001,low (review),"sponsor name 'METRO MECHANICAL, CORP' matches; sponsor address differs (6017 PROVIDENCE RD, VIRGINIA BEACH VA 23464)",5500-SF,2024,20250327122854NAL0026472448001,"METRO MECHANICAL, CORP 401K PLAN","METRO MECHANICAL, CORP",,752983454,VA,2024-01-01,2024-12-31,2025-03-27,26,2E 2F 2G 2J 2T,2E2F2G2J2T3D,0,0,FILING_RECEIVED,DOL_FORM_5500_SF_2024,https://askebsa.dol.gov/FOIA%20Files/2024/Latest/F_5500_SF_2024_Latest.zip,11370908e2bbc78d1d418b2f2a2177875e0524c12b69a181432d6fd65a5966c3
biz-649,113403294-001,low (review),"sponsor name 'METRO MECHANICAL LLC' matches; sponsor address differs (8815 DITMAS AVE, BROOKLYN NY 112361607)",5500-SF,2025,20260622170223NAL0004957939001,METRO MECHANICAL LLC 401(K) PROFIT SHARING PLAN & TRUST,METRO MECHANICAL LLC,,113403294,NY,2025-01-01,2025-12-31,2026-06-22,15,2E 2F 2G 2J 2K 2T,2E2F2G2J2K2T3D,0,0,FILING_RECEIVED,DOL_FORM_5500_SF_2025,https://askebsa.dol.gov/FOIA%20Files/2025/Latest/F_5500_SF_2025_Latest.zip,2db4677bd93455ccc082d378fdd56594ac90ca0fc6f2da1639a15aea8ed3e94d
biz-649,311300523-001,low (review),"sponsor name 'METRO MECHANICAL, INC.' matches; sponsor address differs (4731 NORTHWEST PARKWAY, HILLIARD OH 43026)",5500-SF,2025,20260511080210NAL0007168992001,"METRO MECHANICAL, INC. 401(K) PLAN","METRO MECHANICAL, INC.",,311300523,OH,2025-01-01,2025-12-31,2026-05-11,46,2E 2F 2G 2J 2K,2E2F2G2J2K3D3H,0,0,FILING_RECEIVED,DOL_FORM_5500_SF_2025,https://askebsa.dol.gov/FOIA%20Files/2025/Latest/F_5500_SF_2025_Latest.zip,2db4677bd93455ccc082d378fdd56594ac90ca0fc6f2da1639a15aea8ed3e94d
biz-649,752983454-001,low (review),"sponsor name 'METRO MECHANICAL, CORP' matches; sponsor address differs (6017 PROVIDENCE RD, VIRGINIA BEACH VA 23464)",5500-SF,2025,20260706172624NAL0015057683001,"METRO MECHANICAL, CORP 401K PLAN","METRO MECHANICAL, CORP",,752983454,VA,2025-01-01,2025-12-31,2026-07-06,28,2E 2F 2G 2J 2K 2T,2E2F2G2J2K2T3D,0,0,FILING_RECEIVED,DOL_FORM_5500_SF_2025,https://askebsa.dol.gov/FOIA%20Files/2025/Latest/F_5500_SF_2025_Latest.zip,2db4677bd93455ccc082d378fdd56594ac90ca0fc6f2da1639a15aea8ed3e94d
biz-047,264357323-001,medium,"sponsor name 'ATX ENVIRONMENTAL SOLUTIONS' matches; sponsor address corroborates (1205 SHELDON COVE, AUSTIN TX 78753)",5500-SF,2025,20260721103914NAL0008627843001,ATX ENVIRONMENTAL SOLUTIONS RETIREMENT PLAN,ATX ENVIRONMENTAL SOLUTIONS,,264357323,TX,2025-01-01,2025-12-31,2026-07-21,23,2G 2J 2K,2G2J2K3D,0,0,FILING_RECEIVED,DOL_FORM_5500_SF_2025,https://askebsa.dol.gov/FOIA%20Files/2025/Latest/F_5500_SF_2025_Latest.zip,2db4677bd93455ccc082d378fdd56594ac90ca0fc6f2da1639a15aea8ed3e94d
biz-528,741654174-001,high,"sponsor EIN 741654174 equals FEIN embedded in verified Texas taxpayer number; sponsor name 'GILBERT PLUMBING COMPANY L.P.' matches; sponsor address corroborates (4118 SOUTHERLAND RD, HOUSTON TX 77092)",5500-SF,2025,20260521120307NAL0003199520001,GILBERT PLUMBING COMPANY 401(K) PLAN,GILBERT PLUMBING COMPANY L.P.,,741654174,TX,2025-01-01,2025-12-31,2026-05-21,40,2E 2F 2G 2J 2K 2T,2E2F2G2J2K2T3D,0,0,FILING_RECEIVED,DOL_FORM_5500_SF_2025,https://askebsa.dol.gov/FOIA%20Files/2025/Latest/F_5500_SF_2025_Latest.zip,2db4677bd93455ccc082d378fdd56594ac90ca0fc6f2da1639a15aea8ed3e94d
biz-860,261456602-001,high,"sponsor EIN 261456602 equals FEIN embedded in verified Texas taxpayer number; sponsor name 'PENNWAY PLUMBING CONTRACTORS, LLC' matches; sponsor address corroborates (112 GROSS ROAD, SUITE 300, MESQUITE TX 75149)",5500-SF,2025,20260527140237NAL0015500930001,"PENNWAY PLUMBING CONTRACTORS, LLC 401(K) PLAN","PENNWAY PLUMBING CONTRACTORS, LLC",,261456602,TX,2025-01-01,2025-12-31,2026-05-27,20,2E 2F 2G 2J 2K 2T,2E2F2G2J2K2T3D,0,0,FILING_RECEIVED,DOL_FORM_5500_SF_2025,https://askebsa.dol.gov/FOIA%20Files/2025/Latest/F_5500_SF_2025_Latest.zip,2db4677bd93455ccc082d378fdd56594ac90ca0fc6f2da1639a15aea8ed3e94d
biz-337,741163372-001,low (review),"sponsor name 'TEXAIR COMPANY, INC.' matches; sponsor address differs (2201 WEST EXPRESSWAY 83, MCALLEN TX 78503)",5500-SF,2024,20250530113044NAL0008624513001,"TEXAIR COMPANY, INC. 401(K) PLAN","TEXAIR COMPANY, INC.",,741163372,TX,2024-01-01,2024-12-31,2025-05-30,68,2A 2E 2F 2G 2J 2K 2T,2A2E2F2G2J2K2T3D,,,FILING_RECEIVED,DOL_FORM_5500_SF_2024,https://askebsa.dol.gov/FOIA%20Files/2024/Latest/F_5500_SF_2024_Latest.zip,11370908e2bbc78d1d418b2f2a2177875e0524c12b69a181432d6fd65a5966c3
biz-337,741163372-001,low (review),"sponsor name 'TEXAIR COMPANY, INC.' matches; sponsor address differs (2201 WEST EXPRESSWAY 83, MCALLEN TX 78503)",5500-SF,2025,20260601115756NAL0014923536002,"TEXAIR COMPANY, INC. 401(K) PLAN","TEXAIR COMPANY, INC.",,741163372,TX,2025-01-01,2025-12-31,2026-06-01,51,2A 2E 2F 2G 2J 2K 2T,2A2E2F2G2J2K2T3D,0,0,FILING_RECEIVED,DOL_FORM_5500_SF_2025,https://askebsa.dol.gov/FOIA%20Files/2025/Latest/F_5500_SF_2025_Latest.zip,2db4677bd93455ccc082d378fdd56594ac90ca0fc6f2da1639a15aea8ed3e94d
biz-902,741163372-001,high,"sponsor EIN 741163372 equals FEIN embedded in verified Texas taxpayer number; sponsor name 'TEXAIR COMPANY, INC.' matches; sponsor address corroborates (2201 WEST EXPRESSWAY 83, MCALLEN TX 78503)",5500-SF,2025,20260601115756NAL0014923536002,"TEXAIR COMPANY, INC. 401(K) PLAN","TEXAIR COMPANY, INC.",,741163372,TX,2025-01-01,2025-12-31,2026-06-01,51,2A 2E 2F 2G 2J 2K 2T,2A2E2F2G2J2K2T3D,0,0,FILING_RECEIVED,DOL_FORM_5500_SF_2025,https://askebsa.dol.gov/FOIA%20Files/2025/Latest/F_5500_SF_2025_Latest.zip,2db4677bd93455ccc082d378fdd56594ac90ca0fc6f2da1639a15aea8ed3e94d
biz-719,475153003-001,low (review),"sponsor name 'LINC INTERESTS, INC' matches; sponsor address differs (9424 W LITTLE YORK RD., HOUSTON TX 77040)",5500-SF,2024,20250603162121NAL0007739075001,"LINC INTERESTS, INC 401(K) P/S PLAN","LINC INTERESTS, INC",,475153003,TX,2024-01-01,2024-12-31,2025-06-03,47,2E 2J 2K 2F 2G 2T,2E2J2K2F2G3D2T,0,0,FILING_RECEIVED,DOL_FORM_5500_SF_2024,https://askebsa.dol.gov/FOIA%20Files/2024/Latest/F_5500_SF_2024_Latest.zip,11370908e2bbc78d1d418b2f2a2177875e0524c12b69a181432d6fd65a5966c3
biz-719,475153003-001,low (review),"sponsor name 'LINC INTERESTS, INC' matches; sponsor address differs (9302 HWY 6 N, SUITE 100, HOUSTON TX 77095)",5500-SF,2025,20260716113721NAL0004286353001,"LINC INTERESTS, INC 401(K) P/S PLAN","LINC INTERESTS, INC",,475153003,TX,2025-01-01,2025-12-31,2026-07-16,75,2E 2J 2K 2F 2G 2T,2E2J2K2F2G3D2T,0,0,FILING_RECEIVED,DOL_FORM_5500_SF_2025,https://askebsa.dol.gov/FOIA%20Files/2025/Latest/F_5500_SF_2025_Latest.zip,2db4677bd93455ccc082d378fdd56594ac90ca0fc6f2da1639a15aea8ed3e94d
biz-085,752227744-001,high,"sponsor EIN 752227744 equals FEIN embedded in verified Texas taxpayer number; sponsor name 'RELIANT HEATING AND AIR CONDITIONING, INC.' matches; sponsor address corroborates (P.O. BOX 166169, IRVING TX 75016)",5500-SF,2024,20251125114152NAL0006605746001,RELIANT HEATING AND AIR CONDITIONING INC. 401K PROFIT SHARING PLAN AND TRUST,"RELIANT HEATING AND AIR CONDITIONING, INC.",,752227744,TX,2025-01-01,2025-01-07,2025-11-25,0,2E 2F 2G 2J 2K 2T,2E2F2G2J2K2T3D,1,,FILING_RECEIVED,DOL_FORM_5500_SF_2024,https://askebsa.dol.gov/FOIA%20Files/2024/Latest/F_5500_SF_2024_Latest.zip,11370908e2bbc78d1d418b2f2a2177875e0524c12b69a181432d6fd65a5966c3
biz-164,262666629-001,medium,"sponsor name 'EFFICIENT AIR CONDITIONING, INC.' matches; sponsor address corroborates (10315 METROPOLITAN DR STE A, AUSTIN TX 78758)",5500-SF,2025,20260518073517NAL0011537553001,EFFICIENT AIR CONDITIONING 401(K) PLAN,"EFFICIENT AIR CONDITIONING, INC.",,262666629,TX,2025-01-01,2025-12-31,2026-05-18,97,2A 2E 2F 2G 2J 2K 2T,2A2E2F2G2J2K2T3D,0,0,FILING_RECEIVED,DOL_FORM_5500_SF_2025,https://askebsa.dol.gov/FOIA%20Files/2025/Latest/F_5500_SF_2025_Latest.zip,2db4677bd93455ccc082d378fdd56594ac90ca0fc6f2da1639a15aea8ed3e94d
biz-164,743142748-001,low (review),"sponsor name 'EFFICIENT AIR CONDITIONING' matches; sponsor address differs (73092 RAMON RD, THOUSAND PALMS CA 92276)",5500-SF,2024,20250717155227NAL0000985474001,EFFICIENT AC 401(K) PLAN,EFFICIENT AIR CONDITIONING,,743142748,CA,2024-01-01,2024-12-31,2025-07-17,11,2A 2E 2F 2G 2J 2T,2A2E2F2G2J2T3D,0,0,FILING_RECEIVED,DOL_FORM_5500_SF_2024,https://askebsa.dol.gov/FOIA%20Files/2024/Latest/F_5500_SF_2024_Latest.zip,11370908e2bbc78d1d418b2f2a2177875e0524c12b69a181432d6fd65a5966c3
biz-164,743142748-001,low (review),"sponsor name 'EFFICIENT AIR CONDITIONING' matches; sponsor address differs (73092 RAMON RD, THOUSAND PALMS CA 92276)",5500-SF,2025,20260724112749NAL0011746131001,EFFICIENT AC 401(K) PLAN,EFFICIENT AIR CONDITIONING,,743142748,CA,2025-01-01,2025-12-31,2026-07-24,9,2A 2E 2F 2G 2J 2T,2A2E2F2G2J2T3D,0,0,FILING_RECEIVED,DOL_FORM_5500_SF_2025,https://askebsa.dol.gov/FOIA%20Files/2025/Latest/F_5500_SF_2025_Latest.zip,2db4677bd93455ccc082d378fdd56594ac90ca0fc6f2da1639a15aea8ed3e94d
biz-758,821367957-001,low (review),"sponsor name 'MR ROOTER PLUMBING' matches; sponsor address differs (410 W VALLEY BLVD, COLTON CA 92324)",5500-SF,2024,20250620174932NAL0010124066001,MR ROOTER PLUMBING 401(K) PLAN,MR ROOTER PLUMBING,,821367957,CA,2024-01-01,2024-12-31,2025-06-20,45,2F 2G 2J 2K 2T 2E,2F2G2J2K2T3D2E,0,0,FILING_RECEIVED,DOL_FORM_5500_SF_2024,https://askebsa.dol.gov/FOIA%20Files/2024/Latest/F_5500_SF_2024_Latest.zip,11370908e2bbc78d1d418b2f2a2177875e0524c12b69a181432d6fd65a5966c3
biz-758,821367957-001,low (review),"sponsor name 'MR ROOTER PLUMBING' matches; sponsor address differs (410 W VALLEY BLVD, COLTON CA 92324)",5500-SF,2025,20260723120643NAL0013865585001,MR ROOTER PLUMBING 401(K) PLAN,MR ROOTER PLUMBING,,821367957,CA,2025-01-01,2025-12-31,2026-07-23,43,2F 2G 2J 2K 2T 2E,2F2G2J2K2T3D2E,0,0,FILING_RECEIVED,DOL_FORM_5500_SF_2025,https://askebsa.dol.gov/FOIA%20Files/2025/Latest/F_5500_SF_2025_Latest.zip,2db4677bd93455ccc082d378fdd56594ac90ca0fc6f2da1639a15aea8ed3e94d
biz-130,752623673-001,high,"sponsor EIN 752623673 equals FEIN embedded in verified Texas taxpayer number; sponsor name 'CARY SERVICES, INC.' matches; sponsor ZIP corroborates (ABILENE TX 79602)",5500-SF,2025,20260610163354NAL0005802352001,"CARY SERVICES, INC. 401(K) PSP","CARY SERVICES, INC.",,752623673,TX,2025-01-01,2025-12-31,2026-06-10,41,2A 2E 2F 2G 2J 2K 2S 2T,2A2E2F2G2J2K2S2T3D,0,0,FILING_RECEIVED,DOL_FORM_5500_SF_2025,https://askebsa.dol.gov/FOIA%20Files/2025/Latest/F_5500_SF_2025_Latest.zip,2db4677bd93455ccc082d378fdd56594ac90ca0fc6f2da1639a15aea8ed3e94d
biz-370,810759474-001,medium,"sponsor name 'PARAMOUNT PLUMBING LLC' matches; sponsor address corroborates (6715 CORPORATION PKWY STE D, FORT WORTH TX 76126)",5500-SF,2025,20260729140658NAL0018885043001,PARAMOUNT PLUMBING 401(K) PLAN,PARAMOUNT PLUMBING LLC,,810759474,TX,2025-01-01,2025-12-31,2026-07-29,29,2E 2F 2G 2J 2S 2T,2E2F2G2J2S2T3D,0,0,FILING_RECEIVED,DOL_FORM_5500_SF_2025,https://askebsa.dol.gov/FOIA%20Files/2025/Latest/F_5500_SF_2025_Latest.zip,2db4677bd93455ccc082d378fdd56594ac90ca0fc6f2da1639a15aea8ed3e94d
biz-370,341612561-001,low (review),"sponsor name 'PARAMOUNT PLUMBING' matches; sponsor address differs (8677 WADSWORTH ROAD, SUITE A, WADSWORTH OH 44281)",5500-SF,2024,20250324114228NAL0025478482001,"PARAMOUNT PLUMBING, INC. 401K PLAN",PARAMOUNT PLUMBING,,341612561,OH,2024-01-01,2024-12-31,2025-03-24,18,2E 2F 2G 2J 2K,2E2F2G2J2K3D,0,1,FILING_RECEIVED,DOL_FORM_5500_SF_2024,https://askebsa.dol.gov/FOIA%20Files/2024/Latest/F_5500_SF_2024_Latest.zip,11370908e2bbc78d1d418b2f2a2177875e0524c12b69a181432d6fd65a5966c3
biz-370,810759474-001,low (review),"sponsor name 'PARAMOUNT PLUMBING LLC' matches; sponsor address differs (7415 WHITEHALL STREET, SUITE 109, RICHLAND HILLS TX 76118)",5500-SF,2024,20250515100013NAL0019531009001,PARAMOUNT PLUMBING 401(K) PLAN,PARAMOUNT PLUMBING LLC,,810759474,TX,2024-01-01,2024-12-31,2025-05-15,30,2E 2F 2G 2J 2K 2A,2E2F2G2J2K2A3D,0,0,FILING_RECEIVED,DOL_FORM_5500_SF_2024,https://askebsa.dol.gov/FOIA%20Files/2024/Latest/F_5500_SF_2024_Latest.zip,11370908e2bbc78d1d418b2f2a2177875e0524c12b69a181432d6fd65a5966c3
biz-370,341612561-001,low (review),"sponsor name 'PARAMOUNT PLUMBING' matches; sponsor address differs (8677 WADSWORTH ROAD, SUITE A, WADSWORTH OH 44281)",5500-SF,2025,20260410121513NAL0017752592001,"PARAMOUNT PLUMBING, INC. 401K PLAN",PARAMOUNT PLUMBING,,341612561,OH,2025-01-01,2025-12-31,2026-04-10,18,2E 2F 2G 2J 2K,2E2F2G2J2K3D,0,0,FILING_RECEIVED,DOL_FORM_5500_SF_2025,https://askebsa.dol.gov/FOIA%20Files/2025/Latest/F_5500_SF_2025_Latest.zip,2db4677bd93455ccc082d378fdd56594ac90ca0fc6f2da1639a15aea8ed3e94d
biz-075,751314162-002,high,"sponsor EIN 751314162 equals FEIN embedded in verified Texas taxpayer number; sponsor name 'WOLVERTON COMPANY, INC.' matches; sponsor address corroborates (704 SOLON ROAD, WAXAHACHIE TX 75165)",5500-SF,2025,20260615113740NAL0001235585001,"WOLVERTON COMPANY, INC. 401(K) PROFIT SHARING PLAN","WOLVERTON COMPANY, INC.",,751314162,TX,2025-01-01,2025-12-31,2026-06-15,25,2E 2F 2G 2J 2K,2E2F2G2J2K3D,0,0,FILING_RECEIVED,DOL_FORM_5500_SF_2025,https://askebsa.dol.gov/FOIA%20Files/2025/Latest/F_5500_SF_2025_Latest.zip,2db4677bd93455ccc082d378fdd56594ac90ca0fc6f2da1639a15aea8ed3e94d
biz-401,751013176-002,high,"sponsor EIN 751013176 equals FEIN embedded in verified Texas taxpayer number; sponsor name 'FRANK'S PLUMBING INC.' matches; sponsor address corroborates (6920 WINTON, HOUSTON TX 770214697)",5500-SF,2025,20260601115113NAL0023897474001,FRANK'S PLUMBING INC. 401(K) SALARY REDUCTION PLAN AND TRUST,FRANK'S PLUMBING INC.,,751013176,TX,2025-03-01,2026-02-28,2026-06-01,10,2E 2F 2G 2J 2K,2E2F2G2J2K3D,0,0,FILING_RECEIVED,DOL_FORM_5500_SF_2025,https://askebsa.dol.gov/FOIA%20Files/2025/Latest/F_5500_SF_2025_Latest.zip,2db4677bd93455ccc082d378fdd56594ac90ca0fc6f2da1639a15aea8ed3e94d
biz-401,650655617-001,low (review),"sponsor name 'FRANKS PLUMBING, INC.' matches; sponsor address differs (1609 UNITED STREET, KEY WEST FL 33040)",5500-SF,2024,20250704160148NAL0001647969001,"FRANK'S PLUMBING, INC. 401(K) PROFIT SHARING PLAN & TRUST","FRANKS PLUMBING, INC.",,650655617,FL,2024-01-01,2024-12-31,2025-07-04,6,2E 2F 2G 2J 2K 2S 2T,2E2F2G2J2K2S2T3D,0,0,FILING_RECEIVED,DOL_FORM_5500_SF_2024,https://askebsa.dol.gov/FOIA%20Files/2024/Latest/F_5500_SF_2024_Latest.zip,11370908e2bbc78d1d418b2f2a2177875e0524c12b69a181432d6fd65a5966c3
biz-401,650655617-001,low (review),"sponsor name 'FRANKS PLUMBING, INC.' matches; sponsor address differs (1609 UNITED STREET, KEY WEST FL 33040)",5500-SF,2025,20260617165219NAL0001339123001,"FRANK'S PLUMBING, INC. 401(K) PROFIT SHARING PLAN & TRUST","FRANKS PLUMBING, INC.",,650655617,FL,2025-01-01,2025-12-31,2026-06-17,5,2E 2F 2G 2J 2K 2S 2T,2E2F2G2J2K2S2T3D,0,0,FILING_RECEIVED,DOL_FORM_5500_SF_2025,https://askebsa.dol.gov/FOIA%20Files/2025/Latest/F_5500_SF_2025_Latest.zip,2db4677bd93455ccc082d378fdd56594ac90ca0fc6f2da1639a15aea8ed3e94d
biz-234,821191268-001,low (review),"sponsor name 'LEGACY PLUMBING LLC' matches; sponsor address differs (3522 4TH AVE S, FARGO ND 581032224)",5500-SF,2024,20250715154538NAL0005097282001,LEGACY PLUMBING LLC 401(K) PROFIT SHARING PLAN & TRUST,LEGACY PLUMBING LLC,,821191268,ND,2024-01-01,2024-12-31,2025-07-15,45,2E 2F 2G 2J 2K 2T,2E2F2G2J2K2T3D,0,0,FILING_RECEIVED,DOL_FORM_5500_SF_2024,https://askebsa.dol.gov/FOIA%20Files/2024/Latest/F_5500_SF_2024_Latest.zip,11370908e2bbc78d1d418b2f2a2177875e0524c12b69a181432d6fd65a5966c3
biz-234,452367006-001,low (review),"sponsor name 'LEGACY PLUMBING COMPANY' matches; sponsor address differs (709 BUCKHORN DR, LAKE ORION MI 483622823)",5500-SF,2024,20250717094518NAL0000089024001,LEGACY PLUMBING COMPANY 401(K) PROFIT SHARING PLAN & TRUST,LEGACY PLUMBING COMPANY,,452367006,MI,2025-01-01,2025-03-14,2025-07-17,0,2E 2F 2G 2J 2K 2S 2T,2E2F2G2J2K2S2T3D,1,0,FILING_RECEIVED,DOL_FORM_5500_SF_2024,https://askebsa.dol.gov/FOIA%20Files/2024/Latest/F_5500_SF_2024_Latest.zip,11370908e2bbc78d1d418b2f2a2177875e0524c12b69a181432d6fd65a5966c3
biz-234,452367006-001,low (review),"sponsor name 'LEGACY PLUMBING COMPANY' matches; sponsor address differs (709 BUCKHORN DR, LAKE ORION MI 483622823)",5500-SF,2024,20250925111145NAL0010401107001,LEGACY PLUMBING COMPANY 401(K) PROFIT SHARING PLAN & TRUST,LEGACY PLUMBING COMPANY,,452367006,MI,2024-01-01,2024-12-31,2025-09-25,3,2E 2F 2G 2J 2K 2S 2T,2E2F2G2J2K2S2T3D,0,0,FILING_RECEIVED,DOL_FORM_5500_SF_2024,https://askebsa.dol.gov/FOIA%20Files/2024/Latest/F_5500_SF_2024_Latest.zip,11370908e2bbc78d1d418b2f2a2177875e0524c12b69a181432d6fd65a5966c3
biz-234,571176287-001,low (review),"sponsor name 'LEGACY PLUMBING COMPANY, INC.' matches; sponsor address differs (1200 NATE COVE, CORDOVA TN 38018)",5500-SF,2024,20250916094226NAL0001838305001,LEGACY PLUMBING 401(K) PLAN,"LEGACY PLUMBING COMPANY, INC.",,571176287,TN,2024-01-01,2024-12-31,2025-09-16,32,2E 2F 2G 2J 2K 2T 2S,2E2F2G2J2K2T3D2S,0,0,FILING_RECEIVED,DOL_FORM_5500_SF_2024,https://askebsa.dol.gov/FOIA%20Files/2024/Latest/F_5500_SF_2024_Latest.zip,11370908e2bbc78d1d418b2f2a2177875e0524c12b69a181432d6fd65a5966c3
biz-234,571176287-001,low (review),"sponsor name 'LEGACY PLUMBING COMPANY, INC.' matches; sponsor address differs (1200 NATE COVE, CORDOVA TN 38018)",5500-SF,2025,20260714185443NAL0001994481001,LEGACY PLUMBING 401(K) PLAN,"LEGACY PLUMBING COMPANY, INC.",,571176287,TN,2025-01-01,2025-12-31,2026-07-14,31,2E 2F 2G 2J 2K 2T 2S,2E2F2G2J2K2T3D2S,0,0,FILING_RECEIVED,DOL_FORM_5500_SF_2025,https://askebsa.dol.gov/FOIA%20Files/2025/Latest/F_5500_SF_2025_Latest.zip,2db4677bd93455ccc082d378fdd56594ac90ca0fc6f2da1639a15aea8ed3e94d
biz-234,994567446-001,low (review),"sponsor name 'LEGACY PLUMBING COMPANY LLC' matches; sponsor address differs (1814 WAIHEE ST, HONOLULU HI 96817)",5500-SF,2025,20260722192215NAL0010520867001,LEGACY PLUMBING COMPANY LLC 401K PLAN,LEGACY PLUMBING COMPANY LLC,,994567446,HI,2025-08-01,2025-12-31,2026-07-22,3,2E 2F 2G 2J 2K 2S 2T,2E2F2G2J2K2S2T3D,0,0,FILING_RECEIVED,DOL_FORM_5500_SF_2025,https://askebsa.dol.gov/FOIA%20Files/2025/Latest/F_5500_SF_2025_Latest.zip,2db4677bd93455ccc082d378fdd56594ac90ca0fc6f2da1639a15aea8ed3e94d
biz-234,821191268-001,low (review),"sponsor name 'LEGACY PLUMBING LLC' matches; sponsor address differs (3522 4TH AVE S, FARGO ND 581032224)",5500-SF,2025,20260424141951NAL0005790753001,LEGACY PLUMBING LLC 401(K) PROFIT SHARING PLAN & TRUST,LEGACY PLUMBING LLC,,821191268,ND,2025-01-01,2025-12-31,2026-04-24,58,2E 2F 2G 2J 2K 2T,2E2F2G2J2K2T3D,0,0,FILING_RECEIVED,DOL_FORM_5500_SF_2025,https://askebsa.dol.gov/FOIA%20Files/2025/Latest/F_5500_SF_2025_Latest.zip,2db4677bd93455ccc082d378fdd56594ac90ca0fc6f2da1639a15aea8ed3e94d
biz-241,462541707-001,low (review),"sponsor name 'P&E MECHANICAL CONTRACTORS, LLC' matches; sponsor address differs (5279 N. STATE HWY 6, WACO TX 76710)",5500-SF,2024,20250616161703NAL0002521458001,"P&E MECHANICAL CONTRACTORS, LLC 401(K) PLAN","P&E MECHANICAL CONTRACTORS, LLC",,462541707,TX,2024-01-01,2024-12-31,2025-06-16,56,2A 2E 2F 2G 2J 2K 2T,2A2E2F2G2J2K2T3D,0,0,FILING_RECEIVED,DOL_FORM_5500_SF_2024,https://askebsa.dol.gov/FOIA%20Files/2024/Latest/F_5500_SF_2024_Latest.zip,11370908e2bbc78d1d418b2f2a2177875e0524c12b69a181432d6fd65a5966c3
biz-241,462541707-001,low (review),"sponsor name 'P&E MECHANICAL CONTRACTORS, LLC' matches; sponsor address differs (5279 N. STATE HWY 6, WACO TX 76710)",5500-SF,2025,20260914112440NAL0003545074001,"P&E MECHANICAL CONTRACTORS, LLC 401(K) PLAN","P&E MECHANICAL CONTRACTORS, LLC",,462541707,TX,2025-01-01,2025-12-31,2026-09-14,71,2A 2E 2F 2G 2J 2K 2T,2A2E2F2G2J2K2T3D,0,0,FILING_RECEIVED,DOL_FORM_5500_SF_2025,https://askebsa.dol.gov/FOIA%20Files/2025/Latest/F_5500_SF_2025_Latest.zip,2db4677bd93455ccc082d378fdd56594ac90ca0fc6f2da1639a15aea8ed3e94d
biz-895,462541707-001,low (review),"sponsor name 'P&E MECHANICAL CONTRACTORS, LLC' matches; sponsor address differs (5279 N. STATE HWY 6, WACO TX 76710)",5500-SF,2024,20250616161703NAL0002521458001,"P&E MECHANICAL CONTRACTORS, LLC 401(K) PLAN","P&E MECHANICAL CONTRACTORS, LLC",,462541707,TX,2024-01-01,2024-12-31,2025-06-16,56,2A 2E 2F 2G 2J 2K 2T,2A2E2F2G2J2K2T3D,0,0,FILING_RECEIVED,DOL_FORM_5500_SF_2024,https://askebsa.dol.gov/FOIA%20Files/2024/Latest/F_5500_SF_2024_Latest.zip,11370908e2bbc78d1d418b2f2a2177875e0524c12b69a181432d6fd65a5966c3
biz-895,462541707-001,low (review),"sponsor name 'P&E MECHANICAL CONTRACTORS, LLC' matches; sponsor address differs (5279 N. STATE HWY 6, WACO TX 76710)",5500-SF,2025,20260914112440NAL0003545074001,"P&E MECHANICAL CONTRACTORS, LLC 401(K) PLAN","P&E MECHANICAL CONTRACTORS, LLC",,462541707,TX,2025-01-01,2025-12-31,2026-09-14,71,2A 2E 2F 2G 2J 2K 2T,2A2E2F2G2J2K2T3D,0,0,FILING_RECEIVED,DOL_FORM_5500_SF_2025,https://askebsa.dol.gov/FOIA%20Files/2025/Latest/F_5500_SF_2025_Latest.zip,2db4677bd93455ccc082d378fdd56594ac90ca0fc6f2da1639a15aea8ed3e94d
biz-702,581969301-001,low (review),"sponsor name 'METRO HEATING AND COOLING, INC' matches; sponsor address differs (1395 OLD MCDONOUGH HWY SE, CONYERS GA 300945937)",5500-SF,2024,20250716080019NAL0002849809001,METRO HEATING AND COOLING 401(K) PSP AND TRUST,"METRO HEATING AND COOLING, INC",,581969301,GA,2024-01-01,2024-12-31,2025-07-16,8,2E 2G 2J 2K 2F 2T,2E3D2G2J2K2F2T,0,0,FILING_RECEIVED,DOL_FORM_5500_SF_2024,https://askebsa.dol.gov/FOIA%20Files/2024/Latest/F_5500_SF_2024_Latest.zip,11370908e2bbc78d1d418b2f2a2177875e0524c12b69a181432d6fd65a5966c3
biz-702,270208409-001,low (review),"sponsor name 'METRO HEATING & COOLING LLC' matches; sponsor address differs (1220 COPE AVE E, MAPLEWOOD MN 551092505)",5500-SF,2024,20250408082838NAL0035367490001,METRO HEATING & COOLING LLC 401(K) PROFIT SHARING PLAN & TRUST,METRO HEATING & COOLING LLC,,270208409,MN,2024-01-01,2024-12-31,2025-04-08,40,2E 2F 2G 2J 2K 2T,2E2F2G2J2K2T3D,0,0,FILING_RECEIVED,DOL_FORM_5500_SF_2024,https://askebsa.dol.gov/FOIA%20Files/2024/Latest/F_5500_SF_2024_Latest.zip,11370908e2bbc78d1d418b2f2a2177875e0524c12b69a181432d6fd65a5966c3
biz-702,431411489-001,low (review),"sponsor name 'METRO HEATING & COOLING' matches; sponsor address differs (774 MERUS COURT, FENTON MO 63026)",5500-SF,2024,20250730144253NAL0004902033001,METRO HEATING & COOLING 401(K) PLAN,METRO HEATING & COOLING,,431411489,MO,2024-01-01,2024-12-31,2025-07-30,4,2A 2E 2F 2G 2J 2K 2T,2A2E2F2G2J2K2T3D,0,0,FILING_RECEIVED,DOL_FORM_5500_SF_2024,https://askebsa.dol.gov/FOIA%20Files/2024/Latest/F_5500_SF_2024_Latest.zip,11370908e2bbc78d1d418b2f2a2177875e0524c12b69a181432d6fd65a5966c3
biz-702,581969301-001,low (review),"sponsor name 'METRO HEATING AND COOLING, INC' matches; sponsor address differs (1395 OLD MCDONOUGH HWY SE, CONYERS GA 300945937)",5500-SF,2025,20260720091438NAL0009591953001,METRO HEATING AND COOLING 401(K) PSP AND TRUST,"METRO HEATING AND COOLING, INC",,581969301,GA,2025-01-01,2025-12-31,2026-07-20,9,2E 2G 2J 2K 2F 2T,2E3D2G2J2K2F2T,0,0,FILING_RECEIVED,DOL_FORM_5500_SF_2025,https://askebsa.dol.gov/FOIA%20Files/2025/Latest/F_5500_SF_2025_Latest.zip,2db4677bd93455ccc082d378fdd56594ac90ca0fc6f2da1639a15aea8ed3e94d
biz-702,270208409-001,low (review),"sponsor name 'METRO HEATING & COOLING LLC' matches; sponsor address differs (1220 COPE AVE E, MAPLEWOOD MN 551092505)",5500-SF,2025,20260417111118NAL0029872240001,METRO HEATING & COOLING LLC 401(K) PROFIT SHARING PLAN & TRUST,METRO HEATING & COOLING LLC,,270208409,MN,2025-01-01,2025-12-31,2026-04-17,40,2E 2F 2G 2J 2T 2K,2E2F2G3D2J2T2K,0,0,FILING_RECEIVED,DOL_FORM_5500_SF_2025,https://askebsa.dol.gov/FOIA%20Files/2025/Latest/F_5500_SF_2025_Latest.zip,2db4677bd93455ccc082d378fdd56594ac90ca0fc6f2da1639a15aea8ed3e94d
biz-103,202511261-001,medium,"sponsor name '24/7 PLUMBING SERVICES LLC' matches; sponsor address corroborates (1107 KATYLAND DR., KATY TX 77493)",5500-SF,2025,20260723123248NAL0020757746001,24/7 PLUMBING SERVICES 401(K) PLAN,24/7 PLUMBING SERVICES LLC,,202511261,TX,2025-01-01,2025-12-31,2026-07-23,26,2F 2G 2J 2K 2S 2T,2F2G2J2K2S2T3D,0,0,FILING_RECEIVED,DOL_FORM_5500_SF_2025,https://askebsa.dol.gov/FOIA%20Files/2025/Latest/F_5500_SF_2025_Latest.zip,2db4677bd93455ccc082d378fdd56594ac90ca0fc6f2da1639a15aea8ed3e94d
biz-190,752551369-001,medium,"sponsor name 'M & W BIO, INC.' matches; sponsor address corroborates (1320 FORD ST., IRVING TX 75061)",5500-SF,2025,20260423065526NAL0007045936001,"M & W BIO, INC. 401(K) PLAN","M & W BIO, INC.",,752551369,TX,2025-01-01,2025-12-31,2026-04-23,13,2A 2E 2F 2G 2J 2K 2T,2A2E2F2G2J2K2T3D,0,0,FILING_RECEIVED,DOL_FORM_5500_SF_2025,https://askebsa.dol.gov/FOIA%20Files/2025/Latest/F_5500_SF_2025_Latest.zip,2db4677bd93455ccc082d378fdd56594ac90ca0fc6f2da1639a15aea8ed3e94d
biz-072,742194094-001,medium,"sponsor EIN 742194094 equals FEIN embedded in verified Texas taxpayer number; sponsor address corroborates (P.O. BOX 627, MANCHACA TX 78652)",5500-SF,2025,20260408071454NAL0009941201001,THE PORTER COMPANY 401(K) PLAN AND TRUST,THE PORTER COMPANY/MECHANICAL CONTRACTORS DBA THE PORTER COMPANY,,742194094,TX,2026-01-01,2026-01-22,2026-04-08,0,2E 2F 2G 2J 2K 2S 2T,2E2F2G2J2K2S2T3D3H,1,0,FILING_RECEIVED,DOL_FORM_5500_SF_2025,https://askebsa.dol.gov/FOIA%20Files/2025/Latest/F_5500_SF_2025_Latest.zip,2db4677bd93455ccc082d378fdd56594ac90ca0fc6f2da1639a15aea8ed3e94d
biz-074,264773162-001,medium,"sponsor name 'SUNTECH MECHANICAL INC.' matches; sponsor address corroborates (7505 ALAMEDA AVE, EL PASO TX 79915)",5500-SF,2025,20260504125028NAL0004161153001,SUNTECH MECHANICAL 401(K) PLAN,SUNTECH MECHANICAL INC.,,264773162,TX,2025-01-01,2025-12-31,2026-05-04,41,2F 2G 2J 2K 2T,2F2G2J2K2T3D,0,0,FILING_RECEIVED,DOL_FORM_5500_SF_2025,https://askebsa.dol.gov/FOIA%20Files/2025/Latest/F_5500_SF_2025_Latest.zip,2db4677bd93455ccc082d378fdd56594ac90ca0fc6f2da1639a15aea8ed3e94d
biz-766,402033336-001,medium,"sponsor name 'TRIAD PHC, LLC' matches; sponsor address corroborates (7001 HWY 183 SOUTH, AUSTIN TX 78744)",5500-SF,2025,20260325103730NAL0004399056001,TRIAD PHC 401(K) PLAN,"TRIAD PHC, LLC",,402033336,TX,2025-01-01,2025-12-31,2026-03-25,40,2A 2E 2J 2K 2F 2G 2R 2T,2A2E2J2K2F2G2R3D2T,0,0,FILING_RECEIVED,DOL_FORM_5500_SF_2025,https://askebsa.dol.gov/FOIA%20Files/2025/Latest/F_5500_SF_2025_Latest.zip,2db4677bd93455ccc082d378fdd56594ac90ca0fc6f2da1639a15aea8ed3e94d
biz-002,261511992-001,medium,"sponsor name 'STEWART PLUMBING CO.' matches; sponsor address corroborates (8710 BUSINESS COURT, CONVERSE TX 78109)",5500-SF,2025,20260708152952NAL0017296451001,STEWART PLUMBING CO. 401(K) PLAN,STEWART PLUMBING CO.,,261511992,TX,2025-01-01,2025-12-31,2026-07-08,14,2G 2J,2G2J3D3B,0,0,FILING_RECEIVED,DOL_FORM_5500_SF_2025,https://askebsa.dol.gov/FOIA%20Files/2025/Latest/F_5500_SF_2025_Latest.zip,2db4677bd93455ccc082d378fdd56594ac90ca0fc6f2da1639a15aea8ed3e94d
biz-574,760107437-001,high,"sponsor EIN 760107437 equals FEIN embedded in verified Texas taxpayer number; sponsor name 'AAA PLUMBERS, INC.' matches; sponsor address corroborates (6547 PETROPARK DRIVE, HOUSTON TX 77041)",5500-SF,2025,20260807125349NAL0005927107001,AAA PLUMBERS 401(K) PLAN,"AAA PLUMBERS, INC.",,760107437,TX,2025-01-01,2025-12-31,2026-08-07,55,2E 2F 2G 2J 2K 2T,2E2F2G2J2K2T3D,0,0,FILING_RECEIVED,DOL_FORM_5500_SF_2025,https://askebsa.dol.gov/FOIA%20Files/2025/Latest/F_5500_SF_2025_Latest.zip,2db4677bd93455ccc082d378fdd56594ac90ca0fc6f2da1639a15aea8ed3e94d
biz-929,383827873-001,low (review),"sponsor name 'COLD TEX REFRIGERATION, LLC' matches; sponsor address differs (109 METRO DRIVE, TERRELL TX 75160)",5500-SF,2024,20250602144920NAL0006897843001,COLD TEX REFRIGERATION 401(K) PLAN,"COLD TEX REFRIGERATION, LLC",,383827873,TX,2024-01-01,2024-12-31,2025-06-02,32,2S 2E 2G 2J 2K 2F 2T,2S2E3D2G2J2K2F2T,0,0,FILING_RECEIVED,DOL_FORM_5500_SF_2024,https://askebsa.dol.gov/FOIA%20Files/2024/Latest/F_5500_SF_2024_Latest.zip,11370908e2bbc78d1d418b2f2a2177875e0524c12b69a181432d6fd65a5966c3
biz-929,383827873-001,low (review),"sponsor name 'COLD TEX REFRIGERATION, LLC' matches; sponsor address differs (109 METRO DRIVE, TERRELL TX 75160)",5500-SF,2025,20260715094444NAL0002702593001,COLD TEX REFRIGERATION 401(K) PLAN,"COLD TEX REFRIGERATION, LLC",,383827873,TX,2025-01-01,2025-12-31,2026-07-15,43,2S 2E 2G 2J 2K 2F 2T,2S2E3D2G2J2K2F2T,0,0,FILING_RECEIVED,DOL_FORM_5500_SF_2025,https://askebsa.dol.gov/FOIA%20Files/2025/Latest/F_5500_SF_2025_Latest.zip,2db4677bd93455ccc082d378fdd56594ac90ca0fc6f2da1639a15aea8ed3e94d
biz-666,202964810-001,low (review),"sponsor name 'CUSTOM MECHANICAL INC.' matches; sponsor address differs (306 N W EL NORTE PKWY #68, ESCONDIDO CA 92026)",5500-SF,2024,20250515141524NAL0030716672001,CUSTOM MECHANICAL INC. PREVAILING WAGE 401(K) PLAN,CUSTOM MECHANICAL INC.,,202964810,CA,2024-01-01,2024-12-31,2025-05-15,2,2A 2E 2F 2G 2J 2K 2T,2A2E2F2G2J2K2T3D,0,0,FILING_RECEIVED,DOL_FORM_5500_SF_2024,https://askebsa.dol.gov/FOIA%20Files/2024/Latest/F_5500_SF_2024_Latest.zip,11370908e2bbc78d1d418b2f2a2177875e0524c12b69a181432d6fd65a5966c3
biz-666,650343966-001,low (review),"sponsor name 'CUSTOM MECHANICAL INCORPORATED' matches; sponsor address differs (202 OLD DIXIE HWY, LAKE PARK FL 33403)",5500-SF,2024,20251105092326NAL0010608033001,CMI 401(K) PLAN,CUSTOM MECHANICAL INCORPORATED,,650343966,FL,2024-01-01,2024-12-31,2025-11-05,110,2A 2E 2F 2G 2J 2S,2A2E2F2G2J2S3D,0,0,FILING_RECEIVED,DOL_FORM_5500_SF_2024,https://askebsa.dol.gov/FOIA%20Files/2024/Latest/F_5500_SF_2024_Latest.zip,11370908e2bbc78d1d418b2f2a2177875e0524c12b69a181432d6fd65a5966c3
biz-666,202964810-001,low (review),"sponsor name 'CUSTOM MECHANICAL INC.' matches; sponsor address differs (306 N W EL NORTE PKWY. SUITE 68, ESCONDIDO CA 92026)",5500-SF,2025,20260430153057NAL0000049745001,CUSTOM MECHANICAL INC. PREVAILING WAGE 401(K) PLAN,CUSTOM MECHANICAL INC.,,202964810,CA,2025-01-01,2025-12-31,2026-04-30,3,2E 2F 2G 2J 2K 2T,2E2F2G2J2K2T3D,0,0,FILING_RECEIVED,DOL_FORM_5500_SF_2025,https://askebsa.dol.gov/FOIA%20Files/2025/Latest/F_5500_SF_2025_Latest.zip,2db4677bd93455ccc082d378fdd56594ac90ca0fc6f2da1639a15aea8ed3e94d
biz-726,741767499-001,medium,sponsor name 'JAY HARKINS COMPANY' / DBA 'HARKINS COMPANY' matches; sponsor ZIP corroborates (ELGIN TX 78621),5500-SF,2024,20250610115251NAL0014770353001,JAY HARKINS CO RETIREMENT PLAN,JAY HARKINS COMPANY,HARKINS COMPANY,741767499,TX,2024-01-01,2024-12-31,2025-06-10,12,2A 2E 2F 2G 2J 2K 2T,2A2E2F2G2J2K2T3D,,,FILING_RECEIVED,DOL_FORM_5500_SF_2024,https://askebsa.dol.gov/FOIA%20Files/2024/Latest/F_5500_SF_2024_Latest.zip,11370908e2bbc78d1d418b2f2a2177875e0524c12b69a181432d6fd65a5966c3
biz-145,061543096-001,low (review),"sponsor name 'AIR SOLUTIONS, INC.' matches; sponsor address differs (430 FAIRFIELD AVENUE, STAMFORD CT 06902)",5500-SF,2024,20250408143038NAL0011217155001,"AIR SOLUTIONS, INC. 401(K) PROFIT SHARING PLAN","AIR SOLUTIONS, INC.",,061543096,CT,2024-01-01,2024-12-31,2025-04-08,67,2E 2F 2G 2J 2T,2E2F2G2J2T3D,0,0,FILING_RECEIVED,DOL_FORM_5500_SF_2024,https://askebsa.dol.gov/FOIA%20Files/2024/Latest/F_5500_SF_2024_Latest.zip,11370908e2bbc78d1d418b2f2a2177875e0524c12b69a181432d6fd65a5966c3
biz-145,473838540-001,low (review),"sponsor name 'AIR SOLUTIONS, LLC' matches; sponsor address differs (703 SANDOVAL WAY, HAYWARD CA 94544)",5500-SF,2024,20251009153959NAL0006821057001,AIR SOLUTIONS 401(K) PLAN,"AIR SOLUTIONS, LLC",,473838540,CA,2024-01-01,2024-12-31,2025-10-09,16,2E 2G 2J 2K 2F 2T,2E3D2G2J2K2F2T,0,0,FILING_RECEIVED,DOL_FORM_5500_SF_2024,https://askebsa.dol.gov/FOIA%20Files/2024/Latest/F_5500_SF_2024_Latest.zip,11370908e2bbc78d1d418b2f2a2177875e0524c12b69a181432d6fd65a5966c3
biz-145,061543096-001,low (review),"sponsor name 'AIR SOLUTIONS, INC.' matches; sponsor address differs (430 FAIRFIELD AVENUE, STAMFORD CT 06902)",5500-SF,2025,20260303090746NAL0005397778001,"AIR SOLUTIONS, INC. 401(K) PROFIT SHARING PLAN","AIR SOLUTIONS, INC.",,061543096,CT,2025-01-01,2025-12-31,2026-03-03,64,2E 2F 2G 2J 2T,2E2F2G2J2T3D,0,0,FILING_RECEIVED,DOL_FORM_5500_SF_2025,https://askebsa.dol.gov/FOIA%20Files/2025/Latest/F_5500_SF_2025_Latest.zip,2db4677bd93455ccc082d378fdd56594ac90ca0fc6f2da1639a15aea8ed3e94d
biz-957,251258883-001,low (review),"sponsor name 'TOWER ENGINEERING INC' matches; sponsor address differs (115 EVERGREEN HEIGHTS DR, PITTSBURGH PA 152291346)",5500-SF,2024,20250505065334NAL0007885617001,TOWER ENGINEERING INC 401(K) PROFIT SHARING PLAN & TRUST,TOWER ENGINEERING INC,,251258883,PA,2024-01-01,2024-12-31,2025-05-05,26,2E 2F 2G 2J 2K 2T,2E2F2G2J2K2T3D,0,0,FILING_RECEIVED,DOL_FORM_5500_SF_2024,https://askebsa.dol.gov/FOIA%20Files/2024/Latest/F_5500_SF_2024_Latest.zip,11370908e2bbc78d1d418b2f2a2177875e0524c12b69a181432d6fd65a5966c3
biz-957,251258883-001,low (review),"sponsor name 'TOWER ENGINEERING INC' matches; sponsor address differs (115 EVERGREEN HEIGHTS DR, PITTSBURGH PA 152291346)",5500-SF,2025,20260527073708NAL0006309889001,TOWER ENGINEERING INC 401(K) PROFIT SHARING PLAN & TRUST,TOWER ENGINEERING INC,,251258883,PA,2025-01-01,2025-12-31,2026-05-27,25,2E 2F 2G 2J 2K 2T,2E2F2G2J2K2T3D,0,0,FILING_RECEIVED,DOL_FORM_5500_SF_2025,https://askebsa.dol.gov/FOIA%20Files/2025/Latest/F_5500_SF_2025_Latest.zip,2db4677bd93455ccc082d378fdd56594ac90ca0fc6f2da1639a15aea8ed3e94d
biz-033,911346429-002,low (review),"sponsor name 'UNITED PLUMBING, INC.' / DBA 'UNITED PLUMBING' matches; sponsor address differs (14751 N KELSEY ST., MONROE WA 98272)",5500-SF,2024,20250610102848NAL0011542979001,UNITED PLUMBING 401(K) PLAN,"UNITED PLUMBING, INC.",UNITED PLUMBING,911346429,WA,2024-01-01,2024-12-31,2025-06-10,18,2E 2J 2K 2T 2F 2G,2E2J2K3D2T2F2G3H,0,0,FILING_RECEIVED,DOL_FORM_5500_SF_2024,https://askebsa.dol.gov/FOIA%20Files/2024/Latest/F_5500_SF_2024_Latest.zip,11370908e2bbc78d1d418b2f2a2177875e0524c12b69a181432d6fd65a5966c3
biz-215,911346429-002,low (review),"sponsor name 'UNITED PLUMBING, INC.' / DBA 'UNITED PLUMBING' matches; sponsor address differs (14751 N KELSEY ST., MONROE WA 98272)",5500-SF,2024,20250610102848NAL0011542979001,UNITED PLUMBING 401(K) PLAN,"UNITED PLUMBING, INC.",UNITED PLUMBING,911346429,WA,2024-01-01,2024-12-31,2025-06-10,18,2E 2J 2K 2T 2F 2G,2E2J2K3D2T2F2G3H,0,0,FILING_RECEIVED,DOL_FORM_5500_SF_2024,https://askebsa.dol.gov/FOIA%20Files/2024/Latest/F_5500_SF_2024_Latest.zip,11370908e2bbc78d1d418b2f2a2177875e0524c12b69a181432d6fd65a5966c3
biz-984,541659257-001,low (review),"sponsor name 'C & E MECHANICAL CORP' matches; sponsor address differs (3265 BLACK CREEK DRIVE, MECHANICSVILLE VA 23111)",5500-SF,2024,20250220091134NAL0008596336001,C & E MECHANICAL CORP 401(K) PLAN,C & E MECHANICAL CORP,,541659257,VA,2024-01-01,2024-12-31,2025-02-20,3,2A 2E 2F 2G 2J 2K,2A2E2F2G2J2K3D,0,0,FILING_RECEIVED,DOL_FORM_5500_SF_2024,https://askebsa.dol.gov/FOIA%20Files/2024/Latest/F_5500_SF_2024_Latest.zip,11370908e2bbc78d1d418b2f2a2177875e0524c12b69a181432d6fd65a5966c3
biz-984,541659257-001,low (review),"sponsor name 'C & E MECHANICAL CORP.' matches; sponsor address differs (3265 BLACK CREEK DRIVE, MECHANICSVILLE VA 23111)",5500-SF,2025,20260529153625NAL0019385970001,C & E MECHANICAL CORP 401(K) PLAN,C & E MECHANICAL CORP.,,541659257,VA,2025-01-01,2025-12-31,2026-05-29,3,2A 2E 2J 2F 2G 2T,2A2E2J2F2G3D2T,0,0,FILING_RECEIVED,DOL_FORM_5500_SF_2025,https://askebsa.dol.gov/FOIA%20Files/2025/Latest/F_5500_SF_2025_Latest.zip,2db4677bd93455ccc082d378fdd56594ac90ca0fc6f2da1639a15aea8ed3e94d
biz-188,760331523-002,high,"sponsor EIN 760331523 equals FEIN embedded in verified Texas taxpayer number; sponsor name 'INFINITY SYSTEMS INC' matches; sponsor address differs (12014 WINDFERN RD, HOUSTON TX 77092)",5500-SF,2025,20260824145052NAL0024773200001,INFINITY SYSTEMS INC 401(K) PROFIT SHARING PLAN & TRUST,INFINITY SYSTEMS INC,,760331523,TX,2025-01-01,2025-12-31,2026-08-24,44,2A 2E 2F 2G 2J 2K 2T,2A2E2F2G2J2K2T3D,0,0,FILING_RECEIVED,DOL_FORM_5500_SF_2025,https://askebsa.dol.gov/FOIA%20Files/2025/Latest/F_5500_SF_2025_Latest.zip,2db4677bd93455ccc082d378fdd56594ac90ca0fc6f2da1639a15aea8ed3e94d
biz-188,330967171-001,low (review),"sponsor name 'INFINITY SYSTEMS, INC.' matches; sponsor address differs (22715 LA PALMA AVE, YORBA LINDA CA 92887)",5500-SF,2024,20250508103904NAL0026750626001,"INFINITY SYSTEMS, INC. RETIREMENT PLAN","INFINITY SYSTEMS, INC.",,330967171,CA,2024-01-01,2024-12-31,2025-05-08,10,2E 2F 2G 2J 2K 2S 2T,2E2F2G2J2K2S2T3D,0,0,FILING_RECEIVED,DOL_FORM_5500_SF_2024,https://askebsa.dol.gov/FOIA%20Files/2024/Latest/F_5500_SF_2024_Latest.zip,11370908e2bbc78d1d418b2f2a2177875e0524c12b69a181432d6fd65a5966c3
biz-188,330967171-001,low (review),"sponsor name 'INFINITY SYSTEMS, INC' matches; sponsor address differs (22715 LA PALMA AVE, YORBA LINDA CA 92887)",5500-SF,2025,20260506095104NAL0003333730001,"INFINITY SYSTEMS, INC. RETIREMENT PLAN","INFINITY SYSTEMS, INC",,330967171,CA,2025-01-01,2025-12-31,2026-05-06,11,2F 2G 2J 2K 2S 2T 2E,2F2G2J2K2S2T3D2E,0,0,FILING_RECEIVED,DOL_FORM_5500_SF_2025,https://askebsa.dol.gov/FOIA%20Files/2025/Latest/F_5500_SF_2025_Latest.zip,2db4677bd93455ccc082d378fdd56594ac90ca0fc6f2da1639a15aea8ed3e94d
biz-372,833185240-001,medium,"sponsor name 'MAVERICK PLUMBING & UTILITIES, LLC' matches; sponsor address corroborates (5802 WOOLDRIDGE BLDG B, CORPUS CHRISTI TX 78414)",5500-SF,2024,20250515092458NAL0044312626001,"MAVERICK PLUMBING & UTILITIES, LLC 401(K) PLAN","MAVERICK PLUMBING & UTILITIES, LLC",,833185240,TX,2024-01-01,2024-12-31,2025-05-15,6,2A 2E 2F 2G 2J 2K 2T,2A2E2F2G2J2K2T3D,0,,FILING_RECEIVED,DOL_FORM_5500_SF_2024,https://askebsa.dol.gov/FOIA%20Files/2024/Latest/F_5500_SF_2024_Latest.zip,11370908e2bbc78d1d418b2f2a2177875e0524c12b69a181432d6fd65a5966c3
biz-372,833185240-001,low (review),"sponsor name 'MAVERICK PLUMBING & UTILITIES, LLC' matches; sponsor address differs (6000 S STAPLES ST, CORPUS CHRISTI TX 78413)",5500-SF,2025,20260706094345NAL0030850834001,"MAVERICK PLUMBING & UTILITIES, LLC 401(K) PLAN","MAVERICK PLUMBING & UTILITIES, LLC",,833185240,TX,2025-01-01,2025-12-31,2026-07-06,21,2A 2E 2F 2G 2J 2K 2T,2A2E2F2G2J2K2T3D,0,0,FILING_RECEIVED,DOL_FORM_5500_SF_2025,https://askebsa.dol.gov/FOIA%20Files/2025/Latest/F_5500_SF_2025_Latest.zip,2db4677bd93455ccc082d378fdd56594ac90ca0fc6f2da1639a15aea8ed3e94d
biz-178,364748170-001,medium,"sponsor name 'NEU PLUMBING, INC.' matches; sponsor address corroborates (1117 FOUNDATION DRIVE, PILOT POINT TX 76258)",5500-SF,2025,20260528142919NAL0008888675001,NEU PLUMBING 401(K) & PROFIT SHARING PLAN,"NEU PLUMBING, INC.",,364748170,TX,2025-01-01,2025-12-31,2026-05-28,100,2A 2E 2G 2J 2K 2R 2F 2T,2A2E3D2G2J2K2R2F2T,0,0,FILING_RECEIVED,DOL_FORM_5500_SF_2025,https://askebsa.dol.gov/FOIA%20Files/2025/Latest/F_5500_SF_2025_Latest.zip,2db4677bd93455ccc082d378fdd56594ac90ca0fc6f2da1639a15aea8ed3e94d
biz-180,202183286-001,medium,"sponsor name 'TDR CONTRACTORS' matches; sponsor address corroborates (1523 W. TYLER ST., GILMER TX 75644)",5500-SF,2025,20260709204738NAL0000646851001,"TDR CONTRACTORS, INC. 401K PLAN",TDR CONTRACTORS,,202183286,TX,2025-01-01,2025-12-31,2026-07-09,173,2E 2J 2K 2F 2G 2T,2E2J2K2F2G3D2T,0,0,FILING_RECEIVED,DOL_FORM_5500_SF_2025,https://askebsa.dol.gov/FOIA%20Files/2025/Latest/F_5500_SF_2025_Latest.zip,2db4677bd93455ccc082d378fdd56594ac90ca0fc6f2da1639a15aea8ed3e94d
biz-1009,611756402-001,medium,"sponsor name 'CAPITAL INDUSTRIES, LLC' matches; sponsor address corroborates (505 CYPRESS CREEK ROAD., SUITE K, CEDAR PARK TX 78613)",5500-SF,2025,20260802210841NAL0023898355001,"CAPITAL INDUSTRIES, LLC 401(K) PLAN","CAPITAL INDUSTRIES, LLC",,611756402,TX,2025-01-01,2025-12-31,2026-08-02,38,2E 2F 2G 2J 2K 2S 2T,2E2F2G2J2K2S2T3D,0,0,FILING_RECEIVED,DOL_FORM_5500_SF_2025,https://askebsa.dol.gov/FOIA%20Files/2025/Latest/F_5500_SF_2025_Latest.zip,2db4677bd93455ccc082d378fdd56594ac90ca0fc6f2da1639a15aea8ed3e94d
biz-1009,134122430-001,low (review),"sponsor name 'STATE CONTRACTING CORP OF NY' / DBA 'CAPITAL INDUSTRIES' matches; sponsor address differs (555 SAW MILL RIVER ROAD, YONKERS NY 10701)",5500-SF,2024,20250617151623NAL0004506610001,CAPITAL WRECKING 401(K) PLAN,STATE CONTRACTING CORP OF NY,CAPITAL INDUSTRIES,134122430,NY,2024-01-01,2024-12-31,2025-06-17,119,2A 2E 2F 2G 2J 2K,2A2E2F2G2J2K3D,0,,FILING_RECEIVED,DOL_FORM_5500_SF_2024,https://askebsa.dol.gov/FOIA%20Files/2024/Latest/F_5500_SF_2024_Latest.zip,11370908e2bbc78d1d418b2f2a2177875e0524c12b69a181432d6fd65a5966c3
biz-1009,910602278-002,low (review),"sponsor name 'CAPITAL INDUSTRIES, INC.' matches; sponsor address differs (PO BOX 80983, SEATTLE WA 98108)",5500-SF,2024,20250529191716NAL0013973792001,"CAPITAL INDUSTRIES, INC., 401(K) SAVINGS PLAN","CAPITAL INDUSTRIES, INC.",,910602278,WA,2024-01-01,2024-12-31,2025-05-29,24,2E 2F 2G 2J 2K 2T,2E2F2G2J2K2T3D,0,0,FILING_RECEIVED,DOL_FORM_5500_SF_2024,https://askebsa.dol.gov/FOIA%20Files/2024/Latest/F_5500_SF_2024_Latest.zip,11370908e2bbc78d1d418b2f2a2177875e0524c12b69a181432d6fd65a5966c3
biz-1009,910602278-002,low (review),"sponsor name 'CAPITAL INDUSTRIES, INC.' matches; sponsor address differs (PO BOX 80983, SEATTLE WA 98108)",5500-SF,2025,20260519094112NAL0000482259001,"CAPITAL INDUSTRIES, INC., 401(K) SAVINGS PLAN","CAPITAL INDUSTRIES, INC.",,910602278,WA,2025-01-01,2025-12-31,2026-05-19,22,2E 2F 2G 2J 2K 2T,2E2F2G2J2K2T3D,0,0,FILING_RECEIVED,DOL_FORM_5500_SF_2025,https://askebsa.dol.gov/FOIA%20Files/2025/Latest/F_5500_SF_2025_Latest.zip,2db4677bd93455ccc082d378fdd56594ac90ca0fc6f2da1639a15aea8ed3e94d
biz-1009,134122430-001,low (review),"sponsor name 'STATE CONTRACTING CORP OF NY' / DBA 'CAPITAL INDUSTRIES' matches; sponsor address differs (555 SAW MILL RIVER ROAD, YONKERS NY 10701)",5500-SF,2025,20260710145042NAL0001565393001,CAPITAL WRECKING 401(K) PLAN,STATE CONTRACTING CORP OF NY,CAPITAL INDUSTRIES,134122430,NY,2025-01-01,2025-12-31,2026-07-10,127,2A 2E 2F 2G 2J 2K,2A2E2F2G2J2K3D,0,,FILING_RECEIVED,DOL_FORM_5500_SF_2025,https://askebsa.dol.gov/FOIA%20Files/2025/Latest/F_5500_SF_2025_Latest.zip,2db4677bd93455ccc082d378fdd56594ac90ca0fc6f2da1639a15aea8ed3e94d
biz-663,204267344-001,high,"sponsor EIN 204267344 equals FEIN embedded in verified Texas taxpayer number; sponsor name 'EXCEL FIRE PROTECTION SYSTEMS' matches; sponsor address corroborates (321 N CENTRAL EXPY STE 257, MCKINNEY TX 750703560)",5500-SF,2025,20260413095413NAL0029765538001,EXCEL FIRE PROTECTION SYSTEMS 401(K) PROFIT SHARING PLAN & TRUST,EXCEL FIRE PROTECTION SYSTEMS,,204267344,TX,2025-01-01,2025-12-31,2026-04-13,24,2E 2F 2G 2J 2T,2E2F2G2J2T3D,0,0,FILING_RECEIVED,DOL_FORM_5500_SF_2025,https://askebsa.dol.gov/FOIA%20Files/2025/Latest/F_5500_SF_2025_Latest.zip,2db4677bd93455ccc082d378fdd56594ac90ca0fc6f2da1639a15aea8ed3e94d
biz-771,204010142-001,low (review),"sponsor name 'IDEAL AIR SERVICES INC' matches; sponsor address differs (3920 PITTS RD, KATY TX 77493)",5500-SF,2024,20250611125423NAL0015953393001,IDEAL AIR SERVICES - 401(K) PLAN,IDEAL AIR SERVICES INC,,204010142,TX,2024-01-01,2024-12-31,2025-06-11,17,2E 2F 2G 2J 2K 2S 2T,2E2F2G2J2K2S2T3D,0,0,FILING_RECEIVED,DOL_FORM_5500_SF_2024,https://askebsa.dol.gov/FOIA%20Files/2024/Latest/F_5500_SF_2024_Latest.zip,11370908e2bbc78d1d418b2f2a2177875e0524c12b69a181432d6fd65a5966c3
biz-771,204010142-001,low (review),"sponsor name 'IDEAL AIR SERVICES INC' matches; sponsor address differs (3920 PITTS RD, KATY TX 77493)",5500-SF,2025,20260501144055NAL0000857043001,IDEAL AIR SERVICES - 401(K) PLAN,IDEAL AIR SERVICES INC,,204010142,TX,2025-01-01,2025-10-31,2026-05-01,0,2E 2F 2G 2J 2K 2S 2T,2E2F2G2J2K2S2T3D,1,0,FILING_RECEIVED,DOL_FORM_5500_SF_2025,https://askebsa.dol.gov/FOIA%20Files/2025/Latest/F_5500_SF_2025_Latest.zip,2db4677bd93455ccc082d378fdd56594ac90ca0fc6f2da1639a15aea8ed3e94d
biz-303,751972619-001,high,"sponsor EIN 751972619 equals FEIN embedded in verified Texas taxpayer number; sponsor name 'A & G PIPING, INC.' matches; sponsor address corroborates (651 N. BURLESON BLVD., BURLESON TX 76028)",5500-SF,2025,20260707195615NAL0019924305001,A & G PIPING 401(K) PLAN,"A & G PIPING, INC.",,751972619,TX,2025-01-01,2025-12-31,2026-07-07,29,2A 2E 2F 2G 2J 2K 2T,2A2E2F2G2J2K2T3D3H,0,1,FILING_RECEIVED,DOL_FORM_5500_SF_2025,https://askebsa.dol.gov/FOIA%20Files/2025/Latest/F_5500_SF_2025_Latest.zip,2db4677bd93455ccc082d378fdd56594ac90ca0fc6f2da1639a15aea8ed3e94d
biz-375,260233761-001,high,"sponsor EIN 260233761 equals FEIN embedded in verified Texas taxpayer number; sponsor name 'HAL WATSON AIR CONDITIONING COMPANY' matches; sponsor address corroborates (518 ALANA LN., SPRING TX 77386)",5500-SF,2025,20260311084551NAL0005666114001,HAL WATSON AIR CONDITIONING COMPANY 401(K) PLAN,HAL WATSON AIR CONDITIONING COMPANY,,260233761,TX,2025-01-01,2025-12-31,2026-03-11,14,2A 2E 2F 2G 2J 2K,2A2E2F2G2J2K3D3H,0,0,FILING_RECEIVED,DOL_FORM_5500_SF_2025,https://askebsa.dol.gov/FOIA%20Files/2025/Latest/F_5500_SF_2025_Latest.zip,2db4677bd93455ccc082d378fdd56594ac90ca0fc6f2da1639a15aea8ed3e94d
biz-413,203099283-001,medium,"sponsor name 'SAMM'S HEATING AND AIR CONDITIONING, LLC.' matches; sponsor address corroborates (250 CHISHOLM PLACE, PLANO TX 75075)",5500-SF,2025,20260527155047NAL0006735073001,SAMM'S HEATING AND AIR CONDITIONING 401(K) PLAN,"SAMM'S HEATING AND AIR CONDITIONING, LLC.",,203099283,TX,2025-01-01,2025-12-31,2026-05-27,19,2A 2E 2F 2G 2J 2K 2T,2A2E2F2G2J2K2T3D,0,0,FILING_RECEIVED,DOL_FORM_5500_SF_2025,https://askebsa.dol.gov/FOIA%20Files/2025/Latest/F_5500_SF_2025_Latest.zip,2db4677bd93455ccc082d378fdd56594ac90ca0fc6f2da1639a15aea8ed3e94d
biz-765,721227287-001,low (review),"sponsor name 'STRATUS SYSTEMS INC' matches; sponsor address differs (7550 HIGHWAY 23, BELLE CHASSE LA 700371504)",5500-SF,2024,20250402151306NAL0017572050001,STRATUS SYSTEMS INC 401(K) PROFIT SHARING PLAN & TRUST,STRATUS SYSTEMS INC,,721227287,LA,2024-01-01,2024-12-31,2025-04-02,26,2A 2E 2F 2G 2J 2T,2A2E2F2G2J2T3D,0,0,FILING_RECEIVED,DOL_FORM_5500_SF_2024,https://askebsa.dol.gov/FOIA%20Files/2024/Latest/F_5500_SF_2024_Latest.zip,11370908e2bbc78d1d418b2f2a2177875e0524c12b69a181432d6fd65a5966c3
biz-765,721227287-001,low (review),"sponsor name 'STRATUS SYSTEMS, INC.' matches; sponsor address differs (7550 LA-23, BELLE CHASE LA 70037)",5500-SF,2025,20260720205427NAL0010037009001,"STRATUS SYSTEMS, INC. 401(K) PROFIT SHARING PLAN AND TRUST","STRATUS SYSTEMS, INC.",,721227287,LA,2025-01-01,2025-12-31,2026-07-20,27,2E 2F 2G 2J 2T,2E2F2G2J2T3D,0,0,FILING_RECEIVED,DOL_FORM_5500_SF_2025,https://askebsa.dol.gov/FOIA%20Files/2025/Latest/F_5500_SF_2025_Latest.zip,2db4677bd93455ccc082d378fdd56594ac90ca0fc6f2da1639a15aea8ed3e94d
biz-171,751972092-001,high,"sponsor EIN 751972092 equals FEIN embedded in verified Texas taxpayer number; sponsor name 'BCI MECHANICAL, INC.' matches; sponsor address corroborates (400 EAST OAK STREET, DENTON TX 76201)",5500-SF,2025,20260624095501NAL0009709808001,"BCI MECHANICAL, INC. 401(K) PROFIT SHARING PLAN","BCI MECHANICAL, INC.",,751972092,TX,2025-01-01,2025-12-31,2026-06-24,40,2E 2J 2K 2F 2G 2S 2T,2E2J2K2F2G2S2T3D,0,0,FILING_RECEIVED,DOL_FORM_5500_SF_2025,https://askebsa.dol.gov/FOIA%20Files/2025/Latest/F_5500_SF_2025_Latest.zip,2db4677bd93455ccc082d378fdd56594ac90ca0fc6f2da1639a15aea8ed3e94d
biz-171,270020628-001,low (review),"sponsor name 'BCI MECHANICAL, INC.' matches; sponsor address differs (341 S. POPLAR, GARDNER KS 66030)",5500-SF,2024,20250922081457NAL0004428385001,"BCI MECHANICAL, INC. 401(K) RETIREMENT PLAN","BCI MECHANICAL, INC.",,270020628,KS,2024-01-01,2024-12-31,2025-09-22,64,2A 2E 2F 2G 2J 2K 2T,2A2E2F2G2J2K2T3D,0,0,FILING_RECEIVED,DOL_FORM_5500_SF_2024,https://askebsa.dol.gov/FOIA%20Files/2024/Latest/F_5500_SF_2024_Latest.zip,11370908e2bbc78d1d418b2f2a2177875e0524c12b69a181432d6fd65a5966c3
biz-171,270020628-001,low (review),"sponsor name 'BCI MECHANICAL, INC.' matches; sponsor address differs (341 S. POPLAR, GARDNER KS 66030)",5500-SF,2025,20260824071512NAL0025221536001,"BCI MECHANICAL, INC. 401(K) RETIREMENT PLAN","BCI MECHANICAL, INC.",,270020628,KS,2025-01-01,2025-12-31,2026-08-24,79,2A 2E 2F 2G 2J 2K 2T 2X,2A2E2F2G2J2K2T3D2X,0,0,FILING_RECEIVED,DOL_FORM_5500_SF_2025,https://askebsa.dol.gov/FOIA%20Files/2025/Latest/F_5500_SF_2025_Latest.zip,2db4677bd93455ccc082d378fdd56594ac90ca0fc6f2da1639a15aea8ed3e94d
biz-735,453785886-001,medium,sponsor name 'TRADITION PLUMBING LLC' matches; sponsor ZIP corroborates (TOMBALL TX 77377),5500-SF,2025,20260401220107NAL0002798368085,TRADITION PLUMBING LLC 401(K) PLAN,TRADITION PLUMBING LLC,,453785886,TX,2025-01-01,2025-12-31,2026-04-01,21,2E 2F 2G 2J 2K 2S 2T,2E2F2G2J2K2S2T3D,0,0,FILING_RECEIVED,DOL_FORM_5500_SF_2025,https://askebsa.dol.gov/FOIA%20Files/2025/Latest/F_5500_SF_2025_Latest.zip,2db4677bd93455ccc082d378fdd56594ac90ca0fc6f2da1639a15aea8ed3e94d
biz-1006,453785886-001,low (review),"sponsor name 'TRADITION PLUMBING LLC' matches; sponsor address differs (14090 FM2920, TOMBALL TX 77377)",5500-SF,2024,20250411220758NAL0027078321011,TRADITION PLUMBING LLC 401(K) PLAN,TRADITION PLUMBING LLC,,453785886,TX,2024-01-01,2024-12-31,2025-04-11,19,2E 2F 2G 2J 2K 2S 2T,2E2F2G2J2K2S2T3D,0,0,FILING_RECEIVED,DOL_FORM_5500_SF_2024,https://askebsa.dol.gov/FOIA%20Files/2024/Latest/F_5500_SF_2024_Latest.zip,11370908e2bbc78d1d418b2f2a2177875e0524c12b69a181432d6fd65a5966c3
biz-1006,453785886-001,low (review),"sponsor name 'TRADITION PLUMBING LLC' matches; sponsor address differs (14090 FM2920, TOMBALL TX 77377)",5500-SF,2025,20260401220107NAL0002798368085,TRADITION PLUMBING LLC 401(K) PLAN,TRADITION PLUMBING LLC,,453785886,TX,2025-01-01,2025-12-31,2026-04-01,21,2E 2F 2G 2J 2K 2S 2T,2E2F2G2J2K2S2T3D,0,0,FILING_RECEIVED,DOL_FORM_5500_SF_2025,https://askebsa.dol.gov/FOIA%20Files/2025/Latest/F_5500_SF_2025_Latest.zip,2db4677bd93455ccc082d378fdd56594ac90ca0fc6f2da1639a15aea8ed3e94d
biz-083,850801737-001,low (review),"sponsor name 'M & S MECHANICAL LLC' matches; sponsor address differs (730 OSBORN RD, NAUGATUCK CT 06770)",5500-SF,2024,20250417220535NAL0002891728020,M & S MECHANICAL 401(K) PLAN,M & S MECHANICAL LLC,,850801737,CT,2024-01-01,2024-12-31,2025-04-17,9,2E 2F 2G 2J 2K 2S 2T,2E2F2G2J2K2S2T3B3D,0,0,FILING_RECEIVED,DOL_FORM_5500_SF_2024,https://askebsa.dol.gov/FOIA%20Files/2024/Latest/F_5500_SF_2024_Latest.zip,11370908e2bbc78d1d418b2f2a2177875e0524c12b69a181432d6fd65a5966c3
biz-083,850801737-001,low (review),"sponsor name 'M & S MECHANICAL LLC' matches; sponsor address differs (730 OSBORN RD, NAUGATUCK CT 06770)",5500-SF,2025,20260424220911NAL0006472225004,M & S MECHANICAL 401(K) PLAN,M & S MECHANICAL LLC,,850801737,CT,2025-01-01,2025-12-31,2026-04-24,14,2E 2F 2G 2J 2K 2S 2T,2E2F2G2J2K2S2T3B3D,0,0,FILING_RECEIVED,DOL_FORM_5500_SF_2025,https://askebsa.dol.gov/FOIA%20Files/2025/Latest/F_5500_SF_2025_Latest.zip,2db4677bd93455ccc082d378fdd56594ac90ca0fc6f2da1639a15aea8ed3e94d
biz-469,760614985-001,low (review),"sponsor name 'AIR POLLUTION CONTROL SPECIALISTS, LLC' matches; sponsor address differs (PO BOX 1277, LEAGUE CITY TX 77574)",5500-SF,2024,20250417220730NAL0002789360078,AIR POLLUTION CONTROL SPECIALISTS 401(K) PLAN,"AIR POLLUTION CONTROL SPECIALISTS, LLC",,760614985,TX,2024-01-01,2024-12-31,2025-04-17,14,2E 2F 2G 2J 2K 2S 2T,2E2F2G2J2K2S2T3D,0,0,FILING_RECEIVED,DOL_FORM_5500_SF_2024,https://askebsa.dol.gov/FOIA%20Files/2024/Latest/F_5500_SF_2024_Latest.zip,11370908e2bbc78d1d418b2f2a2177875e0524c12b69a181432d6fd65a5966c3
biz-469,760614985-001,low (review),"sponsor name 'AIR POLLUTION CONTROL SPECIALISTS, LLC' matches; sponsor address differs (PO BOX 1277, LEAGUE CITY TX 77574)",5500-SF,2025,20260424220949NAL0006473921016,AIR POLLUTION CONTROL SPECIALISTS 401(K) PLAN,"AIR POLLUTION CONTROL SPECIALISTS, LLC",,760614985,TX,2025-01-01,2025-12-31,2026-04-24,11,2E 2F 2G 2J 2K 2S 2T,2E2F2G2J2K2S2T3D,0,0,FILING_RECEIVED,DOL_FORM_5500_SF_2025,https://askebsa.dol.gov/FOIA%20Files/2025/Latest/F_5500_SF_2025_Latest.zip,2db4677bd93455ccc082d378fdd56594ac90ca0fc6f2da1639a15aea8ed3e94d
biz-787,562434668-001,medium,"sponsor name 'NORTHSIDE AC GP LLC' matches; sponsor address corroborates (816 OFFICE PARK CIR, LEWISVILLE TX 75057)",5500-SF,2025,20260719134738NAL0012317570001,NORTHSIDE AC GP LLC 401K PLAN,NORTHSIDE AC GP LLC,,562434668,TX,2025-01-01,2025-12-31,2026-07-19,5,2E 2F 2G 2J 2K 2S 2T,2E2F2G2J2K2S2T3D,0,1,FILING_RECEIVED,DOL_FORM_5500_SF_2025,https://askebsa.dol.gov/FOIA%20Files/2025/Latest/F_5500_SF_2025_Latest.zip,2db4677bd93455ccc082d378fdd56594ac90ca0fc6f2da1639a15aea8ed3e94d
biz-891,751398690-001,high,"sponsor EIN 751398690 equals FEIN embedded in verified Texas taxpayer number; sponsor name 'BERGER ENGINEERING COMPANY' matches; sponsor address corroborates (1617 W. CROSBY ROAD, CARROLLTON TX 75006)",5500-SF,2025,20260623162847NAL0007274177001,BERGER ENGINEERING COMPANY PROFIT SHARING & 401(K) PLAN,BERGER ENGINEERING COMPANY,,751398690,TX,2025-01-01,2025-12-31,2026-06-23,85,2E 2F 2G 2J 2K 2T,2E2F2G2J2K2T3D,0,0,FILING_RECEIVED,DOL_FORM_5500_SF_2025,https://askebsa.dol.gov/FOIA%20Files/2025/Latest/F_5500_SF_2025_Latest.zip,2db4677bd93455ccc082d378fdd56594ac90ca0fc6f2da1639a15aea8ed3e94d
biz-505,760463655-001,high,"sponsor EIN 760463655 equals FEIN embedded in verified Texas taxpayer number; sponsor name 'MESAH COMMISSIONING, INC.' matches; sponsor address corroborates (16310 STATE HIGHWAY 249, HOUSTON TX 77064)",5500-SF,2025,20260625060119NAL0007053475001,"MESAH COMMISSIONING, INC. 401(K) PROFIT SHARING PLAN & TRUST","MESAH COMMISSIONING, INC.",,760463655,TX,2025-01-01,2025-12-31,2026-06-25,16,2E 2F 2G 2J 2K 2T,2E2F2G2J2K2T3D,0,0,FILING_RECEIVED,DOL_FORM_5500_SF_2025,https://askebsa.dol.gov/FOIA%20Files/2025/Latest/F_5500_SF_2025_Latest.zip,2db4677bd93455ccc082d378fdd56594ac90ca0fc6f2da1639a15aea8ed3e94d
biz-712,811520341-001,low (review),"sponsor name 'ULTRA MECHANICAL INC' matches; sponsor address differs (4834 59TH ST, WOODSIDE NY 113775546)",5500-SF,2024,20250529072759NAL0007142177001,ULTRA MECHANICAL INC 401(K) PROFIT SHARING PLAN & TRUST,ULTRA MECHANICAL INC,,811520341,NY,2024-01-01,2024-12-31,2025-05-29,18,2E 2F 2G 2J 2K 2T,2E2F2G2J2K2T3D,0,0,FILING_RECEIVED,DOL_FORM_5500_SF_2024,https://askebsa.dol.gov/FOIA%20Files/2024/Latest/F_5500_SF_2024_Latest.zip,11370908e2bbc78d1d418b2f2a2177875e0524c12b69a181432d6fd65a5966c3
biz-293,751078371-001,high,"sponsor EIN 751078371 equals FEIN embedded in verified Texas taxpayer number; sponsor name 'ALMCOE REFRIGERATION CO' matches; sponsor address corroborates (4050 CRESTHILL RD, DALLAS TX 752274008)",5500-SF,2024,20250923092327NAL0007132800001,ALMCOE REFRIGERATION CO 401(K) PROFIT SHARING PLAN & TRUST,ALMCOE REFRIGERATION CO,,751078371,TX,2025-01-01,2025-06-18,2025-09-23,0,2E 2F 2G 2J 2K 2T,2E2F2G2J2K2T3D,1,0,FILING_RECEIVED,DOL_FORM_5500_SF_2024,https://askebsa.dol.gov/FOIA%20Files/2024/Latest/F_5500_SF_2024_Latest.zip,11370908e2bbc78d1d418b2f2a2177875e0524c12b69a181432d6fd65a5966c3
biz-101,741990935-001,high,"sponsor EIN 741990935 equals FEIN embedded in verified Texas taxpayer number; sponsor name 'DAVIS AIR CONDITIONING & HEATING, INC.' matches; sponsor address corroborates (P.O. BOX 1606, ANGLETON TX 77516)",5500-SF,2025,20260203194453NAL0004608002001,DAVIS AIR CONDITIONING & HEATING 401(K) SAVINGS PLAN,"DAVIS AIR CONDITIONING & HEATING, INC.",,741990935,TX,2025-01-01,2025-12-31,2026-02-03,80,2E 2F 2G 2J 2K 2S 2T,2E2F2G2J2K2S2T3D,0,0,FILING_RECEIVED,DOL_FORM_5500_SF_2025,https://askebsa.dol.gov/FOIA%20Files/2025/Latest/F_5500_SF_2025_Latest.zip,2db4677bd93455ccc082d378fdd56594ac90ca0fc6f2da1639a15aea8ed3e94d
biz-590,471548324-001,medium,"sponsor name 'BRIGADE FIRE SOLUTIONS, LLC' matches; sponsor address corroborates (17419 VILLAGE GREEN, JERSEY VILLAGE TX 77040)",5500-SF,2025,20260728075110NAL0016350387001,"BRIGADE FIRE SOLUTIONS, LLC 401(K) PLAN","BRIGADE FIRE SOLUTIONS, LLC",,471548324,TX,2025-01-01,2025-12-31,2026-07-28,50,2E 2J 2F 2G 2K 2T,2E2J2F2G3D2K2T,0,0,FILING_RECEIVED,DOL_FORM_5500_SF_2025,https://askebsa.dol.gov/FOIA%20Files/2025/Latest/F_5500_SF_2025_Latest.zip,2db4677bd93455ccc082d378fdd56594ac90ca0fc6f2da1639a15aea8ed3e94d
biz-323,741477305-001,high,"sponsor EIN 741477305 equals FEIN embedded in verified Texas taxpayer number; sponsor name 'FOX & HEARN, INC.' matches; sponsor address corroborates (PO BOX 17065, AUSTIN TX 78760)",5500-SF,2025,20260401055305NAL0001036544001,"FOX & HEARN, INC. 401(K) PLAN","FOX & HEARN, INC.",,741477305,TX,2025-01-01,2025-12-31,2026-04-01,41,2A 2E 2J 2K 2F 2G 2R 2T,2A2E2J2K2F2G3D2R2T,0,0,FILING_RECEIVED,DOL_FORM_5500_SF_2025,https://askebsa.dol.gov/FOIA%20Files/2025/Latest/F_5500_SF_2025_Latest.zip,2db4677bd93455ccc082d378fdd56594ac90ca0fc6f2da1639a15aea8ed3e94d
biz-228,852981578-001,low (review),"sponsor name 'S AND D PLUMBING LLC' matches; sponsor address differs (200 BRIDGE DR, JOPPA MD 21085)",5500-SF,2024,20250606054435NAL0012395329001,S AND D PLUMBING LLC 401K,S AND D PLUMBING LLC,,852981578,MD,2024-01-01,2024-12-31,2025-06-06,11,2E 2F 2G 2J 2K 2S 2T,2E2F2G2J2K2S2T3D,0,0,FILING_RECEIVED,DOL_FORM_5500_SF_2024,https://askebsa.dol.gov/FOIA%20Files/2024/Latest/F_5500_SF_2024_Latest.zip,11370908e2bbc78d1d418b2f2a2177875e0524c12b69a181432d6fd65a5966c3
biz-228,852981578-001,low (review),"sponsor name 'S AND D PLUMBING LLC' matches; sponsor address differs (200 BRIDGE DR, JOPPA MD 21085)",5500-SF,2025,20260609114402NAL0004375635001,S AND D PLUMBING LLC 401K,S AND D PLUMBING LLC,,852981578,MD,2025-01-01,2025-12-31,2026-06-09,11,2E 2F 2G 2J 2K 2S 2T,2E2F2G2J2K2S2T3D,0,0,FILING_RECEIVED,DOL_FORM_5500_SF_2025,https://askebsa.dol.gov/FOIA%20Files/2025/Latest/F_5500_SF_2025_Latest.zip,2db4677bd93455ccc082d378fdd56594ac90ca0fc6f2da1639a15aea8ed3e94d
biz-212,751941004-001,medium,"sponsor EIN 751941004 equals FEIN embedded in verified Texas taxpayer number; sponsor address corroborates (87 N. FANNIN STREET, AMARILLO TX 79106)",5500-SF,2025,20260731110803NAL0023692913001,MMM INC. 401(K) PLAN,"MMM PLUMBING, HEATING & A/C INC.",,751941004,TX,2025-01-01,2025-12-31,2026-07-31,65,2E 2F 2G 2J 2K 2S 2T,2E2F2G2J2K2S2T3B3D3H,0,0,FILING_RECEIVED,DOL_FORM_5500_SF_2025,https://askebsa.dol.gov/FOIA%20Files/2025/Latest/F_5500_SF_2025_Latest.zip,2db4677bd93455ccc082d378fdd56594ac90ca0fc6f2da1639a15aea8ed3e94d
biz-631,383737905-001,medium,"sponsor name 'PAROBEK PLUMBING, LLC' matches; sponsor address corroborates (329 HOFFMAN LN, BASTROP TX 78602)",5500-SF,2025,20260921024756NAL0009140384001,"PAROBEK PLUMBING, LLC 401(K) PLAN","PAROBEK PLUMBING, LLC",,383737905,TX,2025-01-01,2025-12-31,2026-09-21,51,2A 2E 2F 2G 2J 2K,2A2E2F2G2J2K3D,0,0,FILING_RECEIVED,DOL_FORM_5500_SF_2025,https://askebsa.dol.gov/FOIA%20Files/2025/Latest/F_5500_SF_2025_Latest.zip,2db4677bd93455ccc082d378fdd56594ac90ca0fc6f2da1639a15aea8ed3e94d
biz-824,371433200-001,medium,"sponsor name 'RUSTIC PLUMBING, INC.' matches; sponsor address corroborates (1624 OSPREY DRIVE, DESOTO TX 75115)",5500-SF,2025,20260708203923NAL0025549552001,"RUSTIC PLUMBING, INC. PROFIT SHARING PLAN","RUSTIC PLUMBING, INC.",,371433200,TX,2025-01-01,2025-12-31,2026-07-08,20,2E,2E3D,0,0,FILING_RECEIVED,DOL_FORM_5500_SF_2025,https://askebsa.dol.gov/FOIA%20Files/2025/Latest/F_5500_SF_2025_Latest.zip,2db4677bd93455ccc082d378fdd56594ac90ca0fc6f2da1639a15aea8ed3e94d
biz-954,471815789-002,medium,"sponsor name 'BALANCE ENERGY, LLC' matches; sponsor address corroborates (11321 WINDFERN ROAD, HOUSTON TX 77064)",5500-SF,2024,20250715094338NAL0001950657001,DUPURE 401K PLAN,"BALANCE ENERGY, LLC",,471815789,TX,2024-01-01,2024-12-31,2025-07-15,99,2E 2G 2J 2K 2F 2T,2E3D2G2J2K2F2T,0,0,FILING_RECEIVED,DOL_FORM_5500_SF_2024,https://askebsa.dol.gov/FOIA%20Files/2024/Latest/F_5500_SF_2024_Latest.zip,11370908e2bbc78d1d418b2f2a2177875e0524c12b69a181432d6fd65a5966c3
biz-532,464295526-001,medium,"sponsor name 'CHIP MILLER PLUMBING, LLC' matches; sponsor address corroborates (408 E O'NEAL ST, WILLS POINT TX 75169)",5500-SF,2025,20260731113159NAL0024607953001,"CHIP MILLER PLUMBING, LLC 401(K) PLAN","CHIP MILLER PLUMBING, LLC",,464295526,TX,2025-01-01,2025-12-31,2026-07-31,42,2E 2F 2G 2J 2K 2T 2S,2E2F2G2J2K2T2S3D,0,0,FILING_RECEIVED,DOL_FORM_5500_SF_2025,https://askebsa.dol.gov/FOIA%20Files/2025/Latest/F_5500_SF_2025_Latest.zip,2db4677bd93455ccc082d378fdd56594ac90ca0fc6f2da1639a15aea8ed3e94d
biz-476,825444354-001,medium,"sponsor name 'EXPERT SERVICES LLC' matches; sponsor address corroborates (2345 MERRITT DR, GARLAND TX 75041)",5500-SF,2024,20250630162311NAL0012014705001,EXPERT SERVICES LLC 401(K) P/S PLAN,EXPERT SERVICES LLC,,825444354,TX,2024-01-01,2024-12-31,2025-06-30,35,2E 2G 2J 2K 2F 2T,2E3D2G2J2K2F2T,0,0,FILING_RECEIVED,DOL_FORM_5500_SF_2024,https://askebsa.dol.gov/FOIA%20Files/2024/Latest/F_5500_SF_2024_Latest.zip,11370908e2bbc78d1d418b2f2a2177875e0524c12b69a181432d6fd65a5966c3
biz-441,751386163-001,high,"sponsor EIN 751386163 equals FEIN embedded in verified Texas taxpayer number; sponsor name 'S&T PLUMBING, INC.' matches; sponsor address corroborates (804 W. SHADY GROVE, IRVING TX 75060)",5500-SF,2025,20260302200508NAL0004069538001,"S&T PLUMBING, INC. RETIREMENT PLAN","S&T PLUMBING, INC.",,751386163,TX,2025-01-01,2025-12-31,2026-03-02,43,2A 2E 2F 2G 2J 2K 2T,2A2E2F2G2J2K2T3D,0,0,FILING_RECEIVED,DOL_FORM_5500_SF_2025,https://askebsa.dol.gov/FOIA%20Files/2025/Latest/F_5500_SF_2025_Latest.zip,2db4677bd93455ccc082d378fdd56594ac90ca0fc6f2da1639a15aea8ed3e94d
biz-544,752783684-001,high,"sponsor EIN 752783684 equals FEIN embedded in verified Texas taxpayer number; sponsor name 'TRUSS AND SON PLUMBING, INC.' matches; sponsor address corroborates (P. O. BOX 151640, LUFKIN TX 75915)",5500-SF,2024,20250613120005NAL0015657203001,TRUSS AND SON PLUMBING 401K PS PLAN,"TRUSS AND SON PLUMBING, INC.",,752783684,TX,2024-01-01,2024-12-31,2025-06-13,37,2E 2F 2G 2J 2K 2T,2E2F2G2J2K2T3D,0,0,FILING_RECEIVED,DOL_FORM_5500_SF_2024,https://askebsa.dol.gov/FOIA%20Files/2024/Latest/F_5500_SF_2024_Latest.zip,11370908e2bbc78d1d418b2f2a2177875e0524c12b69a181432d6fd65a5966c3
biz-161,454209369-001,medium,"sponsor name 'TRAYLOR MECHANICAL CORPORATION' matches; sponsor address corroborates (2651 DOUGLAS STREET, PEARLAND TX 77581)",5500-SF,2025,20260630140945NAL0011337075002,TRAYLOR MECHANICAL 401(K) PLAN,TRAYLOR MECHANICAL CORPORATION,,454209369,TX,2025-01-01,2025-12-31,2026-06-30,15,2A 2E 2F 2G 2J 2K 2T,2A2E2F2G2J2K2T3D,0,0,FILING_RECEIVED,DOL_FORM_5500_SF_2025,https://askebsa.dol.gov/FOIA%20Files/2025/Latest/F_5500_SF_2025_Latest.zip,2db4677bd93455ccc082d378fdd56594ac90ca0fc6f2da1639a15aea8ed3e94d
biz-067,752395785-001,high,"sponsor EIN 752395785 equals FEIN embedded in verified Texas taxpayer number; sponsor name 'MCLEAN MECHANICAL CONTRACTORS, INC.' matches; sponsor address corroborates (10625 CONTROL PLACE, DALLAS TX 75238)",5500-SF,2025,20260625142618NAL0015068338001,"MCLEAN MECHANICAL CONTRACTORS, INC. RETIREMENT SAVINGS PLAN","MCLEAN MECHANICAL CONTRACTORS, INC.",,752395785,TX,2025-01-01,2025-12-31,2026-06-25,25,2E 2F 2G 2J 2T,2E2F2G2J2T3B3D,0,0,FILING_RECEIVED,DOL_FORM_5500_SF_2025,https://askebsa.dol.gov/FOIA%20Files/2025/Latest/F_5500_SF_2025_Latest.zip,2db4677bd93455ccc082d378fdd56594ac90ca0fc6f2da1639a15aea8ed3e94d
biz-360,463072564-001,low (review),"sponsor name 'MISSION AC HOME SERVICES, LLC' / DBA 'MISSION AC & PLUMBING' matches; sponsor address differs (1630 ELMVIEW DR, HOUSTON TX 77080)",5500-SF,2024,20250626010213NAL0008616817001,MISSION AC & PLUMBING RETIREMENT PLAN,"MISSION AC HOME SERVICES, LLC",MISSION AC & PLUMBING,463072564,TX,2024-01-01,2024-12-31,2025-06-26,39,2A 2E 2F 2G 2J 2K 2S 2T,2A2E2F2G2J2K2S2T3D,,,FILING_RECEIVED,DOL_FORM_5500_SF_2024,https://askebsa.dol.gov/FOIA%20Files/2024/Latest/F_5500_SF_2024_Latest.zip,11370908e2bbc78d1d418b2f2a2177875e0524c12b69a181432d6fd65a5966c3
biz-360,463072564-001,low (review),"sponsor name 'MISSION AC HOME SERVICES, LLC' matches; sponsor address differs (1630 ELMVIEW DR, HOUSTON TX 77080)",5500-SF,2025,20260602092332NAL0000688723001,MISSION AC & PLUMBING RETIREMENT PLAN,"MISSION AC HOME SERVICES, LLC",,463072564,TX,2025-01-01,2025-12-31,2026-06-02,41,2A 2E 2F 2G 2J 2K 2S 2T,2A2E2F2G2J2K2S2T3D,0,0,FILING_RECEIVED,DOL_FORM_5500_SF_2025,https://askebsa.dol.gov/FOIA%20Files/2025/Latest/F_5500_SF_2025_Latest.zip,2db4677bd93455ccc082d378fdd56594ac90ca0fc6f2da1639a15aea8ed3e94d
biz-146,742767194-001,medium,sponsor EIN 742767194 equals FEIN embedded in verified Texas taxpayer number; sponsor ZIP corroborates (TEMPLE TX 76502),5500-SF,2025,20260630131849NAL0012770369001,AIR CONTROL 401(K) PLAN,"STATE A/C, INC. DBA AIR CONTROL",,742767194,TX,2025-01-01,2025-12-31,2026-06-30,17,2E 2F 2G 2J 2K 2S 2T,2E2F2G2J2K2S2T3D,0,0,FILING_RECEIVED,DOL_FORM_5500_SF_2025,https://askebsa.dol.gov/FOIA%20Files/2025/Latest/F_5500_SF_2025_Latest.zip,2db4677bd93455ccc082d378fdd56594ac90ca0fc6f2da1639a15aea8ed3e94d
biz-159,262741283-001,medium,"sponsor name 'GRAY MECHANICAL CONTRACTORS, LLC' matches; sponsor address corroborates (15534 W. HARDY RD SUITE 100, HOUSTON TX 77060)",5500-SF,2025,20260716133915NAL0003216787004,GRAY MECHANICAL 401(K) PLAN,"GRAY MECHANICAL CONTRACTORS, LLC",,262741283,TX,2025-01-01,2025-12-31,2026-07-16,134,2A 2E 2F 2G 2J 2K 2T,2A2E2F2G2J2K2T3B3D,,,FILING_RECEIVED,DOL_FORM_5500_SF_2025,https://askebsa.dol.gov/FOIA%20Files/2025/Latest/F_5500_SF_2025_Latest.zip,2db4677bd93455ccc082d378fdd56594ac90ca0fc6f2da1639a15aea8ed3e94d
biz-535,751429149-002,low (review),"sponsor name 'H & G SYSTEMS LP' matches; sponsor address differs (9150 MARKVILLE DR, DALLAS TX 75243)",5500-SF,2024,20250325212959NAL0014946033001,"H & G SYSTEMS, LP 401(K) PLAN",H & G SYSTEMS LP,,751429149,TX,2024-01-01,2024-12-31,2025-03-25,63,2A 2E 2F 2G 2J 2K 2S 2T,2A2E2F2G2J2K2S2T3D,0,0,FILING_RECEIVED,DOL_FORM_5500_SF_2024,https://askebsa.dol.gov/FOIA%20Files/2024/Latest/F_5500_SF_2024_Latest.zip,11370908e2bbc78d1d418b2f2a2177875e0524c12b69a181432d6fd65a5966c3
biz-535,751429149-002,low (review),"sponsor name 'H & G SYSTEMS LP' matches; sponsor address differs (9150 MARKVILLE DR, DALLAS VA 75243)",5500-SF,2025,20260414222817NAL0020279280001,"H & G SYSTEMS, LP 401(K) PLAN",H & G SYSTEMS LP,,751429149,VA,2025-01-01,2025-12-31,2026-04-14,79,2A 2E 2F 2G 2J 2K 2S 2T,2A2E2F2G2J2K2S2T3D,0,0,FILING_RECEIVED,DOL_FORM_5500_SF_2025,https://askebsa.dol.gov/FOIA%20Files/2025/Latest/F_5500_SF_2025_Latest.zip,2db4677bd93455ccc082d378fdd56594ac90ca0fc6f2da1639a15aea8ed3e94d
biz-112,742767977-001,high,"sponsor EIN 742767977 equals FEIN embedded in verified Texas taxpayer number; sponsor name 'GOODWIN PLUMBING SERVICE INC.' matches; sponsor address corroborates (212 SOUTH 22ND STREET, WACO TX 76701)",5500-SF,2025,20260409154827NAL0012337937001,GOODWIN PLUMBING SERVICE INC. 401(K) PLAN,GOODWIN PLUMBING SERVICE INC.,,742767977,TX,2025-01-01,2025-12-31,2026-04-09,36,2E 2F 2G 2J 2K 2T,2E2F2G2J2K2T3D3H,0,0,FILING_RECEIVED,DOL_FORM_5500_SF_2025,https://askebsa.dol.gov/FOIA%20Files/2025/Latest/F_5500_SF_2025_Latest.zip,2db4677bd93455ccc082d378fdd56594ac90ca0fc6f2da1639a15aea8ed3e94d
biz-165,742729220-001,high,"sponsor EIN 742729220 equals FEIN embedded in verified Texas taxpayer number; sponsor name 'TRI-COUNTY A/C & HEATING, LLC' matches; sponsor address corroborates (510 NORTH AUSTIN STREET, SEGUIN TX 78155)",5500-SF,2025,20260730155511NAL0023563057001,TRI-COUNTY A/C & HEATING 401(K) PLAN,"TRI-COUNTY A/C & HEATING, LLC",,742729220,TX,2025-01-01,2025-12-31,2026-07-30,12,2A 2E 2J 2F 2G 2T,2A2E2J2F2G3D2T,0,0,FILING_RECEIVED,DOL_FORM_5500_SF_2025,https://askebsa.dol.gov/FOIA%20Files/2025/Latest/F_5500_SF_2025_Latest.zip,2db4677bd93455ccc082d378fdd56594ac90ca0fc6f2da1639a15aea8ed3e94d
biz-570,752572864-001,high,"sponsor EIN 752572864 equals FEIN embedded in verified Texas taxpayer number; sponsor name 'AMERICAN PLUMBING COMPANY' matches; sponsor address differs (1620 N PARKDALE DR, TYLER TX 75702)",5500-SF,2025,20260519101939NAL0000498659001,AMERICAN PLUMBING COMPANY 401(K) P/S PLAN,AMERICAN PLUMBING COMPANY,,752572864,TX,2025-01-01,2025-12-31,2026-05-19,21,2E 2G 2J 2K 2F 2T,2E3D2G2J2K2F2T,0,0,FILING_RECEIVED,DOL_FORM_5500_SF_2025,https://askebsa.dol.gov/FOIA%20Files/2025/Latest/F_5500_SF_2025_Latest.zip,2db4677bd93455ccc082d378fdd56594ac90ca0fc6f2da1639a15aea8ed3e94d
biz-570,943343637-001,low (review),"sponsor name 'AMERICAN PLUMBING' matches; sponsor address differs (414 G ST, ANTIOCH CA 94509)",5500-SF,2024,20250619132207NAL0003167953001,AMERICAN PLUMBING 401(K) P/S PLAN,AMERICAN PLUMBING,,943343637,CA,2024-01-01,2024-12-31,2025-06-19,8,2E 2G 2J 2K 2F 2T,2E3D2G2J2K2F2T,0,0,FILING_RECEIVED,DOL_FORM_5500_SF_2024,https://askebsa.dol.gov/FOIA%20Files/2024/Latest/F_5500_SF_2024_Latest.zip,11370908e2bbc78d1d418b2f2a2177875e0524c12b69a181432d6fd65a5966c3
biz-570,953758969-001,low (review),"sponsor name 'AMERICAN PLUMBING INC' matches; sponsor address differs (PO BOX 9507, LAGUNA BEACH CA 92652)",5500-SF,2024,20250710101609NAL0009006544001,AMERICAN PLUMBING INC 401K PROFIT SHARING PLAN AND TRUST,AMERICAN PLUMBING INC,,953758969,CA,2024-01-01,2024-12-31,2025-07-10,9,2E 2F 2G 2J 2K 2T,2E2F2G2J2K2T3D,0,0,FILING_RECEIVED,DOL_FORM_5500_SF_2024,https://askebsa.dol.gov/FOIA%20Files/2024/Latest/F_5500_SF_2024_Latest.zip,11370908e2bbc78d1d418b2f2a2177875e0524c12b69a181432d6fd65a5966c3
biz-570,274659913-001,low (review),"sponsor name 'AMERICAN PLUMBING INCORPORATED' matches; sponsor address differs (3107 INDUSTRIAL DR., JOHNSON CITY TN 376042615)",5500-SF,2024,20250421133350NAL0003005825001,AMERICAN PLUMBING 401(K) PLAN,AMERICAN PLUMBING INCORPORATED,,274659913,TN,2024-01-01,2024-12-31,2025-04-21,12,2E 2J 2F 2G 2S 2T,2E2J2F2G2S2T3D,0,0,FILING_RECEIVED,DOL_FORM_5500_SF_2024,https://askebsa.dol.gov/FOIA%20Files/2024/Latest/F_5500_SF_2024_Latest.zip,11370908e2bbc78d1d418b2f2a2177875e0524c12b69a181432d6fd65a5966c3
biz-570,953758969-001,low (review),"sponsor name 'AMERICAN PLUMBING INC' matches; sponsor address differs (PO BOX 9507, LAGUNA BEACH CA 92652)",5500-SF,2025,20260629190057NAL0010192275001,AMERICAN PLUMBING INC 401K PROFIT SHARING PLAN AND TRUST,AMERICAN PLUMBING INC,,953758969,CA,2025-01-01,2025-12-31,2026-06-29,9,2E 2F 2G 2J 2K 2T,2E2F2G2J2K2T3D,0,0,FILING_RECEIVED,DOL_FORM_5500_SF_2025,https://askebsa.dol.gov/FOIA%20Files/2025/Latest/F_5500_SF_2025_Latest.zip,2db4677bd93455ccc082d378fdd56594ac90ca0fc6f2da1639a15aea8ed3e94d
biz-570,943343637-001,low (review),"sponsor name 'AMERICAN PLUMBING' matches; sponsor address differs (414 G ST, ANTIOCH CA 94509)",5500-SF,2025,20260623112319NAL0008774912001,AMERICAN PLUMBING 401(K) P/S PLAN,AMERICAN PLUMBING,,943343637,CA,2025-01-01,2025-12-31,2026-06-23,9,2E 2G 2J 2K 2F 2T,2E3D2G2J2K2F2T,0,0,FILING_RECEIVED,DOL_FORM_5500_SF_2025,https://askebsa.dol.gov/FOIA%20Files/2025/Latest/F_5500_SF_2025_Latest.zip,2db4677bd93455ccc082d378fdd56594ac90ca0fc6f2da1639a15aea8ed3e94d
biz-570,274659913-001,low (review),"sponsor name 'AMERICAN PLUMBING INCORPORATED' matches; sponsor address differs (3107 INDUSTRIAL DR., JOHNSON CITY TN 376042615)",5500-SF,2025,20260902101703NAL0009723696001,AMERICAN PLUMBING 401(K) PLAN,AMERICAN PLUMBING INCORPORATED,,274659913,TN,2025-01-01,2025-12-31,2026-09-02,9,2E 2J 2F 2G 2S 2T,2E2J2F2G2S2T3D,0,0,FILING_RECEIVED,DOL_FORM_5500_SF_2025,https://askebsa.dol.gov/FOIA%20Files/2025/Latest/F_5500_SF_2025_Latest.zip,2db4677bd93455ccc082d378fdd56594ac90ca0fc6f2da1639a15aea8ed3e94d
biz-817,820968579-001,medium,"sponsor name 'REF EXPERTS AND HVAC LLC' matches; sponsor address corroborates (3838 OAK LAWN AVE, DALLAS TX 75219)",5500-SF,2025,20260417220043NAL0029384338007,REF EXPERTS AND HVAC 401(K) PLAN,REF EXPERTS AND HVAC LLC,,820968579,TX,2025-01-01,2025-08-01,2026-04-17,0,2E 2F 2G 2J 2K 2S 2T,2E2F2G2J2K2S2T3D,1,0,FILING_RECEIVED,DOL_FORM_5500_SF_2025,https://askebsa.dol.gov/FOIA%20Files/2025/Latest/F_5500_SF_2025_Latest.zip,2db4677bd93455ccc082d378fdd56594ac90ca0fc6f2da1639a15aea8ed3e94d
biz-721,741831542-001,high,"sponsor EIN 741831542 equals FEIN embedded in verified Texas taxpayer number; sponsor name 'REED SERVICE COMPANY' matches; sponsor address corroborates (4725 WASHINGTON BLVD., BEAUMONT TX 77707)",5500-SF,2024,20251008215313NAL0005983041001,REED SERVICE COMPANY 401(K) PLAN,REED SERVICE COMPANY,,741831542,TX,2024-01-01,2024-12-31,2025-10-08,22,2E 2F 2G 2J 2K 2R 2T,2E2F2G2J2K2R2T3D,0,0,FILING_RECEIVED,DOL_FORM_5500_SF_2024,https://askebsa.dol.gov/FOIA%20Files/2024/Latest/F_5500_SF_2024_Latest.zip,11370908e2bbc78d1d418b2f2a2177875e0524c12b69a181432d6fd65a5966c3
biz-015,751636013-001,medium,"sponsor EIN 751636013 equals FEIN embedded in verified Texas taxpayer number; sponsor address corroborates (128 SLATON ROAD, LUBBOCK TX 79404)",5500-SF,2025,20260913163157NAL0001717330001,"BRUCE THORNTON A/C, INC. 401(K) PLAN","BRUCE THORNTON A/C, INC.",,751636013,TX,2025-01-01,2025-12-31,2026-09-13,95,2F 2G 2J 2T 2K,2F2G2J2T3D2K,0,,FILING_RECEIVED,DOL_FORM_5500_SF_2025,https://askebsa.dol.gov/FOIA%20Files/2025/Latest/F_5500_SF_2025_Latest.zip,2db4677bd93455ccc082d378fdd56594ac90ca0fc6f2da1639a15aea8ed3e94d
biz-429,742128121-001,high,"sponsor EIN 742128121 equals FEIN embedded in verified Texas taxpayer number; sponsor name 'SIEGERT HEATING & AIR CONDITIONING COMPANY' matches; sponsor address corroborates (989 N EARL RUDDER FWY, BRYAN TX 77802)",5500-SF,2025,20260529153859NAL0018645746001,SIEGERT ONE HOUR 401(K) PLAN,SIEGERT HEATING & AIR CONDITIONING COMPANY,,742128121,TX,2025-01-01,2025-12-31,2026-05-29,24,2A 2E 2J 2F 2G 2T,2A2E2J2F2G3D2T,0,0,FILING_RECEIVED,DOL_FORM_5500_SF_2025,https://askebsa.dol.gov/FOIA%20Files/2025/Latest/F_5500_SF_2025_Latest.zip,2db4677bd93455ccc082d378fdd56594ac90ca0fc6f2da1639a15aea8ed3e94d
biz-357,760612898-001,high,"sponsor EIN 760612898 equals FEIN embedded in verified Texas taxpayer number; sponsor name 'DERRYBERRY'S L.P.' matches; sponsor address corroborates (2203 W CEDAR BAYOU LYNCHBURG, BAYTOWN TX 77521)",5500-SF,2025,20260723171100NAL0014374737002,DERRYBERRYS 401(K) PLAN,DERRYBERRY'S L.P.,,760612898,TX,2025-01-01,2025-12-31,2026-07-23,105,2A 2E 2F 2G 2J 2K 2T,2A2E2F2G2J2K2T3B3D3H,0,0,FILING_RECEIVED,DOL_FORM_5500_SF_2025,https://askebsa.dol.gov/FOIA%20Files/2025/Latest/F_5500_SF_2025_Latest.zip,2db4677bd93455ccc082d378fdd56594ac90ca0fc6f2da1639a15aea8ed3e94d
biz-037,463166989-001,medium,"sponsor name '1ST CHOICE AIR SOLUTIONS INC' matches; sponsor address corroborates (2851 TINSLEY LN, FORT WORTH TX 76179)",5500-SF,2025,20260702100114NAL0012920435001,1ST CHOICE AIR SOLUTIONS 401K PROFIT SHARING PLAN,1ST CHOICE AIR SOLUTIONS INC,,463166989,TX,2025-01-01,2025-12-31,2026-07-02,15,2A 2E 2F 2G 2J 2K 2S 2T,2A2E2F2G2J2K2S2T3D,0,0,FILING_RECEIVED,DOL_FORM_5500_SF_2025,https://askebsa.dol.gov/FOIA%20Files/2025/Latest/F_5500_SF_2025_Latest.zip,2db4677bd93455ccc082d378fdd56594ac90ca0fc6f2da1639a15aea8ed3e94d
biz-260,752680737-001,high,"sponsor EIN 752680737 equals FEIN embedded in verified Texas taxpayer number; sponsor name 'WATSON PLUMBING, INC.' matches; sponsor address corroborates (13097 STATE HWY 31 W, TYLER TX 75709)",5500-SF,2025,20260325110733NAL0007718802001,WATSON PLUMBING INC. 401(K) PLAN,"WATSON PLUMBING, INC.",,752680737,TX,2025-01-01,2025-12-31,2026-03-25,0,2E 2F 2G 2J 2K 2T,2E2F2G2J2K2T3D,1,0,FILING_RECEIVED,DOL_FORM_5500_SF_2025,https://askebsa.dol.gov/FOIA%20Files/2025/Latest/F_5500_SF_2025_Latest.zip,2db4677bd93455ccc082d378fdd56594ac90ca0fc6f2da1639a15aea8ed3e94d
biz-086,742962984-001,high,"sponsor EIN 742962984 equals FEIN embedded in verified Texas taxpayer number; sponsor name 'AIR CRAFT, INC.' matches; sponsor address corroborates (1916 PICADILLY DRIVE, ROUND ROCK TX 78664)",5500-SF,2024,20251006080410NAL0001719219001,AIR CRAFT 401(K) PLAN,"AIR CRAFT, INC.",,742962984,TX,2024-01-01,2024-12-31,2025-10-06,158,2E 2F 2G 2J 2K,2E2F2G2J2K3D,0,0,FILING_RECEIVED,DOL_FORM_5500_SF_2024,https://askebsa.dol.gov/FOIA%20Files/2024/Latest/F_5500_SF_2024_Latest.zip,11370908e2bbc78d1d418b2f2a2177875e0524c12b69a181432d6fd65a5966c3
biz-086,811161073-001,low (review),"sponsor name 'AIR CRAFT INC.' matches; sponsor address differs (2689 CITRUS ROAD, SUITE C, RANCHO CORDOVA CA 95742)",5500-SF,2024,20250604174805NAL0008013539001,AIR CRAFT INC. 401K PLAN,AIR CRAFT INC.,,811161073,CA,2024-01-01,2024-12-31,2025-06-04,15,2E 2F 2G 2J 2K 2T,2E2F2G2J2K2T3B3D,0,0,FILING_RECEIVED,DOL_FORM_5500_SF_2024,https://askebsa.dol.gov/FOIA%20Files/2024/Latest/F_5500_SF_2024_Latest.zip,11370908e2bbc78d1d418b2f2a2177875e0524c12b69a181432d6fd65a5966c3
biz-086,811161073-001,low (review),"sponsor name 'AIR CRAFT INC.' matches; sponsor address differs (2689 CITRUS ROAD, SUITE C, RANCHO CORDOVA CA 95742)",5500-SF,2025,20260912104544NAL0008615299001,AIR CRAFT INC. 401K PLAN,AIR CRAFT INC.,,811161073,CA,2025-01-01,2025-12-31,2026-09-12,15,2E 2F 2G 2J 2K 2T,2E2F2G2J2K2T3B3D,0,0,FILING_RECEIVED,DOL_FORM_5500_SF_2025,https://askebsa.dol.gov/FOIA%20Files/2025/Latest/F_5500_SF_2025_Latest.zip,2db4677bd93455ccc082d378fdd56594ac90ca0fc6f2da1639a15aea8ed3e94d
biz-472,874386611-001,low (review),"sponsor name 'MJ MECHANICAL LLC' matches; sponsor address differs (PO BOX 1689, HASTINGS NE 68902)",5500-SF,2024,20250908081128NAL0019135793001,MJ MECHANICAL LLC SAFE HARBOR 401(K) PLAN,MJ MECHANICAL LLC,,874386611,NE,2024-01-01,2024-12-31,2025-09-08,33,2E 2G 2J 2S,2E2G2J2S3D,0,0,FILING_RECEIVED,DOL_FORM_5500_SF_2024,https://askebsa.dol.gov/FOIA%20Files/2024/Latest/F_5500_SF_2024_Latest.zip,11370908e2bbc78d1d418b2f2a2177875e0524c12b69a181432d6fd65a5966c3
biz-472,874386611-001,low (review),"sponsor name 'MJ MECHANICAL LLC' matches; sponsor address differs (PO BOX 1689, HASTINGS NE 68902)",5500-SF,2025,20260727121417NAL0015878355001,MJ MECHANICAL LLC SAFE HARBOR 401(K) PLAN,MJ MECHANICAL LLC,,874386611,NE,2025-01-01,2025-12-31,2026-07-27,37,2E 2G 2J 2S,2E2G2J2S3D,0,0,FILING_RECEIVED,DOL_FORM_5500_SF_2025,https://askebsa.dol.gov/FOIA%20Files/2025/Latest/F_5500_SF_2025_Latest.zip,2db4677bd93455ccc082d378fdd56594ac90ca0fc6f2da1639a15aea8ed3e94d
biz-686,351947444-001,low (review),"sponsor name 'ELITE HEATING AND AIR CONDITIONING' matches; sponsor address differs (555 MT. TABOR ROAD, NEW ALBANY IN 47150)",5500-SF,2024,20250730090831NAL0005232976001,ELITE HEATING AND AIR CONDITIONING 401(K) PLAN,ELITE HEATING AND AIR CONDITIONING,,351947444,IN,2024-01-01,2024-12-31,2025-07-30,4,2E 2F 2G 2J 2K 2T,2E2F2G2J2K3D2T,0,0,FILING_RECEIVED,DOL_FORM_5500_SF_2024,https://askebsa.dol.gov/FOIA%20Files/2024/Latest/F_5500_SF_2024_Latest.zip,11370908e2bbc78d1d418b2f2a2177875e0524c12b69a181432d6fd65a5966c3
biz-686,463968332-001,low (review),"sponsor name 'ELITE HEATING AND AIR CONDITIONING' matches; sponsor address differs (7101 BURLESON RD, AUSTIN TX 78744)",5500-SF,2024,20250507220223NAL0018058960078,ELITE HEATING AND AIR CONDITIONING 401(K) PLAN,ELITE HEATING AND AIR CONDITIONING,,463968332,TX,2024-01-01,2024-12-31,2025-05-07,55,2E 2F 2G 2J 2K 2S 2T,2E2F2G2J2K2S2T3D,0,0,FILING_RECEIVED,DOL_FORM_5500_SF_2024,https://askebsa.dol.gov/FOIA%20Files/2024/Latest/F_5500_SF_2024_Latest.zip,11370908e2bbc78d1d418b2f2a2177875e0524c12b69a181432d6fd65a5966c3
biz-686,223776374-001,low (review),"sponsor name 'ELITE HEATING AND AIR CONDITIONING,' matches; sponsor address differs (214 CHERRY AVE, VOORHEES NJ 08043)",5500-SF,2024,20250701125344NAL0012151425001,"ELITE HEATING AND AIR CONDITIONING, INC. 401(K) PLAN","ELITE HEATING AND AIR CONDITIONING,",,223776374,NJ,2024-01-01,2024-12-31,2025-07-01,8,2E 2F 2G 2J 2K 2T,2E2F2G2J2K2T3D,0,0,FILING_RECEIVED,DOL_FORM_5500_SF_2024,https://askebsa.dol.gov/FOIA%20Files/2024/Latest/F_5500_SF_2024_Latest.zip,11370908e2bbc78d1d418b2f2a2177875e0524c12b69a181432d6fd65a5966c3
biz-686,223776374-002,low (review),"sponsor name 'ELITE HEATING AND AIR CONDITIONING,' matches; sponsor address differs (214 CHERRY AVE, VOORHEES NJ 08043)",5500-SF,2024,20250807114152NAL0002149155001,ELITE HEATING AND AIR CONDITIONING INC. CASH BALANCE PLAN,"ELITE HEATING AND AIR CONDITIONING,",,223776374,NJ,2024-01-01,2024-12-31,2025-08-07,6,1B 1C,1B1C3D,0,0,FILING_RECEIVED,DOL_FORM_5500_SF_2024,https://askebsa.dol.gov/FOIA%20Files/2024/Latest/F_5500_SF_2024_Latest.zip,11370908e2bbc78d1d418b2f2a2177875e0524c12b69a181432d6fd65a5966c3
biz-686,251589198-001,low (review),"sponsor name 'ELITE HEATING & AIR CONDITIONING, INC.' matches; sponsor address differs (129 CROSS STREET, IRWIN PA 15642)",5500-SF,2024,20250423095415NAL0003732755001,"ELITE HEATING & AIR CONDITIONING, INC. 401(K) PLAN","ELITE HEATING & AIR CONDITIONING, INC.",,251589198,PA,2024-01-01,2024-12-31,2025-04-23,7,2E 2F 2G 2J 2K 2T,2E2F2G2J2K2T3D,0,0,FILING_RECEIVED,DOL_FORM_5500_SF_2024,https://askebsa.dol.gov/FOIA%20Files/2024/Latest/F_5500_SF_2024_Latest.zip,11370908e2bbc78d1d418b2f2a2177875e0524c12b69a181432d6fd65a5966c3
biz-686,351947444-001,low (review),"sponsor name 'ELITE HEATING AND AIR CONDITIONING' matches; sponsor address differs (555 MT. TABOR ROAD, NEW ALBANY IN 47150)",5500-SF,2025,20260713113038NAL0000152848001,ELITE HEATING AND AIR CONDITIONING 401(K) PLAN,ELITE HEATING AND AIR CONDITIONING,,351947444,IN,2025-01-01,2025-12-31,2026-07-13,4,2E 2F 2G 2J 2K 2T,2E2F2G2J2K3D2T,0,0,FILING_RECEIVED,DOL_FORM_5500_SF_2025,https://askebsa.dol.gov/FOIA%20Files/2025/Latest/F_5500_SF_2025_Latest.zip,2db4677bd93455ccc082d378fdd56594ac90ca0fc6f2da1639a15aea8ed3e94d
biz-686,463968332-001,low (review),"sponsor name 'ELITE HEATING AND AIR CONDITIONING' matches; sponsor address differs (7101 BURLESON RD, AUSTIN TX 78744)",5500-SF,2025,20260429220656NAL0011471281084,ELITE HEATING AND AIR CONDITIONING 401(K) PLAN,ELITE HEATING AND AIR CONDITIONING,,463968332,TX,2025-01-01,2025-12-31,2026-04-29,58,2E 2F 2G 2J 2K 2S 2T,2E2F2G2J2K2S2T3D,0,0,FILING_RECEIVED,DOL_FORM_5500_SF_2025,https://askebsa.dol.gov/FOIA%20Files/2025/Latest/F_5500_SF_2025_Latest.zip,2db4677bd93455ccc082d378fdd56594ac90ca0fc6f2da1639a15aea8ed3e94d
biz-686,223776374-002,low (review),"sponsor name 'ELITE HEATING AND AIR CONDITIONING,' matches; sponsor address differs (214 CHERRY AVE, VOORHEES NJ 08043)",5500-SF,2025,20260629083326NAL0020293362001,ELITE HEATING AND AIR CONDITIONING INC. CASH BALANCE PLAN,"ELITE HEATING AND AIR CONDITIONING,",,223776374,NJ,2025-01-01,2025-12-31,2026-06-29,8,1B 1C,1B1C3D,0,0,FILING_RECEIVED,DOL_FORM_5500_SF_2025,https://askebsa.dol.gov/FOIA%20Files/2025/Latest/F_5500_SF_2025_Latest.zip,2db4677bd93455ccc082d378fdd56594ac90ca0fc6f2da1639a15aea8ed3e94d
biz-686,251589198-001,low (review),"sponsor name 'ELITE HEATING & AIR CONDITIONING, INC.' matches; sponsor address differs (129 CROSS STREET, IRWIN PA 15642)",5500-SF,2025,20260722112223NAL0009946659001,"ELITE HEATING & AIR CONDITIONING, INC. 401(K) PLAN","ELITE HEATING & AIR CONDITIONING, INC.",,251589198,PA,2025-01-01,2025-12-31,2026-07-22,7,2E 2F 2G 2J 2K 2T,2E2F2G2J2K2T3D,0,0,FILING_RECEIVED,DOL_FORM_5500_SF_2025,https://askebsa.dol.gov/FOIA%20Files/2025/Latest/F_5500_SF_2025_Latest.zip,2db4677bd93455ccc082d378fdd56594ac90ca0fc6f2da1639a15aea8ed3e94d
biz-686,223776374-001,low (review),"sponsor name 'ELITE HEATING AND AIR CONDITIONING,' matches; sponsor address differs (214 CHERRY AVE, VOORHEES NJ 08043)",5500-SF,2025,20260615074543NAL0000633747001,"ELITE HEATING AND AIR CONDITIONING, INC. 401(K) PLAN","ELITE HEATING AND AIR CONDITIONING,",,223776374,NJ,2025-01-01,2025-12-31,2026-06-15,9,2E 2F 2G 2J 2K 2T,2E2F2G2J2K2T3D,0,0,FILING_RECEIVED,DOL_FORM_5500_SF_2025,https://askebsa.dol.gov/FOIA%20Files/2025/Latest/F_5500_SF_2025_Latest.zip,2db4677bd93455ccc082d378fdd56594ac90ca0fc6f2da1639a15aea8ed3e94d
biz-944,320058117-001,medium,"sponsor name 'TRADEMARK PLUMBING INC' matches; sponsor address corroborates (17651 TELGE RD, CYPRESS TX 774298090)",5500-SF,2025,20260520150503NAL0001673217011,TRADEMARK PLUMBING 401(K) PLAN,TRADEMARK PLUMBING INC,,320058117,TX,2025-01-01,2025-12-31,2026-05-20,14,2E 2F 2G 2J 2K 2S 2T,2E2F2G2J2K2S2T3D,0,0,FILING_RECEIVED,DOL_FORM_5500_SF_2025,https://askebsa.dol.gov/FOIA%20Files/2025/Latest/F_5500_SF_2025_Latest.zip,2db4677bd93455ccc082d378fdd56594ac90ca0fc6f2da1639a15aea8ed3e94d
biz-944,461616273-001,low (review),"sponsor name 'TRADEMARK PLUMBING, LLC' matches; sponsor address differs (27200 NE 10TH AVENUE, RIDGEFIELD WA 98642)",5500-SF,2024,20250826135300NAL0015294080001,TRADEMARK PLUMBING 401(K) PLAN,"TRADEMARK PLUMBING, LLC",,461616273,WA,2024-01-01,2024-12-31,2025-08-26,139,2A 2E 2J 2T 2F 2G,2A2E2J2T2F2G3D,0,0,FILING_RECEIVED,DOL_FORM_5500_SF_2024,https://askebsa.dol.gov/FOIA%20Files/2024/Latest/F_5500_SF_2024_Latest.zip,11370908e2bbc78d1d418b2f2a2177875e0524c12b69a181432d6fd65a5966c3
biz-944,461616273-001,low (review),"sponsor name 'TRADEMARK PLUMBING, LLC' matches; sponsor address differs (27200 NE 10TH AVENUE, RIDGEFIELD IN 98642)",5500-SF,2025,20260616124804NAL0001069633001,TRADEMARK PLUMBING 401(K) PLAN,"TRADEMARK PLUMBING, LLC",,461616273,IN,2025-01-01,2025-12-31,2026-06-16,186,2A 2E 2J 2T 2F 2G,2A2E2J2T2F2G3D,0,0,FILING_RECEIVED,DOL_FORM_5500_SF_2025,https://askebsa.dol.gov/FOIA%20Files/2025/Latest/F_5500_SF_2025_Latest.zip,2db4677bd93455ccc082d378fdd56594ac90ca0fc6f2da1639a15aea8ed3e94d
biz-416,741708371-001,medium,"sponsor name 'GLEN L. JOHNSON AIR CONDITIONING CO., INC.' matches; sponsor address corroborates (9703 MCCULLOUGH AVENUE, SAN ANTONIO TX 782164608)",5500-SF,2024,20250908135421NAL0019365825001,"GLEN L JOHNSON AIR CONDITIONING COMPANY, INC PROFIT SHARING 401(K) PLAN","GLEN L. JOHNSON AIR CONDITIONING CO., INC.",,741708371,TX,2024-01-01,2024-12-31,2025-09-08,11,2A 2E 2F 2G 2J 2K 2R 2T,2A2E2F2G2J2K2R2T3D,0,0,FILING_RECEIVED,DOL_FORM_5500_SF_2024,https://askebsa.dol.gov/FOIA%20Files/2024/Latest/F_5500_SF_2024_Latest.zip,11370908e2bbc78d1d418b2f2a2177875e0524c12b69a181432d6fd65a5966c3
biz-269,741979803-001,high,"sponsor EIN 741979803 equals FEIN embedded in verified Texas taxpayer number; sponsor name 'CUSTOM COMFORT INC' matches; sponsor address corroborates (1821 COTTONWOOD SCHOOL RD, ROSENBERG TX 77471)",5500-SF,2025,20260526121309NAL0004355011001,CUSTOM COMFORT INC 401K PROFIT SHARING PLAN AND TRUST,CUSTOM COMFORT INC,,741979803,TX,2025-01-01,2025-12-31,2026-05-26,15,2A 2E 2F 2G 2J 2K 2T,2A2E2F2G2J2K2T3D,0,0,FILING_RECEIVED,DOL_FORM_5500_SF_2025,https://askebsa.dol.gov/FOIA%20Files/2025/Latest/F_5500_SF_2025_Latest.zip,2db4677bd93455ccc082d378fdd56594ac90ca0fc6f2da1639a15aea8ed3e94d
biz-589,205619829-001,medium,"sponsor name 'FRITZER INTERESTS INC' matches; sponsor address corroborates (9370 SOUTH POINT DR, HOUSTON TX 77054)",5500-SF,2024,20251212102509NAL0009066946001,1-800 RADIATOR & AC 401(K) PLAN,FRITZER INTERESTS INC,,205619829,TX,2025-01-01,2025-05-31,2025-12-12,0,2E 2F 2G 2J 2K 2T,2E2F2G2J2K2T3D,1,0,FILING_RECEIVED,DOL_FORM_5500_SF_2024,https://askebsa.dol.gov/FOIA%20Files/2024/Latest/F_5500_SF_2024_Latest.zip,11370908e2bbc78d1d418b2f2a2177875e0524c12b69a181432d6fd65a5966c3
biz-050,464245537-002,medium,"sponsor name 'UGOTEM, LLC' / DBA 'TEXAS ACE HEATING & AIR' matches; sponsor address corroborates (870 DIVIDEND ROAD, MIDLOTHIAN TX 76065)",5500-SF,2024,20250819085754NAL0001060819001,TEXAS ACE HEATING & AIR 401(K) PLAN,"UGOTEM, LLC",TEXAS ACE HEATING & AIR,464245537,TX,2024-01-01,2024-12-31,2025-08-19,99,2A 2E 2F 2G 2J 2K 2T,2A2E2F2G2J2K2T3D,0,0,FILING_RECEIVED,DOL_FORM_5500_SF_2024,https://askebsa.dol.gov/FOIA%20Files/2024/Latest/F_5500_SF_2024_Latest.zip,11370908e2bbc78d1d418b2f2a2177875e0524c12b69a181432d6fd65a5966c3
biz-597,742695491-001,high,"sponsor EIN 742695491 equals FEIN embedded in verified Texas taxpayer number; sponsor name 'BIESENBACH INC.' matches; sponsor address corroborates (9254 US 87, LOT 3, SAN ANTONIO TX 78263)",5500-SF,2024,20250819135838NAL0001179075001,BIESENBACH INC. 401(K) PLAN,BIESENBACH INC.,,742695491,TX,2024-01-01,2024-12-31,2025-08-19,23,2E 2F 2G 2J 2K 2T,2E2F2G2J2K2T3D,0,0,FILING_RECEIVED,DOL_FORM_5500_SF_2024,https://askebsa.dol.gov/FOIA%20Files/2024/Latest/F_5500_SF_2024_Latest.zip,11370908e2bbc78d1d418b2f2a2177875e0524c12b69a181432d6fd65a5966c3
biz-816,050532414-001,high,"sponsor EIN 050532414 equals FEIN embedded in verified Texas taxpayer number; sponsor name 'TSB PLUMBING SERVICES, INC.' matches; sponsor address corroborates (2531 SPRING CREEK DR, SPRING TX 77373)",5500-SF,2025,20260709051012NAL0000134851001,TSB PLUMBING RETIREMENT PLAN,"TSB PLUMBING SERVICES, INC.",,050532414,TX,2025-01-01,2025-12-31,2026-07-09,21,2E 2F 2G 2J 2K 2T,2E2F2G2J2K2T3D,0,0,FILING_RECEIVED,DOL_FORM_5500_SF_2025,https://askebsa.dol.gov/FOIA%20Files/2025/Latest/F_5500_SF_2025_Latest.zip,2db4677bd93455ccc082d378fdd56594ac90ca0fc6f2da1639a15aea8ed3e94d
biz-250,202487081-001,high,"sponsor EIN 202487081 equals FEIN embedded in verified Texas taxpayer number; sponsor name 'HG FIRE SYSTEMS, LP' matches; sponsor address corroborates (15102 SOMMERMEYER, SUITE 100, HOUSTON TX 77041)",5500-SF,2025,20260717134044NAL0004622771003,"HG FIRE SYSTEMS, LP 401(K) PLAN","HG FIRE SYSTEMS, LP",,202487081,TX,2025-01-01,2025-12-31,2026-07-17,9,2A 2E 2F 2G 2J 2K 2T,2A2E2F2G2J2K2T3B3D,0,0,FILING_RECEIVED,DOL_FORM_5500_SF_2025,https://askebsa.dol.gov/FOIA%20Files/2025/Latest/F_5500_SF_2025_Latest.zip,2db4677bd93455ccc082d378fdd56594ac90ca0fc6f2da1639a15aea8ed3e94d
biz-572,741509475-001,high,"sponsor EIN 741509475 equals FEIN embedded in verified Texas taxpayer number; sponsor name 'STRAUS SYSTEMS, INC.' matches; sponsor address corroborates (7 STRAUS CT, STAFFORD TX 77477)",5500-SF,2025,20260702112345NAL0012346419001,"STRAUS SYSTEMS, INC. 401(K) SAVINGS PLAN (FORMERLY BEELER-SANDERS PROPERTIES, INC. 401(K) SAVINGS PLAN)","STRAUS SYSTEMS, INC.",,741509475,TX,2025-01-01,2025-12-31,2026-07-02,13,2E 2G 2J 2K 2T 2S,2E2G2J2K2T3D3H2S,0,0,FILING_RECEIVED,DOL_FORM_5500_SF_2025,https://askebsa.dol.gov/FOIA%20Files/2025/Latest/F_5500_SF_2025_Latest.zip,2db4677bd93455ccc082d378fdd56594ac90ca0fc6f2da1639a15aea8ed3e94d
biz-398,752226307-001,high,"sponsor EIN 752226307 equals FEIN embedded in verified Texas taxpayer number; sponsor name 'A/C CONTRACTORS, LLC' matches; sponsor address corroborates (3830 GILMER ROAD, LONGVIEW TX 75604)",5500-SF,2024,20251013112519NAL0002582994001,"A/C CONTRACTORS, INC. 401(K) PROFIT SHARING PLAN AND TRUST","A/C CONTRACTORS, LLC",,752226307,TX,2024-01-01,2024-12-31,2025-10-13,31,2E 2F 2G 2J 2K 2T,2E2F2G2J2K2T3D,0,0,FILING_RECEIVED,DOL_FORM_5500_SF_2024,https://askebsa.dol.gov/FOIA%20Files/2024/Latest/F_5500_SF_2024_Latest.zip,11370908e2bbc78d1d418b2f2a2177875e0524c12b69a181432d6fd65a5966c3
biz-154,462303503-001,low (review),"sponsor name 'SUMMIT MECHANICAL LLC' matches; sponsor address differs (7312 NW 164TH ST STE 104, EDMOND OK 730139055)",5500-SF,2024,20250723135253NAL0010586226001,SUMMIT MECHANICAL LLC 401(K) PROFIT SHARING PLAN & TRUST,SUMMIT MECHANICAL LLC,,462303503,OK,2024-01-01,2024-12-31,2025-07-23,6,2E 2F 2G 2J 2K 2T,2E2F2G2J2K2T3D,0,0,FILING_RECEIVED,DOL_FORM_5500_SF_2024,https://askebsa.dol.gov/FOIA%20Files/2024/Latest/F_5500_SF_2024_Latest.zip,11370908e2bbc78d1d418b2f2a2177875e0524c12b69a181432d6fd65a5966c3
biz-154,261290248-001,low (review),"sponsor name 'SUMMIT MECHANICAL, INC.' matches; sponsor address differs (304 CARSON DR., BEAR DE 19701)",5500-SF,2024,20251013135559NAL0002124912001,"SUMMIT MECHANICAL, INC. 401(K) PROFIT SHARING PLAN","SUMMIT MECHANICAL, INC.",,261290248,DE,2024-01-01,2024-12-31,2025-10-13,12,2E 2J 2F 2G 2R,2E2J2F2G2R3D,0,0,FILING_RECEIVED,DOL_FORM_5500_SF_2024,https://askebsa.dol.gov/FOIA%20Files/2024/Latest/F_5500_SF_2024_Latest.zip,11370908e2bbc78d1d418b2f2a2177875e0524c12b69a181432d6fd65a5966c3
biz-154,461397847-001,low (review),"sponsor name 'SUMMIT MECHANICAL, INC.' matches; sponsor address differs (5324 ALGOA RD, JEFFERSON CITY MO 65101)",5500-SF,2024,20250319091740NAL0009117378001,"SUMMIT MECHANICAL, INC. 401K PLAN","SUMMIT MECHANICAL, INC.",,461397847,MO,2024-01-01,2024-12-31,2025-03-19,25,2E 2F 2G 2J 2K 2T,2E2F2G2J2K2T3D,0,0,FILING_RECEIVED,DOL_FORM_5500_SF_2024,https://askebsa.dol.gov/FOIA%20Files/2024/Latest/F_5500_SF_2024_Latest.zip,11370908e2bbc78d1d418b2f2a2177875e0524c12b69a181432d6fd65a5966c3
biz-154,463047922-001,low (review),"sponsor name 'SUMMIT MECHANICAL LLC' matches; sponsor address differs (9611 TRATTORIA STREET, LAS VEGAS NV 91788)",5500-SF,2024,20251002084202NAL0000159939001,SUMMIT MECHANICAL LLC 401(K) PLAN,SUMMIT MECHANICAL LLC,,463047922,NV,2024-01-01,2024-12-31,2025-10-02,0,2E 2F 2G 2J 2K 2T,2E2F2G2J2K2T3D,0,0,FILING_RECEIVED,DOL_FORM_5500_SF_2024,https://askebsa.dol.gov/FOIA%20Files/2024/Latest/F_5500_SF_2024_Latest.zip,11370908e2bbc78d1d418b2f2a2177875e0524c12b69a181432d6fd65a5966c3
biz-154,061778760-001,low (review),"sponsor name 'SUMMIT MECHANICAL' matches; sponsor address differs (6804 19 1/2 MILE ROAD, STERLING HEIGHTS MI 48314)",5500-SF,2024,20250916113444NAL0001917873001,SUMMIT MECHANICAL 401(K) PLAN,SUMMIT MECHANICAL,,061778760,MI,2024-01-01,2024-12-31,2025-09-16,6,2E 2J 2K 2F 2G,2E2J2K2F2G3D,0,0,FILING_RECEIVED,DOL_FORM_5500_SF_2024,https://askebsa.dol.gov/FOIA%20Files/2024/Latest/F_5500_SF_2024_Latest.zip,11370908e2bbc78d1d418b2f2a2177875e0524c12b69a181432d6fd65a5966c3
biz-154,461397847-001,low (review),"sponsor name 'SUMMIT MECHANICAL, INC.' matches; sponsor address differs (5324 ALGOA RD, JEFFERSON CITY MO 65101)",5500-SF,2025,20260331101038NAL0016129490001,"SUMMIT MECHANICAL, INC. 401K PLAN","SUMMIT MECHANICAL, INC.",,461397847,MO,2025-01-01,2025-12-31,2026-03-31,21,2E 2F 2G 2J 2K 2T,2E2F2G2J2K2T3D,0,0,FILING_RECEIVED,DOL_FORM_5500_SF_2025,https://askebsa.dol.gov/FOIA%20Files/2025/Latest/F_5500_SF_2025_Latest.zip,2db4677bd93455ccc082d378fdd56594ac90ca0fc6f2da1639a15aea8ed3e94d
biz-339,731625304-001,high,"sponsor EIN 731625304 equals FEIN embedded in verified Texas taxpayer number; sponsor name 'BEST PLUMBING LLC' matches; sponsor address corroborates (7802 FARNSWORTH ST, HOUSTON TX 770223223)",5500-SF,2025,20260429092511NAL0023627586001,BEST PLUMBING LLC 401(K) PROFIT SHARING PLAN & TRUST,BEST PLUMBING LLC,,731625304,TX,2025-01-01,2025-12-31,2026-04-29,33,2E 2F 2G 2J 2K 2T,2E2F2G2J2K2T3D3H,0,0,FILING_RECEIVED,DOL_FORM_5500_SF_2025,https://askebsa.dol.gov/FOIA%20Files/2025/Latest/F_5500_SF_2025_Latest.zip,2db4677bd93455ccc082d378fdd56594ac90ca0fc6f2da1639a15aea8ed3e94d
biz-339,311462106-001,low (review),"sponsor name 'BEST PLUMBING' matches; sponsor address differs (5791 ZARLEY STREET, SUITE A, NEW ALBANY OH 43054)",5500-SF,2024,20251015084035NAL0005553760001,BEST PLUMBING 401(K) PLAN,BEST PLUMBING,,311462106,OH,2024-01-01,2024-12-31,2025-10-15,13,2A 2E 2J 2F 2G 2K 2T,2A2E2J2F2G3D2K2T,0,0,FILING_RECEIVED,DOL_FORM_5500_SF_2024,https://askebsa.dol.gov/FOIA%20Files/2024/Latest/F_5500_SF_2024_Latest.zip,11370908e2bbc78d1d418b2f2a2177875e0524c12b69a181432d6fd65a5966c3
biz-839,820788677-001,medium,"sponsor name 'HELM PLUMBING SERVICES, LLC' matches; sponsor address corroborates (907 S MAIN STREET, MIDLAND TX 79701)",5500-SF,2025,20260909224610NAL0004248928001,HELM PLUMBING SERVICES 401K PLAN,"HELM PLUMBING SERVICES, LLC",,820788677,TX,2025-01-01,2025-12-31,2026-09-09,17,2E 2F 2G 2J 2R 2T,2E2F2G2J2R2T3D,0,0,FILING_RECEIVED,DOL_FORM_5500_SF_2025,https://askebsa.dol.gov/FOIA%20Files/2025/Latest/F_5500_SF_2025_Latest.zip,2db4677bd93455ccc082d378fdd56594ac90ca0fc6f2da1639a15aea8ed3e94d
biz-827,760044669-001,high,"sponsor EIN 760044669 equals FEIN embedded in verified Texas taxpayer number; sponsor name 'SCHAFFER MECHANICAL, INC.' matches; sponsor address corroborates (5420 GULFTON DRIVE, HOUSTON TX 77081)",5500-SF,2025,20260707073756NAL0019284225001,"SCHAFFER MECHANICAL, INC. 401(K) PROFIT SHARING PLAN","SCHAFFER MECHANICAL, INC.",,760044669,TX,2025-01-01,2025-12-31,2026-07-07,25,2E 2F 2G 2J 2K,2E2F2G2J2K3D,0,0,FILING_RECEIVED,DOL_FORM_5500_SF_2025,https://askebsa.dol.gov/FOIA%20Files/2025/Latest/F_5500_SF_2025_Latest.zip,2db4677bd93455ccc082d378fdd56594ac90ca0fc6f2da1639a15aea8ed3e94d
biz-350,652263105-001,medium,sponsor name 'AINSWORTH AIR LP' matches; sponsor ZIP corroborates (BAYTOWN TX 77521),5500-SF,2024,20251007163104NAL0002606723001,AINSWORTH AIR LP 401(K) PROFIT SHARING PLAN & TRUST,AINSWORTH AIR LP,,652263105,TX,2024-01-01,2024-12-31,2025-10-07,15,2A 2E 2F 2G 2J 2K 2T,2A2E2F2G2J2K2T3D,0,0,FILING_RECEIVED,DOL_FORM_5500_SF_2024,https://askebsa.dol.gov/FOIA%20Files/2024/Latest/F_5500_SF_2024_Latest.zip,11370908e2bbc78d1d418b2f2a2177875e0524c12b69a181432d6fd65a5966c3
biz-992,752886914-001,medium,"sponsor EIN 752886914 equals FEIN embedded in verified Texas taxpayer number; sponsor address corroborates (2303 120TH ST, LUBBOCK TX 79423)",5500-SF,2025,20260522150114NAL0002442995001,HUB CITY PLUMBING & MECHANICAL 401(K) PLAN,GRG SANDERS & CO. DBA HUB CITY P,,752886914,TX,2025-01-01,2025-12-31,2026-05-22,13,2A 2E 2F 2G 2J 2K 2T,2A2E2F2G2J2K2T3D,0,0,FILING_RECEIVED,DOL_FORM_5500_SF_2025,https://askebsa.dol.gov/FOIA%20Files/2025/Latest/F_5500_SF_2025_Latest.zip,2db4677bd93455ccc082d378fdd56594ac90ca0fc6f2da1639a15aea8ed3e94d
biz-717,742199237-001,high,"sponsor EIN 742199237 equals FEIN embedded in verified Texas taxpayer number; sponsor name 'NEVA CORPORATION' matches; sponsor address corroborates (11350 BRITTMOORE PARK DRIVE, HOUSTON TX 77041)",5500-SF,2025,20260529151144NAL0009405793001,NEVA CORPORATION EMPLOYEE SAVINGS PLAN,NEVA CORPORATION,,742199237,TX,2025-01-01,2025-12-31,2026-05-29,23,2E 2F 2G 2J 2K 2T 2S,2E2F2G2J2K2T2S3D3H,0,0,FILING_RECEIVED,DOL_FORM_5500_SF_2025,https://askebsa.dol.gov/FOIA%20Files/2025/Latest/F_5500_SF_2025_Latest.zip,2db4677bd93455ccc082d378fdd56594ac90ca0fc6f2da1639a15aea8ed3e94d
biz-258,270007101-001,high,"sponsor EIN 270007101 equals FEIN embedded in verified Texas taxpayer number; sponsor name 'B.T. SIEK COMPANY, INC.' matches; sponsor address corroborates (10704 N. FM 620 ROAD, AUSTIN TX 78726)",5500-SF,2024,20250929202758NAL0011683585001,"B.T. SIEK COMPANY, INC. 401(K) PLAN","B.T. SIEK COMPANY, INC.",,270007101,TX,2024-01-01,2024-12-31,2025-09-29,55,2E 2F 2G 2J 2K 2S 2T,2E2F2G2J2K2S2T3D,0,0,FILING_RECEIVED,DOL_FORM_5500_SF_2024,https://askebsa.dol.gov/FOIA%20Files/2024/Latest/F_5500_SF_2024_Latest.zip,11370908e2bbc78d1d418b2f2a2177875e0524c12b69a181432d6fd65a5966c3
biz-790,223283973-001,low (review),"sponsor name 'ENVIRONMENTAL AIR SYSTEMS' matches; sponsor address differs (801 11TH AVE, BELMAR NJ 07719)",5500-SF,2024,20260120172128NAL0003170835001,THE CONTRACTORS RETIREMENT PLAN,ENVIRONMENTAL AIR SYSTEMS,,223283973,NJ,2024-07-01,2025-03-07,2026-01-20,0,2A 2E 2F 2G 2J 2T,2A2E2F2G2J2T3D,1,,FILING_RECEIVED,DOL_FORM_5500_SF_2024,https://askebsa.dol.gov/FOIA%20Files/2024/Latest/F_5500_SF_2024_Latest.zip,11370908e2bbc78d1d418b2f2a2177875e0524c12b69a181432d6fd65a5966c3
biz-558,261146611-001,low (review),"sponsor name 'LASCO PROCESS SYSTEMS, LLC' matches; sponsor address differs (5224 BEAR CREEK CT,, IRVING TX 75061)",5500-SF,2024,20250811155759NAL0007356865001,"LASCO PROCESS SYSTEMS, LLC 401(K) PLAN","LASCO PROCESS SYSTEMS, LLC",,261146611,TX,2024-01-01,2024-12-31,2025-08-11,34,2E 2F 2G 2J 2T,2E2F2G2J2T3D,0,,FILING_RECEIVED,DOL_FORM_5500_SF_2024,https://askebsa.dol.gov/FOIA%20Files/2024/Latest/F_5500_SF_2024_Latest.zip,11370908e2bbc78d1d418b2f2a2177875e0524c12b69a181432d6fd65a5966c3
biz-752,742062366-001,high,"sponsor EIN 742062366 equals FEIN embedded in verified Texas taxpayer number; sponsor name 'DINGEE PLUMBING CONTRACTORS, INC.' matches; sponsor address corroborates (1410 FM 2004, LAKE JACKSON TX 77566)",5500-SF,2025,20260711220630NAL0003806994001,DINGEE PLUMBING CONTRACTORS RETIREMENT PLAN,"DINGEE PLUMBING CONTRACTORS, INC.",,742062366,TX,2025-01-01,2025-12-31,2026-07-11,17,2A 2E 2F 2G 2J 2K 2S 2T,2A2E2F2G2J2K2S2T3D,0,0,FILING_RECEIVED,DOL_FORM_5500_SF_2025,https://askebsa.dol.gov/FOIA%20Files/2025/Latest/F_5500_SF_2025_Latest.zip,2db4677bd93455ccc082d378fdd56594ac90ca0fc6f2da1639a15aea8ed3e94d
biz-256,474595437-001,medium,"sponsor name 'PACE MECHANICAL SERVICES, LLC' matches; sponsor address corroborates (13335 MURPHY ROAD, STAFFORD TX 77477)",5500-SF,2024,20250926143116NAL0021854290001,PACE MECHANICAL SERVICES 401(K) PLAN,"PACE MECHANICAL SERVICES, LLC",,474595437,TX,2024-01-01,2024-12-31,2025-09-26,12,2E 2G 2J 2K 2F 2T,2E3D2G2J2K2F2T,0,0,FILING_RECEIVED,DOL_FORM_5500_SF_2024,https://askebsa.dol.gov/FOIA%20Files/2024/Latest/F_5500_SF_2024_Latest.zip,11370908e2bbc78d1d418b2f2a2177875e0524c12b69a181432d6fd65a5966c3
biz-431,841440204-001,low (review),"sponsor name 'AIRMAX LLC' matches; sponsor address differs (8481 AVIATOR LANE, CENTENNIAL CO 80112)",5500-SF,2024,20250905170455NAL0029147712001,AIRMAX LLC 401(K) PROFIT SHARING PLAN AND TRUST,AIRMAX LLC,,841440204,CO,2024-01-01,2024-12-31,2025-09-05,25,2E 2F 2G 2J 2K 2T,2E2F2G2J2K2T3D,0,0,FILING_RECEIVED,DOL_FORM_5500_SF_2024,https://askebsa.dol.gov/FOIA%20Files/2024/Latest/F_5500_SF_2024_Latest.zip,11370908e2bbc78d1d418b2f2a2177875e0524c12b69a181432d6fd65a5966c3
biz-324,741749822-001,high,"sponsor EIN 741749822 equals FEIN embedded in verified Texas taxpayer number; sponsor name 'MISSION PLUMBING, HEATING AND AIR CONDITIONING CO., INC.' matches; sponsor address corroborates (15440 TRADESMAN DR, SAN ANTONIO TX 78249)",5500-SF,2025,20260723144309NAL0011378259001,"MISSION PLUMBING, HEATING AND AIR CONDITIONING CO., INC. RETIREMENT PLAN","MISSION PLUMBING, HEATING AND AIR CONDITIONING CO., INC.",,741749822,TX,2025-01-01,2025-12-31,2026-07-23,8,2G 2F 2J 2K 2E 2S 2T,2G2F3D2J2K2E2S2T,0,0,FILING_RECEIVED,DOL_FORM_5500_SF_2025,https://askebsa.dol.gov/FOIA%20Files/2025/Latest/F_5500_SF_2025_Latest.zip,2db4677bd93455ccc082d378fdd56594ac90ca0fc6f2da1639a15aea8ed3e94d
biz-324,741749822-002,high,"sponsor EIN 741749822 equals FEIN embedded in verified Texas taxpayer number; sponsor name 'MISSION PLUMBING, HEATING AND AIR CONDITIONING CO., INC.' matches; sponsor address corroborates (15440 TRADESMAN DRIVE, SAN ANTONIO TX 78249)",5500-SF,2024,20250722164532NAL0006679762001,"MISSION PLUMBING, HEATING AND AIR CONDITIONING CO., INC. CASH BALANCE PLAN","MISSION PLUMBING, HEATING AND AIR CONDITIONING CO., INC.",,741749822,TX,2024-01-01,2024-12-31,2025-07-22,10,1C,1C3D,0,0,FILING_RECEIVED,DOL_FORM_5500_SF_2024,https://askebsa.dol.gov/FOIA%20Files/2024/Latest/F_5500_SF_2024_Latest.zip,11370908e2bbc78d1d418b2f2a2177875e0524c12b69a181432d6fd65a5966c3
biz-458,812376754-001,medium,"sponsor name 'MCBRIDE PLUMBING, LLC' matches; sponsor address corroborates (6719 THEALL ROAD, SUITE B, HOUSTON TX 77066)",5500-SF,2024,20251015204609NAL0007430288001,COMPLIANCE 401(K) MULTIPLE EMPLOYER PLAN,"MCBRIDE PLUMBING, LLC",,812376754,TX,2024-01-01,2024-12-31,2025-10-15,26,2E 2F 2G 2J 2K,2E2F2G2J2K3D,0,0,FILING_RECEIVED,DOL_FORM_5500_SF_2024,https://askebsa.dol.gov/FOIA%20Files/2024/Latest/F_5500_SF_2024_Latest.zip,11370908e2bbc78d1d418b2f2a2177875e0524c12b69a181432d6fd65a5966c3
biz-624,751935949-002,high,"sponsor EIN 751935949 equals FEIN embedded in verified Texas taxpayer number; sponsor name 'ADVENT AIR CONDITIONING' matches; sponsor address corroborates (500 S. KEALY STREET, LEWISVILLE TX 75057)",5500-SF,2024,20251014153550NAL0003297457003,"ADVENT AIR CONDITIONING, INC. 401(K) RETIREMENT PLAN",ADVENT AIR CONDITIONING,,751935949,TX,2024-01-01,2024-12-31,2025-10-14,6,2E 2G 2J 2K,2E2G2J2K3D,0,,FILING_RECEIVED,DOL_FORM_5500_SF_2024,https://askebsa.dol.gov/FOIA%20Files/2024/Latest/F_5500_SF_2024_Latest.zip,11370908e2bbc78d1d418b2f2a2177875e0524c12b69a181432d6fd65a5966c3
biz-523,470725176-001,low (review),"sponsor name 'ABLE PLUMBING, INC.' matches; sponsor address differs (2336 BOB BOOZER DRIVE, OMAHA NE 681302558)",5500-SF,2024,20250722142502NAL0002501361001,"ABLE PLUMBING, INC. 401(K) PLAN","ABLE PLUMBING, INC.",,470725176,NE,2024-01-01,2024-12-31,2025-07-22,16,2A 2E 2F 2G 2J 2K 2T,2A2E2F2G2J2K2T3D,0,0,FILING_RECEIVED,DOL_FORM_5500_SF_2024,https://askebsa.dol.gov/FOIA%20Files/2024/Latest/F_5500_SF_2024_Latest.zip,11370908e2bbc78d1d418b2f2a2177875e0524c12b69a181432d6fd65a5966c3
biz-492,741383687-001,high,"sponsor EIN 741383687 equals FEIN embedded in verified Texas taxpayer number; sponsor name 'THE LEE THOMPSON COMPANY, INC.' matches; sponsor address corroborates (1718 ELMVIEW DR., HOUSTON TX 77080)",5500-SF,2024,20250722102138NAL0001135907001,THE LEE THOMPSON CO. 401(K) PROFIT SHARING PLAN & TRUST,"THE LEE THOMPSON COMPANY, INC.",,741383687,TX,2024-01-01,2024-12-31,2025-07-22,31,2E 2F 2G 2J 2K 2T,2E2F2G2J2K2T3D,0,0,FILING_RECEIVED,DOL_FORM_5500_SF_2024,https://askebsa.dol.gov/FOIA%20Files/2024/Latest/F_5500_SF_2024_Latest.zip,11370908e2bbc78d1d418b2f2a2177875e0524c12b69a181432d6fd65a5966c3
biz-863,825056832-001,low (review),"sponsor name 'SWAN PLUMBING HEATING & AIR INC.' matches; sponsor address differs (309 US HWY 80 W, SUNNYVALE TX 75182)",5500-SF,2024,20250728101641NAL0001851825001,SWAN PLUMBING HEATING & AIR INC. RETIREMENT TRUST,SWAN PLUMBING HEATING & AIR INC.,,825056832,TX,2024-01-01,2024-12-31,2025-07-28,31,2E 2F 2G 2J 2K 2T,2E2F2G2J2K2T3D,0,0,FILING_RECEIVED,DOL_FORM_5500_SF_2024,https://askebsa.dol.gov/FOIA%20Files/2024/Latest/F_5500_SF_2024_Latest.zip,11370908e2bbc78d1d418b2f2a2177875e0524c12b69a181432d6fd65a5966c3
biz-863,825056832-001,low (review),"sponsor name 'SWAN PLUMBING HEATING & AIR INC.' matches; sponsor address differs (309 US HWY 80 W, SUNNYVALE TX 75182)",5500-SF,2025,20260505105504NAL0001385970001,SWAN PLUMBING HEATING & AIR INC. RETIREMENT TRUST,SWAN PLUMBING HEATING & AIR INC.,,825056832,TX,2025-01-01,2025-12-31,2026-05-05,16,2E 2F 2G 2J 2K 2T,2E2F2G2J2K2T3D,0,,FILING_RECEIVED,DOL_FORM_5500_SF_2025,https://askebsa.dol.gov/FOIA%20Files/2025/Latest/F_5500_SF_2025_Latest.zip,2db4677bd93455ccc082d378fdd56594ac90ca0fc6f2da1639a15aea8ed3e94d
biz-831,201605914-001,medium,"sponsor name 'LABORATORY MECHANICAL SERVICES, LLC' matches; sponsor address corroborates (4823 KATY HOCKLEY RD., KATY TX 77493)",5500-SF,2025,20260713140409NAL0000422130001,LABORATORY MECHANICAL SERVICES 401(K) PLAN,"LABORATORY MECHANICAL SERVICES, LLC",,201605914,TX,2025-01-01,2025-12-31,2026-07-13,31,2E 2F 2G 2J 2K 2T,2E2F2G2J2K2T3B3D,0,0,FILING_RECEIVED,DOL_FORM_5500_SF_2025,https://askebsa.dol.gov/FOIA%20Files/2025/Latest/F_5500_SF_2025_Latest.zip,2db4677bd93455ccc082d378fdd56594ac90ca0fc6f2da1639a15aea8ed3e94d
biz-326,271010625-001,medium,sponsor name 'STAR AC SUPPLY LLC' matches; sponsor ZIP corroborates (ARLINGTON TX 76011),5500-SF,2025,20260304134147NAL0001952067001,STAR AC SUPPLY 401(K) PLAN,STAR AC SUPPLY LLC,,271010625,TX,2025-01-01,2025-12-31,2026-03-04,27,2A 2E 2F 2G 2J 2K 2S 2T,2A2E2F2G2J2K2S2T3B3D,0,0,FILING_RECEIVED,DOL_FORM_5500_SF_2025,https://askebsa.dol.gov/FOIA%20Files/2025/Latest/F_5500_SF_2025_Latest.zip,2db4677bd93455ccc082d378fdd56594ac90ca0fc6f2da1639a15aea8ed3e94d
biz-770,742011370-001,medium,"sponsor name 'SHORELINE PLUMBING CO.' matches; sponsor address corroborates (1954 SARATOGA BLVD., CORPUS CHRISTI TX 78417)",5500-SF,2025,20260413152716NAL0030316578001,SHORELINE PLUMBING CO. 401(K) PROFIT SHARING PLAN,SHORELINE PLUMBING CO.,,742011370,TX,2025-01-01,2025-12-31,2026-04-13,25,2A 2E 2F 2G 2J,2A2E2F2G2J3D,0,0,FILING_RECEIVED,DOL_FORM_5500_SF_2025,https://askebsa.dol.gov/FOIA%20Files/2025/Latest/F_5500_SF_2025_Latest.zip,2db4677bd93455ccc082d378fdd56594ac90ca0fc6f2da1639a15aea8ed3e94d
biz-770,742011370-002,medium,"sponsor name 'SHORELINE PLUMBING, CO.' matches; sponsor address corroborates (1954 SARATOGA BLVD, CORPUS CHRISTI TX 78417)",5500-SF,2025,20260508052809NAL0002734003001,SHORELINE PLUMBING CO. CASH BALANCE PLAN,"SHORELINE PLUMBING, CO.",,742011370,TX,2025-01-01,2025-12-31,2026-05-08,0,1C 1I,1C1I3D,0,0,FILING_RECEIVED,DOL_FORM_5500_SF_2025,https://askebsa.dol.gov/FOIA%20Files/2025/Latest/F_5500_SF_2025_Latest.zip,2db4677bd93455ccc082d378fdd56594ac90ca0fc6f2da1639a15aea8ed3e94d
biz-770,330929597-001,low (review),"sponsor name 'SHORELINE PLUMBING INC' matches; sponsor address differs (48 VIA ADRIAN, SAN CLEMENTE CA 926737026)",5500-SF,2024,20250722091900NAL0006298354001,SHORELINE PLUMBING INC 401(K) PROFIT SHARING PLAN & TRUST,SHORELINE PLUMBING INC,,330929597,CA,2024-01-01,2024-12-31,2025-07-22,7,2E 2F 2G 2J 2K 2S 2T,2E2F2G2J2K2S2T3D,0,0,FILING_RECEIVED,DOL_FORM_5500_SF_2024,https://askebsa.dol.gov/FOIA%20Files/2024/Latest/F_5500_SF_2024_Latest.zip,11370908e2bbc78d1d418b2f2a2177875e0524c12b69a181432d6fd65a5966c3
biz-770,330929597-001,low (review),"sponsor name 'SHORELINE PLUMBING INC' matches; sponsor address differs (48 VIA ADRIAN, SAN CLEMENTE CA 926737026)",5500-SF,2025,20260518074928NAL0022186978001,SHORELINE PLUMBING INC 401(K) PROFIT SHARING PLAN & TRUST,SHORELINE PLUMBING INC,,330929597,CA,2025-01-01,2025-12-31,2026-05-18,9,2E 2F 2G 2S 2J 2T 2K,2E2F2G2S3D2J2T2K,0,0,FILING_RECEIVED,DOL_FORM_5500_SF_2025,https://askebsa.dol.gov/FOIA%20Files/2025/Latest/F_5500_SF_2025_Latest.zip,2db4677bd93455ccc082d378fdd56594ac90ca0fc6f2da1639a15aea8ed3e94d
biz-019,920568782-001,medium,"sponsor name 'CENTRAL TEXAS PLUMBING SOLUTIONS' matches; sponsor address corroborates (307 LAKE AIR DRIVE, WACO TX 76710)",5500-SF,2024,20260331113940NAL0000021985001,CENTRAL TEXAS PLUMBING SOLUTIONS 401(K) PLAN,CENTRAL TEXAS PLUMBING SOLUTIONS,,920568782,TX,2024-01-01,2024-12-31,2026-03-31,19,2A 2E 2J 2K 2F 2G,2A2E2J2K2F2G3D,0,1,FILING_RECEIVED,DOL_FORM_5500_SF_2024,https://askebsa.dol.gov/FOIA%20Files/2024/Latest/F_5500_SF_2024_Latest.zip,11370908e2bbc78d1d418b2f2a2177875e0524c12b69a181432d6fd65a5966c3
biz-919,861110037-001,high,"sponsor EIN 861110037 equals FEIN embedded in verified Texas taxpayer number; sponsor name 'MIINC, L.P.' matches; sponsor address corroborates (1960 WEST NORTHWEST HIGHWAY, DALLAS TX 75220)",5500-SF,2024,20260715135742NAL0004273122001,"MIINC, L.P. EMPLOYEES 401(K) PLAN","MIINC, L.P.",,861110037,TX,2024-01-01,2024-12-31,2026-07-15,41,2J 2K 2E 2F 2G 2T,2J2K3D2E2F2G2T,0,0,FILING_RECEIVED,DOL_FORM_5500_SF_2024,https://askebsa.dol.gov/FOIA%20Files/2024/Latest/F_5500_SF_2024_Latest.zip,11370908e2bbc78d1d418b2f2a2177875e0524c12b69a181432d6fd65a5966c3
biz-463,751328258-001,low (review),"sponsor name 'ARMSTRONG MECHANICAL COMPANY, INC.' matches; sponsor address differs (PO BOX 3430, LUBBOCK TX 79452)",5500-SF,2024,20260423091156NAL0010030626001,ARMSTRONG MECHANICAL 401(K) PLAN,"ARMSTRONG MECHANICAL COMPANY, INC.",,751328258,TX,2024-10-01,2025-09-30,2026-04-23,45,2E 2G 2J 2K,2E2G2J2K3D,0,,FILING_RECEIVED,DOL_FORM_5500_SF_2024,https://askebsa.dol.gov/FOIA%20Files/2024/Latest/F_5500_SF_2024_Latest.zip,11370908e2bbc78d1d418b2f2a2177875e0524c12b69a181432d6fd65a5966c3
biz-207,900442893-001,medium,"sponsor name 'HB MECHANICAL SERVICES, INC.' matches; sponsor address corroborates (PO BOX 569, PORTER TX 77365)",5500-SF,2025,20260723144002NAL0014130497001,"HB MECHANICAL SERVICES, INC. 401(K) PLAN","HB MECHANICAL SERVICES, INC.",,900442893,TX,2025-01-01,2025-12-31,2026-07-23,49,2A 2E 2F 2G 2J 2K 2T,2A2E2F2G2J2K2T3D,0,0,FILING_RECEIVED,DOL_FORM_5500_SF_2025,https://askebsa.dol.gov/FOIA%20Files/2025/Latest/F_5500_SF_2025_Latest.zip,2db4677bd93455ccc082d378fdd56594ac90ca0fc6f2da1639a15aea8ed3e94d
biz-249,742455084-001,low (review),"sponsor name 'SWEETWATER FILTRATION SYSTEMS, INC.' matches; sponsor address differs (1724 CHEDDAR LOOP DR, AUSTIN TX 87287)",5500-SF,2024,20250702092901NAL0007192467002,"SFS, INC. 401(K) PLAN","SWEETWATER FILTRATION SYSTEMS, INC.",,742455084,TX,2024-01-01,2024-12-31,2025-07-02,87,2A 2E 2F 2G 2J 2K 2T,2A2E2F2G2J2K2T3D,0,0,FILING_RECEIVED,DOL_FORM_5500_SF_2024,https://askebsa.dol.gov/FOIA%20Files/2024/Latest/F_5500_SF_2024_Latest.zip,11370908e2bbc78d1d418b2f2a2177875e0524c12b69a181432d6fd65a5966c3
biz-249,742455084-001,low (review),"sponsor name 'SWEETWATER FILTRATION SYSTEMS, INC.' matches; sponsor address differs (1724 CHEDDAR LOOP DR, AUSTIN TX 87287)",5500-SF,2025,20260313104342NAL0008864482004,"SFS, INC. 401(K) PLAN","SWEETWATER FILTRATION SYSTEMS, INC.",,742455084,TX,2025-01-01,2025-12-31,2026-03-13,82,2A 2E 2F 2G 2J 2K 2T,2A2E2F2G2J2K2T3D,0,0,FILING_RECEIVED,DOL_FORM_5500_SF_2025,https://askebsa.dol.gov/FOIA%20Files/2025/Latest/F_5500_SF_2025_Latest.zip,2db4677bd93455ccc082d378fdd56594ac90ca0fc6f2da1639a15aea8ed3e94d
biz-881,310830725-002,low (review),"sponsor name 'AIR/PRO, INC.' matches; sponsor address differs (1411 COMMERCE PARK DRIVE, TIPP CITY OH 45371)",5500-SF,2024,20251015194531NAL0002941075001,"AIR/PRO, INC. 401(K) SALARY SAVINGS PLAN","AIR/PRO, INC.",,310830725,OH,2024-01-01,2024-12-31,2025-10-15,12,2A 2E 2F 2G 2J 2K,2A2E2F2G2J2K,0,0,FILING_RECEIVED,DOL_FORM_5500_SF_2024,https://askebsa.dol.gov/FOIA%20Files/2024/Latest/F_5500_SF_2024_Latest.zip,11370908e2bbc78d1d418b2f2a2177875e0524c12b69a181432d6fd65a5966c3
biz-579,742575404-001,medium,"sponsor name 'AUSTIN AIR CONDITIONING INC' matches; sponsor address corroborates (13620 IMMANUEL RD, PFLUGERVILLE TX 78660)",5500-SF,2025,20260723143529NAL0016660976001,AUSTIN AIR CONDITIONING INC 401(K) PLAN,AUSTIN AIR CONDITIONING INC,,742575404,TX,2025-01-01,2025-12-31,2026-07-23,30,2E 2F 2G 2J 2K 2T,2E2F2G2J2K2T3D,0,0,FILING_RECEIVED,DOL_FORM_5500_SF_2025,https://askebsa.dol.gov/FOIA%20Files/2025/Latest/F_5500_SF_2025_Latest.zip,2db4677bd93455ccc082d378fdd56594ac90ca0fc6f2da1639a15aea8ed3e94d
biz-823,760053235-001,medium,"sponsor name 'CHAPARRAL PLUMBING, L.P.' matches; sponsor ZIP corroborates (SPRING TX 77379)",5500-SF,2025,20260410050719NAL0023464194001,"CHAPARRAL PLUMBING, L.P. 401K PLAN","CHAPARRAL PLUMBING, L.P.",,760053235,TX,2025-01-01,2025-12-31,2026-04-10,1,2F 2G 2J 2K,2F2G2J2K3D,0,0,FILING_RECEIVED,DOL_FORM_5500_SF_2025,https://askebsa.dol.gov/FOIA%20Files/2025/Latest/F_5500_SF_2025_Latest.zip,2db4677bd93455ccc082d378fdd56594ac90ca0fc6f2da1639a15aea8ed3e94d
biz-823,870486338-002,low (review),"sponsor name 'CHAPARRAL PLUMBING, INC.' matches; sponsor address differs (8680 SOUTH MONROE STREET, SANDY UT 84070)",5500-SF,2024,20251023060848NAL0005718290001,"CHAPARRAL PLUMBING, INC. 401(K) PLAN","CHAPARRAL PLUMBING, INC.",,870486338,UT,2024-01-01,2024-12-31,2025-10-23,12,2E 2F 2G 2J 2K 2T,2E2F2G2J2K2T3D,0,0,FILING_RECEIVED,DOL_FORM_5500_SF_2024,https://askebsa.dol.gov/FOIA%20Files/2024/Latest/F_5500_SF_2024_Latest.zip,11370908e2bbc78d1d418b2f2a2177875e0524c12b69a181432d6fd65a5966c3
biz-743,742116326-001,high,"sponsor EIN 742116326 equals FEIN embedded in verified Texas taxpayer number; sponsor name 'COOPWOOD'S AIR CONDITIONING, INC.' matches; sponsor address corroborates (414 W. TIDWELL ROAD, HOUSTON TX 77091)",5500-SF,2024,20260225160123NAL0002307251001,"COOPWOOD'S AIR CONDITIONING, INC. PROFIT SHARING","COOPWOOD'S AIR CONDITIONING, INC.",,742116326,TX,2024-04-01,2025-03-31,2026-02-25,88,2E 2F 2H 2R 2T,2E2F2H2R2T3D3H,0,1,FILING_RECEIVED,DOL_FORM_5500_SF_2024,https://askebsa.dol.gov/FOIA%20Files/2024/Latest/F_5500_SF_2024_Latest.zip,11370908e2bbc78d1d418b2f2a2177875e0524c12b69a181432d6fd65a5966c3
biz-299,742767180-001,high,"sponsor EIN 742767180 equals FEIN embedded in verified Texas taxpayer number; sponsor name 'BOLIN PLUMBING, LTD.' matches; sponsor address corroborates (P.O. BOX 1161, HELOTES TX 78023)",5500-SF,2025,20260608114828NAL0003640112001,"BOLIN PLUMBING, LTD. RETIREMENT SAVINGS PLAN","BOLIN PLUMBING, LTD.",,742767180,TX,2025-01-01,2025-12-31,2026-06-08,48,2E 2F 2G 2J 2K 2T,2E2F2G2J2K2T3D,0,0,FILING_RECEIVED,DOL_FORM_5500_SF_2025,https://askebsa.dol.gov/FOIA%20Files/2025/Latest/F_5500_SF_2025_Latest.zip,2db4677bd93455ccc082d378fdd56594ac90ca0fc6f2da1639a15aea8ed3e94d
biz-380,752614944-001,medium,"sponsor EIN 752614944 equals FEIN embedded in verified Texas taxpayer number; sponsor address corroborates (4181 BILLY MITCHELL DRIVE, ADDISON TX 75001)",5500-SF,2025,20260722182627NAL0009892259001,HERNDON MCFARLAND PLUMBING INC. 401(K) PROFIT SHARING PLAN,HERNDON MCFARLAND PLUMBING INC.,,752614944,TX,2025-01-01,2025-12-31,2026-07-22,24,2E 2F 2G 2J 2K 2S 2T,2E2F2G2J2K2S2T3D,0,0,FILING_RECEIVED,DOL_FORM_5500_SF_2025,https://askebsa.dol.gov/FOIA%20Files/2025/Latest/F_5500_SF_2025_Latest.zip,2db4677bd93455ccc082d378fdd56594ac90ca0fc6f2da1639a15aea8ed3e94d
biz-259,202054814-334,low (review),"sponsor EIN 202054814 equals FEIN embedded in verified Texas taxpayer number; sponsor address differs (2487 SOUTH GILBERT ROAD, GILBERT AZ 85295)",5500-SF,2024,20250725145357NAL0006785617001,"MAKES SENSE 401K PLAN FIDUCIARY WISE, LLC","FIDUCIRY WISE, LLC FBO KINNEYS COMMERCIAL, INC.",,202054814,AZ,2024-01-01,2024-12-31,2025-07-25,50,2E 2J 2K 2F 2G,2E2J2K2F2G3D,0,0,FILING_RECEIVED,DOL_FORM_5500_SF_2024,https://askebsa.dol.gov/FOIA%20Files/2024/Latest/F_5500_SF_2024_Latest.zip,11370908e2bbc78d1d418b2f2a2177875e0524c12b69a181432d6fd65a5966c3
biz-733,760189873-001,high,"sponsor EIN 760189873 equals FEIN embedded in verified Texas taxpayer number; sponsor name 'AIRE TECHNICS, INC.' matches; sponsor address corroborates (39397 FM 529, BROOKSHIRE TX 77423)",5500-SF,2025,20260714131229NAL0001595889001,"AIRE-TECHNICS, INC. 401(K) RETIREMENT SAVINGS PLAN","AIRE TECHNICS, INC.",,760189873,TX,2025-01-01,2025-12-31,2026-07-14,37,2G 2F 2J 2K 2E 2T,2G2F3D2J2K2E2T,0,0,FILING_RECEIVED,DOL_FORM_5500_SF_2025,https://askebsa.dol.gov/FOIA%20Files/2025/Latest/F_5500_SF_2025_Latest.zip,2db4677bd93455ccc082d378fdd56594ac90ca0fc6f2da1639a15aea8ed3e94d
biz-285,760588772-001,high,"sponsor EIN 760588772 equals FEIN embedded in verified Texas taxpayer number; sponsor name 'MECHANICAL PIPING SYSTEMS INC' matches; sponsor address corroborates (PO BOX 1781, TOMBALL TX 773771781)",5500-SF,2025,20260421080602NAL0003691024001,MECHANICAL PIPING SYSTEMS INC 401(K) PROFIT SHARING PLAN & TRUST,MECHANICAL PIPING SYSTEMS INC,,760588772,TX,2025-01-01,2025-12-31,2026-04-21,68,2E 2F 2G 2J 2T,2E2F2G2J2T3D,0,0,FILING_RECEIVED,DOL_FORM_5500_SF_2025,https://askebsa.dol.gov/FOIA%20Files/2025/Latest/F_5500_SF_2025_Latest.zip,2db4677bd93455ccc082d378fdd56594ac90ca0fc6f2da1639a15aea8ed3e94d
biz-694,200055348-001,medium,"sponsor name 'TOTAL HEAT & A/C, INC.' matches; sponsor ZIP corroborates (PLANO TX 75074)",5500-SF,2025,20260526074658NAL0006105585001,TOTAL AIR & HEAT 401(K) PLAN,"TOTAL HEAT & A/C, INC.",,200055348,TX,2025-01-01,2025-12-31,2026-05-26,14,2S 2E 2G 2J 2K 2F 2T,2S2E3D2G2J2K2F2T,0,0,FILING_RECEIVED,DOL_FORM_5500_SF_2025,https://askebsa.dol.gov/FOIA%20Files/2025/Latest/F_5500_SF_2025_Latest.zip,2db4677bd93455ccc082d378fdd56594ac90ca0fc6f2da1639a15aea8ed3e94d
biz-656,204540328-001,medium,"sponsor name 'RSC LLC' matches; sponsor address corroborates (4508 WOODROW AVE, GALVESTON TX 775515729)",5500-SF,2025,20260423100739NAL0004641409001,RSC LLC 401(K) PROFIT SHARING PLAN & TRUST,RSC LLC,,204540328,TX,2025-01-01,2025-12-31,2026-04-23,14,2E 2F 2G 2J 2T,2E2F2G2J2T3D,0,0,FILING_RECEIVED,DOL_FORM_5500_SF_2025,https://askebsa.dol.gov/FOIA%20Files/2025/Latest/F_5500_SF_2025_Latest.zip,2db4677bd93455ccc082d378fdd56594ac90ca0fc6f2da1639a15aea8ed3e94d
biz-656,233050497-001,low (review),"sponsor name 'RSC, LLC' matches; sponsor address differs (1050 STREET ROAD, SOUTHAMPTON PA 18966)",5500-SF,2024,20250509141536NAL0013376017001,"RSC, LLC 401(K) PLAN","RSC, LLC",,233050497,PA,2024-01-01,2024-12-31,2025-05-09,23,2E 2F 2G 2J 2K 2T,2E2F2G2J2K3D2T,0,0,FILING_RECEIVED,DOL_FORM_5500_SF_2024,https://askebsa.dol.gov/FOIA%20Files/2024/Latest/F_5500_SF_2024_Latest.zip,11370908e2bbc78d1d418b2f2a2177875e0524c12b69a181432d6fd65a5966c3
biz-656,233050497-001,low (review),"sponsor name 'RSC, LLC' matches; sponsor address differs (1050 STREET ROAD, SOUTHAMPTON PA 18966)",5500-SF,2025,20260724094157NAL0012259587001,"RSC, LLC 401(K) PLAN","RSC, LLC",,233050497,PA,2025-01-01,2025-12-31,2026-07-24,21,2E 2F 2G 2J 2K 2T,2E2F2G2J2K3D2T,0,0,FILING_RECEIVED,DOL_FORM_5500_SF_2025,https://askebsa.dol.gov/FOIA%20Files/2025/Latest/F_5500_SF_2025_Latest.zip,2db4677bd93455ccc082d378fdd56594ac90ca0fc6f2da1639a15aea8ed3e94d
biz-1000,822958920-001,low (review),"sponsor name 'SHIPMAN FIRE GROUP INC' matches; sponsor address differs (1020 LA JOLLA POINTE DR, ROCKWALL TX 75087)",5500-SF,2024,20250714134601NAL0000925091001,SHIPMAN FIRE GROUP 401(K) PLAN,SHIPMAN FIRE GROUP INC,,822958920,TX,2024-01-01,2024-12-31,2025-07-14,263,2A 2E 2F 2G 2J 2K 2T,2A2E2F2G2J2K2T3D3H,0,0,FILING_RECEIVED,DOL_FORM_5500_SF_2024,https://askebsa.dol.gov/FOIA%20Files/2024/Latest/F_5500_SF_2024_Latest.zip,11370908e2bbc78d1d418b2f2a2177875e0524c12b69a181432d6fd65a5966c3
biz-093,452678249-001,medium,"sponsor name 'PLAINS PLUMBING CO., LLC' matches; sponsor ZIP corroborates (AMARILLO TX 79101)",5500-SF,2025,20260729175546NAL0022211041001,"PLAINS PLUMBING CO., LLC 401(K) PLAN","PLAINS PLUMBING CO., LLC",,452678249,TX,2025-01-01,2025-12-31,2026-07-29,11,2E 2F 2G 2J 2K 2T,2E2F2G2J2K2T3D,0,0,FILING_RECEIVED,DOL_FORM_5500_SF_2025,https://askebsa.dol.gov/FOIA%20Files/2025/Latest/F_5500_SF_2025_Latest.zip,2db4677bd93455ccc082d378fdd56594ac90ca0fc6f2da1639a15aea8ed3e94d
biz-184,742983098-001,high,"sponsor EIN 742983098 equals FEIN embedded in verified Texas taxpayer number; sponsor name 'AMG CONTRACTORS, LLC' matches; sponsor address corroborates (914 NORTH NEW BRAUNFELS AVENUE, SAN ANTONIO TX 78202)",5500-SF,2024,20250929135115NAL0017966914001,AMG CONTRACTORS LLC 401(K) PLAN,"AMG CONTRACTORS, LLC",,742983098,TX,2024-01-01,2024-12-31,2025-09-29,3,2E 2G 2J 2K 2F 2T,2E3D2G2J2K2F2T,0,0,FILING_RECEIVED,DOL_FORM_5500_SF_2024,https://askebsa.dol.gov/FOIA%20Files/2024/Latest/F_5500_SF_2024_Latest.zip,11370908e2bbc78d1d418b2f2a2177875e0524c12b69a181432d6fd65a5966c3
biz-348,462565440-001,medium,"sponsor name 'BACON PLUMBING INC' matches; sponsor address corroborates (2055 KRISTY LANE, ROCKWALL TX 75032)",5500-SF,2024,20251013114153NAL0002704466001,BACON PLUMBING INC 401(K) PLAN,BACON PLUMBING INC,,462565440,TX,2024-01-01,2024-12-31,2025-10-13,128,2E 2F 2G 2J 2K 2T,2E2F2G2J2K3D3H2T,0,0,FILING_RECEIVED,DOL_FORM_5500_SF_2024,https://askebsa.dol.gov/FOIA%20Files/2024/Latest/F_5500_SF_2024_Latest.zip,11370908e2bbc78d1d418b2f2a2177875e0524c12b69a181432d6fd65a5966c3
biz-866,742339494-001,high,"sponsor EIN 742339494 equals FEIN embedded in verified Texas taxpayer number; sponsor name 'FAIRES PLUMBING CO., INC.' matches; sponsor address corroborates (P O BOX 1199, EDINBERG TX 78540)",5500-SF,2024,20260123095237NAL0007216787001,"FAIRES PLUMBING CO. , INC. RETIREMENT PLAN","FAIRES PLUMBING CO., INC.",,742339494,TX,2024-10-01,2025-09-30,2026-01-23,22,2A 2E 2F 2G 2J 2K 2R,2A2E2F2G2J2K2R,0,0,FILING_RECEIVED,DOL_FORM_5500_SF_2024,https://askebsa.dol.gov/FOIA%20Files/2024/Latest/F_5500_SF_2024_Latest.zip,11370908e2bbc78d1d418b2f2a2177875e0524c12b69a181432d6fd65a5966c3
biz-436,464992955-001,low (review),"sponsor name 'RICH MANAGEMENT LLC' matches; sponsor address differs (50 MONUMENT ROAD, BALA CYNWYD PA 19004)",5500-SF,2024,20250402124544NAL0005337315001,RICH MANAGEMENT LLC RETIREMENT SAVINGS PLAN,RICH MANAGEMENT LLC,,464992955,PA,2024-01-01,2024-12-31,2025-04-02,2,2E 2F 2G 2J 2K 2T,2E2F2G2J2K2T3D,0,0,FILING_RECEIVED,DOL_FORM_5500_SF_2024,https://askebsa.dol.gov/FOIA%20Files/2024/Latest/F_5500_SF_2024_Latest.zip,11370908e2bbc78d1d418b2f2a2177875e0524c12b69a181432d6fd65a5966c3
biz-436,464992955-001,low (review),"sponsor name 'RICH MANAGEMENT LLC' matches; sponsor address differs (50 MONUMENT ROAD, BALA CYNWYD PA 19004)",5500-SF,2025,20260409145259NAL0015673586001,RICH MANAGEMENT LLC RETIREMENT SAVINGS PLAN,RICH MANAGEMENT LLC,,464992955,PA,2025-01-01,2025-12-31,2026-04-09,0,2E 2F 2G 2J 2K 2T,2E2F2G2J2K2T3D,0,0,FILING_RECEIVED,DOL_FORM_5500_SF_2025,https://askebsa.dol.gov/FOIA%20Files/2025/Latest/F_5500_SF_2025_Latest.zip,2db4677bd93455ccc082d378fdd56594ac90ca0fc6f2da1639a15aea8ed3e94d
biz-255,752682480-001,medium,"sponsor name 'RIDDELL PLUMBING, INC.' matches; sponsor address corroborates (3700 US HIGHWAY 80 E, MESQUITE TX 75149)",5500-SF,2025,20260126194643NAL0002305648001,RIDDELL PLUMBING 401(K) PLAN,"RIDDELL PLUMBING, INC.",,752682480,TX,2025-01-01,2025-12-31,2026-01-26,72,2E 2F 2G 2J 2K 2T,2E2F2G2J2K2T3D,0,0,FILING_RECEIVED,DOL_FORM_5500_SF_2025,https://askebsa.dol.gov/FOIA%20Files/2025/Latest/F_5500_SF_2025_Latest.zip,2db4677bd93455ccc082d378fdd56594ac90ca0fc6f2da1639a15aea8ed3e94d
biz-506,751631843-001,high,"sponsor EIN 751631843 equals FEIN embedded in verified Texas taxpayer number; sponsor name 'HALL MECHANICAL CONTRACTORS, INC.' matches; sponsor address corroborates (600 DE COSTA STREET, FORT WORTH TX 761116536)",5500-SF,2024,20250908095432NAL0019197521001,"HALL MECHANICAL CONTRACTORS, INC.","HALL MECHANICAL CONTRACTORS, INC.",,751631843,TX,2025-01-01,2025-03-31,2025-09-08,0,2A 2E 2F 2G 2J 2K 2T,2A2E2F2G2J2K2T3D,1,,FILING_RECEIVED,DOL_FORM_5500_SF_2024,https://askebsa.dol.gov/FOIA%20Files/2024/Latest/F_5500_SF_2024_Latest.zip,11370908e2bbc78d1d418b2f2a2177875e0524c12b69a181432d6fd65a5966c3
biz-614,261650184-001,low (review),"sponsor name 'REGENCY PLUMBING CONTRACTORS, LP' matches; sponsor address differs (10631 S SAM HOUSTON PKWY, HOUSTON TX 77071)",5500-SF,2024,20251006133558NAL0009394786001,REGENCY PLUMBING CONTRACTORS 401(K) PLAN,"REGENCY PLUMBING CONTRACTORS, LP",,261650184,TX,2024-01-01,2024-12-31,2025-10-06,38,2F 2G 2J 2K 2T,2F2G2J2K2T3D,0,0,FILING_RECEIVED,DOL_FORM_5500_SF_2024,https://askebsa.dol.gov/FOIA%20Files/2024/Latest/F_5500_SF_2024_Latest.zip,11370908e2bbc78d1d418b2f2a2177875e0524c12b69a181432d6fd65a5966c3
biz-614,261650184-001,low (review),"sponsor name 'REGENCY PLUMBING CONTRACTORS, LP' matches; sponsor address differs (10631 S SAM HOUSTON PKWY, HOUSTON TX 77071)",5500-SF,2025,20260922224136NAL0006418131001,REGENCY PLUMBING CONTRACTORS 401(K) PLAN,"REGENCY PLUMBING CONTRACTORS, LP",,261650184,TX,2025-01-01,2025-12-31,2026-09-22,41,2F 2G 2J 2K 2T,2F2G2J2K2T3D,0,1,FILING_RECEIVED,DOL_FORM_5500_SF_2025,https://askebsa.dol.gov/FOIA%20Files/2025/Latest/F_5500_SF_2025_Latest.zip,2db4677bd93455ccc082d378fdd56594ac90ca0fc6f2da1639a15aea8ed3e94d
biz-150,742778955-001,high,"sponsor EIN 742778955 equals FEIN embedded in verified Texas taxpayer number; sponsor name 'LEONS ELECTRIC & PLUMBING INC.' matches; sponsor address corroborates (719 UPTON AVE, SCHULENBURG TX 78956)",5500-SF,2025,20260727125055NAL0028098754001,LEONS ELECTRIC & PLUMBING INC. 401K PLAN,LEONS ELECTRIC & PLUMBING INC.,,742778955,TX,2025-01-01,2025-12-31,2026-07-27,41,2E 2F 2G 2J 2K 2T,2E2F2G2J2K2T3D,0,0,FILING_RECEIVED,DOL_FORM_5500_SF_2025,https://askebsa.dol.gov/FOIA%20Files/2025/Latest/F_5500_SF_2025_Latest.zip,2db4677bd93455ccc082d378fdd56594ac90ca0fc6f2da1639a15aea8ed3e94d
biz-934,751625143-001,low (review),"sponsor name 'FROST & KEELING ASSOC., INC.' matches; sponsor address differs (P.O. BOX 1469, BOERNE TX 78006)",5500-SF,2024,20250911131556NAL0000536321001,"FROST & KEELING ASSOC., INC. 401(K) PLAN","FROST & KEELING ASSOC., INC.",,751625143,TX,2024-01-01,2024-12-31,2025-09-11,11,2A 2E 2F 2G 2J 2K 2T,2A2E2F2G2J2K2T3D3H,0,0,FILING_RECEIVED,DOL_FORM_5500_SF_2024,https://askebsa.dol.gov/FOIA%20Files/2024/Latest/F_5500_SF_2024_Latest.zip,11370908e2bbc78d1d418b2f2a2177875e0524c12b69a181432d6fd65a5966c3
biz-282,271463631-001,medium,"sponsor name 'B-N-T PLUMBING LLC' matches; sponsor address corroborates (1300 UNIVERSAL CITY BLVD, UNIVERSAL CITY TX 78148)",5500-SF,2025,20260528143126NAL0007540257001,B-N-T PLUMBING LLC 401(K) PLAN,B-N-T PLUMBING LLC,,271463631,TX,2025-01-01,2025-12-31,2026-05-28,38,2A 2E 2F 2G 2J 2T,2A2E2F2G2J2T3D,0,0,FILING_RECEIVED,DOL_FORM_5500_SF_2025,https://askebsa.dol.gov/FOIA%20Files/2025/Latest/F_5500_SF_2025_Latest.zip,2db4677bd93455ccc082d378fdd56594ac90ca0fc6f2da1639a15aea8ed3e94d
biz-197,261293274-001,medium,"sponsor name 'NORTH TEXAS DUCTWORKS, LLC' matches; sponsor address corroborates (2477 MERRITT DR, GARLAND TX 75041)",5500-SF,2025,20260706155117NAL0018160033002,NTD 401(K) PLAN,"NORTH TEXAS DUCTWORKS, LLC",,261293274,TX,2025-01-01,2025-12-31,2026-07-06,71,2A 2E 2F 2G 2J 2K 2T,2A2E2F2G2J2K2T3D,0,0,FILING_RECEIVED,DOL_FORM_5500_SF_2025,https://askebsa.dol.gov/FOIA%20Files/2025/Latest/F_5500_SF_2025_Latest.zip,2db4677bd93455ccc082d378fdd56594ac90ca0fc6f2da1639a15aea8ed3e94d
biz-199,760655955-001,high,"sponsor EIN 760655955 equals FEIN embedded in verified Texas taxpayer number; sponsor name 'CHARLIES PLUMBING, INC.' matches; sponsor address corroborates (10114 THERMON STREET, HOUSTON TX 77075)",5500-SF,2024,20250724163110NAL0014426466001,CHARLIE'S PLUMBING 401K PLAN,"CHARLIES PLUMBING, INC.",,760655955,TX,2024-01-01,2024-12-31,2025-07-24,37,2E 2F 2G 2J 2K 2S 2T,2E2F2G2J2K2S2T3D,0,0,FILING_RECEIVED,DOL_FORM_5500_SF_2024,https://askebsa.dol.gov/FOIA%20Files/2024/Latest/F_5500_SF_2024_Latest.zip,11370908e2bbc78d1d418b2f2a2177875e0524c12b69a181432d6fd65a5966c3
biz-187,474242186-001,medium,"sponsor name 'BROWN PLUMBING INCORPORATED' matches; sponsor address corroborates (2501 MAIN AVENUE, GROVES TX 77619)",5500-SF,2024,20250822092308NAL0002484531001,BROWN PLUMBING 401(K) PLAN,BROWN PLUMBING INCORPORATED,,474242186,TX,2024-01-01,2024-12-31,2025-08-22,0,2A 2E 2F 2G 2J 2K 2T,2A2E2F2G2J2K2T3D,1,0,FILING_RECEIVED,DOL_FORM_5500_SF_2024,https://askebsa.dol.gov/FOIA%20Files/2024/Latest/F_5500_SF_2024_Latest.zip,11370908e2bbc78d1d418b2f2a2177875e0524c12b69a181432d6fd65a5966c3
biz-221,742176140-001,high,"sponsor EIN 742176140 equals FEIN embedded in verified Texas taxpayer number; sponsor name 'BIGGS PLUMBING CO, INC.' matches; sponsor address corroborates (1615 DUNGAN LN, AUSTIN TX 787544023)",5500-SF,2025,20260618150230NAL0004811378001,BIGGS PLUMBING COMPANY 401(K) PLAN,"BIGGS PLUMBING CO, INC.",,742176140,TX,2025-01-01,2025-12-31,2026-06-18,54,2E 2F 2G 2J 2K 2T,2E2F2G2J2K2T3D,0,,FILING_RECEIVED,DOL_FORM_5500_SF_2025,https://askebsa.dol.gov/FOIA%20Files/2025/Latest/F_5500_SF_2025_Latest.zip,2db4677bd93455ccc082d378fdd56594ac90ca0fc6f2da1639a15aea8ed3e94d
biz-263,363788115-001,low (review),"sponsor name 'POWER PLUMBING INC' matches; sponsor address differs (3840 N ASHLAND AVE, CHICAGO IL 60613)",5500-SF,2024,20250723200752NAL0002258579001,POWER PLUMBING 401(K) PLAN AND TRUST,POWER PLUMBING INC,,363788115,IL,2024-01-01,2024-12-31,2025-07-23,2,2E 2F 2G 2J 2K 2T,2E2F2G2J2K2T3D,0,0,FILING_RECEIVED,DOL_FORM_5500_SF_2024,https://askebsa.dol.gov/FOIA%20Files/2024/Latest/F_5500_SF_2024_Latest.zip,11370908e2bbc78d1d418b2f2a2177875e0524c12b69a181432d6fd65a5966c3
biz-263,392055818-001,low (review),"sponsor name 'POWER PLUMBING LLC' matches; sponsor address differs (160 AUSTIN ST, BOSTON MA 021361810)",5500-SF,2024,20250404170830NAL0007077427001,POWER PLUMBING LLC 401(K) PROFIT SHARING PLAN & TRUST,POWER PLUMBING LLC,,392055818,MA,2024-01-01,2024-12-31,2025-04-04,3,2E 2F 2G 2J 2K 2T,2E2F2G2J2K2T3D,0,0,FILING_RECEIVED,DOL_FORM_5500_SF_2024,https://askebsa.dol.gov/FOIA%20Files/2024/Latest/F_5500_SF_2024_Latest.zip,11370908e2bbc78d1d418b2f2a2177875e0524c12b69a181432d6fd65a5966c3
biz-263,363788115-001,low (review),"sponsor name 'POWER PLUMBING INC' matches; sponsor address differs (3840 N ASHLAND AVE, CHICAGO IL 60613)",5500-SF,2025,20260716172701NAL0003437427001,POWER PLUMBING 401(K) PLAN AND TRUST,POWER PLUMBING INC,,363788115,IL,2025-01-01,2025-12-31,2026-07-16,2,2E 2F 2G 2J 2K 2T,2E2F2G2J2K2T3D,0,0,FILING_RECEIVED,DOL_FORM_5500_SF_2025,https://askebsa.dol.gov/FOIA%20Files/2025/Latest/F_5500_SF_2025_Latest.zip,2db4677bd93455ccc082d378fdd56594ac90ca0fc6f2da1639a15aea8ed3e94d
biz-263,392055818-001,low (review),"sponsor name 'POWER PLUMBING LLC' matches; sponsor address differs (2 CHILTON PARK, MILTON MA 021861810)",5500-SF,2025,20260729143423NAL0027160064001,POWER PLUMBING LLC 401(K) PROFIT SHARING PLAN & TRUST,POWER PLUMBING LLC,,392055818,MA,2026-01-01,2026-04-30,2026-07-29,0,2E 2F 2G 2J 2K 2T,2E2F2G2J2K2T3D,1,0,FILING_RECEIVED,DOL_FORM_5500_SF_2025,https://askebsa.dol.gov/FOIA%20Files/2025/Latest/F_5500_SF_2025_Latest.zip,2db4677bd93455ccc082d378fdd56594ac90ca0fc6f2da1639a15aea8ed3e94d
biz-263,392055818-001,low (review),"sponsor name 'POWER PLUMBING LLC' matches; sponsor address differs (2 CHILTON PARK, MILTON MA 021861810)",5500-SF,2025,20260424083805NAL0005775233001,POWER PLUMBING LLC 401(K) PROFIT SHARING PLAN & TRUST,POWER PLUMBING LLC,,392055818,MA,2025-01-01,2025-12-31,2026-04-24,1,2E 2F 2G 2J 2T 2K,2E2F2G3D2J2T2K,0,0,FILING_RECEIVED,DOL_FORM_5500_SF_2025,https://askebsa.dol.gov/FOIA%20Files/2025/Latest/F_5500_SF_2025_Latest.zip,2db4677bd93455ccc082d378fdd56594ac90ca0fc6f2da1639a15aea8ed3e94d
biz-201,751046142-002,high,"sponsor EIN 751046142 equals FEIN embedded in verified Texas taxpayer number; sponsor name 'FREER MECHANICAL CONTRACTORS, INC.' matches; sponsor address corroborates (P.O. BOX 4176, FORT WORTH TX 761640176)",5500-SF,2025,20260602210123NAL0001578752001,"FREER MECHANICAL CONTRACTORS, INC. EMPLOYEES' RETIREMENT PLAN","FREER MECHANICAL CONTRACTORS, INC.",,751046142,TX,2025-01-01,2025-12-31,2026-06-02,3,2A 2E 2F 2G 2J,2A2E2F2G2J3D,0,0,FILING_RECEIVED,DOL_FORM_5500_SF_2025,https://askebsa.dol.gov/FOIA%20Files/2025/Latest/F_5500_SF_2025_Latest.zip,2db4677bd93455ccc082d378fdd56594ac90ca0fc6f2da1639a15aea8ed3e94d
biz-979,833002697-001,medium,"sponsor name 'ALL POINTS PLUMBING LLC' matches; sponsor address corroborates (21161 BLAIR RD, CONROE TX 773857311)",5500-SF,2024,20250624094244NAL0006689521001,ALL POINTS PLUMBING LLC 401(K) PROFIT SHARING PLAN & TRUST,ALL POINTS PLUMBING LLC,,833002697,TX,2024-01-01,2024-12-31,2025-06-24,11,2E 2F 2G 2J 2S 2T,2E2F2G2J2S2T3D,0,0,FILING_RECEIVED,DOL_FORM_5500_SF_2024,https://askebsa.dol.gov/FOIA%20Files/2024/Latest/F_5500_SF_2024_Latest.zip,11370908e2bbc78d1d418b2f2a2177875e0524c12b69a181432d6fd65a5966c3
biz-979,833002697-001,low (review),"sponsor name 'ALL POINTS PLUMBING LLC' matches; sponsor address differs (25533 RICHARDS RD STE 11, SPRING TX 773865602)",5500-SF,2025,20260729145354NAL0035199122001,ALL POINTS PLUMBING LLC 401(K) PROFIT SHARING PLAN & TRUST,ALL POINTS PLUMBING LLC,,833002697,TX,2025-01-01,2025-12-31,2026-07-29,11,2E 2F 2G 2J 2T 2S,2E2F2G3D2J2T2S,0,0,FILING_RECEIVED,DOL_FORM_5500_SF_2025,https://askebsa.dol.gov/FOIA%20Files/2025/Latest/F_5500_SF_2025_Latest.zip,2db4677bd93455ccc082d378fdd56594ac90ca0fc6f2da1639a15aea8ed3e94d
biz-055,742960119-001,high,"sponsor EIN 742960119 equals FEIN embedded in verified Texas taxpayer number; sponsor name 'PC AUTOMATED CONTROLS, INC.' matches; sponsor address corroborates (10279 DYER STREET, EL PASO TX 79924)",5500-SF,2024,20251006093628NAL0001957987001,"PC AUTOMATED CONTROLS, INC. 401(K) PLAN","PC AUTOMATED CONTROLS, INC.",,742960119,TX,2024-01-01,2024-12-31,2025-10-06,62,2A 2E 2F 2G 2J 2K,2A2E2F2G2J2K3D,0,0,FILING_RECEIVED,DOL_FORM_5500_SF_2024,https://askebsa.dol.gov/FOIA%20Files/2024/Latest/F_5500_SF_2024_Latest.zip,11370908e2bbc78d1d418b2f2a2177875e0524c12b69a181432d6fd65a5966c3
biz-722,752802742-001,high,"sponsor EIN 752802742 equals FEIN embedded in verified Texas taxpayer number; sponsor name 'EAST TEXAS LRL ENTERPRISES, INC.' matches; sponsor address corroborates (101 INDUSTRIAL BOULEVARD, SUITE 109, LUFKIN TX 75904)",5500-SF,2024,20251205155251NAL0001940563001,LOGGINS PLUMBING 401(K) PLAN,"EAST TEXAS LRL ENTERPRISES, INC.",,752802742,TX,2025-01-01,2025-08-31,2025-12-05,0,2A 2E 2F 2G 2J 2K 2T 2R,2A2E2F2G2J2K2T2R3D,1,,FILING_RECEIVED,DOL_FORM_5500_SF_2024,https://askebsa.dol.gov/FOIA%20Files/2024/Latest/F_5500_SF_2024_Latest.zip,11370908e2bbc78d1d418b2f2a2177875e0524c12b69a181432d6fd65a5966c3
biz-962,760387320-001,medium,"sponsor EIN 760387320 equals FEIN embedded in verified Texas taxpayer number; sponsor address corroborates (10400 RODGERS RD., HOUSTON TX 77070)",5500-SF,2025,20260311215134NAL0005932689001,SMITH COMMERCIAL CONTRACTING 401(K) PLAN,SMITH SPECIALTY CONTRACTORS DBA SMITH COMMERCIAL CONTRACTING,,760387320,TX,2025-01-01,2025-12-31,2026-03-11,25,2A 2E 2F 2G 2J 2K,2A2E2F2G2J2K3D,0,0,FILING_RECEIVED,DOL_FORM_5500_SF_2025,https://askebsa.dol.gov/FOIA%20Files/2025/Latest/F_5500_SF_2025_Latest.zip,2db4677bd93455ccc082d378fdd56594ac90ca0fc6f2da1639a15aea8ed3e94d
biz-845,825275941-001,medium,"sponsor name 'RUDD FIRE PROTECTION, INC.' matches; sponsor address corroborates (P.O. BOX 132046, TYLER TX 757132046)",5500-SF,2024,20250729111053NAL0003161745001,RUDD FIRE PROTECTION RETIREMENT PLAN,"RUDD FIRE PROTECTION, INC.",,825275941,TX,2024-01-01,2024-12-31,2025-07-29,20,2E 2J 2K 2F 2G,2E2J2K2F2G3D,0,0,FILING_RECEIVED,DOL_FORM_5500_SF_2024,https://askebsa.dol.gov/FOIA%20Files/2024/Latest/F_5500_SF_2024_Latest.zip,11370908e2bbc78d1d418b2f2a2177875e0524c12b69a181432d6fd65a5966c3
biz-274,760503188-001,high,"sponsor EIN 760503188 equals FEIN embedded in verified Texas taxpayer number; sponsor name 'CFI MECHANICAL, INC.' matches; sponsor address corroborates (6109 BRITTMOORE RD., HOUSTON TX 77041)",5500-SF,2025,20260604144337NAL0001153168001,CFI MECHANICAL 401(K) PLAN,"CFI MECHANICAL, INC.",,760503188,TX,2025-01-01,2025-12-31,2026-06-04,24,2A 2E 2F 2G 2J 2K 2T,2A2E2F2G2J2K2T3B3D,0,0,FILING_RECEIVED,DOL_FORM_5500_SF_2025,https://askebsa.dol.gov/FOIA%20Files/2025/Latest/F_5500_SF_2025_Latest.zip,2db4677bd93455ccc082d378fdd56594ac90ca0fc6f2da1639a15aea8ed3e94d
biz-057,208265217-001,medium,"sponsor name 'TEAM MECHANICAL OF TEXAS, LLC' matches; sponsor ZIP corroborates (NEW BRAUNFELS TX 781325255)",5500-SF,2025,20260729150134NAL0021241361001,"TEAM MECHANICAL OF TEXAS, LLC 401(K) PLAN","TEAM MECHANICAL OF TEXAS, LLC",,208265217,TX,2025-01-01,2025-12-31,2026-07-29,132,2E 2G 2J 2K,2E2G2J2K3D,0,0,FILING_RECEIVED,DOL_FORM_5500_SF_2025,https://askebsa.dol.gov/FOIA%20Files/2025/Latest/F_5500_SF_2025_Latest.zip,2db4677bd93455ccc082d378fdd56594ac90ca0fc6f2da1639a15aea8ed3e94d
biz-792,752573495-001,low (review),"sponsor name 'HEDRICK MECHANICAL INC' matches; sponsor address differs (PO BOX 1990, ROWLETT TX 750301990)",5500-SF,2024,20250407162826NAL0027273344001,HEDRICK MECHANICAL INC 401(K) PROFIT SHARING PLAN & TRUST,HEDRICK MECHANICAL INC,,752573495,TX,2024-01-01,2024-12-31,2025-04-07,15,2E 2F 2G 2J 2K 2S 2T,2E2F2G2J2K2S2T3D,0,0,FILING_RECEIVED,DOL_FORM_5500_SF_2024,https://askebsa.dol.gov/FOIA%20Files/2024/Latest/F_5500_SF_2024_Latest.zip,11370908e2bbc78d1d418b2f2a2177875e0524c12b69a181432d6fd65a5966c3
biz-792,752573495-001,low (review),"sponsor name 'HEDRICK MECHANICAL INC' matches; sponsor address differs (PO BOX 1990, ROWLETT TX 750301990)",5500-SF,2025,20260424083058NAL0005723969001,HEDRICK MECHANICAL INC 401(K) PROFIT SHARING PLAN & TRUST,HEDRICK MECHANICAL INC,,752573495,TX,2025-01-01,2025-12-31,2026-04-24,15,2E 2F 2G 2J 2K 2S 2T,2E2F2G2J2K2S2T3D,0,0,FILING_RECEIVED,DOL_FORM_5500_SF_2025,https://askebsa.dol.gov/FOIA%20Files/2025/Latest/F_5500_SF_2025_Latest.zip,2db4677bd93455ccc082d378fdd56594ac90ca0fc6f2da1639a15aea8ed3e94d
biz-859,822850162-001,low (review),"sponsor name 'PHOENIX PLUMBING LLC' matches; sponsor address differs (625 W CROSSVILLE RD STE 202, ROSWELL GA 300757515)",5500-SF,2024,20250725074444NAL0008341456001,PHOENIX PLUMBING LLC 401(K) PROFIT SHARING PLAN & TRUST,PHOENIX PLUMBING LLC,,822850162,GA,2024-01-01,2024-12-31,2025-07-25,3,2E 2F 2G 2J 2S 2T,2E2F2G2J2S2T3D,0,0,FILING_RECEIVED,DOL_FORM_5500_SF_2024,https://askebsa.dol.gov/FOIA%20Files/2024/Latest/F_5500_SF_2024_Latest.zip,11370908e2bbc78d1d418b2f2a2177875e0524c12b69a181432d6fd65a5966c3
biz-859,822850162-001,low (review),"sponsor name 'PHOENIX PLUMBING LLC' matches; sponsor address differs (625 W CROSSVILLE RD STE 204, ROSWELL GA 300757515)",5500-SF,2025,20260428082036NAL0021143298001,PHOENIX PLUMBING LLC 401(K) PROFIT SHARING PLAN & TRUST,PHOENIX PLUMBING LLC,,822850162,GA,2025-01-01,2025-12-31,2026-04-28,3,2E 2F 2G 2J 2S 2T,2E2F2G2J2S2T3D,0,0,FILING_RECEIVED,DOL_FORM_5500_SF_2025,https://askebsa.dol.gov/FOIA%20Files/2025/Latest/F_5500_SF_2025_Latest.zip,2db4677bd93455ccc082d378fdd56594ac90ca0fc6f2da1639a15aea8ed3e94d
biz-567,204956246-001,medium,"sponsor name 'AVATT SERVICES, INC.' matches; sponsor address corroborates (340 COUNTY ROAD 260, LIBERTY HILL TX 78642)",5500-SF,2024,20250909154208NAL0012958915001,"AVATT SERVICES, INC. 401(K) SAVINGS PLAN","AVATT SERVICES, INC.",,204956246,TX,2024-01-01,2024-12-31,2025-09-09,32,2E 2G 2J 2K 2F 2T,2E3D2G2J2K2F2T,0,0,FILING_RECEIVED,DOL_FORM_5500_SF_2024,https://askebsa.dol.gov/FOIA%20Files/2024/Latest/F_5500_SF_2024_Latest.zip,11370908e2bbc78d1d418b2f2a2177875e0524c12b69a181432d6fd65a5966c3
biz-237,742837524-001,high,"sponsor EIN 742837524 equals FEIN embedded in verified Texas taxpayer number; sponsor name 'EFFICIENCY AIR, INC.' matches; sponsor address corroborates (319 E MAIN ST, EDNA TX 779572828)",5500-SF,2024,20260126135905NAL0001342177001,"EFFICIENCY AIR, INC. 401(K) PLAN","EFFICIENCY AIR, INC.",,742837524,TX,2024-01-01,2024-12-31,2026-01-26,28,2E 2F 2G 2J 2K 2S 2T,2E2F2G2J2K2S2T3D,0,,FILING_RECEIVED,DOL_FORM_5500_SF_2024,https://askebsa.dol.gov/FOIA%20Files/2024/Latest/F_5500_SF_2024_Latest.zip,11370908e2bbc78d1d418b2f2a2177875e0524c12b69a181432d6fd65a5966c3
biz-277,260315857-001,low (review),"sponsor name 'BASS PLUMBING, LLC' matches; sponsor address differs (P.O. BOX 10684, COLLEGE STATION TX 77842)",5500-SF,2024,20260415074509NAL0016835617001,"BASS PLUMBING, LLC 401(K) PLAN","BASS PLUMBING, LLC",,260315857,TX,2024-01-01,2024-12-31,2026-04-15,16,2A 2E 2F 2G 2J 2K 2T,2A2E2F2G2J2K2T3D,0,1,FILING_RECEIVED,DOL_FORM_5500_SF_2024,https://askebsa.dol.gov/FOIA%20Files/2024/Latest/F_5500_SF_2024_Latest.zip,11370908e2bbc78d1d418b2f2a2177875e0524c12b69a181432d6fd65a5966c3
biz-576,411777076-001,low (review),"sponsor name 'CUSTOM FILTRATION, INC.' matches; sponsor address differs (7219 COUNTY ROAD 116, CORCORAN MN 55340)",5500-SF,2024,20250527071301NAL0010148912001,"CUSTOM FILTRATION, INC. 401K PLAN","CUSTOM FILTRATION, INC.",,411777076,MN,2024-01-01,2024-12-31,2025-05-27,28,2E 2F 2G 2J 2T 2K,2E2F2G2J2T3D2K,0,0,FILING_RECEIVED,DOL_FORM_5500_SF_2024,https://askebsa.dol.gov/FOIA%20Files/2024/Latest/F_5500_SF_2024_Latest.zip,11370908e2bbc78d1d418b2f2a2177875e0524c12b69a181432d6fd65a5966c3
biz-576,411777076-001,low (review),"sponsor name 'CUSTOM FILTRATION, INC.' matches; sponsor address differs (7219 COUNTY ROAD 116, CORCORAN MN 55340)",5500-SF,2025,20260720082505NAL0012190448001,"CUSTOM FILTRATION, INC. 401K PLAN","CUSTOM FILTRATION, INC.",,411777076,MN,2025-01-01,2025-12-31,2026-07-20,29,2E 2F 2G 2J 2T 2K,2E2F2G2J2T3D2K,0,0,FILING_RECEIVED,DOL_FORM_5500_SF_2025,https://askebsa.dol.gov/FOIA%20Files/2025/Latest/F_5500_SF_2025_Latest.zip,2db4677bd93455ccc082d378fdd56594ac90ca0fc6f2da1639a15aea8ed3e94d
biz-497,203569265-002,low (review),"sponsor name 'PREMIER PLUMBERS OF TEXAS, INC.' matches; sponsor address differs (3809 INTERSTATE 30 W, CADDO MILLS TX 75135)",5500-SF,2024,20250624083550NAL0017061746001,"PREMIER PLUMBERS OF TEXAS, INC. 401(K) PROFIT SHARING PLAN","PREMIER PLUMBERS OF TEXAS, INC.",,203569265,TX,2024-01-01,2024-12-31,2025-06-24,9,2E 2F 2G 2J 2K 2T,2E2F2G2J2K2T3D,0,,FILING_RECEIVED,DOL_FORM_5500_SF_2024,https://askebsa.dol.gov/FOIA%20Files/2024/Latest/F_5500_SF_2024_Latest.zip,11370908e2bbc78d1d418b2f2a2177875e0524c12b69a181432d6fd65a5966c3
biz-497,203569265-002,low (review),"sponsor name 'PREMIER PLUMBERS OF TEXAS, INC.' matches; sponsor address differs (3809 INTERSTATE 30 W, CADDO MILLS TX 75135)",5500-SF,2025,20260708101954NAL0026158544003,PREMIER PLUMBERS OF TEXAS INC. 401(K) PROFIT SHARING PLAN,"PREMIER PLUMBERS OF TEXAS, INC.",,203569265,TX,2025-01-01,2025-12-31,2026-07-08,13,2E 2F 2G 2J 2K 2T,2E2F2G2J2K2T3D,0,,FILING_RECEIVED,DOL_FORM_5500_SF_2025,https://askebsa.dol.gov/FOIA%20Files/2025/Latest/F_5500_SF_2025_Latest.zip,2db4677bd93455ccc082d378fdd56594ac90ca0fc6f2da1639a15aea8ed3e94d
biz-846,208271232-001,low (review),"sponsor name 'SALAS PLUMBING, INC.' matches; sponsor address differs (4360 MAPLESHADE LANE, PLANO TX 75093)",5500-SF,2024,20251008144507NAL0006017857001,"SALAS PLUMBING, INC. 401(K) PLAN","SALAS PLUMBING, INC.",,208271232,TX,2024-01-01,2024-12-31,2025-10-08,99,2F 2G 2J 2K 2T,2F2G2J2K2T3D,0,0,FILING_RECEIVED,DOL_FORM_5500_SF_2024,https://askebsa.dol.gov/FOIA%20Files/2024/Latest/F_5500_SF_2024_Latest.zip,11370908e2bbc78d1d418b2f2a2177875e0524c12b69a181432d6fd65a5966c3
biz-821,810717513-001,low (review),"sponsor name 'COMPLETE SYSTEM BALANCE LLC' matches; sponsor address differs (PO BOX 399, ROCKWALL TX 75087)",5500-SF,2024,20250603084300NAL0029239186001,COMPLETE SYSTEM BALANCE LLC 401K PLAN,COMPLETE SYSTEM BALANCE LLC,,810717513,TX,2024-01-01,2024-12-31,2025-06-03,20,2E 2F 2G 2J 2K 2S 2T,2E2F2G2J2K2S2T3D,0,0,FILING_RECEIVED,DOL_FORM_5500_SF_2024,https://askebsa.dol.gov/FOIA%20Files/2024/Latest/F_5500_SF_2024_Latest.zip,11370908e2bbc78d1d418b2f2a2177875e0524c12b69a181432d6fd65a5966c3
biz-821,810717513-001,low (review),"sponsor name 'COMPLETE SYSTEM BALANCE LLC' matches; sponsor address differs (PO BOX 399, ROCKWALL TX 75087)",5500-SF,2025,20260831144152NAL0007164912001,COMPLETE SYSTEM BALANCE LLC 401K PLAN,COMPLETE SYSTEM BALANCE LLC,,810717513,TX,2025-01-01,2025-12-31,2026-08-31,24,2E 2F 2G 2J 2K 2S 2T,2E2F2G2J2K2S2T3D,0,0,FILING_RECEIVED,DOL_FORM_5500_SF_2025,https://askebsa.dol.gov/FOIA%20Files/2025/Latest/F_5500_SF_2025_Latest.zip,2db4677bd93455ccc082d378fdd56594ac90ca0fc6f2da1639a15aea8ed3e94d
biz-253,741387836-001,high,"sponsor EIN 741387836 equals FEIN embedded in verified Texas taxpayer number; sponsor name 'ARNOLD REFRIGERATION, INC.' matches; sponsor address corroborates (1122 NORTH CHERRY ST, SAN ANTONIO TX 78202)",5500-SF,2025,20260518081117NAL0013922176001,ARI 401(K) RETIREMENT PLAN,"ARNOLD REFRIGERATION, INC.",,741387836,TX,2025-01-01,2025-12-31,2026-05-18,55,2A 2E 2F 2G 2J 2K 2R 2T,2A2E2F2G2J2K2R2T3D,0,0,FILING_RECEIVED,DOL_FORM_5500_SF_2025,https://askebsa.dol.gov/FOIA%20Files/2025/Latest/F_5500_SF_2025_Latest.zip,2db4677bd93455ccc082d378fdd56594ac90ca0fc6f2da1639a15aea8ed3e94d
biz-280,760263224-001,medium,"sponsor name 'AIR COMFORT, INC.' matches; sponsor address corroborates (625 N MAIN STREET, BEAUMONT TX 77701)",5500-SF,2025,20260626080911NAL0007868323001,"AIR COMFORT, INC. EMPLOYEE 401(K) PLAN","AIR COMFORT, INC.",,760263224,TX,2025-01-01,2025-12-31,2026-06-26,89,2E 2G 2J 2K 2T 2F 2A,2E2G2J2K2T2F3D3H2A,0,0,FILING_RECEIVED,DOL_FORM_5500_SF_2025,https://askebsa.dol.gov/FOIA%20Files/2025/Latest/F_5500_SF_2025_Latest.zip,2db4677bd93455ccc082d378fdd56594ac90ca0fc6f2da1639a15aea8ed3e94d
biz-280,340872816-001,low (review),"sponsor name 'AIR COMFORT, INC.' matches; sponsor address differs (225 BLUFF ST, AKRON OH 44304)",5500-SF,2024,20250929084506NAL0011051233001,AIR COMFORT PROFIT SHARING PLAN AND TRUST,"AIR COMFORT, INC.",,340872816,OH,2024-01-01,2024-12-31,2025-09-29,4,2J 2E,2J2E,,,FILING_RECEIVED,DOL_FORM_5500_SF_2024,https://askebsa.dol.gov/FOIA%20Files/2024/Latest/F_5500_SF_2024_Latest.zip,11370908e2bbc78d1d418b2f2a2177875e0524c12b69a181432d6fd65a5966c3
biz-460,742237414-001,high,"sponsor EIN 742237414 equals FEIN embedded in verified Texas taxpayer number; sponsor name 'COVE PLUMBING, INC.' matches; sponsor address corroborates (2416 EAST HIGHWAY 190, COPPERAS COVE TX 76522)",5500-SF,2025,20260821122226NAL0021663520001,"COVE PLUMBING, INC. EE PROFIT SHARING PLAN","COVE PLUMBING, INC.",,742237414,TX,2025-01-01,2025-12-31,2026-08-21,7,2E 2F 2G 2J 2R 2T,2E2F2G2J2R2T3D,0,1,FILING_RECEIVED,DOL_FORM_5500_SF_2025,https://askebsa.dol.gov/FOIA%20Files/2025/Latest/F_5500_SF_2025_Latest.zip,2db4677bd93455ccc082d378fdd56594ac90ca0fc6f2da1639a15aea8ed3e94d
biz-374,760064098-001,high,"sponsor EIN 760064098 equals FEIN embedded in verified Texas taxpayer number; sponsor name 'MAC MECHANICAL PLUMBING, LLC' matches; sponsor address corroborates (PO BOX 40367, HOUSTON TX 77240)",5500-SF,2025,20260911122255NAL0010659218003,"MAC MECHANICAL PLUMBING, LLC. PROFIT SHARING 401(K) PLAN","MAC MECHANICAL PLUMBING, LLC",,760064098,TX,2025-07-01,2026-06-30,2026-09-11,14,2A 2E 2F 2G 2J 2K 2T,2A2E2F2G2J2K2T3D,0,,FILING_RECEIVED,DOL_FORM_5500_SF_2025,https://askebsa.dol.gov/FOIA%20Files/2025/Latest/F_5500_SF_2025_Latest.zip,2db4677bd93455ccc082d378fdd56594ac90ca0fc6f2da1639a15aea8ed3e94d
biz-374,760064098-002,high,"sponsor EIN 760064098 equals FEIN embedded in verified Texas taxpayer number; sponsor name 'MAC MECHANICAL PLUMBING, LLC' matches; sponsor address corroborates (P.O. BOX 40367, HOUSTON TX 77240)",5500-SF,2024,20260107174953NAL0008614051001,"MAC MECHANICAL PLUMBING, LLC CASH BALANCE PLAN","MAC MECHANICAL PLUMBING, LLC",,760064098,TX,2024-07-01,2025-06-30,2026-01-07,14,1A 1C,1A1C3D,0,,FILING_RECEIVED,DOL_FORM_5500_SF_2024,https://askebsa.dol.gov/FOIA%20Files/2024/Latest/F_5500_SF_2024_Latest.zip,11370908e2bbc78d1d418b2f2a2177875e0524c12b69a181432d6fd65a5966c3
biz-444,208802918-001,medium,"sponsor name 'JMS INTEGRATED BUILDING SOLUTIONS, LLC' matches; sponsor address corroborates (1840 HUTTON DR., CARROLLTON TX 75006)",5500-SF,2025,20260721110154NAL0011045953001,"JMS INTEGRATED BUILDING SOLUTIONS, LLC 401(K) PLAN","JMS INTEGRATED BUILDING SOLUTIONS, LLC",,208802918,TX,2025-01-01,2025-12-31,2026-07-21,42,2A 2E 2F 2G 2J 2K 2T,2A2E2F2G2J2K2T3D,0,0,FILING_RECEIVED,DOL_FORM_5500_SF_2025,https://askebsa.dol.gov/FOIA%20Files/2025/Latest/F_5500_SF_2025_Latest.zip,2db4677bd93455ccc082d378fdd56594ac90ca0fc6f2da1639a15aea8ed3e94d
biz-937,200415626-001,low (review),"sponsor name 'RAMCO ENTERPRISES, LP' matches; sponsor address differs (PO BOX 6729, SALINAS CA 93912)",5500-SF,2024,20250925123426NAL0009174304001,"RAMCO ENTERPRISES, LP 401(K) PROFIT SHARING PLAN","RAMCO ENTERPRISES, LP",,200415626,CA,2024-01-01,2024-12-31,2025-09-25,66,2A 2E 2F 2G 2J 2K 2T,2A2E2F2G2J2K2T3D3H,0,0,FILING_RECEIVED,DOL_FORM_5500_SF_2024,https://askebsa.dol.gov/FOIA%20Files/2024/Latest/F_5500_SF_2024_Latest.zip,11370908e2bbc78d1d418b2f2a2177875e0524c12b69a181432d6fd65a5966c3
biz-937,200415626-001,low (review),"sponsor name 'RAMCO ENTERPRISES, LP' matches; sponsor address differs (PO BOX 6729, SALINAS CA 93912)",5500-SF,2025,20260730163022NAL0027237456001,"RAMCO ENTERPRISES, LP 401(K) PROFIT SHARING PLAN","RAMCO ENTERPRISES, LP",,200415626,CA,2025-01-01,2025-12-31,2026-07-30,73,2A 2E 2F 2G 2J 2K 2T,2A2E2F2G2J2K2T3D3H,0,0,FILING_RECEIVED,DOL_FORM_5500_SF_2025,https://askebsa.dol.gov/FOIA%20Files/2025/Latest/F_5500_SF_2025_Latest.zip,2db4677bd93455ccc082d378fdd56594ac90ca0fc6f2da1639a15aea8ed3e94d
biz-932,200170033-001,low (review),"sponsor name 'CAPITAL MECHANICAL' matches; sponsor address differs (22720 LADBROOK DR., DULLES VA 20166)",5500-SF,2024,20250403153609NAL0017231872001,CAPITAL MECHANICAL 401K PLAN,CAPITAL MECHANICAL,,200170033,VA,2024-01-01,2024-12-31,2025-04-03,91,2E 2F 2J 2K,2E2F2J2K3D,0,0,FILING_RECEIVED,DOL_FORM_5500_SF_2024,https://askebsa.dol.gov/FOIA%20Files/2024/Latest/F_5500_SF_2024_Latest.zip,11370908e2bbc78d1d418b2f2a2177875e0524c12b69a181432d6fd65a5966c3
biz-932,200170033-001,low (review),"sponsor name 'CAPITAL MECHANICAL' matches; sponsor address differs (22720 LADBROOK DR., DULLES VA 20166)",5500-SF,2025,20260317100131NAL0002637619001,CAPITAL MECHANICAL 401K PLAN,CAPITAL MECHANICAL,,200170033,VA,2025-01-01,2025-12-31,2026-03-17,88,2E 2F 2J 2K,2E2F2J2K3D,0,0,FILING_RECEIVED,DOL_FORM_5500_SF_2025,https://askebsa.dol.gov/FOIA%20Files/2025/Latest/F_5500_SF_2025_Latest.zip,2db4677bd93455ccc082d378fdd56594ac90ca0fc6f2da1639a15aea8ed3e94d
biz-425,200170033-001,low (review),"sponsor name 'CAPITAL MECHANICAL' matches; sponsor address differs (22720 LADBROOK DR., DULLES VA 20166)",5500-SF,2024,20250403153609NAL0017231872001,CAPITAL MECHANICAL 401K PLAN,CAPITAL MECHANICAL,,200170033,VA,2024-01-01,2024-12-31,2025-04-03,91,2E 2F 2J 2K,2E2F2J2K3D,0,0,FILING_RECEIVED,DOL_FORM_5500_SF_2024,https://askebsa.dol.gov/FOIA%20Files/2024/Latest/F_5500_SF_2024_Latest.zip,11370908e2bbc78d1d418b2f2a2177875e0524c12b69a181432d6fd65a5966c3
biz-425,200170033-001,low (review),"sponsor name 'CAPITAL MECHANICAL' matches; sponsor address differs (22720 LADBROOK DR., DULLES VA 20166)",5500-SF,2025,20260317100131NAL0002637619001,CAPITAL MECHANICAL 401K PLAN,CAPITAL MECHANICAL,,200170033,VA,2025-01-01,2025-12-31,2026-03-17,88,2E 2F 2J 2K,2E2F2J2K3D,0,0,FILING_RECEIVED,DOL_FORM_5500_SF_2025,https://askebsa.dol.gov/FOIA%20Files/2025/Latest/F_5500_SF_2025_Latest.zip,2db4677bd93455ccc082d378fdd56594ac90ca0fc6f2da1639a15aea8ed3e94d
biz-769,461450218-001,low (review),"sponsor name 'CITY PLUMBING, LLC' matches; sponsor address differs (3383 MILLER ST, PHILADELPHIA PA 19134)",5500-SF,2024,20250626105629NAL0020682466001,CITY PLUMBING 401(K) PLAN,"CITY PLUMBING, LLC",,461450218,PA,2024-01-01,2024-12-31,2025-06-26,29,2A 2E 2F 2G 2J 2K 2T,2A2E2F2G2J2K2T3B3D,0,0,FILING_RECEIVED,DOL_FORM_5500_SF_2024,https://askebsa.dol.gov/FOIA%20Files/2024/Latest/F_5500_SF_2024_Latest.zip,11370908e2bbc78d1d418b2f2a2177875e0524c12b69a181432d6fd65a5966c3
biz-769,461450218-001,low (review),"sponsor name 'CITY PLUMBING, LLC' matches; sponsor address differs (3383 MILLER ST, PHILADELPHIA PA 19134)",5500-SF,2025,20260530121026NAL0008956673001,CITY PLUMBING 401(K) PLAN,"CITY PLUMBING, LLC",,461450218,PA,2025-01-01,2025-12-31,2026-05-30,30,2A 2E 2F 2G 2J 2K 2T,2A2E2F2G2J2K2T3B3D,0,0,FILING_RECEIVED,DOL_FORM_5500_SF_2025,https://askebsa.dol.gov/FOIA%20Files/2025/Latest/F_5500_SF_2025_Latest.zip,2db4677bd93455ccc082d378fdd56594ac90ca0fc6f2da1639a15aea8ed3e94d
biz-599,562305853-001,medium,"sponsor EIN 562305853 equals FEIN embedded in verified Texas taxpayer number; sponsor address corroborates (9736 BROCKBANK DRIVE, DALLAS TX 75220)",5500-SF,2025,20260701121928NAL0023690226001,"E. D. MILLER SERVICE COMPANY, LLC 401(K) PLAN","E. D. MILLER SERVICE COMPANY, LLC DBA MILLER SERVICE",,562305853,TX,2025-01-01,2025-12-31,2026-07-01,51,2A 2E 2F 2G 2J 2S 2T,2A2E2F2G2J2S2T3D3H,0,0,FILING_RECEIVED,DOL_FORM_5500_SF_2025,https://askebsa.dol.gov/FOIA%20Files/2025/Latest/F_5500_SF_2025_Latest.zip,2db4677bd93455ccc082d378fdd56594ac90ca0fc6f2da1639a15aea8ed3e94d
biz-1010,272325965-001,low (review),"sponsor name 'FOX INDUSTRIES INC.' matches; sponsor address differs (4405 FRANCE AVE S, MINNEAPOLIS MN 55410)",5500-SF,2024,20250425134855NAL0014616224001,FOX INDUSTRIES INC.401(K) PLAN,FOX INDUSTRIES INC.,,272325965,MN,2024-01-01,2024-12-31,2025-04-25,10,2E 2F 2G 2J 2S 2T,2E2F2G2J2S2T3D,0,0,FILING_RECEIVED,DOL_FORM_5500_SF_2024,https://askebsa.dol.gov/FOIA%20Files/2024/Latest/F_5500_SF_2024_Latest.zip,11370908e2bbc78d1d418b2f2a2177875e0524c12b69a181432d6fd65a5966c3
biz-1010,272325965-001,low (review),"sponsor name 'FOX INDUSTRIES INC.' matches; sponsor address differs (6913 DAWSON LANE, EDINA MN 55435)",5500-SF,2025,20260511135736NAL0006034609001,FOX INDUSTRIES INC.401(K) PLAN,FOX INDUSTRIES INC.,,272325965,MN,2025-01-01,2025-12-31,2026-05-11,8,2E 2F 2G 2J 2K 2R 2T,2E2F2G2J2K2R3D2T,0,0,FILING_RECEIVED,DOL_FORM_5500_SF_2025,https://askebsa.dol.gov/FOIA%20Files/2025/Latest/F_5500_SF_2025_Latest.zip,2db4677bd93455ccc082d378fdd56594ac90ca0fc6f2da1639a15aea8ed3e94d
biz-720,742238576-001,medium,"sponsor EIN 742238576 equals FEIN embedded in verified Texas taxpayer number; sponsor address corroborates (4418 TETONS DR, EL PASO TX 79904)",5500-SF,2024,20250605115119NAL0011522513001,A.M. REFRIGERATION CO 401K PLAN,A.I.M. ENTERPRISES INC DBA A.M. REFRIGERATION,,742238576,TX,2024-01-01,2024-12-31,2025-06-05,48,2E 2F 2G 2J 2K,2E2F2G2J2K3D,0,0,FILING_RECEIVED,DOL_FORM_5500_SF_2024,https://askebsa.dol.gov/FOIA%20Files/2024/Latest/F_5500_SF_2024_Latest.zip,11370908e2bbc78d1d418b2f2a2177875e0524c12b69a181432d6fd65a5966c3
biz-064,821370070-001,low (review),"sponsor name 'TCS MECHANICAL LLC' matches; sponsor address differs (P.O BOX 2096, BASTROP TX 78602)",5500-SF,2024,20250710103400NAL0005427569001,TCS MECHANICAL 401(K) PLAN,TCS MECHANICAL LLC,,821370070,TX,2024-01-01,2024-12-31,2025-07-10,54,2E 2G 2J 2K 2F 2T,2E3D2G2J2K2F2T,0,0,FILING_RECEIVED,DOL_FORM_5500_SF_2024,https://askebsa.dol.gov/FOIA%20Files/2024/Latest/F_5500_SF_2024_Latest.zip,11370908e2bbc78d1d418b2f2a2177875e0524c12b69a181432d6fd65a5966c3
biz-064,821370070-001,low (review),"sponsor name 'TCS MECHANICAL LLC' matches; sponsor address differs (P.O BOX 2096, BASTROP TX 78602)",5500-SF,2025,20260703095734NAL0015707953001,TCS MECHANICAL 401(K) PLAN,TCS MECHANICAL LLC,,821370070,TX,2025-01-01,2025-12-31,2026-07-03,67,2E 2G 2J 2K 2F 2T,2E3D2G2J2K2F2T,0,0,FILING_RECEIVED,DOL_FORM_5500_SF_2025,https://askebsa.dol.gov/FOIA%20Files/2025/Latest/F_5500_SF_2025_Latest.zip,2db4677bd93455ccc082d378fdd56594ac90ca0fc6f2da1639a15aea8ed3e94d
biz-512,751450120-001,high,"sponsor EIN 751450120 equals FEIN embedded in verified Texas taxpayer number; sponsor name 'MOSBY MECHANICAL COMPANY, INC' matches; sponsor address corroborates (P O BOX 8582, LONGVIEW TX 756078582)",5500-SF,2025,20260612111107NAL0008731504001,MOSBY MECHANICAL CO INC PROFIT SHARING PLAN,"MOSBY MECHANICAL COMPANY, INC",,751450120,TX,2025-01-01,2025-12-31,2026-06-12,64,2E 2J 2K 2F 2G 2T,3D2E2J2K2F2G2T,0,0,FILING_RECEIVED,DOL_FORM_5500_SF_2025,https://askebsa.dol.gov/FOIA%20Files/2025/Latest/F_5500_SF_2025_Latest.zip,2db4677bd93455ccc082d378fdd56594ac90ca0fc6f2da1639a15aea8ed3e94d
biz-065,271261130-001,medium,"sponsor name 'RELIANCE PLUMBING GROUP, INC.' matches; sponsor address corroborates (1001 ALUMAX DRIVE, NASH TX 75569)",5500-SF,2025,20260608134658NAL0003688995004,RELIANCE MECHANICAL CONTRACTORS 401(K) PLAN,"RELIANCE PLUMBING GROUP, INC.",,271261130,TX,2025-01-01,2025-12-31,2026-06-08,98,2A 2E 2F 2G 2J 2K 2T,2A2E2F2G2J2K2T3D,0,0,FILING_RECEIVED,DOL_FORM_5500_SF_2025,https://askebsa.dol.gov/FOIA%20Files/2025/Latest/F_5500_SF_2025_Latest.zip,2db4677bd93455ccc082d378fdd56594ac90ca0fc6f2da1639a15aea8ed3e94d
biz-878,751763413-001,high,"sponsor EIN 751763413 equals FEIN embedded in verified Texas taxpayer number; sponsor name 'SKIHI ENTERPRISES, LTD.' matches; sponsor address corroborates (2943 STUART DRIVE, FORT WORTH TX 76104)",5500-SF,2025,20260730152921NAL0035824306001,"SKIHI ENTERPRISES, LTD. 401(K) PLAN","SKIHI ENTERPRISES, LTD.",,751763413,TX,2025-07-01,2026-06-30,2026-07-30,87,2E 2F 2G 2J 2K,2E2F2G2J2K3D,0,0,FILING_RECEIVED,DOL_FORM_5500_SF_2025,https://askebsa.dol.gov/FOIA%20Files/2025/Latest/F_5500_SF_2025_Latest.zip,2db4677bd93455ccc082d378fdd56594ac90ca0fc6f2da1639a15aea8ed3e94d
biz-361,922626228-001,medium,"sponsor name 'A & L SHEET METAL LLC' matches; sponsor address corroborates (3413 ROYALTY ROW, IRVING TX 75062)",5500-SF,2024,20250731121926NAL0008479936001,A & L SHEET METAL LLC 401K PLAN,A & L SHEET METAL LLC,,922626228,TX,2024-01-01,2024-12-31,2025-07-31,30,2E 2F 2G 2J 2K 2T,2E2F2G2J2K2T3D,0,1,FILING_RECEIVED,DOL_FORM_5500_SF_2024,https://askebsa.dol.gov/FOIA%20Files/2024/Latest/F_5500_SF_2024_Latest.zip,11370908e2bbc78d1d418b2f2a2177875e0524c12b69a181432d6fd65a5966c3
biz-361,841236944-001,low (review),"sponsor name 'A&L SHEET METAL INC.' matches; sponsor address differs (4230 FOX STREET, DENVER CO 80216)",5500-SF,2024,20250613103621NAL0017512897001,A&L SHEET METAL INC. 401(K) PROFIT SHARING PLAN,A&L SHEET METAL INC.,,841236944,CO,2024-01-01,2024-12-31,2025-06-13,30,2E 2F 2G 2J 2K,3D2E2F2G2J2K,0,0,FILING_RECEIVED,DOL_FORM_5500_SF_2024,https://askebsa.dol.gov/FOIA%20Files/2024/Latest/F_5500_SF_2024_Latest.zip,11370908e2bbc78d1d418b2f2a2177875e0524c12b69a181432d6fd65a5966c3
biz-361,841236944-001,low (review),"sponsor name 'A&L SHEET METAL INC.' matches; sponsor address differs (4230 FOX STREET, DENVER CO 80216)",5500-SF,2025,20260619112856NAL0005768258001,A&L SHEET METAL INC. 401(K) PROFIT SHARING PLAN,A&L SHEET METAL INC.,,841236944,CO,2025-01-01,2025-12-31,2026-06-19,26,2E 2F 2G 2J 2K,3D2E2F2G2J2K,0,0,FILING_RECEIVED,DOL_FORM_5500_SF_2025,https://askebsa.dol.gov/FOIA%20Files/2025/Latest/F_5500_SF_2025_Latest.zip,2db4677bd93455ccc082d378fdd56594ac90ca0fc6f2da1639a15aea8ed3e94d
biz-126,751791556-001,medium,"sponsor EIN 751791556 equals FEIN embedded in verified Texas taxpayer number; sponsor address corroborates (5201 SAUNDERS RD, FORT WORTH TX 76119)",5500-SF,2024,20250912143610NAL0002760322001,CRISP-LADEW 401(K) PLAN,"A.W. CRISP FIRE SPRINKLERS, INC. D/B/A CRISP-LAWDEW FIRE PROTECTION CO",,751791556,TX,2024-01-01,2024-12-31,2025-09-12,19,2F 2G 2J 2K 2S 2T,2F2G2J2K2S2T3B3D,0,0,FILING_RECEIVED,DOL_FORM_5500_SF_2024,https://askebsa.dol.gov/FOIA%20Files/2024/Latest/F_5500_SF_2024_Latest.zip,11370908e2bbc78d1d418b2f2a2177875e0524c12b69a181432d6fd65a5966c3
biz-747,262532098-001,medium,"sponsor name 'MTW PIPEWORKS, LTD.' matches; sponsor address corroborates (16236 CYPRESS ROSEHILL ROAD, CYPRESS TX 77429)",5500-SF,2025,20260407082016NAL0011573904001,"MTW PIPEWORKS, LTD. 401(K) PLAN","MTW PIPEWORKS, LTD.",,262532098,TX,2025-01-01,2025-12-31,2026-04-07,28,2A 2E 2J 2K 2F 2G,2A2E2J2K2F2G3D,0,0,FILING_RECEIVED,DOL_FORM_5500_SF_2025,https://askebsa.dol.gov/FOIA%20Files/2025/Latest/F_5500_SF_2025_Latest.zip,2db4677bd93455ccc082d378fdd56594ac90ca0fc6f2da1639a15aea8ed3e94d
biz-077,203458150-001,medium,"sponsor name 'AMARILLO AIR MASTERS HEATING & COOLING CO., LTD' matches; sponsor address corroborates (9120 S SONCY, AMARILLO TX 79119)",5500-SF,2025,20260729160743NAL0027355248001,"AMARILLO AIR MASTERS HEATING & COOLING CO., LTD 401(K) PLAN","AMARILLO AIR MASTERS HEATING & COOLING CO., LTD",,203458150,TX,2025-01-01,2025-12-31,2026-07-29,8,2E 2F 2G 2J 2K,2E2F2G2J2K3D,0,0,FILING_RECEIVED,DOL_FORM_5500_SF_2025,https://askebsa.dol.gov/FOIA%20Files/2025/Latest/F_5500_SF_2025_Latest.zip,2db4677bd93455ccc082d378fdd56594ac90ca0fc6f2da1639a15aea8ed3e94d
biz-053,751753588-011,high,"sponsor EIN 751753588 equals FEIN embedded in verified Texas taxpayer number; sponsor name 'GARY'S HEATING & AIR CONDITIONING, CO.' matches; sponsor ZIP corroborates (AMARILLO TX 79106)",5500-SF,2025,20260716142621NAL0006485794001,"GARY'S HEATING & AIR CONDITIONING, CO. 401(K) PLAN","GARY'S HEATING & AIR CONDITIONING, CO.",,751753588,TX,2025-01-01,2025-12-31,2026-07-16,16,2E 2F 2G 2J 2T,2E2F2G2J2T3D,0,0,FILING_RECEIVED,DOL_FORM_5500_SF_2025,https://askebsa.dol.gov/FOIA%20Files/2025/Latest/F_5500_SF_2025_Latest.zip,2db4677bd93455ccc082d378fdd56594ac90ca0fc6f2da1639a15aea8ed3e94d
biz-191,752795822-002,high,"sponsor EIN 752795822 equals FEIN embedded in verified Texas taxpayer number; sponsor name 'LANE WEATHER MART INC.' matches; sponsor address corroborates (3909 NORTH CHADBOURNE STREET, SAN ANGELO TX 76903)",5500-SF,2025,20260508112153NAL0003858513001,LANE WEATHER MART INC. PROFIT SHARING PLAN,LANE WEATHER MART INC.,,752795822,TX,2025-01-01,2025-12-31,2026-05-08,21,2A 2E 2F 2G 2T,2A2E2F2G2T3D,0,0,FILING_RECEIVED,DOL_FORM_5500_SF_2025,https://askebsa.dol.gov/FOIA%20Files/2025/Latest/F_5500_SF_2025_Latest.zip,2db4677bd93455ccc082d378fdd56594ac90ca0fc6f2da1639a15aea8ed3e94d
biz-618,811921092-001,medium,"sponsor name 'BILLY BLACK HVAC INC.' matches; sponsor address corroborates (1026 S. GOODE ST, MIDLAND TX 79701)",5500-SF,2025,20260720165555NAL0014536210001,BILLY BLACK HVAC 401(K) PLAN,BILLY BLACK HVAC INC.,,811921092,TX,2025-01-01,2025-12-31,2026-07-20,14,2E 2J 2K 2S 2T,2E2J2K2S2T3D,0,0,FILING_RECEIVED,DOL_FORM_5500_SF_2025,https://askebsa.dol.gov/FOIA%20Files/2025/Latest/F_5500_SF_2025_Latest.zip,2db4677bd93455ccc082d378fdd56594ac90ca0fc6f2da1639a15aea8ed3e94d
biz-620,760243691-001,low (review),"sponsor name 'OGH SERVICE COMPANY' matches; sponsor address differs (402 4TH STREET, SEALY TX 77474)",5500-SF,2024,20251008112912NAL0009318032001,OGH SERVICE COMPANY PROFIT SHARING PLAN & TRUST,OGH SERVICE COMPANY,,760243691,TX,2024-01-01,2024-12-31,2025-10-08,27,2E 2F 2G 2H 2J 2K 2R 2T,2E2F2G2H2J2K2R3D2T,0,0,FILING_RECEIVED,DOL_FORM_5500_SF_2024,https://askebsa.dol.gov/FOIA%20Files/2024/Latest/F_5500_SF_2024_Latest.zip,11370908e2bbc78d1d418b2f2a2177875e0524c12b69a181432d6fd65a5966c3
biz-076,261427053-001,medium,"sponsor name 'STOWE'S INDEPENDENT SERVICES, LLC' matches; sponsor address corroborates (1951 E. CONTINENTAL BLVD, SOUTHLAKE TX 76092)",5500-SF,2025,20260624095714NAL0007883041001,"STOWE'S INDEPENDENT SERVICES, LLC 401K PLAN","STOWE'S INDEPENDENT SERVICES, LLC",,261427053,TX,2025-01-01,2025-12-31,2026-06-24,30,2E 2J 2K 2G 2T,2E2J2K2G2T3D,0,0,FILING_RECEIVED,DOL_FORM_5500_SF_2025,https://askebsa.dol.gov/FOIA%20Files/2025/Latest/F_5500_SF_2025_Latest.zip,2db4677bd93455ccc082d378fdd56594ac90ca0fc6f2da1639a15aea8ed3e94d
biz-731,274112708-001,low (review),"sponsor name 'RELIABLE PLANT MAINTENANCE LLC' matches; sponsor address differs (244 E BALBOA DR, TEMPE AZ 85282)",5500-SF,2024,20250611184800NAL0026385280001,RELIABLE PLANT MAINTENANCE,RELIABLE PLANT MAINTENANCE LLC,,274112708,AZ,2024-01-01,2024-12-31,2025-06-11,18,2E 2F 2G 2J 2K 2S 2T,2E2F2G2J2K2S2T3D,0,0,FILING_RECEIVED,DOL_FORM_5500_SF_2024,https://askebsa.dol.gov/FOIA%20Files/2024/Latest/F_5500_SF_2024_Latest.zip,11370908e2bbc78d1d418b2f2a2177875e0524c12b69a181432d6fd65a5966c3
biz-731,274112708-001,low (review),"sponsor name 'RELIABLE PLANT MAINTENANCE LLC' matches; sponsor address differs (244 E BALBOA DR, TEMPE AZ 85282)",5500-SF,2025,20260616111317NAL0001263808001,RELIABLE PLANT MAINTENANCE,RELIABLE PLANT MAINTENANCE LLC,,274112708,AZ,2025-01-01,2025-12-31,2026-06-16,17,2E 2F 2G 2J 2K 2S 2T,2E2F2G2J2K2S2T3D,0,0,FILING_RECEIVED,DOL_FORM_5500_SF_2025,https://askebsa.dol.gov/FOIA%20Files/2025/Latest/F_5500_SF_2025_Latest.zip,2db4677bd93455ccc082d378fdd56594ac90ca0fc6f2da1639a15aea8ed3e94d
biz-040,742242969-001,high,"sponsor EIN 742242969 equals FEIN embedded in verified Texas taxpayer number; sponsor name 'PEARSON MECHANICAL INC.' matches; sponsor address corroborates (816 SECRETARY DRIVE, ARLINGTON TX 76015)",5500-SF,2025,20260608104112NAL0003158019001,PEARSON MECHANICAL INC. 401(K) PLAN,PEARSON MECHANICAL INC.,,742242969,TX,2025-01-01,2025-12-31,2026-06-08,93,2E 2F 2G 2J 2K 2S 2T,2E2F2G2J2K2S2T3D,0,0,FILING_RECEIVED,DOL_FORM_5500_SF_2025,https://askebsa.dol.gov/FOIA%20Files/2025/Latest/F_5500_SF_2025_Latest.zip,2db4677bd93455ccc082d378fdd56594ac90ca0fc6f2da1639a15aea8ed3e94d
biz-942,741893596-001,high,"sponsor EIN 741893596 equals FEIN embedded in verified Texas taxpayer number; sponsor name 'C & B UTILITIES, INC.' matches; sponsor address corroborates (13420 EAST HARDY, HOUSTON TX 77039)",5500-SF,2025,20260727123144NAL0017841569001,"C & B UTILITIES, L.P. 401(K) PLAN","C & B UTILITIES, INC.",,741893596,TX,2025-01-01,2025-12-31,2026-07-27,37,2E 2F 2G 2J 2K 2R 2T,2E2F2G2J2K2R2T3B3D,0,0,FILING_RECEIVED,DOL_FORM_5500_SF_2025,https://askebsa.dol.gov/FOIA%20Files/2025/Latest/F_5500_SF_2025_Latest.zip,2db4677bd93455ccc082d378fdd56594ac90ca0fc6f2da1639a15aea8ed3e94d
biz-627,760455132-001,high,"sponsor EIN 760455132 equals FEIN embedded in verified Texas taxpayer number; sponsor name 'DOUG TURNER PLUMBING COMPANY' matches; sponsor address corroborates (PO BOX 1177, SUGAR LAND TX 77487)",5500-SF,2025,20260325130132NAL0006036944001,DOUG TURNER PLUMBING COMPANY 401(K) PROFIT SHARING PLAN,DOUG TURNER PLUMBING COMPANY,,760455132,TX,2025-01-01,2025-12-31,2026-03-25,15,2A 2E 2F 2G 2J 2K 2T,2A2E2F2G2J2K2T3D,0,0,FILING_RECEIVED,DOL_FORM_5500_SF_2025,https://askebsa.dol.gov/FOIA%20Files/2025/Latest/F_5500_SF_2025_Latest.zip,2db4677bd93455ccc082d378fdd56594ac90ca0fc6f2da1639a15aea8ed3e94d
biz-871,271322095-001,medium,"sponsor name 'SARENTEC, LLC' matches; sponsor address corroborates (18058 E FM 1097, WILLIS TX 773783972)",5500-SF,2024,20250918133034NAL0003271746001,"SARENTEC, LLC 401(K) PLAN","SARENTEC, LLC",,271322095,TX,2024-01-01,2024-12-31,2025-09-18,32,2E 2F 2G 2J 2K 2T,2E2F2G2J2K2T3B3D,0,,FILING_RECEIVED,DOL_FORM_5500_SF_2024,https://askebsa.dol.gov/FOIA%20Files/2024/Latest/F_5500_SF_2024_Latest.zip,11370908e2bbc78d1d418b2f2a2177875e0524c12b69a181432d6fd65a5966c3
biz-163,204461500-001,low (review),"sponsor name 'MOMENTUM MECHANICAL' matches; sponsor address differs (7984 S. WELBY PARK DR. SUITE 103, WEST JORDAN UT 84088)",5500-SF,2024,20251008172739NAL0014360498001,MMECH 401(K),MOMENTUM MECHANICAL,,204461500,UT,2024-01-01,2024-12-31,2025-10-08,118,2A 2E 2J 2K 2F 2G,2A2E2J2K2F2G3D,0,0,FILING_RECEIVED,DOL_FORM_5500_SF_2024,https://askebsa.dol.gov/FOIA%20Files/2024/Latest/F_5500_SF_2024_Latest.zip,11370908e2bbc78d1d418b2f2a2177875e0524c12b69a181432d6fd65a5966c3
biz-163,204461500-001,low (review),"sponsor name 'MOMENTUM MECHANICAL' matches; sponsor address differs (7984 S. WELBY PARK DR. SUITE 103, WEST JORDAN UT 84088)",5500-SF,2025,20260514124220NAL0008476497001,MMECH 401(K),MOMENTUM MECHANICAL,,204461500,UT,2025-01-01,2025-12-31,2026-05-14,56,2A 2E 2J 2K 2F 2G,2A2E2J2K2F2G3D,0,0,FILING_RECEIVED,DOL_FORM_5500_SF_2025,https://askebsa.dol.gov/FOIA%20Files/2025/Latest/F_5500_SF_2025_Latest.zip,2db4677bd93455ccc082d378fdd56594ac90ca0fc6f2da1639a15aea8ed3e94d
biz-1011,430703162-001,low (review),"sponsor name 'E&M PLUMBING COMPANY, INC.' matches; sponsor address differs (101 DREYER AVENUE, EUREKA MO 63025)",5500-SF,2024,20250716110749NAL0006742610001,"E&M PLUMBING COMPANY, INC. PROFIT SHARING PLAN","E&M PLUMBING COMPANY, INC.",,430703162,MO,2024-01-01,2024-12-31,2025-07-16,1,2E 2F 2G 2J 2K 2T,2E2F2G2J2K2T3D3H,0,0,FILING_RECEIVED,DOL_FORM_5500_SF_2024,https://askebsa.dol.gov/FOIA%20Files/2024/Latest/F_5500_SF_2024_Latest.zip,11370908e2bbc78d1d418b2f2a2177875e0524c12b69a181432d6fd65a5966c3
biz-1011,430703162-001,low (review),"sponsor name 'E&M PLUMBING COMPANY, INC.' matches; sponsor address differs (101 DREYER AVENUE, EUREKA MO 63025)",5500-SF,2025,20260812130918NAL0008580787001,"E&M PLUMBING COMPANY, INC. PROFIT SHARING PLAN","E&M PLUMBING COMPANY, INC.",,430703162,MO,2025-01-01,2025-12-31,2026-08-12,4,2E 2F 2G 2J 2K 2T,2E2F2G2J2K2T3D3H,0,0,FILING_RECEIVED,DOL_FORM_5500_SF_2025,https://askebsa.dol.gov/FOIA%20Files/2025/Latest/F_5500_SF_2025_Latest.zip,2db4677bd93455ccc082d378fdd56594ac90ca0fc6f2da1639a15aea8ed3e94d
biz-084,430703162-001,low (review),"sponsor name 'E&M PLUMBING COMPANY, INC.' matches; sponsor address differs (101 DREYER AVENUE, EUREKA MO 63025)",5500-SF,2024,20250716110749NAL0006742610001,"E&M PLUMBING COMPANY, INC. PROFIT SHARING PLAN","E&M PLUMBING COMPANY, INC.",,430703162,MO,2024-01-01,2024-12-31,2025-07-16,1,2E 2F 2G 2J 2K 2T,2E2F2G2J2K2T3D3H,0,0,FILING_RECEIVED,DOL_FORM_5500_SF_2024,https://askebsa.dol.gov/FOIA%20Files/2024/Latest/F_5500_SF_2024_Latest.zip,11370908e2bbc78d1d418b2f2a2177875e0524c12b69a181432d6fd65a5966c3
biz-084,430703162-001,low (review),"sponsor name 'E&M PLUMBING COMPANY, INC.' matches; sponsor address differs (101 DREYER AVENUE, EUREKA MO 63025)",5500-SF,2025,20260812130918NAL0008580787001,"E&M PLUMBING COMPANY, INC. PROFIT SHARING PLAN","E&M PLUMBING COMPANY, INC.",,430703162,MO,2025-01-01,2025-12-31,2026-08-12,4,2E 2F 2G 2J 2K 2T,2E2F2G2J2K2T3D3H,0,0,FILING_RECEIVED,DOL_FORM_5500_SF_2025,https://askebsa.dol.gov/FOIA%20Files/2025/Latest/F_5500_SF_2025_Latest.zip,2db4677bd93455ccc082d378fdd56594ac90ca0fc6f2da1639a15aea8ed3e94d
biz-754,203527737-001,medium,"sponsor name 'COPELAND CONTRACTING COMPANY, INC.' matches; sponsor address corroborates (1425 UNIVERSAL CITY BLVD BLDG #3, UNIVERSAL CITY TX 78148)",5500-SF,2025,20260618064131NAL0001740179001,COPELAND CONTRACTING COMPANY 401(K) PLAN,"COPELAND CONTRACTING COMPANY, INC.",,203527737,TX,2025-01-01,2025-12-31,2026-06-18,5,2E 2F 2G 2J 2K,2E2F2G2J2K3D,0,0,FILING_RECEIVED,DOL_FORM_5500_SF_2025,https://askebsa.dol.gov/FOIA%20Files/2025/Latest/F_5500_SF_2025_Latest.zip,2db4677bd93455ccc082d378fdd56594ac90ca0fc6f2da1639a15aea8ed3e94d
biz-321,460410114-001,low (review),"sponsor name 'DJR, INC.' matches; sponsor address differs (POST OFFICE BOX 75, ROSCOE SD 57471)",5500-SF,2024,20250618161808NAL0002649441001,"DJR, INC. 401(K) PROFIT SHARING PLAN","DJR, INC.",,460410114,SD,2024-01-01,2024-12-31,2025-06-18,7,2A 2E 2F 2G 2J 2K 2T,2A2E2F2G2J2K2T3D,0,0,FILING_RECEIVED,DOL_FORM_5500_SF_2024,https://askebsa.dol.gov/FOIA%20Files/2024/Latest/F_5500_SF_2024_Latest.zip,11370908e2bbc78d1d418b2f2a2177875e0524c12b69a181432d6fd65a5966c3
biz-321,460410114-001,low (review),"sponsor name 'DJR, INC.' matches; sponsor address differs (POST OFFICE BOX 75, ROSCOE SD 57471)",5500-SF,2025,20260618114336NAL0001924275001,"DJR, INC. 401(K) PROFIT SHARING PLAN","DJR, INC.",,460410114,SD,2025-01-01,2025-12-31,2026-06-18,7,2A 2E 2F 2G 2J 2K 2T,2A2E2F2G2J2K2T3D,0,0,FILING_RECEIVED,DOL_FORM_5500_SF_2025,https://askebsa.dol.gov/FOIA%20Files/2025/Latest/F_5500_SF_2025_Latest.zip,2db4677bd93455ccc082d378fdd56594ac90ca0fc6f2da1639a15aea8ed3e94d
biz-385,760667412-001,high,"sponsor EIN 760667412 equals FEIN embedded in verified Texas taxpayer number; sponsor name 'RDI MECHANICAL, INC.' matches; sponsor address corroborates (7150 BREEN, HOUSTON TX 77086)",5500-SF,2025,20260319220640NAL0005673872001,"RDI MECHANICAL, INC. 401(K) PLAN","RDI MECHANICAL, INC.",,760667412,TX,2025-01-01,2025-12-31,2026-03-19,49,2E 2F 2G 2J 2K 2T,2E2F2G2J2K2T3D,0,0,FILING_RECEIVED,DOL_FORM_5500_SF_2025,https://askebsa.dol.gov/FOIA%20Files/2025/Latest/F_5500_SF_2025_Latest.zip,2db4677bd93455ccc082d378fdd56594ac90ca0fc6f2da1639a15aea8ed3e94d
biz-452,271442066-001,medium,"sponsor name 'PERFORMANCE HEAT & AIR' matches; sponsor address corroborates (1807 OWEN COURT, MANSFIELD TX 76063)",5500-SF,2025,20260717223427NAL0006682305001,PERFORMANCE HEAT & AIR 401K PLAN,PERFORMANCE HEAT & AIR,,271442066,TX,2025-01-01,2025-12-31,2026-07-17,35,2E 2F 2G 2J 2K 2S 2T,2E2F2G2J2K2S2T3D,0,0,FILING_RECEIVED,DOL_FORM_5500_SF_2025,https://askebsa.dol.gov/FOIA%20Files/2025/Latest/F_5500_SF_2025_Latest.zip,2db4677bd93455ccc082d378fdd56594ac90ca0fc6f2da1639a15aea8ed3e94d
biz-157,751713125-001,high,"sponsor EIN 751713125 equals FEIN embedded in verified Texas taxpayer number; sponsor name 'J.L. PARKER PLUMBING INC.' matches; sponsor address differs (3710 S SHILOH RD, GARLAND TX 75238)",5500-SF,2024,20250717103021NAL0000183008001,"J.L. PARKER PLUMBING, INC. PROFIT SHARING PLAN",J.L. PARKER PLUMBING INC.,,751713125,TX,2024-01-01,2024-12-31,2025-07-17,42,2E 2G 2J 2K,2E2G2J2K3D,0,0,FILING_RECEIVED,DOL_FORM_5500_SF_2024,https://askebsa.dol.gov/FOIA%20Files/2024/Latest/F_5500_SF_2024_Latest.zip,11370908e2bbc78d1d418b2f2a2177875e0524c12b69a181432d6fd65a5966c3
biz-529,742483341-001,high,"sponsor EIN 742483341 equals FEIN embedded in verified Texas taxpayer number; sponsor name 'VAMVORAS, LTD' matches; sponsor address corroborates (4734 SHAVANO OAK, SAN ANTONIO TX 78249)",5500-SF,2025,20260424094455NAL0003113059001,"VAMVORAS, LTD 401(K) PROFIT SHARING PLAN","VAMVORAS, LTD",,742483341,TX,2025-01-01,2025-12-31,2026-04-24,17,2A 2E 2F 2G 2J 2K 2T,2A2E2F2G2J2K2T3D,0,0,FILING_RECEIVED,DOL_FORM_5500_SF_2025,https://askebsa.dol.gov/FOIA%20Files/2025/Latest/F_5500_SF_2025_Latest.zip,2db4677bd93455ccc082d378fdd56594ac90ca0fc6f2da1639a15aea8ed3e94d
biz-038,743047219-001,high,"sponsor EIN 743047219 equals FEIN embedded in verified Texas taxpayer number; sponsor name 'QUARTER MOON PLUMBING INC' matches; sponsor address corroborates (18838 FM 2252, STE. 100, SAN ANTONIO TX 78266)",5500-SF,2025,20260716183234NAL0004815729001,QUARTER MOON PLUMBING INC 401K PROFIT SHARING PLAN AND TRUST,QUARTER MOON PLUMBING INC,,743047219,TX,2025-01-01,2025-12-31,2026-07-16,66,2E 2F 2G 2J 2K 2S 2T,2E2F2G2J2K2S2T3D,0,0,FILING_RECEIVED,DOL_FORM_5500_SF_2025,https://askebsa.dol.gov/FOIA%20Files/2025/Latest/F_5500_SF_2025_Latest.zip,2db4677bd93455ccc082d378fdd56594ac90ca0fc6f2da1639a15aea8ed3e94d
biz-890,742567725-001,medium,"sponsor EIN 742567725 equals FEIN embedded in verified Texas taxpayer number; sponsor address corroborates (139 WALEETKA STREET, SAN ANTONIO TX 78210)",5500-SF,2025,20260810081502NAL0007970544001,WILKS HEATING & AIR 401(K) PLAN,WILKS HEATING & AIR,,742567725,TX,2025-01-01,2025-12-31,2026-08-10,23,2F 2G 2J 2T,2F2G2J2T3D,0,0,FILING_RECEIVED,DOL_FORM_5500_SF_2025,https://askebsa.dol.gov/FOIA%20Files/2025/Latest/F_5500_SF_2025_Latest.zip,2db4677bd93455ccc082d378fdd56594ac90ca0fc6f2da1639a15aea8ed3e94d
biz-236,752736825-001,medium,"sponsor name 'Z & C PLUMBING PARTNERSHIP LTD' matches; sponsor address corroborates (3720 GREENHOUSE ROAD, HOUSTON TX 77084)",5500-SF,2025,20260731082004NAL0020384691001,Z & C PLUMBING 401(K) PLAN,Z & C PLUMBING PARTNERSHIP LTD,,752736825,TX,2025-01-01,2025-12-31,2026-07-31,19,2E 2G 2J 2K 2F 2T,2E3D2G2J2K2F2T,0,0,FILING_RECEIVED,DOL_FORM_5500_SF_2025,https://askebsa.dol.gov/FOIA%20Files/2025/Latest/F_5500_SF_2025_Latest.zip,2db4677bd93455ccc082d378fdd56594ac90ca0fc6f2da1639a15aea8ed3e94d
biz-230,811094320-001,low (review),"sponsor name 'VICTORY FIRE PROTECTION LLC' matches; sponsor address differs (9500 W 49TH AVE UNIT B-100, WHEATRIDGE CO 80003)",5500-SF,2024,20251126050213NAL0004345745001,VICTORY FIRE PROTECTION 401K PLAN,VICTORY FIRE PROTECTION LLC,,811094320,CO,2024-01-01,2024-12-31,2025-11-26,26,2E 2F 2G 2J 2T,2E2F2G2J2T3D,0,0,FILING_RECEIVED,DOL_FORM_5500_SF_2024,https://askebsa.dol.gov/FOIA%20Files/2024/Latest/F_5500_SF_2024_Latest.zip,11370908e2bbc78d1d418b2f2a2177875e0524c12b69a181432d6fd65a5966c3
biz-334,751907506-001,high,"sponsor EIN 751907506 equals FEIN embedded in verified Texas taxpayer number; sponsor name 'F.G. HAGGERTY COMPANY, INC.' matches; sponsor address corroborates (1318 HATTON ROAD, WICHITA FALLS TX 76302)",5500-SF,2025,20260330114614NAL0010973057001,"F.G. HAGGERTY COMPANY, INC. 401(K) PROFIT SHARING PLAN","F.G. HAGGERTY COMPANY, INC.",,751907506,TX,2025-01-01,2025-12-31,2026-03-30,13,2E 2G 2J 2K,2E2G2J2K3D,0,0,FILING_RECEIVED,DOL_FORM_5500_SF_2025,https://askebsa.dol.gov/FOIA%20Files/2025/Latest/F_5500_SF_2025_Latest.zip,2db4677bd93455ccc082d378fdd56594ac90ca0fc6f2da1639a15aea8ed3e94d
biz-049,202011573-001,medium,"sponsor EIN 202011573 equals FEIN embedded in verified Texas taxpayer number; sponsor address corroborates (PO BOX 741, SAN MARCO TX 78667)",5500-SF,2025,20260626145751NAL0011666896001,WOODS COMFORT SYSTEMS 401(K) PLAN,"TYLER MECHANICAL CONTRACTORS, INC. DBA WOODS COMFORT SYSTEM,INC",,202011573,TX,2025-01-01,2025-12-31,2026-06-26,59,2A 2E 2F 2G 2J 2K 2S 2T,2A2E2F2G2J2K2S2T3D,0,0,FILING_RECEIVED,DOL_FORM_5500_SF_2025,https://askebsa.dol.gov/FOIA%20Files/2025/Latest/F_5500_SF_2025_Latest.zip,2db4677bd93455ccc082d378fdd56594ac90ca0fc6f2da1639a15aea8ed3e94d
biz-181,203623520-001,high,"sponsor EIN 203623520 equals FEIN embedded in verified Texas taxpayer number; sponsor name 'AUGERMAN INC' matches; sponsor address corroborates (450 PINN ROAD, SAN ANTONIO TX 78227)",5500-SF,2025,20260629145132NAL0020698946001,"AUGERMAN, INC. 401K PLAN",AUGERMAN INC,,203623520,TX,2025-01-01,2025-12-31,2026-06-29,57,2E 2F 2G 2J 2T,2E2F2G2J2T3D3H,0,0,FILING_RECEIVED,DOL_FORM_5500_SF_2025,https://askebsa.dol.gov/FOIA%20Files/2025/Latest/F_5500_SF_2025_Latest.zip,2db4677bd93455ccc082d378fdd56594ac90ca0fc6f2da1639a15aea8ed3e94d
biz-642,760522161-001,medium,"sponsor EIN 760522161 equals FEIN embedded in verified Texas taxpayer number; sponsor address corroborates (5431 BRYSTONE DRIVE, HOUSTON TX 77041)",5500-SF,2025,20260727094935NAL0022855872001,"DP SOUTH TEXAS PLUMBING COMPANY, INC. 401(K) PLAN","DP SOUTH TEXAS PLUMBING COMPANY, IN",,760522161,TX,2025-01-01,2025-12-31,2026-07-27,32,2E 2F 2K 2R 2T,2E2F2K2R2T3B3D,0,0,FILING_RECEIVED,DOL_FORM_5500_SF_2025,https://askebsa.dol.gov/FOIA%20Files/2025/Latest/F_5500_SF_2025_Latest.zip,2db4677bd93455ccc082d378fdd56594ac90ca0fc6f2da1639a15aea8ed3e94d
biz-611,208593166-001,low (review),"sponsor name 'BELL AIR CONDITIONING, LLC' matches; sponsor address differs (18700 N. 107TH AVE., SUN CITY AZ 85373)",5500-SF,2024,20251014054246NAL0003203680001,BELL AIR CONDITIONING 401(K) PROFIT SHARING PLAN,"BELL AIR CONDITIONING, LLC",,208593166,AZ,2024-01-01,2024-12-31,2025-10-14,16,2A 2E 2G 2J 2K,2A2E2G2J2K3D,0,0,FILING_RECEIVED,DOL_FORM_5500_SF_2024,https://askebsa.dol.gov/FOIA%20Files/2024/Latest/F_5500_SF_2024_Latest.zip,11370908e2bbc78d1d418b2f2a2177875e0524c12b69a181432d6fd65a5966c3
biz-611,208593166-001,low (review),"sponsor name 'BELL AIR CONDITIONING, LLC' matches; sponsor address differs (18700 N. 107TH AVE., SUN CITY AZ 85373)",5500-SF,2025,20260729112549NAL0025130112001,BELL AIR CONDITIONING 401(K) PROFIT SHARING PLAN,"BELL AIR CONDITIONING, LLC",,208593166,AZ,2025-01-01,2025-12-31,2026-07-29,15,2A 2E 2G 2J 2K,2A2E2G2J2K3D,0,0,FILING_RECEIVED,DOL_FORM_5500_SF_2025,https://askebsa.dol.gov/FOIA%20Files/2025/Latest/F_5500_SF_2025_Latest.zip,2db4677bd93455ccc082d378fdd56594ac90ca0fc6f2da1639a15aea8ed3e94d
biz-216,463064069-001,medium,"sponsor name 'ELLIS AIR SYSTEMS, INC.' matches; sponsor address corroborates (3513 FLORENCE RD., KILLEEN TX 76542)",5500-SF,2025,20260427205821NAL0020113490001,"ELLIS AIR SYSTEMS, INC. 401(K) PLAN","ELLIS AIR SYSTEMS, INC.",,463064069,TX,2025-01-01,2025-12-31,2026-04-27,92,2E 2F 2G 2J 2K 2S 2T,2E2F2G2J2K2S2T3D,0,0,FILING_RECEIVED,DOL_FORM_5500_SF_2025,https://askebsa.dol.gov/FOIA%20Files/2025/Latest/F_5500_SF_2025_Latest.zip,2db4677bd93455ccc082d378fdd56594ac90ca0fc6f2da1639a15aea8ed3e94d
biz-216,811836892-001,medium,"sponsor name 'ELLIS AIR SYSTEMS, LLC' matches; sponsor address corroborates (3513 FLORENCE RD., KILLEEN TX 76542)",5500-SF,2025,20260423214722NAL0005215409001,"ELLIS AIR SYSTEMS, LLC 401(K) PLAN","ELLIS AIR SYSTEMS, LLC",,811836892,TX,2025-01-01,2025-12-31,2026-04-23,24,2E 2F 2G 2J 2K 2S 2T,2E2F2G2J2K2S2T3D,0,0,FILING_RECEIVED,DOL_FORM_5500_SF_2025,https://askebsa.dol.gov/FOIA%20Files/2025/Latest/F_5500_SF_2025_Latest.zip,2db4677bd93455ccc082d378fdd56594ac90ca0fc6f2da1639a15aea8ed3e94d
biz-030,751728111-001,high,"sponsor EIN 751728111 equals FEIN embedded in verified Texas taxpayer number; sponsor name 'KEN PARKER SERVICE, INC.' matches; sponsor ZIP corroborates (GREENVILLE TX 754025132)",5500-SF,2025,20260714141931NAL0001164163001,"KEN PARKER SERVICE, INC. 401(K) PLAN","KEN PARKER SERVICE, INC.",,751728111,TX,2025-01-01,2025-12-31,2026-07-14,20,2F 2G 2J 2K 2T 2E,2F2G2J2K2T3D2E,0,0,FILING_RECEIVED,DOL_FORM_5500_SF_2025,https://askebsa.dol.gov/FOIA%20Files/2025/Latest/F_5500_SF_2025_Latest.zip,2db4677bd93455ccc082d378fdd56594ac90ca0fc6f2da1639a15aea8ed3e94d
biz-014,202497861-001,high,"sponsor EIN 202497861 equals FEIN embedded in verified Texas taxpayer number; sponsor name 'ATMAC MECHANICAL SERVICES, LP' matches; sponsor address corroborates (1201 SUMMIT AVENUE, PLANO TX 75074)",5500-SF,2025,20260604125844NAL0001204992001,"ATMAC MECHANICAL SERVICES, LLC RETIREMENT PLAN","ATMAC MECHANICAL SERVICES, LP",,202497861,TX,2025-01-01,2025-12-31,2026-06-04,54,2A 2E 2F 2G 2J 2K 2T,2A2E2F2G2J2K2T3B3D,0,0,FILING_RECEIVED,DOL_FORM_5500_SF_2025,https://askebsa.dol.gov/FOIA%20Files/2025/Latest/F_5500_SF_2025_Latest.zip,2db4677bd93455ccc082d378fdd56594ac90ca0fc6f2da1639a15aea8ed3e94d
biz-870,751490649-001,medium,"sponsor name 'DON BURDEN & ASSOCIATES, INC.' matches; sponsor address corroborates (10947 ALDER CIRCLE, DALLAS TX 75238)",5500-SF,2024,20250712103320NAL0019169970001,"DON BURDEN & ASSOCIATES, INC. PROFIT SHARING PLAN & TRUST","DON BURDEN & ASSOCIATES, INC.",,751490649,TX,2024-01-01,2024-12-31,2025-07-12,7,2E 2F 2G 2J 2S 2T,2E2F2G2J2S2T3D,0,0,FILING_RECEIVED,DOL_FORM_5500_SF_2024,https://askebsa.dol.gov/FOIA%20Files/2024/Latest/F_5500_SF_2024_Latest.zip,11370908e2bbc78d1d418b2f2a2177875e0524c12b69a181432d6fd65a5966c3
biz-870,751490649-001,low (review),"sponsor name 'DON BURDEN & ASSOCIATES, INC.' matches; sponsor address differs (P.O. BOX 9, VAN ALSTYNE TX 75495)",5500-SF,2025,20260129095612NAL0006013410001,"DON BURDEN & ASSOCIATES, INC. PROFIT SHARING PLAN & TRUST","DON BURDEN & ASSOCIATES, INC.",,751490649,TX,2025-01-01,2025-07-31,2026-01-29,0,2E 2F 2G 2J 2S 2T,2E2F2G2J2S2T3D,1,0,FILING_RECEIVED,DOL_FORM_5500_SF_2025,https://askebsa.dol.gov/FOIA%20Files/2025/Latest/F_5500_SF_2025_Latest.zip,2db4677bd93455ccc082d378fdd56594ac90ca0fc6f2da1639a15aea8ed3e94d
biz-003,752319566-001,high,"sponsor EIN 752319566 equals FEIN embedded in verified Texas taxpayer number; sponsor name 'COMFORT MASTERS HEATING & AIR CONDITIONING INC.' matches; sponsor address corroborates (1318 EAST 50TH STREET, LUBBOCK TX 79404)",5500-SF,2025,20260821101348NAL0025568594001,COMFORT MASTERS HEATING & AIR CONDITIONING INC. 401(K) PLAN,COMFORT MASTERS HEATING & AIR CONDITIONING INC.,,752319566,TX,2025-01-01,2025-12-31,2026-08-21,54,2A 2E 2F 2G 2J 2K 2T,2A2E2F2G2J2K2T3D,0,0,FILING_RECEIVED,DOL_FORM_5500_SF_2025,https://askebsa.dol.gov/FOIA%20Files/2025/Latest/F_5500_SF_2025_Latest.zip,2db4677bd93455ccc082d378fdd56594ac90ca0fc6f2da1639a15aea8ed3e94d
biz-713,205262187-001,high,"sponsor EIN 205262187 equals FEIN embedded in verified Texas taxpayer number; sponsor name 'ACCUVENT AIR, LLC' matches; sponsor address corroborates (11927 WINDFERN RD., HOUSTON TX 77064)",5500-SF,2025,20260917200927NAL0005727072001,"ACCUVENT AIR, LLC 401(K) PLAN","ACCUVENT AIR, LLC",,205262187,TX,2025-01-01,2025-12-31,2026-09-17,15,2A 2E 2F 2G 2J 2K 2T,2A2E2F2G2J2K2T3D,0,0,FILING_RECEIVED,DOL_FORM_5500_SF_2025,https://askebsa.dol.gov/FOIA%20Files/2025/Latest/F_5500_SF_2025_Latest.zip,2db4677bd93455ccc082d378fdd56594ac90ca0fc6f2da1639a15aea8ed3e94d
biz-434,820838186-001,high,"sponsor EIN 820838186 equals FEIN embedded in verified Texas taxpayer number; sponsor name 'DELTA T EQUIPMENT, LP' matches; sponsor address differs (6303 N. SAM HOUSTON PKWY. W., HOUSTON TX 77086)",5500-SF,2025,20260720083851NAL0009550065001,DELTA T EQUIPMENT LP 401(K) PLAN,"DELTA T EQUIPMENT, LP",,820838186,TX,2025-01-01,2025-12-31,2026-07-20,44,2A 2E 2F 2G 2J 2K 2T,2A2E2F2G2J2K2T3D3H,0,0,FILING_RECEIVED,DOL_FORM_5500_SF_2025,https://askebsa.dol.gov/FOIA%20Files/2025/Latest/F_5500_SF_2025_Latest.zip,2db4677bd93455ccc082d378fdd56594ac90ca0fc6f2da1639a15aea8ed3e94d
biz-233,752729207-002,medium,"sponsor name 'A#1 AIR, INC.' matches; sponsor address corroborates (601 E. CORPORATE DR, LEWISVILLE TX 75057)",5500-SF,2024,20250701105544NAL0006970307001,"A#1 AIR, INC. 401(K) PLAN","A#1 AIR, INC.",,752729207,TX,2025-01-01,2025-05-20,2025-07-01,0,2A 2E 2F 2G 2J 2K 2S 2T,2A2E2F2G2J2K2S2T,1,0,FILING_RECEIVED,DOL_FORM_5500_SF_2024,https://askebsa.dol.gov/FOIA%20Files/2024/Latest/F_5500_SF_2024_Latest.zip,11370908e2bbc78d1d418b2f2a2177875e0524c12b69a181432d6fd65a5966c3
biz-342,760348259-001,low (review),"sponsor name 'HCB MECHANICAL, INC.' matches; sponsor address differs (P.O. BOX 1779, CYPRESS TX 77410)",5500-SF,2024,20250625211933NAL0012119040001,"HCB MECHANICAL, INC. 401(K) PLAN","HCB MECHANICAL, INC.",,760348259,TX,2024-01-01,2024-12-31,2025-06-25,13,2E 2F 2G 2J 2K 2T,2E2F2G2J2K2T3D,0,0,FILING_RECEIVED,DOL_FORM_5500_SF_2024,https://askebsa.dol.gov/FOIA%20Files/2024/Latest/F_5500_SF_2024_Latest.zip,11370908e2bbc78d1d418b2f2a2177875e0524c12b69a181432d6fd65a5966c3
biz-342,760348259-001,low (review),"sponsor name 'HCB MECHANICAL, INC.' matches; sponsor address differs (P.O. BOX 1779, CYPRESS TX 77410)",5500-SF,2025,20260224195125NAL0006312962001,"HCB MECHANICAL, INC. 401(K) PLAN","HCB MECHANICAL, INC.",,760348259,TX,2025-01-01,2025-12-31,2026-02-24,13,2E 2F 2G 2J 2K 2T,2E2F2G2J2K2T3D,0,0,FILING_RECEIVED,DOL_FORM_5500_SF_2025,https://askebsa.dol.gov/FOIA%20Files/2025/Latest/F_5500_SF_2025_Latest.zip,2db4677bd93455ccc082d378fdd56594ac90ca0fc6f2da1639a15aea8ed3e94d
biz-972,760348259-001,low (review),"sponsor name 'HCB MECHANICAL, INC.' matches; sponsor address differs (P.O. BOX 1779, CYPRESS TX 77410)",5500-SF,2024,20250625211933NAL0012119040001,"HCB MECHANICAL, INC. 401(K) PLAN","HCB MECHANICAL, INC.",,760348259,TX,2024-01-01,2024-12-31,2025-06-25,13,2E 2F 2G 2J 2K 2T,2E2F2G2J2K2T3D,0,0,FILING_RECEIVED,DOL_FORM_5500_SF_2024,https://askebsa.dol.gov/FOIA%20Files/2024/Latest/F_5500_SF_2024_Latest.zip,11370908e2bbc78d1d418b2f2a2177875e0524c12b69a181432d6fd65a5966c3
biz-972,760348259-001,low (review),"sponsor name 'HCB MECHANICAL, INC.' matches; sponsor address differs (P.O. BOX 1779, CYPRESS TX 77410)",5500-SF,2025,20260224195125NAL0006312962001,"HCB MECHANICAL, INC. 401(K) PLAN","HCB MECHANICAL, INC.",,760348259,TX,2025-01-01,2025-12-31,2026-02-24,13,2E 2F 2G 2J 2K 2T,2E2F2G2J2K2T3D,0,0,FILING_RECEIVED,DOL_FORM_5500_SF_2025,https://askebsa.dol.gov/FOIA%20Files/2025/Latest/F_5500_SF_2025_Latest.zip,2db4677bd93455ccc082d378fdd56594ac90ca0fc6f2da1639a15aea8ed3e94d
biz-381,752868234-001,high,"sponsor EIN 752868234 equals FEIN embedded in verified Texas taxpayer number; sponsor name 'TRAVIS MECHANICAL, LLC' matches; sponsor address corroborates (2400 TARPLEY ROAD, CARROLLTON TX 75006)",5500-SF,2025,20260618080829NAL0003929874001,"TRAVIS MECHANICAL, LLC 401(K) PLAN","TRAVIS MECHANICAL, LLC",,752868234,TX,2025-01-01,2025-12-31,2026-06-18,26,2E 2G 2J 2K 2F 2T,2E3D2G2J2K2F2T,0,0,FILING_RECEIVED,DOL_FORM_5500_SF_2025,https://askebsa.dol.gov/FOIA%20Files/2025/Latest/F_5500_SF_2025_Latest.zip,2db4677bd93455ccc082d378fdd56594ac90ca0fc6f2da1639a15aea8ed3e94d
biz-518,742953984-001,high,"sponsor EIN 742953984 equals FEIN embedded in verified Texas taxpayer number; sponsor name 'A.C. DISTRIBUTION, INC.' matches; sponsor address corroborates (5638 BEAR LANE, CORPUS CHRISTI TX 78405)",5500-SF,2025,20260917151713NAL0006053667001,"A.C. DISTRIBUTION, INC. 401(K) PLAN","A.C. DISTRIBUTION, INC.",,742953984,TX,2025-01-01,2025-12-31,2026-09-17,60,2E 2F 2G 2J 2K 2T,2E2F2G2J2K2T3D,0,0,FILING_RECEIVED,DOL_FORM_5500_SF_2025,https://askebsa.dol.gov/FOIA%20Files/2025/Latest/F_5500_SF_2025_Latest.zip,2db4677bd93455ccc082d378fdd56594ac90ca0fc6f2da1639a15aea8ed3e94d
biz-641,751504416-001,high,"sponsor EIN 751504416 equals FEIN embedded in verified Texas taxpayer number; sponsor name 'REED PLUMBING, INC.' matches; sponsor address corroborates (610 NORTH ROAD, KENNEDALE TX 76060)",5500-SF,2025,20260813135601NAL0009412899001,"REED PLUMBING, INC. 401(K) PLAN","REED PLUMBING, INC.",,751504416,TX,2025-01-01,2025-12-31,2026-08-13,27,2E 2F 2G 2J 2K 2T,2E2F2G2J2K2T3D,0,0,FILING_RECEIVED,DOL_FORM_5500_SF_2025,https://askebsa.dol.gov/FOIA%20Files/2025/Latest/F_5500_SF_2025_Latest.zip,2db4677bd93455ccc082d378fdd56594ac90ca0fc6f2da1639a15aea8ed3e94d
biz-224,830566404-001,medium,"sponsor name 'PRODIGY HVAC, LLC' matches; sponsor address corroborates (2718 VIRGINIA CIRCLE, DENTON TX 76209)",5500-SF,2025,20260914195806NAL0001063219001,PRODIGY HVAC 401(K) PLAN,"PRODIGY HVAC, LLC",,830566404,TX,2025-01-01,2025-11-30,2026-09-14,0,2E 2F 2G 2J 2K 2S 2T,2E2F2G2J2K2S2T3D,1,0,FILING_RECEIVED,DOL_FORM_5500_SF_2025,https://askebsa.dol.gov/FOIA%20Files/2025/Latest/F_5500_SF_2025_Latest.zip,2db4677bd93455ccc082d378fdd56594ac90ca0fc6f2da1639a15aea8ed3e94d
biz-833,161240657-001,low (review),"sponsor name 'J & N SERVICES CORP.' matches; sponsor address differs (244 AERO DRIVE, BUFFALO NY 14225)",5500-SF,2024,20250723111545NAL0008450066001,J & N SERVICES CORP. 401(K) PLAN,J & N SERVICES CORP.,,161240657,NY,2024-01-01,2024-12-31,2025-07-23,9,2E 2F 2G 2J,2E2F2G2J3D,0,0,FILING_RECEIVED,DOL_FORM_5500_SF_2024,https://askebsa.dol.gov/FOIA%20Files/2024/Latest/F_5500_SF_2024_Latest.zip,11370908e2bbc78d1d418b2f2a2177875e0524c12b69a181432d6fd65a5966c3
biz-833,161240657-001,low (review),"sponsor name 'J & N SERVICES CORP.' matches; sponsor address differs (244 AERO DRIVE, BUFFALO NY 14225)",5500-SF,2025,20260626111946NAL0009263249001,J & N SERVICES CORP. 401(K) PLAN,J & N SERVICES CORP.,,161240657,NY,2025-01-01,2025-12-31,2026-06-26,9,2E 2F 2G 2J,2E2F2G2J3D,0,0,FILING_RECEIVED,DOL_FORM_5500_SF_2025,https://askebsa.dol.gov/FOIA%20Files/2025/Latest/F_5500_SF_2025_Latest.zip,2db4677bd93455ccc082d378fdd56594ac90ca0fc6f2da1639a15aea8ed3e94d
biz-775,760391418-001,high,"sponsor EIN 760391418 equals FEIN embedded in verified Texas taxpayer number; sponsor name 'BELKNAP PLUMBING SYSTEMS, INC.' matches; sponsor address corroborates (9030 SOLON ROAD, HOUSTON TX 77064)",5500-SF,2025,20260409100047NAL0010156849001,BELKNAP 401(K) PLAN,"BELKNAP PLUMBING SYSTEMS, INC.",,760391418,TX,2025-01-01,2025-12-31,2026-04-09,113,2A 2E 2F 2G 2J 2K 2T,2A2E2F2G2J2K2T3D3H,0,0,FILING_RECEIVED,DOL_FORM_5500_SF_2025,https://askebsa.dol.gov/FOIA%20Files/2025/Latest/F_5500_SF_2025_Latest.zip,2db4677bd93455ccc082d378fdd56594ac90ca0fc6f2da1639a15aea8ed3e94d
biz-009,260755719-001,medium,"sponsor name 'FREUND ENTERPRISES, INC.' matches; sponsor address corroborates (11403 JONES MALTSBERGER, SAN ANTONIO TX 78216)",5500-SF,2025,20260911154512NAL0010921426001,FREUND ENTERPRISES 401(K) PLAN,"FREUND ENTERPRISES, INC.",,260755719,TX,2025-01-01,2025-12-31,2026-09-11,171,2A 2E 2J 2F 2G 2T 2K,2A2E2J2F2G3D3H2T2K,0,0,FILING_RECEIVED,DOL_FORM_5500_SF_2025,https://askebsa.dol.gov/FOIA%20Files/2025/Latest/F_5500_SF_2025_Latest.zip,2db4677bd93455ccc082d378fdd56594ac90ca0fc6f2da1639a15aea8ed3e94d
biz-092,752880667-001,medium,"sponsor name 'WELLBORN MECHANICAL SERVICES, INC.' matches; sponsor address corroborates (2403 S. EASTMAN RD., LONGVIEW TX 75602)",5500-SF,2024,20250627160016NAL0009903841001,"WELLBORN MECHANICAL SERVICES, INC. 401K PLAN","WELLBORN MECHANICAL SERVICES, INC.",,752880667,TX,2024-01-01,2024-12-31,2025-06-27,43,2E 2F 2G 2J 2K 2T,2E2F2G2J2K2T3D,0,0,FILING_RECEIVED,DOL_FORM_5500_SF_2024,https://askebsa.dol.gov/FOIA%20Files/2024/Latest/F_5500_SF_2024_Latest.zip,11370908e2bbc78d1d418b2f2a2177875e0524c12b69a181432d6fd65a5966c3
biz-092,752880667-001,low (review),"sponsor name 'WELLBORN MECHANICAL SERVICES, INC.' matches; sponsor address differs (9045 US 259, LONGVIEW TX 75605)",5500-SF,2025,20260624095016NAL0013457458001,"WELLBORN MECHANICAL SERVICES, INC. 401K PLAN","WELLBORN MECHANICAL SERVICES, INC.",,752880667,TX,2025-01-01,2025-12-31,2026-06-24,44,2E 2F 2G 2J 2K 2T,2E2F2G2J2K2T3D,0,0,FILING_RECEIVED,DOL_FORM_5500_SF_2025,https://askebsa.dol.gov/FOIA%20Files/2025/Latest/F_5500_SF_2025_Latest.zip,2db4677bd93455ccc082d378fdd56594ac90ca0fc6f2da1639a15aea8ed3e94d
biz-160,471198476-001,medium,"sponsor name 'PLUMBCO SERVICES, INC.' matches; sponsor address corroborates (PO BOX 173276, ARLINGTON TX 76003)",5500-SF,2024,20250924131233NAL0017146018001,"PLUMBCO SERVICES, INC. 401K PROFIT SHARING PLAN","PLUMBCO SERVICES, INC.",,471198476,TX,2024-01-01,2024-12-31,2025-09-24,13,2A 2E 2G 2J,2A2E2G2J3D,0,0,FILING_RECEIVED,DOL_FORM_5500_SF_2024,https://askebsa.dol.gov/FOIA%20Files/2024/Latest/F_5500_SF_2024_Latest.zip,11370908e2bbc78d1d418b2f2a2177875e0524c12b69a181432d6fd65a5966c3
biz-825,542080495-001,high,"sponsor EIN 542080495 equals FEIN embedded in verified Texas taxpayer number; sponsor name 'LANGE MECHANICAL SERVICES, L.P.' matches; sponsor address corroborates (933 WAKEFIELD, HOUSTON TX 77018)",5500-SF,2024,20260601113606NAL0014911312001,LANGE MECHANICAL SERVICES 401(K) RETIREMENT PLAN,"LANGE MECHANICAL SERVICES, L.P.",,542080495,TX,2024-11-01,2025-10-31,2026-06-01,12,2A 2E 2F 2G 2J 2K 2T,2A2E2F2G2J2K2T3B3D,0,0,FILING_RECEIVED,DOL_FORM_5500_SF_2024,https://askebsa.dol.gov/FOIA%20Files/2024/Latest/F_5500_SF_2024_Latest.zip,11370908e2bbc78d1d418b2f2a2177875e0524c12b69a181432d6fd65a5966c3
biz-501,742443385-001,high,"sponsor EIN 742443385 equals FEIN embedded in verified Texas taxpayer number; sponsor name 'MECHANICAL REPS INC' matches; sponsor address corroborates (9407 MIDDLEX DR, SAN ANTONIO TX 782176087)",5500-SF,2024,20251112110203NAL0000020243001,MECHANICAL REPS INC 401(K) PROFIT SHARING PLAN & TRUST,MECHANICAL REPS INC,,742443385,TX,2025-01-01,2025-04-09,2025-11-12,0,2A 2E 2F 2G 2J 2T,2A2E2F2G2J2T3D,1,0,FILING_RECEIVED,DOL_FORM_5500_SF_2024,https://askebsa.dol.gov/FOIA%20Files/2024/Latest/F_5500_SF_2024_Latest.zip,11370908e2bbc78d1d418b2f2a2177875e0524c12b69a181432d6fd65a5966c3
biz-677,831902282-001,medium,"sponsor name 'MADDOX AIR CONDITIONING, LLC' matches; sponsor address corroborates (125 SOUTH BONNER AVENUE, TYLER TX 75702)",5500-SF,2025,20260305083819NAL0003849233001,"MADDOX AIR CONDITIONING, INC. 401(K) PROFIT SHARING PLAN","MADDOX AIR CONDITIONING, LLC",,831902282,TX,2025-01-01,2025-12-31,2026-03-05,24,2A 2E 2F 2G 2J 2K 2T,2A2E2F2G2J2K2T3B3D,0,0,FILING_RECEIVED,DOL_FORM_5500_SF_2025,https://askebsa.dol.gov/FOIA%20Files/2025/Latest/F_5500_SF_2025_Latest.zip,2db4677bd93455ccc082d378fdd56594ac90ca0fc6f2da1639a15aea8ed3e94d
biz-006,752871219-001,high,"sponsor EIN 752871219 equals FEIN embedded in verified Texas taxpayer number; sponsor name 'DOUCET PLUMBING, INC.' matches; sponsor address corroborates (6474 SIDE VIEW ROAD, SAN ANGELO TX 76901)",5500-SF,2025,20260722144457NAL0015063152001,3DS 401(K) PLAN,"DOUCET PLUMBING, INC.",,752871219,TX,2025-01-01,2025-12-31,2026-07-22,31,2E 2F 2G 2J 2K 2S 2T,2E2F2G2J2K2S2T3D,0,0,FILING_RECEIVED,DOL_FORM_5500_SF_2025,https://askebsa.dol.gov/FOIA%20Files/2025/Latest/F_5500_SF_2025_Latest.zip,2db4677bd93455ccc082d378fdd56594ac90ca0fc6f2da1639a15aea8ed3e94d
biz-442,901034018-001,low (review),"sponsor name 'INOCA HOLDCO II, LLC' / DBA 'FCS FOX COMMERCIAL SERVICES, LLC' matches; sponsor address differs (PO BOX 154187, WACO TX 76715)",5500-SF,2024,20250829114254NAL0011303633001,"FCS FOX COMMERCIAL SERVICES, LLC 401(K) RETIREMENT SAVINGS PLAN","INOCA HOLDCO II, LLC","FCS FOX COMMERCIAL SERVICES, LLC",901034018,TX,2024-01-01,2024-12-31,2025-08-29,72,2E 2F 2G 2J 2K 2T,2E2F2G2J2K2T3D,0,0,FILING_RECEIVED,DOL_FORM_5500_SF_2024,https://askebsa.dol.gov/FOIA%20Files/2024/Latest/F_5500_SF_2024_Latest.zip,11370908e2bbc78d1d418b2f2a2177875e0524c12b69a181432d6fd65a5966c3
biz-442,901034018-001,low (review),"sponsor name 'INOCA HOLDCO II, LLC' / DBA 'FCS FOX COMMERCIAL SERVICES, LLC' matches; sponsor address differs (PO BOX 154187, WACO TX 76715)",5500-SF,2025,20260709090422NAL0000073843001,"FCS FOX COMMERCIAL SERVICES, LLC 401(K) RETIREMENT SAVINGS PLAN","INOCA HOLDCO II, LLC","FCS FOX COMMERCIAL SERVICES, LLC",901034018,TX,2025-01-01,2025-12-31,2026-07-09,0,2E 2F 2G 2J 2K 2T,2E2F2G2J2K2T3D,1,0,FILING_RECEIVED,DOL_FORM_5500_SF_2025,https://askebsa.dol.gov/FOIA%20Files/2025/Latest/F_5500_SF_2025_Latest.zip,2db4677bd93455ccc082d378fdd56594ac90ca0fc6f2da1639a15aea8ed3e94d
biz-128,821938653-001,medium,"sponsor name 'DOUBLE L PLUMBING, LLC' matches; sponsor address corroborates (708 NORTHWEST PARKWAY, AZLE TX 76020)",5500-SF,2024,20251007144536NAL0004920161001,DOUBLE L PLUMBING 401(K) PLAN,"DOUBLE L PLUMBING, LLC",,821938653,TX,2024-01-01,2024-12-31,2025-10-07,14,2A 2E 2G 2J 2K 2T,2A2E2G2J2K2T3D,0,0,FILING_RECEIVED,DOL_FORM_5500_SF_2024,https://askebsa.dol.gov/FOIA%20Files/2024/Latest/F_5500_SF_2024_Latest.zip,11370908e2bbc78d1d418b2f2a2177875e0524c12b69a181432d6fd65a5966c3
biz-128,821938653-002,medium,"sponsor name 'DOUBLE L PLUMBING, LLC' matches; sponsor address corroborates (708 NORTHWEST PARKWAY, AZLE TX 76020)",5500-SF,2024,20251007145157NAL0004751121001,DOUBLE L PLUMBING CASH BALANCE PLAN,"DOUBLE L PLUMBING, LLC",,821938653,TX,2024-01-01,2024-12-31,2025-10-07,12,1A 1C,1A1C3D,0,0,FILING_RECEIVED,DOL_FORM_5500_SF_2024,https://askebsa.dol.gov/FOIA%20Files/2024/Latest/F_5500_SF_2024_Latest.zip,11370908e2bbc78d1d418b2f2a2177875e0524c12b69a181432d6fd65a5966c3
biz-467,410901546-001,low (review),"sponsor name 'COOL AIR MECHANICAL, INC' matches; sponsor address differs (1544 134TH AVENUE NE, HAM LAKE MN 55304)",5500-SF,2024,20260330100745NAL0014210290001,"COOL AIR MECHANICAL, INC. 401(K) PLAN","COOL AIR MECHANICAL, INC",,410901546,MN,2024-10-01,2025-09-30,2026-03-30,41,2A 2E 2J 2K 2F 2G 2T,2A2E2J2K2F2G3D2T,0,0,FILING_RECEIVED,DOL_FORM_5500_SF_2024,https://askebsa.dol.gov/FOIA%20Files/2024/Latest/F_5500_SF_2024_Latest.zip,11370908e2bbc78d1d418b2f2a2177875e0524c12b69a181432d6fd65a5966c3
biz-530,760167497-002,medium,"sponsor EIN 760167497 equals FEIN embedded in verified Texas taxpayer number; sponsor address corroborates (22424 LOOP 494, KINGWOOD TX 77339)",5500-SF,2025,20260908164100NAL0002557329001,KINGWOOD AIR CONDITIONING & HEATING 401(K) PLAN,KINGWOOD AIR CONDITIONING & HEAT,,760167497,TX,2025-01-01,2025-12-31,2026-09-08,13,2E 2F 2G 2J 2K 2S 2T,2E2F2G2J2K2S2T3D,0,0,FILING_RECEIVED,DOL_FORM_5500_SF_2025,https://askebsa.dol.gov/FOIA%20Files/2025/Latest/F_5500_SF_2025_Latest.zip,2db4677bd93455ccc082d378fdd56594ac90ca0fc6f2da1639a15aea8ed3e94d
biz-832,760675564-001,high,sponsor EIN 760675564 equals FEIN embedded in verified Texas taxpayer number; sponsor name 'BIG TEX AIR CONDITIONING INC' matches; sponsor ZIP corroborates (HOUSTON TX 770784124),5500-SF,2025,20260429095503NAL0023680098001,BIG TEX AIR CONDITIONING INC 401(K) PROFIT SHARING PLAN & TRUST,BIG TEX AIR CONDITIONING INC,,760675564,TX,2025-01-01,2025-12-31,2026-04-29,51,2E 2F 2G 2J 2T,2E2F2G2J2T3D,0,0,FILING_RECEIVED,DOL_FORM_5500_SF_2025,https://askebsa.dol.gov/FOIA%20Files/2025/Latest/F_5500_SF_2025_Latest.zip,2db4677bd93455ccc082d378fdd56594ac90ca0fc6f2da1639a15aea8ed3e94d
biz-265,271650435-001,low (review),"sponsor name 'JD PRECISION SERVICES, INC.' matches; sponsor address differs (15487 PIN OAKS DR, CONROE TX 77384)",5500-SF,2024,20251007051411NAL0007531760001,"JD PRECISION SERVICES, INC. 401K PLAN","JD PRECISION SERVICES, INC.",,271650435,TX,2024-01-01,2024-12-31,2025-10-07,33,2E 2F 2G 2J 2T,2E2F2G2J2T3D3H,0,0,FILING_RECEIVED,DOL_FORM_5500_SF_2024,https://askebsa.dol.gov/FOIA%20Files/2024/Latest/F_5500_SF_2024_Latest.zip,11370908e2bbc78d1d418b2f2a2177875e0524c12b69a181432d6fd65a5966c3
biz-265,760593621-001,low (review),"sponsor name 'JD PRECISION SERVICES, INC.' matches; sponsor address differs (15487 PIN OAKS DR, CONROE TX 77384)",5500-SF,2025,20260625103108NAL0014762898001,"JD PRECISION SERVICES, INC. 401K PLAN","JD PRECISION SERVICES, INC.",,760593621,TX,2025-01-01,2025-12-31,2026-06-25,44,2E 2F 2G 2J 2T,2E2F2G2J2T3D3H,0,0,FILING_RECEIVED,DOL_FORM_5500_SF_2025,https://askebsa.dol.gov/FOIA%20Files/2025/Latest/F_5500_SF_2025_Latest.zip,2db4677bd93455ccc082d378fdd56594ac90ca0fc6f2da1639a15aea8ed3e94d
biz-315,821960313-001,medium,"sponsor name 'WELCH HVAC INCORPORATED' matches; sponsor address corroborates (118 LYNN AVENUE, LEWISVILLE TX 75057)",5500-SF,2025,20260731191001NAL0029184688001,WELCH HVAC 401(K) PLAN,WELCH HVAC INCORPORATED,,821960313,TX,2025-01-01,2025-12-31,2026-07-31,22,2A 2E 2F 2G 2H 2J 2T,2A2E2F2G2H2J2T3D,0,0,FILING_RECEIVED,DOL_FORM_5500_SF_2025,https://askebsa.dol.gov/FOIA%20Files/2025/Latest/F_5500_SF_2025_Latest.zip,2db4677bd93455ccc082d378fdd56594ac90ca0fc6f2da1639a15aea8ed3e94d
biz-192,760096882-001,high,"sponsor EIN 760096882 equals FEIN embedded in verified Texas taxpayer number; sponsor name 'J & S MECHANICAL CONTRACTORS, INC.' matches; sponsor address differs (11921 WINDFERN RD., HOUSTON TX 77064)",5500-SF,2025,20260721134701NAL0011251601003,"J & S MECHANICAL CONTRACTORS, INC. 401(K) PLAN","J & S MECHANICAL CONTRACTORS, INC.",,760096882,TX,2025-01-01,2025-12-31,2026-07-21,29,2E 2J 2K 2F 2G,2E2J2K2F2G3D,0,,FILING_RECEIVED,DOL_FORM_5500_SF_2025,https://askebsa.dol.gov/FOIA%20Files/2025/Latest/F_5500_SF_2025_Latest.zip,2db4677bd93455ccc082d378fdd56594ac90ca0fc6f2da1639a15aea8ed3e94d
biz-819,820870281-001,medium,"sponsor name 'SALOF LTD, INC.' matches; sponsor address corroborates (5141 IH 35 SOUTH, NEW BRAUNFELS TX 78132)",5500-SF,2025,20260604132126NAL0001225360001,SALOF LTD 401(K) PLAN,"SALOF LTD, INC.",,820870281,TX,2025-01-01,2025-12-31,2026-06-04,68,2S 2E 2G 2J 2K 2F 2T,2S2E3D2G2J2K2F2T3F,0,0,FILING_RECEIVED,DOL_FORM_5500_SF_2025,https://askebsa.dol.gov/FOIA%20Files/2025/Latest/F_5500_SF_2025_Latest.zip,2db4677bd93455ccc082d378fdd56594ac90ca0fc6f2da1639a15aea8ed3e94d
biz-059,260580923-001,medium,"sponsor name 'BANNISTER INVESTMENTS LLC' matches; sponsor address corroborates (PO BOX 1603, JACKSONVILLE TX 757661601)",5500-SF,2024,20250415125206NAL0001427379001,BANNISTER INVESTMENTS LLC 401(K) PROFIT SHARING PLAN & TRUST,BANNISTER INVESTMENTS LLC,,260580923,TX,2024-01-01,2024-12-31,2025-04-15,104,2E 2F 2G 2J 2K 2S 2T,2E2F2G2J2K2S2T3D,0,0,FILING_RECEIVED,DOL_FORM_5500_SF_2024,https://askebsa.dol.gov/FOIA%20Files/2024/Latest/F_5500_SF_2024_Latest.zip,11370908e2bbc78d1d418b2f2a2177875e0524c12b69a181432d6fd65a5966c3
biz-911,751475197-001,high,"sponsor EIN 751475197 equals FEIN embedded in verified Texas taxpayer number; sponsor name 'NAPPS INDUSTRIES, LLC' matches; sponsor address corroborates (1003 W. COTTON ST., LONGVIEW TX 75604)",5500-SF,2025,20260527145534NAL0008320480001,"NAPPS INDUSTRIES, LLC 401(K) PLAN","NAPPS INDUSTRIES, LLC",,751475197,TX,2025-01-01,2025-12-31,2026-05-27,15,2E 2F 2G 2J 2K,2E2F2G2J2K3D,0,0,FILING_RECEIVED,DOL_FORM_5500_SF_2025,https://askebsa.dol.gov/FOIA%20Files/2025/Latest/F_5500_SF_2025_Latest.zip,2db4677bd93455ccc082d378fdd56594ac90ca0fc6f2da1639a15aea8ed3e94d
biz-202,820570929-001,low (review),"sponsor EIN 820570929 equals FEIN embedded in verified Texas taxpayer number; sponsor address differs (15705 BRENDA STREET, AUSTIN TX 78702)",5500-SF,2024,20251001123358NAL0005924643001,5F MECHANICAL GROUP INC 401K PLAN,5F MECHANICAL,,820570929,TX,2024-01-01,2024-12-31,2025-10-01,98,2E 2F 2K 2J 2G 2T,2E2F2K2J2G3D2T,0,,FILING_RECEIVED,DOL_FORM_5500_SF_2024,https://askebsa.dol.gov/FOIA%20Files/2024/Latest/F_5500_SF_2024_Latest.zip,11370908e2bbc78d1d418b2f2a2177875e0524c12b69a181432d6fd65a5966c3
biz-202,820570929-001,low (review),"sponsor EIN 820570929 equals FEIN embedded in verified Texas taxpayer number; sponsor address differs (15705 BRENDA STREET, AUSTIN TX 78702)",5500-SF,2025,20260902114819NAL0009337617001,5F MECHANICAL GROUP INC 401K PLAN,5F MECHANICAL,,820570929,TX,2025-01-01,2025-12-31,2026-09-02,136,2E 2F 2K 2J 2G 2T,2E2F2K2J2G3D2T,0,,FILING_RECEIVED,DOL_FORM_5500_SF_2025,https://askebsa.dol.gov/FOIA%20Files/2025/Latest/F_5500_SF_2025_Latest.zip,2db4677bd93455ccc082d378fdd56594ac90ca0fc6f2da1639a15aea8ed3e94d
biz-379,203710638-001,low (review),"sponsor name 'CRAIG MECHANICAL INC' matches; sponsor address differs (6770 CENTRAL AVE STE A, RIVERSIDE CA 925041443)",5500-SF,2024,20250418144934NAL0002999377001,CRAIG MECHANICAL INC 401(K) PROFIT SHARING PLAN & TRUST,CRAIG MECHANICAL INC,,203710638,CA,2024-01-01,2024-12-31,2025-04-18,23,2A 2E 2F 2G 2J 2K 2T,2A2E2F2G2J2K2T3D,0,0,FILING_RECEIVED,DOL_FORM_5500_SF_2024,https://askebsa.dol.gov/FOIA%20Files/2024/Latest/F_5500_SF_2024_Latest.zip,11370908e2bbc78d1d418b2f2a2177875e0524c12b69a181432d6fd65a5966c3
biz-379,203710638-001,low (review),"sponsor name 'CRAIG MECHANICAL INC' matches; sponsor address differs (6770 CENTRAL AVE STE A, RIVERSIDE CA 925041443)",5500-SF,2025,20260414160046NAL0016087937001,CRAIG MECHANICAL INC 401(K) PROFIT SHARING PLAN & TRUST,CRAIG MECHANICAL INC,,203710638,CA,2025-01-01,2025-12-31,2026-04-14,20,2A 2E 2F 2G 2J 2K 2T,2A2E2F2G2J2K2T3D,0,0,FILING_RECEIVED,DOL_FORM_5500_SF_2025,https://askebsa.dol.gov/FOIA%20Files/2025/Latest/F_5500_SF_2025_Latest.zip,2db4677bd93455ccc082d378fdd56594ac90ca0fc6f2da1639a15aea8ed3e94d
biz-219,742775592-001,low (review),"sponsor name 'TRIPLE CROSS PLUMBING & UTILITIES, LTD' matches; sponsor address differs (652 DIETERT LANE, CANYON LAKE TX 78133)",5500-SF,2024,20250728124802NAL0002048977001,TRIPLE CROSS PLUMBING & UTILITIES 401(K) PLAN,"TRIPLE CROSS PLUMBING & UTILITIES, LTD",,742775592,TX,2024-01-01,2024-12-31,2025-07-28,12,2A 2E 2F 2G 2J 2T,2A2E2F2G2J2T3D,0,0,FILING_RECEIVED,DOL_FORM_5500_SF_2024,https://askebsa.dol.gov/FOIA%20Files/2024/Latest/F_5500_SF_2024_Latest.zip,11370908e2bbc78d1d418b2f2a2177875e0524c12b69a181432d6fd65a5966c3
biz-219,742775592-001,low (review),"sponsor name 'TRIPLE CROSS PLUMBING & UTILITIES, LTD' matches; sponsor address differs (652 DIETERT LANE, CANYON LAKE TX 78133)",5500-SF,2025,20260923111731NAL0011501329001,TRIPLE CROSS PLUMBING & UTILITIES 401(K) PLAN,"TRIPLE CROSS PLUMBING & UTILITIES, LTD",,742775592,TX,2025-01-01,2025-12-31,2026-09-23,19,2A 2E 2F 2G 2J 2T,2A2E2F2G2J2T3D,0,0,FILING_RECEIVED,DOL_FORM_5500_SF_2025,https://askebsa.dol.gov/FOIA%20Files/2025/Latest/F_5500_SF_2025_Latest.zip,2db4677bd93455ccc082d378fdd56594ac90ca0fc6f2da1639a15aea8ed3e94d
biz-812,760597721-001,medium,"sponsor EIN 760597721 equals FEIN embedded in verified Texas taxpayer number; sponsor address corroborates (1204 MISSOURI, SOUTH HOUSTON TX 77587)",5500-SF,2024,20250731172442NAL0003284867001,SUNCOAST PLUMBING 401(K) PLAN,"SUNCOAST PLUMBING COMPANY, INC.",,760597721,TX,2024-01-01,2024-12-31,2025-07-31,40,2E 2J 2K 2F 2G 2T,2E2J2K2F2G3D2T,0,0,FILING_RECEIVED,DOL_FORM_5500_SF_2024,https://askebsa.dol.gov/FOIA%20Files/2024/Latest/F_5500_SF_2024_Latest.zip,11370908e2bbc78d1d418b2f2a2177875e0524c12b69a181432d6fd65a5966c3
biz-095,752892220-001,low (review),"sponsor name 'MECHANICAL PARTNERS, INC.' matches; sponsor address differs (3541 W MILLER RD, GARLAND TX 75041)",5500-SF,2024,20250724113832NAL0013159506001,"MECHANICAL PARTNERS, INC. 401(K) PLAN","MECHANICAL PARTNERS, INC.",,752892220,TX,2024-01-01,2024-12-31,2025-07-24,147,2A 2E 2F 2G 2J 2K 2T,2A2E2F2G2J2K2T3D,0,,FILING_RECEIVED,DOL_FORM_5500_SF_2024,https://askebsa.dol.gov/FOIA%20Files/2024/Latest/F_5500_SF_2024_Latest.zip,11370908e2bbc78d1d418b2f2a2177875e0524c12b69a181432d6fd65a5966c3
biz-095,752892220-001,low (review),"sponsor name 'MECHANICAL PARTNERS, INC.' matches; sponsor address differs (3541 W MILLER RD, GARLAND TX 75041)",5500-SF,2025,20260429083844NAL0016407136001,"MECHANICAL PARTNERS, INC. 401(K) PLAN","MECHANICAL PARTNERS, INC.",,752892220,TX,2025-01-01,2025-12-31,2026-04-29,169,2A 2E 2F 2G 2J 2K 2T,2A2E2F2G2J2K2T3D,0,0,FILING_RECEIVED,DOL_FORM_5500_SF_2025,https://askebsa.dol.gov/FOIA%20Files/2025/Latest/F_5500_SF_2025_Latest.zip,2db4677bd93455ccc082d378fdd56594ac90ca0fc6f2da1639a15aea8ed3e94d
biz-390,205122071-001,medium,"sponsor name 'COMMERCIAL VENTILATION SERVICES, LLC.' matches; sponsor address corroborates (15255 GULF FREEWAY, HOUSTON TX 77034)",5500-SF,2025,20260504172557NAL0000183202001,"COMMERCIAL VENTILATION SERVICES, LLC. 401K PLAN","COMMERCIAL VENTILATION SERVICES, LLC.",,205122071,TX,2025-01-01,2025-12-31,2026-05-04,3,2E 2J 2K 2G 2F,2E2J2K2G2F3D,0,,FILING_RECEIVED,DOL_FORM_5500_SF_2025,https://askebsa.dol.gov/FOIA%20Files/2025/Latest/F_5500_SF_2025_Latest.zip,2db4677bd93455ccc082d378fdd56594ac90ca0fc6f2da1639a15aea8ed3e94d
biz-849,760274090-001,low (review),"sponsor name 'SANTHOFF PLUMBING COMPANY INC.' matches; sponsor address differs (1519 5TH ST, MISSOURI CITY TX 77489)",5500-SF,2024,20250702153202NAL0007379299001,SANTHOFF PLUMBING 401(K) PROFIT SHARING PLAN,SANTHOFF PLUMBING COMPANY INC.,,760274090,TX,2024-01-01,2024-12-31,2025-07-02,21,2E 2F 2G 2J 2K 2T,2E2F2G2J2K2T3D,0,0,FILING_RECEIVED,DOL_FORM_5500_SF_2024,https://askebsa.dol.gov/FOIA%20Files/2024/Latest/F_5500_SF_2024_Latest.zip,11370908e2bbc78d1d418b2f2a2177875e0524c12b69a181432d6fd65a5966c3
biz-849,760274090-001,low (review),"sponsor name 'SANTHOFF PLUMBING COMPANY INC.' matches; sponsor address differs (1519 5TH ST, MISSOURI CITY TX 77489)",5500-SF,2025,20260512113529NAL0006733857001,SANTHOFF PLUMBING 401(K) PROFIT SHARING PLAN,SANTHOFF PLUMBING COMPANY INC.,,760274090,TX,2025-01-01,2025-12-31,2026-05-12,20,2E 2F 2G 2J 2K 2T,2E2F2G2J2K2T3D,0,0,FILING_RECEIVED,DOL_FORM_5500_SF_2025,https://askebsa.dol.gov/FOIA%20Files/2025/Latest/F_5500_SF_2025_Latest.zip,2db4677bd93455ccc082d378fdd56594ac90ca0fc6f2da1639a15aea8ed3e94d
biz-930,742619711-002,medium,"sponsor name 'BEYER MECHANICAL, LTD.' matches; sponsor address corroborates (17105 BEYER JOHN DR, SELMA TX 78154)",5500-SF,2024,20251014143818NAL0006369026001,BEYER MECHANICAL LTD 401(K) SAVINGS PLAN,"BEYER MECHANICAL, LTD.",,742619711,TX,2024-01-01,2024-12-31,2025-10-14,59,2E 2F 2G 2J 2K 2T,2E2F2G2J2K2T3D,0,0,FILING_RECEIVED,DOL_FORM_5500_SF_2024,https://askebsa.dol.gov/FOIA%20Files/2024/Latest/F_5500_SF_2024_Latest.zip,11370908e2bbc78d1d418b2f2a2177875e0524c12b69a181432d6fd65a5966c3
biz-305,742619711-002,low (review),"sponsor name 'BEYER MECHANICAL, LTD.' matches; sponsor address differs (17105 BEYER JOHN DR, SELMA TX 78154)",5500-SF,2024,20251014143818NAL0006369026001,BEYER MECHANICAL LTD 401(K) SAVINGS PLAN,"BEYER MECHANICAL, LTD.",,742619711,TX,2024-01-01,2024-12-31,2025-10-14,59,2E 2F 2G 2J 2K 2T,2E2F2G2J2K2T3D,0,0,FILING_RECEIVED,DOL_FORM_5500_SF_2024,https://askebsa.dol.gov/FOIA%20Files/2024/Latest/F_5500_SF_2024_Latest.zip,11370908e2bbc78d1d418b2f2a2177875e0524c12b69a181432d6fd65a5966c3
biz-748,020606361-001,high,"sponsor EIN 020606361 equals FEIN embedded in verified Texas taxpayer number; sponsor name 'CORPORATE ENTERPRISES INC' matches; sponsor address corroborates (439 N GUN BARREL LN, GUN BARREL CITY TX 751563731)",5500-SF,2025,20260416082509NAL0026755218001,CORPORATE ENTERPRISES INC 401(K) PROFIT SHARING PLAN & TRUST,CORPORATE ENTERPRISES INC,,020606361,TX,2025-01-01,2025-12-31,2026-04-16,32,2E 2F 2G 2J 2K 2S 2T,2E2F2G2J2K2S2T3D,0,0,FILING_RECEIVED,DOL_FORM_5500_SF_2025,https://askebsa.dol.gov/FOIA%20Files/2025/Latest/F_5500_SF_2025_Latest.zip,2db4677bd93455ccc082d378fdd56594ac90ca0fc6f2da1639a15aea8ed3e94d
biz-748,330533069-001,low (review),"sponsor name 'CORPORATE ENTERPRISES, INC.' matches; sponsor address differs (PO BOX 8858, NEWPORT BEACH CA 926588858)",5500-SF,2024,20250717153825NAL0000814560001,CORPORATE ENTERPRISES 401(K) PLAN,"CORPORATE ENTERPRISES, INC.",,330533069,CA,2024-01-01,2024-12-31,2025-07-17,11,2E 2F 2G 2J 2K 2T,2E2F2G2J2K2T3D,0,0,FILING_RECEIVED,DOL_FORM_5500_SF_2024,https://askebsa.dol.gov/FOIA%20Files/2024/Latest/F_5500_SF_2024_Latest.zip,11370908e2bbc78d1d418b2f2a2177875e0524c12b69a181432d6fd65a5966c3
biz-748,330533069-001,low (review),"sponsor name 'CORPORATE ENTERPRISES, INC.' matches; sponsor address differs (PO BOX 8858, NEWPORT BEACH CA 926588858)",5500-SF,2025,20260723150812NAL0017710160001,CORPORATE ENTERPRISES 401(K) PLAN,"CORPORATE ENTERPRISES, INC.",,330533069,CA,2025-01-01,2025-12-31,2026-07-23,11,2E 2F 2G 2J 2K 2T,2E2F2G2J2K2T3D,0,0,FILING_RECEIVED,DOL_FORM_5500_SF_2025,https://askebsa.dol.gov/FOIA%20Files/2025/Latest/F_5500_SF_2025_Latest.zip,2db4677bd93455ccc082d378fdd56594ac90ca0fc6f2da1639a15aea8ed3e94d
biz-707,752805687-001,high,"sponsor EIN 752805687 equals FEIN embedded in verified Texas taxpayer number; sponsor name 'THURGOOD INC.' matches; sponsor address corroborates (1500 CAPITAL AVE STE 101, PLANO TX 75074)",5500-SF,2025,20260918153701NAL0012927234001,"THURGOOD, INC. 401(K) PLAN",THURGOOD INC.,,752805687,TX,2025-01-01,2025-12-31,2026-09-18,42,2E 2J 2K 2F 2G 2T 2A,2E2J2K2F2G3D2T2A,0,0,FILING_RECEIVED,DOL_FORM_5500_SF_2025,https://askebsa.dol.gov/FOIA%20Files/2025/Latest/F_5500_SF_2025_Latest.zip,2db4677bd93455ccc082d378fdd56594ac90ca0fc6f2da1639a15aea8ed3e94d
biz-257,760390912-002,high,"sponsor EIN 760390912 equals FEIN embedded in verified Texas taxpayer number; sponsor name 'TWV INC' matches; sponsor address corroborates (429 ACRES LN, SEALY TX 774744400)",5500-SF,2025,20260707151611NAL0032714450001,TWV INC 401(K) PROFIT SHARING PLAN & TRUST,TWV INC,,760390912,TX,2025-01-01,2025-12-31,2026-07-07,13,2E 2F 2G 2J 2K 2T,2E2F2G2J2K2T3D,0,0,FILING_RECEIVED,DOL_FORM_5500_SF_2025,https://askebsa.dol.gov/FOIA%20Files/2025/Latest/F_5500_SF_2025_Latest.zip,2db4677bd93455ccc082d378fdd56594ac90ca0fc6f2da1639a15aea8ed3e94d
biz-029,461803699-001,medium,"sponsor name 'MORGAN AIR SERVICES LLC' matches; sponsor address corroborates (5200 MITCHELLDALE ST STE F26, HOUSTON TX 770927221)",5500-SF,2025,20260518123616NAL0000060499001,MORGAN AIR SERVICES LLC 401(K) PROFIT SHARING PLAN & TRUST,MORGAN AIR SERVICES LLC,,461803699,TX,2025-01-01,2025-12-31,2026-05-18,14,2E 2F 2G 2J 2K 2T,2E2F2G2J2K2T3D,0,0,FILING_RECEIVED,DOL_FORM_5500_SF_2025,https://askebsa.dol.gov/FOIA%20Files/2025/Latest/F_5500_SF_2025_Latest.zip,2db4677bd93455ccc082d378fdd56594ac90ca0fc6f2da1639a15aea8ed3e94d
biz-867,751237854-001,high,"sponsor EIN 751237854 equals FEIN embedded in verified Texas taxpayer number; sponsor name 'BATJER & ASSOCIATES, LLC' matches; sponsor address corroborates (2825 PINE STREET, ABILENE TX 79601)",5500-SF,2025,20260508083225NAL0002951827001,"BATJER & ASSOCIATES, LLC 401(K) PROFIT SHARING PLAN","BATJER & ASSOCIATES, LLC",,751237854,TX,2025-01-01,2025-12-31,2026-05-08,87,2E 2F 2G 2J 2K 2T,2E2F2G2J2K2T3D,0,0,FILING_RECEIVED,DOL_FORM_5500_SF_2025,https://askebsa.dol.gov/FOIA%20Files/2025/Latest/F_5500_SF_2025_Latest.zip,2db4677bd93455ccc082d378fdd56594ac90ca0fc6f2da1639a15aea8ed3e94d
biz-389,742442399-001,high,"sponsor EIN 742442399 equals FEIN embedded in verified Texas taxpayer number; sponsor name 'CLARKE KENT PLUMBING, INC.' matches; sponsor address corroborates (1408 WEST BEN WHITE BOULEVARD, AUSTIN TX 78704)",5500-SF,2025,20260420154925NAL0000828195001,CLARKE KENT PLUMBING 401(K) PLAN,"CLARKE KENT PLUMBING, INC.",,742442399,TX,2025-01-01,2025-12-31,2026-04-20,46,2A 2E 2F 2G 2J 2K 2S 2T,2A2E2F2G2J2K2S2T3D,0,0,FILING_RECEIVED,DOL_FORM_5500_SF_2025,https://askebsa.dol.gov/FOIA%20Files/2025/Latest/F_5500_SF_2025_Latest.zip,2db4677bd93455ccc082d378fdd56594ac90ca0fc6f2da1639a15aea8ed3e94d
biz-737,760659168-001,high,"sponsor EIN 760659168 equals FEIN embedded in verified Texas taxpayer number; sponsor name 'GEO PRODUCTS, LLC' matches; sponsor address corroborates (4545 BISSONNET STREET, BELLAIRE TX 77401)",5500-SF,2025,20260624141616NAL0006431347001,GEO PRODUCTS 401(K) PLAN,"GEO PRODUCTS, LLC",,760659168,TX,2025-01-01,2025-12-31,2026-06-24,12,2E 2G 2J 2K 2F 2T,2E3D2G2J2K2F2T,0,0,FILING_RECEIVED,DOL_FORM_5500_SF_2025,https://askebsa.dol.gov/FOIA%20Files/2025/Latest/F_5500_SF_2025_Latest.zip,2db4677bd93455ccc082d378fdd56594ac90ca0fc6f2da1639a15aea8ed3e94d
biz-648,742475934-001,medium,"sponsor name 'AMERICAN LEAK DETECTION OF SAN ANTONIO' matches; sponsor address corroborates (136A INDUSTRIAL DR., BOERNE TX 78006)",5500-SF,2024,20260414175054NAL0019964272001,AMERICAN LEAK DETECTION OF SAN ANTONIO 401(K) PLAN,AMERICAN LEAK DETECTION OF SAN ANTONIO,,742475934,TX,2024-07-01,2025-06-30,2026-04-14,20,2F 2E 2J 2G 2K 2T,2F2E2J2G2K3D2T,0,0,FILING_RECEIVED,DOL_FORM_5500_SF_2024,https://askebsa.dol.gov/FOIA%20Files/2024/Latest/F_5500_SF_2024_Latest.zip,11370908e2bbc78d1d418b2f2a2177875e0524c12b69a181432d6fd65a5966c3
biz-010,752739876-001,high,"sponsor EIN 752739876 equals FEIN embedded in verified Texas taxpayer number; sponsor name 'ALLEN'S TRI-STATE MECHANICAL, INC.' matches; sponsor address corroborates (404 SOUTH HAYDEN, AMARILLO TX 79101)",5500-SF,2025,20260323085814NAL0001818435001,"ALLEN'S TRI-STATE MECHANICAL, INC. 401(K) PLAN","ALLEN'S TRI-STATE MECHANICAL, INC.",,752739876,TX,2025-01-01,2025-12-31,2026-03-23,58,2E 2F 2G 2J 2K,2E2F2G2J2K3D,0,0,FILING_RECEIVED,DOL_FORM_5500_SF_2025,https://askebsa.dol.gov/FOIA%20Files/2025/Latest/F_5500_SF_2025_Latest.zip,2db4677bd93455ccc082d378fdd56594ac90ca0fc6f2da1639a15aea8ed3e94d
biz-670,264469355-002,low (review),"sponsor name 'K SAUNDERS COMPANY' matches; sponsor address differs (3511 PLAZA EAST COURT, GRANBURY TX 76049)",5500-SF,2024,20250411114224NAL0026118273001,K SAUNDERS COMPANY RETIREMENT SAVINGS PLAN,K SAUNDERS COMPANY,,264469355,TX,2024-01-01,2024-12-31,2025-04-11,15,2E 2F 2G 2J 2K,2E2F2G2J2K3D,0,0,FILING_RECEIVED,DOL_FORM_5500_SF_2024,https://askebsa.dol.gov/FOIA%20Files/2024/Latest/F_5500_SF_2024_Latest.zip,11370908e2bbc78d1d418b2f2a2177875e0524c12b69a181432d6fd65a5966c3
biz-670,264469355-002,low (review),"sponsor name 'K SAUNDERS COMPANY' matches; sponsor address differs (3511 PLAZA EAST COURT, GRANBURY TX 76049)",5500-SF,2025,20260318110747NAL0004872336001,K SAUNDERS COMPANY RETIREMENT SAVINGS PLAN,K SAUNDERS COMPANY,,264469355,TX,2025-01-01,2025-12-31,2026-03-18,14,2E 2F 2G 2J 2K,2E2F2G2J2K3D,0,0,FILING_RECEIVED,DOL_FORM_5500_SF_2025,https://askebsa.dol.gov/FOIA%20Files/2025/Latest/F_5500_SF_2025_Latest.zip,2db4677bd93455ccc082d378fdd56594ac90ca0fc6f2da1639a15aea8ed3e94d
biz-559,264805928-001,low (review),"sponsor name 'STELLAR PLUMBING INC' matches; sponsor address differs (PO BOX 8274, ROUND ROCK TX 78683)",5500-SF,2024,20250610092053NAL0025398688001,STELLAR PLUMBING INC 401K,STELLAR PLUMBING INC,,264805928,TX,2024-01-01,2024-12-31,2025-06-10,27,2E 2F 2G 2J 2K 2T,2E2F2G2J2K2T3D,0,0,FILING_RECEIVED,DOL_FORM_5500_SF_2024,https://askebsa.dol.gov/FOIA%20Files/2024/Latest/F_5500_SF_2024_Latest.zip,11370908e2bbc78d1d418b2f2a2177875e0524c12b69a181432d6fd65a5966c3
biz-559,264805928-001,low (review),"sponsor name 'STELLAR PLUMBING INC' matches; sponsor address differs (PO BOX 8274, ROUND ROCK TX 78664)",5500-SF,2025,20260527120049NAL0009587184001,STELLAR PLUMBING INC 401K,STELLAR PLUMBING INC,,264805928,TX,2025-01-01,2025-12-31,2026-05-27,29,2E 2F 2G 2J 2K 2T,2E2F2G2J2K2T3D,0,0,FILING_RECEIVED,DOL_FORM_5500_SF_2025,https://askebsa.dol.gov/FOIA%20Files/2025/Latest/F_5500_SF_2025_Latest.zip,2db4677bd93455ccc082d378fdd56594ac90ca0fc6f2da1639a15aea8ed3e94d
biz-018,571063633-001,low (review),"sponsor name 'A&T PLUMBING INC' matches; sponsor address differs (218 GLENRIDGE CT, COLUMBIA SC 292128201)",5500-SF,2024,20250707042833NAL0002941073001,A&T PLUMBING INC 401(K) PROFIT SHARING PLAN & TRUST,A&T PLUMBING INC,,571063633,SC,2024-01-01,2024-12-31,2025-07-07,8,2E 2F 2G 2J 2K 2T,2E2F2G2J2K2T3D,0,0,FILING_RECEIVED,DOL_FORM_5500_SF_2024,https://askebsa.dol.gov/FOIA%20Files/2024/Latest/F_5500_SF_2024_Latest.zip,11370908e2bbc78d1d418b2f2a2177875e0524c12b69a181432d6fd65a5966c3
biz-018,571063633-001,low (review),"sponsor name 'A&T PLUMBING INC' matches; sponsor address differs (218 GLENRIDGE CT, COLUMBIA SC 29212)",5500-SF,2025,20260630090730NAL0015411344001,A&T PLUMBING INC 401(K) PROFIT SHARING PLAN & TRUST,A&T PLUMBING INC,,571063633,SC,2025-01-01,2025-12-31,2026-06-30,11,2E 2F 2G 2J 2K 2T,2E2F2G2J2K2T3D,0,0,FILING_RECEIVED,DOL_FORM_5500_SF_2025,https://askebsa.dol.gov/FOIA%20Files/2025/Latest/F_5500_SF_2025_Latest.zip,2db4677bd93455ccc082d378fdd56594ac90ca0fc6f2da1639a15aea8ed3e94d
biz-094,752607754-001,high,"sponsor EIN 752607754 equals FEIN embedded in verified Texas taxpayer number; sponsor name 'LOGICAL SOLUTIONS, INC.' matches; sponsor address corroborates (1850 N GREENVILLE AVENUE SUITE 120, RICHARDSON TX 75081)",5500-SF,2025,20260812201925NAL0010761456001,LSI 401(K) PLAN,"LOGICAL SOLUTIONS, INC.",,752607754,TX,2025-01-01,2025-12-31,2026-08-12,159,2A 2E 2F 2G 2K 2T,2A2E2F2G2K2T3D,0,0,FILING_RECEIVED,DOL_FORM_5500_SF_2025,https://askebsa.dol.gov/FOIA%20Files/2025/Latest/F_5500_SF_2025_Latest.zip,2db4677bd93455ccc082d378fdd56594ac90ca0fc6f2da1639a15aea8ed3e94d
biz-287,331200939-001,medium,"sponsor name 'COTE'S MECHANICAL, LLC' matches; sponsor address corroborates (6947 CHISUM RD, SANGER TX 76266)",5500-SF,2024,20251013155112NAL0002361888001,COTE'S MECHANICAL 401(K) PLAN,"COTE'S MECHANICAL, LLC",,331200939,TX,2024-01-01,2024-12-31,2025-10-13,17,2F 2G 2J 2K 2T,2F2G2J2K2T3D,0,0,FILING_RECEIVED,DOL_FORM_5500_SF_2024,https://askebsa.dol.gov/FOIA%20Files/2024/Latest/F_5500_SF_2024_Latest.zip,11370908e2bbc78d1d418b2f2a2177875e0524c12b69a181432d6fd65a5966c3
biz-011,752064197-001,high,"sponsor EIN 752064197 equals FEIN embedded in verified Texas taxpayer number; sponsor name 'NATIONAL HEATING & PLUMBING, INC.' matches; sponsor address corroborates (620 RYAN AVE., ODESSA TX 79761)",5500-SF,2025,20260923040914NAL0011607856001,"NATIONAL HEATING & PLUMBING, INC. RETIREMENT PLAN","NATIONAL HEATING & PLUMBING, INC.",,752064197,TX,2025-01-01,2025-12-31,2026-09-23,32,2E 2F 2G 2J 2T,2E2F2G2J2T3D,0,0,FILING_RECEIVED,DOL_FORM_5500_SF_2025,https://askebsa.dol.gov/FOIA%20Files/2025/Latest/F_5500_SF_2025_Latest.zip,2db4677bd93455ccc082d378fdd56594ac90ca0fc6f2da1639a15aea8ed3e94d
biz-697,261431238-001,medium,"sponsor name 'TRI-STAR LEGACY, INC.' matches; sponsor address corroborates (4600 MARSALIS ST, FORT WORTH TX 761176315)",5500-SF,2024,20260417134804NAL0013129491001,"ROTO ROOTER PLUMBING SERVICE, INC. 401(K) PLAN AND TRUST","TRI-STAR LEGACY, INC.",,261431238,TX,2024-09-01,2025-08-31,2026-04-17,16,2E 2F 2G 2J 2K 2T,2E2F2G2J2K2T3D,0,,FILING_RECEIVED,DOL_FORM_5500_SF_2024,https://askebsa.dol.gov/FOIA%20Files/2024/Latest/F_5500_SF_2024_Latest.zip,11370908e2bbc78d1d418b2f2a2177875e0524c12b69a181432d6fd65a5966c3
biz-138,742412167-002,medium,"sponsor name 'KINGS AIRE, INC.' matches; sponsor address corroborates (1035 KESSLER, EL PASO TX 79907)",5500-SF,2025,20260629103345NAL0011644737001,"KINGS AIRE, INC. 401(K) RETIREMENT PLAN","KINGS AIRE, INC.",,742412167,TX,2025-01-01,2025-12-31,2026-06-29,21,2E 2F 2G 2J 2K 2T,2E2F2G2J2K2T3D3B,0,0,FILING_RECEIVED,DOL_FORM_5500_SF_2025,https://askebsa.dol.gov/FOIA%20Files/2025/Latest/F_5500_SF_2025_Latest.zip,2db4677bd93455ccc082d378fdd56594ac90ca0fc6f2da1639a15aea8ed3e94d
biz-027,751452168-001,high,"sponsor EIN 751452168 equals FEIN embedded in verified Texas taxpayer number; sponsor name 'FRANK'S REPAIR PLUMBING, INC.' matches; sponsor address corroborates (4112 NW 10TH STREET, AMARILLO TX 79106)",5500-SF,2025,20260701070137NAL0023476338001,"FRANK'S REPAIR PLUMBING, INC. PROFIT SHARING PLAN","FRANK'S REPAIR PLUMBING, INC.",,751452168,TX,2025-01-01,2025-12-31,2026-07-01,53,2E 2F 2G 2J 2K 2T,2E2F2G2J2K2T3B3D3H,0,0,FILING_RECEIVED,DOL_FORM_5500_SF_2025,https://askebsa.dol.gov/FOIA%20Files/2025/Latest/F_5500_SF_2025_Latest.zip,2db4677bd93455ccc082d378fdd56594ac90ca0fc6f2da1639a15aea8ed3e94d
biz-422,451327942-001,medium,"sponsor name 'BSP INC.' matches; sponsor address corroborates (11510 HIGHWAY 36, NEEDVILLE TX 77461)",5500-SF,2025,20260520134322NAL0002013472001,BIG STATE PLUMBING 401(K) PLAN,BSP INC.,,451327942,TX,2025-01-01,2025-12-31,2026-05-20,23,2F 2G 2J 2K 2T,2F2G2J2K2T3D,0,0,FILING_RECEIVED,DOL_FORM_5500_SF_2025,https://askebsa.dol.gov/FOIA%20Files/2025/Latest/F_5500_SF_2025_Latest.zip,2db4677bd93455ccc082d378fdd56594ac90ca0fc6f2da1639a15aea8ed3e94d
biz-907,461358034-001,high,"sponsor EIN 461358034 equals FEIN embedded in verified Texas taxpayer number; sponsor name 'SPUR INDUSTRIAL LLC' matches; sponsor address corroborates (1420 HUGHIE LONG ROAD, CRESSON TX 76035)",5500-SF,2024,20250707142521NAL0005979824001,SPUR INDUSTRIAL 401(K) SAVINGS PLAN,SPUR INDUSTRIAL LLC,,461358034,TX,2024-01-01,2024-12-31,2025-07-07,65,2E 2F 2G 2K,2E2F2G2K3D3H,0,0,FILING_RECEIVED,DOL_FORM_5500_SF_2024,https://askebsa.dol.gov/FOIA%20Files/2024/Latest/F_5500_SF_2024_Latest.zip,11370908e2bbc78d1d418b2f2a2177875e0524c12b69a181432d6fd65a5966c3
biz-316,752913995-001,low (review),"sponsor name 'AMC SERVICES INC' matches; sponsor address differs (1501 S LOOP 288 SUITE 104-179, DENTON TX 76205)",5500-SF,2024,20250717140839NAL0000214851001,AMC SERVICES INC 401(K) PLAN,AMC SERVICES INC,,752913995,TX,2024-01-01,2024-12-31,2025-07-17,15,2E 2F 2G 2J 2K 2S 2T,2E2F2G2J2K2S2T3D,0,0,FILING_RECEIVED,DOL_FORM_5500_SF_2024,https://askebsa.dol.gov/FOIA%20Files/2024/Latest/F_5500_SF_2024_Latest.zip,11370908e2bbc78d1d418b2f2a2177875e0524c12b69a181432d6fd65a5966c3
biz-316,752913995-001,low (review),"sponsor name 'AMC SERVICES INC' matches; sponsor address differs (1501 S LOOP 288 SUITE 104-179, DENTON TX 76205)",5500-SF,2025,20260723124732NAL0020023874001,AMC SERVICES INC 401(K) PLAN,AMC SERVICES INC,,752913995,TX,2025-01-01,2025-12-31,2026-07-23,15,2E 2F 2G 2J 2K 2S 2T,2E2F2G2J2K2S2T3D,0,0,FILING_RECEIVED,DOL_FORM_5500_SF_2025,https://askebsa.dol.gov/FOIA%20Files/2025/Latest/F_5500_SF_2025_Latest.zip,2db4677bd93455ccc082d378fdd56594ac90ca0fc6f2da1639a15aea8ed3e94d
biz-533,311437609-001,low (review),"sponsor name 'CLASSIC PLUMBING, INC.' matches; sponsor address differs (6707 REDWING COURT, ORIENT OH 43146)",5500-SF,2024,20251015130618NAL0002454803001,"CLASSIC PLUMBING, INC. 401(K) PLAN","CLASSIC PLUMBING, INC.",,311437609,OH,2024-01-01,2024-12-31,2025-10-15,8,2A 2E 2G 2J 2K,2A2E2G2J2K3D,0,0,FILING_RECEIVED,DOL_FORM_5500_SF_2024,https://askebsa.dol.gov/FOIA%20Files/2024/Latest/F_5500_SF_2024_Latest.zip,11370908e2bbc78d1d418b2f2a2177875e0524c12b69a181432d6fd65a5966c3
biz-995,463444076-001,low (review),"sponsor name 'APOGEE PLUMBING GROUP LLC' matches; sponsor address differs (6901 K AVE, PLANO TX 75074)",5500-SF,2025,20260723081958NAL0020297474003,APOGEE PLUMBING GROUP 401(K) PLAN,APOGEE PLUMBING GROUP LLC,,463444076,TX,2025-01-01,2025-12-31,2026-07-23,12,2A 2E 2F 2G 2J 2K 2T,2A2E2F2G2J2K2T3D,0,0,FILING_RECEIVED,DOL_FORM_5500_SF_2025,https://askebsa.dol.gov/FOIA%20Files/2025/Latest/F_5500_SF_2025_Latest.zip,2db4677bd93455ccc082d378fdd56594ac90ca0fc6f2da1639a15aea8ed3e94d
biz-592,830589919-001,low (review),"sponsor name 'PRIORITY PLUMBING COMPANY' matches; sponsor address differs (905 SOUTHWEST ORDINANCE ROAD, SUITE, ANKENY IA 50023)",5500-SF,2025,20260713112927NAL0000151600001,PRIORITY PLUMBING COMPANY SAFE HARBOR 401(K) PLAN,PRIORITY PLUMBING COMPANY,,830589919,IA,2025-09-01,2025-12-31,2026-07-13,5,2A 2E 2F 2G 2J 2S 2T,2A2E2F2G2J2S2T3D,0,0,FILING_RECEIVED,DOL_FORM_5500_SF_2025,https://askebsa.dol.gov/FOIA%20Files/2025/Latest/F_5500_SF_2025_Latest.zip,2db4677bd93455ccc082d378fdd56594ac90ca0fc6f2da1639a15aea8ed3e94d
biz-001,273717882-001,medium,sponsor name 'GENECO TECHNOLOGIES LLC' matches; sponsor ZIP corroborates (TYE TX 79563),5500-SF,2025,20260413145847NAL0030269090001,GENECO TECHNOLOGIES LLC 401(K) PLAN,GENECO TECHNOLOGIES LLC,,273717882,TX,2025-01-01,2025-12-31,2026-04-13,13,2A 2E 2J 2K 2S,2A2E2J2K2S3D,0,0,FILING_RECEIVED,DOL_FORM_5500_SF_2025,https://askebsa.dol.gov/FOIA%20Files/2025/Latest/F_5500_SF_2025_Latest.zip,2db4677bd93455ccc082d378fdd56594ac90ca0fc6f2da1639a15aea8ed3e94d
biz-709,760555263-001,medium,"sponsor name 'DAVE LANE AIR CONDITIONING, INC' matches; sponsor ZIP corroborates (HOUSTON TX 77086)",5500-SF,2025,20260720143313NAL0007105427001,"DAVE LANE AIR CONDITIONING, INC 401(K) PLAN","DAVE LANE AIR CONDITIONING, INC",,760555263,TX,2025-01-01,2025-12-31,2026-07-20,16,2G 2F 2J 2E 2K 2T,2G2F3D2J2E2K2T,0,0,FILING_RECEIVED,DOL_FORM_5500_SF_2025,https://askebsa.dol.gov/FOIA%20Files/2025/Latest/F_5500_SF_2025_Latest.zip,2db4677bd93455ccc082d378fdd56594ac90ca0fc6f2da1639a15aea8ed3e94d
biz-270,460730674-001,medium,"sponsor name 'TW MECHANICAL LLC' matches; sponsor address corroborates (1005 AIRLINE DR STE A, KATY TX 774932529)",5500-SF,2025,20260714100739NAL0001303281001,TW MECHANICAL LLC 401(K) PROFIT SHARING PLAN & TRUST,TW MECHANICAL LLC,,460730674,TX,2025-01-01,2025-12-31,2026-07-14,38,2E 2F 2G 2J 2K 2S 2T,2E2F2G2J2K2S2T3D3H,0,0,FILING_RECEIVED,DOL_FORM_5500_SF_2025,https://askebsa.dol.gov/FOIA%20Files/2025/Latest/F_5500_SF_2025_Latest.zip,2db4677bd93455ccc082d378fdd56594ac90ca0fc6f2da1639a15aea8ed3e94d
biz-561,760440723-001,high,"sponsor EIN 760440723 equals FEIN embedded in verified Texas taxpayer number; sponsor name 'PRECISE TECHNICAL SERVICES, INC.' matches; sponsor address corroborates (18616 KLEIN CHURCH RD, SPRING TX 77379)",5500-SF,2025,20260714091318NAL0001629088001,PRECISE TECHNICAL SERVICES 401(K) PLAN,"PRECISE TECHNICAL SERVICES, INC.",,760440723,TX,2025-01-01,2025-12-31,2026-07-14,37,2A 2E 2F 2G 2J 2S 2T,2A2E2F2G2J2S2T3D,0,0,FILING_RECEIVED,DOL_FORM_5500_SF_2025,https://askebsa.dol.gov/FOIA%20Files/2025/Latest/F_5500_SF_2025_Latest.zip,2db4677bd93455ccc082d378fdd56594ac90ca0fc6f2da1639a15aea8ed3e94d
biz-519,820969851-001,low (review),"sponsor name 'SHAFER-ANDERSON HOLDINGS LLC' matches; sponsor address differs (3800 SAN PEDRO AVE, SAN ANTONIO TX 78230)",5500-SF,2025,20260731121229NAL0037722306001,SHAFER SERVICES 401(K) PLAN,SHAFER-ANDERSON HOLDINGS LLC,,820969851,TX,2025-01-01,2025-12-31,2026-07-31,53,2E 2F 2G 2H 2J 2K 2S 2T,2E2F2G2H2J2K2S2T3D,0,0,FILING_RECEIVED,DOL_FORM_5500_SF_2025,https://askebsa.dol.gov/FOIA%20Files/2025/Latest/F_5500_SF_2025_Latest.zip,2db4677bd93455ccc082d378fdd56594ac90ca0fc6f2da1639a15aea8ed3e94d
biz-568,452904077-001,medium,"sponsor name 'PRO SERVE PLUMBING, LLC' matches; sponsor address corroborates (11255 CAMP BOWIE BLVD W, ALEDO TX 76008)",5500-SF,2025,20260731183014NAL0031001104001,"PRO SERVE PLUMBING, LLC 401(K) PLAN","PRO SERVE PLUMBING, LLC",,452904077,TX,2025-01-01,2025-12-31,2026-07-31,25,2E 2F 2G 2H 2J 2S 2T,2E2F2G2H2J2S2T3D,0,0,FILING_RECEIVED,DOL_FORM_5500_SF_2025,https://askebsa.dol.gov/FOIA%20Files/2025/Latest/F_5500_SF_2025_Latest.zip,2db4677bd93455ccc082d378fdd56594ac90ca0fc6f2da1639a15aea8ed3e94d
biz-051,811666929-001,low (review),"sponsor name 'AIR INNOVATIONS, INC' matches; sponsor address differs (5000 CY AVE, CASPER WY 82604)",5500-SF,2025,20260728090505NAL0017172547001,"AIR INNOVATIONS, INC 401(K) PLAN","AIR INNOVATIONS, INC",,811666929,WY,2025-01-01,2025-12-31,2026-07-28,34,2S 2E 2G 2J 2K 2F 2T,2S2E3D2G2J2K2F2T,0,0,FILING_RECEIVED,DOL_FORM_5500_SF_2025,https://askebsa.dol.gov/FOIA%20Files/2025/Latest/F_5500_SF_2025_Latest.zip,2db4677bd93455ccc082d378fdd56594ac90ca0fc6f2da1639a15aea8ed3e94d
biz-402,752799302-001,low (review),"sponsor name 'MESQUITE PLUMBING' matches; sponsor address differs (P.O. BOX 360661, DALLAS TX 75336)",5500-SF,2025,20260901141738NAL0008557680001,MESQUITE PLUMBING SPIN OFF PLAN,MESQUITE PLUMBING,,752799302,TX,2026-02-27,2026-08-25,2026-09-01,0,2E 2F 2G 2J 2K,2E2F2G2J2K3D,1,0,FILING_RECEIVED,DOL_FORM_5500_SF_2025,https://askebsa.dol.gov/FOIA%20Files/2025/Latest/F_5500_SF_2025_Latest.zip,2db4677bd93455ccc082d378fdd56594ac90ca0fc6f2da1639a15aea8ed3e94d
biz-760,844737172-001,low (review),"sponsor name 'KTB SERVICES LLC' matches; sponsor address differs (20 JACKSON DR, CRANFORD NJ 07016)",5500-SF,2025,20260916050657NAL0003504576001,KTB SERVICES LLC,KTB SERVICES LLC,,844737172,NJ,2025-01-01,2025-12-31,2026-09-16,4,2E 2F 2G 2J 2K 2S 2T,2E2F2G2J2K2S2T3D,0,0,FILING_RECEIVED,DOL_FORM_5500_SF_2025,https://askebsa.dol.gov/FOIA%20Files/2025/Latest/F_5500_SF_2025_Latest.zip,2db4677bd93455ccc082d378fdd56594ac90ca0fc6f2da1639a15aea8ed3e94d
biz-450,251916261-001,medium,"sponsor name 'MURRAY PLUMBING COMPANY LLC' matches; sponsor address corroborates (4430 CENTERGATE ST, SAN ANTONIO TX 782174806)",5500-SF,2025,20260529093330NAL0018117666001,MURRAY PLUMBING COMPANY LLC 401(K) PROFIT SHARING PLAN & TRUST,MURRAY PLUMBING COMPANY LLC,,251916261,TX,2025-01-01,2025-12-31,2026-05-29,28,2A 2E 2F 2G 2J 2T,2A2E2F2G2J2T3D,0,0,FILING_RECEIVED,DOL_FORM_5500_SF_2025,https://askebsa.dol.gov/FOIA%20Files/2025/Latest/F_5500_SF_2025_Latest.zip,2db4677bd93455ccc082d378fdd56594ac90ca0fc6f2da1639a15aea8ed3e94d
biz-151,043817333-001,low (review),"sponsor name 'AIRCO, INC.' matches; sponsor address differs (255 ARNCO THIRD STREET, NEWMAN GA 30263)",5500-SF,2025,20260616163801NAL0000735075001,AIRCO 401(K) PLAN,"AIRCO, INC.",,043817333,GA,2025-01-01,2025-12-31,2026-06-16,114,2E 2F 2G 2J 2K 2S 2T,2E2F2G2J2K2S2T3D,0,0,FILING_RECEIVED,DOL_FORM_5500_SF_2025,https://askebsa.dol.gov/FOIA%20Files/2025/Latest/F_5500_SF_2025_Latest.zip,2db4677bd93455ccc082d378fdd56594ac90ca0fc6f2da1639a15aea8ed3e94d
biz-346,741609382-001,high,"sponsor EIN 741609382 equals FEIN embedded in verified Texas taxpayer number; sponsor name 'ROESSLER EQUIPMENT COMPANY INC' matches; sponsor address corroborates (5805 SCHUMACHER LN, HOUSTON TX 77057)",5500-SF,2025,20260605151820NAL0004619394001,ROESSLER EQUIPMENT COMPANY INC 401(K) PLAN,ROESSLER EQUIPMENT COMPANY INC,,741609382,TX,2025-09-01,2025-12-31,2026-06-05,49,2E 2F 2G 2J 2K 2S 2T,2E2F2G2J2K2S2T3D,0,0,FILING_RECEIVED,DOL_FORM_5500_SF_2025,https://askebsa.dol.gov/FOIA%20Files/2025/Latest/F_5500_SF_2025_Latest.zip,2db4677bd93455ccc082d378fdd56594ac90ca0fc6f2da1639a15aea8ed3e94d
biz-136,270603612-001,medium,"sponsor name 'AIR TECH BRAZOS VALLEY AC & HEATING SERVICE INC.' matches; sponsor address corroborates (4889 ELMO WEEDON ROAD, COLLEGE STATION TX 77845)",5500-SF,2025,20260903091357NAL0010587185001,AIR TECH BRAZOS VALLEY 401(K) PLAN,AIR TECH BRAZOS VALLEY AC & HEATING SERVICE INC.,,270603612,TX,2025-01-01,2025-12-31,2026-09-03,17,2A 2E 2J 2F 2G 2K 2S 2T,2A2E2J2F2G2K2S2T3D,0,0,FILING_RECEIVED,DOL_FORM_5500_SF_2025,https://askebsa.dol.gov/FOIA%20Files/2025/Latest/F_5500_SF_2025_Latest.zip,2db4677bd93455ccc082d378fdd56594ac90ca0fc6f2da1639a15aea8ed3e94d
biz-591,471689240-001,medium,"sponsor name 'TRIO FIRE SYSTEMS' matches; sponsor address corroborates (1138 S CEDAR RIDGE DR, DUNCANVILLE TX 75137)",5500-SF,2025,20260410061325NAL0013306673001,TRIO FIRE SYSTEMS 401K PLAN,TRIO FIRE SYSTEMS,,471689240,TX,2025-01-01,2025-12-31,2026-04-10,9,2E 2F 2G 2J 2K 2S 2T,2E2F2G2J2K2S2T3D,0,0,FILING_RECEIVED,DOL_FORM_5500_SF_2025,https://askebsa.dol.gov/FOIA%20Files/2025/Latest/F_5500_SF_2025_Latest.zip,2db4677bd93455ccc082d378fdd56594ac90ca0fc6f2da1639a15aea8ed3e94d
biz-782,472885633-001,medium,"sponsor name 'EVERFLOW PLUMBING, LLC' matches; sponsor ZIP corroborates (ROYSE CITY TX 75189)",5500-SF,2025,20260527115417NAL0004991139002,EVERFLOW PLUMBING 401(K) PLAN,"EVERFLOW PLUMBING, LLC",,472885633,TX,2025-01-01,2025-12-31,2026-05-27,30,2A 2E 2F 2G 2J 2K 2S 2T,2A2E2F2G2J2K2S2T3D,0,0,FILING_RECEIVED,DOL_FORM_5500_SF_2025,https://askebsa.dol.gov/FOIA%20Files/2025/Latest/F_5500_SF_2025_Latest.zip,2db4677bd93455ccc082d378fdd56594ac90ca0fc6f2da1639a15aea8ed3e94d
