biz_id,stage,reason,candidate_id,candidate_name,candidate_date,confidence,evidence,url
biz-005,texas_registration,name match without street/ZIP corroboration,17525652370,"JF FILTRATION, INC.",10/12/1994,low,"exact legal name incl. entity suffix: TX 'JF FILTRATION, INC.'; no address corroboration (TX address 3412 MCCALL LN, AUSTIN TX 78744)",https://data.texas.gov/resource/9cir-efmm.json?taxpayer_number=17525652370
biz-013,texas_registration,name match without street/ZIP corroboration,17513321657,"AUTOMATIC FIRE PROTECTION, LLC",05/01/2024,low,"legal name match (entity suffix ignored): TX 'AUTOMATIC FIRE PROTECTION, LLC'; no address corroboration (TX address 630 INTERNATIONAL PKWY STE 100, RICHARDSON TX 75081); entity type differs (PPP 'corp' vs TX 'llc'): possible conversion/successor, charter date may not cover the PPP entity",https://data.texas.gov/resource/9cir-efmm.json?taxpayer_number=17513321657
biz-013,texas_registration,name match without street/ZIP corroboration,32039417657,"AUTOMATIC FIRE PROTECTION PROPERTY MANAGEMENT, LLC",04/28/2009,low,"same street+ZIP, similar name (token overlap 0.60): TX 'AUTOMATIC FIRE PROTECTION PROPERTY MANAGEMENT, LLC'; street address corroborates: TX '4582 CHRISTOVAL RD, SAN ANGELO 76904'",https://data.texas.gov/resource/9cir-efmm.json?taxpayer_number=32039417657
biz-013,pension,sponsor name or EIN match without corroboration,751332165-001,"AUTOMATIC FIRE PROTECTION, LLC.",2024-01-01,low,"sponsor name 'AUTOMATIC FIRE PROTECTION, LLC.' matches; sponsor address differs (P. O. BOX 1551, SAN ANGELO TX 76902)",https://askebsa.dol.gov/FOIA%20Files/2024/Latest/F_5500_2024_Latest.zip
biz-016,texas_registration,name match without street/ZIP corroboration,17514394505,"HOWARD'S MECHANICAL CO., INC.",01/07/1974,low,"legal name match (entity suffix ignored): TX 'HOWARD'S MECHANICAL CO., INC.'; city only (AMARILLO); street and ZIP differ",https://data.texas.gov/resource/9cir-efmm.json?taxpayer_number=17514394505
biz-018,texas_registration,name match without street/ZIP corroboration,17602415246,"A & T PLUMBING CO., INC.",02/03/1988,low,"legal name match (entity suffix ignored): TX 'A & T PLUMBING CO., INC.'; city only (HOUSTON); street and ZIP differ",https://data.texas.gov/resource/9cir-efmm.json?taxpayer_number=17602415246
biz-018,pension,sponsor name or EIN match without corroboration,571063633-001,A&T PLUMBING INC,2024-01-01,low,"sponsor name 'A&T PLUMBING INC' matches; sponsor address differs (218 GLENRIDGE CT, COLUMBIA SC 292128201)",https://askebsa.dol.gov/FOIA%20Files/2024/Latest/F_5500_SF_2024_Latest.zip
biz-018,pension,sponsor name or EIN match without corroboration,571063633-001,A&T PLUMBING INC,2025-01-01,low,"sponsor name 'A&T PLUMBING INC' matches; sponsor address differs (218 GLENRIDGE CT, COLUMBIA SC 29212)",https://askebsa.dol.gov/FOIA%20Files/2025/Latest/F_5500_SF_2025_Latest.zip
biz-019,texas_registration,name match without street/ZIP corroboration,32036672239,"CENTRAL TEXAS PLUMBING SOLUTIONS, INC.",08/18/2022,low,"legal name match (entity suffix ignored): TX 'CENTRAL TEXAS PLUMBING SOLUTIONS, INC.'; city only (WACO); street and ZIP differ",https://data.texas.gov/resource/9cir-efmm.json?taxpayer_number=32036672239
biz-022,pension,sponsor name or EIN match without corroboration,660734435-001,AC TECHNICAL SERVICES CORP,2024-01-01,low,"sponsor name 'AC TECHNICAL SERVICES CORP' matches; sponsor address differs (URB LOS PAISAJES, LUQUILLO PR 00773)",https://askebsa.dol.gov/FOIA%20Files/2024/Latest/F_5500_2024_Latest.zip
biz-033,pension,sponsor name or EIN match without corroboration,911346429-002,"UNITED PLUMBING, INC.",2024-01-01,low,"sponsor name 'UNITED PLUMBING, INC.' / DBA 'UNITED PLUMBING' matches; sponsor address differs (14751 N KELSEY ST., MONROE WA 98272)",https://askebsa.dol.gov/FOIA%20Files/2024/Latest/F_5500_SF_2024_Latest.zip
biz-035,texas_registration,name match without street/ZIP corroboration,17430013502,BRACKEN PLUMBING INC.,05/07/2001,low,"exact legal name incl. entity suffix: TX 'BRACKEN PLUMBING INC.'; no address corroboration (TX address 23830 WELLINGTON COURT BLVD, SPRING TX 77389)",https://data.texas.gov/resource/9cir-efmm.json?taxpayer_number=17430013502
biz-036,texas_registration,name match without street/ZIP corroboration,32066614358,SARIF LLC,03/21/2018,low,"exact legal name incl. entity suffix: TX 'SARIF LLC'; no address corroboration (TX address 7266 MOSS RIDGE RD, ALLEN TX 75002)",https://data.texas.gov/resource/9cir-efmm.json?taxpayer_number=32066614358
biz-043,texas_registration,name match without street/ZIP corroboration,17526583954,"WELDON CONTRACTORS, LLC",12/05/2009,low,"exact legal name incl. entity suffix: TX 'WELDON CONTRACTORS, LLC'; no address corroboration (TX address 3100 E RANDOL MILL RD, ARLINGTON TX 76011)",https://data.texas.gov/resource/9cir-efmm.json?taxpayer_number=17526583954
biz-044,texas_registration,name match without street/ZIP corroboration,32095793710,"KCA, LLC",07/02/2024,low,"legal name match (entity suffix ignored): TX 'KCA, LLC'; no address corroboration (TX address 3200 S ONG ST, AMARILLO TX 79109); entity type differs (PPP 'corp' vs TX 'llc'): possible conversion/successor, charter date may not cover the PPP entity",https://data.texas.gov/resource/9cir-efmm.json?taxpayer_number=32095793710
biz-050,texas_registration,name match without street/ZIP corroboration,32052613398,"UGOTEM, LLC",12/04/2013,low,"legal name match (entity suffix ignored): TX 'UGOTEM, LLC'; ZIP 76065 corroborates (street differs: TX 'PO BOX 1684')",https://data.texas.gov/resource/9cir-efmm.json?taxpayer_number=32052613398
biz-051,pension,sponsor name or EIN match without corroboration,811666929-001,"AIR INNOVATIONS, INC",2025-01-01,low,"sponsor name 'AIR INNOVATIONS, INC' matches; sponsor address differs (5000 CY AVE, CASPER WY 82604)",https://askebsa.dol.gov/FOIA%20Files/2025/Latest/F_5500_SF_2025_Latest.zip
biz-054,texas_registration,name match without street/ZIP corroboration,17428039972,"COX PLUMBING, CO.",12/12/1996,low,"exact legal name incl. entity suffix: TX 'COX PLUMBING, CO.'; no address corroboration (TX address PO BOX 342167, AUSTIN TX 78734)",https://data.texas.gov/resource/9cir-efmm.json?taxpayer_number=17428039972
biz-062,texas_registration,name match without street/ZIP corroboration,13000696107,"COMFORT TECHNOLOGIES, L.L.C.",04/17/2002,low,"exact legal name incl. entity suffix: TX 'COMFORT TECHNOLOGIES, L.L.C.'; no address corroboration (TX address PO BOX 150434, ARLINGTON TX 76015)",https://data.texas.gov/resource/9cir-efmm.json?taxpayer_number=13000696107
biz-064,texas_registration,name match without street/ZIP corroboration,32063616349,TCS MECHANICAL LLC,05/01/2017,low,"exact legal name incl. entity suffix: TX 'TCS MECHANICAL LLC'; no address corroboration (TX address 260 LA REATA TRL, SMITHVILLE TX 78957)",https://data.texas.gov/resource/9cir-efmm.json?taxpayer_number=32063616349
biz-064,pension,sponsor name or EIN match without corroboration,821370070-001,TCS MECHANICAL LLC,2024-01-01,low,"sponsor name 'TCS MECHANICAL LLC' matches; sponsor address differs (P.O BOX 2096, BASTROP TX 78602)",https://askebsa.dol.gov/FOIA%20Files/2024/Latest/F_5500_SF_2024_Latest.zip
biz-064,pension,sponsor name or EIN match without corroboration,821370070-001,TCS MECHANICAL LLC,2025-01-01,low,"sponsor name 'TCS MECHANICAL LLC' matches; sponsor address differs (P.O BOX 2096, BASTROP TX 78602)",https://askebsa.dol.gov/FOIA%20Files/2025/Latest/F_5500_SF_2025_Latest.zip
biz-066,texas_registration,name match without street/ZIP corroboration,32053858042,"MDS MAINTENANCE, LLC",04/23/2014,low,"exact legal name incl. entity suffix: TX 'MDS MAINTENANCE, LLC'; no address corroboration (TX address 5900 BALCONES DR # 5943, AUSTIN TX 78731)",https://data.texas.gov/resource/9cir-efmm.json?taxpayer_number=32053858042
biz-082,texas_registration,name match without street/ZIP corroboration,32038832138,"360 ENERGY SAVERS, LLC.",02/05/2009,low,"exact legal name incl. entity suffix: TX '360 ENERGY SAVERS, LLC.'; no address corroboration (TX address PO BOX 18866, AUSTIN TX 78760)",https://data.texas.gov/resource/9cir-efmm.json?taxpayer_number=32038832138
biz-083,pension,sponsor name or EIN match without corroboration,850801737-001,M & S MECHANICAL LLC,2024-01-01,low,"sponsor name 'M & S MECHANICAL LLC' matches; sponsor address differs (730 OSBORN RD, NAUGATUCK CT 06770)",https://askebsa.dol.gov/FOIA%20Files/2024/Latest/F_5500_SF_2024_Latest.zip
biz-083,pension,sponsor name or EIN match without corroboration,850801737-001,M & S MECHANICAL LLC,2025-01-01,low,"sponsor name 'M & S MECHANICAL LLC' matches; sponsor address differs (730 OSBORN RD, NAUGATUCK CT 06770)",https://askebsa.dol.gov/FOIA%20Files/2025/Latest/F_5500_SF_2025_Latest.zip
biz-084,texas_registration,name match without street/ZIP corroboration,17604523187,"E & M PLUMBING, LTD.",01/01/2003,low,"exact legal name incl. entity suffix: TX 'E & M PLUMBING, LTD.'; no address corroboration (TX address 11610 SENDERA LN, RICHMOND TX 77407)",https://data.texas.gov/resource/9cir-efmm.json?taxpayer_number=17604523187
biz-084,pension,sponsor name or EIN match without corroboration,430703162-001,"E&M PLUMBING COMPANY, INC.",2024-01-01,low,"sponsor name 'E&M PLUMBING COMPANY, INC.' matches; sponsor address differs (101 DREYER AVENUE, EUREKA MO 63025)",https://askebsa.dol.gov/FOIA%20Files/2024/Latest/F_5500_SF_2024_Latest.zip
biz-084,pension,sponsor name or EIN match without corroboration,430703162-001,"E&M PLUMBING COMPANY, INC.",2025-01-01,low,"sponsor name 'E&M PLUMBING COMPANY, INC.' matches; sponsor address differs (101 DREYER AVENUE, EUREKA MO 63025)",https://askebsa.dol.gov/FOIA%20Files/2025/Latest/F_5500_SF_2025_Latest.zip
biz-086,pension,sponsor name or EIN match without corroboration,811161073-001,AIR CRAFT INC.,2024-01-01,low,"sponsor name 'AIR CRAFT INC.' matches; sponsor address differs (2689 CITRUS ROAD, SUITE C, RANCHO CORDOVA CA 95742)",https://askebsa.dol.gov/FOIA%20Files/2024/Latest/F_5500_SF_2024_Latest.zip
biz-086,pension,sponsor name or EIN match without corroboration,811161073-001,AIR CRAFT INC.,2025-01-01,low,"sponsor name 'AIR CRAFT INC.' matches; sponsor address differs (2689 CITRUS ROAD, SUITE C, RANCHO CORDOVA CA 95742)",https://askebsa.dol.gov/FOIA%20Files/2025/Latest/F_5500_SF_2025_Latest.zip
biz-087,texas_registration,"same address, similar but not equal name",17526257443,"PATRICK PLUMBING SERVICE, LLC",12/13/2025,low,"same street+ZIP, similar name (token overlap 0.50): TX 'PATRICK PLUMBING SERVICE, LLC'; street address corroborates: TX '1602 S MONROE ST, AMARILLO 79102'",https://data.texas.gov/resource/9cir-efmm.json?taxpayer_number=17526257443
biz-088,texas_registration,"same address, similar but not equal name",32064284568,LIGHTFOOT MECHANICAL HOME SERVICES LLC,07/11/2017,low,"same street+ZIP, similar name (token overlap 0.50): TX 'LIGHTFOOT MECHANICAL HOME SERVICES LLC'; street address corroborates: TX '1026 FORT WORTH HWY, WEATHERFORD 76086'",https://data.texas.gov/resource/9cir-efmm.json?taxpayer_number=32064284568
biz-092,pension,sponsor name or EIN match without corroboration,752880667-001,"WELLBORN MECHANICAL SERVICES, INC.",2025-01-01,low,"sponsor name 'WELLBORN MECHANICAL SERVICES, INC.' matches; sponsor address differs (9045 US 259, LONGVIEW TX 75605)",https://askebsa.dol.gov/FOIA%20Files/2025/Latest/F_5500_SF_2025_Latest.zip
biz-095,texas_registration,name match without street/ZIP corroboration,17528922200,"MECHANICAL PARTNERS, INC.",05/25/2000,low,"exact legal name incl. entity suffix: TX 'MECHANICAL PARTNERS, INC.'; no address corroboration (TX address 3541 W MILLER RD, GARLAND TX 75041)",https://data.texas.gov/resource/9cir-efmm.json?taxpayer_number=17528922200
biz-095,pension,sponsor name or EIN match without corroboration,752892220-001,"MECHANICAL PARTNERS, INC.",2024-01-01,low,"sponsor name 'MECHANICAL PARTNERS, INC.' matches; sponsor address differs (3541 W MILLER RD, GARLAND TX 75041)",https://askebsa.dol.gov/FOIA%20Files/2024/Latest/F_5500_SF_2024_Latest.zip
biz-095,pension,sponsor name or EIN match without corroboration,752892220-001,"MECHANICAL PARTNERS, INC.",2025-01-01,low,"sponsor name 'MECHANICAL PARTNERS, INC.' matches; sponsor address differs (3541 W MILLER RD, GARLAND TX 75041)",https://askebsa.dol.gov/FOIA%20Files/2025/Latest/F_5500_SF_2025_Latest.zip
biz-097,texas_registration,name match without street/ZIP corroboration,12013012757,"PJC AIR CONDITIONING AND PLUMBING, LLC",06/02/2004,low,"legal name match (entity suffix ignored): TX 'PJC AIR CONDITIONING AND PLUMBING, LLC'; no address corroboration (TX address 685 ENTERPRISE BLVD, HEWITT TX 76643)",https://data.texas.gov/resource/9cir-efmm.json?taxpayer_number=12013012757
biz-098,texas_registration,"same address, similar but not equal name",32050039760,"LSC CONTRACTING, LIMITED LIABILITY COMPANY",01/25/2013,low,"same street+ZIP, similar name (token overlap 0.50): TX 'LSC CONTRACTING, LIMITED LIABILITY COMPANY'; street address corroborates: TX '1725 COX LN, SAN ANGELO 76903'",https://data.texas.gov/resource/9cir-efmm.json?taxpayer_number=32050039760
biz-107,texas_registration,name match without street/ZIP corroboration,32099478995,"DALLAS PLUMBING, LLC",03/25/2025,low,"legal name match (entity suffix ignored): TX 'DALLAS PLUMBING, LLC'; no address corroboration (TX address 60 E 42ND ST STE 5230, NEW YORK NY 10165); entity type differs (PPP 'corp' vs TX 'llc'): possible conversion/successor, charter date may not cover the PPP entity",https://data.texas.gov/resource/9cir-efmm.json?taxpayer_number=32099478995
biz-110,texas_registration,"same address, similar but not equal name",17427406727,"MIKE STAAS SERVICES, INC.",03/24/1995,low,"same street+ZIP, similar name (token overlap 0.50): TX 'MIKE STAAS SERVICES, INC.'; street address corroborates: TX '4914 FORT AVE, WACO 76710'",https://data.texas.gov/resource/9cir-efmm.json?taxpayer_number=17427406727
biz-115,texas_registration,name match without street/ZIP corroboration,17529679965,"CURLY'S PLUMBING & BIG BLADE SEWER SERVICE, INC.",12/03/2001,low,"legal name match (entity suffix ignored): TX 'CURLY'S PLUMBING & BIG BLADE SEWER SERVICE, INC.'; no address corroboration (TX address 1002 E 2ND ST, CLEBURNE TX 76031)",https://data.texas.gov/resource/9cir-efmm.json?taxpayer_number=17529679965
biz-118,texas_registration,name match without street/ZIP corroboration,32018741242,"RADIANT PLUMBING SERVICE, LLC",11/19/2020,low,"legal name match (entity suffix ignored): TX 'RADIANT PLUMBING SERVICE, LLC'; city only (AUSTIN); street and ZIP differ; entity type differs (PPP 'corp' vs TX 'llc'): possible conversion/successor, charter date may not cover the PPP entity",https://data.texas.gov/resource/9cir-efmm.json?taxpayer_number=32018741242
biz-120,texas_registration,"same address, similar but not equal name",17427512243,"SCHNEIDER'S REFRIGERATION & APPLIANCE SERVICE, LLC",11/10/2022,low,"same street+ZIP, similar name (token overlap 0.67): TX 'SCHNEIDER'S REFRIGERATION & APPLIANCE SERVICE, LLC'; street address corroborates: TX '684 FM 2093, FREDERICKSBRG 78624'",https://data.texas.gov/resource/9cir-efmm.json?taxpayer_number=17427512243
biz-123,texas_registration,name match without street/ZIP corroboration,32062506061,"THE AC HERO, LLC",01/06/2017,low,"exact legal name incl. entity suffix: TX 'THE AC HERO, LLC'; no address corroboration (TX address 400 LAS COLINAS BLVD E STE 220, IRVING TX 75039)",https://data.texas.gov/resource/9cir-efmm.json?taxpayer_number=32062506061
biz-125,texas_registration,name match without street/ZIP corroboration,17515128720,"PITHER PLUMBING CO., INC.",05/03/1976,low,"legal name match (entity suffix ignored): TX 'PITHER PLUMBING CO., INC.'; ZIP 75601 corroborates (street differs: TX '310 W METHVIN ST')",https://data.texas.gov/resource/9cir-efmm.json?taxpayer_number=17515128720
biz-131,texas_registration,name match without street/ZIP corroboration,12001045868,"RSMS MECHANICAL SERVICES, LLC",07/21/2003,low,"exact legal name incl. entity suffix: TX 'RSMS MECHANICAL SERVICES, LLC'; no address corroboration (TX address 1717 W AVENUE C, TEMPLE TX 76504)",https://data.texas.gov/resource/9cir-efmm.json?taxpayer_number=12001045868
biz-132,texas_registration,"same address, similar but not equal name",32038597897,"STRICKLAND PLUMBING HVAC & ELECTRIC, INC.",01/02/2009,low,"same street+ZIP, similar name (token overlap 0.80): TX 'STRICKLAND PLUMBING HVAC & ELECTRIC, INC.'; street address corroborates: TX '1510 ATKINSON DR, LUFKIN 75901'",https://data.texas.gov/resource/9cir-efmm.json?taxpayer_number=32038597897
biz-138,texas_registration,"same address, similar but not equal name",32001173544,"KINGS AIRE MANAGEMENT, L.L.C.",12/18/1998,low,"same street+ZIP, similar name (token overlap 0.67): TX 'KINGS AIRE MANAGEMENT, L.L.C.'; street address corroborates: TX '1035 KESSLER DR, EL PASO 79907'",https://data.texas.gov/resource/9cir-efmm.json?taxpayer_number=32001173544
biz-138,texas_registration,"same address, similar but not equal name",32036244773,"KINGS AIRE PROPERTIES, LTD.",12/18/1998,low,"same street+ZIP, similar name (token overlap 0.67): TX 'KINGS AIRE PROPERTIES, LTD.'; street address corroborates: TX '1035 KESSLER DR, EL PASO 79907'",https://data.texas.gov/resource/9cir-efmm.json?taxpayer_number=32036244773
biz-138,texas_registration,"same address, similar but not equal name",32105334497,"KINGS AIRE AND PLUMBING, LLC",04/06/2026,low,"same street+ZIP, similar name (token overlap 0.50): TX 'KINGS AIRE AND PLUMBING, LLC'; street address corroborates: TX '1035 KESSLER DR, EL PASO 79907'",https://data.texas.gov/resource/9cir-efmm.json?taxpayer_number=32105334497
biz-144,texas_registration,name match without street/ZIP corroboration,17427320142,"SHELTON PLUMBING, INC.",12/29/1994,low,"exact legal name incl. entity suffix: TX 'SHELTON PLUMBING, INC.'; no address corroboration (TX address PO BOX 24220, WACO TX 76702)",https://data.texas.gov/resource/9cir-efmm.json?taxpayer_number=17427320142
biz-145,pension,sponsor name or EIN match without corroboration,061543096-001,"AIR SOLUTIONS, INC.",2024-01-01,low,"sponsor name 'AIR SOLUTIONS, INC.' matches; sponsor address differs (430 FAIRFIELD AVENUE, STAMFORD CT 06902)",https://askebsa.dol.gov/FOIA%20Files/2024/Latest/F_5500_SF_2024_Latest.zip
biz-145,pension,sponsor name or EIN match without corroboration,473838540-001,"AIR SOLUTIONS, LLC",2024-01-01,low,"sponsor name 'AIR SOLUTIONS, LLC' matches; sponsor address differs (703 SANDOVAL WAY, HAYWARD CA 94544)",https://askebsa.dol.gov/FOIA%20Files/2024/Latest/F_5500_SF_2024_Latest.zip
biz-145,pension,sponsor name or EIN match without corroboration,061543096-001,"AIR SOLUTIONS, INC.",2025-01-01,low,"sponsor name 'AIR SOLUTIONS, INC.' matches; sponsor address differs (430 FAIRFIELD AVENUE, STAMFORD CT 06902)",https://askebsa.dol.gov/FOIA%20Files/2025/Latest/F_5500_SF_2025_Latest.zip
biz-151,pension,sponsor name or EIN match without corroboration,043817333-001,"AIRCO, INC.",2025-01-01,low,"sponsor name 'AIRCO, INC.' matches; sponsor address differs (255 ARNCO THIRD STREET, NEWMAN GA 30263)",https://askebsa.dol.gov/FOIA%20Files/2025/Latest/F_5500_SF_2025_Latest.zip
biz-152,texas_registration,name match without street/ZIP corroboration,17527650554,"TEMPO, INC.",07/31/1998,low,"exact legal name incl. entity suffix: TX 'TEMPO, INC.'; city only (IRVING); street and ZIP differ",https://data.texas.gov/resource/9cir-efmm.json?taxpayer_number=17527650554
biz-152,texas_registration,name match without street/ZIP corroboration,32012267053,"TEMPO HVAC, INC.",09/04/2003,low,"same street+ZIP, similar name (token overlap 0.50): TX 'TEMPO HVAC, INC.'; street address corroborates: TX '911 MARYLAND DR, IRVING 75061'",https://data.texas.gov/resource/9cir-efmm.json?taxpayer_number=32012267053
biz-152,texas_registration,name match without street/ZIP corroboration,32098552352,TEMPO CORP,01/27/2025,low,"legal name match (entity suffix ignored): TX 'TEMPO CORP'; no address corroboration (TX address 2712 TWOCOURTS WAY, SCHERTZ TX 78154)",https://data.texas.gov/resource/9cir-efmm.json?taxpayer_number=32098552352
biz-153,texas_registration,"same address, similar but not equal name",17412401246,"A. J. MONIER & CO., INC.",09/29/2005,low,"same street+ZIP, similar name (token overlap 0.50): TX 'A. J. MONIER & CO., INC.'; street address corroborates: TX '1446 N FLORES ST, SAN ANTONIO 78212'",https://data.texas.gov/resource/9cir-efmm.json?taxpayer_number=17412401246
biz-154,texas_registration,name match without street/ZIP corroboration,32041668958,"SUMMIT MECHANICAL, LLC",04/16/2010,low,"exact legal name incl. entity suffix: TX 'SUMMIT MECHANICAL, LLC'; no address corroboration (TX address PO BOX 1310, PARIS TX 75461)",https://data.texas.gov/resource/9cir-efmm.json?taxpayer_number=32041668958
biz-154,pension,sponsor name or EIN match without corroboration,462303503-001,SUMMIT MECHANICAL LLC,2024-01-01,low,"sponsor name 'SUMMIT MECHANICAL LLC' matches; sponsor address differs (7312 NW 164TH ST STE 104, EDMOND OK 730139055)",https://askebsa.dol.gov/FOIA%20Files/2024/Latest/F_5500_SF_2024_Latest.zip
biz-154,pension,sponsor name or EIN match without corroboration,261290248-001,"SUMMIT MECHANICAL, INC.",2024-01-01,low,"sponsor name 'SUMMIT MECHANICAL, INC.' matches; sponsor address differs (304 CARSON DR., BEAR DE 19701)",https://askebsa.dol.gov/FOIA%20Files/2024/Latest/F_5500_SF_2024_Latest.zip
biz-154,pension,sponsor name or EIN match without corroboration,461397847-001,"SUMMIT MECHANICAL, INC.",2024-01-01,low,"sponsor name 'SUMMIT MECHANICAL, INC.' matches; sponsor address differs (5324 ALGOA RD, JEFFERSON CITY MO 65101)",https://askebsa.dol.gov/FOIA%20Files/2024/Latest/F_5500_SF_2024_Latest.zip
biz-154,pension,sponsor name or EIN match without corroboration,463047922-001,SUMMIT MECHANICAL LLC,2024-01-01,low,"sponsor name 'SUMMIT MECHANICAL LLC' matches; sponsor address differs (9611 TRATTORIA STREET, LAS VEGAS NV 91788)",https://askebsa.dol.gov/FOIA%20Files/2024/Latest/F_5500_SF_2024_Latest.zip
biz-154,pension,sponsor name or EIN match without corroboration,061778760-001,SUMMIT MECHANICAL,2024-01-01,low,"sponsor name 'SUMMIT MECHANICAL' matches; sponsor address differs (6804 19 1/2 MILE ROAD, STERLING HEIGHTS MI 48314)",https://askebsa.dol.gov/FOIA%20Files/2024/Latest/F_5500_SF_2024_Latest.zip
biz-154,pension,sponsor name or EIN match without corroboration,461397847-001,"SUMMIT MECHANICAL, INC.",2025-01-01,low,"sponsor name 'SUMMIT MECHANICAL, INC.' matches; sponsor address differs (5324 ALGOA RD, JEFFERSON CITY MO 65101)",https://askebsa.dol.gov/FOIA%20Files/2025/Latest/F_5500_SF_2025_Latest.zip
biz-160,texas_registration,name match without street/ZIP corroboration,11342353692,"PLUMBCO SERVICES, INC.",07/01/2014,low,"exact legal name incl. entity suffix: TX 'PLUMBCO SERVICES, INC.'; no address corroboration (TX address 4700 MANSFIELD HWY STE B, FOREST HILL TX 76119)",https://data.texas.gov/resource/9cir-efmm.json?taxpayer_number=11342353692
biz-163,texas_registration,name match without street/ZIP corroboration,32012004514,MOMENTUM MECHANICAL INC.,08/06/2003,low,"exact legal name incl. entity suffix: TX 'MOMENTUM MECHANICAL INC.'; no address corroboration (TX address 136 HARMON RD, HURST TX 76053)",https://data.texas.gov/resource/9cir-efmm.json?taxpayer_number=32012004514
biz-163,pension,sponsor name or EIN match without corroboration,204461500-001,MOMENTUM MECHANICAL,2024-01-01,low,"sponsor name 'MOMENTUM MECHANICAL' matches; sponsor address differs (7984 S. WELBY PARK DR. SUITE 103, WEST JORDAN UT 84088)",https://askebsa.dol.gov/FOIA%20Files/2024/Latest/F_5500_SF_2024_Latest.zip
biz-163,pension,sponsor name or EIN match without corroboration,204461500-001,MOMENTUM MECHANICAL,2025-01-01,low,"sponsor name 'MOMENTUM MECHANICAL' matches; sponsor address differs (7984 S. WELBY PARK DR. SUITE 103, WEST JORDAN UT 84088)",https://askebsa.dol.gov/FOIA%20Files/2025/Latest/F_5500_SF_2025_Latest.zip
biz-164,pension,sponsor name or EIN match without corroboration,743142748-001,EFFICIENT AIR CONDITIONING,2024-01-01,low,"sponsor name 'EFFICIENT AIR CONDITIONING' matches; sponsor address differs (73092 RAMON RD, THOUSAND PALMS CA 92276)",https://askebsa.dol.gov/FOIA%20Files/2024/Latest/F_5500_SF_2024_Latest.zip
biz-164,pension,sponsor name or EIN match without corroboration,743142748-001,EFFICIENT AIR CONDITIONING,2025-01-01,low,"sponsor name 'EFFICIENT AIR CONDITIONING' matches; sponsor address differs (73092 RAMON RD, THOUSAND PALMS CA 92276)",https://askebsa.dol.gov/FOIA%20Files/2025/Latest/F_5500_SF_2025_Latest.zip
biz-171,pension,sponsor name or EIN match without corroboration,270020628-001,"BCI MECHANICAL, INC.",2024-01-01,low,"sponsor name 'BCI MECHANICAL, INC.' matches; sponsor address differs (341 S. POPLAR, GARDNER KS 66030)",https://askebsa.dol.gov/FOIA%20Files/2024/Latest/F_5500_SF_2024_Latest.zip
biz-171,pension,sponsor name or EIN match without corroboration,270020628-001,"BCI MECHANICAL, INC.",2025-01-01,low,"sponsor name 'BCI MECHANICAL, INC.' matches; sponsor address differs (341 S. POPLAR, GARDNER KS 66030)",https://askebsa.dol.gov/FOIA%20Files/2025/Latest/F_5500_SF_2025_Latest.zip
biz-172,texas_registration,name match without street/ZIP corroboration,10436550296,"SYNERGY ENVIRONMENTAL SERVICES, L.L.C.",04/24/2002,low,"exact legal name incl. entity suffix: TX 'SYNERGY ENVIRONMENTAL SERVICES, L.L.C.'; no address corroboration (TX address PO BOX 1217, HURST TX 76053)",https://data.texas.gov/resource/9cir-efmm.json?taxpayer_number=10436550296
biz-174,texas_registration,name match without street/ZIP corroboration,17601342011,"BLUE NORTHERN AIR CONDITIONING, INC.",09/13/1984,low,"exact legal name incl. entity suffix: TX 'BLUE NORTHERN AIR CONDITIONING, INC.'; no address corroboration (TX address 10830 TRI CITY BEACH RD, BEACH CITY TX 77523)",https://data.texas.gov/resource/9cir-efmm.json?taxpayer_number=17601342011
biz-188,pension,sponsor name or EIN match without corroboration,330967171-001,"INFINITY SYSTEMS, INC.",2024-01-01,low,"sponsor name 'INFINITY SYSTEMS, INC.' matches; sponsor address differs (22715 LA PALMA AVE, YORBA LINDA CA 92887)",https://askebsa.dol.gov/FOIA%20Files/2024/Latest/F_5500_SF_2024_Latest.zip
biz-188,pension,sponsor name or EIN match without corroboration,330967171-001,"INFINITY SYSTEMS, INC",2025-01-01,low,"sponsor name 'INFINITY SYSTEMS, INC' matches; sponsor address differs (22715 LA PALMA AVE, YORBA LINDA CA 92887)",https://askebsa.dol.gov/FOIA%20Files/2025/Latest/F_5500_SF_2025_Latest.zip
biz-195,texas_registration,name match without street/ZIP corroboration,32105080389,"CYTECH HEATING AND COOLING, LLC",,low,"legal name match (entity suffix ignored): TX 'CYTECH HEATING AND COOLING, LLC'; no address corroboration (TX address 1101 MARINA VILLAGE PKWY STE 201, ALAMEDA CA 94501)",https://data.texas.gov/resource/9cir-efmm.json?taxpayer_number=32105080389
biz-202,pension,sponsor name or EIN match without corroboration,820570929-001,5F MECHANICAL,2024-01-01,low,"sponsor EIN 820570929 equals FEIN embedded in verified Texas taxpayer number; sponsor address differs (15705 BRENDA STREET, AUSTIN TX 78702)",https://askebsa.dol.gov/FOIA%20Files/2024/Latest/F_5500_SF_2024_Latest.zip
biz-202,pension,sponsor name or EIN match without corroboration,820570929-001,5F MECHANICAL,2025-01-01,low,"sponsor EIN 820570929 equals FEIN embedded in verified Texas taxpayer number; sponsor address differs (15705 BRENDA STREET, AUSTIN TX 78702)",https://askebsa.dol.gov/FOIA%20Files/2025/Latest/F_5500_SF_2025_Latest.zip
biz-203,texas_registration,name match without street/ZIP corroboration,32019229650,BILL CODY AND SONS PLUMBING COMPANY LLC,02/27/2006,low,legal name match (entity suffix ignored): TX 'BILL CODY AND SONS PLUMBING COMPANY LLC'; city only (DALLAS); street and ZIP differ,https://data.texas.gov/resource/9cir-efmm.json?taxpayer_number=32019229650
biz-209,texas_registration,name match without street/ZIP corroboration,32058993273,"COUGAR HOLDINGS, LLC",01/01/2016,low,"exact legal name incl. entity suffix: TX 'COUGAR HOLDINGS, LLC'; no address corroboration (TX address 3915 SHOPTON RD STE 100, CHARLOTTE NC 28217)",https://data.texas.gov/resource/9cir-efmm.json?taxpayer_number=32058993273
biz-213,texas_registration,name match without street/ZIP corroboration,32044328618,"CATHEDRAL PLUMBING OF TEXAS, LLC",05/25/2011,low,"exact legal name incl. entity suffix: TX 'CATHEDRAL PLUMBING OF TEXAS, LLC'; no address corroboration (TX address PO BOX 5547, FRISCO TX 75035)",https://data.texas.gov/resource/9cir-efmm.json?taxpayer_number=32044328618
biz-215,texas_registration,name match without street/ZIP corroboration,12002306426,"UNITED PLUMBING, INC.",09/15/2003,low,"legal name match (entity suffix ignored): TX 'UNITED PLUMBING, INC.'; no address corroboration (TX address PO BOX 1066, WHITEHOUSE TX 75791)",https://data.texas.gov/resource/9cir-efmm.json?taxpayer_number=12002306426
biz-215,pension,sponsor name or EIN match without corroboration,911346429-002,"UNITED PLUMBING, INC.",2024-01-01,low,"sponsor name 'UNITED PLUMBING, INC.' / DBA 'UNITED PLUMBING' matches; sponsor address differs (14751 N KELSEY ST., MONROE WA 98272)",https://askebsa.dol.gov/FOIA%20Files/2024/Latest/F_5500_SF_2024_Latest.zip
biz-219,texas_registration,name match without street/ZIP corroboration,17427755925,"TRIPLE CROSS PLUMBING AND UTILITIES, LTD.",10/23/1999,low,"exact legal name incl. entity suffix: TX 'TRIPLE CROSS PLUMBING AND UTILITIES, LTD.'; no address corroboration (TX address 652 DIETERT LN, CANYON LAKE TX 78133)",https://data.texas.gov/resource/9cir-efmm.json?taxpayer_number=17427755925
biz-219,pension,sponsor name or EIN match without corroboration,742775592-001,"TRIPLE CROSS PLUMBING & UTILITIES, LTD",2024-01-01,low,"sponsor name 'TRIPLE CROSS PLUMBING & UTILITIES, LTD' matches; sponsor address differs (652 DIETERT LANE, CANYON LAKE TX 78133)",https://askebsa.dol.gov/FOIA%20Files/2024/Latest/F_5500_SF_2024_Latest.zip
biz-219,pension,sponsor name or EIN match without corroboration,742775592-001,"TRIPLE CROSS PLUMBING & UTILITIES, LTD",2025-01-01,low,"sponsor name 'TRIPLE CROSS PLUMBING & UTILITIES, LTD' matches; sponsor address differs (652 DIETERT LANE, CANYON LAKE TX 78133)",https://askebsa.dol.gov/FOIA%20Files/2025/Latest/F_5500_SF_2025_Latest.zip
biz-228,pension,sponsor name or EIN match without corroboration,852981578-001,S AND D PLUMBING LLC,2024-01-01,low,"sponsor name 'S AND D PLUMBING LLC' matches; sponsor address differs (200 BRIDGE DR, JOPPA MD 21085)",https://askebsa.dol.gov/FOIA%20Files/2024/Latest/F_5500_SF_2024_Latest.zip
biz-228,pension,sponsor name or EIN match without corroboration,852981578-001,S AND D PLUMBING LLC,2025-01-01,low,"sponsor name 'S AND D PLUMBING LLC' matches; sponsor address differs (200 BRIDGE DR, JOPPA MD 21085)",https://askebsa.dol.gov/FOIA%20Files/2025/Latest/F_5500_SF_2025_Latest.zip
biz-229,texas_registration,"same address, similar but not equal name",32040263363,"DWD INTERNATIONAL, LLC",09/10/2009,low,"same street+ZIP, similar name (token overlap 0.67): TX 'DWD INTERNATIONAL, LLC'; street address corroborates: TX '2033 JOHANNA DR, HOUSTON 77055'",https://data.texas.gov/resource/9cir-efmm.json?taxpayer_number=32040263363
biz-230,pension,sponsor name or EIN match without corroboration,811094320-001,VICTORY FIRE PROTECTION LLC,2024-01-01,low,"sponsor name 'VICTORY FIRE PROTECTION LLC' matches; sponsor address differs (9500 W 49TH AVE UNIT B-100, WHEATRIDGE CO 80003)",https://askebsa.dol.gov/FOIA%20Files/2024/Latest/F_5500_SF_2024_Latest.zip
biz-231,texas_registration,name match without street/ZIP corroboration,32038636901,"BLACKMON, INC.",01/08/2009,low,"exact legal name incl. entity suffix: TX 'BLACKMON, INC.'; city only (BAYTOWN); street and ZIP differ",https://data.texas.gov/resource/9cir-efmm.json?taxpayer_number=32038636901
biz-231,texas_registration,name match without street/ZIP corroboration,32079598622,BLACKMON LLP,,low,"legal name match (entity suffix ignored): TX 'BLACKMON LLP'; no address corroboration (TX address 4800 KELLER SPRINGS RD APT 1234, ADDISON TX 75001); entity type differs (PPP 'corp' vs TX 'partnership'): possible conversion/successor, charter date may not cover the PPP entity",https://data.texas.gov/resource/9cir-efmm.json?taxpayer_number=32079598622
biz-231,texas_registration,name match without street/ZIP corroboration,32106318804,BLACKMON LLC,05/29/2026,low,"legal name match (entity suffix ignored): TX 'BLACKMON LLC'; no address corroboration (TX address 211 E 7TH ST STE 620, AUSTIN TX 78701); entity type differs (PPP 'corp' vs TX 'llc'): possible conversion/successor, charter date may not cover the PPP entity",https://data.texas.gov/resource/9cir-efmm.json?taxpayer_number=32106318804
biz-232,texas_registration,name match without street/ZIP corroboration,32041505333,"ROYAL AC, INC",03/24/2010,low,"exact legal name incl. entity suffix: TX 'ROYAL AC, INC'; no address corroboration (TX address 12519 FM 529 RD, HOUSTON TX 77041)",https://data.texas.gov/resource/9cir-efmm.json?taxpayer_number=32041505333
biz-234,texas_registration,name match without street/ZIP corroboration,32087143981,LEGACY PLUMBING COMPANY LLC,11/09/2022,low,"legal name match (entity suffix ignored): TX 'LEGACY PLUMBING COMPANY LLC'; no address corroboration (TX address 2767 ENGLISH CROSSING RD, BANDERA TX 78003); entity type differs (PPP 'corp' vs TX 'llc'): possible conversion/successor, charter date may not cover the PPP entity",https://data.texas.gov/resource/9cir-efmm.json?taxpayer_number=32087143981
biz-234,texas_registration,name match without street/ZIP corroboration,32106698619,LEGACY PLUMBING LLC,06/19/2026,low,"legal name match (entity suffix ignored): TX 'LEGACY PLUMBING LLC'; no address corroboration (TX address 14205 N MO PAC EXPY STE 570 # 467130, AUSTIN TX 78728); entity type differs (PPP 'corp' vs TX 'llc'): possible conversion/successor, charter date may not cover the PPP entity",https://data.texas.gov/resource/9cir-efmm.json?taxpayer_number=32106698619
biz-234,pension,sponsor name or EIN match without corroboration,821191268-001,LEGACY PLUMBING LLC,2024-01-01,low,"sponsor name 'LEGACY PLUMBING LLC' matches; sponsor address differs (3522 4TH AVE S, FARGO ND 581032224)",https://askebsa.dol.gov/FOIA%20Files/2024/Latest/F_5500_SF_2024_Latest.zip
biz-234,pension,sponsor name or EIN match without corroboration,452367006-001,LEGACY PLUMBING COMPANY,2025-01-01,low,"sponsor name 'LEGACY PLUMBING COMPANY' matches; sponsor address differs (709 BUCKHORN DR, LAKE ORION MI 483622823)",https://askebsa.dol.gov/FOIA%20Files/2024/Latest/F_5500_SF_2024_Latest.zip
biz-234,pension,sponsor name or EIN match without corroboration,452367006-001,LEGACY PLUMBING COMPANY,2024-01-01,low,"sponsor name 'LEGACY PLUMBING COMPANY' matches; sponsor address differs (709 BUCKHORN DR, LAKE ORION MI 483622823)",https://askebsa.dol.gov/FOIA%20Files/2024/Latest/F_5500_SF_2024_Latest.zip
biz-234,pension,sponsor name or EIN match without corroboration,571176287-001,"LEGACY PLUMBING COMPANY, INC.",2024-01-01,low,"sponsor name 'LEGACY PLUMBING COMPANY, INC.' matches; sponsor address differs (1200 NATE COVE, CORDOVA TN 38018)",https://askebsa.dol.gov/FOIA%20Files/2024/Latest/F_5500_SF_2024_Latest.zip
biz-234,pension,sponsor name or EIN match without corroboration,571176287-001,"LEGACY PLUMBING COMPANY, INC.",2025-01-01,low,"sponsor name 'LEGACY PLUMBING COMPANY, INC.' matches; sponsor address differs (1200 NATE COVE, CORDOVA TN 38018)",https://askebsa.dol.gov/FOIA%20Files/2025/Latest/F_5500_SF_2025_Latest.zip
biz-234,pension,sponsor name or EIN match without corroboration,994567446-001,LEGACY PLUMBING COMPANY LLC,2025-08-01,low,"sponsor name 'LEGACY PLUMBING COMPANY LLC' matches; sponsor address differs (1814 WAIHEE ST, HONOLULU HI 96817)",https://askebsa.dol.gov/FOIA%20Files/2025/Latest/F_5500_SF_2025_Latest.zip
biz-234,pension,sponsor name or EIN match without corroboration,821191268-001,LEGACY PLUMBING LLC,2025-01-01,low,"sponsor name 'LEGACY PLUMBING LLC' matches; sponsor address differs (3522 4TH AVE S, FARGO ND 581032224)",https://askebsa.dol.gov/FOIA%20Files/2025/Latest/F_5500_SF_2025_Latest.zip
biz-241,texas_registration,name match without street/ZIP corroboration,32050668774,"P&E MECHANICAL CONTRACTORS, LLC",04/09/2013,low,"exact legal name incl. entity suffix: TX 'P&E MECHANICAL CONTRACTORS, LLC'; no address corroboration (TX address 5279 N STATE HIGHWAY 6, WACO TX 76712)",https://data.texas.gov/resource/9cir-efmm.json?taxpayer_number=32050668774
biz-241,pension,sponsor name or EIN match without corroboration,462541707-001,"P&E MECHANICAL CONTRACTORS, LLC",2024-01-01,low,"sponsor name 'P&E MECHANICAL CONTRACTORS, LLC' matches; sponsor address differs (5279 N. STATE HWY 6, WACO TX 76710)",https://askebsa.dol.gov/FOIA%20Files/2024/Latest/F_5500_SF_2024_Latest.zip
biz-241,pension,sponsor name or EIN match without corroboration,462541707-001,"P&E MECHANICAL CONTRACTORS, LLC",2025-01-01,low,"sponsor name 'P&E MECHANICAL CONTRACTORS, LLC' matches; sponsor address differs (5279 N. STATE HWY 6, WACO TX 76710)",https://askebsa.dol.gov/FOIA%20Files/2025/Latest/F_5500_SF_2025_Latest.zip
biz-243,texas_registration,name match without street/ZIP corroboration,12019815732,"ALLIED FIRE PROTECTION-SA, LLC.",05/31/2025,low,"legal name match (entity suffix ignored): TX 'ALLIED FIRE PROTECTION-SA, LLC.'; no address corroboration (TX address 4036 BINZ ENGLEMAN RD STE 208, SAN ANTONIO TX 78219); entity type differs (PPP 'partnership' vs TX 'llc'): possible conversion/successor, charter date may not cover the PPP entity",https://data.texas.gov/resource/9cir-efmm.json?taxpayer_number=12019815732
biz-244,pension,sponsor name or EIN match without corroboration,561479670-001,"ALLIED FIRE PROTECTION, INC.",2024-01-01,low,"sponsor name 'ALLIED FIRE PROTECTION, INC.' matches; sponsor address differs (PO BOX 27075, RALEIGH NC 27611)",https://askebsa.dol.gov/FOIA%20Files/2024/Latest/F_5500_SF_2024_Latest.zip
biz-244,pension,sponsor name or EIN match without corroboration,941665896-001,ALLIED FIRE PROTECTION,2024-01-01,low,"sponsor name 'ALLIED FIRE PROTECTION' matches; sponsor address differs (555 HIGH STREET, OAKLAND CA 94601)",https://askebsa.dol.gov/FOIA%20Files/2024/Latest/F_5500_SF_2024_Latest.zip
biz-244,pension,sponsor name or EIN match without corroboration,861044361-001,"ALLIED FIRE PROTECTION, INC.",2024-01-01,low,"sponsor name 'ALLIED FIRE PROTECTION, INC.' matches; sponsor address differs (2845 N. NORFOLK, MESA AZ 85215)",https://askebsa.dol.gov/FOIA%20Files/2024/Latest/F_5500_SF_2024_Latest.zip
biz-244,pension,sponsor name or EIN match without corroboration,861044361-001,"ALLIED FIRE PROTECTION, INC.",2025-01-01,low,"sponsor name 'ALLIED FIRE PROTECTION, INC.' matches; sponsor address differs (3033 N. NORFOLK, MESA AZ 85215)",https://askebsa.dol.gov/FOIA%20Files/2025/Latest/F_5500_SF_2025_Latest.zip
biz-244,pension,sponsor name or EIN match without corroboration,941665896-001,ALLIED FIRE PROTECTION,2025-01-01,low,"sponsor name 'ALLIED FIRE PROTECTION' matches; sponsor address differs (555 HIGH STREET, OAKLAND CA 94601)",https://askebsa.dol.gov/FOIA%20Files/2025/Latest/F_5500_SF_2025_Latest.zip
biz-244,pension,sponsor name or EIN match without corroboration,561479670-001,"ALLIED FIRE PROTECTION, INC.",2025-01-01,low,"sponsor name 'ALLIED FIRE PROTECTION, INC.' matches; sponsor address differs (PO BOX 27075, RALEIGH NC 27611)",https://askebsa.dol.gov/FOIA%20Files/2025/Latest/F_5500_SF_2025_Latest.zip
biz-248,texas_registration,name match without street/ZIP corroboration,32051911223,"VWMB INDUSTRIAL REFRIGERATION, LLC",09/06/2013,low,"exact legal name incl. entity suffix: TX 'VWMB INDUSTRIAL REFRIGERATION, LLC'; no address corroboration (TX address 100 THROCKMORTON ST STE 560, FORT WORTH TX 76102)",https://data.texas.gov/resource/9cir-efmm.json?taxpayer_number=32051911223
biz-249,texas_registration,name match without street/ZIP corroboration,17424550840,"SWEETWATER FILTRATION SYSTEMS, INC.",02/04/1987,low,"legal name match (entity suffix ignored): TX 'SWEETWATER FILTRATION SYSTEMS, INC.'; city only (AUSTIN); street and ZIP differ",https://data.texas.gov/resource/9cir-efmm.json?taxpayer_number=17424550840
biz-249,pension,sponsor name or EIN match without corroboration,742455084-001,"SWEETWATER FILTRATION SYSTEMS, INC.",2024-01-01,low,"sponsor name 'SWEETWATER FILTRATION SYSTEMS, INC.' matches; sponsor address differs (1724 CHEDDAR LOOP DR, AUSTIN TX 87287)",https://askebsa.dol.gov/FOIA%20Files/2024/Latest/F_5500_SF_2024_Latest.zip
biz-249,pension,sponsor name or EIN match without corroboration,742455084-001,"SWEETWATER FILTRATION SYSTEMS, INC.",2025-01-01,low,"sponsor name 'SWEETWATER FILTRATION SYSTEMS, INC.' matches; sponsor address differs (1724 CHEDDAR LOOP DR, AUSTIN TX 87287)",https://askebsa.dol.gov/FOIA%20Files/2025/Latest/F_5500_SF_2025_Latest.zip
biz-259,pension,sponsor name or EIN match without corroboration,202054814-334,"FIDUCIRY WISE, LLC FBO KINNEYS COMMERCIAL, INC.",2024-01-01,low,"sponsor EIN 202054814 equals FEIN embedded in verified Texas taxpayer number; sponsor address differs (2487 SOUTH GILBERT ROAD, GILBERT AZ 85295)",https://askebsa.dol.gov/FOIA%20Files/2024/Latest/F_5500_SF_2024_Latest.zip
biz-261,texas_registration,name match without street/ZIP corroboration,32072090064,STAR FINISHES ENTERPRISES INC.,09/27/2019,low,"exact legal name incl. entity suffix: TX 'STAR FINISHES ENTERPRISES INC.'; no address corroboration (TX address 3912 ROSA PARK LN, PFLUGERVILLE TX 78660)",https://data.texas.gov/resource/9cir-efmm.json?taxpayer_number=32072090064
biz-263,pension,sponsor name or EIN match without corroboration,363788115-001,POWER PLUMBING INC,2024-01-01,low,"sponsor name 'POWER PLUMBING INC' matches; sponsor address differs (3840 N ASHLAND AVE, CHICAGO IL 60613)",https://askebsa.dol.gov/FOIA%20Files/2024/Latest/F_5500_SF_2024_Latest.zip
biz-263,pension,sponsor name or EIN match without corroboration,392055818-001,POWER PLUMBING LLC,2024-01-01,low,"sponsor name 'POWER PLUMBING LLC' matches; sponsor address differs (160 AUSTIN ST, BOSTON MA 021361810)",https://askebsa.dol.gov/FOIA%20Files/2024/Latest/F_5500_SF_2024_Latest.zip
biz-263,pension,sponsor name or EIN match without corroboration,363788115-001,POWER PLUMBING INC,2025-01-01,low,"sponsor name 'POWER PLUMBING INC' matches; sponsor address differs (3840 N ASHLAND AVE, CHICAGO IL 60613)",https://askebsa.dol.gov/FOIA%20Files/2025/Latest/F_5500_SF_2025_Latest.zip
biz-263,pension,sponsor name or EIN match without corroboration,392055818-001,POWER PLUMBING LLC,2026-01-01,low,"sponsor name 'POWER PLUMBING LLC' matches; sponsor address differs (2 CHILTON PARK, MILTON MA 021861810)",https://askebsa.dol.gov/FOIA%20Files/2025/Latest/F_5500_SF_2025_Latest.zip
biz-263,pension,sponsor name or EIN match without corroboration,392055818-001,POWER PLUMBING LLC,2025-01-01,low,"sponsor name 'POWER PLUMBING LLC' matches; sponsor address differs (2 CHILTON PARK, MILTON MA 021861810)",https://askebsa.dol.gov/FOIA%20Files/2025/Latest/F_5500_SF_2025_Latest.zip
biz-265,pension,sponsor name or EIN match without corroboration,271650435-001,"JD PRECISION SERVICES, INC.",2024-01-01,low,"sponsor name 'JD PRECISION SERVICES, INC.' matches; sponsor address differs (15487 PIN OAKS DR, CONROE TX 77384)",https://askebsa.dol.gov/FOIA%20Files/2024/Latest/F_5500_SF_2024_Latest.zip
biz-265,pension,sponsor name or EIN match without corroboration,760593621-001,"JD PRECISION SERVICES, INC.",2025-01-01,low,"sponsor name 'JD PRECISION SERVICES, INC.' matches; sponsor address differs (15487 PIN OAKS DR, CONROE TX 77384)",https://askebsa.dol.gov/FOIA%20Files/2025/Latest/F_5500_SF_2025_Latest.zip
biz-268,texas_registration,name match without street/ZIP corroboration,17417183427,"A/W MECHANICAL SERVICES, L.P.",09/30/1999,low,"legal name match (entity suffix ignored): TX 'A/W MECHANICAL SERVICES, L.P.'; city only (HOUSTON); street and ZIP differ; entity type differs (PPP 'corp' vs TX 'partnership'): possible conversion/successor, charter date may not cover the PPP entity",https://data.texas.gov/resource/9cir-efmm.json?taxpayer_number=17417183427
biz-277,texas_registration,name match without street/ZIP corroboration,32033096101,"BASS PLUMBING, L.L.C.",06/07/2007,low,"exact legal name incl. entity suffix: TX 'BASS PLUMBING, L.L.C.'; no address corroboration (TX address PO BOX 10684, COLLEGE STA TX 77842)",https://data.texas.gov/resource/9cir-efmm.json?taxpayer_number=32033096101
biz-277,pension,sponsor name or EIN match without corroboration,260315857-001,"BASS PLUMBING, LLC",2024-01-01,low,"sponsor name 'BASS PLUMBING, LLC' matches; sponsor address differs (P.O. BOX 10684, COLLEGE STATION TX 77842)",https://askebsa.dol.gov/FOIA%20Files/2024/Latest/F_5500_SF_2024_Latest.zip
biz-280,texas_registration,name match without street/ZIP corroboration,32093929852,"AIR COMFORT, LLC",,low,"legal name match (entity suffix ignored): TX 'AIR COMFORT, LLC'; no address corroboration (TX address 2401 INTERNATIONALE PKWY STE C, WOODRIDGE IL 60517); entity type differs (PPP 'corp' vs TX 'llc'): possible conversion/successor, charter date may not cover the PPP entity",https://data.texas.gov/resource/9cir-efmm.json?taxpayer_number=32093929852
biz-280,pension,sponsor name or EIN match without corroboration,340872816-001,"AIR COMFORT, INC.",2024-01-01,low,"sponsor name 'AIR COMFORT, INC.' matches; sponsor address differs (225 BLUFF ST, AKRON OH 44304)",https://askebsa.dol.gov/FOIA%20Files/2024/Latest/F_5500_SF_2024_Latest.zip
biz-282,texas_registration,name match without street/ZIP corroboration,32040822069,B-N-T PLUMBING LLC,12/14/2009,low,"exact legal name incl. entity suffix: TX 'B-N-T PLUMBING LLC'; no address corroboration (TX address 15440 TRADESMAN, SAN ANTONIO TX 78249)",https://data.texas.gov/resource/9cir-efmm.json?taxpayer_number=32040822069
biz-292,texas_registration,name match without street/ZIP corroboration,32001896300,"WILSON-MCLAIN PLUMBING, INC.",10/19/1999,low,"legal name match (entity suffix ignored): TX 'WILSON-MCLAIN PLUMBING, INC.'; no address corroboration (TX address 3719 W BLACKJACK RD, AUBREY TX 76227)",https://data.texas.gov/resource/9cir-efmm.json?taxpayer_number=32001896300
biz-294,texas_registration,name match without street/ZIP corroboration,17527583268,"TEXAS GENERAL MECHANICAL, LLC",01/02/2019,low,"exact legal name incl. entity suffix: TX 'TEXAS GENERAL MECHANICAL, LLC'; no address corroboration (TX address PO BOX 645, TERRELL TX 75160)",https://data.texas.gov/resource/9cir-efmm.json?taxpayer_number=17527583268
biz-296,texas_registration,name match without street/ZIP corroboration,32053406891,BLANN'S SEWER & DRAIN SERVICE LLC,03/08/2014,low,"exact legal name incl. entity suffix: TX 'BLANN'S SEWER & DRAIN SERVICE LLC'; no address corroboration (TX address 177 LCR 407, GROESBECK TX 76642)",https://data.texas.gov/resource/9cir-efmm.json?taxpayer_number=32053406891
biz-302,texas_registration,name match without street/ZIP corroboration,17420180980,"CENTRAL AIR & HEATING SERVICE, LLC",08/20/2021,low,"legal name match (entity suffix ignored): TX 'CENTRAL AIR & HEATING SERVICE, LLC'; no address corroboration (TX address 6771 E OUTLOOK DR, TUCSON AZ 85756); entity type differs (PPP 'corp' vs TX 'llc'): possible conversion/successor, charter date may not cover the PPP entity",https://data.texas.gov/resource/9cir-efmm.json?taxpayer_number=17420180980
biz-305,pension,sponsor name or EIN match without corroboration,742619711-002,"BEYER MECHANICAL, LTD.",2024-01-01,low,"sponsor name 'BEYER MECHANICAL, LTD.' matches; sponsor address differs (17105 BEYER JOHN DR, SELMA TX 78154)",https://askebsa.dol.gov/FOIA%20Files/2024/Latest/F_5500_SF_2024_Latest.zip
biz-313,texas_registration,name match without street/ZIP corroboration,17417667387,"E. L. SMITH PLUMBING & HEATING, INC.",04/24/1973,low,"exact legal name incl. entity suffix: TX 'E. L. SMITH PLUMBING & HEATING, INC.'; no address corroboration (TX address 308 CALADIUM DR, CASTLE HILLS TX 78213)",https://data.texas.gov/resource/9cir-efmm.json?taxpayer_number=17417667387
biz-316,texas_registration,name match without street/ZIP corroboration,17529139952,"AMC SERVICES, LLC",08/14/2026,low,"legal name match (entity suffix ignored): TX 'AMC SERVICES, LLC'; no address corroboration (TX address 1501 S LOOP 288 STE 104 C/O 179, DENTON TX 76205); entity type differs (PPP 'corp' vs TX 'llc'): possible conversion/successor, charter date may not cover the PPP entity",https://data.texas.gov/resource/9cir-efmm.json?taxpayer_number=17529139952
biz-316,pension,sponsor name or EIN match without corroboration,752913995-001,AMC SERVICES INC,2024-01-01,low,"sponsor name 'AMC SERVICES INC' matches; sponsor address differs (1501 S LOOP 288 SUITE 104-179, DENTON TX 76205)",https://askebsa.dol.gov/FOIA%20Files/2024/Latest/F_5500_SF_2024_Latest.zip
biz-316,pension,sponsor name or EIN match without corroboration,752913995-001,AMC SERVICES INC,2025-01-01,low,"sponsor name 'AMC SERVICES INC' matches; sponsor address differs (1501 S LOOP 288 SUITE 104-179, DENTON TX 76205)",https://askebsa.dol.gov/FOIA%20Files/2025/Latest/F_5500_SF_2025_Latest.zip
biz-321,texas_registration,name match without street/ZIP corroboration,32104544948,DJR LLC,02/20/2026,low,"legal name match (entity suffix ignored): TX 'DJR LLC'; no address corroboration (TX address 1341 CAJUN ST, ODESSA TX 79765); entity type differs (PPP 'corp' vs TX 'llc'): possible conversion/successor, charter date may not cover the PPP entity",https://data.texas.gov/resource/9cir-efmm.json?taxpayer_number=32104544948
biz-321,pension,sponsor name or EIN match without corroboration,460410114-001,"DJR, INC.",2024-01-01,low,"sponsor name 'DJR, INC.' matches; sponsor address differs (POST OFFICE BOX 75, ROSCOE SD 57471)",https://askebsa.dol.gov/FOIA%20Files/2024/Latest/F_5500_SF_2024_Latest.zip
biz-321,pension,sponsor name or EIN match without corroboration,460410114-001,"DJR, INC.",2025-01-01,low,"sponsor name 'DJR, INC.' matches; sponsor address differs (POST OFFICE BOX 75, ROSCOE SD 57471)",https://askebsa.dol.gov/FOIA%20Files/2025/Latest/F_5500_SF_2025_Latest.zip
biz-325,texas_registration,name match without street/ZIP corroboration,17429654795,"SERVICE WIZARD, LLC",11/09/2022,low,"legal name match (entity suffix ignored): TX 'SERVICE WIZARD, LLC'; city only (AUSTIN); street and ZIP differ; entity type differs (PPP 'corp' vs TX 'llc'): possible conversion/successor, charter date may not cover the PPP entity",https://data.texas.gov/resource/9cir-efmm.json?taxpayer_number=17429654795
biz-326,texas_registration,name match without street/ZIP corroboration,32040376462,STAR AC SUPPLY LLC,09/28/2009,low,legal name match (entity suffix ignored): TX 'STAR AC SUPPLY LLC'; ZIP 76011 corroborates (street differs: TX '2407 CENTENNIAL DR'),https://data.texas.gov/resource/9cir-efmm.json?taxpayer_number=32040376462
biz-327,texas_registration,name match without street/ZIP corroboration,17603953104,"ARCHIMEDES, LLC",08/19/2021,low,"legal name match (entity suffix ignored): TX 'ARCHIMEDES, LLC'; city only (HOUSTON); street and ZIP differ; entity type differs (PPP 'corp' vs TX 'llc'): possible conversion/successor, charter date may not cover the PPP entity",https://data.texas.gov/resource/9cir-efmm.json?taxpayer_number=17603953104
biz-329,texas_registration,"same address, similar but not equal name",32042583875,"GOODE BRO'S HEATING & AIR CONDITIONING, INC.",09/07/2010,low,"same street+ZIP, similar name (token overlap 0.57): TX 'GOODE BRO'S HEATING & AIR CONDITIONING, INC.'; street address corroborates: TX 'PO BOX 603, WHITE OAK 75693'",https://data.texas.gov/resource/9cir-efmm.json?taxpayer_number=32042583875
biz-331,texas_registration,name match without street/ZIP corroboration,17517458042,"GARLAND HEATING AND AIR CONDITIONING COMPANY, INC.",03/16/1981,low,"legal name match (entity suffix ignored): TX 'GARLAND HEATING AND AIR CONDITIONING COMPANY, INC.'; no address corroboration (TX address 5323 SPRING VALLEY RD STE 350, DALLAS TX 75254)",https://data.texas.gov/resource/9cir-efmm.json?taxpayer_number=17517458042
biz-332,texas_registration,name match without street/ZIP corroboration,17426952028,"BEYER PLUMBING COMPANY, LTD.",01/01/2000,low,"exact legal name incl. entity suffix: TX 'BEYER PLUMBING COMPANY, LTD.'; no address corroboration (TX address 17197 BEYER JOHN DR, SELMA TX 78154)",https://data.texas.gov/resource/9cir-efmm.json?taxpayer_number=17426952028
biz-337,texas_registration,name match without street/ZIP corroboration,12003737827,"TEXAIR, LLC",05/19/2017,low,"legal name match (entity suffix ignored): TX 'TEXAIR, LLC'; no address corroboration (TX address PO BOX 233, HEREFORD TX 79045); entity type differs (PPP 'corp' vs TX 'llc'): possible conversion/successor, charter date may not cover the PPP entity",https://data.texas.gov/resource/9cir-efmm.json?taxpayer_number=12003737827
biz-337,texas_registration,name match without street/ZIP corroboration,17411633724,TEXAIR COMPANY,03/31/1952,low,legal name match (entity suffix ignored): TX 'TEXAIR COMPANY'; city only (MCALLEN); street and ZIP differ,https://data.texas.gov/resource/9cir-efmm.json?taxpayer_number=17411633724
biz-337,pension,sponsor name or EIN match without corroboration,741163372-001,"TEXAIR COMPANY, INC.",2024-01-01,low,"sponsor name 'TEXAIR COMPANY, INC.' matches; sponsor address differs (2201 WEST EXPRESSWAY 83, MCALLEN TX 78503)",https://askebsa.dol.gov/FOIA%20Files/2024/Latest/F_5500_SF_2024_Latest.zip
biz-337,pension,sponsor name or EIN match without corroboration,741163372-001,"TEXAIR COMPANY, INC.",2025-01-01,low,"sponsor name 'TEXAIR COMPANY, INC.' matches; sponsor address differs (2201 WEST EXPRESSWAY 83, MCALLEN TX 78503)",https://askebsa.dol.gov/FOIA%20Files/2025/Latest/F_5500_SF_2025_Latest.zip
biz-339,pension,sponsor name or EIN match without corroboration,311462106-001,BEST PLUMBING,2024-01-01,low,"sponsor name 'BEST PLUMBING' matches; sponsor address differs (5791 ZARLEY STREET, SUITE A, NEW ALBANY OH 43054)",https://askebsa.dol.gov/FOIA%20Files/2024/Latest/F_5500_SF_2024_Latest.zip
biz-342,texas_registration,name match without street/ZIP corroboration,17603482591,"HCB MECHANICAL, INCORPORATED",08/22/1991,low,"legal name match (entity suffix ignored): TX 'HCB MECHANICAL, INCORPORATED'; no address corroboration (TX address PO BOX 1779, CYPRESS TX 77410)",https://data.texas.gov/resource/9cir-efmm.json?taxpayer_number=17603482591
biz-342,pension,sponsor name or EIN match without corroboration,760348259-001,"HCB MECHANICAL, INC.",2024-01-01,low,"sponsor name 'HCB MECHANICAL, INC.' matches; sponsor address differs (P.O. BOX 1779, CYPRESS TX 77410)",https://askebsa.dol.gov/FOIA%20Files/2024/Latest/F_5500_SF_2024_Latest.zip
biz-342,pension,sponsor name or EIN match without corroboration,760348259-001,"HCB MECHANICAL, INC.",2025-01-01,low,"sponsor name 'HCB MECHANICAL, INC.' matches; sponsor address differs (P.O. BOX 1779, CYPRESS TX 77410)",https://askebsa.dol.gov/FOIA%20Files/2025/Latest/F_5500_SF_2025_Latest.zip
biz-343,pension,sponsor name or EIN match without corroboration,800705928-002,"CAPSTONE MECHANICAL, LLC",2024-01-01,low,"sponsor name 'CAPSTONE MECHANICAL, LLC' matches; sponsor address differs (755 BANFIELD ROAD, UNIT 102, PORTSMOUTH NH 03801)",https://askebsa.dol.gov/FOIA%20Files/2024/Latest/F_5500_SF_2024_Latest.zip
biz-343,pension,sponsor name or EIN match without corroboration,800705928-001,"CAPSTONE MECHANICAL, LLC",2024-01-01,low,"sponsor name 'CAPSTONE MECHANICAL, LLC' matches; sponsor address differs (755 BANFIELD ROAD, UNIT 102, PORTSMOUTH NH 03801)",https://askebsa.dol.gov/FOIA%20Files/2024/Latest/F_5500_SF_2024_Latest.zip
biz-344,texas_registration,"same address, similar but not equal name",17418594291,S AND B AIR-CONDITIONING AND PLUMBING SERVICES OF,04/22/1976,low,"same street+ZIP, similar name (token overlap 0.89): TX 'S AND B AIR-CONDITIONING AND PLUMBING SERVICES OF'; street address corroborates: TX '12806 E BOURNEWOOD DR, SUGAR LAND 77478'",https://data.texas.gov/resource/9cir-efmm.json?taxpayer_number=17418594291
biz-349,texas_registration,name match without street/ZIP corroboration,17426337089,"ACCENT PLUMBING, INC.",05/11/1992,low,"exact legal name incl. entity suffix: TX 'ACCENT PLUMBING, INC.'; no address corroboration (TX address 1141 FM 1660, HUTTO TX 78634)",https://data.texas.gov/resource/9cir-efmm.json?taxpayer_number=17426337089
biz-354,texas_registration,name match without street/ZIP corroboration,32072151999,"HILL COUNTRY PRO HVAC, CORP",10/04/2019,low,"exact legal name incl. entity suffix: TX 'HILL COUNTRY PRO HVAC, CORP'; no address corroboration (TX address 15511 W HIGHWAY 71 STE 110-307, AUSTIN TX 78738)",https://data.texas.gov/resource/9cir-efmm.json?taxpayer_number=32072151999
biz-354,texas_registration,name match without street/ZIP corroboration,14108546830,GEMINI INCORPORATED,03/20/1986,low,"TX legal name 'GEMINI INCORPORATED' equals DBA documented in SBA BorrowerName; no address corroboration (TX address 103 MENSING WAY, CANNON FALLS MN 55009)",https://data.texas.gov/resource/9cir-efmm.json?taxpayer_number=14108546830
biz-354,pension,sponsor name or EIN match without corroboration,410854683-001,"GEMINI, INCORPORATED",2024-10-01,low,"sponsor name 'GEMINI, INCORPORATED' matches; sponsor address differs (103 MENSING WAY, CANNON FALLS MN 550091185)",https://askebsa.dol.gov/FOIA%20Files/2024/Latest/F_5500_2024_Latest.zip
biz-354,pension,sponsor name or EIN match without corroboration,452731123-001,GEMINI CORP.,2024-01-01,low,"sponsor name 'GEMINI CORP.' matches; sponsor address differs (PO BOX 584, BROWNSVILLE OR 97327)",https://askebsa.dol.gov/FOIA%20Files/2024/Latest/F_5500_SF_2024_Latest.zip
biz-354,pension,sponsor name or EIN match without corroboration,452731123-001,GEMINI CORP.,2025-01-01,low,"sponsor name 'GEMINI CORP.' matches; sponsor address differs (PO BOX 584, BROWNSVILLE OR 97327)",https://askebsa.dol.gov/FOIA%20Files/2025/Latest/F_5500_SF_2025_Latest.zip
biz-358,texas_registration,name match without street/ZIP corroboration,32106969473,"AXIOM SERVICES, LLC",07/06/2026,low,"exact legal name incl. entity suffix: TX 'AXIOM SERVICES, LLC'; no address corroboration (TX address 5900 BALCONES DR STE 32170, AUSTIN TX 78731)",https://data.texas.gov/resource/9cir-efmm.json?taxpayer_number=32106969473
biz-360,texas_registration,name match without street/ZIP corroboration,32051315623,"MISSION A/C HOME SERVICES, L.L.C.",06/21/2013,low,"legal name match (entity suffix ignored): TX 'MISSION A/C HOME SERVICES, L.L.C.'; city only (HOUSTON); street and ZIP differ",https://data.texas.gov/resource/9cir-efmm.json?taxpayer_number=32051315623
biz-360,pension,sponsor name or EIN match without corroboration,463072564-001,"MISSION AC HOME SERVICES, LLC",2024-01-01,low,"sponsor name 'MISSION AC HOME SERVICES, LLC' / DBA 'MISSION AC & PLUMBING' matches; sponsor address differs (1630 ELMVIEW DR, HOUSTON TX 77080)",https://askebsa.dol.gov/FOIA%20Files/2024/Latest/F_5500_SF_2024_Latest.zip
biz-360,pension,sponsor name or EIN match without corroboration,463072564-001,"MISSION AC HOME SERVICES, LLC",2025-01-01,low,"sponsor name 'MISSION AC HOME SERVICES, LLC' matches; sponsor address differs (1630 ELMVIEW DR, HOUSTON TX 77080)",https://askebsa.dol.gov/FOIA%20Files/2025/Latest/F_5500_SF_2025_Latest.zip
biz-361,pension,sponsor name or EIN match without corroboration,841236944-001,A&L SHEET METAL INC.,2024-01-01,low,"sponsor name 'A&L SHEET METAL INC.' matches; sponsor address differs (4230 FOX STREET, DENVER CO 80216)",https://askebsa.dol.gov/FOIA%20Files/2024/Latest/F_5500_SF_2024_Latest.zip
biz-361,pension,sponsor name or EIN match without corroboration,841236944-001,A&L SHEET METAL INC.,2025-01-01,low,"sponsor name 'A&L SHEET METAL INC.' matches; sponsor address differs (4230 FOX STREET, DENVER CO 80216)",https://askebsa.dol.gov/FOIA%20Files/2025/Latest/F_5500_SF_2025_Latest.zip
biz-365,texas_registration,name match without street/ZIP corroboration,32058239024,"SOUTH COAST INDUSTRIES, LLC",09/08/2015,low,"exact legal name incl. entity suffix: TX 'SOUTH COAST INDUSTRIES, LLC'; no address corroboration (TX address 9205 EAGLE DR STE 300-512, MONT BELVIEU TX 77523)",https://data.texas.gov/resource/9cir-efmm.json?taxpayer_number=32058239024
biz-365,pension,sponsor name or EIN match without corroboration,952472720-002,SOUTH COAST INDUSTRIES INC,2024-01-01,low,"sponsor name 'SOUTH COAST INDUSTRIES INC' matches; sponsor address differs (6385 ROSE LN STE B, CARPINTERIA CA 930132940)",https://askebsa.dol.gov/FOIA%20Files/2024/Latest/F_5500_2024_Latest.zip
biz-365,pension,sponsor name or EIN match without corroboration,475031695-001,"SOUTH COAST INDUSTRIES, LLC",2024-01-01,low,"sponsor name 'SOUTH COAST INDUSTRIES, LLC' matches; sponsor address differs (9205 EAGLE DR SUITE 300-512, MONT BELVIEU TX 77523)",https://askebsa.dol.gov/FOIA%20Files/2024/Latest/F_5500_SF_2024_Latest.zip
biz-365,pension,sponsor name or EIN match without corroboration,952472720-002,SOUTH COAST INDUSTRIES INC,2025-01-01,low,"sponsor name 'SOUTH COAST INDUSTRIES INC' matches; sponsor address differs (6385 ROSE LN STE B, CARPINTERIA CA 93013)",https://askebsa.dol.gov/FOIA%20Files/2025/Latest/F_5500_SF_2025_Latest.zip
biz-365,pension,sponsor name or EIN match without corroboration,475031695-001,"SOUTH COAST INDUSTRIES, LLC",2025-01-01,low,"sponsor name 'SOUTH COAST INDUSTRIES, LLC' matches; sponsor address differs (9205 EAGLE DR, MONT BELVIEU TX 77523)",https://askebsa.dol.gov/FOIA%20Files/2025/Latest/F_5500_SF_2025_Latest.zip
biz-368,texas_registration,name match without street/ZIP corroboration,17602205787,COASTAL SPRINKLER CO. INC.,05/08/1987,low,"legal name match (entity suffix ignored): TX 'COASTAL SPRINKLER CO. INC.'; no address corroboration (TX address 13691 ROLLINS RD, WINNIE TX 77665)",https://data.texas.gov/resource/9cir-efmm.json?taxpayer_number=17602205787
biz-370,pension,sponsor name or EIN match without corroboration,341612561-001,PARAMOUNT PLUMBING,2024-01-01,low,"sponsor name 'PARAMOUNT PLUMBING' matches; sponsor address differs (8677 WADSWORTH ROAD, SUITE A, WADSWORTH OH 44281)",https://askebsa.dol.gov/FOIA%20Files/2024/Latest/F_5500_SF_2024_Latest.zip
biz-370,pension,sponsor name or EIN match without corroboration,810759474-001,PARAMOUNT PLUMBING LLC,2024-01-01,low,"sponsor name 'PARAMOUNT PLUMBING LLC' matches; sponsor address differs (7415 WHITEHALL STREET, SUITE 109, RICHLAND HILLS TX 76118)",https://askebsa.dol.gov/FOIA%20Files/2024/Latest/F_5500_SF_2024_Latest.zip
biz-370,pension,sponsor name or EIN match without corroboration,341612561-001,PARAMOUNT PLUMBING,2025-01-01,low,"sponsor name 'PARAMOUNT PLUMBING' matches; sponsor address differs (8677 WADSWORTH ROAD, SUITE A, WADSWORTH OH 44281)",https://askebsa.dol.gov/FOIA%20Files/2025/Latest/F_5500_SF_2025_Latest.zip
biz-372,texas_registration,name match without street/ZIP corroboration,32068696585,MAVERICK PLUMBING AND UTILITIES LLC,10/18/2018,low,"exact legal name incl. entity suffix: TX 'MAVERICK PLUMBING AND UTILITIES LLC'; no address corroboration (TX address 9900 SPECTRUM DR, AUSTIN TX 78717)",https://data.texas.gov/resource/9cir-efmm.json?taxpayer_number=32068696585
biz-372,pension,sponsor name or EIN match without corroboration,833185240-001,"MAVERICK PLUMBING & UTILITIES, LLC",2025-01-01,low,"sponsor name 'MAVERICK PLUMBING & UTILITIES, LLC' matches; sponsor address differs (6000 S STAPLES ST, CORPUS CHRISTI TX 78413)",https://askebsa.dol.gov/FOIA%20Files/2025/Latest/F_5500_SF_2025_Latest.zip
biz-379,pension,sponsor name or EIN match without corroboration,203710638-001,CRAIG MECHANICAL INC,2024-01-01,low,"sponsor name 'CRAIG MECHANICAL INC' matches; sponsor address differs (6770 CENTRAL AVE STE A, RIVERSIDE CA 925041443)",https://askebsa.dol.gov/FOIA%20Files/2024/Latest/F_5500_SF_2024_Latest.zip
biz-379,pension,sponsor name or EIN match without corroboration,203710638-001,CRAIG MECHANICAL INC,2025-01-01,low,"sponsor name 'CRAIG MECHANICAL INC' matches; sponsor address differs (6770 CENTRAL AVE STE A, RIVERSIDE CA 925041443)",https://askebsa.dol.gov/FOIA%20Files/2025/Latest/F_5500_SF_2025_Latest.zip
biz-387,texas_registration,name match without street/ZIP corroboration,32053198050,"HOUSTON AIR REPAIR, LLC",02/13/2014,low,"exact legal name incl. entity suffix: TX 'HOUSTON AIR REPAIR, LLC'; no address corroboration (TX address 1250 W OAKDALE RD, GRAND PRAIRIE TX 75050)",https://data.texas.gov/resource/9cir-efmm.json?taxpayer_number=32053198050
biz-391,texas_registration,name match without street/ZIP corroboration,32016648043,"KENNEDALE/MANSFIELD PLUMBING, INC.",01/28/2005,low,"exact legal name incl. entity suffix: TX 'KENNEDALE/MANSFIELD PLUMBING, INC.'; no address corroboration (TX address 211 E CRINER ST, GRANDVIEW TX 76050)",https://data.texas.gov/resource/9cir-efmm.json?taxpayer_number=32016648043
biz-392,texas_registration,name match without street/ZIP corroboration,17410494797,"GREGORY-EDWARDS, INC.",08/20/1946,low,"exact legal name incl. entity suffix: TX 'GREGORY-EDWARDS, INC.'; city only (HOUSTON); street and ZIP differ",https://data.texas.gov/resource/9cir-efmm.json?taxpayer_number=17410494797
biz-392,texas_registration,name match without street/ZIP corroboration,32062377869,"GREGORY EDWARDS, LLC",01/01/2017,low,"legal name match (entity suffix ignored): TX 'GREGORY EDWARDS, LLC'; no address corroboration (TX address 400 VIRGINIA AVE SW STE C120, WASHINGTON DC 20024); entity type differs (PPP 'corp' vs TX 'llc'): possible conversion/successor, charter date may not cover the PPP entity",https://data.texas.gov/resource/9cir-efmm.json?taxpayer_number=32062377869
biz-395,texas_registration,name match without street/ZIP corroboration,17512194865,"TIMBERLAKE & DICKSON, INC.",02/26/1965,low,"exact legal name incl. entity suffix: TX 'TIMBERLAKE & DICKSON, INC.'; no address corroboration (TX address PO BOX 551667, DALLAS TX 75355)",https://data.texas.gov/resource/9cir-efmm.json?taxpayer_number=17512194865
biz-399,texas_registration,name match without street/ZIP corroboration,32087111756,REFRIGERATED WAREHOUSE CONSTRUCTION CO. LLC,11/09/2022,low,"exact legal name incl. entity suffix: TX 'REFRIGERATED WAREHOUSE CONSTRUCTION CO. LLC'; no address corroboration (TX address 370 WABASHA ST N STE 700, SAINT PAUL MN 55102)",https://data.texas.gov/resource/9cir-efmm.json?taxpayer_number=32087111756
biz-401,pension,sponsor name or EIN match without corroboration,650655617-001,"FRANKS PLUMBING, INC.",2024-01-01,low,"sponsor name 'FRANKS PLUMBING, INC.' matches; sponsor address differs (1609 UNITED STREET, KEY WEST FL 33040)",https://askebsa.dol.gov/FOIA%20Files/2024/Latest/F_5500_SF_2024_Latest.zip
biz-401,pension,sponsor name or EIN match without corroboration,650655617-001,"FRANKS PLUMBING, INC.",2025-01-01,low,"sponsor name 'FRANKS PLUMBING, INC.' matches; sponsor address differs (1609 UNITED STREET, KEY WEST FL 33040)",https://askebsa.dol.gov/FOIA%20Files/2025/Latest/F_5500_SF_2025_Latest.zip
biz-402,texas_registration,name match without street/ZIP corroboration,32103969070,MESQUITE PLUMBING CO. LLC,01/20/2026,low,"legal name match (entity suffix ignored): TX 'MESQUITE PLUMBING CO. LLC'; no address corroboration (TX address 5511 VIRGINIA WAY STE 333, BRENTWOOD TN 37027); entity type differs (PPP 'corp' vs TX 'llc'): possible conversion/successor, charter date may not cover the PPP entity",https://data.texas.gov/resource/9cir-efmm.json?taxpayer_number=32103969070
biz-402,pension,sponsor name or EIN match without corroboration,752799302-001,MESQUITE PLUMBING,2026-02-27,low,"sponsor name 'MESQUITE PLUMBING' matches; sponsor address differs (P.O. BOX 360661, DALLAS TX 75336)",https://askebsa.dol.gov/FOIA%20Files/2025/Latest/F_5500_SF_2025_Latest.zip
biz-405,pension,sponsor name or EIN match without corroboration,330595835-001,"ELITE PLUMBING, INC",2024-01-01,low,"sponsor name 'ELITE PLUMBING, INC' matches; sponsor address differs (1329 EAST ST. GERTRUDE PLACE, SANTA ANA CA 92705)",https://askebsa.dol.gov/FOIA%20Files/2024/Latest/F_5500_SF_2024_Latest.zip
biz-405,pension,sponsor name or EIN match without corroboration,330595835-001,"ELITE PLUMBING, INC",2025-01-01,low,"sponsor name 'ELITE PLUMBING, INC' matches; sponsor address differs (1329 EAST ST. GERTRUDE PLACE, SANTA ANA CA 92705)",https://askebsa.dol.gov/FOIA%20Files/2025/Latest/F_5500_SF_2025_Latest.zip
biz-415,texas_registration,name match without street/ZIP corroboration,12612771084,"BELL MECHANICAL SERVICES, LLC",06/02/2026,low,"exact legal name incl. entity suffix: TX 'BELL MECHANICAL SERVICES, LLC'; no address corroboration (TX address PO BOX 77260, BATON ROUGE LA 70879)",https://data.texas.gov/resource/9cir-efmm.json?taxpayer_number=12612771084
biz-421,texas_registration,name match without street/ZIP corroboration,32005466951,"COASTAL LEAK CONSULTING, INC.",05/01/2002,low,"exact legal name incl. entity suffix: TX 'COASTAL LEAK CONSULTING, INC.'; no address corroboration (TX address 12040 WINDFERN RD, HOUSTON TX 77064)",https://data.texas.gov/resource/9cir-efmm.json?taxpayer_number=32005466951
biz-423,texas_registration,name match without street/ZIP corroboration,12054972877,"1ST CALL PLUMBING, HEATING & AIR, LTD.",04/04/2002,low,"legal name match (entity suffix ignored): TX '1ST CALL PLUMBING, HEATING & AIR, LTD.'; city only (SAN ANTONIO); street and ZIP differ",https://data.texas.gov/resource/9cir-efmm.json?taxpayer_number=12054972877
biz-425,pension,sponsor name or EIN match without corroboration,200170033-001,CAPITAL MECHANICAL,2024-01-01,low,"sponsor name 'CAPITAL MECHANICAL' matches; sponsor address differs (22720 LADBROOK DR., DULLES VA 20166)",https://askebsa.dol.gov/FOIA%20Files/2024/Latest/F_5500_SF_2024_Latest.zip
biz-425,pension,sponsor name or EIN match without corroboration,200170033-001,CAPITAL MECHANICAL,2025-01-01,low,"sponsor name 'CAPITAL MECHANICAL' matches; sponsor address differs (22720 LADBROOK DR., DULLES VA 20166)",https://askebsa.dol.gov/FOIA%20Files/2025/Latest/F_5500_SF_2025_Latest.zip
biz-430,pension,sponsor name or EIN match without corroboration,050395264-001,BOSWORTH COMPANY,2024-01-01,low,"sponsor name 'BOSWORTH COMPANY' matches; sponsor address differs (930 WATERMAN AVENUE, EAST PROVIDENCE RI 02914)",https://askebsa.dol.gov/FOIA%20Files/2024/Latest/F_5500_SF_2024_Latest.zip
biz-431,pension,sponsor name or EIN match without corroboration,841440204-001,AIRMAX LLC,2024-01-01,low,"sponsor name 'AIRMAX LLC' matches; sponsor address differs (8481 AVIATOR LANE, CENTENNIAL CO 80112)",https://askebsa.dol.gov/FOIA%20Files/2024/Latest/F_5500_SF_2024_Latest.zip
biz-436,pension,sponsor name or EIN match without corroboration,464992955-001,RICH MANAGEMENT LLC,2024-01-01,low,"sponsor name 'RICH MANAGEMENT LLC' matches; sponsor address differs (50 MONUMENT ROAD, BALA CYNWYD PA 19004)",https://askebsa.dol.gov/FOIA%20Files/2024/Latest/F_5500_SF_2024_Latest.zip
biz-436,pension,sponsor name or EIN match without corroboration,464992955-001,RICH MANAGEMENT LLC,2025-01-01,low,"sponsor name 'RICH MANAGEMENT LLC' matches; sponsor address differs (50 MONUMENT ROAD, BALA CYNWYD PA 19004)",https://askebsa.dol.gov/FOIA%20Files/2025/Latest/F_5500_SF_2025_Latest.zip
biz-437,texas_registration,name match without street/ZIP corroboration,32035079352,MASRAM MECHANICAL LP,12/18/2006,low,"exact legal name incl. entity suffix: TX 'MASRAM MECHANICAL LP'; no address corroboration (TX address 12307 WOODWORTH DR, CYPRESS TX 77429)",https://data.texas.gov/resource/9cir-efmm.json?taxpayer_number=32035079352
biz-440,texas_registration,name match without street/ZIP corroboration,32040243175,"DALLAS MECHANICAL GROUP, LLC",09/04/2009,low,"exact legal name incl. entity suffix: TX 'DALLAS MECHANICAL GROUP, LLC'; no address corroboration (TX address 2791 MACARTHUR BLVD STE 300, LEWISVILLE TX 75067)",https://data.texas.gov/resource/9cir-efmm.json?taxpayer_number=32040243175
biz-442,pension,sponsor name or EIN match without corroboration,901034018-001,"INOCA HOLDCO II, LLC",2024-01-01,low,"sponsor name 'INOCA HOLDCO II, LLC' / DBA 'FCS FOX COMMERCIAL SERVICES, LLC' matches; sponsor address differs (PO BOX 154187, WACO TX 76715)",https://askebsa.dol.gov/FOIA%20Files/2024/Latest/F_5500_SF_2024_Latest.zip
biz-442,pension,sponsor name or EIN match without corroboration,901034018-001,"INOCA HOLDCO II, LLC",2025-01-01,low,"sponsor name 'INOCA HOLDCO II, LLC' / DBA 'FCS FOX COMMERCIAL SERVICES, LLC' matches; sponsor address differs (PO BOX 154187, WACO TX 76715)",https://askebsa.dol.gov/FOIA%20Files/2025/Latest/F_5500_SF_2025_Latest.zip
biz-446,texas_registration,name match without street/ZIP corroboration,17421312210,"LARSON PLUMBING & UTILITY, CO.",09/30/1980,low,"exact legal name incl. entity suffix: TX 'LARSON PLUMBING & UTILITY, CO.'; no address corroboration (TX address PO BOX 158, ODEM TX 78370)",https://data.texas.gov/resource/9cir-efmm.json?taxpayer_number=17421312210
biz-447,texas_registration,name match without street/ZIP corroboration,32067432768,"BEYER AIR CONDITIONING AND HEATING, LLC",06/07/2018,low,"exact legal name incl. entity suffix: TX 'BEYER AIR CONDITIONING AND HEATING, LLC'; no address corroboration (TX address 17153 BEYER JOHN DR, SCHERTZ TX 78154)",https://data.texas.gov/resource/9cir-efmm.json?taxpayer_number=32067432768
biz-451,texas_registration,name match without street/ZIP corroboration,32037223149,PELLERIN AND STEUBING LLC,06/03/2008,low,"exact legal name incl. entity suffix: TX 'PELLERIN AND STEUBING LLC'; no address corroboration (TX address PO BOX 900, SPRING BRANCH TX 78070)",https://data.texas.gov/resource/9cir-efmm.json?taxpayer_number=32037223149
biz-462,texas_registration,name match without street/ZIP corroboration,17418336172,"COBB AIR CONDITIONING CO., INC.",04/26/1974,low,"legal name match (entity suffix ignored): TX 'COBB AIR CONDITIONING CO., INC.'; no address corroboration (TX address 630 BRAZOS ST, LUMBERTON TX 77657)",https://data.texas.gov/resource/9cir-efmm.json?taxpayer_number=17418336172
biz-463,texas_registration,name match without street/ZIP corroboration,17513282586,"ARMSTRONG MECHANICAL CO., INC.",12/08/1969,low,"legal name match (entity suffix ignored): TX 'ARMSTRONG MECHANICAL CO., INC.'; city only (LUBBOCK); street and ZIP differ",https://data.texas.gov/resource/9cir-efmm.json?taxpayer_number=17513282586
biz-463,pension,sponsor name or EIN match without corroboration,751328258-001,"ARMSTRONG MECHANICAL COMPANY, INC.",2024-10-01,low,"sponsor name 'ARMSTRONG MECHANICAL COMPANY, INC.' matches; sponsor address differs (PO BOX 3430, LUBBOCK TX 79452)",https://askebsa.dol.gov/FOIA%20Files/2024/Latest/F_5500_SF_2024_Latest.zip
biz-467,texas_registration,name match without street/ZIP corroboration,32065261920,"COOL AIR MECHANICAL, LLC",10/24/2017,low,"exact legal name incl. entity suffix: TX 'COOL AIR MECHANICAL, LLC'; no address corroboration (TX address 139 S ENGLISH STATION RD STE 250, LOUISVILLE KY 40245)",https://data.texas.gov/resource/9cir-efmm.json?taxpayer_number=32065261920
biz-467,pension,sponsor name or EIN match without corroboration,410901546-001,"COOL AIR MECHANICAL, INC",2024-10-01,low,"sponsor name 'COOL AIR MECHANICAL, INC' matches; sponsor address differs (1544 134TH AVENUE NE, HAM LAKE MN 55304)",https://askebsa.dol.gov/FOIA%20Files/2024/Latest/F_5500_SF_2024_Latest.zip
biz-469,texas_registration,name match without street/ZIP corroboration,17606149858,"AIR POLLUTION CONTROL SPECIALISTS, L.C.",08/19/1999,low,"legal name match (entity suffix ignored): TX 'AIR POLLUTION CONTROL SPECIALISTS, L.C.'; city only (LEAGUE CITY); street and ZIP differ",https://data.texas.gov/resource/9cir-efmm.json?taxpayer_number=17606149858
biz-469,pension,sponsor name or EIN match without corroboration,760614985-001,"AIR POLLUTION CONTROL SPECIALISTS, LLC",2024-01-01,low,"sponsor name 'AIR POLLUTION CONTROL SPECIALISTS, LLC' matches; sponsor address differs (PO BOX 1277, LEAGUE CITY TX 77574)",https://askebsa.dol.gov/FOIA%20Files/2024/Latest/F_5500_SF_2024_Latest.zip
biz-469,pension,sponsor name or EIN match without corroboration,760614985-001,"AIR POLLUTION CONTROL SPECIALISTS, LLC",2025-01-01,low,"sponsor name 'AIR POLLUTION CONTROL SPECIALISTS, LLC' matches; sponsor address differs (PO BOX 1277, LEAGUE CITY TX 77574)",https://askebsa.dol.gov/FOIA%20Files/2025/Latest/F_5500_SF_2025_Latest.zip
biz-470,texas_registration,name match without street/ZIP corroboration,32034457211,K&S HEATING AND AIR CORPORATION,01/09/2008,low,"legal name match (entity suffix ignored): TX 'K&S HEATING AND AIR CORPORATION'; no address corroboration (TX address PO BOX 861011, PLANO TX 75086)",https://data.texas.gov/resource/9cir-efmm.json?taxpayer_number=32034457211
biz-472,texas_registration,name match without street/ZIP corroboration,17426561142,MJ MECHANICAL INC.,01/22/1993,low,"exact legal name incl. entity suffix: TX 'MJ MECHANICAL INC.'; no address corroboration (TX address PO BOX 209, HUTTO TX 78634)",https://data.texas.gov/resource/9cir-efmm.json?taxpayer_number=17426561142
biz-472,pension,sponsor name or EIN match without corroboration,874386611-001,MJ MECHANICAL LLC,2024-01-01,low,"sponsor name 'MJ MECHANICAL LLC' matches; sponsor address differs (PO BOX 1689, HASTINGS NE 68902)",https://askebsa.dol.gov/FOIA%20Files/2024/Latest/F_5500_SF_2024_Latest.zip
biz-472,pension,sponsor name or EIN match without corroboration,874386611-001,MJ MECHANICAL LLC,2025-01-01,low,"sponsor name 'MJ MECHANICAL LLC' matches; sponsor address differs (PO BOX 1689, HASTINGS NE 68902)",https://askebsa.dol.gov/FOIA%20Files/2025/Latest/F_5500_SF_2025_Latest.zip
biz-473,texas_registration,name match without street/ZIP corroboration,17524997800,"DMI, CORP.",04/08/1993,low,"exact legal name incl. entity suffix: TX 'DMI, CORP.'; city only (CEDAR HILL); street and ZIP differ",https://data.texas.gov/resource/9cir-efmm.json?taxpayer_number=17524997800
biz-473,texas_registration,name match without street/ZIP corroboration,12513350814,"DMI COMPANIES, INC.",11/08/1984,low,"legal name match (entity suffix ignored): TX 'DMI COMPANIES, INC.'; no address corroboration (TX address 210 5TH ST, CHARLEROI PA 15022)",https://data.texas.gov/resource/9cir-efmm.json?taxpayer_number=12513350814
biz-473,pension,sponsor name or EIN match without corroboration,251335081-002,"DMI COMPANIES, INC.",2024-01-01,low,"sponsor name 'DMI COMPANIES, INC.' matches; sponsor address differs (210 5TH ST., CHARLEROI PA 15022)",https://askebsa.dol.gov/FOIA%20Files/2024/Latest/F_5500_2024_Latest.zip
biz-473,pension,sponsor name or EIN match without corroboration,251335081-001,"DMI COMPANIES, INC.",2024-01-01,low,"sponsor name 'DMI COMPANIES, INC.' matches; sponsor address differs (210 5TH ST., CHARLEROI PA 15022)",https://askebsa.dol.gov/FOIA%20Files/2024/Latest/F_5500_SF_2024_Latest.zip
biz-473,pension,sponsor name or EIN match without corroboration,822978738-001,DMI CORP,2025-01-01,low,"sponsor name 'DMI CORP' matches; sponsor address differs (78 SWIFT, IRVINE CA 92618)",https://askebsa.dol.gov/FOIA%20Files/2025/Latest/F_5500_SF_2025_Latest.zip
biz-475,texas_registration,ambiguous: 2 Texas records with equal 'high' evidence,32098746699,"BMF SOLUTIONS, LLC",02/04/2025,high,"legal name match (entity suffix ignored): TX 'BMF SOLUTIONS, LLC'; street address corroborates: TX '13602 JARVIS RD, CYPRESS 77429'; entity type differs (PPP 'partnership' vs TX 'llc'): possible conversion/successor, charter date may not cover the PPP entity",https://data.texas.gov/resource/9cir-efmm.json?taxpayer_number=32098746699
biz-475,texas_registration,ambiguous: 2 Texas records with equal 'high' evidence,32100286007,"BMF SOLUTIONS, LLC",,high,"legal name match (entity suffix ignored): TX 'BMF SOLUTIONS, LLC'; street address corroborates: TX '13602 JARVIS RD, CYPRESS 77429'; entity type differs (PPP 'partnership' vs TX 'llc'): possible conversion/successor, charter date may not cover the PPP entity",https://data.texas.gov/resource/9cir-efmm.json?taxpayer_number=32100286007
biz-475,texas_registration,ambiguous: 2 Texas records with equal 'high' evidence,17531824286,B M F SOLUTIONS LLP,,low,exact legal name incl. entity suffix: TX 'B M F SOLUTIONS LLP'; city only (CYPRESS); street and ZIP differ,https://data.texas.gov/resource/9cir-efmm.json?taxpayer_number=17531824286
biz-476,texas_registration,name match without street/ZIP corroboration,32067038250,"EXPERT SERVICES, LLC",05/01/2018,low,"exact legal name incl. entity suffix: TX 'EXPERT SERVICES, LLC'; no address corroboration (TX address PO BOX 851830, MESQUITE TX 75185)",https://data.texas.gov/resource/9cir-efmm.json?taxpayer_number=32067038250
biz-480,texas_registration,name match without street/ZIP corroboration,32070145290,RBRM INVESTMENTS INCORPORATED,04/01/2019,low,"legal name match (entity suffix ignored): TX 'RBRM INVESTMENTS INCORPORATED'; no address corroboration (TX address 319 S 1ST ST, TEMPLE TX 76504)",https://data.texas.gov/resource/9cir-efmm.json?taxpayer_number=32070145290
biz-484,texas_registration,"same address, similar but not equal name",17518481035,"FIRST SERVICE AIR CONDITIONING CONTRACTORS, INC.",12/06/1982,low,"same street+ZIP, similar name (token overlap 0.80): TX 'FIRST SERVICE AIR CONDITIONING CONTRACTORS, INC.'; street address corroborates: TX '3009 GARDEN CITY HWY, MIDLAND 79701'",https://data.texas.gov/resource/9cir-efmm.json?taxpayer_number=17518481035
biz-488,texas_registration,"same address, similar but not equal name",32067994627,PAYNE MECHANICAL OF TEXAS LLC,08/10/2018,low,"same street+ZIP, similar name (token overlap 0.80): TX 'PAYNE MECHANICAL OF TEXAS LLC'; street address corroborates: TX '2000 S EASTMAN RD, LONGVIEW 75602'",https://data.texas.gov/resource/9cir-efmm.json?taxpayer_number=32067994627
biz-490,texas_registration,"same address, similar but not equal name",32052252817,"MECHANICAL 360 AIR CONDITIONING AND HEATING, LLC",10/17/2013,low,"same street+ZIP, similar name (token overlap 0.57): TX 'MECHANICAL 360 AIR CONDITIONING AND HEATING, LLC'; street address corroborates: TX '9940 CYPRESS CREEK PKWY, HOUSTON 77070'",https://data.texas.gov/resource/9cir-efmm.json?taxpayer_number=32052252817
biz-493,texas_registration,name match without street/ZIP corroboration,32058693972,BILLYGO LLC,10/29/2015,low,"exact legal name incl. entity suffix: TX 'BILLYGO LLC'; no address corroboration (TX address 2100 LA ROCHELLE, FLOWER MOUND TX 75022)",https://data.texas.gov/resource/9cir-efmm.json?taxpayer_number=32058693972
biz-497,texas_registration,name match without street/ZIP corroboration,32018230568,"PREMIER PLUMBERS OF TEXAS, INC.",09/21/2005,low,"exact legal name incl. entity suffix: TX 'PREMIER PLUMBERS OF TEXAS, INC.'; no address corroboration (TX address 3809 INTERSTATE 30 W, CADDO MILLS TX 75135)",https://data.texas.gov/resource/9cir-efmm.json?taxpayer_number=32018230568
biz-497,pension,sponsor name or EIN match without corroboration,203569265-002,"PREMIER PLUMBERS OF TEXAS, INC.",2024-01-01,low,"sponsor name 'PREMIER PLUMBERS OF TEXAS, INC.' matches; sponsor address differs (3809 INTERSTATE 30 W, CADDO MILLS TX 75135)",https://askebsa.dol.gov/FOIA%20Files/2024/Latest/F_5500_SF_2024_Latest.zip
biz-497,pension,sponsor name or EIN match without corroboration,203569265-002,"PREMIER PLUMBERS OF TEXAS, INC.",2025-01-01,low,"sponsor name 'PREMIER PLUMBERS OF TEXAS, INC.' matches; sponsor address differs (3809 INTERSTATE 30 W, CADDO MILLS TX 75135)",https://askebsa.dol.gov/FOIA%20Files/2025/Latest/F_5500_SF_2025_Latest.zip
biz-504,texas_registration,name match without street/ZIP corroboration,15623753744,"JM CARTER PLUMBING, INC.",07/08/2003,low,"exact legal name incl. entity suffix: TX 'JM CARTER PLUMBING, INC.'; no address corroboration (TX address 202 W MAIN ST STE 100, GUNTER TX 75058)",https://data.texas.gov/resource/9cir-efmm.json?taxpayer_number=15623753744
biz-513,texas_registration,name match without street/ZIP corroboration,17606057754,"PB&J ENTERPRISES, INC.",05/13/1999,low,"legal name match (entity suffix ignored): TX 'PB&J ENTERPRISES, INC.'; ZIP 77418 corroborates (street differs: TX 'PO BOX 735')",https://data.texas.gov/resource/9cir-efmm.json?taxpayer_number=17606057754
biz-514,pension,sponsor name or EIN match without corroboration,930966805-001,FRESH AIR COMPANY INC,2024-01-01,low,"sponsor name 'FRESH AIR COMPANY INC' matches; sponsor address differs (PO BOX 399, TUALATIN OR 97062)",https://askebsa.dol.gov/FOIA%20Files/2024/Latest/F_5500_2024_Latest.zip
biz-514,pension,sponsor name or EIN match without corroboration,930966805-001,FRESH AIR COMPANY INC,2025-01-01,low,"sponsor name 'FRESH AIR COMPANY INC' matches; sponsor address differs (PO BOX 399, TUALATIN OR 97062)",https://askebsa.dol.gov/FOIA%20Files/2025/Latest/F_5500_2025_Latest.zip
biz-517,texas_registration,name match without street/ZIP corroboration,32038389634,"MID-COUNTY PLUMBING, LLC",11/21/2008,low,"exact legal name incl. entity suffix: TX 'MID-COUNTY PLUMBING, LLC'; no address corroboration (TX address PO BOX 477, PORT NECHES TX 77651)",https://data.texas.gov/resource/9cir-efmm.json?taxpayer_number=32038389634
biz-517,texas_registration,name match without street/ZIP corroboration,32092179806,MID COUNTY CYCLES LLC,10/23/2023,low,"same street+ZIP, similar name (token overlap 0.50): TX 'MID COUNTY CYCLES LLC'; street address corroborates: TX '2222 SPURLOCK RD, NEDERLAND 77627'",https://data.texas.gov/resource/9cir-efmm.json?taxpayer_number=32092179806
biz-519,pension,sponsor name or EIN match without corroboration,820969851-001,SHAFER-ANDERSON HOLDINGS LLC,2025-01-01,low,"sponsor name 'SHAFER-ANDERSON HOLDINGS LLC' matches; sponsor address differs (3800 SAN PEDRO AVE, SAN ANTONIO TX 78230)",https://askebsa.dol.gov/FOIA%20Files/2025/Latest/F_5500_SF_2025_Latest.zip
biz-522,texas_registration,name match without street/ZIP corroboration,32033258511,"WALSH ALLIANCE, LLC",06/30/2007,low,"exact legal name incl. entity suffix: TX 'WALSH ALLIANCE, LLC'; no address corroboration (TX address 2401 S PERSIMMON ST STE 100, TOMBALL TX 77375)",https://data.texas.gov/resource/9cir-efmm.json?taxpayer_number=32033258511
biz-523,pension,sponsor name or EIN match without corroboration,470725176-001,"ABLE PLUMBING, INC.",2024-01-01,low,"sponsor name 'ABLE PLUMBING, INC.' matches; sponsor address differs (2336 BOB BOOZER DRIVE, OMAHA NE 681302558)",https://askebsa.dol.gov/FOIA%20Files/2024/Latest/F_5500_SF_2024_Latest.zip
biz-527,pension,sponsor name or EIN match without corroboration,310669763-002,CAPITAL FIRE PROTECTION CO.,2024-01-01,low,"sponsor name 'CAPITAL FIRE PROTECTION CO.' matches; sponsor address differs (3360 VALLEYVIEW DRIVE, COLUMBUS OH 43204)",https://askebsa.dol.gov/FOIA%20Files/2024/Latest/F_5500_2024_Latest.zip
biz-527,pension,sponsor name or EIN match without corroboration,310669763-002,CAPITAL FIRE PROTECTION CO.,2025-01-01,low,"sponsor name 'CAPITAL FIRE PROTECTION CO.' matches; sponsor address differs (3360 VALLEYVIEW DRIVE, COLUMBUS OH 43204)",https://askebsa.dol.gov/FOIA%20Files/2025/Latest/F_5500_2025_Latest.zip
biz-527,pension,sponsor name or EIN match without corroboration,310669763-003,CAPITAL FIRE PROTECTION CO.,2024-01-01,low,"sponsor name 'CAPITAL FIRE PROTECTION CO.' matches; sponsor address differs (3360 VALLEYVIEW DR, COLUMBUS OH 432041296)",https://askebsa.dol.gov/FOIA%20Files/2024/Latest/F_5500_SF_2024_Latest.zip
biz-527,pension,sponsor name or EIN match without corroboration,310669763-003,CAPITAL FIRE PROTECTION CO.,2025-01-01,low,"sponsor name 'CAPITAL FIRE PROTECTION CO.' matches; sponsor address differs (3360 VALLEYVIEW DR, COLUMBUS OH 432041296)",https://askebsa.dol.gov/FOIA%20Files/2025/Latest/F_5500_SF_2025_Latest.zip
biz-533,pension,sponsor name or EIN match without corroboration,311437609-001,"CLASSIC PLUMBING, INC.",2024-01-01,low,"sponsor name 'CLASSIC PLUMBING, INC.' matches; sponsor address differs (6707 REDWING COURT, ORIENT OH 43146)",https://askebsa.dol.gov/FOIA%20Files/2024/Latest/F_5500_SF_2024_Latest.zip
biz-535,texas_registration,name match without street/ZIP corroboration,17561159892,"H & G SYSTEMS, L.P.",10/02/2001,low,"exact legal name incl. entity suffix: TX 'H & G SYSTEMS, L.P.'; no address corroboration (TX address 9150 MARKVILLE DR, DALLAS TX 75243)",https://data.texas.gov/resource/9cir-efmm.json?taxpayer_number=17561159892
biz-535,pension,sponsor name or EIN match without corroboration,751429149-002,H & G SYSTEMS LP,2024-01-01,low,"sponsor name 'H & G SYSTEMS LP' matches; sponsor address differs (9150 MARKVILLE DR, DALLAS TX 75243)",https://askebsa.dol.gov/FOIA%20Files/2024/Latest/F_5500_SF_2024_Latest.zip
biz-535,pension,sponsor name or EIN match without corroboration,751429149-002,H & G SYSTEMS LP,2025-01-01,low,"sponsor name 'H & G SYSTEMS LP' matches; sponsor address differs (9150 MARKVILLE DR, DALLAS VA 75243)",https://askebsa.dol.gov/FOIA%20Files/2025/Latest/F_5500_SF_2025_Latest.zip
biz-536,texas_registration,name match without street/ZIP corroboration,32034733769,CERTIFIED PLACERS LLC,02/19/2008,low,"exact legal name incl. entity suffix: TX 'CERTIFIED PLACERS LLC'; no address corroboration (TX address PO BOX 367, LA FERIA TX 78559)",https://data.texas.gov/resource/9cir-efmm.json?taxpayer_number=32034733769
biz-537,texas_registration,name match without street/ZIP corroboration,17524148594,"KEN-MAN PLUMBING, INC.",10/14/1991,low,"exact legal name incl. entity suffix: TX 'KEN-MAN PLUMBING, INC.'; no address corroboration (TX address 3288 MESQUITE DR, VENUS TX 76084)",https://data.texas.gov/resource/9cir-efmm.json?taxpayer_number=17524148594
biz-538,texas_registration,name match without street/ZIP corroboration,32039335420,"DILMAK SERVICES, LLC",04/16/2009,low,"exact legal name incl. entity suffix: TX 'DILMAK SERVICES, LLC'; no address corroboration (TX address PO BOX 509, ADKINS TX 78101)",https://data.texas.gov/resource/9cir-efmm.json?taxpayer_number=32039335420
biz-551,texas_registration,"same address, similar but not equal name",13002908427,"ALLIANCE MECHANICAL SERVICES, L.L.C.",01/04/2005,low,"same street+ZIP, similar name (token overlap 0.75): TX 'ALLIANCE MECHANICAL SERVICES, L.L.C.'; street address corroborates: TX '2130 REGAL PKWY, EULESS 76040'",https://data.texas.gov/resource/9cir-efmm.json?taxpayer_number=13002908427
biz-553,texas_registration,name match without street/ZIP corroboration,32105279395,"ALAMO WELDING & BOILER WORKS, LLC",04/02/2026,low,"legal name match (entity suffix ignored): TX 'ALAMO WELDING & BOILER WORKS, LLC'; no address corroboration (TX address 3847 RED CEDAR WAY, CHASKA MN 55318); entity type differs (PPP 'corp' vs TX 'llc'): possible conversion/successor, charter date may not cover the PPP entity",https://data.texas.gov/resource/9cir-efmm.json?taxpayer_number=32105279395
biz-554,texas_registration,name match without street/ZIP corroboration,32041109458,"TIM BAILEY PLUMBING, LLC",08/02/2016,low,"exact legal name incl. entity suffix: TX 'TIM BAILEY PLUMBING, LLC'; no address corroboration (TX address PO BOX 11068, COLLEGE STA TX 77842)",https://data.texas.gov/resource/9cir-efmm.json?taxpayer_number=32041109458
biz-557,texas_registration,name match without street/ZIP corroboration,32034339559,LASCO MECHANICAL SERVICES LLC,12/19/2007,low,"legal name match (entity suffix ignored): TX 'LASCO MECHANICAL SERVICES LLC'; no address corroboration (TX address 4101 COUNTY ROAD 2509, ROYSE CITY TX 75189)",https://data.texas.gov/resource/9cir-efmm.json?taxpayer_number=32034339559
biz-558,texas_registration,name match without street/ZIP corroboration,32033836845,LASCO PROCESS SYSTEMS LLC,09/27/2007,low,"exact legal name incl. entity suffix: TX 'LASCO PROCESS SYSTEMS LLC'; no address corroboration (TX address 5224 BEAR CREEK CT, IRVING TX 75061)",https://data.texas.gov/resource/9cir-efmm.json?taxpayer_number=32033836845
biz-558,pension,sponsor name or EIN match without corroboration,261146611-001,"LASCO PROCESS SYSTEMS, LLC",2024-01-01,low,"sponsor name 'LASCO PROCESS SYSTEMS, LLC' matches; sponsor address differs (5224 BEAR CREEK CT,, IRVING TX 75061)",https://askebsa.dol.gov/FOIA%20Files/2024/Latest/F_5500_SF_2024_Latest.zip
biz-559,texas_registration,name match without street/ZIP corroboration,32039444180,"STELLAR PLUMBING, INC.",05/01/2009,low,"exact legal name incl. entity suffix: TX 'STELLAR PLUMBING, INC.'; no address corroboration (TX address PO BOX 8274, ROUND ROCK TX 78683)",https://data.texas.gov/resource/9cir-efmm.json?taxpayer_number=32039444180
biz-559,pension,sponsor name or EIN match without corroboration,264805928-001,STELLAR PLUMBING INC,2024-01-01,low,"sponsor name 'STELLAR PLUMBING INC' matches; sponsor address differs (PO BOX 8274, ROUND ROCK TX 78683)",https://askebsa.dol.gov/FOIA%20Files/2024/Latest/F_5500_SF_2024_Latest.zip
biz-559,pension,sponsor name or EIN match without corroboration,264805928-001,STELLAR PLUMBING INC,2025-01-01,low,"sponsor name 'STELLAR PLUMBING INC' matches; sponsor address differs (PO BOX 8274, ROUND ROCK TX 78664)",https://askebsa.dol.gov/FOIA%20Files/2025/Latest/F_5500_SF_2025_Latest.zip
biz-564,texas_registration,name match without street/ZIP corroboration,32040224779,AGGRESSIVE PLUMBING SERVICE & REPAIR LLC,09/02/2009,low,"exact legal name incl. entity suffix: TX 'AGGRESSIVE PLUMBING SERVICE & REPAIR LLC'; no address corroboration (TX address 2515 WEAVER ST STE F, HALTOM CITY TX 76117)",https://data.texas.gov/resource/9cir-efmm.json?taxpayer_number=32040224779
biz-570,pension,sponsor name or EIN match without corroboration,943343637-001,AMERICAN PLUMBING,2024-01-01,low,"sponsor name 'AMERICAN PLUMBING' matches; sponsor address differs (414 G ST, ANTIOCH CA 94509)",https://askebsa.dol.gov/FOIA%20Files/2024/Latest/F_5500_SF_2024_Latest.zip
biz-570,pension,sponsor name or EIN match without corroboration,953758969-001,AMERICAN PLUMBING INC,2024-01-01,low,"sponsor name 'AMERICAN PLUMBING INC' matches; sponsor address differs (PO BOX 9507, LAGUNA BEACH CA 92652)",https://askebsa.dol.gov/FOIA%20Files/2024/Latest/F_5500_SF_2024_Latest.zip
biz-570,pension,sponsor name or EIN match without corroboration,274659913-001,AMERICAN PLUMBING INCORPORATED,2024-01-01,low,"sponsor name 'AMERICAN PLUMBING INCORPORATED' matches; sponsor address differs (3107 INDUSTRIAL DR., JOHNSON CITY TN 376042615)",https://askebsa.dol.gov/FOIA%20Files/2024/Latest/F_5500_SF_2024_Latest.zip
biz-570,pension,sponsor name or EIN match without corroboration,953758969-001,AMERICAN PLUMBING INC,2025-01-01,low,"sponsor name 'AMERICAN PLUMBING INC' matches; sponsor address differs (PO BOX 9507, LAGUNA BEACH CA 92652)",https://askebsa.dol.gov/FOIA%20Files/2025/Latest/F_5500_SF_2025_Latest.zip
biz-570,pension,sponsor name or EIN match without corroboration,943343637-001,AMERICAN PLUMBING,2025-01-01,low,"sponsor name 'AMERICAN PLUMBING' matches; sponsor address differs (414 G ST, ANTIOCH CA 94509)",https://askebsa.dol.gov/FOIA%20Files/2025/Latest/F_5500_SF_2025_Latest.zip
biz-570,pension,sponsor name or EIN match without corroboration,274659913-001,AMERICAN PLUMBING INCORPORATED,2025-01-01,low,"sponsor name 'AMERICAN PLUMBING INCORPORATED' matches; sponsor address differs (3107 INDUSTRIAL DR., JOHNSON CITY TN 376042615)",https://askebsa.dol.gov/FOIA%20Files/2025/Latest/F_5500_SF_2025_Latest.zip
biz-576,pension,sponsor name or EIN match without corroboration,411777076-001,"CUSTOM FILTRATION, INC.",2024-01-01,low,"sponsor name 'CUSTOM FILTRATION, INC.' matches; sponsor address differs (7219 COUNTY ROAD 116, CORCORAN MN 55340)",https://askebsa.dol.gov/FOIA%20Files/2024/Latest/F_5500_SF_2024_Latest.zip
biz-576,pension,sponsor name or EIN match without corroboration,411777076-001,"CUSTOM FILTRATION, INC.",2025-01-01,low,"sponsor name 'CUSTOM FILTRATION, INC.' matches; sponsor address differs (7219 COUNTY ROAD 116, CORCORAN MN 55340)",https://askebsa.dol.gov/FOIA%20Files/2025/Latest/F_5500_SF_2025_Latest.zip
biz-578,texas_registration,name match without street/ZIP corroboration,32052355156,"A/C RESCUE, INC",01/02/2016,low,"exact legal name incl. entity suffix: TX 'A/C RESCUE, INC'; no address corroboration (TX address 5095 STATE HIGHWAY 276, ROYSE CITY TX 75189)",https://data.texas.gov/resource/9cir-efmm.json?taxpayer_number=32052355156
biz-588,texas_registration,name match without street/ZIP corroboration,17601728979,"SAYE PLUMBING CONTRACTORS, INC., HOUSTON",02/14/1986,low,"exact legal name incl. entity suffix: TX 'SAYE PLUMBING CONTRACTORS, INC., HOUSTON'; no address corroboration (TX address 18002 MUESCHKE RD, CYPRESS TX 77433)",https://data.texas.gov/resource/9cir-efmm.json?taxpayer_number=17601728979
biz-590,texas_registration,name match without street/ZIP corroboration,32052170944,"BRIGADE FIRE SOLUTIONS, LLC",10/04/2013,low,"exact legal name incl. entity suffix: TX 'BRIGADE FIRE SOLUTIONS, LLC'; no address corroboration (TX address 7110 BRITTMOORE RD STE 350, HOUSTON TX 77041)",https://data.texas.gov/resource/9cir-efmm.json?taxpayer_number=32052170944
biz-592,texas_registration,name match without street/ZIP corroboration,32041671903,"PRIORITY PLUMBING, LLC",04/17/2010,low,"exact legal name incl. entity suffix: TX 'PRIORITY PLUMBING, LLC'; no address corroboration (TX address 13820 KIDD RD, CONROE TX 77302)",https://data.texas.gov/resource/9cir-efmm.json?taxpayer_number=32041671903
biz-592,pension,sponsor name or EIN match without corroboration,830589919-001,PRIORITY PLUMBING COMPANY,2025-09-01,low,"sponsor name 'PRIORITY PLUMBING COMPANY' matches; sponsor address differs (905 SOUTHWEST ORDINANCE ROAD, SUITE, ANKENY IA 50023)",https://askebsa.dol.gov/FOIA%20Files/2025/Latest/F_5500_SF_2025_Latest.zip
biz-594,texas_registration,name match without street/ZIP corroboration,32053696426,"DYNAMIC MANAGEMENT MECHANICAL CONTRACTING, LLC",04/04/2014,low,"exact legal name incl. entity suffix: TX 'DYNAMIC MANAGEMENT MECHANICAL CONTRACTING, LLC'; no address corroboration (TX address 137 WINDY MEADOWS DR, SCHERTZ TX 78154)",https://data.texas.gov/resource/9cir-efmm.json?taxpayer_number=32053696426
biz-596,texas_registration,name match without street/ZIP corroboration,32077214818,CHAMPION AC LLC,01/04/2021,low,"legal name match (entity suffix ignored): TX 'CHAMPION AC LLC'; no address corroboration (TX address 2114 LOU ELLEN LN, HOUSTON TX 77018); entity type differs (PPP 'corp' vs TX 'llc'): possible conversion/successor, charter date may not cover the PPP entity",https://data.texas.gov/resource/9cir-efmm.json?taxpayer_number=32077214818
biz-603,texas_registration,name match without street/ZIP corroboration,17426127811,"A-OK PLUMBING, INC.",09/27/1991,low,"exact legal name incl. entity suffix: TX 'A-OK PLUMBING, INC.'; no address corroboration (TX address PO BOX 2369, LEANDER TX 78646)",https://data.texas.gov/resource/9cir-efmm.json?taxpayer_number=17426127811
biz-605,texas_registration,name match without street/ZIP corroboration,32061484765,"NITRO A/C, LLC",09/06/2016,low,"exact legal name incl. entity suffix: TX 'NITRO A/C, LLC'; no address corroboration (TX address 5614 FRANZ RD, KATY TX 77493)",https://data.texas.gov/resource/9cir-efmm.json?taxpayer_number=32061484765
biz-607,texas_registration,"same address, similar but not equal name",17603223987,"CUSTOM AIR CONDITIONING AND SHEET METAL, INC.",11/12/1990,low,"same street+ZIP, similar name (token overlap 0.57): TX 'CUSTOM AIR CONDITIONING AND SHEET METAL, INC.'; street address corroborates: TX '1729 STEBBINS DR STE 110, HOUSTON 77043'",https://data.texas.gov/resource/9cir-efmm.json?taxpayer_number=17603223987
biz-608,texas_registration,name match without street/ZIP corroboration,17419975291,"SARGENT PLUMBING, INC.",10/27/1982,low,"legal name match (entity suffix ignored): TX 'SARGENT PLUMBING, INC.'; ZIP 77377 corroborates (street differs: TX '25808 LA FOUCHE DR')",https://data.texas.gov/resource/9cir-efmm.json?taxpayer_number=17419975291
biz-611,pension,sponsor name or EIN match without corroboration,208593166-001,"BELL AIR CONDITIONING, LLC",2024-01-01,low,"sponsor name 'BELL AIR CONDITIONING, LLC' matches; sponsor address differs (18700 N. 107TH AVE., SUN CITY AZ 85373)",https://askebsa.dol.gov/FOIA%20Files/2024/Latest/F_5500_SF_2024_Latest.zip
biz-611,pension,sponsor name or EIN match without corroboration,208593166-001,"BELL AIR CONDITIONING, LLC",2025-01-01,low,"sponsor name 'BELL AIR CONDITIONING, LLC' matches; sponsor address differs (18700 N. 107TH AVE., SUN CITY AZ 85373)",https://askebsa.dol.gov/FOIA%20Files/2025/Latest/F_5500_SF_2025_Latest.zip
biz-614,texas_registration,name match without street/ZIP corroboration,32034933286,"REGENCY PLUMBING CONTRACTORS, LLC",11/21/2025,low,"legal name match (entity suffix ignored): TX 'REGENCY PLUMBING CONTRACTORS, LLC'; no address corroboration (TX address 10631 S SAM HOUSTON PKWY W STE 200, HOUSTON TX 77071); entity type differs (PPP 'partnership' vs TX 'llc'): possible conversion/successor, charter date may not cover the PPP entity",https://data.texas.gov/resource/9cir-efmm.json?taxpayer_number=32034933286
biz-614,pension,sponsor name or EIN match without corroboration,261650184-001,"REGENCY PLUMBING CONTRACTORS, LP",2024-01-01,low,"sponsor name 'REGENCY PLUMBING CONTRACTORS, LP' matches; sponsor address differs (10631 S SAM HOUSTON PKWY, HOUSTON TX 77071)",https://askebsa.dol.gov/FOIA%20Files/2024/Latest/F_5500_SF_2024_Latest.zip
biz-614,pension,sponsor name or EIN match without corroboration,261650184-001,"REGENCY PLUMBING CONTRACTORS, LP",2025-01-01,low,"sponsor name 'REGENCY PLUMBING CONTRACTORS, LP' matches; sponsor address differs (10631 S SAM HOUSTON PKWY, HOUSTON TX 77071)",https://askebsa.dol.gov/FOIA%20Files/2025/Latest/F_5500_SF_2025_Latest.zip
biz-616,texas_registration,name match without street/ZIP corroboration,32044814807,"MR. CHILL HEATING AND AIR, INC.",12/28/2012,low,"exact legal name incl. entity suffix: TX 'MR. CHILL HEATING AND AIR, INC.'; no address corroboration (TX address 2000 EXCHANGE DR, SAINT CHARLES MO 63303)",https://data.texas.gov/resource/9cir-efmm.json?taxpayer_number=32044814807
biz-620,texas_registration,name match without street/ZIP corroboration,17602436911,O G H SERVICE COMPANY,03/01/1988,low,"exact legal name incl. entity suffix: TX 'O G H SERVICE COMPANY'; no address corroboration (TX address 402 4TH ST, SEALY TX 77474)",https://data.texas.gov/resource/9cir-efmm.json?taxpayer_number=17602436911
biz-620,pension,sponsor name or EIN match without corroboration,760243691-001,OGH SERVICE COMPANY,2024-01-01,low,"sponsor name 'OGH SERVICE COMPANY' matches; sponsor address differs (402 4TH STREET, SEALY TX 77474)",https://askebsa.dol.gov/FOIA%20Files/2024/Latest/F_5500_SF_2024_Latest.zip
biz-628,texas_registration,name match without street/ZIP corroboration,32020139260,"HOLE IN ONE PLUMBING, LLC",06/30/2006,low,"legal name match (entity suffix ignored): TX 'HOLE IN ONE PLUMBING, LLC'; no address corroboration (TX address 7721 FM 35, ROYSE CITY TX 75189); entity type differs (PPP 'corp' vs TX 'llc'): possible conversion/successor, charter date may not cover the PPP entity",https://data.texas.gov/resource/9cir-efmm.json?taxpayer_number=32020139260
biz-629,texas_registration,name match without street/ZIP corroboration,17528025426,"MCDANIEL & SON PLUMBING, INC.",01/21/1999,low,"exact legal name incl. entity suffix: TX 'MCDANIEL & SON PLUMBING, INC.'; no address corroboration (TX address 7501 US 287 HWY STE B1, ARLINGTON TX 76001)",https://data.texas.gov/resource/9cir-efmm.json?taxpayer_number=17528025426
biz-633,texas_registration,name match without street/ZIP corroboration,32041934145,"ACCELERATED MECHANICAL SERVICES, LLC",05/25/2010,low,"exact legal name incl. entity suffix: TX 'ACCELERATED MECHANICAL SERVICES, LLC'; no address corroboration (TX address 2517 FRANKLIN DR STE L, MESQUITE TX 75150)",https://data.texas.gov/resource/9cir-efmm.json?taxpayer_number=32041934145
biz-635,texas_registration,name match without street/ZIP corroboration,32044112848,"JM ENGINEERING, LLC",04/25/2011,low,"exact legal name incl. entity suffix: TX 'JM ENGINEERING, LLC'; no address corroboration (TX address 1314 HILLRIDGE DR, ROUND ROCK TX 78665)",https://data.texas.gov/resource/9cir-efmm.json?taxpayer_number=32044112848
biz-636,texas_registration,name match without street/ZIP corroboration,32097602166,"DFS FIRE SYSTEMS, LLC",11/15/2024,low,"exact legal name incl. entity suffix: TX 'DFS FIRE SYSTEMS, LLC'; no address corroboration (TX address 2801 NETWORK BLVD STE 300, FRISCO TX 75034)",https://data.texas.gov/resource/9cir-efmm.json?taxpayer_number=32097602166
biz-643,texas_registration,name match without street/ZIP corroboration,32061121490,ONE SOURCE ENTERPRISE LLC,07/26/2016,low,"exact legal name incl. entity suffix: TX 'ONE SOURCE ENTERPRISE LLC'; no address corroboration (TX address 518 E HIGHWAY 67, DUNCANVILLE TX 75137)",https://data.texas.gov/resource/9cir-efmm.json?taxpayer_number=32061121490
biz-644,texas_registration,name match without street/ZIP corroboration,32006534625,MATCO HVAC INC,06/07/2002,low,"exact legal name incl. entity suffix: TX 'MATCO HVAC INC'; no address corroboration (TX address PO BOX 48485, WATAUGA TX 76148)",https://data.texas.gov/resource/9cir-efmm.json?taxpayer_number=32006534625
biz-646,texas_registration,name match without street/ZIP corroboration,17418123463,STAN'S HEATING & AIR CONDITIONING LLC,12/06/2018,low,"exact legal name incl. entity suffix: TX 'STAN'S HEATING & AIR CONDITIONING LLC'; no address corroboration (TX address 8890 MCGAW RD STE 320, COLUMBIA MD 21045)",https://data.texas.gov/resource/9cir-efmm.json?taxpayer_number=17418123463
biz-647,pension,sponsor name or EIN match without corroboration,831135938-001,"EBBDAR, INC.",2024-01-01,low,"sponsor name 'EBBDAR, INC.' matches; sponsor address differs (27248 HARDIN STORE RD, MAGNOLIA TX 77354)",https://askebsa.dol.gov/FOIA%20Files/2024/Latest/F_5500_2024_Latest.zip
biz-647,pension,sponsor name or EIN match without corroboration,831135938-001,"EBBDAR, INC.",2025-01-01,low,"sponsor name 'EBBDAR, INC.' matches; sponsor address differs (27248 HARDIN STORE RD, MAGNOLIA TX 77354)",https://askebsa.dol.gov/FOIA%20Files/2024/Latest/F_5500_2024_Latest.zip
biz-649,pension,sponsor name or EIN match without corroboration,311300523-001,"METRO MECHANICAL, INC.",2024-01-01,low,"sponsor name 'METRO MECHANICAL, INC.' matches; sponsor address differs (4731 NORTHWEST PARKWAY, HILLIARD OH 43026)",https://askebsa.dol.gov/FOIA%20Files/2024/Latest/F_5500_SF_2024_Latest.zip
biz-649,pension,sponsor name or EIN match without corroboration,113403294-001,METRO MECHANICAL LLC,2024-01-01,low,"sponsor name 'METRO MECHANICAL LLC' matches; sponsor address differs (8815 DITMAS AVE, BROOKLYN NY 112361607)",https://askebsa.dol.gov/FOIA%20Files/2024/Latest/F_5500_SF_2024_Latest.zip
biz-649,pension,sponsor name or EIN match without corroboration,752983454-001,"METRO MECHANICAL, CORP",2024-01-01,low,"sponsor name 'METRO MECHANICAL, CORP' matches; sponsor address differs (6017 PROVIDENCE RD, VIRGINIA BEACH VA 23464)",https://askebsa.dol.gov/FOIA%20Files/2024/Latest/F_5500_SF_2024_Latest.zip
biz-649,pension,sponsor name or EIN match without corroboration,113403294-001,METRO MECHANICAL LLC,2025-01-01,low,"sponsor name 'METRO MECHANICAL LLC' matches; sponsor address differs (8815 DITMAS AVE, BROOKLYN NY 112361607)",https://askebsa.dol.gov/FOIA%20Files/2025/Latest/F_5500_SF_2025_Latest.zip
biz-649,pension,sponsor name or EIN match without corroboration,311300523-001,"METRO MECHANICAL, INC.",2025-01-01,low,"sponsor name 'METRO MECHANICAL, INC.' matches; sponsor address differs (4731 NORTHWEST PARKWAY, HILLIARD OH 43026)",https://askebsa.dol.gov/FOIA%20Files/2025/Latest/F_5500_SF_2025_Latest.zip
biz-649,pension,sponsor name or EIN match without corroboration,752983454-001,"METRO MECHANICAL, CORP",2025-01-01,low,"sponsor name 'METRO MECHANICAL, CORP' matches; sponsor address differs (6017 PROVIDENCE RD, VIRGINIA BEACH VA 23464)",https://askebsa.dol.gov/FOIA%20Files/2025/Latest/F_5500_SF_2025_Latest.zip
biz-656,pension,sponsor name or EIN match without corroboration,233050497-001,"RSC, LLC",2024-01-01,low,"sponsor name 'RSC, LLC' matches; sponsor address differs (1050 STREET ROAD, SOUTHAMPTON PA 18966)",https://askebsa.dol.gov/FOIA%20Files/2024/Latest/F_5500_SF_2024_Latest.zip
biz-656,pension,sponsor name or EIN match without corroboration,233050497-001,"RSC, LLC",2025-01-01,low,"sponsor name 'RSC, LLC' matches; sponsor address differs (1050 STREET ROAD, SOUTHAMPTON PA 18966)",https://askebsa.dol.gov/FOIA%20Files/2025/Latest/F_5500_SF_2025_Latest.zip
biz-666,pension,sponsor name or EIN match without corroboration,202964810-001,CUSTOM MECHANICAL INC.,2024-01-01,low,"sponsor name 'CUSTOM MECHANICAL INC.' matches; sponsor address differs (306 N W EL NORTE PKWY #68, ESCONDIDO CA 92026)",https://askebsa.dol.gov/FOIA%20Files/2024/Latest/F_5500_SF_2024_Latest.zip
biz-666,pension,sponsor name or EIN match without corroboration,650343966-001,CUSTOM MECHANICAL INCORPORATED,2024-01-01,low,"sponsor name 'CUSTOM MECHANICAL INCORPORATED' matches; sponsor address differs (202 OLD DIXIE HWY, LAKE PARK FL 33403)",https://askebsa.dol.gov/FOIA%20Files/2024/Latest/F_5500_SF_2024_Latest.zip
biz-666,pension,sponsor name or EIN match without corroboration,202964810-001,CUSTOM MECHANICAL INC.,2025-01-01,low,"sponsor name 'CUSTOM MECHANICAL INC.' matches; sponsor address differs (306 N W EL NORTE PKWY. SUITE 68, ESCONDIDO CA 92026)",https://askebsa.dol.gov/FOIA%20Files/2025/Latest/F_5500_SF_2025_Latest.zip
biz-668,texas_registration,name match without street/ZIP corroboration,32061677095,"CIRCLE L SOLAR, INC.",09/27/2016,low,"exact legal name incl. entity suffix: TX 'CIRCLE L SOLAR, INC.'; no address corroboration (TX address 5620 MIDWAY RD, HALTOM CITY TX 76117)",https://data.texas.gov/resource/9cir-efmm.json?taxpayer_number=32061677095
biz-670,texas_registration,name match without street/ZIP corroboration,32039071108,K SAUNDERS COMPANY,03/11/2009,low,"exact legal name incl. entity suffix: TX 'K SAUNDERS COMPANY'; no address corroboration (TX address 4804 OLD GRANBURY RD, GRANBURY TX 76049)",https://data.texas.gov/resource/9cir-efmm.json?taxpayer_number=32039071108
biz-670,pension,sponsor name or EIN match without corroboration,264469355-002,K SAUNDERS COMPANY,2024-01-01,low,"sponsor name 'K SAUNDERS COMPANY' matches; sponsor address differs (3511 PLAZA EAST COURT, GRANBURY TX 76049)",https://askebsa.dol.gov/FOIA%20Files/2024/Latest/F_5500_SF_2024_Latest.zip
biz-670,pension,sponsor name or EIN match without corroboration,264469355-002,K SAUNDERS COMPANY,2025-01-01,low,"sponsor name 'K SAUNDERS COMPANY' matches; sponsor address differs (3511 PLAZA EAST COURT, GRANBURY TX 76049)",https://askebsa.dol.gov/FOIA%20Files/2025/Latest/F_5500_SF_2025_Latest.zip
biz-674,texas_registration,name match without street/ZIP corroboration,32017057400,EAST POINT INSTALLERS INC.,03/23/2005,low,"exact legal name incl. entity suffix: TX 'EAST POINT INSTALLERS INC.'; no address corroboration (TX address PO BOX 597, CHAPPELL HILL TX 77426)",https://data.texas.gov/resource/9cir-efmm.json?taxpayer_number=32017057400
biz-676,texas_registration,"same address, similar but not equal name",17603020250,PREMIER A/C & HEATING COMPANY,12/07/1989,low,"same street+ZIP, similar name (token overlap 0.80): TX 'PREMIER A/C & HEATING COMPANY'; street address corroborates: TX '2109 LOU ELLEN LN, HOUSTON 77018'",https://data.texas.gov/resource/9cir-efmm.json?taxpayer_number=17603020250
biz-678,texas_registration,name match without street/ZIP corroboration,17527460681,"C & C SLAB LEAKS AND PLUMBING, LLC",01/23/1998,low,"exact legal name incl. entity suffix: TX 'C & C SLAB LEAKS AND PLUMBING, LLC'; no address corroboration (TX address PO BOX 756, SEAGOVILLE TX 75159)",https://data.texas.gov/resource/9cir-efmm.json?taxpayer_number=17527460681
biz-682,texas_registration,name match without street/ZIP corroboration,32043625410,"SWAIM CONSTRUCTION GROUP, L.L.C.",02/16/2011,low,"legal name match (entity suffix ignored): TX 'SWAIM CONSTRUCTION GROUP, L.L.C.'; no address corroboration (TX address 5091 LINDA LN, FRISCO TX 75033)",https://data.texas.gov/resource/9cir-efmm.json?taxpayer_number=32043625410
biz-686,texas_registration,name match without street/ZIP corroboration,32052294611,"ELITE HEATING AND AIR CONDITIONING, LLC",10/23/2013,low,"exact legal name incl. entity suffix: TX 'ELITE HEATING AND AIR CONDITIONING, LLC'; city only (AUSTIN); street and ZIP differ",https://data.texas.gov/resource/9cir-efmm.json?taxpayer_number=32052294611
biz-686,texas_registration,name match without street/ZIP corroboration,32096676849,"ELITE HEATING & AIR CONDITIONING, LLC",09/09/2024,low,"exact legal name incl. entity suffix: TX 'ELITE HEATING & AIR CONDITIONING, LLC'; no address corroboration (TX address PO BOX 1504, CANUTILLO TX 79835)",https://data.texas.gov/resource/9cir-efmm.json?taxpayer_number=32096676849
biz-686,pension,sponsor name or EIN match without corroboration,351947444-001,ELITE HEATING AND AIR CONDITIONING,2024-01-01,low,"sponsor name 'ELITE HEATING AND AIR CONDITIONING' matches; sponsor address differs (555 MT. TABOR ROAD, NEW ALBANY IN 47150)",https://askebsa.dol.gov/FOIA%20Files/2024/Latest/F_5500_SF_2024_Latest.zip
biz-686,pension,sponsor name or EIN match without corroboration,463968332-001,ELITE HEATING AND AIR CONDITIONING,2024-01-01,low,"sponsor name 'ELITE HEATING AND AIR CONDITIONING' matches; sponsor address differs (7101 BURLESON RD, AUSTIN TX 78744)",https://askebsa.dol.gov/FOIA%20Files/2024/Latest/F_5500_SF_2024_Latest.zip
biz-686,pension,sponsor name or EIN match without corroboration,223776374-001,"ELITE HEATING AND AIR CONDITIONING,",2024-01-01,low,"sponsor name 'ELITE HEATING AND AIR CONDITIONING,' matches; sponsor address differs (214 CHERRY AVE, VOORHEES NJ 08043)",https://askebsa.dol.gov/FOIA%20Files/2024/Latest/F_5500_SF_2024_Latest.zip
biz-686,pension,sponsor name or EIN match without corroboration,223776374-002,"ELITE HEATING AND AIR CONDITIONING,",2024-01-01,low,"sponsor name 'ELITE HEATING AND AIR CONDITIONING,' matches; sponsor address differs (214 CHERRY AVE, VOORHEES NJ 08043)",https://askebsa.dol.gov/FOIA%20Files/2024/Latest/F_5500_SF_2024_Latest.zip
biz-686,pension,sponsor name or EIN match without corroboration,251589198-001,"ELITE HEATING & AIR CONDITIONING, INC.",2024-01-01,low,"sponsor name 'ELITE HEATING & AIR CONDITIONING, INC.' matches; sponsor address differs (129 CROSS STREET, IRWIN PA 15642)",https://askebsa.dol.gov/FOIA%20Files/2024/Latest/F_5500_SF_2024_Latest.zip
biz-686,pension,sponsor name or EIN match without corroboration,351947444-001,ELITE HEATING AND AIR CONDITIONING,2025-01-01,low,"sponsor name 'ELITE HEATING AND AIR CONDITIONING' matches; sponsor address differs (555 MT. TABOR ROAD, NEW ALBANY IN 47150)",https://askebsa.dol.gov/FOIA%20Files/2025/Latest/F_5500_SF_2025_Latest.zip
biz-686,pension,sponsor name or EIN match without corroboration,463968332-001,ELITE HEATING AND AIR CONDITIONING,2025-01-01,low,"sponsor name 'ELITE HEATING AND AIR CONDITIONING' matches; sponsor address differs (7101 BURLESON RD, AUSTIN TX 78744)",https://askebsa.dol.gov/FOIA%20Files/2025/Latest/F_5500_SF_2025_Latest.zip
biz-686,pension,sponsor name or EIN match without corroboration,223776374-002,"ELITE HEATING AND AIR CONDITIONING,",2025-01-01,low,"sponsor name 'ELITE HEATING AND AIR CONDITIONING,' matches; sponsor address differs (214 CHERRY AVE, VOORHEES NJ 08043)",https://askebsa.dol.gov/FOIA%20Files/2025/Latest/F_5500_SF_2025_Latest.zip
biz-686,pension,sponsor name or EIN match without corroboration,251589198-001,"ELITE HEATING & AIR CONDITIONING, INC.",2025-01-01,low,"sponsor name 'ELITE HEATING & AIR CONDITIONING, INC.' matches; sponsor address differs (129 CROSS STREET, IRWIN PA 15642)",https://askebsa.dol.gov/FOIA%20Files/2025/Latest/F_5500_SF_2025_Latest.zip
biz-686,pension,sponsor name or EIN match without corroboration,223776374-001,"ELITE HEATING AND AIR CONDITIONING,",2025-01-01,low,"sponsor name 'ELITE HEATING AND AIR CONDITIONING,' matches; sponsor address differs (214 CHERRY AVE, VOORHEES NJ 08043)",https://askebsa.dol.gov/FOIA%20Files/2025/Latest/F_5500_SF_2025_Latest.zip
biz-693,texas_registration,"same address, similar but not equal name",32002869447,"PROFESSIONAL PLUMBERS GROUP, INCORPORATED",10/05/2000,low,"same street+ZIP, similar name (token overlap 0.67): TX 'PROFESSIONAL PLUMBERS GROUP, INCORPORATED'; street address corroborates: TX '1322 CENTURY WAY, WYLIE 75098'",https://data.texas.gov/resource/9cir-efmm.json?taxpayer_number=32002869447
biz-702,texas_registration,name match without street/ZIP corroboration,12000763826,"METRO HEATING & COOLING, LTD.",05/29/2003,low,"legal name match (entity suffix ignored): TX 'METRO HEATING & COOLING, LTD.'; no address corroboration (TX address 1960 E INTERSTATE 30, ROCKWALL TX 75087)",https://data.texas.gov/resource/9cir-efmm.json?taxpayer_number=12000763826
biz-702,pension,sponsor name or EIN match without corroboration,581969301-001,"METRO HEATING AND COOLING, INC",2024-01-01,low,"sponsor name 'METRO HEATING AND COOLING, INC' matches; sponsor address differs (1395 OLD MCDONOUGH HWY SE, CONYERS GA 300945937)",https://askebsa.dol.gov/FOIA%20Files/2024/Latest/F_5500_SF_2024_Latest.zip
biz-702,pension,sponsor name or EIN match without corroboration,270208409-001,METRO HEATING & COOLING LLC,2024-01-01,low,"sponsor name 'METRO HEATING & COOLING LLC' matches; sponsor address differs (1220 COPE AVE E, MAPLEWOOD MN 551092505)",https://askebsa.dol.gov/FOIA%20Files/2024/Latest/F_5500_SF_2024_Latest.zip
biz-702,pension,sponsor name or EIN match without corroboration,431411489-001,METRO HEATING & COOLING,2024-01-01,low,"sponsor name 'METRO HEATING & COOLING' matches; sponsor address differs (774 MERUS COURT, FENTON MO 63026)",https://askebsa.dol.gov/FOIA%20Files/2024/Latest/F_5500_SF_2024_Latest.zip
biz-702,pension,sponsor name or EIN match without corroboration,581969301-001,"METRO HEATING AND COOLING, INC",2025-01-01,low,"sponsor name 'METRO HEATING AND COOLING, INC' matches; sponsor address differs (1395 OLD MCDONOUGH HWY SE, CONYERS GA 300945937)",https://askebsa.dol.gov/FOIA%20Files/2025/Latest/F_5500_SF_2025_Latest.zip
biz-702,pension,sponsor name or EIN match without corroboration,270208409-001,METRO HEATING & COOLING LLC,2025-01-01,low,"sponsor name 'METRO HEATING & COOLING LLC' matches; sponsor address differs (1220 COPE AVE E, MAPLEWOOD MN 551092505)",https://askebsa.dol.gov/FOIA%20Files/2025/Latest/F_5500_SF_2025_Latest.zip
biz-709,texas_registration,name match without street/ZIP corroboration,32000396492,"DAVE LANE AIR CONDITIONING, INC.",12/01/1997,low,"legal name match (entity suffix ignored): TX 'DAVE LANE AIR CONDITIONING, INC.'; no address corroboration (TX address 17857 HUFSMITH KOHRVILLE RD UNIT A, TOMBALL TX 77375)",https://data.texas.gov/resource/9cir-efmm.json?taxpayer_number=32000396492
biz-712,texas_registration,name match without street/ZIP corroboration,32034026560,"ULTRA MECHANICAL, INC",10/26/2007,low,"exact legal name incl. entity suffix: TX 'ULTRA MECHANICAL, INC'; no address corroboration (TX address PO BOX 464, ALIEF TX 77411)",https://data.texas.gov/resource/9cir-efmm.json?taxpayer_number=32034026560
biz-712,pension,sponsor name or EIN match without corroboration,811520341-001,ULTRA MECHANICAL INC,2024-01-01,low,"sponsor name 'ULTRA MECHANICAL INC' matches; sponsor address differs (4834 59TH ST, WOODSIDE NY 113775546)",https://askebsa.dol.gov/FOIA%20Files/2024/Latest/F_5500_SF_2024_Latest.zip
biz-719,pension,sponsor name or EIN match without corroboration,475153003-001,"LINC INTERESTS, INC",2024-01-01,low,"sponsor name 'LINC INTERESTS, INC' matches; sponsor address differs (9424 W LITTLE YORK RD., HOUSTON TX 77040)",https://askebsa.dol.gov/FOIA%20Files/2024/Latest/F_5500_SF_2024_Latest.zip
biz-719,pension,sponsor name or EIN match without corroboration,475153003-001,"LINC INTERESTS, INC",2025-01-01,low,"sponsor name 'LINC INTERESTS, INC' matches; sponsor address differs (9302 HWY 6 N, SUITE 100, HOUSTON TX 77095)",https://askebsa.dol.gov/FOIA%20Files/2025/Latest/F_5500_SF_2025_Latest.zip
biz-723,texas_registration,name match without street/ZIP corroboration,32059987993,"CAT TECH, LLC",03/23/2016,low,"exact legal name incl. entity suffix: TX 'CAT TECH, LLC'; no address corroboration (TX address 200 AVENUE I, ALVIN TX 77511)",https://data.texas.gov/resource/9cir-efmm.json?taxpayer_number=32059987993
biz-725,texas_registration,name match without street/ZIP corroboration,32033883847,"RICK AND DICKSIE, LLC",10/05/2007,low,"exact legal name incl. entity suffix: TX 'RICK AND DICKSIE, LLC'; no address corroboration (TX address 10618 S LAKEWOOD AVE, TULSA OK 74137)",https://data.texas.gov/resource/9cir-efmm.json?taxpayer_number=32033883847
biz-726,texas_registration,name match without street/ZIP corroboration,17417674995,JAY HARKINS COMPANY,09/26/1973,low,"same street+ZIP, similar name (token overlap 0.50): TX 'JAY HARKINS COMPANY'; street address corroborates: TX '618 N HIGHWAY 95, ELGIN 78621'",https://data.texas.gov/resource/9cir-efmm.json?taxpayer_number=17417674995
biz-726,texas_registration,name match without street/ZIP corroboration,32093369364,HARKINS LLC,01/22/2024,low,"legal name match (entity suffix ignored): TX 'HARKINS LLC'; no address corroboration (TX address 320 ANDRE DR, IRVING TX 75063); entity type differs (PPP 'corp' vs TX 'llc'): possible conversion/successor, charter date may not cover the PPP entity",https://data.texas.gov/resource/9cir-efmm.json?taxpayer_number=32093369364
biz-727,texas_registration,name match without street/ZIP corroboration,17421077656,"KENDZIORA PLUMBING CO., INC.",04/22/1980,low,"legal name match (entity suffix ignored): TX 'KENDZIORA PLUMBING CO., INC.'; ZIP 77037 corroborates (street differs: TX '7552 WERNER ST')",https://data.texas.gov/resource/9cir-efmm.json?taxpayer_number=17421077656
biz-728,texas_registration,name match without street/ZIP corroboration,32041404685,"TRI-COUNTY AIR CARE, LLC",03/10/2010,low,"exact legal name incl. entity suffix: TX 'TRI-COUNTY AIR CARE, LLC'; no address corroboration (TX address PO BOX 165, FARMERSVILLE TX 75442)",https://data.texas.gov/resource/9cir-efmm.json?taxpayer_number=32041404685
biz-729,texas_registration,name match without street/ZIP corroboration,17528713534,"FREDRICK LEE PRESS PLUMBING, LLC",03/31/2000,low,"exact legal name incl. entity suffix: TX 'FREDRICK LEE PRESS PLUMBING, LLC'; no address corroboration (TX address 12365 FM 859, WILLS POINT TX 75169)",https://data.texas.gov/resource/9cir-efmm.json?taxpayer_number=17528713534
biz-731,pension,sponsor name or EIN match without corroboration,274112708-001,RELIABLE PLANT MAINTENANCE LLC,2024-01-01,low,"sponsor name 'RELIABLE PLANT MAINTENANCE LLC' matches; sponsor address differs (244 E BALBOA DR, TEMPE AZ 85282)",https://askebsa.dol.gov/FOIA%20Files/2024/Latest/F_5500_SF_2024_Latest.zip
biz-731,pension,sponsor name or EIN match without corroboration,274112708-001,RELIABLE PLANT MAINTENANCE LLC,2025-01-01,low,"sponsor name 'RELIABLE PLANT MAINTENANCE LLC' matches; sponsor address differs (244 E BALBOA DR, TEMPE AZ 85282)",https://askebsa.dol.gov/FOIA%20Files/2025/Latest/F_5500_SF_2025_Latest.zip
biz-740,texas_registration,name match without street/ZIP corroboration,32054992501,"BURDETT PLUMBING SERVICES, L.L.C.",08/27/2014,low,"exact legal name incl. entity suffix: TX 'BURDETT PLUMBING SERVICES, L.L.C.'; no address corroboration (TX address PO BOX 528, WHITESBORO TX 76273)",https://data.texas.gov/resource/9cir-efmm.json?taxpayer_number=32054992501
biz-740,pension,sponsor name or EIN match without corroboration,471699399-001,"BURDETT PLUMBING SERVICES, LLC",2024-01-01,low,"sponsor name 'BURDETT PLUMBING SERVICES, LLC' matches; sponsor address differs (PO BOX 528, WHITESBORO TX 76274)",https://askebsa.dol.gov/FOIA%20Files/2024/Latest/F_5500_SF_2024_Latest.zip
biz-740,pension,sponsor name or EIN match without corroboration,471699399-001,"BURDETT PLUMBING SERVICES, LLC",2025-01-01,low,"sponsor name 'BURDETT PLUMBING SERVICES, LLC' matches; sponsor address differs (PO BOX 528, WHITESBORO TX 76274)",https://askebsa.dol.gov/FOIA%20Files/2025/Latest/F_5500_SF_2025_Latest.zip
biz-744,texas_registration,"same address, similar but not equal name",17601785102,"BATES AIR CONDITIONING & SERVICE CO., LLC",09/29/2021,low,"same street+ZIP, similar name (token overlap 0.80): TX 'BATES AIR CONDITIONING & SERVICE CO., LLC'; street address corroborates: TX '620 RANKIN CIR N, HOUSTON 77073'",https://data.texas.gov/resource/9cir-efmm.json?taxpayer_number=17601785102
biz-745,texas_registration,name match without street/ZIP corroboration,17512868385,"BRANTON COMPANY, INC.",09/09/1968,low,"exact legal name incl. entity suffix: TX 'BRANTON COMPANY, INC.'; no address corroboration (TX address 12001 N CENTRAL EXPY STE 500, DALLAS TX 75243)",https://data.texas.gov/resource/9cir-efmm.json?taxpayer_number=17512868385
biz-747,texas_registration,name match without street/ZIP corroboration,32036928755,"MTW PIPEWORKS, LTD.",05/01/2008,low,"exact legal name incl. entity suffix: TX 'MTW PIPEWORKS, LTD.'; no address corroboration (TX address 4405 DIRECTORS ROW, HOUSTON TX 77092)",https://data.texas.gov/resource/9cir-efmm.json?taxpayer_number=32036928755
biz-748,pension,sponsor name or EIN match without corroboration,330533069-001,"CORPORATE ENTERPRISES, INC.",2024-01-01,low,"sponsor name 'CORPORATE ENTERPRISES, INC.' matches; sponsor address differs (PO BOX 8858, NEWPORT BEACH CA 926588858)",https://askebsa.dol.gov/FOIA%20Files/2024/Latest/F_5500_SF_2024_Latest.zip
biz-748,pension,sponsor name or EIN match without corroboration,330533069-001,"CORPORATE ENTERPRISES, INC.",2025-01-01,low,"sponsor name 'CORPORATE ENTERPRISES, INC.' matches; sponsor address differs (PO BOX 8858, NEWPORT BEACH CA 926588858)",https://askebsa.dol.gov/FOIA%20Files/2025/Latest/F_5500_SF_2025_Latest.zip
biz-750,texas_registration,name match without street/ZIP corroboration,32044690934,"TNT SYSTEM SOLUTIONS, INC.",07/21/2011,low,"exact legal name incl. entity suffix: TX 'TNT SYSTEM SOLUTIONS, INC.'; no address corroboration (TX address PO BOX 1572, BROWNWOOD TX 76804)",https://data.texas.gov/resource/9cir-efmm.json?taxpayer_number=32044690934
biz-758,pension,sponsor name or EIN match without corroboration,821367957-001,MR ROOTER PLUMBING,2024-01-01,low,"sponsor name 'MR ROOTER PLUMBING' matches; sponsor address differs (410 W VALLEY BLVD, COLTON CA 92324)",https://askebsa.dol.gov/FOIA%20Files/2024/Latest/F_5500_SF_2024_Latest.zip
biz-758,pension,sponsor name or EIN match without corroboration,821367957-001,MR ROOTER PLUMBING,2025-01-01,low,"sponsor name 'MR ROOTER PLUMBING' matches; sponsor address differs (410 W VALLEY BLVD, COLTON CA 92324)",https://askebsa.dol.gov/FOIA%20Files/2025/Latest/F_5500_SF_2025_Latest.zip
biz-760,texas_registration,name match without street/ZIP corroboration,32040924907,KTB SERVICES LLC,12/31/2009,low,"exact legal name incl. entity suffix: TX 'KTB SERVICES LLC'; no address corroboration (TX address PO BOX 133096, SPRING TX 77393)",https://data.texas.gov/resource/9cir-efmm.json?taxpayer_number=32040924907
biz-760,pension,sponsor name or EIN match without corroboration,844737172-001,KTB SERVICES LLC,2025-01-01,low,"sponsor name 'KTB SERVICES LLC' matches; sponsor address differs (20 JACKSON DR, CRANFORD NJ 07016)",https://askebsa.dol.gov/FOIA%20Files/2025/Latest/F_5500_SF_2025_Latest.zip
biz-761,texas_registration,name match without street/ZIP corroboration,15104459233,"BARRERA PLUMBING, L.L.C.",02/20/2003,low,"legal name match (entity suffix ignored): TX 'BARRERA PLUMBING, L.L.C.'; no address corroboration (TX address PO BOX 550566, DALLAS TX 75355)",https://data.texas.gov/resource/9cir-efmm.json?taxpayer_number=15104459233
biz-762,texas_registration,"same address, similar but not equal name",17603986153,"ALL AMERICAN AIR & APPLIANCE MECHANICAL SERVICES,",04/15/1993,low,"same street+ZIP, similar name (token overlap 0.88): TX 'ALL AMERICAN AIR & APPLIANCE MECHANICAL SERVICES,'; street address corroborates: TX '15002 MINTZ LN, HOUSTON 77014'",https://data.texas.gov/resource/9cir-efmm.json?taxpayer_number=17603986153
biz-765,pension,sponsor name or EIN match without corroboration,721227287-001,STRATUS SYSTEMS INC,2024-01-01,low,"sponsor name 'STRATUS SYSTEMS INC' matches; sponsor address differs (7550 HIGHWAY 23, BELLE CHASSE LA 700371504)",https://askebsa.dol.gov/FOIA%20Files/2024/Latest/F_5500_SF_2024_Latest.zip
biz-765,pension,sponsor name or EIN match without corroboration,721227287-001,"STRATUS SYSTEMS, INC.",2025-01-01,low,"sponsor name 'STRATUS SYSTEMS, INC.' matches; sponsor address differs (7550 LA-23, BELLE CHASE LA 70037)",https://askebsa.dol.gov/FOIA%20Files/2025/Latest/F_5500_SF_2025_Latest.zip
biz-769,pension,sponsor name or EIN match without corroboration,461450218-001,"CITY PLUMBING, LLC",2024-01-01,low,"sponsor name 'CITY PLUMBING, LLC' matches; sponsor address differs (3383 MILLER ST, PHILADELPHIA PA 19134)",https://askebsa.dol.gov/FOIA%20Files/2024/Latest/F_5500_SF_2024_Latest.zip
biz-769,pension,sponsor name or EIN match without corroboration,461450218-001,"CITY PLUMBING, LLC",2025-01-01,low,"sponsor name 'CITY PLUMBING, LLC' matches; sponsor address differs (3383 MILLER ST, PHILADELPHIA PA 19134)",https://askebsa.dol.gov/FOIA%20Files/2025/Latest/F_5500_SF_2025_Latest.zip
biz-770,texas_registration,"same address, similar but not equal name",17420113700,SHORELINE PLUMBING AND CONSTRUCTION LLC,02/20/2025,low,"same street+ZIP, similar name (token overlap 0.50): TX 'SHORELINE PLUMBING AND CONSTRUCTION LLC'; street address corroborates: TX '1954 SARATOGA BLVD, CORPUS CHRISTI 78417'",https://data.texas.gov/resource/9cir-efmm.json?taxpayer_number=17420113700
biz-770,pension,sponsor name or EIN match without corroboration,330929597-001,SHORELINE PLUMBING INC,2024-01-01,low,"sponsor name 'SHORELINE PLUMBING INC' matches; sponsor address differs (48 VIA ADRIAN, SAN CLEMENTE CA 926737026)",https://askebsa.dol.gov/FOIA%20Files/2024/Latest/F_5500_SF_2024_Latest.zip
biz-770,pension,sponsor name or EIN match without corroboration,330929597-001,SHORELINE PLUMBING INC,2025-01-01,low,"sponsor name 'SHORELINE PLUMBING INC' matches; sponsor address differs (48 VIA ADRIAN, SAN CLEMENTE CA 926737026)",https://askebsa.dol.gov/FOIA%20Files/2025/Latest/F_5500_SF_2025_Latest.zip
biz-771,pension,sponsor name or EIN match without corroboration,204010142-001,IDEAL AIR SERVICES INC,2024-01-01,low,"sponsor name 'IDEAL AIR SERVICES INC' matches; sponsor address differs (3920 PITTS RD, KATY TX 77493)",https://askebsa.dol.gov/FOIA%20Files/2024/Latest/F_5500_SF_2024_Latest.zip
biz-771,pension,sponsor name or EIN match without corroboration,204010142-001,IDEAL AIR SERVICES INC,2025-01-01,low,"sponsor name 'IDEAL AIR SERVICES INC' matches; sponsor address differs (3920 PITTS RD, KATY TX 77493)",https://askebsa.dol.gov/FOIA%20Files/2025/Latest/F_5500_SF_2025_Latest.zip
biz-773,texas_registration,name match without street/ZIP corroboration,32056385258,"J & S PLUMBING SERVICES, LLC",02/11/2015,low,"exact legal name incl. entity suffix: TX 'J & S PLUMBING SERVICES, LLC'; no address corroboration (TX address 2501 N HIGHWAY 175, SEAGOVILLE TX 75159)",https://data.texas.gov/resource/9cir-efmm.json?taxpayer_number=32056385258
biz-774,texas_registration,name match without street/ZIP corroboration,32038537125,"COAST TO COAST MECHANICAL, LLC",12/19/2008,low,"exact legal name incl. entity suffix: TX 'COAST TO COAST MECHANICAL, LLC'; no address corroboration (TX address 528 MEADOWSIDE DR, HUTTO TX 78634)",https://data.texas.gov/resource/9cir-efmm.json?taxpayer_number=32038537125
biz-778,texas_registration,name match without street/ZIP corroboration,32105970688,"MLL ENTERPRISES, LLC",05/10/2026,low,"legal name match (entity suffix ignored): TX 'MLL ENTERPRISES, LLC'; no address corroboration (TX address 313 LANDVIEW DR, BURLESON TX 76028); entity type differs (PPP 'corp' vs TX 'llc'): possible conversion/successor, charter date may not cover the PPP entity",https://data.texas.gov/resource/9cir-efmm.json?taxpayer_number=32105970688
biz-780,texas_registration,name match without street/ZIP corroboration,17602381885,"COMM AIR, INC.",01/21/1988,low,"exact legal name incl. entity suffix: TX 'COMM AIR, INC.'; no address corroboration (TX address PO BOX 2430, SUGAR LAND TX 77487)",https://data.texas.gov/resource/9cir-efmm.json?taxpayer_number=17602381885
biz-781,texas_registration,name match without street/ZIP corroboration,32059033335,"METRO EXPRESS SERVICE, LLC",12/10/2015,low,"exact legal name incl. entity suffix: TX 'METRO EXPRESS SERVICE, LLC'; no address corroboration (TX address 6552 STEPHENSON LEVY RD, FORT WORTH TX 76140)",https://data.texas.gov/resource/9cir-efmm.json?taxpayer_number=32059033335
biz-784,texas_registration,name match without street/ZIP corroboration,32037202580,"AXIUM SOLAR, INC.",06/03/2008,low,"exact legal name incl. entity suffix: TX 'AXIUM SOLAR, INC.'; no address corroboration (TX address 3499 FM 1461, MCKINNEY TX 75071)",https://data.texas.gov/resource/9cir-efmm.json?taxpayer_number=32037202580
biz-790,texas_registration,name match without street/ZIP corroboration,17600113900,"ENVIRONMENTAL AIR SYSTEMS, INC.",03/19/1982,low,"exact legal name incl. entity suffix: TX 'ENVIRONMENTAL AIR SYSTEMS, INC.'; city only (HOUSTON); street and ZIP differ",https://data.texas.gov/resource/9cir-efmm.json?taxpayer_number=17600113900
biz-790,texas_registration,name match without street/ZIP corroboration,32045420943,"ENVIRONMENTAL AIR SYSTEMS, LLC",10/25/2011,low,"legal name match (entity suffix ignored): TX 'ENVIRONMENTAL AIR SYSTEMS, LLC'; city only (HOUSTON); street and ZIP differ; entity type differs (PPP 'corp' vs TX 'llc'): possible conversion/successor, charter date may not cover the PPP entity",https://data.texas.gov/resource/9cir-efmm.json?taxpayer_number=32045420943
biz-790,pension,sponsor name or EIN match without corroboration,223283973-001,ENVIRONMENTAL AIR SYSTEMS,2024-07-01,low,"sponsor name 'ENVIRONMENTAL AIR SYSTEMS' matches; sponsor address differs (801 11TH AVE, BELMAR NJ 07719)",https://askebsa.dol.gov/FOIA%20Files/2024/Latest/F_5500_SF_2024_Latest.zip
biz-792,texas_registration,name match without street/ZIP corroboration,17525734954,"HEDRICK MECHANICAL, INC.",12/28/1994,low,"exact legal name incl. entity suffix: TX 'HEDRICK MECHANICAL, INC.'; no address corroboration (TX address PO BOX 1990, ROWLETT TX 75030)",https://data.texas.gov/resource/9cir-efmm.json?taxpayer_number=17525734954
biz-792,pension,sponsor name or EIN match without corroboration,752573495-001,HEDRICK MECHANICAL INC,2024-01-01,low,"sponsor name 'HEDRICK MECHANICAL INC' matches; sponsor address differs (PO BOX 1990, ROWLETT TX 750301990)",https://askebsa.dol.gov/FOIA%20Files/2024/Latest/F_5500_SF_2024_Latest.zip
biz-792,pension,sponsor name or EIN match without corroboration,752573495-001,HEDRICK MECHANICAL INC,2025-01-01,low,"sponsor name 'HEDRICK MECHANICAL INC' matches; sponsor address differs (PO BOX 1990, ROWLETT TX 750301990)",https://askebsa.dol.gov/FOIA%20Files/2025/Latest/F_5500_SF_2025_Latest.zip
biz-794,texas_registration,"same address, similar but not equal name",17513131171,ARTHUR HAGAR CORPORATION,01/07/1970,low,"same street+ZIP, similar name (token overlap 0.50): TX 'ARTHUR HAGAR CORPORATION'; street address corroborates: TX '5020 SE LOOP 820, FORT WORTH 76140'",https://data.texas.gov/resource/9cir-efmm.json?taxpayer_number=17513131171
biz-802,texas_registration,name match without street/ZIP corroboration,32034306210,"A & A PLUMBING, LLC",12/12/2007,low,"exact legal name incl. entity suffix: TX 'A & A PLUMBING, LLC'; no address corroboration (TX address 121 WINDY MEADOWS DR, SCHERTZ TX 78154)",https://data.texas.gov/resource/9cir-efmm.json?taxpayer_number=32034306210
biz-804,texas_registration,name match without street/ZIP corroboration,32048177789,"S.M.R. PLUMBING, INC.",06/06/2012,low,"exact legal name incl. entity suffix: TX 'S.M.R. PLUMBING, INC.'; no address corroboration (TX address 4835 NORMA ST, DALLAS TX 75247)",https://data.texas.gov/resource/9cir-efmm.json?taxpayer_number=32048177789
biz-807,texas_registration,name match without street/ZIP corroboration,17523229304,HOPPER AIR CONDITIONING & HEATING CO.,03/22/1990,low,"legal name match (entity suffix ignored): TX 'HOPPER AIR CONDITIONING & HEATING CO.'; no address corroboration (TX address 1401 PI BLVD SUITE C, RICHARDSON TX 75081)",https://data.texas.gov/resource/9cir-efmm.json?taxpayer_number=17523229304
biz-814,texas_registration,"same address, similar but not equal name",17525268524,"GUY'S PLUMBING, HEATING & AIR, LTD.",02/21/2003,low,"same street+ZIP, similar name (token overlap 0.83): TX 'GUY'S PLUMBING, HEATING & AIR, LTD.'; street address corroborates: TX '6326 CANYON DR, AMARILLO 79109'",https://data.texas.gov/resource/9cir-efmm.json?taxpayer_number=17525268524
biz-821,pension,sponsor name or EIN match without corroboration,810717513-001,COMPLETE SYSTEM BALANCE LLC,2024-01-01,low,"sponsor name 'COMPLETE SYSTEM BALANCE LLC' matches; sponsor address differs (PO BOX 399, ROCKWALL TX 75087)",https://askebsa.dol.gov/FOIA%20Files/2024/Latest/F_5500_SF_2024_Latest.zip
biz-821,pension,sponsor name or EIN match without corroboration,810717513-001,COMPLETE SYSTEM BALANCE LLC,2025-01-01,low,"sponsor name 'COMPLETE SYSTEM BALANCE LLC' matches; sponsor address differs (PO BOX 399, ROCKWALL TX 75087)",https://askebsa.dol.gov/FOIA%20Files/2025/Latest/F_5500_SF_2025_Latest.zip
biz-823,pension,sponsor name or EIN match without corroboration,870486338-002,"CHAPARRAL PLUMBING, INC.",2024-01-01,low,"sponsor name 'CHAPARRAL PLUMBING, INC.' matches; sponsor address differs (8680 SOUTH MONROE STREET, SANDY UT 84070)",https://askebsa.dol.gov/FOIA%20Files/2024/Latest/F_5500_SF_2024_Latest.zip
biz-833,texas_registration,name match without street/ZIP corroboration,32103059039,J&N SERVICES LLC,11/14/2025,low,"exact legal name incl. entity suffix: TX 'J&N SERVICES LLC'; no address corroboration (TX address 1340 W GRAY ST, HOUSTON TX 77019)",https://data.texas.gov/resource/9cir-efmm.json?taxpayer_number=32103059039
biz-833,pension,sponsor name or EIN match without corroboration,161240657-001,J & N SERVICES CORP.,2024-01-01,low,"sponsor name 'J & N SERVICES CORP.' matches; sponsor address differs (244 AERO DRIVE, BUFFALO NY 14225)",https://askebsa.dol.gov/FOIA%20Files/2024/Latest/F_5500_SF_2024_Latest.zip
biz-833,pension,sponsor name or EIN match without corroboration,161240657-001,J & N SERVICES CORP.,2025-01-01,low,"sponsor name 'J & N SERVICES CORP.' matches; sponsor address differs (244 AERO DRIVE, BUFFALO NY 14225)",https://askebsa.dol.gov/FOIA%20Files/2025/Latest/F_5500_SF_2025_Latest.zip
biz-836,texas_registration,name match without street/ZIP corroboration,32056087060,"BIG BLADE PLUMBING & ROOTER SERVICE, INC.",01/09/2015,low,"exact legal name incl. entity suffix: TX 'BIG BLADE PLUMBING & ROOTER SERVICE, INC.'; no address corroboration (TX address PO BOX 3581, CLEBURNE TX 76033)",https://data.texas.gov/resource/9cir-efmm.json?taxpayer_number=32056087060
biz-841,texas_registration,name match without street/ZIP corroboration,32060296566,THE REPIPE COMPANY LLC,04/27/2016,low,"exact legal name incl. entity suffix: TX 'THE REPIPE COMPANY LLC'; no address corroboration (TX address 310 MORNINGSIDE DR, FRIENDSWOOD TX 77546)",https://data.texas.gov/resource/9cir-efmm.json?taxpayer_number=32060296566
biz-846,texas_registration,name match without street/ZIP corroboration,32024836044,"SALAS PLUMBING, INC.",01/12/2007,low,"exact legal name incl. entity suffix: TX 'SALAS PLUMBING, INC.'; no address corroboration (TX address 4360 MAPLESHADE LN, PLANO TX 75093)",https://data.texas.gov/resource/9cir-efmm.json?taxpayer_number=32024836044
biz-846,pension,sponsor name or EIN match without corroboration,208271232-001,"SALAS PLUMBING, INC.",2024-01-01,low,"sponsor name 'SALAS PLUMBING, INC.' matches; sponsor address differs (4360 MAPLESHADE LANE, PLANO TX 75093)",https://askebsa.dol.gov/FOIA%20Files/2024/Latest/F_5500_SF_2024_Latest.zip
biz-849,texas_registration,name match without street/ZIP corroboration,17602740908,"SANTHOFF PLUMBING COMPANY, INC.",07/25/1988,low,"legal name match (entity suffix ignored): TX 'SANTHOFF PLUMBING COMPANY, INC.'; no address corroboration (TX address 1519 5TH ST, MISSOURI CITY TX 77489)",https://data.texas.gov/resource/9cir-efmm.json?taxpayer_number=17602740908
biz-849,pension,sponsor name or EIN match without corroboration,760274090-001,SANTHOFF PLUMBING COMPANY INC.,2024-01-01,low,"sponsor name 'SANTHOFF PLUMBING COMPANY INC.' matches; sponsor address differs (1519 5TH ST, MISSOURI CITY TX 77489)",https://askebsa.dol.gov/FOIA%20Files/2024/Latest/F_5500_SF_2024_Latest.zip
biz-849,pension,sponsor name or EIN match without corroboration,760274090-001,SANTHOFF PLUMBING COMPANY INC.,2025-01-01,low,"sponsor name 'SANTHOFF PLUMBING COMPANY INC.' matches; sponsor address differs (1519 5TH ST, MISSOURI CITY TX 77489)",https://askebsa.dol.gov/FOIA%20Files/2025/Latest/F_5500_SF_2025_Latest.zip
biz-851,texas_registration,name match without street/ZIP corroboration,32061474519,"HCE PLUMBING CONTRACTORS, LLC",09/02/2016,low,"exact legal name incl. entity suffix: TX 'HCE PLUMBING CONTRACTORS, LLC'; no address corroboration (TX address PO BOX 551793, DALLAS TX 75355)",https://data.texas.gov/resource/9cir-efmm.json?taxpayer_number=32061474519
biz-854,texas_registration,name match without street/ZIP corroboration,32052333484,GOLD STANDARD PLUMBING LLC,10/29/2013,low,"exact legal name incl. entity suffix: TX 'GOLD STANDARD PLUMBING LLC'; no address corroboration (TX address 18335 BRACKEN DR UNIT 4, SAN ANTONIO TX 78266)",https://data.texas.gov/resource/9cir-efmm.json?taxpayer_number=32052333484
biz-859,pension,sponsor name or EIN match without corroboration,822850162-001,PHOENIX PLUMBING LLC,2024-01-01,low,"sponsor name 'PHOENIX PLUMBING LLC' matches; sponsor address differs (625 W CROSSVILLE RD STE 202, ROSWELL GA 300757515)",https://askebsa.dol.gov/FOIA%20Files/2024/Latest/F_5500_SF_2024_Latest.zip
biz-859,pension,sponsor name or EIN match without corroboration,822850162-001,PHOENIX PLUMBING LLC,2025-01-01,low,"sponsor name 'PHOENIX PLUMBING LLC' matches; sponsor address differs (625 W CROSSVILLE RD STE 204, ROSWELL GA 300757515)",https://askebsa.dol.gov/FOIA%20Files/2025/Latest/F_5500_SF_2025_Latest.zip
biz-861,texas_registration,name match without street/ZIP corroboration,32050075913,"JDW ENERGY, LLC",01/31/2013,low,"exact legal name incl. entity suffix: TX 'JDW ENERGY, LLC'; no address corroboration (TX address 2109 CLEAR LAKE RD STE 400, WEATHERFORD TX 76087)",https://data.texas.gov/resource/9cir-efmm.json?taxpayer_number=32050075913
biz-863,texas_registration,name match without street/ZIP corroboration,32066743926,"SWAN PLUMBING HEATING & AIR, LLC",04/28/2025,low,"legal name match (entity suffix ignored): TX 'SWAN PLUMBING HEATING & AIR, LLC'; no address corroboration (TX address 3610 N JOSEY LN STE 223, CARROLLTON TX 75007); entity type differs (PPP 'corp' vs TX 'llc'): possible conversion/successor, charter date may not cover the PPP entity",https://data.texas.gov/resource/9cir-efmm.json?taxpayer_number=32066743926
biz-863,pension,sponsor name or EIN match without corroboration,825056832-001,SWAN PLUMBING HEATING & AIR INC.,2024-01-01,low,"sponsor name 'SWAN PLUMBING HEATING & AIR INC.' matches; sponsor address differs (309 US HWY 80 W, SUNNYVALE TX 75182)",https://askebsa.dol.gov/FOIA%20Files/2024/Latest/F_5500_SF_2024_Latest.zip
biz-863,pension,sponsor name or EIN match without corroboration,825056832-001,SWAN PLUMBING HEATING & AIR INC.,2025-01-01,low,"sponsor name 'SWAN PLUMBING HEATING & AIR INC.' matches; sponsor address differs (309 US HWY 80 W, SUNNYVALE TX 75182)",https://askebsa.dol.gov/FOIA%20Files/2025/Latest/F_5500_SF_2025_Latest.zip
biz-870,pension,sponsor name or EIN match without corroboration,751490649-001,"DON BURDEN & ASSOCIATES, INC.",2025-01-01,low,"sponsor name 'DON BURDEN & ASSOCIATES, INC.' matches; sponsor address differs (P.O. BOX 9, VAN ALSTYNE TX 75495)",https://askebsa.dol.gov/FOIA%20Files/2025/Latest/F_5500_SF_2025_Latest.zip
biz-881,texas_registration,name match without street/ZIP corroboration,17424323487,"AIR PRO, INCORPORATED",09/19/1986,low,"legal name match (entity suffix ignored): TX 'AIR PRO, INCORPORATED'; city only (AUSTIN); street and ZIP differ",https://data.texas.gov/resource/9cir-efmm.json?taxpayer_number=17424323487
biz-881,pension,sponsor name or EIN match without corroboration,310830725-002,"AIR/PRO, INC.",2024-01-01,low,"sponsor name 'AIR/PRO, INC.' matches; sponsor address differs (1411 COMMERCE PARK DRIVE, TIPP CITY OH 45371)",https://askebsa.dol.gov/FOIA%20Files/2024/Latest/F_5500_SF_2024_Latest.zip
biz-886,texas_registration,"same address, similar but not equal name",32038222595,"MINYARD SONS SERVICES, INC.",10/24/2008,low,"same street+ZIP, similar name (token overlap 0.50): TX 'MINYARD SONS SERVICES, INC.'; street address corroborates: TX '1004 CEDAR PARK DR, CEDAR PARK 78613'",https://data.texas.gov/resource/9cir-efmm.json?taxpayer_number=32038222595
biz-895,pension,sponsor name or EIN match without corroboration,462541707-001,"P&E MECHANICAL CONTRACTORS, LLC",2024-01-01,low,"sponsor name 'P&E MECHANICAL CONTRACTORS, LLC' matches; sponsor address differs (5279 N. STATE HWY 6, WACO TX 76710)",https://askebsa.dol.gov/FOIA%20Files/2024/Latest/F_5500_SF_2024_Latest.zip
biz-895,pension,sponsor name or EIN match without corroboration,462541707-001,"P&E MECHANICAL CONTRACTORS, LLC",2025-01-01,low,"sponsor name 'P&E MECHANICAL CONTRACTORS, LLC' matches; sponsor address differs (5279 N. STATE HWY 6, WACO TX 76710)",https://askebsa.dol.gov/FOIA%20Files/2025/Latest/F_5500_SF_2025_Latest.zip
biz-900,texas_registration,name match without street/ZIP corroboration,17528921848,"SERVICE SPECIALIST, L.L.C.",06/28/2000,low,"exact legal name incl. entity suffix: TX 'SERVICE SPECIALIST, L.L.C.'; no address corroboration (TX address 405 STATE HIGHWAY 121 BYP STE D100, LEWISVILLE TX 75067)",https://data.texas.gov/resource/9cir-efmm.json?taxpayer_number=17528921848
biz-901,texas_registration,name match without street/ZIP corroboration,32036784158,"STAR COOLING TOWERS, L.P.",06/06/2001,low,"exact legal name incl. entity suffix: TX 'STAR COOLING TOWERS, L.P.'; no address corroboration (TX address 121 N PASADENA BLVD, PASADENA TX 77506)",https://data.texas.gov/resource/9cir-efmm.json?taxpayer_number=32036784158
biz-914,pension,sponsor name or EIN match without corroboration,640893270-001,"THE YATES COMPANIES, INC.",2024-01-01,low,"sponsor name 'THE YATES COMPANIES, INC.' matches; sponsor address differs (P.O. BOX 291, JACKSON MS 39205)",https://askebsa.dol.gov/FOIA%20Files/2024/Latest/F_5500_2024_Latest.zip
biz-914,pension,sponsor name or EIN match without corroboration,873779035-001,"YATES, LLC",2024-01-01,low,"sponsor name 'YATES, LLC' matches; sponsor address differs (2800 CENTURY PKWY NE STE 300, ATLANTA GA 303453140)",https://askebsa.dol.gov/FOIA%20Files/2024/Latest/F_5500_2024_Latest.zip
biz-914,pension,sponsor name or EIN match without corroboration,640893270-001,"THE YATES COMPANIES, INC.",2025-01-01,low,"sponsor name 'THE YATES COMPANIES, INC.' matches; sponsor address differs (P.O. BOX 291, JACKSON MS 39205)",https://askebsa.dol.gov/FOIA%20Files/2025/Latest/F_5500_2025_Latest.zip
biz-915,texas_registration,name match without street/ZIP corroboration,32065146659,"FRS TRENCHCORE, INC.",10/17/2017,low,"exact legal name incl. entity suffix: TX 'FRS TRENCHCORE, INC.'; no address corroboration (TX address 15911 ROSEVIEW LN, CYPRESS TX 77429)",https://data.texas.gov/resource/9cir-efmm.json?taxpayer_number=32065146659
biz-918,texas_registration,name match without street/ZIP corroboration,32066174247,"ANCHOR INSULATION OF TEXAS, LLC",02/07/2018,low,"exact legal name incl. entity suffix: TX 'ANCHOR INSULATION OF TEXAS, LLC'; no address corroboration (TX address 4718 COTTON BELT DR, SAN ANTONIO TX 78219)",https://data.texas.gov/resource/9cir-efmm.json?taxpayer_number=32066174247
biz-922,texas_registration,"same address, similar but not equal name",17514570484,KAHN AIR CONDITIONING & HEATING COMPANY,10/21/1974,low,"same street+ZIP, similar name (token overlap 0.71): TX 'KAHN AIR CONDITIONING & HEATING COMPANY'; street address corroborates: TX '2787 IRVING BLVD STE 130, DALLAS 75207'",https://data.texas.gov/resource/9cir-efmm.json?taxpayer_number=17514570484
biz-924,texas_registration,name match without street/ZIP corroboration,32042629827,"PLUMBING ACEE, INC.",09/13/2010,low,"exact legal name incl. entity suffix: TX 'PLUMBING ACEE, INC.'; no address corroboration (TX address PO BOX 229, FRIENDSWOOD TX 77549)",https://data.texas.gov/resource/9cir-efmm.json?taxpayer_number=32042629827
biz-926,texas_registration,name match without street/ZIP corroboration,32040861653,"W.T. STOVALL HOLDINGS, INC.",12/18/2009,low,"exact legal name incl. entity suffix: TX 'W.T. STOVALL HOLDINGS, INC.'; no address corroboration (TX address PO BOX 10308, MIDLAND TX 79702)",https://data.texas.gov/resource/9cir-efmm.json?taxpayer_number=32040861653
biz-929,texas_registration,name match without street/ZIP corroboration,32043186454,"COLD TEX REFRIGERATION, LLC",12/13/2010,low,"exact legal name incl. entity suffix: TX 'COLD TEX REFRIGERATION, LLC'; no address corroboration (TX address 109 METRO DR, TERRELL TX 75160)",https://data.texas.gov/resource/9cir-efmm.json?taxpayer_number=32043186454
biz-929,pension,sponsor name or EIN match without corroboration,383827873-001,"COLD TEX REFRIGERATION, LLC",2024-01-01,low,"sponsor name 'COLD TEX REFRIGERATION, LLC' matches; sponsor address differs (109 METRO DRIVE, TERRELL TX 75160)",https://askebsa.dol.gov/FOIA%20Files/2024/Latest/F_5500_SF_2024_Latest.zip
biz-929,pension,sponsor name or EIN match without corroboration,383827873-001,"COLD TEX REFRIGERATION, LLC",2025-01-01,low,"sponsor name 'COLD TEX REFRIGERATION, LLC' matches; sponsor address differs (109 METRO DRIVE, TERRELL TX 75160)",https://askebsa.dol.gov/FOIA%20Files/2025/Latest/F_5500_SF_2025_Latest.zip
biz-932,texas_registration,name match without street/ZIP corroboration,32055504537,CAPITAL PLUMBING INC.,10/23/2014,low,"exact legal name incl. entity suffix: TX 'CAPITAL PLUMBING INC.'; no address corroboration (TX address PO BOX 427, AUBREY TX 76227)",https://data.texas.gov/resource/9cir-efmm.json?taxpayer_number=32055504537
biz-932,texas_registration,name match without street/ZIP corroboration,32055996832,"CAPITAL MECHANICAL, LLC",12/29/2014,low,"TX legal name 'CAPITAL MECHANICAL, LLC' equals DBA documented in SBA BorrowerName; no address corroboration (TX address PO BOX 5576, WACO TX 76708)",https://data.texas.gov/resource/9cir-efmm.json?taxpayer_number=32055996832
biz-932,pension,sponsor name or EIN match without corroboration,200170033-001,CAPITAL MECHANICAL,2024-01-01,low,"sponsor name 'CAPITAL MECHANICAL' matches; sponsor address differs (22720 LADBROOK DR., DULLES VA 20166)",https://askebsa.dol.gov/FOIA%20Files/2024/Latest/F_5500_SF_2024_Latest.zip
biz-932,pension,sponsor name or EIN match without corroboration,200170033-001,CAPITAL MECHANICAL,2025-01-01,low,"sponsor name 'CAPITAL MECHANICAL' matches; sponsor address differs (22720 LADBROOK DR., DULLES VA 20166)",https://askebsa.dol.gov/FOIA%20Files/2025/Latest/F_5500_SF_2025_Latest.zip
biz-934,texas_registration,name match without street/ZIP corroboration,17516251430,"FROST & KEELING ASSOC., INC.",12/18/1978,low,"exact legal name incl. entity suffix: TX 'FROST & KEELING ASSOC., INC.'; no address corroboration (TX address 39 TRUSS DR, BOERNE TX 78006)",https://data.texas.gov/resource/9cir-efmm.json?taxpayer_number=17516251430
biz-934,pension,sponsor name or EIN match without corroboration,751625143-001,"FROST & KEELING ASSOC., INC.",2024-01-01,low,"sponsor name 'FROST & KEELING ASSOC., INC.' matches; sponsor address differs (P.O. BOX 1469, BOERNE TX 78006)",https://askebsa.dol.gov/FOIA%20Files/2024/Latest/F_5500_SF_2024_Latest.zip
biz-937,texas_registration,name match without street/ZIP corroboration,32085133646,RAMCO ENTERPRISES LLC,06/21/2022,low,"exact legal name incl. entity suffix: TX 'RAMCO ENTERPRISES LLC'; no address corroboration (TX address 4601 LANGLAND RD STE 104, FARMERS BRNCH TX 75244)",https://data.texas.gov/resource/9cir-efmm.json?taxpayer_number=32085133646
biz-937,pension,sponsor name or EIN match without corroboration,200415626-001,"RAMCO ENTERPRISES, LP",2024-01-01,low,"sponsor name 'RAMCO ENTERPRISES, LP' matches; sponsor address differs (PO BOX 6729, SALINAS CA 93912)",https://askebsa.dol.gov/FOIA%20Files/2024/Latest/F_5500_SF_2024_Latest.zip
biz-937,pension,sponsor name or EIN match without corroboration,200415626-001,"RAMCO ENTERPRISES, LP",2025-01-01,low,"sponsor name 'RAMCO ENTERPRISES, LP' matches; sponsor address differs (PO BOX 6729, SALINAS CA 93912)",https://askebsa.dol.gov/FOIA%20Files/2025/Latest/F_5500_SF_2025_Latest.zip
biz-940,texas_registration,"same address, similar but not equal name",17603986153,"ALL AMERICAN AIR & APPLIANCE MECHANICAL SERVICES,",04/15/1993,low,"same street+ZIP, similar name (token overlap 0.71): TX 'ALL AMERICAN AIR & APPLIANCE MECHANICAL SERVICES,'; street address corroborates: TX '15002 MINTZ LN, HOUSTON 77014'",https://data.texas.gov/resource/9cir-efmm.json?taxpayer_number=17603986153
biz-943,texas_registration,name match without street/ZIP corroboration,32052895102,ALDEN MECHANICAL SERVICES LLC,01/12/2014,low,"exact legal name incl. entity suffix: TX 'ALDEN MECHANICAL SERVICES LLC'; no address corroboration (TX address 8300 CYPRESS PKWY #421, HOUSTON TX 77070)",https://data.texas.gov/resource/9cir-efmm.json?taxpayer_number=32052895102
biz-944,pension,sponsor name or EIN match without corroboration,461616273-001,"TRADEMARK PLUMBING, LLC",2024-01-01,low,"sponsor name 'TRADEMARK PLUMBING, LLC' matches; sponsor address differs (27200 NE 10TH AVENUE, RIDGEFIELD WA 98642)",https://askebsa.dol.gov/FOIA%20Files/2024/Latest/F_5500_SF_2024_Latest.zip
biz-944,pension,sponsor name or EIN match without corroboration,461616273-001,"TRADEMARK PLUMBING, LLC",2025-01-01,low,"sponsor name 'TRADEMARK PLUMBING, LLC' matches; sponsor address differs (27200 NE 10TH AVENUE, RIDGEFIELD IN 98642)",https://askebsa.dol.gov/FOIA%20Files/2025/Latest/F_5500_SF_2025_Latest.zip
biz-947,texas_registration,name match without street/ZIP corroboration,32056281838,"NORTEX SOLUTIONS, LLC",01/30/2015,low,"exact legal name incl. entity suffix: TX 'NORTEX SOLUTIONS, LLC'; no address corroboration (TX address PO BOX 1418, MCKINNEY TX 75070)",https://data.texas.gov/resource/9cir-efmm.json?taxpayer_number=32056281838
biz-953,texas_registration,name match without street/ZIP corroboration,17418231449,"VERNOR MATERIAL & EQUIPMENT CO., INC.",04/11/1975,low,"legal name match (entity suffix ignored): TX 'VERNOR MATERIAL & EQUIPMENT CO., INC.'; no address corroboration (TX address PO BOX 967, CLUTE TX 77531)",https://data.texas.gov/resource/9cir-efmm.json?taxpayer_number=17418231449
biz-957,pension,sponsor name or EIN match without corroboration,251258883-001,TOWER ENGINEERING INC,2024-01-01,low,"sponsor name 'TOWER ENGINEERING INC' matches; sponsor address differs (115 EVERGREEN HEIGHTS DR, PITTSBURGH PA 152291346)",https://askebsa.dol.gov/FOIA%20Files/2024/Latest/F_5500_SF_2024_Latest.zip
biz-957,pension,sponsor name or EIN match without corroboration,251258883-001,TOWER ENGINEERING INC,2025-01-01,low,"sponsor name 'TOWER ENGINEERING INC' matches; sponsor address differs (115 EVERGREEN HEIGHTS DR, PITTSBURGH PA 152291346)",https://askebsa.dol.gov/FOIA%20Files/2025/Latest/F_5500_SF_2025_Latest.zip
biz-961,texas_registration,"same address, similar but not equal name",17518481035,"FIRST SERVICE AIR CONDITIONING CONTRACTORS, INC.",12/06/1982,low,"same street+ZIP, similar name (token overlap 0.50): TX 'FIRST SERVICE AIR CONDITIONING CONTRACTORS, INC.'; street address corroborates: TX '3009 GARDEN CITY HWY, MIDLAND 79701'",https://data.texas.gov/resource/9cir-efmm.json?taxpayer_number=17518481035
biz-966,texas_registration,name match without street/ZIP corroboration,32098362422,WILSON HOME SERVICES LLC,01/15/2025,low,"exact legal name incl. entity suffix: TX 'WILSON HOME SERVICES LLC'; no address corroboration (TX address 923 MINTERS CHAPEL RD STE 200, GRAPEVINE TX 76051)",https://data.texas.gov/resource/9cir-efmm.json?taxpayer_number=32098362422
biz-968,texas_registration,name match without street/ZIP corroboration,32055372422,"1ST FIRE SAFETY, LLC",10/08/2014,low,"exact legal name incl. entity suffix: TX '1ST FIRE SAFETY, LLC'; no address corroboration (TX address PO BOX 1238, CEDAR PARK TX 78630)",https://data.texas.gov/resource/9cir-efmm.json?taxpayer_number=32055372422
biz-972,texas_registration,name match without street/ZIP corroboration,17603482591,"HCB MECHANICAL, INCORPORATED",08/22/1991,low,"legal name match (entity suffix ignored): TX 'HCB MECHANICAL, INCORPORATED'; city only (CYPRESS); street and ZIP differ",https://data.texas.gov/resource/9cir-efmm.json?taxpayer_number=17603482591
biz-972,pension,sponsor name or EIN match without corroboration,760348259-001,"HCB MECHANICAL, INC.",2024-01-01,low,"sponsor name 'HCB MECHANICAL, INC.' matches; sponsor address differs (P.O. BOX 1779, CYPRESS TX 77410)",https://askebsa.dol.gov/FOIA%20Files/2024/Latest/F_5500_SF_2024_Latest.zip
biz-972,pension,sponsor name or EIN match without corroboration,760348259-001,"HCB MECHANICAL, INC.",2025-01-01,low,"sponsor name 'HCB MECHANICAL, INC.' matches; sponsor address differs (P.O. BOX 1779, CYPRESS TX 77410)",https://askebsa.dol.gov/FOIA%20Files/2025/Latest/F_5500_SF_2025_Latest.zip
biz-973,texas_registration,"same address, similar but not equal name",30005963449,"GOYO'S AND SONS, INC.",08/21/1981,low,"same street+ZIP, similar name (token overlap 0.50): TX 'GOYO'S AND SONS, INC.'; street address corroborates: TX '2410 MOON TRACT LN, LAREDO 78046'",https://data.texas.gov/resource/9cir-efmm.json?taxpayer_number=30005963449
biz-976,texas_registration,name match without street/ZIP corroboration,32050075913,"JDW ENERGY, LLC",01/31/2013,low,"exact legal name incl. entity suffix: TX 'JDW ENERGY, LLC'; no address corroboration (TX address 2109 CLEAR LAKE RD STE 400, WEATHERFORD TX 76087)",https://data.texas.gov/resource/9cir-efmm.json?taxpayer_number=32050075913
biz-979,texas_registration,name match without street/ZIP corroboration,32069326174,"ALL POINTS PLUMBING, LLC",01/02/2019,low,"exact legal name incl. entity suffix: TX 'ALL POINTS PLUMBING, LLC'; no address corroboration (TX address 25533 RICHARDS RD STE 11, SPRING TX 77386)",https://data.texas.gov/resource/9cir-efmm.json?taxpayer_number=32069326174
biz-979,pension,sponsor name or EIN match without corroboration,833002697-001,ALL POINTS PLUMBING LLC,2025-01-01,low,"sponsor name 'ALL POINTS PLUMBING LLC' matches; sponsor address differs (25533 RICHARDS RD STE 11, SPRING TX 773865602)",https://askebsa.dol.gov/FOIA%20Files/2025/Latest/F_5500_SF_2025_Latest.zip
biz-981,texas_registration,name match without street/ZIP corroboration,17603079520,"EASY AIRE, INC.",04/25/1990,low,"exact legal name incl. entity suffix: TX 'EASY AIRE, INC.'; no address corroboration (TX address PO BOX 2787, SUGAR LAND TX 77487)",https://data.texas.gov/resource/9cir-efmm.json?taxpayer_number=17603079520
biz-983,texas_registration,name match without street/ZIP corroboration,32076692113,"BLUE BOX AIR, INC.",05/29/2020,low,"legal name match (entity suffix ignored): TX 'BLUE BOX AIR, INC.'; city only (DALLAS); street and ZIP differ; entity type differs (PPP 'llc' vs TX 'corp'): possible conversion/successor, charter date may not cover the PPP entity",https://data.texas.gov/resource/9cir-efmm.json?taxpayer_number=32076692113
biz-984,pension,sponsor name or EIN match without corroboration,541659257-001,C & E MECHANICAL CORP,2024-01-01,low,"sponsor name 'C & E MECHANICAL CORP' matches; sponsor address differs (3265 BLACK CREEK DRIVE, MECHANICSVILLE VA 23111)",https://askebsa.dol.gov/FOIA%20Files/2024/Latest/F_5500_SF_2024_Latest.zip
biz-984,pension,sponsor name or EIN match without corroboration,541659257-001,C & E MECHANICAL CORP.,2025-01-01,low,"sponsor name 'C & E MECHANICAL CORP.' matches; sponsor address differs (3265 BLACK CREEK DRIVE, MECHANICSVILLE VA 23111)",https://askebsa.dol.gov/FOIA%20Files/2025/Latest/F_5500_SF_2025_Latest.zip
biz-986,texas_registration,"same address, similar but not equal name",32043905655,"REYNOLDS ELECTRIC, HEATING AND AIR CONDITIONING SE",03/25/2011,low,"same street+ZIP, similar name (token overlap 0.75): TX 'REYNOLDS ELECTRIC, HEATING AND AIR CONDITIONING SE'; street address corroborates: TX '2001 SKYLINE DR STE A115, SHERMAN 75092'",https://data.texas.gov/resource/9cir-efmm.json?taxpayer_number=32043905655
biz-988,texas_registration,name match without street/ZIP corroboration,17421364484,"SUN CITY AIR CONDITIONING COMPANY, INC.",09/30/1980,low,"legal name match (entity suffix ignored): TX 'SUN CITY AIR CONDITIONING COMPANY, INC.'; city only (EL PASO); street and ZIP differ",https://data.texas.gov/resource/9cir-efmm.json?taxpayer_number=17421364484
biz-995,texas_registration,name match without street/ZIP corroboration,32051750852,APOGEE PLUMBING GROUP LLC,08/16/2013,low,"legal name match (entity suffix ignored): TX 'APOGEE PLUMBING GROUP LLC'; no address corroboration (TX address 6901 K AVE STE 106, PLANO TX 75074)",https://data.texas.gov/resource/9cir-efmm.json?taxpayer_number=32051750852
biz-995,pension,sponsor name or EIN match without corroboration,463444076-001,APOGEE PLUMBING GROUP LLC,2025-01-01,low,"sponsor name 'APOGEE PLUMBING GROUP LLC' matches; sponsor address differs (6901 K AVE, PLANO TX 75074)",https://askebsa.dol.gov/FOIA%20Files/2025/Latest/F_5500_SF_2025_Latest.zip
biz-1000,texas_registration,name match without street/ZIP corroboration,32062231652,"THE SHIPMAN FIRE GROUP, INC.",12/06/2016,low,"exact legal name incl. entity suffix: TX 'THE SHIPMAN FIRE GROUP, INC.'; no address corroboration (TX address 1020 LA JOLLA POINTE DR, ROCKWALL TX 75087)",https://data.texas.gov/resource/9cir-efmm.json?taxpayer_number=32062231652
biz-1000,pension,sponsor name or EIN match without corroboration,822958920-001,SHIPMAN FIRE GROUP INC,2024-01-01,low,"sponsor name 'SHIPMAN FIRE GROUP INC' matches; sponsor address differs (1020 LA JOLLA POINTE DR, ROCKWALL TX 75087)",https://askebsa.dol.gov/FOIA%20Files/2024/Latest/F_5500_SF_2024_Latest.zip
biz-1006,pension,sponsor name or EIN match without corroboration,453785886-001,TRADITION PLUMBING LLC,2024-01-01,low,"sponsor name 'TRADITION PLUMBING LLC' matches; sponsor address differs (14090 FM2920, TOMBALL TX 77377)",https://askebsa.dol.gov/FOIA%20Files/2024/Latest/F_5500_SF_2024_Latest.zip
biz-1006,pension,sponsor name or EIN match without corroboration,453785886-001,TRADITION PLUMBING LLC,2025-01-01,low,"sponsor name 'TRADITION PLUMBING LLC' matches; sponsor address differs (14090 FM2920, TOMBALL TX 77377)",https://askebsa.dol.gov/FOIA%20Files/2025/Latest/F_5500_SF_2025_Latest.zip
biz-1009,texas_registration,name match without street/ZIP corroboration,32056493441,"CAPITAL INDUSTRIES, LLC",02/24/2015,low,"exact legal name incl. entity suffix: TX 'CAPITAL INDUSTRIES, LLC'; no address corroboration (TX address 401 E 2ND ST, LAMPASAS TX 76550)",https://data.texas.gov/resource/9cir-efmm.json?taxpayer_number=32056493441
biz-1009,pension,sponsor name or EIN match without corroboration,134122430-001,STATE CONTRACTING CORP OF NY,2024-01-01,low,"sponsor name 'STATE CONTRACTING CORP OF NY' / DBA 'CAPITAL INDUSTRIES' matches; sponsor address differs (555 SAW MILL RIVER ROAD, YONKERS NY 10701)",https://askebsa.dol.gov/FOIA%20Files/2024/Latest/F_5500_SF_2024_Latest.zip
biz-1009,pension,sponsor name or EIN match without corroboration,910602278-002,"CAPITAL INDUSTRIES, INC.",2024-01-01,low,"sponsor name 'CAPITAL INDUSTRIES, INC.' matches; sponsor address differs (PO BOX 80983, SEATTLE WA 98108)",https://askebsa.dol.gov/FOIA%20Files/2024/Latest/F_5500_SF_2024_Latest.zip
biz-1009,pension,sponsor name or EIN match without corroboration,910602278-002,"CAPITAL INDUSTRIES, INC.",2025-01-01,low,"sponsor name 'CAPITAL INDUSTRIES, INC.' matches; sponsor address differs (PO BOX 80983, SEATTLE WA 98108)",https://askebsa.dol.gov/FOIA%20Files/2025/Latest/F_5500_SF_2025_Latest.zip
biz-1009,pension,sponsor name or EIN match without corroboration,134122430-001,STATE CONTRACTING CORP OF NY,2025-01-01,low,"sponsor name 'STATE CONTRACTING CORP OF NY' / DBA 'CAPITAL INDUSTRIES' matches; sponsor address differs (555 SAW MILL RIVER ROAD, YONKERS NY 10701)",https://askebsa.dol.gov/FOIA%20Files/2025/Latest/F_5500_SF_2025_Latest.zip
biz-1010,pension,sponsor name or EIN match without corroboration,272325965-001,FOX INDUSTRIES INC.,2024-01-01,low,"sponsor name 'FOX INDUSTRIES INC.' matches; sponsor address differs (4405 FRANCE AVE S, MINNEAPOLIS MN 55410)",https://askebsa.dol.gov/FOIA%20Files/2024/Latest/F_5500_SF_2024_Latest.zip
biz-1010,pension,sponsor name or EIN match without corroboration,272325965-001,FOX INDUSTRIES INC.,2025-01-01,low,"sponsor name 'FOX INDUSTRIES INC.' matches; sponsor address differs (6913 DAWSON LANE, EDINA MN 55435)",https://askebsa.dol.gov/FOIA%20Files/2025/Latest/F_5500_SF_2025_Latest.zip
biz-1011,pension,sponsor name or EIN match without corroboration,430703162-001,"E&M PLUMBING COMPANY, INC.",2024-01-01,low,"sponsor name 'E&M PLUMBING COMPANY, INC.' matches; sponsor address differs (101 DREYER AVENUE, EUREKA MO 63025)",https://askebsa.dol.gov/FOIA%20Files/2024/Latest/F_5500_SF_2024_Latest.zip
biz-1011,pension,sponsor name or EIN match without corroboration,430703162-001,"E&M PLUMBING COMPANY, INC.",2025-01-01,low,"sponsor name 'E&M PLUMBING COMPANY, INC.' matches; sponsor address differs (101 DREYER AVENUE, EUREKA MO 63025)",https://askebsa.dol.gov/FOIA%20Files/2025/Latest/F_5500_SF_2025_Latest.zip
biz-1014,texas_registration,"same address, similar but not equal name",17527486108,"COVENTRY AND GATTIS AIR CONDITIONING, INC.",06/02/1986,low,"same street+ZIP, similar name (token overlap 0.50): TX 'COVENTRY AND GATTIS AIR CONDITIONING, INC.'; street address corroborates: TX '219 N DOOLEY ST, GRAPEVINE 76051'",https://data.texas.gov/resource/9cir-efmm.json?taxpayer_number=17527486108
biz-1015,texas_registration,"same address, similar but not equal name",32057348081,"LONE STAR ACV MECHANICAL, L.L.C.",05/27/2015,low,"same street+ZIP, similar name (token overlap 0.75): TX 'LONE STAR ACV MECHANICAL, L.L.C.'; street address corroborates: TX '3435 FM 1960 RD E, HUMBLE 77338'",https://data.texas.gov/resource/9cir-efmm.json?taxpayer_number=32057348081
,business_grouping,"same street address + ZIP, different legal names, no DBA evidence: kept as separate businesses",9234417003;9235757002;9236937010,"AFP ALARM & DETECTION, LP | ALLIED FIRE PROTECTION LP | ALLIED FIRE PROTECTION SA-LP",,,2003 MYKAWA RD 77581,https://data.sba.gov/sites/default/files/distribution/SBA-OCA-2022-07-001/public_150k_plus_240930.csv
,business_grouping,"same street address + ZIP, different legal names, no DBA evidence: kept as separate businesses",1254157205;7459737203,"GRACO MECHANICAL, INC. | GRAVES MECHANICAL, INC.",,,5910 SCHUMACHER LN 77057,https://data.sba.gov/sites/default/files/distribution/SBA-OCA-2022-07-001/public_150k_plus_240930.csv
,business_grouping,"same street address + ZIP, different legal names, no DBA evidence: kept as separate businesses",1470317101;1906367107;4992557104,"BEYER AIR CONDITIONING AND HEATING, LLC | BEYER MECHANICAL LTD | BEYER PLUMBING COMPANY, LTD",,,4711 BROOM ST 78217,https://data.sba.gov/sites/default/files/distribution/SBA-OCA-2022-07-001/public_150k_plus_240930.csv
,business_grouping,"same street address + ZIP, different legal names, no DBA evidence: kept as separate businesses",3626787109;3627167102,"HOUK AIR CONDITIONING, INC | HOUSTON AIR REPAIR, LLC",,,833 111 ST 76011,https://data.sba.gov/sites/default/files/distribution/SBA-OCA-2022-07-001/public_150k_plus_240930.csv
,business_grouping,"same street address + ZIP, different legal names, no DBA evidence: kept as separate businesses",6165487102;7863888407,FIRST SERVICE AC CONTRACTORS INC | FIRST SERVICE AIR CONDITIONING,,,3009 GARDEN CITY HWY 79701,https://data.sba.gov/sites/default/files/distribution/SBA-OCA-2022-07-001/public_150k_plus_240930.csv
,business_grouping,"same street address + ZIP, different legal names, no DBA evidence: kept as separate businesses",2942028500;7256307007,A.J. MONIER SERVICE CO | A.J. MONIER SERVICES CO,,,1446 N FLORES ST 78212,https://data.sba.gov/sites/default/files/distribution/SBA-OCA-2022-07-001/public_150k_plus_240930.csv
,business_grouping,"same street address + ZIP, different legal names, no DBA evidence: kept as separate businesses",4964577102;8288837001,"DENALLI CONSTRUCTION SERVICES | JMS INTEGRATED BUILDING SOLUTIONS, LLC",,,1840 HUTTON DR 75006,https://data.sba.gov/sites/default/files/distribution/SBA-OCA-2022-07-001/public_150k_plus_240930.csv
,business_grouping,"same street address + ZIP, different legal names, no DBA evidence: kept as separate businesses",2198108403;4727798308;5552167008,"RAMCO ENTERPRISES LLC | RAMCO INDUSTRIES, INC.",,,900 HOUSTON AVE 77502,https://data.sba.gov/sites/default/files/distribution/SBA-OCA-2022-07-001/public_150k_plus_240930.csv
,business_grouping,"same street address + ZIP, different legal names, no DBA evidence: kept as separate businesses",2905107200;3102127109,"CHAMPION A/C, INC. | SAGRAY ENTERPRISES, INC.",,,16018 UNIVERSITY OAK 78249,https://data.sba.gov/sites/default/files/distribution/SBA-OCA-2022-07-001/public_150k_plus_240930.csv
,business_grouping,"same street address + ZIP, different legal names, no DBA evidence: kept as separate businesses",6882057410;6887837407,"BATJER AND ASSOCIATES, INC. | BATJER SERVICE LLC",,,2825 PINE ST 79601,https://data.sba.gov/sites/default/files/distribution/SBA-OCA-2022-07-001/public_150k_plus_240930.csv
,business_grouping,"same street address + ZIP, different legal names, no DBA evidence: kept as separate businesses",2661029010;8087277101;8094917101,LASCO MECHANICAL SERVICES | LASCO PROCESS SYSTEMS LLC,,,18601 LYNDON B JOHNSON FWY 75150,https://data.sba.gov/sites/default/files/distribution/SBA-OCA-2022-07-001/public_150k_plus_240930.csv
,business_grouping,"same street address + ZIP, different legal names, no DBA evidence: kept as separate businesses",8693027009;8783187004,"CHAPMAN OUTDOORS, LLC | HOMEFRONT S&D LLC",,,3210 COMMANDER DR 75006,https://data.sba.gov/sites/default/files/distribution/SBA-OCA-2022-07-001/public_150k_plus_240930.csv
,business_grouping,"same street address + ZIP, different legal names, no DBA evidence: kept as separate businesses",1477687110;1525587110;3672768503;3882448510,TEXAS MECHANICAL CONTRACTORS LLC | TEXAS PLUMBING CONTRACTORS LLC,,,6936 COMMERCE AVE 79915,https://data.sba.gov/sites/default/files/distribution/SBA-OCA-2022-07-001/public_150k_plus_240930.csv
,business_grouping,"same street address + ZIP, different legal names, no DBA evidence: kept as separate businesses",3469287107;5413397704,EXTREME MECHANICAL SERVICES INC | TRAVIS MECHANICAL LLC,,,1911 OLD DENTON RD 75006,https://data.sba.gov/sites/default/files/distribution/SBA-OCA-2022-07-001/public_150k_plus_240930.csv
,business_grouping,"same street address + ZIP, different legal names, no DBA evidence: kept as separate businesses",2205288704;6956007105;8665087008,ELLIS AIR LLC | ELLIS AIR SYSTEMS INC,,,3513 FLORENCE RD 76542,https://data.sba.gov/sites/default/files/distribution/SBA-OCA-2022-07-001/public_150k_plus_240930.csv
,business_grouping,"same street address + ZIP, different legal names, no DBA evidence: kept as separate businesses",6960158408;7135828402;9658457008,J D PRECISION PLUMBING SERVICES INC | JD PRECISION SERVICES INC | JD PRECISION SERVICES INC.,,,6134 CANYON CREEK LN 77304,https://data.sba.gov/sites/default/files/distribution/SBA-OCA-2022-07-001/public_150k_plus_240930.csv
,business_grouping,"same street address + ZIP, different legal names, no DBA evidence: kept as separate businesses",3860257210;6017177210,TRUDELA MES LLC | TRUDELA WALKER LLC,,,8900 JOHN CARPENTER FWY 75247,https://data.sba.gov/sites/default/files/distribution/SBA-OCA-2022-07-001/public_150k_plus_240930.csv
,business_grouping,"same street address + ZIP, different legal names, no DBA evidence: kept as separate businesses",2169948300;2475428306;4847947009;4889837009,"LANTZ'S LAKESIDE PLUMBING LLC | WALTERS PLUMBING, INC",,,8005 BAR K RANCH RD 78645,https://data.sba.gov/sites/default/files/distribution/SBA-OCA-2022-07-001/public_150k_plus_240930.csv
,business_grouping,"same street address + ZIP, different legal names, no DBA evidence: kept as separate businesses",1274168702;9913448609,TRUDELA MES LLC | TRUDELA WALKER LLC,,,7120 W IH 20 76017,https://data.sba.gov/sites/default/files/distribution/SBA-OCA-2022-07-001/public_150k_plus_240930.csv
,business_grouping,"same street address + ZIP, different legal names, no DBA evidence: kept as separate businesses",2312727105;2842237108;6090098409;7941898406,SC PLUMBING COMPANY | SMITH COMMERCAIL CONTRACTING INC | SMITH SPECIALTY CONTRACTORS INC,,,10400 RODGERS RD 77070,https://data.sba.gov/sites/default/files/distribution/SBA-OCA-2022-07-001/public_150k_plus_240930.csv
,business_grouping,"same street address + ZIP, different legal names, no DBA evidence: kept as separate businesses",1379738507;2968267308,"QUALITY 1 ENERGY SYSTEMS, INC. | QUALITY1 ENERGY SYSTEMS",,,10874 PLANO RD 75238,https://data.sba.gov/sites/default/files/distribution/SBA-OCA-2022-07-001/public_150k_plus_240930.csv
,business_grouping,"same street address + ZIP, different legal names, no DBA evidence: kept as separate businesses",4874818301;6775177209,NUTEX MECHANICAL | SWAIM CONSTRUCTION GROUP,,,161 S MCKINLEY ST 75078,https://data.sba.gov/sites/default/files/distribution/SBA-OCA-2022-07-001/public_150k_plus_240930.csv
,business_grouping,"same street address + ZIP, different legal names, no DBA evidence: kept as separate businesses",2907298407;6341977303,ALL AMERICAN AIR & APPLIANCE | ALL AMERICAN AIR &AMP; APPLIANCE MECHANICAL SERVICES INC,,,15002 MINTZ LN 77014,https://data.sba.gov/sites/default/files/distribution/SBA-OCA-2022-07-001/public_150k_plus_240930.csv
,business_grouping,"same street address + ZIP, different legal names, no DBA evidence: kept as separate businesses",3003638502;4265097101,HEART OF TEXAS MECHANICAL CONTRACTING LLC | WILLIAM F. PURSCH,,,203 CORDELL ST 76801,https://data.sba.gov/sites/default/files/distribution/SBA-OCA-2022-07-001/public_150k_plus_240930.csv
,business_grouping,"same street address + ZIP, different legal names, no DBA evidence: kept as separate businesses",5055818400;7565937001,MICHAEL D WITT | MICHAEL WITT INC.,,,5229 VESTA FARLEY RD 76119,https://data.sba.gov/sites/default/files/distribution/SBA-OCA-2022-07-001/public_150k_plus_240930.csv
,business_grouping,"same street address + ZIP, different legal names, no DBA evidence: kept as separate businesses",2710998804;9907427001,DENNIS LEATHERWOOD | LEATHERWOOD PLUMBING HEATING & A/C,,,1900 LUBBOCK HWY 79331,https://data.sba.gov/sites/default/files/distribution/SBA-OCA-2022-07-001/public_150k_plus_240930.csv
