biz_id,legal_name,dba_names,address,city,state,zip5,borrower_names_seen,sba_business_type,identity_evidence,loan_count,loan_numbers,draws,loan_amounts_current,loan_approval_dates,loan_statuses,lenders,jobs_reported_by_loan,historical_payroll_proxy_annual,payroll_proxy_basis,reg_match_status,reg_match_confidence,reg_match_evidence,reg_record_id,reg_record_name,reg_org_type,reg_sos_file_number,reg_status_code,record_date,record_date_meaning,record_date_source,record_age_years,record_age_30plus,pension_status,pension_plan_ids,pension_plan_periods,pension_filing_dates,pension_active_participants_by_plan,pension_largest_single_plan_active_participants,pension_match_evidence,eligibility_status,eligibility_reason,outreach_status,evidence_links,first_seen_run,last_seen_run,in_current_source
biz-001,CPS CORPORATION,,21 BRIGHAM ST,WESTBOROUGH,MA,01581,CPS CORPORATION,Corporation,single loan,1,4349297001,4349297001:first draw,4349297001:208500.00,4349297001:04/03/2020,4349297001:Paid in Full,St. Mary's CU,4349297001:12,1000800,"4349297001 (PPP, 04/03/2020): 208,500.00 / 2.5 x 12",not_checked,,"No free bulk Massachusetts registry or original trade-license dataset is available (see unavailable sources). Organization dates are unknown, so no Massachusetts business can be marked ready.",,,,,,unknown,,,unknown,unknown,unknown (no matched retirement-plan filing in searched years),,,,,unknown,,review,"record date unknown: No free bulk Massachusetts registry or original trade-license dataset is available (see unavailable sources). Organization dates are unknown, so no Massachusetts business can be marked ready.",not_ready,SBA PPP CSV (LoanNumber 4349297001) https://data.sba.gov/sites/default/files/distribution/SBA-OCA-2022-07-001/public_150k_plus_240930.csv,20261007T202810Z,20261007T202838Z,yes
biz-002,KEN PECORE PLUMBING & HEATING LLC,,460 WORCESTER RD,CHARLTON,MA,01507,KEN PECORE PLUMBING & HEATING LLC,Limited  Liability Company(LLC),single loan,1,4350727007,4350727007:first draw,4350727007:208800.00,4350727007:04/03/2020,4350727007:Paid in Full,Cornerstone Bank,4350727007:12,unknown,unknown: 4350727007: business type 'Limited  Liability Company(LLC)' may use owner income/SE basis,not_checked,,"No free bulk Massachusetts registry or original trade-license dataset is available (see unavailable sources). Organization dates are unknown, so no Massachusetts business can be marked ready.",,,,,,unknown,,,unknown,unknown,filing found,465296495-001;465296495-002,465296495-001:2024-01-01..2024-12-31;465296495-002:2024-01-01..2024-12-31,465296495-001:2025-04-01;465296495-002:2025-06-17,465296495-001:8;465296495-002:8,8,"465296495-001 (medium): sponsor name 'KEN PECORE PLUMBING & HEATING, L.L. C.' matches; sponsor address corroborates (460 WORCESTER ROAD, CHARLTON MA 01507) | 465296495-002 (medium): sponsor name 'KEN PECORE PLUMBING & HEATING, L.L. C.' matches; sponsor address corroborates (460 WORCESTER ROAD, CHARLTON MA 01507)",review,"record date unknown: No free bulk Massachusetts registry or original trade-license dataset is available (see unavailable sources). Organization dates are unknown, so no Massachusetts business can be marked ready.",not_ready,SBA PPP CSV (LoanNumber 4350727007) https://data.sba.gov/sites/default/files/distribution/SBA-OCA-2022-07-001/public_150k_plus_240930.csv | DOL 5500-SF 2024 ACK 20250401110730NAL0003971331001 https://askebsa.dol.gov/FOIA%20Files/2024/Latest/F_5500_SF_2024_Latest.zip | DOL 5500-SF 2024 ACK 20250617122627NAL0001609633001 https://askebsa.dol.gov/FOIA%20Files/2024/Latest/F_5500_SF_2024_Latest.zip,20261007T202810Z,20261007T202838Z,yes
biz-003,"LEPREVOST PLUMBING & HEATING, INC.",,18 RUN WAY,LEE,MA,01238,"LEPREVOST PLUMBING & HEATING, INC.",Corporation,single loan,1,4351507002,4351507002:first draw,4351507002:250000.00,4351507002:04/03/2020,4351507002:Paid in Full,Lee Bank,4351507002:17,1200000,"4351507002 (PPP, 04/03/2020): 250,000.00 / 2.5 x 12",not_checked,,"No free bulk Massachusetts registry or original trade-license dataset is available (see unavailable sources). Organization dates are unknown, so no Massachusetts business can be marked ready.",,,,,,unknown,,,unknown,unknown,unknown (no matched retirement-plan filing in searched years),,,,,unknown,,review,"record date unknown: No free bulk Massachusetts registry or original trade-license dataset is available (see unavailable sources). Organization dates are unknown, so no Massachusetts business can be marked ready.",not_ready,SBA PPP CSV (LoanNumber 4351507002) https://data.sba.gov/sites/default/files/distribution/SBA-OCA-2022-07-001/public_150k_plus_240930.csv,20261007T202810Z,20261007T202838Z,yes
biz-004,"TC CONTROLS AND SERVICES, INC.",,53 East CENTRAL ST,WORCESTER,MA,01605,"TC CONTROLS AND SERVICES, INC.",Subchapter S Corporation,single loan,1,4352027002,4352027002:first draw,4352027002:289500.00,4352027002:04/03/2020,4352027002:Paid in Full,Rollstone Bank & Trust,4352027002:17,1389600,"4352027002 (PPP, 04/03/2020): 289,500.00 / 2.5 x 12",not_checked,,"No free bulk Massachusetts registry or original trade-license dataset is available (see unavailable sources). Organization dates are unknown, so no Massachusetts business can be marked ready.",,,,,,unknown,,,unknown,unknown,unknown (no matched retirement-plan filing in searched years),,,,,unknown,,review,"record date unknown: No free bulk Massachusetts registry or original trade-license dataset is available (see unavailable sources). Organization dates are unknown, so no Massachusetts business can be marked ready.",not_ready,SBA PPP CSV (LoanNumber 4352027002) https://data.sba.gov/sites/default/files/distribution/SBA-OCA-2022-07-001/public_150k_plus_240930.csv,20261007T202810Z,20261007T202838Z,yes
biz-005,PIONEER HEATING & COOLING INC.,,52 Maple Street,FLORENCE,MA,01062,PIONEER HEATING & COOLING INC.,Corporation,single loan,1,4376697009,4376697009:first draw,4376697009:164500.00,4376697009:04/03/2020,4376697009:Paid in Full,bankESB,4376697009:12,789600,"4376697009 (PPP, 04/03/2020): 164,500.00 / 2.5 x 12",not_checked,,"No free bulk Massachusetts registry or original trade-license dataset is available (see unavailable sources). Organization dates are unknown, so no Massachusetts business can be marked ready.",,,,,,unknown,,,unknown,unknown,unknown (no matched retirement-plan filing in searched years),,,,,unknown,,review,"record date unknown: No free bulk Massachusetts registry or original trade-license dataset is available (see unavailable sources). Organization dates are unknown, so no Massachusetts business can be marked ready.",not_ready,SBA PPP CSV (LoanNumber 4376697009) https://data.sba.gov/sites/default/files/distribution/SBA-OCA-2022-07-001/public_150k_plus_240930.csv,20261007T202810Z,20261007T202838Z,yes
biz-006,"HAROLD BROTHERS MECHANICAL CONTRACTORS, INC.",,44 WOODROCK RD,EAST WEYMOUTH,MA,02189,"HAROLD BROTHERS MECHANICAL CONTRACTORS, INC.",Corporation,single loan,1,4382327010,4382327010:first draw,4382327010:4657000.00,4382327010:04/03/2020,4382327010:Paid in Full,Coastal Heritage Bank,4382327010:325,22353600,"4382327010 (PPP, 04/03/2020): 4,657,000.00 / 2.5 x 12",not_checked,,"No free bulk Massachusetts registry or original trade-license dataset is available (see unavailable sources). Organization dates are unknown, so no Massachusetts business can be marked ready.",,,,,,unknown,,,unknown,unknown,filing found,263189470-001,263189470-001:2024-01-01..2024-12-31,263189470-001:2025-10-14,263189470-001:283,283,"263189470-001 (medium): sponsor name 'HAROLD BROTHERS MECHANICAL CONTRACTORS, INC.' matches; sponsor address corroborates (44 WOODROCK ROAD, WEYMOUTH MA 02189)",review,"record date unknown: No free bulk Massachusetts registry or original trade-license dataset is available (see unavailable sources). Organization dates are unknown, so no Massachusetts business can be marked ready.",not_ready,SBA PPP CSV (LoanNumber 4382327010) https://data.sba.gov/sites/default/files/distribution/SBA-OCA-2022-07-001/public_150k_plus_240930.csv | DOL 5500 2024 ACK 20251014112831NAL0002644897001 https://askebsa.dol.gov/FOIA%20Files/2024/Latest/F_5500_2024_Latest.zip,20261007T202810Z,20261007T202838Z,yes
biz-007,BOULANGER'S PLUMBING & HEATING INC.,,373 Main St,Easthampton,MA,01027,"BOULANGER'S PLUMBING & HEATING INC. | BOULANGER'S PLUMBING & HEATING, INC",Corporation,same legal name + same street address + ZIP,2,4384687006;2435488308,4384687006:first draw;2435488308:second draw,4384687006:639900.00;2435488308:479432.00,4384687006:04/03/2020;2435488308:01/20/2021,4384687006:Paid in Full;2435488308:Paid in Full,bankESB,4384687006:43;2435488308:42,3071520,"4384687006 (PPP, 04/03/2020): 639,900.00 / 2.5 x 12",not_checked,,"No free bulk Massachusetts registry or original trade-license dataset is available (see unavailable sources). Organization dates are unknown, so no Massachusetts business can be marked ready.",,,,,,unknown,,,unknown,unknown,filing found,042160424-001,042160424-001:2024-04-01..2025-03-31,042160424-001:2025-07-31,042160424-001:41,41,"042160424-001 (medium): sponsor name 'BOULANGER'S PLUMBING & HEATING, INC.' matches; sponsor address corroborates (373 MAIN STREET, EASTHAMPTON MA 01027)",review,"record date unknown: No free bulk Massachusetts registry or original trade-license dataset is available (see unavailable sources). Organization dates are unknown, so no Massachusetts business can be marked ready.",not_ready,SBA PPP CSV (LoanNumber 4384687006;2435488308) https://data.sba.gov/sites/default/files/distribution/SBA-OCA-2022-07-001/public_150k_plus_240930.csv | DOL 5500-SF 2024 ACK 20250731074842NAL0002417619001 https://askebsa.dol.gov/FOIA%20Files/2024/Latest/F_5500_SF_2024_Latest.zip,20261007T202810Z,20261007T202838Z,yes
biz-008,MCDONALD HEATING AIR CONDITIONING AND PLUMBING INC,,200 Auburn Street,Auburn,MA,01524,MCDONALD HEATING AIR CONDITIONING AND PLUMBING INC,Corporation,single loan,1,4393567007,4393567007:first draw,4393567007:322800.00,4393567007:04/03/2020,4393567007:Paid in Full,Cornerstone Bank,4393567007:20,1549440,"4393567007 (PPP, 04/03/2020): 322,800.00 / 2.5 x 12",not_checked,,"No free bulk Massachusetts registry or original trade-license dataset is available (see unavailable sources). Organization dates are unknown, so no Massachusetts business can be marked ready.",,,,,,unknown,,,unknown,unknown,unknown (no matched retirement-plan filing in searched years),,,,,unknown,,review,"record date unknown: No free bulk Massachusetts registry or original trade-license dataset is available (see unavailable sources). Organization dates are unknown, so no Massachusetts business can be marked ready.",not_ready,SBA PPP CSV (LoanNumber 4393567007) https://data.sba.gov/sites/default/files/distribution/SBA-OCA-2022-07-001/public_150k_plus_240930.csv,20261007T202810Z,20261007T202838Z,yes
biz-009,"NORTH MECHANICAL SERVICES, INC.",,25 Mulberry St.,HAVERHILL,MA,01830,"NORTH MECHANICAL SERVICES, INC.",Corporation,single loan,1,4406187000,4406187000:first draw,4406187000:571500.00,4406187000:04/03/2020,4406187000:Paid in Full,Pentucket Bank,4406187000:38,2743200,"4406187000 (PPP, 04/03/2020): 571,500.00 / 2.5 x 12",not_checked,,"No free bulk Massachusetts registry or original trade-license dataset is available (see unavailable sources). Organization dates are unknown, so no Massachusetts business can be marked ready.",,,,,,unknown,,,unknown,unknown,unknown (no matched retirement-plan filing in searched years),,,,,unknown,,review,"record date unknown: No free bulk Massachusetts registry or original trade-license dataset is available (see unavailable sources). Organization dates are unknown, so no Massachusetts business can be marked ready.",not_ready,SBA PPP CSV (LoanNumber 4406187000) https://data.sba.gov/sites/default/files/distribution/SBA-OCA-2022-07-001/public_150k_plus_240930.csv,20261007T202810Z,20261007T202838Z,yes
biz-010,SANTON PLUMBING & HEATING INC,,99 W MAIN ST,MILLBURY,MA,01527,SANTON PLUMBING & HEATING INC,Corporation,single loan,1,4451337007,4451337007:first draw,4451337007:209722.00,4451337007:04/03/2020,4451337007:Paid in Full,bankHometown,4451337007:30,unknown,unknown: 4451337007: current amount differs from initial approval,not_checked,,"No free bulk Massachusetts registry or original trade-license dataset is available (see unavailable sources). Organization dates are unknown, so no Massachusetts business can be marked ready.",,,,,,unknown,,,unknown,unknown,unknown (no matched retirement-plan filing in searched years),,,,,unknown,,review,"record date unknown: No free bulk Massachusetts registry or original trade-license dataset is available (see unavailable sources). Organization dates are unknown, so no Massachusetts business can be marked ready.",not_ready,SBA PPP CSV (LoanNumber 4451337007) https://data.sba.gov/sites/default/files/distribution/SBA-OCA-2022-07-001/public_150k_plus_240930.csv,20261007T202810Z,20261007T202838Z,yes
biz-011,"ALLIED FIRE PROTECTION, INC.",,11 East Fisk Ave,SPRINGFIELD,MA,01107,"ALLIED FIRE PROTECTION, INC.",Corporation,single loan,1,4458407007,4458407007:first draw,4458407007:178900.00,4458407007:04/03/2020,4458407007:Paid in Full,bankESB,4458407007:10,unknown,unknown: 4458407007: current amount differs from initial approval,not_checked,,"No free bulk Massachusetts registry or original trade-license dataset is available (see unavailable sources). Organization dates are unknown, so no Massachusetts business can be marked ready.",,,,,,unknown,,,unknown,unknown,unknown (no matched retirement-plan filing in searched years),,,,,unknown,,review,"record date unknown: No free bulk Massachusetts registry or original trade-license dataset is available (see unavailable sources). Organization dates are unknown, so no Massachusetts business can be marked ready.",not_ready,SBA PPP CSV (LoanNumber 4458407007) https://data.sba.gov/sites/default/files/distribution/SBA-OCA-2022-07-001/public_150k_plus_240930.csv,20261007T202810Z,20261007T202838Z,yes
biz-012,DOBBERT HEATING AND AIR CONDITIONING INC.,,558 Union St,North Adams,MA,01247,"DOBBERT HEATING & AIR CONDITIONING, INC. | DOBBERT HEATING AND AIR CONDITIONING INC.",Corporation,same legal name + same street address + ZIP,2,4459127008;4046688609,4459127008:first draw;4046688609:second draw,4459127008:319200.00;4046688609:327020.65,4459127008:04/03/2020;4046688609:03/17/2021,4459127008:Paid in Full;4046688609:Paid in Full,Adams Community Bank,4459127008:21;4046688609:20,1532160,"4459127008 (PPP, 04/03/2020): 319,200.00 / 2.5 x 12",not_checked,,"No free bulk Massachusetts registry or original trade-license dataset is available (see unavailable sources). Organization dates are unknown, so no Massachusetts business can be marked ready.",,,,,,unknown,,,unknown,unknown,unknown (no matched retirement-plan filing in searched years),,,,,unknown,,review,"record date unknown: No free bulk Massachusetts registry or original trade-license dataset is available (see unavailable sources). Organization dates are unknown, so no Massachusetts business can be marked ready.",not_ready,SBA PPP CSV (LoanNumber 4459127008;4046688609) https://data.sba.gov/sites/default/files/distribution/SBA-OCA-2022-07-001/public_150k_plus_240930.csv,20261007T202810Z,20261007T202838Z,yes
biz-013,N&T MECHANICAL CONTRACTORS INC,,417 Bolton Rd,Lancaster,MA,01523,N&T MECHANICAL CONTRACTORS INC | N. & T. MECHANICAL CONTRACTORS,Corporation,same legal name + same street address + ZIP,2,4464167003;7089628802,4464167003:first draw;7089628802:second draw,4464167003:425800.00;7089628802:471555.37,4464167003:04/03/2020;7089628802:04/21/2021,4464167003:Paid in Full;7089628802:Paid in Full,Main Street Bank,4464167003:20;7089628802:25,2263466,"7089628802 (PPS, 04/21/2021): 471,555.37 / 2.5 x 12",not_checked,,"No free bulk Massachusetts registry or original trade-license dataset is available (see unavailable sources). Organization dates are unknown, so no Massachusetts business can be marked ready.",,,,,,unknown,,,unknown,unknown,unknown (no matched retirement-plan filing in searched years),,,,,unknown,,review,"record date unknown: No free bulk Massachusetts registry or original trade-license dataset is available (see unavailable sources). Organization dates are unknown, so no Massachusetts business can be marked ready.",not_ready,SBA PPP CSV (LoanNumber 4464167003;7089628802) https://data.sba.gov/sites/default/files/distribution/SBA-OCA-2022-07-001/public_150k_plus_240930.csv,20261007T202810Z,20261007T202838Z,yes
biz-014,CONTROL POINT MECHANICAL INC.,,165 MEMORIAL DR Suite F,SHREWSBURY,MA,01545,CONTROL POINT MECHANICAL INC.,Subchapter S Corporation,single loan,1,4471157009,4471157009:first draw,4471157009:270000.00,4471157009:04/03/2020,4471157009:Paid in Full,Webster Five Cents Savings Bank,4471157009:17,1296000,"4471157009 (PPP, 04/03/2020): 270,000.00 / 2.5 x 12",not_checked,,"No free bulk Massachusetts registry or original trade-license dataset is available (see unavailable sources). Organization dates are unknown, so no Massachusetts business can be marked ready.",,,,,,unknown,,,unknown,unknown,filing found,450550247-001,450550247-001:2024-01-01..2024-12-31,450550247-001:2025-07-01,450550247-001:19,19,450550247-001 (medium): sponsor name 'CONTROL POINT MECHANICAL' matches; sponsor ZIP corroborates (SHREWSBURY MA 01545),review,"record date unknown: No free bulk Massachusetts registry or original trade-license dataset is available (see unavailable sources). Organization dates are unknown, so no Massachusetts business can be marked ready.",not_ready,SBA PPP CSV (LoanNumber 4471157009) https://data.sba.gov/sites/default/files/distribution/SBA-OCA-2022-07-001/public_150k_plus_240930.csv | DOL 5500-SF 2024 ACK 20250701134411NAL0012748081001 https://askebsa.dol.gov/FOIA%20Files/2024/Latest/F_5500_SF_2024_Latest.zip,20261007T202810Z,20261007T202838Z,yes
biz-015,"A. DUQUETTE & SON, INC.",,104 Blackstone River Road,WORCESTER,MA,01607,"A. DUQUETTE & SON, INC.",Subchapter S Corporation,single loan,1,4496707004,4496707004:first draw,4496707004:441000.00,4496707004:04/03/2020,4496707004:Paid in Full,Webster Five Cents Savings Bank,4496707004:26,2116800,"4496707004 (PPP, 04/03/2020): 441,000.00 / 2.5 x 12",not_checked,,"No free bulk Massachusetts registry or original trade-license dataset is available (see unavailable sources). Organization dates are unknown, so no Massachusetts business can be marked ready.",,,,,,unknown,,,unknown,unknown,unknown (no matched retirement-plan filing in searched years),,,,,unknown,,review,"record date unknown: No free bulk Massachusetts registry or original trade-license dataset is available (see unavailable sources). Organization dates are unknown, so no Massachusetts business can be marked ready.",not_ready,SBA PPP CSV (LoanNumber 4496707004) https://data.sba.gov/sites/default/files/distribution/SBA-OCA-2022-07-001/public_150k_plus_240930.csv,20261007T202810Z,20261007T202838Z,yes
biz-016,"ALL CLEAR PLUMBING, INC.",,12 WILMINGTON RD,BURLINGTON,MA,01803,"ALL CLEAR PLUMBING, INC.",Subchapter S Corporation,single loan,1,4555697004,4555697004:first draw,4555697004:927000.00,4555697004:04/03/2020,4555697004:Paid in Full,"North Shore Bank, a Co-operative Bank",4555697004:87,4449600,"4555697004 (PPP, 04/03/2020): 927,000.00 / 2.5 x 12",not_checked,,"No free bulk Massachusetts registry or original trade-license dataset is available (see unavailable sources). Organization dates are unknown, so no Massachusetts business can be marked ready.",,,,,,unknown,,,unknown,unknown,unknown (no matched retirement-plan filing in searched years),,,,,unknown,,review,"record date unknown: No free bulk Massachusetts registry or original trade-license dataset is available (see unavailable sources). Organization dates are unknown, so no Massachusetts business can be marked ready.",not_ready,SBA PPP CSV (LoanNumber 4555697004) https://data.sba.gov/sites/default/files/distribution/SBA-OCA-2022-07-001/public_150k_plus_240930.csv,20261007T202810Z,20261007T202838Z,yes
biz-017,COMPLETE COMFORT SYSTEMS INC.,,230 Essex St,Haverhill,MA,01832,COMPLETE COMFORT SYSTEMS INC | COMPLETE COMFORT SYSTEMS INC.,Corporation,same legal name + same street address + ZIP,2,4608547010;5007148308,4608547010:first draw;5007148308:second draw,4608547010:449900.00;5007148308:494042.00,4608547010:04/04/2020;5007148308:01/23/2021,4608547010:Paid in Full;5007148308:Paid in Full,Pentucket Bank,4608547010:40;5007148308:43,2159520,"4608547010 (PPP, 04/04/2020): 449,900.00 / 2.5 x 12",not_checked,,"No free bulk Massachusetts registry or original trade-license dataset is available (see unavailable sources). Organization dates are unknown, so no Massachusetts business can be marked ready.",,,,,,unknown,,,unknown,unknown,filing found,273665698-001,273665698-001:2025-01-01..2025-12-31,273665698-001:2026-07-10,273665698-001:31,31,"273665698-001 (medium): sponsor name 'COMPLETE COMFORT SYSTEMS INC' matches; sponsor address corroborates (230 ESSEX ST, HAVERHILL MA 018325539)",review,"record date unknown: No free bulk Massachusetts registry or original trade-license dataset is available (see unavailable sources). Organization dates are unknown, so no Massachusetts business can be marked ready.",not_ready,SBA PPP CSV (LoanNumber 4608547010;5007148308) https://data.sba.gov/sites/default/files/distribution/SBA-OCA-2022-07-001/public_150k_plus_240930.csv | DOL 5500-SF 2025 ACK 20260710121321NAL0001847506001 https://askebsa.dol.gov/FOIA%20Files/2025/Latest/F_5500_SF_2025_Latest.zip,20261007T202810Z,20261007T202838Z,yes
biz-018,POLAR MECHANICAL INC.,,37 KNOLLWOOD DR,CHARLTON,MA,01507,POLAR MECHANICAL INC.,Corporation,single loan,1,4644347006,4644347006:first draw,4644347006:150500.00,4644347006:04/04/2020,4644347006:Paid in Full,Cornerstone Bank,4644347006:2,unknown,unknown: 4644347006: implied pay per reported job reaches $100K cap,not_checked,,"No free bulk Massachusetts registry or original trade-license dataset is available (see unavailable sources). Organization dates are unknown, so no Massachusetts business can be marked ready.",,,,,,unknown,,,unknown,unknown,filing found,461540629-002,461540629-002:2025-01-01..2025-12-31,461540629-002:2026-07-15,461540629-002:9,9,"461540629-002 (medium): sponsor name 'POLAR MECHANICAL INC' matches; sponsor address corroborates (37 KNOLLWOOD DR, CHARLTON MA 01507)",review,"record date unknown: No free bulk Massachusetts registry or original trade-license dataset is available (see unavailable sources). Organization dates are unknown, so no Massachusetts business can be marked ready.",not_ready,SBA PPP CSV (LoanNumber 4644347006) https://data.sba.gov/sites/default/files/distribution/SBA-OCA-2022-07-001/public_150k_plus_240930.csv | DOL 5500-SF 2025 ACK 20260715210854NAL0004922370001 https://askebsa.dol.gov/FOIA%20Files/2025/Latest/F_5500_SF_2025_Latest.zip,20261007T202810Z,20261007T202838Z,yes
biz-019,"WILSON BROTHERS, HVAC, INC.",,35 Lowell Road,PEPPERELL,MA,01463,"WILSON BROTHERS, HVAC, INC.",Corporation,single loan,1,4659597003,4659597003:first draw,4659597003:456700.00,4659597003:04/04/2020,4659597003:Paid in Full,Main Street Bank,4659597003:33,2192160,"4659597003 (PPP, 04/04/2020): 456,700.00 / 2.5 x 12",not_checked,,"No free bulk Massachusetts registry or original trade-license dataset is available (see unavailable sources). Organization dates are unknown, so no Massachusetts business can be marked ready.",,,,,,unknown,,,unknown,unknown,unknown (no matched retirement-plan filing in searched years),,,,,unknown,,review,"record date unknown: No free bulk Massachusetts registry or original trade-license dataset is available (see unavailable sources). Organization dates are unknown, so no Massachusetts business can be marked ready.",not_ready,SBA PPP CSV (LoanNumber 4659597003) https://data.sba.gov/sites/default/files/distribution/SBA-OCA-2022-07-001/public_150k_plus_240930.csv,20261007T202810Z,20261007T202838Z,yes
biz-020,"DEWOLFE CONTRACTING, INC.",,211 SHREWSBURY ST,WEST BOYLSTON,MA,01583,"DEWOLFE CONTRACTING, INC.",Corporation,single loan,1,4676857000,4676857000:first draw,4676857000:261200.00,4676857000:04/04/2020,4676857000:Paid in Full,bankHometown,4676857000:47,1253760,"4676857000 (PPP, 04/04/2020): 261,200.00 / 2.5 x 12",not_checked,,"No free bulk Massachusetts registry or original trade-license dataset is available (see unavailable sources). Organization dates are unknown, so no Massachusetts business can be marked ready.",,,,,,unknown,,,unknown,unknown,filing found,042985718-001,042985718-001:2025-01-01..2025-12-31,042985718-001:2026-05-26,042985718-001:17,17,"042985718-001 (medium): sponsor name 'DEWOLFE CONTRACTING, INC.' matches; sponsor address corroborates (211 SHREWSBURY ST., WEST BOYLSTON MA 01583)",review,"record date unknown: No free bulk Massachusetts registry or original trade-license dataset is available (see unavailable sources). Organization dates are unknown, so no Massachusetts business can be marked ready.",not_ready,SBA PPP CSV (LoanNumber 4676857000) https://data.sba.gov/sites/default/files/distribution/SBA-OCA-2022-07-001/public_150k_plus_240930.csv | DOL 5500-SF 2025 ACK 20260526080914NAL0006836672001 https://askebsa.dol.gov/FOIA%20Files/2025/Latest/F_5500_SF_2025_Latest.zip,20261007T202810Z,20261007T202838Z,yes
biz-021,"BOSTON AIR SYSTEMS, INC.",,115 MESSINA DR,BRAINTREE,MA,02184,"BOSTON AIR SYSTEMS, INC.",Corporation,single loan,1,4699867006,4699867006:first draw,4699867006:1421600.00,4699867006:04/04/2020,4699867006:Paid in Full,South Shore Bank,4699867006:90,6823680,"4699867006 (PPP, 04/04/2020): 1,421,600.00 / 2.5 x 12",not_checked,,"No free bulk Massachusetts registry or original trade-license dataset is available (see unavailable sources). Organization dates are unknown, so no Massachusetts business can be marked ready.",,,,,,unknown,,,unknown,unknown,unknown (no matched retirement-plan filing in searched years),,,,,unknown,,review,"record date unknown: No free bulk Massachusetts registry or original trade-license dataset is available (see unavailable sources). Organization dates are unknown, so no Massachusetts business can be marked ready.",not_ready,SBA PPP CSV (LoanNumber 4699867006) https://data.sba.gov/sites/default/files/distribution/SBA-OCA-2022-07-001/public_150k_plus_240930.csv,20261007T202810Z,20261007T202838Z,yes
biz-022,IEC MECHANICAL CORPORATION,,83 Leicester St,North Oxford,MA,01537,IEC MECHANICAL CORPORATION,Corporation,same legal name + same street address + ZIP,2,4707507004;2128618506,4707507004:first draw;2128618506:second draw,4707507004:210300.00;2128618506:201125.00,4707507004:04/04/2020;2128618506:02/19/2021,4707507004:Paid in Full;2128618506:Paid in Full,Digital FCU,4707507004:16;2128618506:20,1009440,"4707507004 (PPP, 04/04/2020): 210,300.00 / 2.5 x 12",not_checked,,"No free bulk Massachusetts registry or original trade-license dataset is available (see unavailable sources). Organization dates are unknown, so no Massachusetts business can be marked ready.",,,,,,unknown,,,unknown,unknown,unknown (no matched retirement-plan filing in searched years),,,,,unknown,,review,"record date unknown: No free bulk Massachusetts registry or original trade-license dataset is available (see unavailable sources). Organization dates are unknown, so no Massachusetts business can be marked ready.",not_ready,SBA PPP CSV (LoanNumber 4707507004;2128618506) https://data.sba.gov/sites/default/files/distribution/SBA-OCA-2022-07-001/public_150k_plus_240930.csv,20261007T202810Z,20261007T202838Z,yes
biz-023,JOSEPH A. DIPIETRO HEATING AND COOLING INC.,,32 Middlesex St,Bradford,MA,01835,"JOSEPH A. DIPIETRO HEATING & COOLING, INC. | JOSEPH A. DIPIETRO HEATING AND COOLING INC.",Subchapter S Corporation,same legal name + same ZIP (street spelling differs),2,4709647004;9716528403,4709647004:first draw;9716528403:second draw,4709647004:1903163.09;9716528403:1764859.50,4709647004:04/04/2020;9716528403:02/17/2021,4709647004:Paid in Full;9716528403:Paid in Full,Haverhill Bank,4709647004:111;9716528403:111,8471326,"9716528403 (PPS, 02/17/2021): 1,764,859.50 / 2.5 x 12",not_checked,,"No free bulk Massachusetts registry or original trade-license dataset is available (see unavailable sources). Organization dates are unknown, so no Massachusetts business can be marked ready.",,,,,,unknown,,,unknown,unknown,filing found,262448645-001,262448645-001:2024-01-01..2024-12-31,262448645-001:2025-05-07,262448645-001:49,49,"262448645-001 (medium): sponsor name 'JOSEPH A. DIPIETRO HEATING AND COOLING, INC.' matches; sponsor address corroborates (32 MIDDLESEX STREET, HAVERHILL MA 01835)",review,"record date unknown: No free bulk Massachusetts registry or original trade-license dataset is available (see unavailable sources). Organization dates are unknown, so no Massachusetts business can be marked ready.",not_ready,SBA PPP CSV (LoanNumber 4709647004;9716528403) https://data.sba.gov/sites/default/files/distribution/SBA-OCA-2022-07-001/public_150k_plus_240930.csv | DOL 5500-SF 2024 ACK 20250507154443NAL0016289424001 https://askebsa.dol.gov/FOIA%20Files/2024/Latest/F_5500_SF_2024_Latest.zip,20261007T202810Z,20261007T202838Z,yes
biz-024,ANYTIME PLUMBING AND HEATING INC,,123 BROADWAY,TAUNTON,MA,02780,ANYTIME PLUMBING AND HEATING INC,Corporation,single loan,1,4710097002,4710097002:first draw,4710097002:175300.00,4710097002:04/04/2020,4710097002:Paid in Full,Mechanics Cooperative Bank,4710097002:17,unknown,unknown: 4710097002: current amount differs from initial approval,not_checked,,"No free bulk Massachusetts registry or original trade-license dataset is available (see unavailable sources). Organization dates are unknown, so no Massachusetts business can be marked ready.",,,,,,unknown,,,unknown,unknown,unknown (no matched retirement-plan filing in searched years),,,,,unknown,,review,"record date unknown: No free bulk Massachusetts registry or original trade-license dataset is available (see unavailable sources). Organization dates are unknown, so no Massachusetts business can be marked ready.",not_ready,SBA PPP CSV (LoanNumber 4710097002) https://data.sba.gov/sites/default/files/distribution/SBA-OCA-2022-07-001/public_150k_plus_240930.csv,20261007T202810Z,20261007T202838Z,yes
biz-025,NORTHEASTERN MECHANICAL INC,,35 Industrial Dr,Canton,MA,02021,"NORTHEASTERN MECHANICAL INC | NORTHEASTERN MECHANICAL, INC.",Corporation,same legal name + same street address + ZIP,2,4733737007;7427398700,4733737007:first draw;7427398700:second draw,4733737007:3403900.00;7427398700:2000000.00,4733737007:04/04/2020;7427398700:04/06/2021,4733737007:Paid in Full;7427398700:Paid in Full,Needham Bank,4733737007:100;7427398700:120,unknown,unknown: 4733737007: current amount differs from initial approval; implied pay per reported job reaches $100K cap,not_checked,,"No free bulk Massachusetts registry or original trade-license dataset is available (see unavailable sources). Organization dates are unknown, so no Massachusetts business can be marked ready.",,,,,,unknown,,,unknown,unknown,filing found,043140175-001,043140175-001:2025-01-01..2025-12-31,043140175-001:2026-09-09,043140175-001:24,24,"043140175-001 (medium): sponsor name 'NORTHEASTERN MECHANICAL INC.' matches; sponsor address corroborates (35 INDUSTRIAL DRIVE, CANTON MA 02021)",review,"record date unknown: No free bulk Massachusetts registry or original trade-license dataset is available (see unavailable sources). Organization dates are unknown, so no Massachusetts business can be marked ready.",not_ready,SBA PPP CSV (LoanNumber 4733737007;7427398700) https://data.sba.gov/sites/default/files/distribution/SBA-OCA-2022-07-001/public_150k_plus_240930.csv | DOL 5500-SF 2025 ACK 20260909101557NAL0003968001001 https://askebsa.dol.gov/FOIA%20Files/2025/Latest/F_5500_SF_2025_Latest.zip,20261007T202810Z,20261007T202838Z,yes
biz-026,"PATRIOT PLUMBING & HEATING, INC.",,35 INDUSTRIAL DR,CANTON,MA,02021,"PATRIOT PLUMBING & HEATING, INC.",Corporation,single loan,1,4742747001,4742747001:first draw,4742747001:862400.00,4742747001:04/04/2020,4742747001:Paid in Full,Needham Bank,4742747001:14,unknown,unknown: 4742747001: current amount differs from initial approval; implied pay per reported job reaches $100K cap,not_checked,,"No free bulk Massachusetts registry or original trade-license dataset is available (see unavailable sources). Organization dates are unknown, so no Massachusetts business can be marked ready.",,,,,,unknown,,,unknown,unknown,unknown (no matched retirement-plan filing in searched years),,,,,unknown,,review,"record date unknown: No free bulk Massachusetts registry or original trade-license dataset is available (see unavailable sources). Organization dates are unknown, so no Massachusetts business can be marked ready.",not_ready,SBA PPP CSV (LoanNumber 4742747001) https://data.sba.gov/sites/default/files/distribution/SBA-OCA-2022-07-001/public_150k_plus_240930.csv,20261007T202810Z,20261007T202838Z,yes
biz-027,VALANTE MECHANICAL INC,,32 Furnace Ave,Quincy,MA,02169,VALANTE MECHANICAL INC,Corporation,same legal name + same street address + ZIP,2,4746127000;3591588408,4746127000:first draw;3591588408:second draw,4746127000:564200.00;3591588408:564342.00,4746127000:04/04/2020;3591588408:02/05/2021,4746127000:Paid in Full;3591588408:Paid in Full,Coastal Heritage Bank,4746127000:15;3591588408:28,2708842,"3591588408 (PPS, 02/05/2021): 564,342.00 / 2.5 x 12",not_checked,,"No free bulk Massachusetts registry or original trade-license dataset is available (see unavailable sources). Organization dates are unknown, so no Massachusetts business can be marked ready.",,,,,,unknown,,,unknown,unknown,filing found,383715438-001,383715438-001:2026-01-01..2026-03-11,383715438-001:2026-04-08,383715438-001:0,0,"383715438-001 (medium): sponsor name 'VALANTE MECHANICAL INC.' matches; sponsor address corroborates (32 FURNACE AVE, QUINCY MA 02169)",review,"record date unknown: No free bulk Massachusetts registry or original trade-license dataset is available (see unavailable sources). Organization dates are unknown, so no Massachusetts business can be marked ready.",not_ready,SBA PPP CSV (LoanNumber 4746127000;3591588408) https://data.sba.gov/sites/default/files/distribution/SBA-OCA-2022-07-001/public_150k_plus_240930.csv | DOL 5500-SF 2025 ACK 20260408163109NAL0014545360001 https://askebsa.dol.gov/FOIA%20Files/2025/Latest/F_5500_SF_2025_Latest.zip,20261007T202810Z,20261007T202838Z,yes
biz-028,GRAY COMPANY,,28 Nashua Road Unit C,NORTH BILLERICA,MA,01862,GRAY COMPANY,Corporation,single loan,1,4747947001,4747947001:first draw,4747947001:410000.00,4747947001:04/04/2020,4747947001:Paid in Full,The Lowell Five Cent Savings Bank,4747947001:39,1968000,"4747947001 (PPP, 04/04/2020): 410,000.00 / 2.5 x 12",not_checked,,"No free bulk Massachusetts registry or original trade-license dataset is available (see unavailable sources). Organization dates are unknown, so no Massachusetts business can be marked ready.",,,,,,unknown,,,unknown,unknown,filing found,200050479-001,200050479-001:2025-01-01..2025-12-31,200050479-001:2026-05-07,200050479-001:32,32,"200050479-001 (medium): sponsor name 'GRAY COMPANY' matches; sponsor address corroborates (28 NASHUA ROAD, UNIT C, BILLERICA MA 01862)",review,"record date unknown: No free bulk Massachusetts registry or original trade-license dataset is available (see unavailable sources). Organization dates are unknown, so no Massachusetts business can be marked ready.",not_ready,SBA PPP CSV (LoanNumber 4747947001) https://data.sba.gov/sites/default/files/distribution/SBA-OCA-2022-07-001/public_150k_plus_240930.csv | DOL 5500-SF 2025 ACK 20260507102725NAL0002268435001 https://askebsa.dol.gov/FOIA%20Files/2025/Latest/F_5500_SF_2025_Latest.zip,20261007T202810Z,20261007T202838Z,yes
biz-029,GRATTA REFRIGERATION AND AIR CONDITIONING INC.,,1047 Washington St,East Weymouth,MA,02189,"GRATTA REFRIGERATION AND AIR CONDITIONING INC. | GRATTA REFRIGERATION AND AIR CONDITIONING, INC",Subchapter S Corporation,same legal name + same street address + ZIP,2,4750697010;1395738409,4750697010:first draw;1395738409:second draw,4750697010:569100.00;1395738409:569100.00,4750697010:04/04/2020;1395738409:02/01/2021,4750697010:Paid in Full;1395738409:Paid in Full,South Shore Bank,4750697010:37;1395738409:36,2731680,"4750697010 (PPP, 04/04/2020): 569,100.00 / 2.5 x 12",not_checked,,"No free bulk Massachusetts registry or original trade-license dataset is available (see unavailable sources). Organization dates are unknown, so no Massachusetts business can be marked ready.",,,,,,unknown,,,unknown,unknown,unknown (no matched retirement-plan filing in searched years),,,,,unknown,,review,"record date unknown: No free bulk Massachusetts registry or original trade-license dataset is available (see unavailable sources). Organization dates are unknown, so no Massachusetts business can be marked ready.",not_ready,SBA PPP CSV (LoanNumber 4750697010;1395738409) https://data.sba.gov/sites/default/files/distribution/SBA-OCA-2022-07-001/public_150k_plus_240930.csv,20261007T202810Z,20261007T202838Z,yes
biz-030,PIERCE REFRIGERATION LLC,,439 EAST CENTER STREET,WEST BRIDGEWATER,MA,02379,PIERCE REFRIGERATION LLC,Corporation,single loan,1,4768477001,4768477001:first draw,4768477001:375500.00,4768477001:04/04/2020,4768477001:Paid in Full,HarborOne Bank,4768477001:25,1802400,"4768477001 (PPP, 04/04/2020): 375,500.00 / 2.5 x 12",not_checked,,"No free bulk Massachusetts registry or original trade-license dataset is available (see unavailable sources). Organization dates are unknown, so no Massachusetts business can be marked ready.",,,,,,unknown,,,unknown,unknown,filing found,042488848-001,042488848-001:2024-12-01..2025-11-30,042488848-001:2026-08-04,042488848-001:30,30,"042488848-001 (medium): sponsor name 'PIERCE REFRIGERATION INC' matches; sponsor address corroborates (439 E. CENTER ST.,, WEST BRIDGEWATER MA 02379)",review,"record date unknown: No free bulk Massachusetts registry or original trade-license dataset is available (see unavailable sources). Organization dates are unknown, so no Massachusetts business can be marked ready.",not_ready,SBA PPP CSV (LoanNumber 4768477001) https://data.sba.gov/sites/default/files/distribution/SBA-OCA-2022-07-001/public_150k_plus_240930.csv | DOL 5500-SF 2024 ACK 20260804185954NAL0002094320001 https://askebsa.dol.gov/FOIA%20Files/2024/Latest/F_5500_SF_2024_Latest.zip,20261007T202810Z,20261007T202838Z,yes
biz-031,G & L PLUMBING INC,,140 Shrewsbury Street,BOYLSTON,MA,01505,G & L PLUMBING INC,Corporation,single loan,1,4771637002,4771637002:first draw,4771637002:290600.00,4771637002:04/04/2020,4771637002:Paid in Full,Webster Five Cents Savings Bank,4771637002:20,1394880,"4771637002 (PPP, 04/04/2020): 290,600.00 / 2.5 x 12",not_checked,,"No free bulk Massachusetts registry or original trade-license dataset is available (see unavailable sources). Organization dates are unknown, so no Massachusetts business can be marked ready.",,,,,,unknown,,,unknown,unknown,filing found,042525838-001,042525838-001:2025-01-01..2025-12-31,042525838-001:2026-07-29,042525838-001:21,21,"042525838-001 (medium): sponsor name 'G & L PLUMBING, INC.' matches; sponsor address corroborates (140 SHREWSBURY STREET, BOYLSTON MA 01505)",review,"record date unknown: No free bulk Massachusetts registry or original trade-license dataset is available (see unavailable sources). Organization dates are unknown, so no Massachusetts business can be marked ready.",not_ready,SBA PPP CSV (LoanNumber 4771637002) https://data.sba.gov/sites/default/files/distribution/SBA-OCA-2022-07-001/public_150k_plus_240930.csv | DOL 5500-SF 2025 ACK 20260729104532NAL0025024880001 https://askebsa.dol.gov/FOIA%20Files/2025/Latest/F_5500_SF_2025_Latest.zip,20261007T202810Z,20261007T202838Z,yes
biz-032,ACE TEMPERATURE CONTROL INC.,,30 Ward St,Worcester,MA,01610,ACE TEMPERATURE CONTROL INC.,Corporation,same legal name + same street address + ZIP,2,4800327003;6164288302,4800327003:first draw;6164288302:second draw,4800327003:262500.00;6164288302:322108.00,4800327003:04/04/2020;6164288302:01/26/2021,4800327003:Paid in Full;6164288302:Paid in Full,Bay State Savings Bank,4800327003:19;6164288302:21,1260000,"4800327003 (PPP, 04/04/2020): 262,500.00 / 2.5 x 12",not_checked,,"No free bulk Massachusetts registry or original trade-license dataset is available (see unavailable sources). Organization dates are unknown, so no Massachusetts business can be marked ready.",,,,,,unknown,,,unknown,unknown,filing found,042459653-001,042459653-001:2025-01-01..2025-12-31,042459653-001:2026-06-23,042459653-001:20,20,"042459653-001 (medium): sponsor name 'ACE TEMPERATURE CONTROL INC' matches; sponsor address corroborates (30 WARD STREET, WORCESTER MA 01610)",review,"record date unknown: No free bulk Massachusetts registry or original trade-license dataset is available (see unavailable sources). Organization dates are unknown, so no Massachusetts business can be marked ready.",not_ready,SBA PPP CSV (LoanNumber 4800327003;6164288302) https://data.sba.gov/sites/default/files/distribution/SBA-OCA-2022-07-001/public_150k_plus_240930.csv | DOL 5500-SF 2025 ACK 20260623093710NAL0005312595001 https://askebsa.dol.gov/FOIA%20Files/2025/Latest/F_5500_SF_2025_Latest.zip,20261007T202810Z,20261007T202838Z,yes
biz-033,"EAGLE SPRINKLER FIRE AND PROTECTION, INC.",,781 main street,WHITINSVILLE,MA,01588,"EAGLE SPRINKLER FIRE AND PROTECTION, INC.",Corporation,single loan,1,4802817001,4802817001:first draw,4802817001:383900.00,4802817001:04/04/2020,4802817001:Paid in Full,UniBank for Savings,4802817001:29,1842720,"4802817001 (PPP, 04/04/2020): 383,900.00 / 2.5 x 12",not_checked,,"No free bulk Massachusetts registry or original trade-license dataset is available (see unavailable sources). Organization dates are unknown, so no Massachusetts business can be marked ready.",,,,,,unknown,,,unknown,unknown,unknown (no matched retirement-plan filing in searched years),,,,,unknown,,review,"record date unknown: No free bulk Massachusetts registry or original trade-license dataset is available (see unavailable sources). Organization dates are unknown, so no Massachusetts business can be marked ready.",not_ready,SBA PPP CSV (LoanNumber 4802817001) https://data.sba.gov/sites/default/files/distribution/SBA-OCA-2022-07-001/public_150k_plus_240930.csv,20261007T202810Z,20261007T202838Z,yes
biz-034,"JIM DORSEY & SONS, INC",,82 INGELL ST,TAUNTON,MA,02780,"JIM DORSEY & SONS, INC",Corporation,single loan,1,4838467005,4838467005:first draw,4838467005:230800.00,4838467005:04/04/2020,4838467005:Paid in Full,Mechanics Cooperative Bank,4838467005:24,1107840,"4838467005 (PPP, 04/04/2020): 230,800.00 / 2.5 x 12",not_checked,,"No free bulk Massachusetts registry or original trade-license dataset is available (see unavailable sources). Organization dates are unknown, so no Massachusetts business can be marked ready.",,,,,,unknown,,,unknown,unknown,unknown (no matched retirement-plan filing in searched years),,,,,unknown,,review,"record date unknown: No free bulk Massachusetts registry or original trade-license dataset is available (see unavailable sources). Organization dates are unknown, so no Massachusetts business can be marked ready.",not_ready,SBA PPP CSV (LoanNumber 4838467005) https://data.sba.gov/sites/default/files/distribution/SBA-OCA-2022-07-001/public_150k_plus_240930.csv,20261007T202810Z,20261007T202838Z,yes
biz-035,AFM PLUMBING INC,,370 CIRCUIT ST,NORWELL,MA,02061,AFM PLUMBING INC,Subchapter S Corporation,single loan,1,4927417003,4927417003:first draw,4927417003:241100.00,4927417003:04/04/2020,4927417003:Paid in Full,Mechanics Cooperative Bank,4927417003:20,1157280,"4927417003 (PPP, 04/04/2020): 241,100.00 / 2.5 x 12",not_checked,,"No free bulk Massachusetts registry or original trade-license dataset is available (see unavailable sources). Organization dates are unknown, so no Massachusetts business can be marked ready.",,,,,,unknown,,,unknown,unknown,filing found,043166199-001,043166199-001:2025-01-01..2025-12-31,043166199-001:2026-05-27,043166199-001:17,17,"043166199-001 (medium): sponsor name 'AFM PLUMBING, INC.' matches; sponsor ZIP corroborates (NORWELL MA 02061)",review,"record date unknown: No free bulk Massachusetts registry or original trade-license dataset is available (see unavailable sources). Organization dates are unknown, so no Massachusetts business can be marked ready.",not_ready,SBA PPP CSV (LoanNumber 4927417003) https://data.sba.gov/sites/default/files/distribution/SBA-OCA-2022-07-001/public_150k_plus_240930.csv | DOL 5500-SF 2025 ACK 20260527144332NAL0009736832001 https://askebsa.dol.gov/FOIA%20Files/2025/Latest/F_5500_SF_2025_Latest.zip,20261007T202810Z,20261007T202838Z,yes
biz-036,DENOMMEE PLUMBING & HEATING INC,,21 Westech Drive,TYNGSBORO,MA,01879,DENOMMEE PLUMBING & HEATING INC,Corporation,single loan,1,5006207010,5006207010:first draw,5006207010:402000.00,5006207010:04/04/2020,5006207010:Paid in Full,Enterprise Bank and Trust Company,5006207010:32,1929600,"5006207010 (PPP, 04/04/2020): 402,000.00 / 2.5 x 12",not_checked,,"No free bulk Massachusetts registry or original trade-license dataset is available (see unavailable sources). Organization dates are unknown, so no Massachusetts business can be marked ready.",,,,,,unknown,,,unknown,unknown,filing found,300239055-001,300239055-001:2024-01-01..2024-12-31,300239055-001:2025-09-17,300239055-001:54,54,"300239055-001 (medium): sponsor name 'DENOMMEE PLUMBING & HEATING, INC.' matches; sponsor address corroborates (21 WESTECH DRIVE, TYNGSBORO MA 01879)",review,"record date unknown: No free bulk Massachusetts registry or original trade-license dataset is available (see unavailable sources). Organization dates are unknown, so no Massachusetts business can be marked ready.",not_ready,SBA PPP CSV (LoanNumber 5006207010) https://data.sba.gov/sites/default/files/distribution/SBA-OCA-2022-07-001/public_150k_plus_240930.csv | DOL 5500-SF 2024 ACK 20250917103929NAL0000376001001 https://askebsa.dol.gov/FOIA%20Files/2024/Latest/F_5500_SF_2024_Latest.zip,20261007T202810Z,20261007T202838Z,yes
biz-037,NEW ENGLAND PLUMBING SOLUTIONS LLC,,759 CHIEF JUSTICE CUSHING HWY,COHASSET,MA,02025,NEW ENGLAND PLUMBING SOLUTIONS LLC,Limited  Liability Company(LLC),single loan,1,5072877010,5072877010:first draw,5072877010:301600.00,5072877010:04/05/2020,5072877010:Paid in Full,South Shore Bank,5072877010:32,unknown,unknown: 5072877010: business type 'Limited  Liability Company(LLC)' may use owner income/SE basis,not_checked,,"No free bulk Massachusetts registry or original trade-license dataset is available (see unavailable sources). Organization dates are unknown, so no Massachusetts business can be marked ready.",,,,,,unknown,,,unknown,unknown,filing found,611649628-001,611649628-001:2025-01-01..2025-12-31,611649628-001:2026-08-11,611649628-001:17,17,"611649628-001 (medium): sponsor name 'NEW ENGLAND PLUMBING SOLUTIONS, LLC' matches; sponsor ZIP corroborates (COHASSET MA 02025)",review,"record date unknown: No free bulk Massachusetts registry or original trade-license dataset is available (see unavailable sources). Organization dates are unknown, so no Massachusetts business can be marked ready.",not_ready,SBA PPP CSV (LoanNumber 5072877010) https://data.sba.gov/sites/default/files/distribution/SBA-OCA-2022-07-001/public_150k_plus_240930.csv | DOL 5500-SF 2025 ACK 20260811224352NAL0009616288001 https://askebsa.dol.gov/FOIA%20Files/2025/Latest/F_5500_SF_2025_Latest.zip,20261007T202810Z,20261007T202838Z,yes
biz-038,EXCEL MECHANICAL INC,,392 MCGRATH HWY,SOMERVILLE,MA,02143,EXCEL MECHANICAL INC,Corporation,single loan,1,5084327006,5084327006:first draw,5084327006:185600.00,5084327006:04/05/2020,5084327006:Paid in Full,BankGloucester,5084327006:13,unknown,unknown: 5084327006: current amount differs from initial approval,not_checked,,"No free bulk Massachusetts registry or original trade-license dataset is available (see unavailable sources). Organization dates are unknown, so no Massachusetts business can be marked ready.",,,,,,unknown,,,unknown,unknown,unknown (no matched retirement-plan filing in searched years),,,,,unknown,,review,"record date unknown: No free bulk Massachusetts registry or original trade-license dataset is available (see unavailable sources). Organization dates are unknown, so no Massachusetts business can be marked ready.",not_ready,SBA PPP CSV (LoanNumber 5084327006) https://data.sba.gov/sites/default/files/distribution/SBA-OCA-2022-07-001/public_150k_plus_240930.csv,20261007T202810Z,20261007T202838Z,yes
biz-039,"TAVANO MECHANICAL SYSTEMS, LLC",,270 Communication Way Unit 1B,Hyannis,MA,02601,"TAVANO MECHANICAL SYSTEMS, LLC",Corporation,same legal name + same ZIP (street spelling differs),2,5088157000;6195238301,5088157000:first draw;6195238301:second draw,5088157000:208000.00;6195238301:242957.50,5088157000:04/05/2020;6195238301:01/26/2021,5088157000:Paid in Full;6195238301:Paid in Full,The Cape Cod Five Cents Savings Bank,5088157000:18;6195238301:21,1166196,"6195238301 (PPS, 01/26/2021): 242,957.50 / 2.5 x 12",not_checked,,"No free bulk Massachusetts registry or original trade-license dataset is available (see unavailable sources). Organization dates are unknown, so no Massachusetts business can be marked ready.",,,,,,unknown,,,unknown,unknown,unknown (no matched retirement-plan filing in searched years),,,,,unknown,,review,"record date unknown: No free bulk Massachusetts registry or original trade-license dataset is available (see unavailable sources). Organization dates are unknown, so no Massachusetts business can be marked ready.",not_ready,SBA PPP CSV (LoanNumber 5088157000;6195238301) https://data.sba.gov/sites/default/files/distribution/SBA-OCA-2022-07-001/public_150k_plus_240930.csv,20261007T202810Z,20261007T202838Z,yes
biz-040,"O'CONNELL PLUMBING, INC.",,19A LARCHMONT RD,SALEM,MA,01970,"O'CONNELL PLUMBING, INC.",Corporation,single loan,1,5100887000,5100887000:first draw,5100887000:229400.00,5100887000:04/05/2020,5100887000:Paid in Full,"North Shore Bank, a Co-operative Bank",5100887000:8,unknown,unknown: 5100887000: implied pay per reported job reaches $100K cap,not_checked,,"No free bulk Massachusetts registry or original trade-license dataset is available (see unavailable sources). Organization dates are unknown, so no Massachusetts business can be marked ready.",,,,,,unknown,,,unknown,unknown,unknown (no matched retirement-plan filing in searched years),,,,,unknown,,review,"record date unknown: No free bulk Massachusetts registry or original trade-license dataset is available (see unavailable sources). Organization dates are unknown, so no Massachusetts business can be marked ready.",not_ready,SBA PPP CSV (LoanNumber 5100887000) https://data.sba.gov/sites/default/files/distribution/SBA-OCA-2022-07-001/public_150k_plus_240930.csv,20261007T202810Z,20261007T202838Z,yes
biz-041,CASWELL MECHANICAL INC.,,24 Graf Rd,Newburyport,MA,01950,"CASWELL MECHANICAL INC. | CASWELL MECHANICAL, INC.",Corporation,same legal name + same street address + ZIP,2,5115257002;3976138403,5115257002:first draw;3976138403:second draw,5115257002:507900.00;3976138403:486600.00,5115257002:04/05/2020;3976138403:02/05/2021,5115257002:Paid in Full;3976138403:Paid in Full,Institution for Savings In Newburyport and its Vicinity,5115257002:43;3976138403:36,2335680,"3976138403 (PPS, 02/05/2021): 486,600.00 / 2.5 x 12",not_checked,,"No free bulk Massachusetts registry or original trade-license dataset is available (see unavailable sources). Organization dates are unknown, so no Massachusetts business can be marked ready.",,,,,,unknown,,,unknown,unknown,unknown (no matched retirement-plan filing in searched years),,,,,unknown,,review,"record date unknown: No free bulk Massachusetts registry or original trade-license dataset is available (see unavailable sources). Organization dates are unknown, so no Massachusetts business can be marked ready.",not_ready,SBA PPP CSV (LoanNumber 5115257002;3976138403) https://data.sba.gov/sites/default/files/distribution/SBA-OCA-2022-07-001/public_150k_plus_240930.csv,20261007T202810Z,20261007T202838Z,yes
biz-042,"CHATHAM SHEETMETAL, INC.",,28 Village Landing P.O. BOX 1467,WEST CHATHAM,MA,02633,"CHATHAM SHEETMETAL, INC.",Corporation,single loan,1,5146817007,5146817007:first draw,5146817007:1020000.00,5146817007:04/05/2020,5146817007:Paid in Full,The Cape Cod Five Cents Savings Bank,5146817007:68,unknown,unknown: 5146817007: current amount differs from initial approval,not_checked,,"No free bulk Massachusetts registry or original trade-license dataset is available (see unavailable sources). Organization dates are unknown, so no Massachusetts business can be marked ready.",,,,,,unknown,,,unknown,unknown,unknown (no matched retirement-plan filing in searched years),,,,,unknown,,review,"record date unknown: No free bulk Massachusetts registry or original trade-license dataset is available (see unavailable sources). Organization dates are unknown, so no Massachusetts business can be marked ready.",not_ready,SBA PPP CSV (LoanNumber 5146817007) https://data.sba.gov/sites/default/files/distribution/SBA-OCA-2022-07-001/public_150k_plus_240930.csv,20261007T202810Z,20261007T202838Z,yes
biz-043,"LC MECHANICAL, INC",,147 HYACINTH ST,FALL RIVER,MA,02720,"LC MECHANICAL, INC",Corporation,single loan,1,5179507004,5179507004:first draw,5179507004:267300.00,5179507004:04/05/2020,5179507004:Paid in Full,Fall River Five Cents Savings Bank d/b/a BankFive,5179507004:19,unknown,unknown: 5179507004: current amount differs from initial approval,not_checked,,"No free bulk Massachusetts registry or original trade-license dataset is available (see unavailable sources). Organization dates are unknown, so no Massachusetts business can be marked ready.",,,,,,unknown,,,unknown,unknown,unknown (no matched retirement-plan filing in searched years),,,,,unknown,,review,"record date unknown: No free bulk Massachusetts registry or original trade-license dataset is available (see unavailable sources). Organization dates are unknown, so no Massachusetts business can be marked ready.",not_ready,SBA PPP CSV (LoanNumber 5179507004) https://data.sba.gov/sites/default/files/distribution/SBA-OCA-2022-07-001/public_150k_plus_240930.csv,20261007T202810Z,20261007T202838Z,yes
biz-044,"SUBURBAN HVAC, INC.",,16 Southwest Park,WESTWOOD,MA,02090,"SUBURBAN HVAC, INC.",Corporation,single loan,1,5197667010,5197667010:first draw,5197667010:330200.00,5197667010:04/05/2020,5197667010:Paid in Full,Walpole Co-Operative Bank,5197667010:30,1584960,"5197667010 (PPP, 04/05/2020): 330,200.00 / 2.5 x 12",not_checked,,"No free bulk Massachusetts registry or original trade-license dataset is available (see unavailable sources). Organization dates are unknown, so no Massachusetts business can be marked ready.",,,,,,unknown,,,unknown,unknown,unknown (no matched retirement-plan filing in searched years),,,,,unknown,,review,"record date unknown: No free bulk Massachusetts registry or original trade-license dataset is available (see unavailable sources). Organization dates are unknown, so no Massachusetts business can be marked ready.",not_ready,SBA PPP CSV (LoanNumber 5197667010) https://data.sba.gov/sites/default/files/distribution/SBA-OCA-2022-07-001/public_150k_plus_240930.csv,20261007T202810Z,20261007T202838Z,yes
biz-045,SUBURBAN SERVICE CORPORATION OF NORWOOD,,16 Southwest Park,WESTWOOD,MA,02090,SUBURBAN SERVICE CORPORATION OF NORWOOD,Corporation,single loan,1,5204827009,5204827009:first draw,5204827009:286400.00,5204827009:04/05/2020,5204827009:Paid in Full,Walpole Co-Operative Bank,5204827009:28,1374720,"5204827009 (PPP, 04/05/2020): 286,400.00 / 2.5 x 12",not_checked,,"No free bulk Massachusetts registry or original trade-license dataset is available (see unavailable sources). Organization dates are unknown, so no Massachusetts business can be marked ready.",,,,,,unknown,,,unknown,unknown,unknown (no matched retirement-plan filing in searched years),,,,,unknown,,review,"record date unknown: No free bulk Massachusetts registry or original trade-license dataset is available (see unavailable sources). Organization dates are unknown, so no Massachusetts business can be marked ready.",not_ready,SBA PPP CSV (LoanNumber 5204827009) https://data.sba.gov/sites/default/files/distribution/SBA-OCA-2022-07-001/public_150k_plus_240930.csv,20261007T202810Z,20261007T202838Z,yes
biz-046,ADVANCED ENERGY CONCEPTS OF WORCESTER INC,,151 Southbridge St Ste 2,Auburn,MA,01501,ADVANCED ENERGY CONCEPTS OF WORCESTER INC,Corporation,same legal name + same street address + ZIP,2,5219627000;6245988400,5219627000:first draw;6245988400:second draw,5219627000:175400.00;6245988400:239200.00,5219627000:04/05/2020;6245988400:02/10/2021,5219627000:Paid in Full;6245988400:Paid in Full,Savers Co-Operative Bank,5219627000:18;6245988400:26,841920,"5219627000 (PPP, 04/05/2020): 175,400.00 / 2.5 x 12",not_checked,,"No free bulk Massachusetts registry or original trade-license dataset is available (see unavailable sources). Organization dates are unknown, so no Massachusetts business can be marked ready.",,,,,,unknown,,,unknown,unknown,unknown (no matched retirement-plan filing in searched years),,,,,unknown,,review,"record date unknown: No free bulk Massachusetts registry or original trade-license dataset is available (see unavailable sources). Organization dates are unknown, so no Massachusetts business can be marked ready.",not_ready,SBA PPP CSV (LoanNumber 5219627000;6245988400) https://data.sba.gov/sites/default/files/distribution/SBA-OCA-2022-07-001/public_150k_plus_240930.csv,20261007T202810Z,20261007T202838Z,yes
biz-047,"HVACR SERVICE CONTRACTORS, INC .",,29 Sword Street,AUBURN,MA,01501,"HVACR SERVICE CONTRACTORS, INC .",Corporation,single loan,1,5222967009,5222967009:first draw,5222967009:327600.00,5222967009:04/05/2020,5222967009:Paid in Full,Country Bank for Savings,5222967009:21,1572480,"5222967009 (PPP, 04/05/2020): 327,600.00 / 2.5 x 12",not_checked,,"No free bulk Massachusetts registry or original trade-license dataset is available (see unavailable sources). Organization dates are unknown, so no Massachusetts business can be marked ready.",,,,,,unknown,,,unknown,unknown,unknown (no matched retirement-plan filing in searched years),,,,,unknown,,review,"record date unknown: No free bulk Massachusetts registry or original trade-license dataset is available (see unavailable sources). Organization dates are unknown, so no Massachusetts business can be marked ready.",not_ready,SBA PPP CSV (LoanNumber 5222967009) https://data.sba.gov/sites/default/files/distribution/SBA-OCA-2022-07-001/public_150k_plus_240930.csv,20261007T202810Z,20261007T202838Z,yes
biz-048,"NEW ENGLAND DUCTLESS, INC.",,41 Hollingsworth Street,MATTAPAN,MA,02126,"NEW ENGLAND DUCTLESS, INC.",Subchapter S Corporation,single loan,1,5275727000,5275727000:first draw,5275727000:173424.00,5275727000:04/05/2020,5275727000:Paid in Full,BayCoast Bank,5275727000:17,832435,"5275727000 (PPP, 04/05/2020): 173,424.00 / 2.5 x 12",not_checked,,"No free bulk Massachusetts registry or original trade-license dataset is available (see unavailable sources). Organization dates are unknown, so no Massachusetts business can be marked ready.",,,,,,unknown,,,unknown,unknown,unknown (no matched retirement-plan filing in searched years),,,,,unknown,,review,"record date unknown: No free bulk Massachusetts registry or original trade-license dataset is available (see unavailable sources). Organization dates are unknown, so no Massachusetts business can be marked ready.",not_ready,SBA PPP CSV (LoanNumber 5275727000) https://data.sba.gov/sites/default/files/distribution/SBA-OCA-2022-07-001/public_150k_plus_240930.csv,20261007T202810Z,20261007T202838Z,yes
biz-049,BOSTON STANDARD PLUMBING & HEATING INCORPORATED,,41 Hollingsworth Street,Mattapan,MA,02186,BOSTON STANDARD PLUMBING & HEATING INCORPORATED,Corporation,single loan,1,5376167008,5376167008:first draw,5376167008:477775.00,5376167008:04/05/2020,5376167008:Paid in Full,BayCoast Bank,5376167008:47,2293320,"5376167008 (PPP, 04/05/2020): 477,775.00 / 2.5 x 12",not_checked,,"No free bulk Massachusetts registry or original trade-license dataset is available (see unavailable sources). Organization dates are unknown, so no Massachusetts business can be marked ready.",,,,,,unknown,,,unknown,unknown,unknown (no matched retirement-plan filing in searched years),,,,,unknown,,review,"record date unknown: No free bulk Massachusetts registry or original trade-license dataset is available (see unavailable sources). Organization dates are unknown, so no Massachusetts business can be marked ready.",not_ready,SBA PPP CSV (LoanNumber 5376167008) https://data.sba.gov/sites/default/files/distribution/SBA-OCA-2022-07-001/public_150k_plus_240930.csv,20261007T202810Z,20261007T202838Z,yes
biz-050,"NASHOBA AIR, INC.",,527 GREAT RD,LITTLETON,MA,01460,"NASHOBA AIR, INC.",Subchapter S Corporation,single loan,1,5432307008,5432307008:first draw,5432307008:631700.00,5432307008:04/05/2020,5432307008:Paid in Full,Enterprise Bank and Trust Company,5432307008:42,3032160,"5432307008 (PPP, 04/05/2020): 631,700.00 / 2.5 x 12",not_checked,,"No free bulk Massachusetts registry or original trade-license dataset is available (see unavailable sources). Organization dates are unknown, so no Massachusetts business can be marked ready.",,,,,,unknown,,,unknown,unknown,unknown (no matched retirement-plan filing in searched years),,,,,unknown,,review,"record date unknown: No free bulk Massachusetts registry or original trade-license dataset is available (see unavailable sources). Organization dates are unknown, so no Massachusetts business can be marked ready.",not_ready,SBA PPP CSV (LoanNumber 5432307008) https://data.sba.gov/sites/default/files/distribution/SBA-OCA-2022-07-001/public_150k_plus_240930.csv,20261007T202810Z,20261007T202838Z,yes
biz-051,"MILLTOWN PLUMBING & HEATING, INC.",,131 STEADMAN ST #6,CHELMSFORD,MA,01824,"MILLTOWN PLUMBING & HEATING, INC.",Corporation,single loan,1,5562727003,5562727003:first draw,5562727003:684200.00,5562727003:04/05/2020,5562727003:Paid in Full,Enterprise Bank and Trust Company,5562727003:48,3284160,"5562727003 (PPP, 04/05/2020): 684,200.00 / 2.5 x 12",not_checked,,"No free bulk Massachusetts registry or original trade-license dataset is available (see unavailable sources). Organization dates are unknown, so no Massachusetts business can be marked ready.",,,,,,unknown,,,unknown,unknown,unknown (no matched retirement-plan filing in searched years),,,,,unknown,,review,"record date unknown: No free bulk Massachusetts registry or original trade-license dataset is available (see unavailable sources). Organization dates are unknown, so no Massachusetts business can be marked ready.",not_ready,SBA PPP CSV (LoanNumber 5562727003) https://data.sba.gov/sites/default/files/distribution/SBA-OCA-2022-07-001/public_150k_plus_240930.csv,20261007T202810Z,20261007T202838Z,yes
biz-052,"BOUCHER ENERGY SYSTEMS, INC",,88 MILLVILLE,MENDON,MA,01756,"BOUCHER ENERGY SYSTEMS, INC",Subchapter S Corporation,single loan,1,5630827001,5630827001:first draw,5630827001:289100.00,5630827001:04/06/2020,5630827001:Paid in Full,Charles River Bank,5630827001:17,1387680,"5630827001 (PPP, 04/06/2020): 289,100.00 / 2.5 x 12",not_checked,,"No free bulk Massachusetts registry or original trade-license dataset is available (see unavailable sources). Organization dates are unknown, so no Massachusetts business can be marked ready.",,,,,,unknown,,,unknown,unknown,unknown (no matched retirement-plan filing in searched years),,,,,unknown,,review,"record date unknown: No free bulk Massachusetts registry or original trade-license dataset is available (see unavailable sources). Organization dates are unknown, so no Massachusetts business can be marked ready.",not_ready,SBA PPP CSV (LoanNumber 5630827001) https://data.sba.gov/sites/default/files/distribution/SBA-OCA-2022-07-001/public_150k_plus_240930.csv,20261007T202810Z,20261007T202838Z,yes
biz-053,MAGUIRE COMPANY,,254 ADAMS STREET,NEWTON,MA,02458,MAGUIRE COMPANY,Corporation,single loan,1,5657697010,5657697010:first draw,5657697010:705672.50,5657697010:04/06/2020,5657697010:Paid in Full,Webster Bank National Association,5657697010:36,3387228,"5657697010 (PPP, 04/06/2020): 705,672.50 / 2.5 x 12",not_checked,,"No free bulk Massachusetts registry or original trade-license dataset is available (see unavailable sources). Organization dates are unknown, so no Massachusetts business can be marked ready.",,,,,,unknown,,,unknown,unknown,unknown (no matched retirement-plan filing in searched years),,,,,unknown,,review,"record date unknown: No free bulk Massachusetts registry or original trade-license dataset is available (see unavailable sources). Organization dates are unknown, so no Massachusetts business can be marked ready.",not_ready,SBA PPP CSV (LoanNumber 5657697010) https://data.sba.gov/sites/default/files/distribution/SBA-OCA-2022-07-001/public_150k_plus_240930.csv,20261007T202810Z,20261007T202838Z,yes
biz-054,"ATCO PLUMBING AND MECHANICAL, LLC",,93 Weaver Street,FALL RIVER,MA,02720,"ATCO PLUMBING AND MECHANICAL, LLC",Limited  Liability Company(LLC),single loan,1,5670227003,5670227003:first draw,5670227003:287556.00,5670227003:04/06/2020,5670227003:Paid in Full,BayCoast Bank,5670227003:30,unknown,unknown: 5670227003: business type 'Limited  Liability Company(LLC)' may use owner income/SE basis,not_checked,,"No free bulk Massachusetts registry or original trade-license dataset is available (see unavailable sources). Organization dates are unknown, so no Massachusetts business can be marked ready.",,,,,,unknown,,,unknown,unknown,filing found,201722721-001,201722721-001:2025-01-01..2025-12-31,201722721-001:2026-08-17,201722721-001:36,36,"201722721-001 (medium): sponsor name 'ATCO PLUMBING AND MECHANICAL, LLC' matches; sponsor address corroborates (93 WEAVER ST, FALL RIVER MA 027201309)",review,"record date unknown: No free bulk Massachusetts registry or original trade-license dataset is available (see unavailable sources). Organization dates are unknown, so no Massachusetts business can be marked ready.",not_ready,SBA PPP CSV (LoanNumber 5670227003) https://data.sba.gov/sites/default/files/distribution/SBA-OCA-2022-07-001/public_150k_plus_240930.csv | DOL 5500-SF 2025 ACK 20260817105429NAL0015829985001 https://askebsa.dol.gov/FOIA%20Files/2025/Latest/F_5500_SF_2025_Latest.zip,20261007T202810Z,20261007T202838Z,yes
biz-055,MACCORMACK PLUMBING INC.,,17 BRIDGE ST Suite 104,BILLERICA,MA,01821,MACCORMACK PLUMBING INC.,Subchapter S Corporation,single loan,1,5686027007,5686027007:first draw,5686027007:3093400.00,5686027007:04/06/2020,5686027007:Paid in Full,Enterprise Bank and Trust Company,5686027007:202,14848320,"5686027007 (PPP, 04/06/2020): 3,093,400.00 / 2.5 x 12",not_checked,,"No free bulk Massachusetts registry or original trade-license dataset is available (see unavailable sources). Organization dates are unknown, so no Massachusetts business can be marked ready.",,,,,,unknown,,,unknown,unknown,filing found,043280350-001,043280350-001:2024-01-01..2024-12-31,043280350-001:2025-10-14,043280350-001:206,206,"043280350-001 (medium): sponsor name 'MACCORMACK PLUMBING INC' matches; sponsor address corroborates (17 BRIDGE ST STE 104, BILLERICA MA 018211000)",review,"record date unknown: No free bulk Massachusetts registry or original trade-license dataset is available (see unavailable sources). Organization dates are unknown, so no Massachusetts business can be marked ready.",not_ready,SBA PPP CSV (LoanNumber 5686027007) https://data.sba.gov/sites/default/files/distribution/SBA-OCA-2022-07-001/public_150k_plus_240930.csv | DOL 5500 2024 ACK 20251014145911NAL0001545427001 https://askebsa.dol.gov/FOIA%20Files/2024/Latest/F_5500_2024_Latest.zip,20261007T202810Z,20261007T202838Z,yes
biz-056,PIPING SYSTEMS INC,,32 Mill St,Assonet,MA,02702,PIPING SYSTEMS INC | PIPING SYSTEMS INC.,Subchapter S Corporation,same legal name + same ZIP (street spelling differs),2,5690417009;2986038309,5690417009:first draw;2986038309:second draw,5690417009:760000.00;2986038309:809016.00,5690417009:04/06/2020;2986038309:01/21/2021,5690417009:Paid in Full;2986038309:Paid in Full,BayCoast Bank,5690417009:49;2986038309:45,3648000,"5690417009 (PPP, 04/06/2020): 760,000.00 / 2.5 x 12",not_checked,,"No free bulk Massachusetts registry or original trade-license dataset is available (see unavailable sources). Organization dates are unknown, so no Massachusetts business can be marked ready.",,,,,,unknown,,,unknown,unknown,unknown (no matched retirement-plan filing in searched years),,,,,unknown,,review,"record date unknown: No free bulk Massachusetts registry or original trade-license dataset is available (see unavailable sources). Organization dates are unknown, so no Massachusetts business can be marked ready.",not_ready,SBA PPP CSV (LoanNumber 5690417009;2986038309) https://data.sba.gov/sites/default/files/distribution/SBA-OCA-2022-07-001/public_150k_plus_240930.csv,20261007T202810Z,20261007T202838Z,yes
biz-057,GUSTAFSON PLUMBERS INC,,1035 MILLBURY ST,WORCESTER,MA,01607,GUSTAFSON PLUMBERS INC,Corporation,single loan,1,5705397009,5705397009:first draw,5705397009:155100.00,5705397009:04/06/2020,5705397009:Paid in Full,bankHometown,5705397009:17,744480,"5705397009 (PPP, 04/06/2020): 155,100.00 / 2.5 x 12",not_checked,,"No free bulk Massachusetts registry or original trade-license dataset is available (see unavailable sources). Organization dates are unknown, so no Massachusetts business can be marked ready.",,,,,,unknown,,,unknown,unknown,unknown (no matched retirement-plan filing in searched years),,,,,unknown,,review,"record date unknown: No free bulk Massachusetts registry or original trade-license dataset is available (see unavailable sources). Organization dates are unknown, so no Massachusetts business can be marked ready.",not_ready,SBA PPP CSV (LoanNumber 5705397009) https://data.sba.gov/sites/default/files/distribution/SBA-OCA-2022-07-001/public_150k_plus_240930.csv,20261007T202810Z,20261007T202838Z,yes
biz-058,AMERICAN PLUMBING & HEATING CORP.,,1000 Cordwainer Dr,Norwell,MA,02061,AMERICAN PLUMBING & HEATING CORP. | AMERICAN PLUMBING AND HEATING CORP,Subchapter S Corporation,same legal name + same ZIP (street spelling differs),2,5742577003;5267218301,5742577003:first draw;5267218301:second draw,5742577003:1125000.00;5267218301:1125000.00,5742577003:04/06/2020;5267218301:01/25/2021,5742577003:Paid in Full;5267218301:Paid in Full,South Shore Bank,5742577003:65;5267218301:236,5400000,"5742577003 (PPP, 04/06/2020): 1,125,000.00 / 2.5 x 12",not_checked,,"No free bulk Massachusetts registry or original trade-license dataset is available (see unavailable sources). Organization dates are unknown, so no Massachusetts business can be marked ready.",,,,,,unknown,,,unknown,unknown,filing found,042900232-001,042900232-001:2025-01-01..2025-12-31,042900232-001:2026-07-28,042900232-001:41,41,"042900232-001 (medium): sponsor name 'AMERICAN PLUMBING & HEATING CO' matches; sponsor address corroborates (1000 CORDWAINER DR, NORWELL MA 020611631)",review,"record date unknown: No free bulk Massachusetts registry or original trade-license dataset is available (see unavailable sources). Organization dates are unknown, so no Massachusetts business can be marked ready.",not_ready,SBA PPP CSV (LoanNumber 5742577003;5267218301) https://data.sba.gov/sites/default/files/distribution/SBA-OCA-2022-07-001/public_150k_plus_240930.csv | DOL 5500-SF 2025 ACK 20260728130846NAL0032469298001 https://askebsa.dol.gov/FOIA%20Files/2025/Latest/F_5500_SF_2025_Latest.zip,20261007T202810Z,20261007T202838Z,yes
biz-059,ACCUTEMP ENGINEERING INC.,,100 Maple Street Bldg B,STONEHAM,MA,02180,ACCUTEMP ENGINEERING INC.,Subchapter S Corporation,single loan,1,5803937009,5803937009:first draw,5803937009:1054600.00,5803937009:04/06/2020,5803937009:Paid in Full,Watertown Savings Bank,5803937009:48,unknown,unknown: 5803937009: implied pay per reported job reaches $100K cap,not_checked,,"No free bulk Massachusetts registry or original trade-license dataset is available (see unavailable sources). Organization dates are unknown, so no Massachusetts business can be marked ready.",,,,,,unknown,,,unknown,unknown,filing found,042635965-001,042635965-001:2024-01-01..2024-12-31,042635965-001:2025-09-02,042635965-001:98,98,"042635965-001 (medium): sponsor name 'ACCUTEMP ENGINEERING, INC.' matches; sponsor address corroborates (100 MAPLE STREET, BLDG. B, STONEHAM MA 02180)",review,"record date unknown: No free bulk Massachusetts registry or original trade-license dataset is available (see unavailable sources). Organization dates are unknown, so no Massachusetts business can be marked ready.",not_ready,SBA PPP CSV (LoanNumber 5803937009) https://data.sba.gov/sites/default/files/distribution/SBA-OCA-2022-07-001/public_150k_plus_240930.csv | DOL 5500-SF 2024 ACK 20250902135202NAL0024539904001 https://askebsa.dol.gov/FOIA%20Files/2024/Latest/F_5500_SF_2024_Latest.zip,20261007T202810Z,20261007T202838Z,yes
biz-060,"WALTER SMITH PLUMBING & HEATING, INC.",,8 Weeks Lane,EDGARTOWN,MA,02539,"WALTER SMITH PLUMBING & HEATING, INC.",Subchapter S Corporation,single loan,1,5815267006,5815267006:first draw,5815267006:481452.00,5815267006:04/06/2020,5815267006:Paid in Full,The Cape Cod Five Cents Savings Bank,5815267006:23,unknown,unknown: 5815267006: implied pay per reported job reaches $100K cap,not_checked,,"No free bulk Massachusetts registry or original trade-license dataset is available (see unavailable sources). Organization dates are unknown, so no Massachusetts business can be marked ready.",,,,,,unknown,,,unknown,unknown,filing found,042704730-001,042704730-001:2025-01-01..2025-12-31,042704730-001:2026-06-05,042704730-001:14,14,"042704730-001 (medium): sponsor name 'WALTER SMITH PLUMBING & HEATING, INC.' matches; sponsor ZIP corroborates (EDGARTOWN MA 02539)",review,"record date unknown: No free bulk Massachusetts registry or original trade-license dataset is available (see unavailable sources). Organization dates are unknown, so no Massachusetts business can be marked ready.",not_ready,SBA PPP CSV (LoanNumber 5815267006) https://data.sba.gov/sites/default/files/distribution/SBA-OCA-2022-07-001/public_150k_plus_240930.csv | DOL 5500-SF 2025 ACK 20260605205808NAL0002145665001 https://askebsa.dol.gov/FOIA%20Files/2025/Latest/F_5500_SF_2025_Latest.zip,20261007T202810Z,20261007T202838Z,yes
biz-061,KINGSTON PLUMBING & HEATING INC,,7 Ryan Rd,Danvers,MA,01923,"KINGSTON PLUMBING & HEATING INC | KINGSTON PLUMBING & HEATING, INC.",Subchapter S Corporation,same legal name + same ZIP (street spelling differs),2,5830197007;8622068401,5830197007:first draw;8622068401:second draw,5830197007:190700.00;8622068401:163412.50,5830197007:04/06/2020;8622068401:02/13/2021,5830197007:Paid in Full;8622068401:Paid in Full,Cape Ann Savings Bank,5830197007:13;8622068401:13,915360,"5830197007 (PPP, 04/06/2020): 190,700.00 / 2.5 x 12",not_checked,,"No free bulk Massachusetts registry or original trade-license dataset is available (see unavailable sources). Organization dates are unknown, so no Massachusetts business can be marked ready.",,,,,,unknown,,,unknown,unknown,unknown (no matched retirement-plan filing in searched years),,,,,unknown,,review,"record date unknown: No free bulk Massachusetts registry or original trade-license dataset is available (see unavailable sources). Organization dates are unknown, so no Massachusetts business can be marked ready.",not_ready,SBA PPP CSV (LoanNumber 5830197007;8622068401) https://data.sba.gov/sites/default/files/distribution/SBA-OCA-2022-07-001/public_150k_plus_240930.csv,20261007T202810Z,20261007T202838Z,yes
biz-062,"B.L. MECHANICAL, INC.",,726 Quaker Highway,UXBRIDGE,MA,01569,"B.L. MECHANICAL, INC.",Corporation,single loan,1,5834827003,5834827003:first draw,5834827003:851800.00,5834827003:04/06/2020,5834827003:Paid in Full,UniBank for Savings,5834827003:47,4088640,"5834827003 (PPP, 04/06/2020): 851,800.00 / 2.5 x 12",not_checked,,"No free bulk Massachusetts registry or original trade-license dataset is available (see unavailable sources). Organization dates are unknown, so no Massachusetts business can be marked ready.",,,,,,unknown,,,unknown,unknown,filing found,202320726-001,202320726-001:2025-01-01..2025-12-31,202320726-001:2026-02-26,202320726-001:40,40,"202320726-001 (medium): sponsor name 'BL MECHANICAL, INC.' matches; sponsor address corroborates (726 QUAKER HIGHWAY, UXBRIDGE MA 01569)",review,"record date unknown: No free bulk Massachusetts registry or original trade-license dataset is available (see unavailable sources). Organization dates are unknown, so no Massachusetts business can be marked ready.",not_ready,SBA PPP CSV (LoanNumber 5834827003) https://data.sba.gov/sites/default/files/distribution/SBA-OCA-2022-07-001/public_150k_plus_240930.csv | DOL 5500-SF 2025 ACK 20260226100306NAL0010405762001 https://askebsa.dol.gov/FOIA%20Files/2025/Latest/F_5500_SF_2025_Latest.zip,20261007T202810Z,20261007T202838Z,yes
biz-063,MCCUSKER-GILL INC,,60 RESEARCH RD,HINGHAM,MA,02043,MCCUSKER-GILL INC,Corporation,single loan,1,5861077009,5861077009:first draw,5861077009:4272200.00,5861077009:04/06/2020,5861077009:Paid in Full,Eastern Bank,5861077009:220,20506560,"5861077009 (PPP, 04/06/2020): 4,272,200.00 / 2.5 x 12",not_checked,,"No free bulk Massachusetts registry or original trade-license dataset is available (see unavailable sources). Organization dates are unknown, so no Massachusetts business can be marked ready.",,,,,,unknown,,,unknown,unknown,filing found,043111642-001,043111642-001:2024-11-01..2025-10-31,043111642-001:2026-08-13,043111642-001:22,22,"043111642-001 (medium): sponsor name 'MCCUSKER-GILL, INC.' matches; sponsor address corroborates (60 RESEARCH ROAD, HINGHAM MA 02043)",review,"record date unknown: No free bulk Massachusetts registry or original trade-license dataset is available (see unavailable sources). Organization dates are unknown, so no Massachusetts business can be marked ready.",not_ready,SBA PPP CSV (LoanNumber 5861077009) https://data.sba.gov/sites/default/files/distribution/SBA-OCA-2022-07-001/public_150k_plus_240930.csv | DOL 5500-SF 2024 ACK 20260813081454NAL0009256931001 https://askebsa.dol.gov/FOIA%20Files/2024/Latest/F_5500_SF_2024_Latest.zip,20261007T202810Z,20261007T202838Z,yes
biz-064,"NEW ENGLAND COOLING TOWERS, INC.",,69 WESTECH DR,TYNGSBORO,MA,01879,"NEW ENGLAND COOLING TOWERS, INC.",Corporation,single loan,1,5869527007,5869527007:first draw,5869527007:357700.00,5869527007:04/06/2020,5869527007:Paid in Full,The Lowell Five Cent Savings Bank,5869527007:26,1716960,"5869527007 (PPP, 04/06/2020): 357,700.00 / 2.5 x 12",not_checked,,"No free bulk Massachusetts registry or original trade-license dataset is available (see unavailable sources). Organization dates are unknown, so no Massachusetts business can be marked ready.",,,,,,unknown,,,unknown,unknown,unknown (no matched retirement-plan filing in searched years),,,,,unknown,,review,"record date unknown: No free bulk Massachusetts registry or original trade-license dataset is available (see unavailable sources). Organization dates are unknown, so no Massachusetts business can be marked ready.",not_ready,SBA PPP CSV (LoanNumber 5869527007) https://data.sba.gov/sites/default/files/distribution/SBA-OCA-2022-07-001/public_150k_plus_240930.csv,20261007T202810Z,20261007T202838Z,yes
biz-065,"EMOND PLUMBING & HEATING, INC",,555 WINTHROP ST,TAUNTON,MA,02780,"EMOND PLUMBING & HEATING, INC",Corporation,single loan,1,5878337000,5878337000:first draw,5878337000:2223000.00,5878337000:04/06/2020,5878337000:Paid in Full,Bristol County Savings Bank,5878337000:165,10670400,"5878337000 (PPP, 04/06/2020): 2,223,000.00 / 2.5 x 12",not_checked,,"No free bulk Massachusetts registry or original trade-license dataset is available (see unavailable sources). Organization dates are unknown, so no Massachusetts business can be marked ready.",,,,,,unknown,,,unknown,unknown,filing found,043034257-001;043034257-003,043034257-001:2025-01-01..2025-12-31;043034257-003:2025-01-01..2025-12-31,043034257-001:2026-07-20;043034257-003:2026-07-20,043034257-001:70;043034257-003:15,70,"043034257-001 (medium): sponsor name 'EMOND PLUMBING & HEATING, INC' matches; sponsor address corroborates (555 WINTHROP STREET, TAUNTON MA 027802714) | 043034257-003 (medium): sponsor name 'EMOND PLUMBING & HEATING, INC.' matches; sponsor address corroborates (555 WINTHROP STREET, TAUNTON MA 027802714)",review,"record date unknown: No free bulk Massachusetts registry or original trade-license dataset is available (see unavailable sources). Organization dates are unknown, so no Massachusetts business can be marked ready.",not_ready,SBA PPP CSV (LoanNumber 5878337000) https://data.sba.gov/sites/default/files/distribution/SBA-OCA-2022-07-001/public_150k_plus_240930.csv | DOL 5500-SF 2025 ACK 20260720143853NAL0007119843001 https://askebsa.dol.gov/FOIA%20Files/2025/Latest/F_5500_SF_2025_Latest.zip | DOL 5500-SF 2025 ACK 20260720143650NAL0009689025001 https://askebsa.dol.gov/FOIA%20Files/2025/Latest/F_5500_SF_2025_Latest.zip,20261007T202810Z,20261007T202838Z,yes
biz-066,"SIGMA MECHANICAL SERVICES, LLC",,25 ROCKWOOD RD,MARSHFIELD,MA,02050,"SIGMA MECHANICAL SERVICES, LLC",Limited  Liability Company(LLC),single loan,1,5913067009,5913067009:first draw,5913067009:289400.00,5913067009:04/06/2020,5913067009:Paid in Full,Coastal Heritage Bank,5913067009:19,unknown,unknown: 5913067009: business type 'Limited  Liability Company(LLC)' may use owner income/SE basis,not_checked,,"No free bulk Massachusetts registry or original trade-license dataset is available (see unavailable sources). Organization dates are unknown, so no Massachusetts business can be marked ready.",,,,,,unknown,,,unknown,unknown,filing found,471153791-001,471153791-001:2025-01-01..2025-12-31,471153791-001:2026-06-23,471153791-001:25,25,"471153791-001 (medium): sponsor name 'SIGMA MECHANICAL SERVICES, LLC' matches; sponsor address corroborates (25 ROCKWOOD ROAD, MARSHFIELD MA 02050)",review,"record date unknown: No free bulk Massachusetts registry or original trade-license dataset is available (see unavailable sources). Organization dates are unknown, so no Massachusetts business can be marked ready.",not_ready,SBA PPP CSV (LoanNumber 5913067009) https://data.sba.gov/sites/default/files/distribution/SBA-OCA-2022-07-001/public_150k_plus_240930.csv | DOL 5500-SF 2025 ACK 20260623001113NAL0008186448001 https://askebsa.dol.gov/FOIA%20Files/2025/Latest/F_5500_SF_2025_Latest.zip,20261007T202810Z,20261007T202838Z,yes
biz-067,"WORCESTER AIR CONDITIONING, LLC",,148 Pleasant St,ASHLAND,MA,01721,"WORCESTER AIR CONDITIONING, LLC",Limited  Liability Company(LLC),single loan,1,5950127002,5950127002:first draw,5950127002:1900000.00,5950127002:04/06/2020,5950127002:Paid in Full,Manufacturers and Traders Trust Company,5950127002:114,unknown,unknown: 5950127002: business type 'Limited  Liability Company(LLC)' may use owner income/SE basis; current amount differs from initial approval,not_checked,,"No free bulk Massachusetts registry or original trade-license dataset is available (see unavailable sources). Organization dates are unknown, so no Massachusetts business can be marked ready.",,,,,,unknown,,,unknown,unknown,filing found,262617565-001,262617565-001:2025-01-01..2025-12-31,262617565-001:2026-07-30,262617565-001:19,19,"262617565-001 (medium): sponsor name 'WORCESTER AIR CONDITIONING CO., LLC' matches; sponsor ZIP corroborates (ASHLAND MA 017210228)",review,"record date unknown: No free bulk Massachusetts registry or original trade-license dataset is available (see unavailable sources). Organization dates are unknown, so no Massachusetts business can be marked ready.",not_ready,SBA PPP CSV (LoanNumber 5950127002) https://data.sba.gov/sites/default/files/distribution/SBA-OCA-2022-07-001/public_150k_plus_240930.csv | DOL 5500-SF 2025 ACK 20260730031820NAL0022678833001 https://askebsa.dol.gov/FOIA%20Files/2025/Latest/F_5500_SF_2025_Latest.zip,20261007T202810Z,20261007T202838Z,yes
biz-068,EMPIRE ENGINEERING CO. INC,,263 Revere St,Canton,MA,02021,"EMPIRE ENGINEERING CO. INC | EMPIRE ENGINEERING CO., INC.",Corporation,same legal name + same street address + ZIP,2,5978867003;9322228306,5978867003:first draw;9322228306:second draw,5978867003:161000.00;9322228306:153176.17,5978867003:04/06/2020;9322228306:01/30/2021,5978867003:Paid in Full;9322228306:Paid in Full,Needham Bank,5978867003:10;9322228306:11,735246,"9322228306 (PPS, 01/30/2021): 153,176.17 / 2.5 x 12",not_checked,,"No free bulk Massachusetts registry or original trade-license dataset is available (see unavailable sources). Organization dates are unknown, so no Massachusetts business can be marked ready.",,,,,,unknown,,,unknown,unknown,unknown (no matched retirement-plan filing in searched years),,,,,unknown,,review,"record date unknown: No free bulk Massachusetts registry or original trade-license dataset is available (see unavailable sources). Organization dates are unknown, so no Massachusetts business can be marked ready.",not_ready,SBA PPP CSV (LoanNumber 5978867003;9322228306) https://data.sba.gov/sites/default/files/distribution/SBA-OCA-2022-07-001/public_150k_plus_240930.csv,20261007T202810Z,20261007T202838Z,yes
biz-069,BELMONT ENERGY CORPORATION,,42 Brighton St,BELMONT,MA,02478,BELMONT ENERGY CORPORATION,Subchapter S Corporation,single loan,1,6027697010,6027697010:first draw,6027697010:265270.00,6027697010:04/06/2020,6027697010:Paid in Full,Manufacturers and Traders Trust Company,6027697010:13,1273296,"6027697010 (PPP, 04/06/2020): 265,270.00 / 2.5 x 12",not_checked,,"No free bulk Massachusetts registry or original trade-license dataset is available (see unavailable sources). Organization dates are unknown, so no Massachusetts business can be marked ready.",,,,,,unknown,,,unknown,unknown,filing found,043293270-001,043293270-001:2025-01-01..2025-12-31,043293270-001:2026-06-09,043293270-001:19,19,"043293270-001 (medium): sponsor name 'BELMONT ENERGY CORPORATION' matches; sponsor address corroborates (42 BRIGHTON STREET, BELMONT MA 02478)",review,"record date unknown: No free bulk Massachusetts registry or original trade-license dataset is available (see unavailable sources). Organization dates are unknown, so no Massachusetts business can be marked ready.",not_ready,SBA PPP CSV (LoanNumber 6027697010) https://data.sba.gov/sites/default/files/distribution/SBA-OCA-2022-07-001/public_150k_plus_240930.csv | DOL 5500-SF 2025 ACK 20260609121438NAL0004393363001 https://askebsa.dol.gov/FOIA%20Files/2025/Latest/F_5500_SF_2025_Latest.zip,20261007T202810Z,20261007T202838Z,yes
biz-070,"PATRICK J KENNEDY & SONS, INC",,39 GIBSON ST,DORCHESTER,MA,02122,"PATRICK J KENNEDY & SONS, INC",Subchapter S Corporation,single loan,1,6162547003,6162547003:first draw,6162547003:1979256.60,6162547003:04/06/2020,6162547003:Paid in Full,Eastern Bank,6162547003:60,unknown,unknown: 6162547003: current amount differs from initial approval; implied pay per reported job reaches $100K cap,not_checked,,"No free bulk Massachusetts registry or original trade-license dataset is available (see unavailable sources). Organization dates are unknown, so no Massachusetts business can be marked ready.",,,,,,unknown,,,unknown,unknown,filing found,042496994-002,042496994-002:2024-10-01..2025-09-30,042496994-002:2026-04-27,042496994-002:12,12,"042496994-002 (medium): sponsor name 'PATRICK J. KENNEDY & SONS, INC.' matches; sponsor address corroborates (39 GIBSON STREET, DORCHESTER MA 02122)",review,"record date unknown: No free bulk Massachusetts registry or original trade-license dataset is available (see unavailable sources). Organization dates are unknown, so no Massachusetts business can be marked ready.",not_ready,SBA PPP CSV (LoanNumber 6162547003) https://data.sba.gov/sites/default/files/distribution/SBA-OCA-2022-07-001/public_150k_plus_240930.csv | DOL 5500-SF 2024 ACK 20260427092644NAL0004756867001 https://askebsa.dol.gov/FOIA%20Files/2024/Latest/F_5500_SF_2024_Latest.zip,20261007T202810Z,20261007T202838Z,yes
biz-071,COMMONWEALTH HOME SERVICES INC,,59 MITCHELL RD,IPSWICH,MA,01938,COMMONWEALTH HOME SERVICES INC,Subchapter S Corporation,single loan,1,6260327000,6260327000:first draw,6260327000:485900.00,6260327000:04/06/2020,6260327000:Paid in Full,Enterprise Bank and Trust Company,6260327000:30,2332320,"6260327000 (PPP, 04/06/2020): 485,900.00 / 2.5 x 12",not_checked,,"No free bulk Massachusetts registry or original trade-license dataset is available (see unavailable sources). Organization dates are unknown, so no Massachusetts business can be marked ready.",,,,,,unknown,,,unknown,unknown,filing found,824038519-002,824038519-002:2025-01-01..2025-12-31,824038519-002:2026-08-26,824038519-002:34,34,"824038519-002 (medium): sponsor name 'COMMONWEALTH HOME SERVICES, INC.' matches; sponsor ZIP corroborates (IPSWICH MA 01938)",review,"record date unknown: No free bulk Massachusetts registry or original trade-license dataset is available (see unavailable sources). Organization dates are unknown, so no Massachusetts business can be marked ready.",not_ready,SBA PPP CSV (LoanNumber 6260327000) https://data.sba.gov/sites/default/files/distribution/SBA-OCA-2022-07-001/public_150k_plus_240930.csv | DOL 5500-SF 2025 ACK 20260826082421NAL0000143234001 https://askebsa.dol.gov/FOIA%20Files/2025/Latest/F_5500_SF_2025_Latest.zip,20261007T202810Z,20261007T202838Z,yes
biz-072,"BOSTON SILA HEATING AND AIR CONDITIONING, LLC",,12 MANISON ST,STONEHAM,MA,02180,"BOSTON SILA HEATING AND AIR CONDITIONING, LLC",Limited  Liability Company(LLC),single loan,1,6284967009,6284967009:first draw,6284967009:1231800.00,6284967009:04/06/2020,6284967009:Paid in Full,"Wilmington Savings Fund Society, FSB",6284967009:76,unknown,unknown: 6284967009: business type 'Limited  Liability Company(LLC)' may use owner income/SE basis,not_checked,,"No free bulk Massachusetts registry or original trade-license dataset is available (see unavailable sources). Organization dates are unknown, so no Massachusetts business can be marked ready.",,,,,,unknown,,,unknown,unknown,unknown (no matched retirement-plan filing in searched years),,,,,unknown,,review,"record date unknown: No free bulk Massachusetts registry or original trade-license dataset is available (see unavailable sources). Organization dates are unknown, so no Massachusetts business can be marked ready.",not_ready,SBA PPP CSV (LoanNumber 6284967009) https://data.sba.gov/sites/default/files/distribution/SBA-OCA-2022-07-001/public_150k_plus_240930.csv,20261007T202810Z,20261007T202838Z,yes
biz-073,E AMANTI & SONS INC,,390 Highland Ave,Salem,MA,01970,"E AMANTI & SONS INC | E. AMANTI & SONS, INC.",Corporation,same legal name + same street address + ZIP,2,6310667007;9551868401,6310667007:first draw;9551868401:second draw,6310667007:2806434.06;9551868401:2000000.00,6310667007:04/06/2020;9551868401:02/17/2021,6310667007:Paid in Full;9551868401:Paid in Full,Eastern Bank,6310667007:110;9551868401:100,unknown,unknown: 6310667007: current amount differs from initial approval; implied pay per reported job reaches $100K cap,not_checked,,"No free bulk Massachusetts registry or original trade-license dataset is available (see unavailable sources). Organization dates are unknown, so no Massachusetts business can be marked ready.",,,,,,unknown,,,unknown,unknown,filing found,042326673-001,042326673-001:2025-01-01..2025-12-31,042326673-001:2026-07-15,042326673-001:84,84,"042326673-001 (medium): sponsor name 'E. AMANTI & SONS, INC.' matches; sponsor address corroborates (390 HIGHLAND AVE, SALEM MA 01970)",review,"record date unknown: No free bulk Massachusetts registry or original trade-license dataset is available (see unavailable sources). Organization dates are unknown, so no Massachusetts business can be marked ready.",not_ready,SBA PPP CSV (LoanNumber 6310667007;9551868401) https://data.sba.gov/sites/default/files/distribution/SBA-OCA-2022-07-001/public_150k_plus_240930.csv | DOL 5500 2025 ACK 20260715183557NAL0004714594001 https://askebsa.dol.gov/FOIA%20Files/2025/Latest/F_5500_2025_Latest.zip,20261007T202810Z,20261007T202838Z,yes
biz-074,"POWDERLY & SONS PLUMBING & HEATING, INC",,572 BOSTON RD #12,BILLERICA,MA,01821,"POWDERLY & SONS PLUMBING & HEATING, INC",Corporation,single loan,1,6369057006,6369057006:first draw,6369057006:503900.00,6369057006:04/06/2020,6369057006:Paid in Full,Northern Bank and Trust Company,6369057006:41,2418720,"6369057006 (PPP, 04/06/2020): 503,900.00 / 2.5 x 12",not_checked,,"No free bulk Massachusetts registry or original trade-license dataset is available (see unavailable sources). Organization dates are unknown, so no Massachusetts business can be marked ready.",,,,,,unknown,,,unknown,unknown,unknown (no matched retirement-plan filing in searched years),,,,,unknown,,review,"record date unknown: No free bulk Massachusetts registry or original trade-license dataset is available (see unavailable sources). Organization dates are unknown, so no Massachusetts business can be marked ready.",not_ready,SBA PPP CSV (LoanNumber 6369057006) https://data.sba.gov/sites/default/files/distribution/SBA-OCA-2022-07-001/public_150k_plus_240930.csv,20261007T202810Z,20261007T202838Z,yes
biz-075,"THERMO-DYNAMICS INTERNATIONAL, INC",,101 MARKET ST,AMESBURY,MA,01913,"THERMO-DYNAMICS INTERNATIONAL, INC",Corporation,single loan,1,6542747006,6542747006:first draw,6542747006:766200.00,6542747006:04/07/2020,6542747006:Paid in Full,Salem Five Cents Savings Bank,6542747006:30,unknown,unknown: 6542747006: implied pay per reported job reaches $100K cap,not_checked,,"No free bulk Massachusetts registry or original trade-license dataset is available (see unavailable sources). Organization dates are unknown, so no Massachusetts business can be marked ready.",,,,,,unknown,,,unknown,unknown,unknown (no matched retirement-plan filing in searched years),,,,,unknown,,review,"record date unknown: No free bulk Massachusetts registry or original trade-license dataset is available (see unavailable sources). Organization dates are unknown, so no Massachusetts business can be marked ready.",not_ready,SBA PPP CSV (LoanNumber 6542747006) https://data.sba.gov/sites/default/files/distribution/SBA-OCA-2022-07-001/public_150k_plus_240930.csv,20261007T202810Z,20261007T202838Z,yes
biz-076,WHITNEY BROTHERS OIL CORPORATION,,696 Main St,CLINTON,MA,01510,WHITNEY BROTHERS OIL CORPORATION,Subchapter S Corporation,single loan,1,6569557008,6569557008:first draw,6569557008:221870.00,6569557008:04/07/2020,6569557008:Paid in Full,Avidia Bank,6569557008:17,1064976,"6569557008 (PPP, 04/07/2020): 221,870.00 / 2.5 x 12",not_checked,,"No free bulk Massachusetts registry or original trade-license dataset is available (see unavailable sources). Organization dates are unknown, so no Massachusetts business can be marked ready.",,,,,,unknown,,,unknown,unknown,unknown (no matched retirement-plan filing in searched years),,,,,unknown,,review,"record date unknown: No free bulk Massachusetts registry or original trade-license dataset is available (see unavailable sources). Organization dates are unknown, so no Massachusetts business can be marked ready.",not_ready,SBA PPP CSV (LoanNumber 6569557008) https://data.sba.gov/sites/default/files/distribution/SBA-OCA-2022-07-001/public_150k_plus_240930.csv,20261007T202810Z,20261007T202838Z,yes
biz-077,BOSTON AIR CORP.,,1595 Central St Ste 2,Stoughton,MA,02072,BOSTON AIR CORP.,Corporation,same legal name + same street address + ZIP,2,6587977009;5975548405,6587977009:first draw;5975548405:second draw,6587977009:405600.00;5975548405:325185.00,6587977009:04/07/2020;5975548405:02/09/2021,6587977009:Paid in Full;5975548405:Paid in Full,Bristol County Savings Bank,6587977009:47;5975548405:37,1946880,"6587977009 (PPP, 04/07/2020): 405,600.00 / 2.5 x 12",not_checked,,"No free bulk Massachusetts registry or original trade-license dataset is available (see unavailable sources). Organization dates are unknown, so no Massachusetts business can be marked ready.",,,,,,unknown,,,unknown,unknown,filing found,273519866-001,273519866-001:2025-01-01..2025-12-31,273519866-001:2026-05-13,273519866-001:30,30,"273519866-001 (medium): sponsor name 'BOSTON AIR CORP.' matches; sponsor address corroborates (1595 CENTRAL ST., UNIT 2, STOUGHTON MA 02072)",review,"record date unknown: No free bulk Massachusetts registry or original trade-license dataset is available (see unavailable sources). Organization dates are unknown, so no Massachusetts business can be marked ready.",not_ready,SBA PPP CSV (LoanNumber 6587977009;5975548405) https://data.sba.gov/sites/default/files/distribution/SBA-OCA-2022-07-001/public_150k_plus_240930.csv | DOL 5500-SF 2025 ACK 20260513113111NAL0007519729004 https://askebsa.dol.gov/FOIA%20Files/2025/Latest/F_5500_SF_2025_Latest.zip,20261007T202810Z,20261007T202838Z,yes
biz-078,"C & C TEMP CONTROL, INC.",,167 SW CUTOFF,WORCESTER,MA,01604,"C & C TEMP CONTROL, INC.",Corporation,single loan,1,6590227008,6590227008:first draw,6590227008:200300.00,6590227008:04/07/2020,6590227008:Paid in Full,Cornerstone Bank,6590227008:32,961440,"6590227008 (PPP, 04/07/2020): 200,300.00 / 2.5 x 12",not_checked,,"No free bulk Massachusetts registry or original trade-license dataset is available (see unavailable sources). Organization dates are unknown, so no Massachusetts business can be marked ready.",,,,,,unknown,,,unknown,unknown,filing found,203474437-001,203474437-001:2025-01-01..2025-12-31,203474437-001:2026-05-25,203474437-001:23,23,"203474437-001 (medium): sponsor name 'C & C TEMP CONTROL, INC.' matches; sponsor address corroborates (167 SW CUTOFF UNIT J, WORCESTER MA 01604)",review,"record date unknown: No free bulk Massachusetts registry or original trade-license dataset is available (see unavailable sources). Organization dates are unknown, so no Massachusetts business can be marked ready.",not_ready,SBA PPP CSV (LoanNumber 6590227008) https://data.sba.gov/sites/default/files/distribution/SBA-OCA-2022-07-001/public_150k_plus_240930.csv | DOL 5500-SF 2025 ACK 20260525124047NAL0005716323001 https://askebsa.dol.gov/FOIA%20Files/2025/Latest/F_5500_SF_2025_Latest.zip,20261007T202810Z,20261007T202838Z,yes
biz-079,JV MECHANICAL CONTRACTORS INC.,,929 SCHOOL ST,WEBSTER,MA,01570,JV MECHANICAL CONTRACTORS INC.,Subchapter S Corporation,single loan,1,6592587004,6592587004:first draw,6592587004:158000.00,6592587004:04/07/2020,6592587004:Paid in Full,Webster Five Cents Savings Bank,6592587004:16,758400,"6592587004 (PPP, 04/07/2020): 158,000.00 / 2.5 x 12",not_checked,,"No free bulk Massachusetts registry or original trade-license dataset is available (see unavailable sources). Organization dates are unknown, so no Massachusetts business can be marked ready.",,,,,,unknown,,,unknown,unknown,filing found,043148602-001,043148602-001:2025-01-01..2025-12-31,043148602-001:2026-07-20,043148602-001:22,22,"043148602-001 (medium): sponsor name 'JV MECHANICAL CONTRACTORS, INC.' matches; sponsor address corroborates (929 SCHOOL ST, WEBSTER MA 01570)",review,"record date unknown: No free bulk Massachusetts registry or original trade-license dataset is available (see unavailable sources). Organization dates are unknown, so no Massachusetts business can be marked ready.",not_ready,SBA PPP CSV (LoanNumber 6592587004) https://data.sba.gov/sites/default/files/distribution/SBA-OCA-2022-07-001/public_150k_plus_240930.csv | DOL 5500-SF 2025 ACK 20260720043512NAL0007069507001 https://askebsa.dol.gov/FOIA%20Files/2025/Latest/F_5500_SF_2025_Latest.zip,20261007T202810Z,20261007T202838Z,yes
biz-080,"BAY STATE AIR, INC.",,21 SPENCER ST,STONEHAM,MA,02180,"BAY STATE AIR, INC.",Corporation,single loan,1,6609607005,6609607005:first draw,6609607005:1014200.00,6609607005:04/07/2020,6609607005:Paid in Full,Eastern Bank,6609607005:34,unknown,unknown: 6609607005: implied pay per reported job reaches $100K cap,not_checked,,"No free bulk Massachusetts registry or original trade-license dataset is available (see unavailable sources). Organization dates are unknown, so no Massachusetts business can be marked ready.",,,,,,unknown,,,unknown,unknown,unknown (no matched retirement-plan filing in searched years),,,,,unknown,,review,"record date unknown: No free bulk Massachusetts registry or original trade-license dataset is available (see unavailable sources). Organization dates are unknown, so no Massachusetts business can be marked ready.",not_ready,SBA PPP CSV (LoanNumber 6609607005) https://data.sba.gov/sites/default/files/distribution/SBA-OCA-2022-07-001/public_150k_plus_240930.csv,20261007T202810Z,20261007T202838Z,yes
biz-081,"DRY AIR SYSTEMS, INC",,62 FOREST RIDGE DR,ROWLEY,MA,01969,"DRY AIR SYSTEMS, INC",Subchapter S Corporation,single loan,1,6664337010,6664337010:first draw,6664337010:873500.00,6664337010:04/07/2020,6664337010:Paid in Full,Salem Five Cents Savings Bank,6664337010:65,4192800,"6664337010 (PPP, 04/07/2020): 873,500.00 / 2.5 x 12",not_checked,,"No free bulk Massachusetts registry or original trade-license dataset is available (see unavailable sources). Organization dates are unknown, so no Massachusetts business can be marked ready.",,,,,,unknown,,,unknown,unknown,unknown (no matched retirement-plan filing in searched years),,,,,unknown,,review,"record date unknown: No free bulk Massachusetts registry or original trade-license dataset is available (see unavailable sources). Organization dates are unknown, so no Massachusetts business can be marked ready.",not_ready,SBA PPP CSV (LoanNumber 6664337010) https://data.sba.gov/sites/default/files/distribution/SBA-OCA-2022-07-001/public_150k_plus_240930.csv,20261007T202810Z,20261007T202838Z,yes
biz-082,DESIGN MECHANICAL INC,,70 Tenney Street,GEORGETOWN,MA,01833,DESIGN MECHANICAL INC,Subchapter S Corporation,single loan,1,6675547009,6675547009:first draw,6675547009:659635.00,6675547009:04/07/2020,6675547009:Paid in Full,Eastern Bank,6675547009:62,unknown,unknown: 6675547009: current amount differs from initial approval,not_checked,,"No free bulk Massachusetts registry or original trade-license dataset is available (see unavailable sources). Organization dates are unknown, so no Massachusetts business can be marked ready.",,,,,,unknown,,,unknown,unknown,filing found,462451401-001,462451401-001:2025-01-01..2025-12-31,462451401-001:2026-05-15,462451401-001:44,44,"462451401-001 (medium): sponsor name 'DESIGN MECHANICAL INC' matches; sponsor address corroborates (70 TENNEY STREET, GEORGETOWN MA 01833)",review,"record date unknown: No free bulk Massachusetts registry or original trade-license dataset is available (see unavailable sources). Organization dates are unknown, so no Massachusetts business can be marked ready.",not_ready,SBA PPP CSV (LoanNumber 6675547009) https://data.sba.gov/sites/default/files/distribution/SBA-OCA-2022-07-001/public_150k_plus_240930.csv | DOL 5500-SF 2025 ACK 20260515061451NAL0011400144001 https://askebsa.dol.gov/FOIA%20Files/2025/Latest/F_5500_SF_2025_Latest.zip,20261007T202810Z,20261007T202838Z,yes
biz-083,"TOTAL TEMPERATURE CONTROL, INC.",,39 W Water St,Wakefield,MA,01880,"TOTAL TEMPERATURE CONTROL, INC.",Subchapter S Corporation,same legal name + same street address + ZIP,2,6693397005;1293548301,6693397005:first draw;1293548301:second draw,6693397005:305800.00;1293548301:305812.50,6693397005:04/07/2020;1293548301:01/16/2021,6693397005:Paid in Full;1293548301:Paid in Full,The Savings Bank,6693397005:19;1293548301:19,1467840,"6693397005 (PPP, 04/07/2020): 305,800.00 / 2.5 x 12",not_checked,,"No free bulk Massachusetts registry or original trade-license dataset is available (see unavailable sources). Organization dates are unknown, so no Massachusetts business can be marked ready.",,,,,,unknown,,,unknown,unknown,filing found,043180967-001,043180967-001:2025-01-01..2025-12-31,043180967-001:2026-02-16,043180967-001:13,13,"043180967-001 (medium): sponsor name 'TOTAL TEMPERATURE CONTROL, INC.' matches; sponsor address corroborates (39 WEST WATER STREET, WAKEFIELD MA 01880)",review,"record date unknown: No free bulk Massachusetts registry or original trade-license dataset is available (see unavailable sources). Organization dates are unknown, so no Massachusetts business can be marked ready.",not_ready,SBA PPP CSV (LoanNumber 6693397005;1293548301) https://data.sba.gov/sites/default/files/distribution/SBA-OCA-2022-07-001/public_150k_plus_240930.csv | DOL 5500-SF 2025 ACK 20260216161351NAL0006664242001 https://askebsa.dol.gov/FOIA%20Files/2025/Latest/F_5500_SF_2025_Latest.zip,20261007T202810Z,20261007T202838Z,yes
biz-084,"T & J HEATING AND AIR CONDITIONING, INC",,121 mechanic st,BELLINGHAM,MA,02019,"T & J HEATING AND AIR CONDITIONING, INC",Subchapter S Corporation,single loan,1,6731967001,6731967001:first draw,6731967001:758300.00,6731967001:04/07/2020,6731967001:Paid in Full,Charles River Bank,6731967001:59,3639840,"6731967001 (PPP, 04/07/2020): 758,300.00 / 2.5 x 12",not_checked,,"No free bulk Massachusetts registry or original trade-license dataset is available (see unavailable sources). Organization dates are unknown, so no Massachusetts business can be marked ready.",,,,,,unknown,,,unknown,unknown,unknown (no matched retirement-plan filing in searched years),,,,,unknown,,review,"record date unknown: No free bulk Massachusetts registry or original trade-license dataset is available (see unavailable sources). Organization dates are unknown, so no Massachusetts business can be marked ready.",not_ready,SBA PPP CSV (LoanNumber 6731967001) https://data.sba.gov/sites/default/files/distribution/SBA-OCA-2022-07-001/public_150k_plus_240930.csv,20261007T202810Z,20261007T202838Z,yes
biz-085,"ERIC C. FOSTER PLUMBING & HEATING, LLC",,145 Stedman St,CHELMSFORD,MA,01824,"ERIC C. FOSTER PLUMBING & HEATING, LLC",Limited  Liability Company(LLC),single loan,1,6792617005,6792617005:first draw,6792617005:189600.00,6792617005:04/07/2020,6792617005:Paid in Full,Northern Bank and Trust Company,6792617005:23,unknown,unknown: 6792617005: business type 'Limited  Liability Company(LLC)' may use owner income/SE basis,not_checked,,"No free bulk Massachusetts registry or original trade-license dataset is available (see unavailable sources). Organization dates are unknown, so no Massachusetts business can be marked ready.",,,,,,unknown,,,unknown,unknown,filing found,043542016-002,043542016-002:2025-01-01..2025-12-31,043542016-002:2026-08-10,043542016-002:25,25,"043542016-002 (medium): sponsor name 'ERIC C. FOSTER PLUMBING & HEATING, LLC' matches; sponsor address corroborates (145 STEDMAN STREET, CHELMSFORD MA 01824)",review,"record date unknown: No free bulk Massachusetts registry or original trade-license dataset is available (see unavailable sources). Organization dates are unknown, so no Massachusetts business can be marked ready.",not_ready,SBA PPP CSV (LoanNumber 6792617005) https://data.sba.gov/sites/default/files/distribution/SBA-OCA-2022-07-001/public_150k_plus_240930.csv | DOL 5500-SF 2025 ACK 20260810094017NAL0006608881001 https://askebsa.dol.gov/FOIA%20Files/2025/Latest/F_5500_SF_2025_Latest.zip,20261007T202810Z,20261007T202838Z,yes
biz-086,"KERMIT B. SCHULZ & SONS, INC.",,39 NORFOLK RD,MILLIS,MA,02054,"KERMIT B. SCHULZ & SONS, INC.",Corporation,single loan,1,6834627007,6834627007:first draw,6834627007:179200.00,6834627007:04/07/2020,6834627007:Paid in Full,Needham Bank,6834627007:20,860160,"6834627007 (PPP, 04/07/2020): 179,200.00 / 2.5 x 12",not_checked,,"No free bulk Massachusetts registry or original trade-license dataset is available (see unavailable sources). Organization dates are unknown, so no Massachusetts business can be marked ready.",,,,,,unknown,,,unknown,unknown,filing found,042760544-001,042760544-001:2024-01-01..2024-12-31,042760544-001:2025-09-29,042760544-001:15,15,"042760544-001 (medium): sponsor name 'KERMIT B SCHULZ & SONS INC' matches; sponsor address corroborates (39 NORFOLK RD, MILLIS MA 020541716)",review,"record date unknown: No free bulk Massachusetts registry or original trade-license dataset is available (see unavailable sources). Organization dates are unknown, so no Massachusetts business can be marked ready.",not_ready,SBA PPP CSV (LoanNumber 6834627007) https://data.sba.gov/sites/default/files/distribution/SBA-OCA-2022-07-001/public_150k_plus_240930.csv | DOL 5500-SF 2024 ACK 20250929102332NAL0015046387001 https://askebsa.dol.gov/FOIA%20Files/2024/Latest/F_5500_SF_2024_Latest.zip,20261007T202810Z,20261007T202838Z,yes
biz-087,"READY-ROOTER, INC.",,"17 Jan Sebastian Drive, Unit 16",SANDWICH,MA,02563,"READY-ROOTER, INC.",Corporation,single loan,1,6909407006,6909407006:first draw,6909407006:242900.00,6909407006:04/07/2020,6909407006:Paid in Full,The Cooperative Bank of Cape Cod,6909407006:15,1165920,"6909407006 (PPP, 04/07/2020): 242,900.00 / 2.5 x 12",not_checked,,"No free bulk Massachusetts registry or original trade-license dataset is available (see unavailable sources). Organization dates are unknown, so no Massachusetts business can be marked ready.",,,,,,unknown,,,unknown,unknown,unknown (no matched retirement-plan filing in searched years),,,,,unknown,,review,"record date unknown: No free bulk Massachusetts registry or original trade-license dataset is available (see unavailable sources). Organization dates are unknown, so no Massachusetts business can be marked ready.",not_ready,SBA PPP CSV (LoanNumber 6909407006) https://data.sba.gov/sites/default/files/distribution/SBA-OCA-2022-07-001/public_150k_plus_240930.csv,20261007T202810Z,20261007T202838Z,yes
biz-088,128 PLUMBING & HEATING INC.,,78 Foundry Street,WAKEFIELD,MA,01880,128 PLUMBING & HEATING INC.,Subchapter S Corporation,single loan,1,6933907003,6933907003:first draw,6933907003:1221900.00,6933907003:04/07/2020,6933907003:Paid in Full,Wakefield Co-Operative Bank,6933907003:74,5865120,"6933907003 (PPP, 04/07/2020): 1,221,900.00 / 2.5 x 12",not_checked,,"No free bulk Massachusetts registry or original trade-license dataset is available (see unavailable sources). Organization dates are unknown, so no Massachusetts business can be marked ready.",,,,,,unknown,,,unknown,unknown,filing found,043215014-001,043215014-001:2024-01-01..2024-12-31,043215014-001:2025-10-14,043215014-001:183,183,"043215014-001 (medium): sponsor name '128 PLUMBING & HEATING, INC.' matches; sponsor address corroborates (78 FOUNDRY STREET, WAKEFIELD MA 01880)",review,"record date unknown: No free bulk Massachusetts registry or original trade-license dataset is available (see unavailable sources). Organization dates are unknown, so no Massachusetts business can be marked ready.",not_ready,SBA PPP CSV (LoanNumber 6933907003) https://data.sba.gov/sites/default/files/distribution/SBA-OCA-2022-07-001/public_150k_plus_240930.csv | DOL 5500 2024 ACK 20251014083849NAL0001126067001 https://askebsa.dol.gov/FOIA%20Files/2024/Latest/F_5500_2024_Latest.zip,20261007T202810Z,20261007T202838Z,yes
biz-089,"DAVID HEATING AND COOLING, INC.",,19 CHURCH ST,MERRIMAC,MA,01860,"DAVID HEATING AND COOLING, INC.",Corporation,single loan,1,7073327010,7073327010:first draw,7073327010:253261.55,7073327010:04/07/2020,7073327010:Paid in Full,Haverhill Bank,7073327010:17,1215655,"7073327010 (PPP, 04/07/2020): 253,261.55 / 2.5 x 12",not_checked,,"No free bulk Massachusetts registry or original trade-license dataset is available (see unavailable sources). Organization dates are unknown, so no Massachusetts business can be marked ready.",,,,,,unknown,,,unknown,unknown,unknown (no matched retirement-plan filing in searched years),,,,,unknown,,review,"record date unknown: No free bulk Massachusetts registry or original trade-license dataset is available (see unavailable sources). Organization dates are unknown, so no Massachusetts business can be marked ready.",not_ready,SBA PPP CSV (LoanNumber 7073327010) https://data.sba.gov/sites/default/files/distribution/SBA-OCA-2022-07-001/public_150k_plus_240930.csv,20261007T202810Z,20261007T202838Z,yes
biz-090,"FILTER SALES & SERVICE, INC.",,15 Adams St,BURLINGTON,MA,01803,"FILTER SALES & SERVICE, INC.",Corporation,single loan,1,7096447003,7096447003:first draw,7096447003:722500.00,7096447003:04/07/2020,7096447003:Paid in Full,Eastern Bank,7096447003:53,unknown,unknown: 7096447003: current amount differs from initial approval,not_checked,,"No free bulk Massachusetts registry or original trade-license dataset is available (see unavailable sources). Organization dates are unknown, so no Massachusetts business can be marked ready.",,,,,,unknown,,,unknown,unknown,filing found,042162235-001,042162235-001:2025-01-01..2025-12-31,042162235-001:2026-08-12,042162235-001:69,69,"042162235-001 (medium): sponsor name 'FILTER SALES & SERVICE INC.' matches; sponsor address corroborates (15 ADAMS STREET, BURLINGTON MA 01803)",review,"record date unknown: No free bulk Massachusetts registry or original trade-license dataset is available (see unavailable sources). Organization dates are unknown, so no Massachusetts business can be marked ready.",not_ready,SBA PPP CSV (LoanNumber 7096447003) https://data.sba.gov/sites/default/files/distribution/SBA-OCA-2022-07-001/public_150k_plus_240930.csv | DOL 5500-SF 2025 ACK 20260812101430NAL0008469683001 https://askebsa.dol.gov/FOIA%20Files/2025/Latest/F_5500_SF_2025_Latest.zip,20261007T202810Z,20261007T202838Z,yes
biz-091,COOLING UNLIMITED INC,,565 Main St # 1,Reading,MA,01867,"COOLING UNLIMITED INC | COOLING UNLIMITED, INC.",Corporation,same legal name + same ZIP (street spelling differs),2,7133107006;8652488301,7133107006:first draw;8652488301:second draw,7133107006:277200.00;8652488301:298088.00,7133107006:04/07/2020;8652488301:01/29/2021,7133107006:Paid in Full;8652488301:Paid in Full,Northern Bank and Trust Company,7133107006:18;8652488301:18,1330560,"7133107006 (PPP, 04/07/2020): 277,200.00 / 2.5 x 12",not_checked,,"No free bulk Massachusetts registry or original trade-license dataset is available (see unavailable sources). Organization dates are unknown, so no Massachusetts business can be marked ready.",,,,,,unknown,,,unknown,unknown,filing found,043075017-001,043075017-001:2025-01-01..2025-12-31,043075017-001:2026-06-17,043075017-001:20,20,043075017-001 (medium): sponsor name 'COOLING UNLIMITED INC.' matches; sponsor ZIP corroborates (READING MA 01867),review,"record date unknown: No free bulk Massachusetts registry or original trade-license dataset is available (see unavailable sources). Organization dates are unknown, so no Massachusetts business can be marked ready.",not_ready,SBA PPP CSV (LoanNumber 7133107006;8652488301) https://data.sba.gov/sites/default/files/distribution/SBA-OCA-2022-07-001/public_150k_plus_240930.csv | DOL 5500-SF 2025 ACK 20260617082113NAL0002599730001 https://askebsa.dol.gov/FOIA%20Files/2025/Latest/F_5500_SF_2025_Latest.zip,20261007T202810Z,20261007T202838Z,yes
biz-092,"DG SERVICE COMPANY, INC.",,23 County Road,MATTAPOISETT,MA,02739,"DG SERVICE COMPANY, INC.",Corporation,single loan,1,7136147002,7136147002:first draw,7136147002:158270.00,7136147002:04/07/2020,7136147002:Paid in Full,BayCoast Bank,7136147002:14,759696,"7136147002 (PPP, 04/07/2020): 158,270.00 / 2.5 x 12",not_checked,,"No free bulk Massachusetts registry or original trade-license dataset is available (see unavailable sources). Organization dates are unknown, so no Massachusetts business can be marked ready.",,,,,,unknown,,,unknown,unknown,filing found,274481778-001,274481778-001:2025-01-01..2025-12-31,274481778-001:2026-05-06,274481778-001:0,0,"274481778-001 (medium): sponsor name 'DG SERVICE COMPANY, INC.' matches; sponsor address corroborates (23 COUNTY ROAD, MATTAPOISETT MA 02739)",review,"record date unknown: No free bulk Massachusetts registry or original trade-license dataset is available (see unavailable sources). Organization dates are unknown, so no Massachusetts business can be marked ready.",not_ready,SBA PPP CSV (LoanNumber 7136147002) https://data.sba.gov/sites/default/files/distribution/SBA-OCA-2022-07-001/public_150k_plus_240930.csv | DOL 5500-SF 2025 ACK 20260506195756NAL0001695635001 https://askebsa.dol.gov/FOIA%20Files/2025/Latest/F_5500_SF_2025_Latest.zip,20261007T202810Z,20261007T202838Z,yes
biz-093,T J CONWAY COMPANY,,26 PROGRESS AVE,SPRINGFIELD,MA,01104,T J CONWAY COMPANY,Subchapter S Corporation,single loan,1,7326157006,7326157006:first draw,7326157006:815750.00,7326157006:04/07/2020,7326157006:Paid in Full,Manufacturers and Traders Trust Company,7326157006:46,3915600,"7326157006 (PPP, 04/07/2020): 815,750.00 / 2.5 x 12",not_checked,,"No free bulk Massachusetts registry or original trade-license dataset is available (see unavailable sources). Organization dates are unknown, so no Massachusetts business can be marked ready.",,,,,,unknown,,,unknown,unknown,filing found,042035618-001,042035618-001:2024-10-01..2025-09-30,042035618-001:2026-03-23,042035618-001:8,8,"042035618-001 (medium): sponsor name 'T.J. CONWAY COMPANY, INC.' matches; sponsor ZIP corroborates (SPRINGFIELD MA 01104)",review,"record date unknown: No free bulk Massachusetts registry or original trade-license dataset is available (see unavailable sources). Organization dates are unknown, so no Massachusetts business can be marked ready.",not_ready,SBA PPP CSV (LoanNumber 7326157006) https://data.sba.gov/sites/default/files/distribution/SBA-OCA-2022-07-001/public_150k_plus_240930.csv | DOL 5500-SF 2024 ACK 20260323103415NAL0001448032001 https://askebsa.dol.gov/FOIA%20Files/2024/Latest/F_5500_SF_2024_Latest.zip,20261007T202810Z,20261007T202838Z,yes
biz-094,INDEPENDENT MECHANICAL CONTRACTORS INC.,,21 G OLYMPIA AVE,WOBURN,MA,01801,INDEPENDENT MECHANICAL CONTRACTORS INC.,Corporation,single loan,1,7379057004,7379057004:first draw,7379057004:399200.00,7379057004:04/07/2020,7379057004:Paid in Full,East Cambridge Savings Bank,7379057004:13,unknown,unknown: 7379057004: implied pay per reported job reaches $100K cap,not_checked,,"No free bulk Massachusetts registry or original trade-license dataset is available (see unavailable sources). Organization dates are unknown, so no Massachusetts business can be marked ready.",,,,,,unknown,,,unknown,unknown,filing found,271315271-001,271315271-001:2025-01-01..2025-12-31,271315271-001:2026-07-07,271315271-001:7,7,"271315271-001 (medium): sponsor name 'INDEPENDENT MECHANICAL CONTRACTORS, INC.' matches; sponsor ZIP corroborates (WOBURN MA 01801)",review,"record date unknown: No free bulk Massachusetts registry or original trade-license dataset is available (see unavailable sources). Organization dates are unknown, so no Massachusetts business can be marked ready.",not_ready,SBA PPP CSV (LoanNumber 7379057004) https://data.sba.gov/sites/default/files/distribution/SBA-OCA-2022-07-001/public_150k_plus_240930.csv | DOL 5500-SF 2025 ACK 20260707001419NAL0023129408001 https://askebsa.dol.gov/FOIA%20Files/2025/Latest/F_5500_SF_2025_Latest.zip,20261007T202810Z,20261007T202838Z,yes
biz-095,P.H. MECHANICAL CORP,,161 GRANITE AVE,DORCHESTER CENTER,MA,02124,P.H. MECHANICAL CORP,Corporation,single loan,1,7431837000,7431837000:first draw,7431837000:737305.00,7431837000:04/07/2020,7431837000:Paid in Full,Eastern Bank,7431837000:9,unknown,unknown: 7431837000: implied pay per reported job reaches $100K cap,not_checked,,"No free bulk Massachusetts registry or original trade-license dataset is available (see unavailable sources). Organization dates are unknown, so no Massachusetts business can be marked ready.",,,,,,unknown,,,unknown,unknown,unknown (no matched retirement-plan filing in searched years),,,,,unknown,,review,"record date unknown: No free bulk Massachusetts registry or original trade-license dataset is available (see unavailable sources). Organization dates are unknown, so no Massachusetts business can be marked ready.",not_ready,SBA PPP CSV (LoanNumber 7431837000) https://data.sba.gov/sites/default/files/distribution/SBA-OCA-2022-07-001/public_150k_plus_240930.csv,20261007T202810Z,20261007T202838Z,yes
biz-096,CALLAHAN A/C & HEATING SERVICES,,91 Belmont St,North Andover,MA,01845,"CALLAHAN A/C & HEATING SERVICES | CALLAHAN A/C AND HEATING SERVICES, INC.",Corporation,same legal name + same street address + ZIP,2,7530437004;9774768403,7530437004:first draw;9774768403:second draw,7530437004:534928.00;9774768403:534928.00,7530437004:04/07/2020;9774768403:02/17/2021,7530437004:Paid in Full;9774768403:Paid in Full,Merrimack Valley CU,7530437004:39;9774768403:39,2567654,"7530437004 (PPP, 04/07/2020): 534,928.00 / 2.5 x 12",not_checked,,"No free bulk Massachusetts registry or original trade-license dataset is available (see unavailable sources). Organization dates are unknown, so no Massachusetts business can be marked ready.",,,,,,unknown,,,unknown,unknown,unknown (no matched retirement-plan filing in searched years),,,,,unknown,,review,"record date unknown: No free bulk Massachusetts registry or original trade-license dataset is available (see unavailable sources). Organization dates are unknown, so no Massachusetts business can be marked ready.",not_ready,SBA PPP CSV (LoanNumber 7530437004;9774768403) https://data.sba.gov/sites/default/files/distribution/SBA-OCA-2022-07-001/public_150k_plus_240930.csv,20261007T202810Z,20261007T202838Z,yes
biz-097,"FLEET REFRIGERATION AND AIR CONDITIONING CO., INC.",,27 CANAL ST,MEDFORD,MA,02155,"FLEET REFRIGERATION AND AIR CONDITIONING CO., INC.",Corporation,single loan,1,7554277009,7554277009:first draw,7554277009:150000.00,7554277009:04/07/2020,7554277009:Paid in Full,East Cambridge Savings Bank,7554277009:14,720000,"7554277009 (PPP, 04/07/2020): 150,000.00 / 2.5 x 12",not_checked,,"No free bulk Massachusetts registry or original trade-license dataset is available (see unavailable sources). Organization dates are unknown, so no Massachusetts business can be marked ready.",,,,,,unknown,,,unknown,unknown,unknown (no matched retirement-plan filing in searched years),,,,,unknown,,review,"record date unknown: No free bulk Massachusetts registry or original trade-license dataset is available (see unavailable sources). Organization dates are unknown, so no Massachusetts business can be marked ready.",not_ready,SBA PPP CSV (LoanNumber 7554277009) https://data.sba.gov/sites/default/files/distribution/SBA-OCA-2022-07-001/public_150k_plus_240930.csv,20261007T202810Z,20261007T202838Z,yes
biz-098,EDWARD H. MARCHANT CO. INC,,153 Old Colony Ave,Quincy,MA,02170,"EDWARD H. MARCHANT CO, INC | EDWARD H. MARCHANT CO. INC",Corporation,same legal name + same street address + ZIP,2,7585067008;3885678602,7585067008:first draw;3885678602:second draw,7585067008:1353285.00;3885678602:863432.00,7585067008:04/07/2020;3885678602:03/17/2021,7585067008:Paid in Full;3885678602:Paid in Full,Eastern Bank,7585067008:40;3885678602:40,unknown,unknown: 7585067008: current amount differs from initial approval; implied pay per reported job reaches $100K cap,not_checked,,"No free bulk Massachusetts registry or original trade-license dataset is available (see unavailable sources). Organization dates are unknown, so no Massachusetts business can be marked ready.",,,,,,unknown,,,unknown,unknown,filing found,042481627-001,042481627-001:2025-01-01..2025-12-31,042481627-001:2026-07-23,042481627-001:13,13,"042481627-001 (medium): sponsor name 'EDWARD H. MARCHANT CO, INC.' matches; sponsor ZIP corroborates (QUINCY MA 02170)",review,"record date unknown: No free bulk Massachusetts registry or original trade-license dataset is available (see unavailable sources). Organization dates are unknown, so no Massachusetts business can be marked ready.",not_ready,SBA PPP CSV (LoanNumber 7585067008;3885678602) https://data.sba.gov/sites/default/files/distribution/SBA-OCA-2022-07-001/public_150k_plus_240930.csv | DOL 5500-SF 2025 ACK 20260723032932NAL0015924464001 https://askebsa.dol.gov/FOIA%20Files/2025/Latest/F_5500_SF_2025_Latest.zip,20261007T202810Z,20261007T202838Z,yes
biz-099,"KIRKLAND AND SHAW, INC.",,5 ADAMS ST,BURLINGTON,MA,01803,"KIRKLAND AND SHAW, INC.",Corporation,single loan,1,7592147006,7592147006:first draw,7592147006:224500.00,7592147006:04/07/2020,7592147006:Paid in Full,Brookline Bank,7592147006:16,1077600,"7592147006 (PPP, 04/07/2020): 224,500.00 / 2.5 x 12",not_checked,,"No free bulk Massachusetts registry or original trade-license dataset is available (see unavailable sources). Organization dates are unknown, so no Massachusetts business can be marked ready.",,,,,,unknown,,,unknown,unknown,filing found,042441491-001,042441491-001:2025-01-01..2025-12-31,042441491-001:2026-06-10,042441491-001:15,15,"042441491-001 (medium): sponsor name 'KIRKLAND & SHAW INC' matches; sponsor address corroborates (5 ADAMS ST, BURLINGTON MA 018034917)",review,"record date unknown: No free bulk Massachusetts registry or original trade-license dataset is available (see unavailable sources). Organization dates are unknown, so no Massachusetts business can be marked ready.",not_ready,SBA PPP CSV (LoanNumber 7592147006) https://data.sba.gov/sites/default/files/distribution/SBA-OCA-2022-07-001/public_150k_plus_240930.csv | DOL 5500-SF 2025 ACK 20260610190226NAL0004816369001 https://askebsa.dol.gov/FOIA%20Files/2025/Latest/F_5500_SF_2025_Latest.zip,20261007T202810Z,20261007T202838Z,yes
biz-100,"NORTHEAST AUTOMATIC SPRINKLER CO, INC",,25 MARION DR,KINGSTON,MA,02364,"NORTHEAST AUTOMATIC SPRINKLER CO, INC",Corporation,single loan,1,7698237007,7698237007:first draw,7698237007:1066000.00,7698237007:04/08/2020,7698237007:Paid in Full,Eastern Bank,7698237007:17,unknown,unknown: 7698237007: implied pay per reported job reaches $100K cap,not_checked,,"No free bulk Massachusetts registry or original trade-license dataset is available (see unavailable sources). Organization dates are unknown, so no Massachusetts business can be marked ready.",,,,,,unknown,,,unknown,unknown,filing found,042383193-001,042383193-001:2024-01-01..2024-12-31,042383193-001:2025-05-18,042383193-001:16,16,"042383193-001 (medium): sponsor name 'NORTHEAST AUTOMATIC SPRINKLER CO., INC.' matches; sponsor address corroborates (25 MARION DRIVE, KINGSTON MA 02364)",review,"record date unknown: No free bulk Massachusetts registry or original trade-license dataset is available (see unavailable sources). Organization dates are unknown, so no Massachusetts business can be marked ready.",not_ready,SBA PPP CSV (LoanNumber 7698237007) https://data.sba.gov/sites/default/files/distribution/SBA-OCA-2022-07-001/public_150k_plus_240930.csv | DOL 5500-SF 2024 ACK 20250518143711NAL0000882642001 https://askebsa.dol.gov/FOIA%20Files/2024/Latest/F_5500_SF_2024_Latest.zip,20261007T202810Z,20261007T202838Z,yes
biz-101,SS SERVICE CORP,,30 ROBERT W BOYDEN RD,TAUNTON,MA,02780,SS SERVICE CORP,Corporation,single loan,1,7711377009,7711377009:first draw,7711377009:432100.00,7711377009:04/08/2020,7711377009:Paid in Full,HarborOne Bank,7711377009:38,2074080,"7711377009 (PPP, 04/08/2020): 432,100.00 / 2.5 x 12",not_checked,,"No free bulk Massachusetts registry or original trade-license dataset is available (see unavailable sources). Organization dates are unknown, so no Massachusetts business can be marked ready.",,,,,,unknown,,,unknown,unknown,unknown (no matched retirement-plan filing in searched years),,,,,unknown,,review,"record date unknown: No free bulk Massachusetts registry or original trade-license dataset is available (see unavailable sources). Organization dates are unknown, so no Massachusetts business can be marked ready.",not_ready,SBA PPP CSV (LoanNumber 7711377009) https://data.sba.gov/sites/default/files/distribution/SBA-OCA-2022-07-001/public_150k_plus_240930.csv,20261007T202810Z,20261007T202838Z,yes
biz-102,"CHASE AND TOLAN PLUMBING & HEATING, INC.",,1 Summer Street,WATERTOWN,MA,02472,"CHASE AND TOLAN PLUMBING & HEATING, INC.",Subchapter S Corporation,single loan,1,7766347008,7766347008:first draw,7766347008:232355.00,7766347008:04/08/2020,7766347008:Paid in Full,Watertown Savings Bank,7766347008:14,1115304,"7766347008 (PPP, 04/08/2020): 232,355.00 / 2.5 x 12",not_checked,,"No free bulk Massachusetts registry or original trade-license dataset is available (see unavailable sources). Organization dates are unknown, so no Massachusetts business can be marked ready.",,,,,,unknown,,,unknown,unknown,unknown (no matched retirement-plan filing in searched years),,,,,unknown,,review,"record date unknown: No free bulk Massachusetts registry or original trade-license dataset is available (see unavailable sources). Organization dates are unknown, so no Massachusetts business can be marked ready.",not_ready,SBA PPP CSV (LoanNumber 7766347008) https://data.sba.gov/sites/default/files/distribution/SBA-OCA-2022-07-001/public_150k_plus_240930.csv,20261007T202810Z,20261007T202838Z,yes
biz-103,GLIONNA PLUMBING AND HEATING,,31 STAAF RD,SAUGUS,MA,01906,GLIONNA PLUMBING AND HEATING,Corporation,single loan,1,7815867008,7815867008:first draw,7815867008:461500.00,7815867008:04/08/2020,7815867008:Paid in Full,Eastern Bank,7815867008:17,unknown,unknown: 7815867008: current amount differs from initial approval; implied pay per reported job reaches $100K cap,not_checked,,"No free bulk Massachusetts registry or original trade-license dataset is available (see unavailable sources). Organization dates are unknown, so no Massachusetts business can be marked ready.",,,,,,unknown,,,unknown,unknown,unknown (no matched retirement-plan filing in searched years),,,,,unknown,,review,"record date unknown: No free bulk Massachusetts registry or original trade-license dataset is available (see unavailable sources). Organization dates are unknown, so no Massachusetts business can be marked ready.",not_ready,SBA PPP CSV (LoanNumber 7815867008) https://data.sba.gov/sites/default/files/distribution/SBA-OCA-2022-07-001/public_150k_plus_240930.csv,20261007T202810Z,20261007T202838Z,yes
biz-104,DAN'S SERVICE INC,,26 ELM ST,SOMERVILLE,MA,02143,DAN'S SERVICE INC,Subchapter S Corporation,single loan,1,7910627004,7910627004:first draw,7910627004:324900.00,7910627004:04/08/2020,7910627004:Paid in Full,East Cambridge Savings Bank,7910627004:31,1559520,"7910627004 (PPP, 04/08/2020): 324,900.00 / 2.5 x 12",not_checked,,"No free bulk Massachusetts registry or original trade-license dataset is available (see unavailable sources). Organization dates are unknown, so no Massachusetts business can be marked ready.",,,,,,unknown,,,unknown,unknown,unknown (no matched retirement-plan filing in searched years),,,,,unknown,,review,"record date unknown: No free bulk Massachusetts registry or original trade-license dataset is available (see unavailable sources). Organization dates are unknown, so no Massachusetts business can be marked ready.",not_ready,SBA PPP CSV (LoanNumber 7910627004) https://data.sba.gov/sites/default/files/distribution/SBA-OCA-2022-07-001/public_150k_plus_240930.csv,20261007T202810Z,20261007T202838Z,yes
biz-105,MECHANICAL ENERGY CORP,,153 Washington St,East Walpole,MA,02032,MECHANICAL ENERGY CORP,Corporation,same legal name + same street address + ZIP,2,7999787001;4912698402,7999787001:first draw;4912698402:second draw,7999787001:167700.00;4912698402:156307.50,7999787001:04/08/2020;4912698402:02/07/2021,7999787001:Paid in Full;4912698402:Paid in Full,Needham Bank,7999787001:9;4912698402:9,750276,"4912698402 (PPS, 02/07/2021): 156,307.50 / 2.5 x 12",not_checked,,"No free bulk Massachusetts registry or original trade-license dataset is available (see unavailable sources). Organization dates are unknown, so no Massachusetts business can be marked ready.",,,,,,unknown,,,unknown,unknown,filing found,320295874-001,320295874-001:2025-01-01..2025-12-31,320295874-001:2026-05-04,320295874-001:8,8,"320295874-001 (medium): sponsor name 'MECHANICAL ENERGY CORPORATION' matches; sponsor address corroborates (153 WASHINGTON ST STE 11, EAST WALPOLE MA 020321163)",review,"record date unknown: No free bulk Massachusetts registry or original trade-license dataset is available (see unavailable sources). Organization dates are unknown, so no Massachusetts business can be marked ready.",not_ready,SBA PPP CSV (LoanNumber 7999787001;4912698402) https://data.sba.gov/sites/default/files/distribution/SBA-OCA-2022-07-001/public_150k_plus_240930.csv | DOL 5500-SF 2025 ACK 20260504093352NAL0004733648001 https://askebsa.dol.gov/FOIA%20Files/2025/Latest/F_5500_SF_2025_Latest.zip,20261007T202810Z,20261007T202838Z,yes
biz-106,KENNEDY MECHANICAL INC,,271 Salem St Unit H,Woburn,MA,01801,KENNEDY MECHANICAL INC,Subchapter S Corporation,same legal name + same street address + ZIP,2,8284287005;8838548402,8284287005:first draw;8838548402:second draw,8284287005:326100.00;8838548402:326105.00,8284287005:04/08/2020;8838548402:02/14/2021,8284287005:Paid in Full;8838548402:Paid in Full,Manufacturers and Traders Trust Company,8284287005:13;8838548402:20,1565304,"8838548402 (PPS, 02/14/2021): 326,105.00 / 2.5 x 12",not_checked,,"No free bulk Massachusetts registry or original trade-license dataset is available (see unavailable sources). Organization dates are unknown, so no Massachusetts business can be marked ready.",,,,,,unknown,,,unknown,unknown,unknown (no matched retirement-plan filing in searched years),,,,,unknown,,review,"record date unknown: No free bulk Massachusetts registry or original trade-license dataset is available (see unavailable sources). Organization dates are unknown, so no Massachusetts business can be marked ready.",not_ready,SBA PPP CSV (LoanNumber 8284287005;8838548402) https://data.sba.gov/sites/default/files/distribution/SBA-OCA-2022-07-001/public_150k_plus_240930.csv,20261007T202810Z,20261007T202838Z,yes
biz-107,"INDUSTRIAL BOILER AND MECHANICAL SERVICE, LLC",,156 MAPLE ST,DANVERS,MA,01923,"INDUSTRIAL BOILER AND MECHANICAL SERVICE, LLC",Limited  Liability Company(LLC),single loan,1,8479017005,8479017005:first draw,8479017005:192000.00,8479017005:04/08/2020,8479017005:Paid in Full,BankGloucester,8479017005:10,unknown,unknown: 8479017005: business type 'Limited  Liability Company(LLC)' may use owner income/SE basis,not_checked,,"No free bulk Massachusetts registry or original trade-license dataset is available (see unavailable sources). Organization dates are unknown, so no Massachusetts business can be marked ready.",,,,,,unknown,,,unknown,unknown,unknown (no matched retirement-plan filing in searched years),,,,,unknown,,review,"record date unknown: No free bulk Massachusetts registry or original trade-license dataset is available (see unavailable sources). Organization dates are unknown, so no Massachusetts business can be marked ready.",not_ready,SBA PPP CSV (LoanNumber 8479017005) https://data.sba.gov/sites/default/files/distribution/SBA-OCA-2022-07-001/public_150k_plus_240930.csv,20261007T202810Z,20261007T202838Z,yes
biz-108,PANN HOME SERVICES CORPORATION,,247 Salem St,Woburn,MA,01801,PANN HOME SERVICES CORPORATION,Corporation,same legal name + same street address + ZIP,2,8504597007;6824618301,8504597007:first draw;6824618301:second draw,8504597007:308000.00;6824618301:364444.00,8504597007:04/08/2020;6824618301:01/27/2021,8504597007:Paid in Full;6824618301:Paid in Full,Five Star Bank | Northeast Bank,8504597007:25;6824618301:25,1478400,"8504597007 (PPP, 04/08/2020): 308,000.00 / 2.5 x 12",not_checked,,"No free bulk Massachusetts registry or original trade-license dataset is available (see unavailable sources). Organization dates are unknown, so no Massachusetts business can be marked ready.",,,,,,unknown,,,unknown,unknown,filing found,042392626-001,042392626-001:2025-01-01..2025-12-31,042392626-001:2026-05-11,042392626-001:19,19,"042392626-001 (medium): sponsor name 'PANN HOME SERVICES CORPORATION' matches; sponsor address corroborates (247 SALEM ST, WOBURN MA 018012004)",review,"record date unknown: No free bulk Massachusetts registry or original trade-license dataset is available (see unavailable sources). Organization dates are unknown, so no Massachusetts business can be marked ready.",not_ready,SBA PPP CSV (LoanNumber 8504597007;6824618301) https://data.sba.gov/sites/default/files/distribution/SBA-OCA-2022-07-001/public_150k_plus_240930.csv | DOL 5500-SF 2025 ACK 20260511080123NAL0005515953001 https://askebsa.dol.gov/FOIA%20Files/2025/Latest/F_5500_SF_2025_Latest.zip,20261007T202810Z,20261007T202838Z,yes
biz-109,DAVID M. MURPHY PLUMBING HEATING AND GAS FITTING INC..,,159 Perry St,Lowell,MA,01852,"DAVID M. MURPHY PLUMBING HEATING AND GAS FITTING INC.. | DAVID M. MURPHY PLUMBING, HEATING AND GAS FITTING, INC",Corporation,same legal name + same street address + ZIP,2,8504647009;4113218500,8504647009:first draw;4113218500:second draw,8504647009:177400.00;4113218500:177400.00,8504647009:04/08/2020;4113218500:02/25/2021,8504647009:Paid in Full;4113218500:Paid in Full,Enterprise Bank and Trust Company,8504647009:11;4113218500:12,851520,"8504647009 (PPP, 04/08/2020): 177,400.00 / 2.5 x 12",not_checked,,"No free bulk Massachusetts registry or original trade-license dataset is available (see unavailable sources). Organization dates are unknown, so no Massachusetts business can be marked ready.",,,,,,unknown,,,unknown,unknown,unknown (no matched retirement-plan filing in searched years),,,,,unknown,,review,"record date unknown: No free bulk Massachusetts registry or original trade-license dataset is available (see unavailable sources). Organization dates are unknown, so no Massachusetts business can be marked ready.",not_ready,SBA PPP CSV (LoanNumber 8504647009;4113218500) https://data.sba.gov/sites/default/files/distribution/SBA-OCA-2022-07-001/public_150k_plus_240930.csv,20261007T202810Z,20261007T202838Z,yes
biz-110,"KEYES NORTH ATLANTIC, INC.",,459 WATERTOWN ST,NEWTONVILLE,MA,02460,"KEYES NORTH ATLANTIC, INC.",Subchapter S Corporation,single loan,1,8551957000,8551957000:first draw,8551957000:1060117.00,8551957000:04/08/2020,8551957000:Paid in Full,The Village Bank,8551957000:69,5088562,"8551957000 (PPP, 04/08/2020): 1,060,117.00 / 2.5 x 12",not_checked,,"No free bulk Massachusetts registry or original trade-license dataset is available (see unavailable sources). Organization dates are unknown, so no Massachusetts business can be marked ready.",,,,,,unknown,,,unknown,unknown,filing found,042318898-002,042318898-002:2025-01-01..2025-12-31,042318898-002:2026-06-25,042318898-002:58,58,"042318898-002 (medium): sponsor name 'KEYES NORTH ATLANTIC, INC.' matches; sponsor address corroborates (459 WATERTOWN ST., NEWTON MA 02460)",review,"record date unknown: No free bulk Massachusetts registry or original trade-license dataset is available (see unavailable sources). Organization dates are unknown, so no Massachusetts business can be marked ready.",not_ready,SBA PPP CSV (LoanNumber 8551957000) https://data.sba.gov/sites/default/files/distribution/SBA-OCA-2022-07-001/public_150k_plus_240930.csv | DOL 5500 2025 ACK 20260625123405NAL0008706257001 https://askebsa.dol.gov/FOIA%20Files/2025/Latest/F_5500_2025_Latest.zip,20261007T202810Z,20261007T202838Z,yes
biz-111,"A. SPOLIDORO & SONS, INC.",,17 SIMONDS FARM RD,NORTH BILLERICA,MA,01862,"A. SPOLIDORO & SONS, INC.",Corporation,single loan,1,8641107007,8641107007:first draw,8641107007:695200.00,8641107007:04/08/2020,8641107007:Paid in Full,Northern Bank and Trust Company,8641107007:55,3336960,"8641107007 (PPP, 04/08/2020): 695,200.00 / 2.5 x 12",not_checked,,"No free bulk Massachusetts registry or original trade-license dataset is available (see unavailable sources). Organization dates are unknown, so no Massachusetts business can be marked ready.",,,,,,unknown,,,unknown,unknown,unknown (no matched retirement-plan filing in searched years),,,,,unknown,,review,"record date unknown: No free bulk Massachusetts registry or original trade-license dataset is available (see unavailable sources). Organization dates are unknown, so no Massachusetts business can be marked ready.",not_ready,SBA PPP CSV (LoanNumber 8641107007) https://data.sba.gov/sites/default/files/distribution/SBA-OCA-2022-07-001/public_150k_plus_240930.csv,20261007T202810Z,20261007T202838Z,yes
biz-112,MARTEL HVAC CORP,,58 Union Street,ASHLAND,MA,01721,MARTEL HVAC CORP,Corporation,single loan,1,8692637002,8692637002:first draw,8692637002:418000.00,8692637002:04/08/2020,8692637002:Paid in Full,Avidia Bank,8692637002:37,2006400,"8692637002 (PPP, 04/08/2020): 418,000.00 / 2.5 x 12",not_checked,,"No free bulk Massachusetts registry or original trade-license dataset is available (see unavailable sources). Organization dates are unknown, so no Massachusetts business can be marked ready.",,,,,,unknown,,,unknown,unknown,filing found,201140594-002,201140594-002:2025-01-01..2025-12-31,201140594-002:2026-09-22,201140594-002:47,47,"201140594-002 (medium): sponsor name 'MARTEL HVAC CORP' matches; sponsor address corroborates (58 UNION STREET, ASHLAND MA 01721)",review,"record date unknown: No free bulk Massachusetts registry or original trade-license dataset is available (see unavailable sources). Organization dates are unknown, so no Massachusetts business can be marked ready.",not_ready,SBA PPP CSV (LoanNumber 8692637002) https://data.sba.gov/sites/default/files/distribution/SBA-OCA-2022-07-001/public_150k_plus_240930.csv | DOL 5500-SF 2025 ACK 20260922085128NAL0012018195001 https://askebsa.dol.gov/FOIA%20Files/2025/Latest/F_5500_SF_2025_Latest.zip,20261007T202810Z,20261007T202838Z,yes
biz-113,MEDFORD WELLINGTON SERVICE CO. INC.,,9 Executive Park Dr,North Billerica,MA,01862,"MEDFORD WELLINGTON SERVICE CO, INC. | MEDFORD WELLINGTON SERVICE CO. INC.",Corporation,same legal name + same street address + ZIP,2,8722467001;7232628501,8722467001:first draw;7232628501:second draw,8722467001:2138500.00;7232628501:1994910.00,8722467001:04/08/2020;7232628501:03/05/2021,8722467001:Paid in Full;7232628501:Paid in Full,Berkshire Bank | Northeast Bank,8722467001:119;7232628501:118,10264800,"8722467001 (PPP, 04/08/2020): 2,138,500.00 / 2.5 x 12",not_checked,,"No free bulk Massachusetts registry or original trade-license dataset is available (see unavailable sources). Organization dates are unknown, so no Massachusetts business can be marked ready.",,,,,,unknown,,,unknown,unknown,filing found,042478203-001,042478203-001:2024-01-01..2024-12-31,042478203-001:2025-10-09,042478203-001:135,135,"042478203-001 (medium): sponsor name 'MEDFORD WELLINGTON SERVICE CO., INC.' matches; sponsor address corroborates (9 EXECUTIVE PARK DRIVE, N. BILLERICA MA 018621318)",review,"record date unknown: No free bulk Massachusetts registry or original trade-license dataset is available (see unavailable sources). Organization dates are unknown, so no Massachusetts business can be marked ready.",not_ready,SBA PPP CSV (LoanNumber 8722467001;7232628501) https://data.sba.gov/sites/default/files/distribution/SBA-OCA-2022-07-001/public_150k_plus_240930.csv | DOL 5500 2024 ACK 20251009083207NAL0015008354001 https://askebsa.dol.gov/FOIA%20Files/2024/Latest/F_5500_2024_Latest.zip,20261007T202810Z,20261007T202838Z,yes
biz-114,MUISE MECHANICAL INC.,,9 Cartwright Ln,Billerica,MA,01821,MUISE MECHANICAL INC | MUISE MECHANICAL INC.,Subchapter S Corporation,same legal name + same street address + ZIP,2,8963547002;4724998510,8963547002:first draw;4724998510:second draw,8963547002:219700.00;4724998510:259100.00,8963547002:04/09/2020;4724998510:02/26/2021,8963547002:Paid in Full;4724998510:Paid in Full,Enterprise Bank and Trust Company,8963547002:20;4724998510:19,1054560,"8963547002 (PPP, 04/09/2020): 219,700.00 / 2.5 x 12",not_checked,,"No free bulk Massachusetts registry or original trade-license dataset is available (see unavailable sources). Organization dates are unknown, so no Massachusetts business can be marked ready.",,,,,,unknown,,,unknown,unknown,unknown (no matched retirement-plan filing in searched years),,,,,unknown,,review,"record date unknown: No free bulk Massachusetts registry or original trade-license dataset is available (see unavailable sources). Organization dates are unknown, so no Massachusetts business can be marked ready.",not_ready,SBA PPP CSV (LoanNumber 8963547002;4724998510) https://data.sba.gov/sites/default/files/distribution/SBA-OCA-2022-07-001/public_150k_plus_240930.csv,20261007T202810Z,20261007T202838Z,yes
biz-115,"RUSTY'S, INC.",,222 Mid-Tech Drive,WEST YARMOUTH,MA,02673,"RUSTY'S, INC.",Corporation,single loan,1,8965007008,8965007008:first draw,8965007008:494700.00,8965007008:04/09/2020,8965007008:Paid in Full,The Cooperative Bank of Cape Cod,8965007008:35,2374560,"8965007008 (PPP, 04/09/2020): 494,700.00 / 2.5 x 12",not_checked,,"No free bulk Massachusetts registry or original trade-license dataset is available (see unavailable sources). Organization dates are unknown, so no Massachusetts business can be marked ready.",,,,,,unknown,,,unknown,unknown,unknown (no matched retirement-plan filing in searched years),,,,,unknown,,review,"record date unknown: No free bulk Massachusetts registry or original trade-license dataset is available (see unavailable sources). Organization dates are unknown, so no Massachusetts business can be marked ready.",not_ready,SBA PPP CSV (LoanNumber 8965007008) https://data.sba.gov/sites/default/files/distribution/SBA-OCA-2022-07-001/public_150k_plus_240930.csv,20261007T202810Z,20261007T202838Z,yes
biz-116,"D.D.S INDUSTRIES, INC.",,250 Ace Street,FALL RIVER,MA,02720,"D.D.S INDUSTRIES, INC.",Corporation,single loan,1,9010497006,9010497006:first draw,9010497006:633888.00,9010497006:04/09/2020,9010497006:Paid in Full,BayCoast Bank,9010497006:53,3042662,"9010497006 (PPP, 04/09/2020): 633,888.00 / 2.5 x 12",not_checked,,"No free bulk Massachusetts registry or original trade-license dataset is available (see unavailable sources). Organization dates are unknown, so no Massachusetts business can be marked ready.",,,,,,unknown,,,unknown,unknown,unknown (no matched retirement-plan filing in searched years),,,,,unknown,,review,"record date unknown: No free bulk Massachusetts registry or original trade-license dataset is available (see unavailable sources). Organization dates are unknown, so no Massachusetts business can be marked ready.",not_ready,SBA PPP CSV (LoanNumber 9010497006) https://data.sba.gov/sites/default/files/distribution/SBA-OCA-2022-07-001/public_150k_plus_240930.csv,20261007T202810Z,20261007T202838Z,yes
biz-117,"RIVERDALE PLUMBING & HEATING, INC.",,35 MERCHANTS DR,WALPOLE,MA,02081,"RIVERDALE PLUMBING & HEATING, INC.",Subchapter S Corporation,single loan,1,9043287009,9043287009:first draw,9043287009:154100.00,9043287009:04/09/2020,9043287009:Paid in Full,Walpole Co-Operative Bank,9043287009:8,unknown,unknown: 9043287009: current amount differs from initial approval,not_checked,,"No free bulk Massachusetts registry or original trade-license dataset is available (see unavailable sources). Organization dates are unknown, so no Massachusetts business can be marked ready.",,,,,,unknown,,,unknown,unknown,unknown (no matched retirement-plan filing in searched years),,,,,unknown,,review,"record date unknown: No free bulk Massachusetts registry or original trade-license dataset is available (see unavailable sources). Organization dates are unknown, so no Massachusetts business can be marked ready.",not_ready,SBA PPP CSV (LoanNumber 9043287009) https://data.sba.gov/sites/default/files/distribution/SBA-OCA-2022-07-001/public_150k_plus_240930.csv,20261007T202810Z,20261007T202838Z,yes
biz-118,"BRAGA BROS, INC.",,110 BREEDS HILL RD Unit 5,HYANNIS,MA,02601,"BRAGA BROS, INC.",Corporation,single loan,1,9051127007,9051127007:first draw,9051127007:197000.00,9051127007:04/09/2020,9051127007:Paid in Full,Salem Five Cents Savings Bank,9051127007:17,945600,"9051127007 (PPP, 04/09/2020): 197,000.00 / 2.5 x 12",not_checked,,"No free bulk Massachusetts registry or original trade-license dataset is available (see unavailable sources). Organization dates are unknown, so no Massachusetts business can be marked ready.",,,,,,unknown,,,unknown,unknown,filing found,463501379-001,463501379-001:2025-01-01..2025-12-31,463501379-001:2026-06-11,463501379-001:34,34,"463501379-001 (medium): sponsor name 'BRAGA BROS INC' matches; sponsor address corroborates (110 BREEDS HILL RD, HYANNIS MA 026011864)",review,"record date unknown: No free bulk Massachusetts registry or original trade-license dataset is available (see unavailable sources). Organization dates are unknown, so no Massachusetts business can be marked ready.",not_ready,SBA PPP CSV (LoanNumber 9051127007) https://data.sba.gov/sites/default/files/distribution/SBA-OCA-2022-07-001/public_150k_plus_240930.csv | DOL 5500-SF 2025 ACK 20260611122858NAL0006265553001 https://askebsa.dol.gov/FOIA%20Files/2025/Latest/F_5500_SF_2025_Latest.zip,20261007T202810Z,20261007T202838Z,yes
biz-119,ATLANTIC HEATING & AIR CONDITIONING CO,,116 Cypress St,Brookline,MA,02445,"ATLANTIC HEATING & AIR CONDITIONING CO | ATLANTIC HEATING AND AIR CONDITIONING CO., INC.",Corporation,same legal name + same street address + ZIP,2,9159797000;4183618410,9159797000:first draw;4183618410:second draw,9159797000:728231.00;4183618410:743459.95,9159797000:04/09/2020;4183618410:02/06/2021,9159797000:Paid in Full;4183618410:Paid in Full,Brookline Bank,9159797000:61;4183618410:57,3495509,"9159797000 (PPP, 04/09/2020): 728,231.00 / 2.5 x 12",not_checked,,"No free bulk Massachusetts registry or original trade-license dataset is available (see unavailable sources). Organization dates are unknown, so no Massachusetts business can be marked ready.",,,,,,unknown,,,unknown,unknown,filing found,042303434-004,042303434-004:2025-01-01..2025-12-31,042303434-004:2026-05-15,042303434-004:55,55,"042303434-004 (medium): sponsor name 'ATLANTIC HEATING & AIR CONDITIONING CO., INC.' matches; sponsor address corroborates (116 CYPRESS STREET, BROOKLINE MA 02445)",review,"record date unknown: No free bulk Massachusetts registry or original trade-license dataset is available (see unavailable sources). Organization dates are unknown, so no Massachusetts business can be marked ready.",not_ready,SBA PPP CSV (LoanNumber 9159797000;4183618410) https://data.sba.gov/sites/default/files/distribution/SBA-OCA-2022-07-001/public_150k_plus_240930.csv | DOL 5500-SF 2025 ACK 20260515101821NAL0008105027001 https://askebsa.dol.gov/FOIA%20Files/2025/Latest/F_5500_SF_2025_Latest.zip,20261007T202810Z,20261007T202838Z,yes
biz-120,AALANCO SERVICE CORPORATION,,80B Turnpike Rd,Westborough,MA,01581,AALANCO SERVICE CORPORATION,Corporation,same legal name + same street address + ZIP,2,9168717000;9808028305,9168717000:first draw;9808028305:second draw,9168717000:726600.00;9808028305:625379.00,9168717000:04/09/2020;9808028305:01/31/2021,9168717000:Paid in Full;9808028305:Paid in Full,Berkshire Bank | Northeast Bank,9168717000:32;9808028305:33,3001819,"9808028305 (PPS, 01/31/2021): 625,379.00 / 2.5 x 12",not_checked,,"No free bulk Massachusetts registry or original trade-license dataset is available (see unavailable sources). Organization dates are unknown, so no Massachusetts business can be marked ready.",,,,,,unknown,,,unknown,unknown,filing found,043172931-001,043172931-001:2025-01-01..2025-12-31,043172931-001:2026-05-11,043172931-001:38,38,043172931-001 (medium): sponsor name 'AALANCO SERVICE CORPORATION' matches; sponsor ZIP corroborates (WESTBORO MA 01581),review,"record date unknown: No free bulk Massachusetts registry or original trade-license dataset is available (see unavailable sources). Organization dates are unknown, so no Massachusetts business can be marked ready.",not_ready,SBA PPP CSV (LoanNumber 9168717000;9808028305) https://data.sba.gov/sites/default/files/distribution/SBA-OCA-2022-07-001/public_150k_plus_240930.csv | DOL 5500-SF 2025 ACK 20260511080057NAL0005705633001 https://askebsa.dol.gov/FOIA%20Files/2025/Latest/F_5500_SF_2025_Latest.zip,20261007T202810Z,20261007T202838Z,yes
biz-121,INLINE MECHANICAL LLC,,226 LOWELL ST,WILMINGTON,MA,01887,INLINE MECHANICAL LLC,Limited  Liability Company(LLC),single loan,1,9177717002,9177717002:first draw,9177717002:505900.00,9177717002:04/09/2020,9177717002:Paid in Full,Manufacturers and Traders Trust Company,9177717002:28,unknown,unknown: 9177717002: business type 'Limited  Liability Company(LLC)' may use owner income/SE basis,not_checked,,"No free bulk Massachusetts registry or original trade-license dataset is available (see unavailable sources). Organization dates are unknown, so no Massachusetts business can be marked ready.",,,,,,unknown,,,unknown,unknown,filing found,208492243-001,208492243-001:2025-01-01..2025-12-31,208492243-001:2026-06-08,208492243-001:23,23,"208492243-001 (medium): sponsor name 'INLINE MECHANICAL LLC' matches; sponsor address corroborates (226 LOWELL ST, STE A3, LOWELL MA 01887)",review,"record date unknown: No free bulk Massachusetts registry or original trade-license dataset is available (see unavailable sources). Organization dates are unknown, so no Massachusetts business can be marked ready.",not_ready,SBA PPP CSV (LoanNumber 9177717002) https://data.sba.gov/sites/default/files/distribution/SBA-OCA-2022-07-001/public_150k_plus_240930.csv | DOL 5500-SF 2025 ACK 20260608163139NAL0004977760001 https://askebsa.dol.gov/FOIA%20Files/2025/Latest/F_5500_SF_2025_Latest.zip,20261007T202810Z,20261007T202838Z,yes
biz-122,JJ SULLIVAN PLUMBING & HEATING CO INC,,346 SOMERVILLE AVE,SOMERVILLE,MA,02143,JJ SULLIVAN PLUMBING & HEATING CO INC,Corporation,single loan,1,9266607006,9266607006:first draw,9266607006:199500.00,9266607006:04/09/2020,9266607006:Paid in Full,Eastern Bank,9266607006:15,957600,"9266607006 (PPP, 04/09/2020): 199,500.00 / 2.5 x 12",not_checked,,"No free bulk Massachusetts registry or original trade-license dataset is available (see unavailable sources). Organization dates are unknown, so no Massachusetts business can be marked ready.",,,,,,unknown,,,unknown,unknown,unknown (no matched retirement-plan filing in searched years),,,,,unknown,,review,"record date unknown: No free bulk Massachusetts registry or original trade-license dataset is available (see unavailable sources). Organization dates are unknown, so no Massachusetts business can be marked ready.",not_ready,SBA PPP CSV (LoanNumber 9266607006) https://data.sba.gov/sites/default/files/distribution/SBA-OCA-2022-07-001/public_150k_plus_240930.csv,20261007T202810Z,20261007T202838Z,yes
biz-123,FRANK B PAIGE PLUMBING & HEATING SERVICES INC,,19 Knollwood Dr,EAST LONGMEADOW,MA,01028,FRANK B PAIGE PLUMBING & HEATING SERVICES INC,Corporation,single loan,1,9270427003,9270427003:first draw,9270427003:154100.00,9270427003:04/09/2020,9270427003:Paid in Full,Manufacturers and Traders Trust Company,9270427003:7,unknown,unknown: 9270427003: implied pay per reported job reaches $100K cap,not_checked,,"No free bulk Massachusetts registry or original trade-license dataset is available (see unavailable sources). Organization dates are unknown, so no Massachusetts business can be marked ready.",,,,,,unknown,,,unknown,unknown,unknown (no matched retirement-plan filing in searched years),,,,,unknown,,review,"record date unknown: No free bulk Massachusetts registry or original trade-license dataset is available (see unavailable sources). Organization dates are unknown, so no Massachusetts business can be marked ready.",not_ready,SBA PPP CSV (LoanNumber 9270427003) https://data.sba.gov/sites/default/files/distribution/SBA-OCA-2022-07-001/public_150k_plus_240930.csv,20261007T202810Z,20261007T202838Z,yes
biz-124,B&B MECHANICAL SERVICES INC,,34 Sullivan Rd Ste 34,North Billerica,MA,01862,B & B MECHANICAL SERVICES INC. | B&B MECHANICAL SERVICES INC,Corporation,same legal name + same street address + ZIP,2,9307297006;3134318304,9307297006:first draw;3134318304:second draw,9307297006:232054.00;3134318304:214590.00,9307297006:04/09/2020;3134318304:01/21/2021,9307297006:Paid in Full;3134318304:Paid in Full,The Lowell Five Cent Savings Bank,9307297006:12;3134318304:14,1113859,"9307297006 (PPP, 04/09/2020): 232,054.00 / 2.5 x 12",not_checked,,"No free bulk Massachusetts registry or original trade-license dataset is available (see unavailable sources). Organization dates are unknown, so no Massachusetts business can be marked ready.",,,,,,unknown,,,unknown,unknown,unknown (no matched retirement-plan filing in searched years),,,,,unknown,,review,"record date unknown: No free bulk Massachusetts registry or original trade-license dataset is available (see unavailable sources). Organization dates are unknown, so no Massachusetts business can be marked ready.",not_ready,SBA PPP CSV (LoanNumber 9307297006;3134318304) https://data.sba.gov/sites/default/files/distribution/SBA-OCA-2022-07-001/public_150k_plus_240930.csv,20261007T202810Z,20261007T202838Z,yes
biz-125,EXCEL HVAC INC.,,61 Glenn St,Lawrence,MA,01843,"EXCEL HVAC INC. | EXCEL HVAC, INC.",Corporation,same legal name + same street address + ZIP,2,9317477005;3132068504,9317477005:first draw;3132068504:second draw,9317477005:519357.50;3132068504:536458.18,9317477005:04/09/2020;3132068504:02/23/2021,9317477005:Paid in Full;3132068504:Paid in Full,Haverhill Bank,9317477005:29;3132068504:38,2492916,"9317477005 (PPP, 04/09/2020): 519,357.50 / 2.5 x 12",not_checked,,"No free bulk Massachusetts registry or original trade-license dataset is available (see unavailable sources). Organization dates are unknown, so no Massachusetts business can be marked ready.",,,,,,unknown,,,unknown,unknown,filing found,043335202-001,043335202-001:2024-01-01..2024-12-31,043335202-001:2025-10-07,043335202-001:2,2,"043335202-001 (medium): sponsor name 'EXCEL HVAC' matches; sponsor address corroborates (61 GLENN ST, LAWRENCE MA 01843)",review,"record date unknown: No free bulk Massachusetts registry or original trade-license dataset is available (see unavailable sources). Organization dates are unknown, so no Massachusetts business can be marked ready.",not_ready,SBA PPP CSV (LoanNumber 9317477005;3132068504) https://data.sba.gov/sites/default/files/distribution/SBA-OCA-2022-07-001/public_150k_plus_240930.csv | DOL 5500-SF 2024 ACK 20251007085206NAL0007576720001 https://askebsa.dol.gov/FOIA%20Files/2024/Latest/F_5500_SF_2024_Latest.zip,20261007T202810Z,20261007T202838Z,yes
biz-126,"THOMAS G. GALLAGHER, INC.",,309 WAVERLEY OAKS RD,WALTHAM,MA,02452,"THOMAS G. GALLAGHER, INC.",Subchapter S Corporation,single loan,1,9349927003,9349927003:first draw,9349927003:8323800.00,9349927003:04/09/2020,9349927003:Paid in Full,Enterprise Bank and Trust Company,9349927003:294,unknown,unknown: 9349927003: implied pay per reported job reaches $100K cap,not_checked,,"No free bulk Massachusetts registry or original trade-license dataset is available (see unavailable sources). Organization dates are unknown, so no Massachusetts business can be marked ready.",,,,,,unknown,,,unknown,unknown,filing found,042049088-002,042049088-002:2024-12-01..2025-11-30,042049088-002:2026-08-11,042049088-002:132,132,"042049088-002 (medium): sponsor name 'THOMAS G. GALLAGHER, INC.' matches; sponsor ZIP corroborates (WALTHAM MA 02452)",review,"record date unknown: No free bulk Massachusetts registry or original trade-license dataset is available (see unavailable sources). Organization dates are unknown, so no Massachusetts business can be marked ready.",not_ready,SBA PPP CSV (LoanNumber 9349927003) https://data.sba.gov/sites/default/files/distribution/SBA-OCA-2022-07-001/public_150k_plus_240930.csv | DOL 5500 2024 ACK 20260811071048NAL0008790624001 https://askebsa.dol.gov/FOIA%20Files/2024/Latest/F_5500_2024_Latest.zip,20261007T202810Z,20261007T202838Z,yes
biz-127,"BILO PLUMBING & HEATING CO., INC.",,198 HIGH ST,IPSWICH,MA,01938,"BILO PLUMBING & HEATING CO., INC.",Corporation,single loan,1,9392617010,9392617010:first draw,9392617010:269245.00,9392617010:04/09/2020,9392617010:Paid in Full,Brookline Bank,9392617010:24,1292376,"9392617010 (PPP, 04/09/2020): 269,245.00 / 2.5 x 12",not_checked,,"No free bulk Massachusetts registry or original trade-license dataset is available (see unavailable sources). Organization dates are unknown, so no Massachusetts business can be marked ready.",,,,,,unknown,,,unknown,unknown,filing found,043339899-001,043339899-001:2025-01-01..2025-12-31,043339899-001:2026-07-27,043339899-001:24,24,"043339899-001 (medium): sponsor name 'BILO PLUMBING & HEATING CO. INC.' matches; sponsor address corroborates (198 HIGH STREET, IPSWICH MA 01938)",review,"record date unknown: No free bulk Massachusetts registry or original trade-license dataset is available (see unavailable sources). Organization dates are unknown, so no Massachusetts business can be marked ready.",not_ready,SBA PPP CSV (LoanNumber 9392617010) https://data.sba.gov/sites/default/files/distribution/SBA-OCA-2022-07-001/public_150k_plus_240930.csv | DOL 5500-SF 2025 ACK 20260727133755NAL0015992115001 https://askebsa.dol.gov/FOIA%20Files/2025/Latest/F_5500_SF_2025_Latest.zip,20261007T202810Z,20261007T202838Z,yes
biz-128,"HOWSE CORPORATION, INC.",,197 Main Street,NORTH READING,MA,01864,"HOWSE CORPORATION, INC.",Corporation,single loan,1,9400147001,9400147001:first draw,9400147001:724192.00,9400147001:04/09/2020,9400147001:Paid in Full,Reading Co-Operative Bank,9400147001:36,3476122,"9400147001 (PPP, 04/09/2020): 724,192.00 / 2.5 x 12",not_checked,,"No free bulk Massachusetts registry or original trade-license dataset is available (see unavailable sources). Organization dates are unknown, so no Massachusetts business can be marked ready.",,,,,,unknown,,,unknown,unknown,filing found,043285264-002,043285264-002:2025-01-01..2025-12-31,043285264-002:2026-04-21,043285264-002:55,55,"043285264-002 (medium): sponsor name 'HOWSE CORPORATION, INC.' matches; sponsor address corroborates (197 MAIN ST. #102, NORTH READING MA 01864)",review,"record date unknown: No free bulk Massachusetts registry or original trade-license dataset is available (see unavailable sources). Organization dates are unknown, so no Massachusetts business can be marked ready.",not_ready,SBA PPP CSV (LoanNumber 9400147001) https://data.sba.gov/sites/default/files/distribution/SBA-OCA-2022-07-001/public_150k_plus_240930.csv | DOL 5500-SF 2025 ACK 20260421083014NAL0002412657001 https://askebsa.dol.gov/FOIA%20Files/2025/Latest/F_5500_SF_2025_Latest.zip,20261007T202810Z,20261007T202838Z,yes
biz-129,"HOKUM ROCK CORPORATION, THE",,357 HOKUM ROCK RD,DENNIS,MA,02638,"HOKUM ROCK CORPORATION, THE",Corporation,single loan,1,9497047001,9497047001:first draw,9497047001:255100.00,9497047001:04/09/2020,9497047001:Paid in Full,The Cooperative Bank of Cape Cod,9497047001:18,1224480,"9497047001 (PPP, 04/09/2020): 255,100.00 / 2.5 x 12",not_checked,,"No free bulk Massachusetts registry or original trade-license dataset is available (see unavailable sources). Organization dates are unknown, so no Massachusetts business can be marked ready.",,,,,,unknown,,,unknown,unknown,unknown (no matched retirement-plan filing in searched years),,,,,unknown,,review,"record date unknown: No free bulk Massachusetts registry or original trade-license dataset is available (see unavailable sources). Organization dates are unknown, so no Massachusetts business can be marked ready.",not_ready,SBA PPP CSV (LoanNumber 9497047001) https://data.sba.gov/sites/default/files/distribution/SBA-OCA-2022-07-001/public_150k_plus_240930.csv,20261007T202810Z,20261007T202838Z,yes
biz-130,EDWARD F CORCORAN PLUMBING & HEATING CO. INC.,,5 Rose Pl,Springfield,MA,01104,"EDWARD F CORCORAN PLUMBING & HEATING CO. INC. | EDWARD F. CORCORAN PLUMBING & HEATING CO., INC.",Corporation,same legal name + same street address + ZIP,2,9622437000;5036808500,9622437000:first draw;5036808500:second draw,9622437000:606725.00;5036808500:696766.15,9622437000:04/09/2020;5036808500:02/26/2021,9622437000:Paid in Full;5036808500:Paid in Full,New Valley Bank & Trust,9622437000:16;5036808500:29,unknown,unknown: 9622437000: implied pay per reported job reaches $100K cap,not_checked,,"No free bulk Massachusetts registry or original trade-license dataset is available (see unavailable sources). Organization dates are unknown, so no Massachusetts business can be marked ready.",,,,,,unknown,,,unknown,unknown,unknown (no matched retirement-plan filing in searched years),,,,,unknown,,review,"record date unknown: No free bulk Massachusetts registry or original trade-license dataset is available (see unavailable sources). Organization dates are unknown, so no Massachusetts business can be marked ready.",not_ready,SBA PPP CSV (LoanNumber 9622437000;5036808500) https://data.sba.gov/sites/default/files/distribution/SBA-OCA-2022-07-001/public_150k_plus_240930.csv,20261007T202810Z,20261007T202838Z,yes
biz-131,MARK E MEACHAM INC.,,253 A Worcester Rd,CHARLTON,MA,01507,MARK E MEACHAM INC.,Corporation,single loan,1,9622567004,9622567004:first draw,9622567004:334200.00,9622567004:04/09/2020,9622567004:Paid in Full,Country Bank for Savings,9622567004:22,1604160,"9622567004 (PPP, 04/09/2020): 334,200.00 / 2.5 x 12",not_checked,,"No free bulk Massachusetts registry or original trade-license dataset is available (see unavailable sources). Organization dates are unknown, so no Massachusetts business can be marked ready.",,,,,,unknown,,,unknown,unknown,unknown (no matched retirement-plan filing in searched years),,,,,unknown,,review,"record date unknown: No free bulk Massachusetts registry or original trade-license dataset is available (see unavailable sources). Organization dates are unknown, so no Massachusetts business can be marked ready.",not_ready,SBA PPP CSV (LoanNumber 9622567004) https://data.sba.gov/sites/default/files/distribution/SBA-OCA-2022-07-001/public_150k_plus_240930.csv,20261007T202810Z,20261007T202838Z,yes
biz-132,V&G  PLUMBING AND HEATING CO. LLC,,5 Mason St,Worcester,MA,01609,"V & G PLUMBING AND HEATING CO., LLC | V&G  PLUMBING AND HEATING CO. LLC",Limited  Liability Company(LLC),same legal name + same ZIP (street spelling differs),2,9639087009;8679828601,9639087009:first draw;8679828601:second draw,9639087009:180000.00;8679828601:212500.00,9639087009:04/09/2020;8679828601:03/25/2021,9639087009:Paid in Full;8679828601:Paid in Full,Leominster CU,9639087009:25;8679828601:20,unknown,unknown: 9639087009: business type 'Limited  Liability Company(LLC)' may use owner income/SE basis,not_checked,,"No free bulk Massachusetts registry or original trade-license dataset is available (see unavailable sources). Organization dates are unknown, so no Massachusetts business can be marked ready.",,,,,,unknown,,,unknown,unknown,unknown (no matched retirement-plan filing in searched years),,,,,unknown,,review,"record date unknown: No free bulk Massachusetts registry or original trade-license dataset is available (see unavailable sources). Organization dates are unknown, so no Massachusetts business can be marked ready.",not_ready,SBA PPP CSV (LoanNumber 9639087009;8679828601) https://data.sba.gov/sites/default/files/distribution/SBA-OCA-2022-07-001/public_150k_plus_240930.csv,20261007T202810Z,20261007T202838Z,yes
biz-133,FLYNN & CATALDO INC,,67 Smith Place Unit 11,CAMBRIDGE,MA,02138,FLYNN & CATALDO INC,Subchapter S Corporation,single loan,1,9762697010,9762697010:first draw,9762697010:323475.00,9762697010:04/09/2020,9762697010:Paid in Full,Watertown Savings Bank,9762697010:26,1552680,"9762697010 (PPP, 04/09/2020): 323,475.00 / 2.5 x 12",not_checked,,"No free bulk Massachusetts registry or original trade-license dataset is available (see unavailable sources). Organization dates are unknown, so no Massachusetts business can be marked ready.",,,,,,unknown,,,unknown,unknown,unknown (no matched retirement-plan filing in searched years),,,,,unknown,,review,"record date unknown: No free bulk Massachusetts registry or original trade-license dataset is available (see unavailable sources). Organization dates are unknown, so no Massachusetts business can be marked ready.",not_ready,SBA PPP CSV (LoanNumber 9762697010) https://data.sba.gov/sites/default/files/distribution/SBA-OCA-2022-07-001/public_150k_plus_240930.csv,20261007T202810Z,20261007T202838Z,yes
biz-134,SUNDAY RIVER LLC,,9 Bonazzoli Ave Ste 25,Hudson,MA,01749,SUNDAY RIVER LLC,Limited  Liability Company(LLC),same legal name + same street address + ZIP,2,9780537001;2049228302,9780537001:first draw;2049228302:second draw,9780537001:229035.00;2049228302:229921.52,9780537001:04/09/2020;2049228302:01/20/2021,9780537001:Paid in Full;2049228302:Paid in Full,Pathward National Association,9780537001:13;2049228302:12,unknown,unknown: 9780537001: business type 'Limited  Liability Company(LLC)' may use owner income/SE basis,not_checked,,"No free bulk Massachusetts registry or original trade-license dataset is available (see unavailable sources). Organization dates are unknown, so no Massachusetts business can be marked ready.",,,,,,unknown,,,unknown,unknown,unknown (no matched retirement-plan filing in searched years),,,,,unknown,,review,"record date unknown: No free bulk Massachusetts registry or original trade-license dataset is available (see unavailable sources). Organization dates are unknown, so no Massachusetts business can be marked ready.",not_ready,SBA PPP CSV (LoanNumber 9780537001;2049228302) https://data.sba.gov/sites/default/files/distribution/SBA-OCA-2022-07-001/public_150k_plus_240930.csv,20261007T202810Z,20261007T202838Z,yes
biz-135,MANSFIELD & ROBBINS PLUMBING & HEATING INC.,,234 Albion St,Wakefield,MA,01880,"MANSFIELD & ROBBINS PLUMBING & HEATING INC. | MANSFIELD AND ROBBINS PLUMBING & HEATING, INC.",Corporation,same legal name + same street address + ZIP,2,9817827010;6913438504,9817827010:first draw;6913438504:second draw,9817827010:176607.00;6913438504:176605.00,9817827010:04/09/2020;6913438504:03/04/2021,9817827010:Paid in Full;6913438504:Paid in Full,Wakefield Co-Operative Bank,9817827010:13;6913438504:12,847714,"9817827010 (PPP, 04/09/2020): 176,607.00 / 2.5 x 12",not_checked,,"No free bulk Massachusetts registry or original trade-license dataset is available (see unavailable sources). Organization dates are unknown, so no Massachusetts business can be marked ready.",,,,,,unknown,,,unknown,unknown,unknown (no matched retirement-plan filing in searched years),,,,,unknown,,review,"record date unknown: No free bulk Massachusetts registry or original trade-license dataset is available (see unavailable sources). Organization dates are unknown, so no Massachusetts business can be marked ready.",not_ready,SBA PPP CSV (LoanNumber 9817827010;6913438504) https://data.sba.gov/sites/default/files/distribution/SBA-OCA-2022-07-001/public_150k_plus_240930.csv,20261007T202810Z,20261007T202838Z,yes
biz-136,JEFFREY J PEABODY PLUMBING & HEATING LLC,,58R PULASKI ST,PEABODY,MA,01960,"JEFFREY J PEABODY PLUMBING & HEATING LLC | JEFFREY J. PEABODY PLUMBING AND HEATING, LLC",Limited  Liability Company(LLC),same legal name + same ZIP (street spelling differs),2,9940347003;4560928710,9940347003:first draw;4560928710:second draw,9940347003:1034156.00;4560928710:1112317.00,9940347003:04/09/2020;4560928710:04/01/2021,9940347003:Paid in Full;4560928710:Paid in Full,Brookline Bank,9940347003:50;4560928710:60,unknown,unknown: 9940347003: business type 'Limited  Liability Company(LLC)' may use owner income/SE basis,not_checked,,"No free bulk Massachusetts registry or original trade-license dataset is available (see unavailable sources). Organization dates are unknown, so no Massachusetts business can be marked ready.",,,,,,unknown,,,unknown,unknown,unknown (no matched retirement-plan filing in searched years),,,,,unknown,,review,"record date unknown: No free bulk Massachusetts registry or original trade-license dataset is available (see unavailable sources). Organization dates are unknown, so no Massachusetts business can be marked ready.",not_ready,SBA PPP CSV (LoanNumber 9940347003;4560928710) https://data.sba.gov/sites/default/files/distribution/SBA-OCA-2022-07-001/public_150k_plus_240930.csv,20261007T202810Z,20261007T202838Z,yes
biz-137,"HOUGHTON PLUMBING AND HEATING, INC.",,130 CENTRAL ST,STONEHAM,MA,02180,"HOUGHTON PLUMBING AND HEATING, INC.",Corporation,single loan,1,1209407100,1209407100:first draw,1209407100:159200.00,1209407100:04/10/2020,1209407100:Paid in Full,Salem Five Cents Savings Bank,1209407100:17,764160,"1209407100 (PPP, 04/10/2020): 159,200.00 / 2.5 x 12",not_checked,,"No free bulk Massachusetts registry or original trade-license dataset is available (see unavailable sources). Organization dates are unknown, so no Massachusetts business can be marked ready.",,,,,,unknown,,,unknown,unknown,filing found,043203699-001,043203699-001:2025-01-01..2025-12-31,043203699-001:2026-08-19,043203699-001:12,12,"043203699-001 (medium): sponsor name 'HOUGHTON PLUMBING & HEATING, INC.' matches; sponsor address corroborates (130 CENTRAL STREET, STONEHAM MA 02180)",review,"record date unknown: No free bulk Massachusetts registry or original trade-license dataset is available (see unavailable sources). Organization dates are unknown, so no Massachusetts business can be marked ready.",not_ready,SBA PPP CSV (LoanNumber 1209407100) https://data.sba.gov/sites/default/files/distribution/SBA-OCA-2022-07-001/public_150k_plus_240930.csv | DOL 5500-SF 2025 ACK 20260819090547NAL0018463777001 https://askebsa.dol.gov/FOIA%20Files/2025/Latest/F_5500_SF_2025_Latest.zip,20261007T202810Z,20261007T202838Z,yes
biz-138,CGR MECHANICAL INC,,89,NORTH ANDOVER,MA,01845,"CGR MECHANICAL INC | CGR MECHANICAL, INC.",Subchapter S Corporation,same legal name + same ZIP (street spelling differs),2,1213477102;5348098402,1213477102:first draw;5348098402:second draw,1213477102:501700.00;5348098402:301739.17,1213477102:04/10/2020;5348098402:02/08/2021,1213477102:Paid in Full;5348098402:Paid in Full,Itria Ventures LLC | Salem Five Cents Savings Bank,1213477102:56;5348098402:14,2408160,"1213477102 (PPP, 04/10/2020): 501,700.00 / 2.5 x 12",not_checked,,"No free bulk Massachusetts registry or original trade-license dataset is available (see unavailable sources). Organization dates are unknown, so no Massachusetts business can be marked ready.",,,,,,unknown,,,unknown,unknown,unknown (no matched retirement-plan filing in searched years),,,,,unknown,,review,"record date unknown: No free bulk Massachusetts registry or original trade-license dataset is available (see unavailable sources). Organization dates are unknown, so no Massachusetts business can be marked ready.",not_ready,SBA PPP CSV (LoanNumber 1213477102;5348098402) https://data.sba.gov/sites/default/files/distribution/SBA-OCA-2022-07-001/public_150k_plus_240930.csv,20261007T202810Z,20261007T202838Z,yes
biz-139,J S MORTIMER INC,,13 Rockland Rd,Auburn,MA,01501,"J S MORTIMER INC | J.S. MORTIMER, INC.",Subchapter S Corporation,same legal name + same street address + ZIP,2,1277497107;8666388710,1277497107:first draw;8666388710:second draw,1277497107:290457.00;8666388710:246715.00,1277497107:04/10/2020;8666388710:04/07/2021,1277497107:Paid in Full;8666388710:Paid in Full,"TD Bank, National Association",1277497107:18;8666388710:18,1394194,"1277497107 (PPP, 04/10/2020): 290,457.00 / 2.5 x 12",not_checked,,"No free bulk Massachusetts registry or original trade-license dataset is available (see unavailable sources). Organization dates are unknown, so no Massachusetts business can be marked ready.",,,,,,unknown,,,unknown,unknown,filing found,043529621-002;043529621-003,043529621-002:2024-10-01..2025-09-30;043529621-003:2024-10-01..2025-09-30,043529621-002:2026-07-02;043529621-003:2026-07-15,043529621-002:16;043529621-003:13,16,"043529621-002 (medium): sponsor name 'J.S. MORTIMER, INC.' matches; sponsor address corroborates (13 ROCKLAND ROAD, AUBURN MA 01501) | 043529621-003 (medium): sponsor name 'J. S. MORTIMER, INC.' matches; sponsor address corroborates (13 ROCKLAND ROAD, AUBURN MA 01501)",review,"record date unknown: No free bulk Massachusetts registry or original trade-license dataset is available (see unavailable sources). Organization dates are unknown, so no Massachusetts business can be marked ready.",not_ready,SBA PPP CSV (LoanNumber 1277497107;8666388710) https://data.sba.gov/sites/default/files/distribution/SBA-OCA-2022-07-001/public_150k_plus_240930.csv | DOL 5500-SF 2024 ACK 20260702102645NAL0012298723001 https://askebsa.dol.gov/FOIA%20Files/2024/Latest/F_5500_SF_2024_Latest.zip | DOL 5500-SF 2024 ACK 20260715101731NAL0002755329001 https://askebsa.dol.gov/FOIA%20Files/2024/Latest/F_5500_SF_2024_Latest.zip,20261007T202810Z,20261007T202838Z,yes
biz-140,BURKE & SONS PLUMBING & HEATING INC.,,1 Federal Way,Groveland,MA,01834,"BURKE & SONS PLUMBING & HEATING INC. | BURKE & SONS PLUMBING & HEATING, INC.",Subchapter S Corporation,same legal name + same street address + ZIP,2,1285947100;2466458509,1285947100:first draw;2466458509:second draw,1285947100:162600.00;2466458509:155266.00,1285947100:04/10/2020;2466458509:02/20/2021,1285947100:Paid in Full;2466458509:Paid in Full,Pentucket Bank,1285947100:12;2466458509:11,780480,"1285947100 (PPP, 04/10/2020): 162,600.00 / 2.5 x 12",not_checked,,"No free bulk Massachusetts registry or original trade-license dataset is available (see unavailable sources). Organization dates are unknown, so no Massachusetts business can be marked ready.",,,,,,unknown,,,unknown,unknown,unknown (no matched retirement-plan filing in searched years),,,,,unknown,,review,"record date unknown: No free bulk Massachusetts registry or original trade-license dataset is available (see unavailable sources). Organization dates are unknown, so no Massachusetts business can be marked ready.",not_ready,SBA PPP CSV (LoanNumber 1285947100;2466458509) https://data.sba.gov/sites/default/files/distribution/SBA-OCA-2022-07-001/public_150k_plus_240930.csv,20261007T202810Z,20261007T202838Z,yes
biz-141,WILLIAM MUELLER PLUMBING INC,,7-A Street Airport Park,Edgartown,MA,02539,WILLIAM MUELLER PLUMBING INC,Corporation,single loan,1,1295537110,1295537110:first draw,1295537110:188900.00,1295537110:04/10/2020,1295537110:Paid in Full,Martha's Vineyard Bank,1295537110:11,906720,"1295537110 (PPP, 04/10/2020): 188,900.00 / 2.5 x 12",not_checked,,"No free bulk Massachusetts registry or original trade-license dataset is available (see unavailable sources). Organization dates are unknown, so no Massachusetts business can be marked ready.",,,,,,unknown,,,unknown,unknown,unknown (no matched retirement-plan filing in searched years),,,,,unknown,,review,"record date unknown: No free bulk Massachusetts registry or original trade-license dataset is available (see unavailable sources). Organization dates are unknown, so no Massachusetts business can be marked ready.",not_ready,SBA PPP CSV (LoanNumber 1295537110) https://data.sba.gov/sites/default/files/distribution/SBA-OCA-2022-07-001/public_150k_plus_240930.csv,20261007T202810Z,20261007T202838Z,yes
biz-142,TRETHEWEY BROTHERS INC,,4280 WASHINGTON ST,ROSLINDALE,MA,02131,TRETHEWEY BROTHERS INC,Corporation,single loan,1,1393787108,1393787108:first draw,1393787108:327750.00,1393787108:04/10/2020,1393787108:Paid in Full,"Bank of America, National Association",1393787108:23,1573200,"1393787108 (PPP, 04/10/2020): 327,750.00 / 2.5 x 12",not_checked,,"No free bulk Massachusetts registry or original trade-license dataset is available (see unavailable sources). Organization dates are unknown, so no Massachusetts business can be marked ready.",,,,,,unknown,,,unknown,unknown,filing found,042481543-001,042481543-001:2024-01-01..2024-12-31,042481543-001:2025-09-26,042481543-001:27,27,"042481543-001 (medium): sponsor name 'TRETHEWEY BROTHERS, INC.' matches; sponsor address corroborates (4280 WASHINGTON STREET, ROSLINDALE MA 021319905)",review,"record date unknown: No free bulk Massachusetts registry or original trade-license dataset is available (see unavailable sources). Organization dates are unknown, so no Massachusetts business can be marked ready.",not_ready,SBA PPP CSV (LoanNumber 1393787108) https://data.sba.gov/sites/default/files/distribution/SBA-OCA-2022-07-001/public_150k_plus_240930.csv | DOL 5500-SF 2024 ACK 20250926103459NAL0003951955001 https://askebsa.dol.gov/FOIA%20Files/2024/Latest/F_5500_SF_2024_Latest.zip,20261007T202810Z,20261007T202838Z,yes
biz-143,A PLUS HVAC INC.,,26 Airport Drive,WESTFIELD,MA,01085,A PLUS HVAC INC.,Corporation,single loan,1,1497287105,1497287105:first draw,1497287105:306700.00,1497287105:04/10/2020,1497287105:Paid in Full,Berkshire Bank,1497287105:18,unknown,unknown: 1497287105: current amount differs from initial approval,not_checked,,"No free bulk Massachusetts registry or original trade-license dataset is available (see unavailable sources). Organization dates are unknown, so no Massachusetts business can be marked ready.",,,,,,unknown,,,unknown,unknown,filing found,204759327-001,204759327-001:2025-01-01..2025-12-31,204759327-001:2026-05-11,204759327-001:15,15,"204759327-001 (medium): sponsor name 'A PLUS HVAC INC' matches; sponsor address corroborates (26 AIRPORT DR, WESTFIELD MA 010851499)",review,"record date unknown: No free bulk Massachusetts registry or original trade-license dataset is available (see unavailable sources). Organization dates are unknown, so no Massachusetts business can be marked ready.",not_ready,SBA PPP CSV (LoanNumber 1497287105) https://data.sba.gov/sites/default/files/distribution/SBA-OCA-2022-07-001/public_150k_plus_240930.csv | DOL 5500-SF 2025 ACK 20260511075928NAL0005126691001 https://askebsa.dol.gov/FOIA%20Files/2025/Latest/F_5500_SF_2025_Latest.zip,20261007T202810Z,20261007T202838Z,yes
biz-144,"ENERGY CONSTRUCTION SERVICES, INC.",,213 SOUTHBRIDGE ST,AUBURN,MA,01501,"ENERGY CONSTRUCTION SERVICES, INC.",Corporation,single loan,1,1588727101,1588727101:first draw,1588727101:222070.00,1588727101:04/10/2020,1588727101:Paid in Full,"TD Bank, National Association",1588727101:20,1065936,"1588727101 (PPP, 04/10/2020): 222,070.00 / 2.5 x 12",not_checked,,"No free bulk Massachusetts registry or original trade-license dataset is available (see unavailable sources). Organization dates are unknown, so no Massachusetts business can be marked ready.",,,,,,unknown,,,unknown,unknown,filing found,043045593-001,043045593-001:2025-01-01..2025-12-31,043045593-001:2026-03-17,043045593-001:11,11,"043045593-001 (medium): sponsor name 'ENERGY CONSTRUCTION SERVICES, INC.' matches; sponsor address corroborates (213 SOUTHBRIDGE STREET, AUBURN MA 01501)",review,"record date unknown: No free bulk Massachusetts registry or original trade-license dataset is available (see unavailable sources). Organization dates are unknown, so no Massachusetts business can be marked ready.",not_ready,SBA PPP CSV (LoanNumber 1588727101) https://data.sba.gov/sites/default/files/distribution/SBA-OCA-2022-07-001/public_150k_plus_240930.csv | DOL 5500-SF 2025 ACK 20260317113623NAL0002077569001 https://askebsa.dol.gov/FOIA%20Files/2025/Latest/F_5500_SF_2025_Latest.zip,20261007T202810Z,20261007T202838Z,yes
biz-145,"JEC SERVICE COMPANY, INC.",,110 Clematis Ave # 1,Waltham,MA,02453,"JEC SERVICE COMPANY, INC.",Corporation,single loan,1,1616407108,1616407108:first draw,1616407108:895917.50,1616407108:04/10/2020,1616407108:Paid in Full,MountainOne Bank,1616407108:13,unknown,unknown: 1616407108: implied pay per reported job reaches $100K cap,not_checked,,"No free bulk Massachusetts registry or original trade-license dataset is available (see unavailable sources). Organization dates are unknown, so no Massachusetts business can be marked ready.",,,,,,unknown,,,unknown,unknown,filing found,203564610-001,203564610-001:2025-01-01..2025-12-31,203564610-001:2026-07-24,203564610-001:13,13,203564610-001 (medium): sponsor name 'JEC SERVICE COMPANY' matches; sponsor ZIP corroborates (WALTHAM MA 02453),review,"record date unknown: No free bulk Massachusetts registry or original trade-license dataset is available (see unavailable sources). Organization dates are unknown, so no Massachusetts business can be marked ready.",not_ready,SBA PPP CSV (LoanNumber 1616407108) https://data.sba.gov/sites/default/files/distribution/SBA-OCA-2022-07-001/public_150k_plus_240930.csv | DOL 5500-SF 2025 ACK 20260724093651NAL0021590258001 https://askebsa.dol.gov/FOIA%20Files/2025/Latest/F_5500_SF_2025_Latest.zip,20261007T202810Z,20261007T202838Z,yes
biz-146,"DIAMOND MECHANICAL, INC",,723 WASHINGTON ST,WEYMOUTH,MA,02188,"DIAMOND MECHANICAL, INC",Corporation,single loan,1,1659947106,1659947106:first draw,1659947106:177700.00,1659947106:04/10/2020,1659947106:Paid in Full,HarborOne Bank,1659947106:7,unknown,unknown: 1659947106: implied pay per reported job reaches $100K cap,not_checked,,"No free bulk Massachusetts registry or original trade-license dataset is available (see unavailable sources). Organization dates are unknown, so no Massachusetts business can be marked ready.",,,,,,unknown,,,unknown,unknown,filing found,822408428-001,822408428-001:2025-01-01..2025-12-31,822408428-001:2026-04-30,822408428-001:10,10,"822408428-001 (medium): sponsor name 'DIAMOND MECHANICAL INC.' matches; sponsor address corroborates (723 WASHINGTON STREET, WEYMOUTH MA 02188)",review,"record date unknown: No free bulk Massachusetts registry or original trade-license dataset is available (see unavailable sources). Organization dates are unknown, so no Massachusetts business can be marked ready.",not_ready,SBA PPP CSV (LoanNumber 1659947106) https://data.sba.gov/sites/default/files/distribution/SBA-OCA-2022-07-001/public_150k_plus_240930.csv | DOL 5500-SF 2025 ACK 20260430120243NAL0006397459001 https://askebsa.dol.gov/FOIA%20Files/2025/Latest/F_5500_SF_2025_Latest.zip,20261007T202810Z,20261007T202838Z,yes
biz-147,THOMAS E. SNOWDEN INC.,,189 Central St,Saugus,MA,01906,"THOMAS E. SNOWDEN INC. | THOMAS E. SNOWDEN, INC.",Corporation,same legal name + same street address + ZIP,2,1698497105;7627418502,1698497105:first draw;7627418502:second draw,1698497105:399727.50;7627418502:439957.00,1698497105:04/10/2020;7627418502:03/06/2021,1698497105:Paid in Full;7627418502:Paid in Full,Eastern Bank,1698497105:19;7627418502:18,unknown,unknown: 1698497105: implied pay per reported job reaches $100K cap,not_checked,,"No free bulk Massachusetts registry or original trade-license dataset is available (see unavailable sources). Organization dates are unknown, so no Massachusetts business can be marked ready.",,,,,,unknown,,,unknown,unknown,unknown (no matched retirement-plan filing in searched years),,,,,unknown,,review,"record date unknown: No free bulk Massachusetts registry or original trade-license dataset is available (see unavailable sources). Organization dates are unknown, so no Massachusetts business can be marked ready.",not_ready,SBA PPP CSV (LoanNumber 1698497105;7627418502) https://data.sba.gov/sites/default/files/distribution/SBA-OCA-2022-07-001/public_150k_plus_240930.csv,20261007T202810Z,20261007T202838Z,yes
biz-148,"YANKEE SPRINKLER CO., INC.",,612 PLYMOUTH ST,EAST BRIDGEWATER,MA,02333,"YANKEE SPRINKLER CO., INC.",Corporation,single loan,1,1781037108,1781037108:first draw,1781037108:578304.00,1781037108:04/10/2020,1781037108:Paid in Full,Eastern Bank,1781037108:38,unknown,unknown: 1781037108: current amount differs from initial approval,not_checked,,"No free bulk Massachusetts registry or original trade-license dataset is available (see unavailable sources). Organization dates are unknown, so no Massachusetts business can be marked ready.",,,,,,unknown,,,unknown,unknown,unknown (no matched retirement-plan filing in searched years),,,,,unknown,,review,"record date unknown: No free bulk Massachusetts registry or original trade-license dataset is available (see unavailable sources). Organization dates are unknown, so no Massachusetts business can be marked ready.",not_ready,SBA PPP CSV (LoanNumber 1781037108) https://data.sba.gov/sites/default/files/distribution/SBA-OCA-2022-07-001/public_150k_plus_240930.csv,20261007T202810Z,20261007T202838Z,yes
biz-149,"CITY POINT FIRE PROTECTION, INC.",,10 COMMERCE RD,ROCKLAND,MA,02370,"CITY POINT FIRE PROTECTION, INC.",Corporation,single loan,1,1823887104,1823887104:first draw,1823887104:740200.00,1823887104:04/10/2020,1823887104:Paid in Full,Bluestone Bank,1823887104:25,unknown,unknown: 1823887104: implied pay per reported job reaches $100K cap,not_checked,,"No free bulk Massachusetts registry or original trade-license dataset is available (see unavailable sources). Organization dates are unknown, so no Massachusetts business can be marked ready.",,,,,,unknown,,,unknown,unknown,unknown (no matched retirement-plan filing in searched years),,,,,unknown,,review,"record date unknown: No free bulk Massachusetts registry or original trade-license dataset is available (see unavailable sources). Organization dates are unknown, so no Massachusetts business can be marked ready.",not_ready,SBA PPP CSV (LoanNumber 1823887104) https://data.sba.gov/sites/default/files/distribution/SBA-OCA-2022-07-001/public_150k_plus_240930.csv,20261007T202810Z,20261007T202838Z,yes
biz-150,"MONIQUE'S BATH SHOWROOM, INC",,123 N Beacon Street,WATERTOWN,MA,02472,"MONIQUE'S BATH SHOWROOM, INC",Corporation,single loan,1,1901357105,1901357105:first draw,1901357105:194472.00,1901357105:04/10/2020,1901357105:Paid in Full,Watertown Savings Bank,1901357105:16,933466,"1901357105 (PPP, 04/10/2020): 194,472.00 / 2.5 x 12",not_checked,,"No free bulk Massachusetts registry or original trade-license dataset is available (see unavailable sources). Organization dates are unknown, so no Massachusetts business can be marked ready.",,,,,,unknown,,,unknown,unknown,filing found,042722496-001,042722496-001:2025-01-01..2025-12-31,042722496-001:2026-07-06,042722496-001:14,14,"042722496-001 (medium): sponsor name 'MONIQUES BATH SHOWROOM, INC.' matches; sponsor address corroborates (123 N. BEACON STREET, WATERTOWN MA 02472)",review,"record date unknown: No free bulk Massachusetts registry or original trade-license dataset is available (see unavailable sources). Organization dates are unknown, so no Massachusetts business can be marked ready.",not_ready,SBA PPP CSV (LoanNumber 1901357105) https://data.sba.gov/sites/default/files/distribution/SBA-OCA-2022-07-001/public_150k_plus_240930.csv | DOL 5500-SF 2025 ACK 20260706215923NAL0018456193001 https://askebsa.dol.gov/FOIA%20Files/2025/Latest/F_5500_SF_2025_Latest.zip,20261007T202810Z,20261007T202838Z,yes
biz-151,DARCY CO INC (THE),,44 CLEMENTE ST,HOLYOKE,MA,01040,DARCY CO INC (THE),Corporation,single loan,1,1957727108,1957727108:first draw,1957727108:589572.00,1957727108:04/10/2020,1957727108:Paid in Full,Manufacturers and Traders Trust Company,1957727108:52,2829946,"1957727108 (PPP, 04/10/2020): 589,572.00 / 2.5 x 12",not_checked,,"No free bulk Massachusetts registry or original trade-license dataset is available (see unavailable sources). Organization dates are unknown, so no Massachusetts business can be marked ready.",,,,,,unknown,,,unknown,unknown,unknown (no matched retirement-plan filing in searched years),,,,,unknown,,review,"record date unknown: No free bulk Massachusetts registry or original trade-license dataset is available (see unavailable sources). Organization dates are unknown, so no Massachusetts business can be marked ready.",not_ready,SBA PPP CSV (LoanNumber 1957727108) https://data.sba.gov/sites/default/files/distribution/SBA-OCA-2022-07-001/public_150k_plus_240930.csv,20261007T202810Z,20261007T202838Z,yes
biz-152,SOLAR ON EARTH INC,,11 WILLOW RD,AYER,MA,01432,SOLAR ON EARTH INC,Corporation,single loan,1,1982707104,1982707104:first draw,1982707104:273600.00,1982707104:04/10/2020,1982707104:Paid in Full,Avidia Bank,1982707104:25,1313280,"1982707104 (PPP, 04/10/2020): 273,600.00 / 2.5 x 12",not_checked,,"No free bulk Massachusetts registry or original trade-license dataset is available (see unavailable sources). Organization dates are unknown, so no Massachusetts business can be marked ready.",,,,,,unknown,,,unknown,unknown,unknown (no matched retirement-plan filing in searched years),,,,,unknown,,review,"record date unknown: No free bulk Massachusetts registry or original trade-license dataset is available (see unavailable sources). Organization dates are unknown, so no Massachusetts business can be marked ready.",not_ready,SBA PPP CSV (LoanNumber 1982707104) https://data.sba.gov/sites/default/files/distribution/SBA-OCA-2022-07-001/public_150k_plus_240930.csv,20261007T202810Z,20261007T202838Z,yes
biz-153,ADVANCE AIR & HEAT COMPANY INC,,177 BULLOCK RD,EAST FREETOWN,MA,02717,ADVANCE AIR & HEAT COMPANY INC,Corporation,single loan,1,2010297101,2010297101:first draw,2010297101:383200.00,2010297101:04/10/2020,2010297101:Paid in Full,Bristol County Savings Bank,2010297101:27,1839360,"2010297101 (PPP, 04/10/2020): 383,200.00 / 2.5 x 12",not_checked,,"No free bulk Massachusetts registry or original trade-license dataset is available (see unavailable sources). Organization dates are unknown, so no Massachusetts business can be marked ready.",,,,,,unknown,,,unknown,unknown,unknown (no matched retirement-plan filing in searched years),,,,,unknown,,review,"record date unknown: No free bulk Massachusetts registry or original trade-license dataset is available (see unavailable sources). Organization dates are unknown, so no Massachusetts business can be marked ready.",not_ready,SBA PPP CSV (LoanNumber 2010297101) https://data.sba.gov/sites/default/files/distribution/SBA-OCA-2022-07-001/public_150k_plus_240930.csv,20261007T202810Z,20261007T202838Z,yes
biz-154,FOUR SEASONS HEATING & COOLING INC.,,134 E Housatonic St,Dalton,MA,01226,"FOUR SEASONS HEATING & COOLING INC. | FOUR SEASONS HEATING & COOLING, INC.",Corporation,same legal name + same street address + ZIP,2,2013007101;3977448502,2013007101:first draw;3977448502:second draw,2013007101:479400.00;3977448502:598540.00,2013007101:04/10/2020;3977448502:02/24/2021,2013007101:Paid in Full;3977448502:Paid in Full,Berkshire Bank | Northeast Bank,2013007101:36;3977448502:36,2872992,"3977448502 (PPS, 02/24/2021): 598,540.00 / 2.5 x 12",not_checked,,"No free bulk Massachusetts registry or original trade-license dataset is available (see unavailable sources). Organization dates are unknown, so no Massachusetts business can be marked ready.",,,,,,unknown,,,unknown,unknown,unknown (no matched retirement-plan filing in searched years),,,,,unknown,,review,"record date unknown: No free bulk Massachusetts registry or original trade-license dataset is available (see unavailable sources). Organization dates are unknown, so no Massachusetts business can be marked ready.",not_ready,SBA PPP CSV (LoanNumber 2013007101;3977448502) https://data.sba.gov/sites/default/files/distribution/SBA-OCA-2022-07-001/public_150k_plus_240930.csv,20261007T202810Z,20261007T202838Z,yes
biz-155,CHAVES HEATING & AIR CONDITIONING INC,,15 BONAZZOLI AVE,HUDSON,MA,01749,CHAVES HEATING & AIR CONDITIONING INC,Subchapter S Corporation,single loan,1,2050287103,2050287103:first draw,2050287103:376000.00,2050287103:04/10/2020,2050287103:Paid in Full,Avidia Bank,2050287103:28,1804800,"2050287103 (PPP, 04/10/2020): 376,000.00 / 2.5 x 12",not_checked,,"No free bulk Massachusetts registry or original trade-license dataset is available (see unavailable sources). Organization dates are unknown, so no Massachusetts business can be marked ready.",,,,,,unknown,,,unknown,unknown,unknown (no matched retirement-plan filing in searched years),,,,,unknown,,review,"record date unknown: No free bulk Massachusetts registry or original trade-license dataset is available (see unavailable sources). Organization dates are unknown, so no Massachusetts business can be marked ready.",not_ready,SBA PPP CSV (LoanNumber 2050287103) https://data.sba.gov/sites/default/files/distribution/SBA-OCA-2022-07-001/public_150k_plus_240930.csv,20261007T202810Z,20261007T202838Z,yes
biz-156,INDUSTRIAL BURNER SYSTEMS INC,,61 COPELAND ST,QUINCY,MA,02169,INDUSTRIAL BURNER SYSTEMS INC,Corporation,single loan,1,2081877106,2081877106:first draw,2081877106:294100.00,2081877106:04/10/2020,2081877106:Paid in Full,South Shore Bank,2081877106:13,unknown,unknown: 2081877106: implied pay per reported job reaches $100K cap,not_checked,,"No free bulk Massachusetts registry or original trade-license dataset is available (see unavailable sources). Organization dates are unknown, so no Massachusetts business can be marked ready.",,,,,,unknown,,,unknown,unknown,filing found,042467993-001,042467993-001:2025-01-01..2025-12-31,042467993-001:2026-04-02,042467993-001:16,16,"042467993-001 (medium): sponsor name 'INDUSTRIAL BURNER SYSTEMS, INC.' / DBA 'NC.' matches; sponsor address corroborates (61 COPELAND STREET, QUINCY MA 02169)",review,"record date unknown: No free bulk Massachusetts registry or original trade-license dataset is available (see unavailable sources). Organization dates are unknown, so no Massachusetts business can be marked ready.",not_ready,SBA PPP CSV (LoanNumber 2081877106) https://data.sba.gov/sites/default/files/distribution/SBA-OCA-2022-07-001/public_150k_plus_240930.csv | DOL 5500-SF 2025 ACK 20260402140224NAL0001197107001 https://askebsa.dol.gov/FOIA%20Files/2025/Latest/F_5500_SF_2025_Latest.zip,20261007T202810Z,20261007T202838Z,yes
biz-157,HURLEY & DAVID INC,,90 FISK AVE,SPRINGFIELD,MA,01107,HURLEY & DAVID INC,Corporation,single loan,1,2116357104,2116357104:first draw,2116357104:625606.10,2116357104:04/10/2020,2116357104:Paid in Full,Westfield Bank,2116357104:43,3002909,"2116357104 (PPP, 04/10/2020): 625,606.10 / 2.5 x 12",not_checked,,"No free bulk Massachusetts registry or original trade-license dataset is available (see unavailable sources). Organization dates are unknown, so no Massachusetts business can be marked ready.",,,,,,unknown,,,unknown,unknown,unknown (no matched retirement-plan filing in searched years),,,,,unknown,,review,"record date unknown: No free bulk Massachusetts registry or original trade-license dataset is available (see unavailable sources). Organization dates are unknown, so no Massachusetts business can be marked ready.",not_ready,SBA PPP CSV (LoanNumber 2116357104) https://data.sba.gov/sites/default/files/distribution/SBA-OCA-2022-07-001/public_150k_plus_240930.csv,20261007T202810Z,20261007T202838Z,yes
biz-158,HILLIS CORP,,555 WOBURN ST,TEWKSBURY,MA,01876,HILLIS CORP,Subchapter S Corporation,single loan,1,2185457103,2185457103:first draw,2185457103:623100.00,2185457103:04/10/2020,2185457103:Paid in Full,Enterprise Bank and Trust Company,2185457103:53,2990880,"2185457103 (PPP, 04/10/2020): 623,100.00 / 2.5 x 12",not_checked,,"No free bulk Massachusetts registry or original trade-license dataset is available (see unavailable sources). Organization dates are unknown, so no Massachusetts business can be marked ready.",,,,,,unknown,,,unknown,unknown,unknown (no matched retirement-plan filing in searched years),,,,,unknown,,review,"record date unknown: No free bulk Massachusetts registry or original trade-license dataset is available (see unavailable sources). Organization dates are unknown, so no Massachusetts business can be marked ready.",not_ready,SBA PPP CSV (LoanNumber 2185457103) https://data.sba.gov/sites/default/files/distribution/SBA-OCA-2022-07-001/public_150k_plus_240930.csv,20261007T202810Z,20261007T202838Z,yes
biz-159,"DJ PLUMBING & HEATING, INC.",,67 IPSWICH RD,BOXFORD,MA,01921,"DJ PLUMBING & HEATING, INC.",Corporation,single loan,1,2226997109,2226997109:first draw,2226997109:284215.00,2226997109:04/10/2020,2226997109:Paid in Full,"North Shore Bank, a Co-operative Bank",2226997109:15,1364232,"2226997109 (PPP, 04/10/2020): 284,215.00 / 2.5 x 12",not_checked,,"No free bulk Massachusetts registry or original trade-license dataset is available (see unavailable sources). Organization dates are unknown, so no Massachusetts business can be marked ready.",,,,,,unknown,,,unknown,unknown,unknown (no matched retirement-plan filing in searched years),,,,,unknown,,review,"record date unknown: No free bulk Massachusetts registry or original trade-license dataset is available (see unavailable sources). Organization dates are unknown, so no Massachusetts business can be marked ready.",not_ready,SBA PPP CSV (LoanNumber 2226997109) https://data.sba.gov/sites/default/files/distribution/SBA-OCA-2022-07-001/public_150k_plus_240930.csv,20261007T202810Z,20261007T202838Z,yes
biz-160,CLIMATE HEATING AND COOLING INC.,,146 Hubbard Ave,Pittsfield,MA,01201,"CLIMATE HEATING AND COOLING INC. | CLIMATE HEATING AND COOLING, INC.",Corporation,same legal name + same street address + ZIP,2,2447467107;3021818501,2447467107:first draw;3021818501:second draw,2447467107:659700.00;3021818501:659700.00,2447467107:04/10/2020;3021818501:02/22/2021,2447467107:Paid in Full;3021818501:Paid in Full,Berkshire Bank | Northeast Bank,2447467107:52;3021818501:52,3166560,"3021818501 (PPS, 02/22/2021): 659,700.00 / 2.5 x 12",not_checked,,"No free bulk Massachusetts registry or original trade-license dataset is available (see unavailable sources). Organization dates are unknown, so no Massachusetts business can be marked ready.",,,,,,unknown,,,unknown,unknown,unknown (no matched retirement-plan filing in searched years),,,,,unknown,,review,"record date unknown: No free bulk Massachusetts registry or original trade-license dataset is available (see unavailable sources). Organization dates are unknown, so no Massachusetts business can be marked ready.",not_ready,SBA PPP CSV (LoanNumber 2447467107;3021818501) https://data.sba.gov/sites/default/files/distribution/SBA-OCA-2022-07-001/public_150k_plus_240930.csv,20261007T202810Z,20261007T202838Z,yes
biz-161,COASTAL PLUMBING AND HEATING LLC,,21 Fruean Way Unit L,South Yarmouth,MA,02664,COASTAL PLUMBING AND HEATING LLC,Limited  Liability Company(LLC),same legal name + same ZIP (street spelling differs),2,2474797107;2842338306,2474797107:first draw;2842338306:second draw,2474797107:349200.00;2842338306:349262.87,2474797107:04/10/2020;2842338306:01/21/2021,2474797107:Paid in Full;2842338306:Paid in Full,The Cooperative Bank of Cape Cod,2474797107:29;2842338306:28,unknown,unknown: 2474797107: business type 'Limited  Liability Company(LLC)' may use owner income/SE basis,not_checked,,"No free bulk Massachusetts registry or original trade-license dataset is available (see unavailable sources). Organization dates are unknown, so no Massachusetts business can be marked ready.",,,,,,unknown,,,unknown,unknown,filing found,814845772-002,814845772-002:2025-01-01..2025-12-31,814845772-002:2026-09-04,814845772-002:58,58,"814845772-002 (medium): sponsor name 'COASTAL PLUMBING AND HEATING, LLC' matches; sponsor ZIP corroborates (SOUTH YARMOUTH MA 02664)",review,"record date unknown: No free bulk Massachusetts registry or original trade-license dataset is available (see unavailable sources). Organization dates are unknown, so no Massachusetts business can be marked ready.",not_ready,SBA PPP CSV (LoanNumber 2474797107;2842338306) https://data.sba.gov/sites/default/files/distribution/SBA-OCA-2022-07-001/public_150k_plus_240930.csv | DOL 5500-SF 2025 ACK 20260904121351NAL0013779824002 https://askebsa.dol.gov/FOIA%20Files/2025/Latest/F_5500_SF_2025_Latest.zip,20261007T202810Z,20261007T202838Z,yes
biz-162,T. SULLIVAN MECHANICAL INC.,,1102 Hanover St Unit 1,Hanover,MA,02339,T. SULLIVAN MECHANICAL INC | T. SULLIVAN MECHANICAL INC.,Corporation,same legal name + same street address + ZIP,2,2527607101;6534078307,2527607101:first draw;6534078307:second draw,2527607101:214700.00;6534078307:214742.00,2527607101:04/10/2020;6534078307:01/27/2021,2527607101:Paid in Full;6534078307:Paid in Full,South Shore Bank,2527607101:17;6534078307:9,1030560,"2527607101 (PPP, 04/10/2020): 214,700.00 / 2.5 x 12",not_checked,,"No free bulk Massachusetts registry or original trade-license dataset is available (see unavailable sources). Organization dates are unknown, so no Massachusetts business can be marked ready.",,,,,,unknown,,,unknown,unknown,unknown (no matched retirement-plan filing in searched years),,,,,unknown,,review,"record date unknown: No free bulk Massachusetts registry or original trade-license dataset is available (see unavailable sources). Organization dates are unknown, so no Massachusetts business can be marked ready.",not_ready,SBA PPP CSV (LoanNumber 2527607101;6534078307) https://data.sba.gov/sites/default/files/distribution/SBA-OCA-2022-07-001/public_150k_plus_240930.csv,20261007T202810Z,20261007T202838Z,yes
biz-163,"GERVAIS MECHANICAL SERVICES, LLC",,317 SOUTHBRIDGE ST,AUBURN,MA,01501,"GERVAIS MECHANICAL SERVICES, LLC",Limited  Liability Company(LLC),single loan,1,2692557103,2692557103:first draw,2692557103:275600.00,2692557103:04/11/2020,2692557103:Paid in Full,Avidia Bank,2692557103:24,unknown,unknown: 2692557103: business type 'Limited  Liability Company(LLC)' may use owner income/SE basis,not_checked,,"No free bulk Massachusetts registry or original trade-license dataset is available (see unavailable sources). Organization dates are unknown, so no Massachusetts business can be marked ready.",,,,,,unknown,,,unknown,unknown,filing found,843163540-002,843163540-002:2024-01-01..2024-12-31,843163540-002:2025-09-25,843163540-002:0,0,"843163540-002 (medium): sponsor name 'GERVAIS MECHANICAL SERVICES, LLC' matches; sponsor ZIP corroborates (AUBURN MA 01501)",review,"record date unknown: No free bulk Massachusetts registry or original trade-license dataset is available (see unavailable sources). Organization dates are unknown, so no Massachusetts business can be marked ready.",not_ready,SBA PPP CSV (LoanNumber 2692557103) https://data.sba.gov/sites/default/files/distribution/SBA-OCA-2022-07-001/public_150k_plus_240930.csv | DOL 5500-SF 2024 ACK 20250925080932NAL0008302801001 https://askebsa.dol.gov/FOIA%20Files/2024/Latest/F_5500_SF_2024_Latest.zip,20261007T202810Z,20261007T202838Z,yes
biz-164,CARL F RIEDELL & SON INC,,778 MAIN ST,OSTERVILLE,MA,02655,CARL F RIEDELL & SON INC,Corporation,single loan,1,2700037101,2700037101:first draw,2700037101:600000.00,2700037101:04/11/2020,2700037101:Paid in Full,Rockland Trust Company,2700037101:45,2880000,"2700037101 (PPP, 04/11/2020): 600,000.00 / 2.5 x 12",not_checked,,"No free bulk Massachusetts registry or original trade-license dataset is available (see unavailable sources). Organization dates are unknown, so no Massachusetts business can be marked ready.",,,,,,unknown,,,unknown,unknown,filing found,042459660-002,042459660-002:2025-01-01..2025-12-31,042459660-002:2026-06-03,042459660-002:33,33,"042459660-002 (medium): sponsor name 'CARL F. RIEDELL & SON, INC.' matches; sponsor address corroborates (778 MAIN STREET, OSTERVILLE MA 02655)",review,"record date unknown: No free bulk Massachusetts registry or original trade-license dataset is available (see unavailable sources). Organization dates are unknown, so no Massachusetts business can be marked ready.",not_ready,SBA PPP CSV (LoanNumber 2700037101) https://data.sba.gov/sites/default/files/distribution/SBA-OCA-2022-07-001/public_150k_plus_240930.csv | DOL 5500-SF 2025 ACK 20260603095421NAL0001902161001 https://askebsa.dol.gov/FOIA%20Files/2025/Latest/F_5500_SF_2025_Latest.zip,20261007T202810Z,20261007T202838Z,yes
biz-165,"UNITED APPLIANCE CENTER, INC.",,422A BOSTON ST,TOPSFIELD,MA,01983,"UNITED APPLIANCE CENTER, INC.",Corporation,single loan,1,2742417106,2742417106:first draw,2742417106:159200.00,2742417106:04/11/2020,2742417106:Paid in Full,Salem Five Cents Savings Bank,2742417106:9,764160,"2742417106 (PPP, 04/11/2020): 159,200.00 / 2.5 x 12",not_checked,,"No free bulk Massachusetts registry or original trade-license dataset is available (see unavailable sources). Organization dates are unknown, so no Massachusetts business can be marked ready.",,,,,,unknown,,,unknown,unknown,unknown (no matched retirement-plan filing in searched years),,,,,unknown,,review,"record date unknown: No free bulk Massachusetts registry or original trade-license dataset is available (see unavailable sources). Organization dates are unknown, so no Massachusetts business can be marked ready.",not_ready,SBA PPP CSV (LoanNumber 2742417106) https://data.sba.gov/sites/default/files/distribution/SBA-OCA-2022-07-001/public_150k_plus_240930.csv,20261007T202810Z,20261007T202838Z,yes
biz-166,"NORTHEAST MECHANICAL SOLUTIONS, INC.",,12 COMMERCE ROAD,SHREWSBURY,MA,01545,"NORTHEAST MECHANICAL SOLUTIONS, INC.",Subchapter S Corporation,single loan,1,2748597104,2748597104:first draw,2748597104:204400.00,2748597104:04/11/2020,2748597104:Paid in Full,Berkshire Bank,2748597104:20,unknown,unknown: 2748597104: current amount differs from initial approval,not_checked,,"No free bulk Massachusetts registry or original trade-license dataset is available (see unavailable sources). Organization dates are unknown, so no Massachusetts business can be marked ready.",,,,,,unknown,,,unknown,unknown,filing found,272857490-001,272857490-001:2025-01-01..2025-12-31,272857490-001:2026-07-08,272857490-001:16,16,272857490-001 (medium): sponsor name 'NORTHEAST MECHANICAL SOLUTIONS' matches; sponsor ZIP corroborates (SHREWSBURY MA 015454291),review,"record date unknown: No free bulk Massachusetts registry or original trade-license dataset is available (see unavailable sources). Organization dates are unknown, so no Massachusetts business can be marked ready.",not_ready,SBA PPP CSV (LoanNumber 2748597104) https://data.sba.gov/sites/default/files/distribution/SBA-OCA-2022-07-001/public_150k_plus_240930.csv | DOL 5500-SF 2025 ACK 20260708061412NAL0016078819001 https://askebsa.dol.gov/FOIA%20Files/2025/Latest/F_5500_SF_2025_Latest.zip,20261007T202810Z,20261007T202838Z,yes
biz-167,"DILLON BOILER SERVICES CO., INC.",,380 CRAWFORD ST,FITCHBURG,MA,01420,"DILLON BOILER SERVICES CO., INC.",Corporation,single loan,1,2772967108,2772967108:first draw,2772967108:390000.00,2772967108:04/11/2020,2772967108:Paid in Full,"TD Bank, National Association",2772967108:20,1872000,"2772967108 (PPP, 04/11/2020): 390,000.00 / 2.5 x 12",not_checked,,"No free bulk Massachusetts registry or original trade-license dataset is available (see unavailable sources). Organization dates are unknown, so no Massachusetts business can be marked ready.",,,,,,unknown,,,unknown,unknown,filing found,042926200-001,042926200-001:2025-01-01..2025-12-31,042926200-001:2026-02-27,042926200-001:14,14,"042926200-001 (medium): sponsor name 'DILLON BOILER SERVICES CO., INC.' matches; sponsor address corroborates (380 CRAWFORD STREET, FITCHBURG MA 01420)",review,"record date unknown: No free bulk Massachusetts registry or original trade-license dataset is available (see unavailable sources). Organization dates are unknown, so no Massachusetts business can be marked ready.",not_ready,SBA PPP CSV (LoanNumber 2772967108) https://data.sba.gov/sites/default/files/distribution/SBA-OCA-2022-07-001/public_150k_plus_240930.csv | DOL 5500-SF 2025 ACK 20260227073359NAL0000095043001 https://askebsa.dol.gov/FOIA%20Files/2025/Latest/F_5500_SF_2025_Latest.zip,20261007T202810Z,20261007T202838Z,yes
biz-168,HIM MECHANICAL SYSTEMS INC,,90 1st St,Bridgewater,MA,02324,"H.I.M. MECHANICAL SYSTEMS, INC. | HIM MECHANICAL SYSTEMS INC",Corporation,same legal name + same street address + ZIP,2,2792577106;4020038310,2792577106:first draw;4020038310:second draw,2792577106:236700.00;4020038310:236782.50,2792577106:04/11/2020;4020038310:01/22/2021,2792577106:Paid in Full;4020038310:Paid in Full,Bristol County Savings Bank,2792577106:12;4020038310:18,1136160,"2792577106 (PPP, 04/11/2020): 236,700.00 / 2.5 x 12",not_checked,,"No free bulk Massachusetts registry or original trade-license dataset is available (see unavailable sources). Organization dates are unknown, so no Massachusetts business can be marked ready.",,,,,,unknown,,,unknown,unknown,filing found,042653581-001,042653581-001:2025-01-01..2025-12-31,042653581-001:2026-04-16,042653581-001:18,18,"042653581-001 (medium): sponsor name 'HIM MECHANICAL SYSTEMS, INC.' matches; sponsor ZIP corroborates (BRIDGEWATER MA 023241054)",review,"record date unknown: No free bulk Massachusetts registry or original trade-license dataset is available (see unavailable sources). Organization dates are unknown, so no Massachusetts business can be marked ready.",not_ready,SBA PPP CSV (LoanNumber 2792577106;4020038310) https://data.sba.gov/sites/default/files/distribution/SBA-OCA-2022-07-001/public_150k_plus_240930.csv | DOL 5500-SF 2025 ACK 20260416124550NAL0018175873001 https://askebsa.dol.gov/FOIA%20Files/2025/Latest/F_5500_SF_2025_Latest.zip,20261007T202810Z,20261007T202838Z,yes
biz-169,AIR CONTROL SYSTEMS INC.,,19 Rantoule St N/A,Weymouth,MA,02190,"AIR CONTROL SYSTEMS INC. | AIR CONTROL SYSTEMS, INC.",Corporation,same legal name + same ZIP (street spelling differs),2,2858177108;2552688504,2858177108:first draw;2552688504:second draw,2858177108:439681.00;2552688504:408518.00,2858177108:04/11/2020;2552688504:02/20/2021,2858177108:Paid in Full;2552688504:Paid in Full,Customers Bank,2858177108:39;2552688504:35,1960886,"2552688504 (PPS, 02/20/2021): 408,518.00 / 2.5 x 12",not_checked,,"No free bulk Massachusetts registry or original trade-license dataset is available (see unavailable sources). Organization dates are unknown, so no Massachusetts business can be marked ready.",,,,,,unknown,,,unknown,unknown,filing found,814961531-001,814961531-001:2024-01-01..2024-12-31,814961531-001:2025-06-24,814961531-001:22,22,"814961531-001 (medium): sponsor name 'AIR CONTROL SYSTEMS INC' matches; sponsor address corroborates (19 RANTOULE ST, WEYMOUTH MA 02190)",review,"record date unknown: No free bulk Massachusetts registry or original trade-license dataset is available (see unavailable sources). Organization dates are unknown, so no Massachusetts business can be marked ready.",not_ready,SBA PPP CSV (LoanNumber 2858177108;2552688504) https://data.sba.gov/sites/default/files/distribution/SBA-OCA-2022-07-001/public_150k_plus_240930.csv | DOL 5500-SF 2024 ACK 20250624155223NAL0010598384001 https://askebsa.dol.gov/FOIA%20Files/2024/Latest/F_5500_SF_2024_Latest.zip,20261007T202810Z,20261007T202838Z,yes
biz-170,DIVISION 15 HVAC INC,,"300 Oak St, Suite 930",PEMBROKE,MA,02359,DIVISION 15 HVAC INC,Corporation,single loan,1,2860187110,2860187110:first draw,2860187110:544785.00,2860187110:04/11/2020,2860187110:Paid in Full,Rockland Trust Company,2860187110:32,2614968,"2860187110 (PPP, 04/11/2020): 544,785.00 / 2.5 x 12",not_checked,,"No free bulk Massachusetts registry or original trade-license dataset is available (see unavailable sources). Organization dates are unknown, so no Massachusetts business can be marked ready.",,,,,,unknown,,,unknown,unknown,filing found,264003318-001,264003318-001:2025-01-01..2025-12-31,264003318-001:2026-06-01,264003318-001:44,44,"264003318-001 (medium): sponsor name 'DIVISION 15 HVAC INC.' matches; sponsor address corroborates (300 OAK STREET, SUITE 930, PEMBROKE MA 02359)",review,"record date unknown: No free bulk Massachusetts registry or original trade-license dataset is available (see unavailable sources). Organization dates are unknown, so no Massachusetts business can be marked ready.",not_ready,SBA PPP CSV (LoanNumber 2860187110) https://data.sba.gov/sites/default/files/distribution/SBA-OCA-2022-07-001/public_150k_plus_240930.csv | DOL 5500-SF 2025 ACK 20260601062646NAL0022442930001 https://askebsa.dol.gov/FOIA%20Files/2025/Latest/F_5500_SF_2025_Latest.zip,20261007T202810Z,20261007T202838Z,yes
biz-171,SMART LLC,,160 2ND ST,CHELSEA,MA,02150,SMART LLC,Limited  Liability Company(LLC),single loan,1,3040457107,3040457107:first draw,3040457107:237000.00,3040457107:04/11/2020,3040457107:Paid in Full,Eastern Bank,3040457107:12,unknown,unknown: 3040457107: business type 'Limited  Liability Company(LLC)' may use owner income/SE basis,not_checked,,"No free bulk Massachusetts registry or original trade-license dataset is available (see unavailable sources). Organization dates are unknown, so no Massachusetts business can be marked ready.",,,,,,unknown,,,unknown,unknown,filing found,300269003-001,300269003-001:2025-01-01..2025-12-31,300269003-001:2026-04-21,300269003-001:10,10,"300269003-001 (medium): sponsor name 'SMART, LLC' matches; sponsor ZIP corroborates (CHELSEA MA 02150)",review,"record date unknown: No free bulk Massachusetts registry or original trade-license dataset is available (see unavailable sources). Organization dates are unknown, so no Massachusetts business can be marked ready.",not_ready,SBA PPP CSV (LoanNumber 3040457107) https://data.sba.gov/sites/default/files/distribution/SBA-OCA-2022-07-001/public_150k_plus_240930.csv | DOL 5500-SF 2025 ACK 20260421114237NAL0001336515001 https://askebsa.dol.gov/FOIA%20Files/2025/Latest/F_5500_SF_2025_Latest.zip,20261007T202810Z,20261007T202838Z,yes
biz-172,TOTAL TEMP INC,,22 Cambridge St,Middleboro,MA,02346,TOTAL TEMP INC | TOTAL TEMP. INC.,Corporation,same legal name + same street address + ZIP,2,3041397104;9184848403,3041397104:first draw;9184848403:second draw,3041397104:150000.00;9184848403:150000.00,3041397104:04/11/2020;9184848403:02/16/2021,3041397104:Paid in Full;9184848403:Paid in Full,Eastern Bank,3041397104:12;9184848403:10,720000,"3041397104 (PPP, 04/11/2020): 150,000.00 / 2.5 x 12",not_checked,,"No free bulk Massachusetts registry or original trade-license dataset is available (see unavailable sources). Organization dates are unknown, so no Massachusetts business can be marked ready.",,,,,,unknown,,,unknown,unknown,unknown (no matched retirement-plan filing in searched years),,,,,unknown,,review,"record date unknown: No free bulk Massachusetts registry or original trade-license dataset is available (see unavailable sources). Organization dates are unknown, so no Massachusetts business can be marked ready.",not_ready,SBA PPP CSV (LoanNumber 3041397104;9184848403) https://data.sba.gov/sites/default/files/distribution/SBA-OCA-2022-07-001/public_150k_plus_240930.csv,20261007T202810Z,20261007T202838Z,yes
biz-173,A FAGUNDES PLUMBING & HEATING INC.,,225 STEDMAN ST Unit 16,LOWELL,MA,01851,A FAGUNDES PLUMBING & HEATING INC.,Corporation,single loan,1,3103217103,3103217103:first draw,3103217103:242500.00,3103217103:04/11/2020,3103217103:Paid in Full,Enterprise Bank and Trust Company,3103217103:25,1164000,"3103217103 (PPP, 04/11/2020): 242,500.00 / 2.5 x 12",not_checked,,"No free bulk Massachusetts registry or original trade-license dataset is available (see unavailable sources). Organization dates are unknown, so no Massachusetts business can be marked ready.",,,,,,unknown,,,unknown,unknown,unknown (no matched retirement-plan filing in searched years),,,,,unknown,,review,"record date unknown: No free bulk Massachusetts registry or original trade-license dataset is available (see unavailable sources). Organization dates are unknown, so no Massachusetts business can be marked ready.",not_ready,SBA PPP CSV (LoanNumber 3103217103) https://data.sba.gov/sites/default/files/distribution/SBA-OCA-2022-07-001/public_150k_plus_240930.csv,20261007T202810Z,20261007T202838Z,yes
biz-174,HOLDEN MECHANICAL CONTRACTORS INC.,,255 Brooks St,Worcester,MA,01606,"HOLDEN MECHANICAL CONTRACTORS INC. | HOLDEN MECHANICAL CONTRACTORS, INC.",Subchapter S Corporation,same legal name + same street address + ZIP,2,3188017100;5306178600,3188017100:first draw;5306178600:second draw,3188017100:277800.00;5306178600:224850.00,3188017100:04/11/2020;5306178600:03/20/2021,3188017100:Paid in Full;5306178600:Paid in Full,Clinton Savings Bank,3188017100:13;5306178600:14,1079280,"5306178600 (PPS, 03/20/2021): 224,850.00 / 2.5 x 12",not_checked,,"No free bulk Massachusetts registry or original trade-license dataset is available (see unavailable sources). Organization dates are unknown, so no Massachusetts business can be marked ready.",,,,,,unknown,,,unknown,unknown,unknown (no matched retirement-plan filing in searched years),,,,,unknown,,review,"record date unknown: No free bulk Massachusetts registry or original trade-license dataset is available (see unavailable sources). Organization dates are unknown, so no Massachusetts business can be marked ready.",not_ready,SBA PPP CSV (LoanNumber 3188017100;5306178600) https://data.sba.gov/sites/default/files/distribution/SBA-OCA-2022-07-001/public_150k_plus_240930.csv,20261007T202810Z,20261007T202838Z,yes
biz-175,BRIGGS MECHANICAL INC.,,149 Chestnut St,North Attleboro,MA,02760,"BRIGGS MECHANICAL INC. | BRIGGS MECHANICAL, INC.",Corporation,same legal name + same street address + ZIP,2,3262377102;3811618505,3262377102:first draw;3811618505:second draw,3262377102:259900.00;3811618505:231085.00,3262377102:04/11/2020;3811618505:02/24/2021,3262377102:Paid in Full;3811618505:Paid in Full,Bristol County Savings Bank,3262377102:20;3811618505:16,1247520,"3262377102 (PPP, 04/11/2020): 259,900.00 / 2.5 x 12",not_checked,,"No free bulk Massachusetts registry or original trade-license dataset is available (see unavailable sources). Organization dates are unknown, so no Massachusetts business can be marked ready.",,,,,,unknown,,,unknown,unknown,unknown (no matched retirement-plan filing in searched years),,,,,unknown,,review,"record date unknown: No free bulk Massachusetts registry or original trade-license dataset is available (see unavailable sources). Organization dates are unknown, so no Massachusetts business can be marked ready.",not_ready,SBA PPP CSV (LoanNumber 3262377102;3811618505) https://data.sba.gov/sites/default/files/distribution/SBA-OCA-2022-07-001/public_150k_plus_240930.csv,20261007T202810Z,20261007T202838Z,yes
biz-176,ANANIA PLUMBING & HEATING INC,,89 West St # 0,West Bridgewater,MA,02379,"ANANIA PLUMBING & HEATING INC | ANANIA PLUMBING & HEATING, INC.",Corporation,same legal name + same ZIP (street spelling differs),2,3274577100;9477198304,3274577100:first draw;9477198304:second draw,3274577100:307973.82;9477198304:291777.00,3274577100:04/11/2020;9477198304:01/30/2021,3274577100:Paid in Full;9477198304:Paid in Full,Rockland Trust Company,3274577100:10;9477198304:10,unknown,unknown: 3274577100: implied pay per reported job reaches $100K cap,not_checked,,"No free bulk Massachusetts registry or original trade-license dataset is available (see unavailable sources). Organization dates are unknown, so no Massachusetts business can be marked ready.",,,,,,unknown,,,unknown,unknown,unknown (no matched retirement-plan filing in searched years),,,,,unknown,,review,"record date unknown: No free bulk Massachusetts registry or original trade-license dataset is available (see unavailable sources). Organization dates are unknown, so no Massachusetts business can be marked ready.",not_ready,SBA PPP CSV (LoanNumber 3274577100;9477198304) https://data.sba.gov/sites/default/files/distribution/SBA-OCA-2022-07-001/public_150k_plus_240930.csv,20261007T202810Z,20261007T202838Z,yes
biz-177,"AIR MASTERS HVAC SERVICES OF NE, INC.",,59 TURNER ST,FALL RIVER,MA,02720,"AIR MASTERS HVAC SERVICES OF NE, INC.",Corporation,single loan,1,3355307102,3355307102:first draw,3355307102:314700.00,3355307102:04/11/2020,3355307102:Paid in Full,Fall River Five Cents Savings Bank d/b/a BankFive,3355307102:24,unknown,unknown: 3355307102: current amount differs from initial approval,not_checked,,"No free bulk Massachusetts registry or original trade-license dataset is available (see unavailable sources). Organization dates are unknown, so no Massachusetts business can be marked ready.",,,,,,unknown,,,unknown,unknown,unknown (no matched retirement-plan filing in searched years),,,,,unknown,,review,"record date unknown: No free bulk Massachusetts registry or original trade-license dataset is available (see unavailable sources). Organization dates are unknown, so no Massachusetts business can be marked ready.",not_ready,SBA PPP CSV (LoanNumber 3355307102) https://data.sba.gov/sites/default/files/distribution/SBA-OCA-2022-07-001/public_150k_plus_240930.csv,20261007T202810Z,20261007T202838Z,yes
biz-178,"PANTON PLUMBING & HEATING, INC.",,116 BERNARD ST JEAN DR,FALMOUTH,MA,02540,"PANTON PLUMBING & HEATING, INC.",Corporation,single loan,1,3365177104,3365177104:first draw,3365177104:159640.00,3365177104:04/11/2020,3365177104:Paid in Full,Eastern Bank,3365177104:17,766272,"3365177104 (PPP, 04/11/2020): 159,640.00 / 2.5 x 12",not_checked,,"No free bulk Massachusetts registry or original trade-license dataset is available (see unavailable sources). Organization dates are unknown, so no Massachusetts business can be marked ready.",,,,,,unknown,,,unknown,unknown,filing found,042839901-001,042839901-001:2025-01-01..2025-12-31,042839901-001:2026-06-09,042839901-001:12,12,"042839901-001 (medium): sponsor name 'PANTON PLUMBING & HEATING, INC.' matches; sponsor address corroborates (116 BERNARD SAINT JEAN DRIVE, EAST FALMOUTH MA 02540)",review,"record date unknown: No free bulk Massachusetts registry or original trade-license dataset is available (see unavailable sources). Organization dates are unknown, so no Massachusetts business can be marked ready.",not_ready,SBA PPP CSV (LoanNumber 3365177104) https://data.sba.gov/sites/default/files/distribution/SBA-OCA-2022-07-001/public_150k_plus_240930.csv | DOL 5500-SF 2025 ACK 20260609143154NAL0005968240001 https://askebsa.dol.gov/FOIA%20Files/2025/Latest/F_5500_SF_2025_Latest.zip,20261007T202810Z,20261007T202838Z,yes
biz-179,SAGAMORE PLUMBING & HEATING INC.,,75 Research Rd,Hingham,MA,02043,SAGAMORE PLUMBING & HEATING | SAGAMORE PLUMBING & HEATING INC.,Corporation,same legal name + same street address + ZIP,2,3375237102;9327498501,3375237102:first draw;9327498501:second draw,3375237102:3369897.50;9327498501:2000000.00,3375237102:04/11/2020;9327498501:03/12/2021,3375237102:Paid in Full;9327498501:Paid in Full,MountainOne Bank,3375237102:132;9327498501:124,unknown,unknown: 3375237102: implied pay per reported job reaches $100K cap,not_checked,,"No free bulk Massachusetts registry or original trade-license dataset is available (see unavailable sources). Organization dates are unknown, so no Massachusetts business can be marked ready.",,,,,,unknown,,,unknown,unknown,filing found,043125156-001,043125156-001:2024-01-01..2024-12-31,043125156-001:2025-09-30,043125156-001:94,94,"043125156-001 (medium): sponsor name 'SAGAMORE PLUMBING & HEATING LLC' matches; sponsor address corroborates (75 RESEARCH ROAD, HINGHAM MA 02043)",review,"record date unknown: No free bulk Massachusetts registry or original trade-license dataset is available (see unavailable sources). Organization dates are unknown, so no Massachusetts business can be marked ready.",not_ready,SBA PPP CSV (LoanNumber 3375237102;9327498501) https://data.sba.gov/sites/default/files/distribution/SBA-OCA-2022-07-001/public_150k_plus_240930.csv | DOL 5500 2024 ACK 20250930145954NAL0012436385001 https://askebsa.dol.gov/FOIA%20Files/2024/Latest/F_5500_2024_Latest.zip,20261007T202810Z,20261007T202838Z,yes
biz-180,WINSTON BUILDERS CORP,,55 Hopkinton Rd,WESTBOROUGH,MA,01581,WINSTON BUILDERS CORP,Corporation,single loan,1,3572317101,3572317101:first draw,3572317101:368000.00,3572317101:04/11/2020,3572317101:Paid in Full,Avidia Bank,3572317101:15,unknown,unknown: 3572317101: implied pay per reported job reaches $100K cap,not_checked,,"No free bulk Massachusetts registry or original trade-license dataset is available (see unavailable sources). Organization dates are unknown, so no Massachusetts business can be marked ready.",,,,,,unknown,,,unknown,unknown,filing found,042479486-002,042479486-002:2025-01-01..2025-12-31,042479486-002:2026-06-11,042479486-002:21,21,"042479486-002 (medium): sponsor name 'WINSTON BUILDERS CORPORATION' matches; sponsor address corroborates (55 HOPKINTON ROAD, WESTBOROUGH MA 01581)",review,"record date unknown: No free bulk Massachusetts registry or original trade-license dataset is available (see unavailable sources). Organization dates are unknown, so no Massachusetts business can be marked ready.",not_ready,SBA PPP CSV (LoanNumber 3572317101) https://data.sba.gov/sites/default/files/distribution/SBA-OCA-2022-07-001/public_150k_plus_240930.csv | DOL 5500-SF 2025 ACK 20260611092959NAL0005725155001 https://askebsa.dol.gov/FOIA%20Files/2025/Latest/F_5500_SF_2025_Latest.zip,20261007T202810Z,20261007T202838Z,yes
biz-181,COX ENGINEERING COMPANY,,21 Pacella Park Dr # 0,Randolph,MA,02368,COX ENGINEERING CO INC | COX ENGINEERING COMPANY,Corporation,same legal name + same ZIP (street spelling differs),2,3639307104;1586448408,3639307104:first draw;1586448408:second draw,3639307104:6003700.00;1586448408:2000000.00,3639307104:04/11/2020;1586448408:02/02/2021,3639307104:Paid in Full;1586448408:Paid in Full,Rockland Trust Company,3639307104:157;1586448408:263,unknown,unknown: 3639307104: implied pay per reported job reaches $100K cap,not_checked,,"No free bulk Massachusetts registry or original trade-license dataset is available (see unavailable sources). Organization dates are unknown, so no Massachusetts business can be marked ready.",,,,,,unknown,,,unknown,unknown,filing found,042017923-001;042017923-002,042017923-001:2024-01-01..2024-12-31;042017923-002:2024-04-01..2025-03-31,042017923-001:2025-10-15;042017923-002:2025-11-19,042017923-001:126;042017923-002:107,126,"042017923-001 (medium): sponsor name 'COX ENGINEERING COMPANY' matches; sponsor address corroborates (21 PACELLA PARK DR, RANDOLPH MA 02368) | 042017923-002 (medium): sponsor name 'COX ENGINEERING COMPANY' matches; sponsor address corroborates (21 PACELLA PARK DR, RANDOLPH MA 02368)",review,"record date unknown: No free bulk Massachusetts registry or original trade-license dataset is available (see unavailable sources). Organization dates are unknown, so no Massachusetts business can be marked ready.",not_ready,SBA PPP CSV (LoanNumber 3639307104;1586448408) https://data.sba.gov/sites/default/files/distribution/SBA-OCA-2022-07-001/public_150k_plus_240930.csv | DOL 5500 2024 ACK 20251015085035NAL0004380017001 https://askebsa.dol.gov/FOIA%20Files/2024/Latest/F_5500_2024_Latest.zip | DOL 5500-SF 2024 ACK 20251119062351NAL0008658626001 https://askebsa.dol.gov/FOIA%20Files/2024/Latest/F_5500_SF_2024_Latest.zip,20261007T202810Z,20261007T202838Z,yes
biz-182,GERVAIS PLUMBING & HEATING INC.,,317 Southbridge St,Auburn,MA,01501,"GERVAIS PLUMBING & HEATING INC. | GERVAIS PLUMBING & HEATING, INC.",Corporation,same legal name + same street address + ZIP,2,3751417102;3308178300,3751417102:first draw;3308178300:second draw,3751417102:690800.00;3308178300:323816.62,3751417102:04/12/2020;3308178300:01/21/2021,3751417102:Paid in Full;3308178300:Paid in Full,Avidia Bank,3751417102:58;3308178300:22,3315840,"3751417102 (PPP, 04/12/2020): 690,800.00 / 2.5 x 12",not_checked,,"No free bulk Massachusetts registry or original trade-license dataset is available (see unavailable sources). Organization dates are unknown, so no Massachusetts business can be marked ready.",,,,,,unknown,,,unknown,unknown,unknown (no matched retirement-plan filing in searched years),,,,,unknown,,review,"record date unknown: No free bulk Massachusetts registry or original trade-license dataset is available (see unavailable sources). Organization dates are unknown, so no Massachusetts business can be marked ready.",not_ready,SBA PPP CSV (LoanNumber 3751417102;3308178300) https://data.sba.gov/sites/default/files/distribution/SBA-OCA-2022-07-001/public_150k_plus_240930.csv,20261007T202810Z,20261007T202838Z,yes
biz-183,ROYAL STEAM HEATER CO,,499 MAIN ST,GARDNER,MA,01440,ROYAL STEAM HEATER CO,Corporation,single loan,1,3754967109,3754967109:first draw,3754967109:480277.00,3754967109:04/12/2020,3754967109:Paid in Full,"TD Bank, National Association",3754967109:26,2305330,"3754967109 (PPP, 04/12/2020): 480,277.00 / 2.5 x 12",not_checked,,"No free bulk Massachusetts registry or original trade-license dataset is available (see unavailable sources). Organization dates are unknown, so no Massachusetts business can be marked ready.",,,,,,unknown,,,unknown,unknown,unknown (no matched retirement-plan filing in searched years),,,,,unknown,,review,"record date unknown: No free bulk Massachusetts registry or original trade-license dataset is available (see unavailable sources). Organization dates are unknown, so no Massachusetts business can be marked ready.",not_ready,SBA PPP CSV (LoanNumber 3754967109) https://data.sba.gov/sites/default/files/distribution/SBA-OCA-2022-07-001/public_150k_plus_240930.csv,20261007T202810Z,20261007T202838Z,yes
biz-184,MUIRFIELD MECHANICAL SERVICES LLC,,60 Willow Rd,Ayer,MA,01432,"MUIRFIELD MECHANICAL SERVICES LLC | MUIRFIELD MECHANICAL SERVICES, LLC",Partnership,same legal name + same street address + ZIP,2,3820437102;6781758405,3820437102:first draw;6781758405:second draw,3820437102:315000.00;6781758405:315000.00,3820437102:04/12/2020;6781758405:02/11/2021,3820437102:Paid in Full;6781758405:Paid in Full,"TD Bank, National Association",3820437102:22;6781758405:18,unknown,unknown: 3820437102: business type 'Partnership' may use owner income/SE basis; current amount differs from initial approval,not_checked,,"No free bulk Massachusetts registry or original trade-license dataset is available (see unavailable sources). Organization dates are unknown, so no Massachusetts business can be marked ready.",,,,,,unknown,,,unknown,unknown,unknown (no matched retirement-plan filing in searched years),,,,,unknown,,review,"record date unknown: No free bulk Massachusetts registry or original trade-license dataset is available (see unavailable sources). Organization dates are unknown, so no Massachusetts business can be marked ready.",not_ready,SBA PPP CSV (LoanNumber 3820437102;6781758405) https://data.sba.gov/sites/default/files/distribution/SBA-OCA-2022-07-001/public_150k_plus_240930.csv,20261007T202810Z,20261007T202838Z,yes
biz-185,"RENAUD HVAC & CONTROLS, INC.",,11 JOHN RD,SUTTON,MA,01590,"RENAUD HVAC & CONTROLS, INC.",Corporation,single loan,1,3880177109,3880177109:first draw,3880177109:573400.00,3880177109:04/12/2020,3880177109:Paid in Full,Homefield Credit Union,3880177109:25,unknown,unknown: 3880177109: implied pay per reported job reaches $100K cap,not_checked,,"No free bulk Massachusetts registry or original trade-license dataset is available (see unavailable sources). Organization dates are unknown, so no Massachusetts business can be marked ready.",,,,,,unknown,,,unknown,unknown,filing found,043414213-001,043414213-001:2025-01-01..2025-12-31,043414213-001:2026-07-02,043414213-001:33,33,"043414213-001 (medium): sponsor name 'RENAUD HVAC AND CONTROLS, INC.' matches; sponsor ZIP corroborates (SUTTON MA 01590)",review,"record date unknown: No free bulk Massachusetts registry or original trade-license dataset is available (see unavailable sources). Organization dates are unknown, so no Massachusetts business can be marked ready.",not_ready,SBA PPP CSV (LoanNumber 3880177109) https://data.sba.gov/sites/default/files/distribution/SBA-OCA-2022-07-001/public_150k_plus_240930.csv | DOL 5500-SF 2025 ACK 20260702034624NAL0014411313001 https://askebsa.dol.gov/FOIA%20Files/2025/Latest/F_5500_SF_2025_Latest.zip,20261007T202810Z,20261007T202838Z,yes
biz-186,MECHANICAL AIR CONTROLS INC,,40 Accord Park Dr Ste 202 0,Norwell,MA,02061,"MECHANICAL AIR CONTROLS INC | MECHANICAL AIR CONTROLS, INC.",Corporation,same legal name + same street address + ZIP,2,3921407103;8295638408,3921407103:first draw;8295638408:second draw,3921407103:193632.00;8295638408:180230.00,3921407103:04/12/2020;8295638408:02/13/2021,3921407103:Paid in Full;8295638408:Paid in Full,Rockland Trust Company,3921407103:11;8295638408:11,929434,"3921407103 (PPP, 04/12/2020): 193,632.00 / 2.5 x 12",not_checked,,"No free bulk Massachusetts registry or original trade-license dataset is available (see unavailable sources). Organization dates are unknown, so no Massachusetts business can be marked ready.",,,,,,unknown,,,unknown,unknown,unknown (no matched retirement-plan filing in searched years),,,,,unknown,,review,"record date unknown: No free bulk Massachusetts registry or original trade-license dataset is available (see unavailable sources). Organization dates are unknown, so no Massachusetts business can be marked ready.",not_ready,SBA PPP CSV (LoanNumber 3921407103;8295638408) https://data.sba.gov/sites/default/files/distribution/SBA-OCA-2022-07-001/public_150k_plus_240930.csv,20261007T202810Z,20261007T202838Z,yes
biz-187,AMERICAN AIR INC,,1 Box Car Blvd,TEWKSBURY,MA,01876,AMERICAN AIR INC,Corporation,single loan,1,3957957106,3957957106:first draw,3957957106:155000.00,3957957106:04/12/2020,3957957106:Paid in Full,"TD Bank, National Association",3957957106:11,744000,"3957957106 (PPP, 04/12/2020): 155,000.00 / 2.5 x 12",not_checked,,"No free bulk Massachusetts registry or original trade-license dataset is available (see unavailable sources). Organization dates are unknown, so no Massachusetts business can be marked ready.",,,,,,unknown,,,unknown,unknown,unknown (no matched retirement-plan filing in searched years),,,,,unknown,,review,"record date unknown: No free bulk Massachusetts registry or original trade-license dataset is available (see unavailable sources). Organization dates are unknown, so no Massachusetts business can be marked ready.",not_ready,SBA PPP CSV (LoanNumber 3957957106) https://data.sba.gov/sites/default/files/distribution/SBA-OCA-2022-07-001/public_150k_plus_240930.csv,20261007T202810Z,20261007T202838Z,yes
biz-188,"TECH MECHANICAL SYSTEMS, INC.",,420 WEST ST,WEST BRIDGEWATER,MA,02379,"TECH MECHANICAL SYSTEMS, INC.",Subchapter S Corporation,single loan,1,4084097102,4084097102:first draw,4084097102:1255390.00,4084097102:04/12/2020,4084097102:Paid in Full,Rockland Trust Company,4084097102:80,6025872,"4084097102 (PPP, 04/12/2020): 1,255,390.00 / 2.5 x 12",not_checked,,"No free bulk Massachusetts registry or original trade-license dataset is available (see unavailable sources). Organization dates are unknown, so no Massachusetts business can be marked ready.",,,,,,unknown,,,unknown,unknown,filing found,043154332-001,043154332-001:2025-01-01..2025-12-31,043154332-001:2026-09-21,043154332-001:70,70,"043154332-001 (medium): sponsor name 'TECH MECHANICAL SYSTEMS, INC.' matches; sponsor address corroborates (420 WEST STREET, WEST BRIDGEWATER MA 02379)",review,"record date unknown: No free bulk Massachusetts registry or original trade-license dataset is available (see unavailable sources). Organization dates are unknown, so no Massachusetts business can be marked ready.",not_ready,SBA PPP CSV (LoanNumber 4084097102) https://data.sba.gov/sites/default/files/distribution/SBA-OCA-2022-07-001/public_150k_plus_240930.csv | DOL 5500-SF 2025 ACK 20260921110138NAL0007925953001 https://askebsa.dol.gov/FOIA%20Files/2025/Latest/F_5500_SF_2025_Latest.zip,20261007T202810Z,20261007T202838Z,yes
biz-189,ADDARIO INCORPORATED,,2J Gill St,Woburn,MA,01801,ADDARIO INCORPORATED,Corporation,same legal name + same ZIP (street spelling differs),2,4089277107;8830808305,4089277107:first draw;8830808305:second draw,4089277107:400000.00;8830808305:422572.00,4089277107:04/12/2020;8830808305:01/30/2021,4089277107:Paid in Full;8830808305:Paid in Full,Eastern Bank,4089277107:38;8830808305:42,1920000,"4089277107 (PPP, 04/12/2020): 400,000.00 / 2.5 x 12",not_checked,,"No free bulk Massachusetts registry or original trade-license dataset is available (see unavailable sources). Organization dates are unknown, so no Massachusetts business can be marked ready.",,,,,,unknown,,,unknown,unknown,unknown (no matched retirement-plan filing in searched years),,,,,unknown,,review,"record date unknown: No free bulk Massachusetts registry or original trade-license dataset is available (see unavailable sources). Organization dates are unknown, so no Massachusetts business can be marked ready.",not_ready,SBA PPP CSV (LoanNumber 4089277107;8830808305) https://data.sba.gov/sites/default/files/distribution/SBA-OCA-2022-07-001/public_150k_plus_240930.csv,20261007T202810Z,20261007T202838Z,yes
biz-190,BERRY MECHANICAL SERVICES INC,,3 Milton Way,GEORGETOWN,MA,01833,BERRY MECHANICAL SERVICES INC,Corporation,single loan,1,4129907101,4129907101:first draw,4129907101:167245.44,4129907101:04/12/2020,4129907101:Paid in Full,"TD Bank, National Association",4129907101:10,unknown,unknown: 4129907101: current amount differs from initial approval,not_checked,,"No free bulk Massachusetts registry or original trade-license dataset is available (see unavailable sources). Organization dates are unknown, so no Massachusetts business can be marked ready.",,,,,,unknown,,,unknown,unknown,filing found,043552751-001,043552751-001:2025-01-01..2025-12-31,043552751-001:2026-07-21,043552751-001:9,9,"043552751-001 (medium): sponsor name 'BERRY MECHANICAL SERVICES, INC.' matches; sponsor address corroborates (3 MILTON WAY, GEORGETOWN MA 01833)",review,"record date unknown: No free bulk Massachusetts registry or original trade-license dataset is available (see unavailable sources). Organization dates are unknown, so no Massachusetts business can be marked ready.",not_ready,SBA PPP CSV (LoanNumber 4129907101) https://data.sba.gov/sites/default/files/distribution/SBA-OCA-2022-07-001/public_150k_plus_240930.csv | DOL 5500 2025 ACK 20260721050629NAL0015538082001 https://askebsa.dol.gov/FOIA%20Files/2025/Latest/F_5500_2025_Latest.zip,20261007T202810Z,20261007T202838Z,yes
biz-191,PIPE CRAFT INC,,125 Main Street,Reading,MA,01867,PIPE CRAFT INC,Subchapter S Corporation,single loan,1,4473537107,4473537107:first draw,4473537107:173014.38,4473537107:04/13/2020,4473537107:Paid in Full,Rockland Trust Company,4473537107:11,unknown,unknown: 4473537107: current amount differs from initial approval,not_checked,,"No free bulk Massachusetts registry or original trade-license dataset is available (see unavailable sources). Organization dates are unknown, so no Massachusetts business can be marked ready.",,,,,,unknown,,,unknown,unknown,filing found,832329549-001,832329549-001:2025-01-01..2025-12-31,832329549-001:2026-07-28,832329549-001:10,10,"832329549-001 (medium): sponsor name 'PIPE CRAFT INC' matches; sponsor address corroborates (125 MAIN ST, READING MA 01867)",review,"record date unknown: No free bulk Massachusetts registry or original trade-license dataset is available (see unavailable sources). Organization dates are unknown, so no Massachusetts business can be marked ready.",not_ready,SBA PPP CSV (LoanNumber 4473537107) https://data.sba.gov/sites/default/files/distribution/SBA-OCA-2022-07-001/public_150k_plus_240930.csv | DOL 5500-SF 2025 ACK 20260728152403NAL0016888451001 https://askebsa.dol.gov/FOIA%20Files/2025/Latest/F_5500_SF_2025_Latest.zip,20261007T202810Z,20261007T202838Z,yes
biz-192,"MURPHY SERVICES, INC.",,34 WHITES PATH,SOUTH YARMOUTH,MA,02664,"MURPHY SERVICES, INC.",Corporation,single loan,1,4505357107,4505357107:first draw,4505357107:555000.00,4505357107:04/13/2020,4505357107:Paid in Full,Pinnacle Bank,4505357107:34,2664000,"4505357107 (PPP, 04/13/2020): 555,000.00 / 2.5 x 12",not_checked,,"No free bulk Massachusetts registry or original trade-license dataset is available (see unavailable sources). Organization dates are unknown, so no Massachusetts business can be marked ready.",,,,,,unknown,,,unknown,unknown,filing found,270190218-001,270190218-001:2025-01-01..2025-12-31,270190218-001:2026-07-30,270190218-001:101,101,"270190218-001 (medium): sponsor name 'MURPHY SERVICES, LLC' matches; sponsor address corroborates (34 WHITES PATH, SOUTH YARMOUTH MA 02664)",review,"record date unknown: No free bulk Massachusetts registry or original trade-license dataset is available (see unavailable sources). Organization dates are unknown, so no Massachusetts business can be marked ready.",not_ready,SBA PPP CSV (LoanNumber 4505357107) https://data.sba.gov/sites/default/files/distribution/SBA-OCA-2022-07-001/public_150k_plus_240930.csv | DOL 5500-SF 2025 ACK 20260730155547NAL0023564465001 https://askebsa.dol.gov/FOIA%20Files/2025/Latest/F_5500_SF_2025_Latest.zip,20261007T202810Z,20261007T202838Z,yes
biz-193,EDGEWATER PLUMBING AND HEATING INC,,8 OTIS PARK DR,BUZZARDS BAY,MA,02532,EDGEWATER PLUMBING AND HEATING INC,Subchapter S Corporation,single loan,1,4616057103,4616057103:first draw,4616057103:182974.00,4616057103:04/13/2020,4616057103:Paid in Full,First Citizens FCU,4616057103:14,878275,"4616057103 (PPP, 04/13/2020): 182,974.00 / 2.5 x 12",not_checked,,"No free bulk Massachusetts registry or original trade-license dataset is available (see unavailable sources). Organization dates are unknown, so no Massachusetts business can be marked ready.",,,,,,unknown,,,unknown,unknown,unknown (no matched retirement-plan filing in searched years),,,,,unknown,,review,"record date unknown: No free bulk Massachusetts registry or original trade-license dataset is available (see unavailable sources). Organization dates are unknown, so no Massachusetts business can be marked ready.",not_ready,SBA PPP CSV (LoanNumber 4616057103) https://data.sba.gov/sites/default/files/distribution/SBA-OCA-2022-07-001/public_150k_plus_240930.csv,20261007T202810Z,20261007T202838Z,yes
biz-194,WILLIAM M COLLINS COMPANY INC,,105 Bay State Dr # 0,Braintree,MA,02184,"WILLIAM M COLLINS COMPANY INC | WILLIAM M COLLINS COMPANY, INC",Subchapter S Corporation,same legal name + same ZIP (street spelling differs),2,4660427104;9577158409,4660427104:first draw;9577158409:second draw,4660427104:232118.00;9577158409:828637.50,4660427104:04/13/2020;9577158409:02/17/2021,4660427104:Paid in Full;9577158409:Paid in Full,Rockland Trust Company,4660427104:12;9577158409:35,1114166,"4660427104 (PPP, 04/13/2020): 232,118.00 / 2.5 x 12",not_checked,,"No free bulk Massachusetts registry or original trade-license dataset is available (see unavailable sources). Organization dates are unknown, so no Massachusetts business can be marked ready.",,,,,,unknown,,,unknown,unknown,filing found,042520903-002,042520903-002:2025-01-01..2025-12-31,042520903-002:2026-07-30,042520903-002:5,5,"042520903-002 (medium): sponsor name 'WILLIAM M COLLINS' matches; sponsor address corroborates (105 BAY STATE DRIVE, BRAINTREE MA 02184)",review,"record date unknown: No free bulk Massachusetts registry or original trade-license dataset is available (see unavailable sources). Organization dates are unknown, so no Massachusetts business can be marked ready.",not_ready,SBA PPP CSV (LoanNumber 4660427104;9577158409) https://data.sba.gov/sites/default/files/distribution/SBA-OCA-2022-07-001/public_150k_plus_240930.csv | DOL 5500-SF 2025 ACK 20260730141815NAL0023407953001 https://askebsa.dol.gov/FOIA%20Files/2025/Latest/F_5500_SF_2025_Latest.zip,20261007T202810Z,20261007T202838Z,yes
biz-195,RICHMAN CORPORATION,,65 LIBERTY ST,QUINCY,MA,02169,RICHMAN CORPORATION,Corporation,single loan,1,4666067104,4666067104:first draw,4666067104:163470.00,4666067104:04/13/2020,4666067104:Paid in Full,Eastern Bank,4666067104:6,unknown,unknown: 4666067104: implied pay per reported job reaches $100K cap,not_checked,,"No free bulk Massachusetts registry or original trade-license dataset is available (see unavailable sources). Organization dates are unknown, so no Massachusetts business can be marked ready.",,,,,,unknown,,,unknown,unknown,unknown (no matched retirement-plan filing in searched years),,,,,unknown,,review,"record date unknown: No free bulk Massachusetts registry or original trade-license dataset is available (see unavailable sources). Organization dates are unknown, so no Massachusetts business can be marked ready.",not_ready,SBA PPP CSV (LoanNumber 4666067104) https://data.sba.gov/sites/default/files/distribution/SBA-OCA-2022-07-001/public_150k_plus_240930.csv,20261007T202810Z,20261007T202838Z,yes
biz-196,FARINA CORPORATION,,24 SPICE ST,CHARLESTOWN,MA,02129,FARINA CORPORATION,Subchapter S Corporation,single loan,1,4679067103,4679067103:first draw,4679067103:234200.00,4679067103:04/13/2020,4679067103:Paid in Full,Northern Bank and Trust Company,4679067103:11,unknown,unknown: 4679067103: implied pay per reported job reaches $100K cap,not_checked,,"No free bulk Massachusetts registry or original trade-license dataset is available (see unavailable sources). Organization dates are unknown, so no Massachusetts business can be marked ready.",,,,,,unknown,,,unknown,unknown,filing found,042393861-001,042393861-001:2025-01-01..2025-12-31,042393861-001:2026-07-30,042393861-001:11,11,"042393861-001 (medium): sponsor name 'FARINA CORPORATION' matches; sponsor address corroborates (24 SPICE STREET, CHARLESTOWN MA 02129)",review,"record date unknown: No free bulk Massachusetts registry or original trade-license dataset is available (see unavailable sources). Organization dates are unknown, so no Massachusetts business can be marked ready.",not_ready,SBA PPP CSV (LoanNumber 4679067103) https://data.sba.gov/sites/default/files/distribution/SBA-OCA-2022-07-001/public_150k_plus_240930.csv | DOL 5500-SF 2025 ACK 20260730175257NAL0027370080001 https://askebsa.dol.gov/FOIA%20Files/2025/Latest/F_5500_SF_2025_Latest.zip,20261007T202810Z,20261007T202838Z,yes
biz-197,"COOLING & HEATING SPECIALISTS, INC.",,151 CALIFORNIA STREET,NEWTON,MA,02458,"COOLING & HEATING SPECIALISTS, INC.",Corporation,single loan,1,4692837103,4692837103:first draw,4692837103:484500.00,4692837103:04/13/2020,4692837103:Paid in Full,UniBank for Savings,4692837103:16,unknown,unknown: 4692837103: implied pay per reported job reaches $100K cap,not_checked,,"No free bulk Massachusetts registry or original trade-license dataset is available (see unavailable sources). Organization dates are unknown, so no Massachusetts business can be marked ready.",,,,,,unknown,,,unknown,unknown,unknown (no matched retirement-plan filing in searched years),,,,,unknown,,review,"record date unknown: No free bulk Massachusetts registry or original trade-license dataset is available (see unavailable sources). Organization dates are unknown, so no Massachusetts business can be marked ready.",not_ready,SBA PPP CSV (LoanNumber 4692837103) https://data.sba.gov/sites/default/files/distribution/SBA-OCA-2022-07-001/public_150k_plus_240930.csv,20261007T202810Z,20261007T202838Z,yes
biz-198,UPTACK PLUMBING & HEATING INC.,,32 ROCHAMBAULT ST,HAVERHILL,MA,01832,UPTACK PLUMBING & HEATING INC.,Subchapter S Corporation,single loan,1,4694137109,4694137109:first draw,4694137109:444727.50,4694137109:04/13/2020,4694137109:Paid in Full,Haverhill Bank,4694137109:32,2134692,"4694137109 (PPP, 04/13/2020): 444,727.50 / 2.5 x 12",not_checked,,"No free bulk Massachusetts registry or original trade-license dataset is available (see unavailable sources). Organization dates are unknown, so no Massachusetts business can be marked ready.",,,,,,unknown,,,unknown,unknown,unknown (no matched retirement-plan filing in searched years),,,,,unknown,,review,"record date unknown: No free bulk Massachusetts registry or original trade-license dataset is available (see unavailable sources). Organization dates are unknown, so no Massachusetts business can be marked ready.",not_ready,SBA PPP CSV (LoanNumber 4694137109) https://data.sba.gov/sites/default/files/distribution/SBA-OCA-2022-07-001/public_150k_plus_240930.csv,20261007T202810Z,20261007T202838Z,yes
biz-199,WJS MECHANICAL CORP.,,90 Worthern Pl,Tewksbury,MA,01876,WJS MECHANICAL CORP | WJS MECHANICAL CORP.,Corporation,same legal name + same street address + ZIP,2,4718007100;1930198405,4718007100:first draw;1930198405:second draw,4718007100:228800.00;1930198405:227251.45,4718007100:04/13/2020;1930198405:02/02/2021,4718007100:Paid in Full;1930198405:Paid in Full,Hanscom FCU,4718007100:85;1930198405:19,1098240,"4718007100 (PPP, 04/13/2020): 228,800.00 / 2.5 x 12",not_checked,,"No free bulk Massachusetts registry or original trade-license dataset is available (see unavailable sources). Organization dates are unknown, so no Massachusetts business can be marked ready.",,,,,,unknown,,,unknown,unknown,unknown (no matched retirement-plan filing in searched years),,,,,unknown,,review,"record date unknown: No free bulk Massachusetts registry or original trade-license dataset is available (see unavailable sources). Organization dates are unknown, so no Massachusetts business can be marked ready.",not_ready,SBA PPP CSV (LoanNumber 4718007100;1930198405) https://data.sba.gov/sites/default/files/distribution/SBA-OCA-2022-07-001/public_150k_plus_240930.csv,20261007T202810Z,20261007T202838Z,yes
biz-200,ARRELL CORP,,36 Spinelli Pl,Cambridge,MA,02138,ARRELL CORP,Corporation,same legal name + same ZIP (street spelling differs),2,4736557105;4247718307,4736557105:first draw;4247718307:second draw,4736557105:245790.00;4247718307:343007.50,4736557105:04/13/2020;4247718307:01/23/2021,4736557105:Paid in Full;4247718307:Paid in Full,Eastern Bank,4736557105:21;4247718307:19,1179792,"4736557105 (PPP, 04/13/2020): 245,790.00 / 2.5 x 12",not_checked,,"No free bulk Massachusetts registry or original trade-license dataset is available (see unavailable sources). Organization dates are unknown, so no Massachusetts business can be marked ready.",,,,,,unknown,,,unknown,unknown,unknown (no matched retirement-plan filing in searched years),,,,,unknown,,review,"record date unknown: No free bulk Massachusetts registry or original trade-license dataset is available (see unavailable sources). Organization dates are unknown, so no Massachusetts business can be marked ready.",not_ready,SBA PPP CSV (LoanNumber 4736557105;4247718307) https://data.sba.gov/sites/default/files/distribution/SBA-OCA-2022-07-001/public_150k_plus_240930.csv,20261007T202810Z,20261007T202838Z,yes
biz-201,DUCTS INC,,200 Recreation Park Dr # 0,Hingham,MA,02043,DUCTS INC | DUCTS INCORPORATED,Subchapter S Corporation,same legal name + same ZIP (street spelling differs),2,4894007110;3396628510,4894007110:first draw;3396628510:second draw,4894007110:340507.60;3396628510:340507.00,4894007110:04/13/2020;3396628510:02/23/2021,4894007110:Paid in Full;3396628510:Paid in Full,Rockland Trust Company,4894007110:24;3396628510:24,1634436,"4894007110 (PPP, 04/13/2020): 340,507.60 / 2.5 x 12",not_checked,,"No free bulk Massachusetts registry or original trade-license dataset is available (see unavailable sources). Organization dates are unknown, so no Massachusetts business can be marked ready.",,,,,,unknown,,,unknown,unknown,filing found,043148618-001,043148618-001:2025-01-01..2025-12-31,043148618-001:2026-07-16,043148618-001:15,15,"043148618-001 (medium): sponsor name 'DUCTS, INC.' matches; sponsor address corroborates (200 RECREATION PARK DRIVE, HINGHAM MA 02043)",review,"record date unknown: No free bulk Massachusetts registry or original trade-license dataset is available (see unavailable sources). Organization dates are unknown, so no Massachusetts business can be marked ready.",not_ready,SBA PPP CSV (LoanNumber 4894007110;3396628510) https://data.sba.gov/sites/default/files/distribution/SBA-OCA-2022-07-001/public_150k_plus_240930.csv | DOL 5500-SF 2025 ACK 20260716102152NAL0005889810001 https://askebsa.dol.gov/FOIA%20Files/2025/Latest/F_5500_SF_2025_Latest.zip,20261007T202810Z,20261007T202838Z,yes
biz-202,A H BURNS CO. INC.,,296 Weymouth St Ste A,Rockland,MA,02370,"A H BURNS CO. INC. | A. H. BURNS CO., INC.",Corporation,same legal name + same street address + ZIP,2,4954057106;5066008301,4954057106:first draw;5066008301:second draw,4954057106:540800.00;5066008301:549190.07,4954057106:04/13/2020;5066008301:01/25/2021,4954057106:Paid in Full;5066008301:Paid in Full,The Bank of Canton,4954057106:21;5066008301:23,unknown,unknown: 4954057106: implied pay per reported job reaches $100K cap,not_checked,,"No free bulk Massachusetts registry or original trade-license dataset is available (see unavailable sources). Organization dates are unknown, so no Massachusetts business can be marked ready.",,,,,,unknown,,,unknown,unknown,filing found,042431733-001,042431733-001:2025-01-01..2025-12-31,042431733-001:2026-07-24,042431733-001:6,6,"042431733-001 (medium): sponsor name 'A H BURNS COMPANY, INC.' matches; sponsor ZIP corroborates (ROCKLAND MA 02370)",review,"record date unknown: No free bulk Massachusetts registry or original trade-license dataset is available (see unavailable sources). Organization dates are unknown, so no Massachusetts business can be marked ready.",not_ready,SBA PPP CSV (LoanNumber 4954057106;5066008301) https://data.sba.gov/sites/default/files/distribution/SBA-OCA-2022-07-001/public_150k_plus_240930.csv | DOL 5500-SF 2025 ACK 20260724112416NAL0019222192001 https://askebsa.dol.gov/FOIA%20Files/2025/Latest/F_5500_SF_2025_Latest.zip,20261007T202810Z,20261007T202838Z,yes
biz-203,BEST AUTOMATIC SPRINKLER CORP,,77 Elm St # 0,Braintree,MA,02184,BEST AUTOMATIC SPRINKLER CORP | BEST AUTOMATIC SPRINKLER CORP.,Corporation,same legal name + same ZIP (street spelling differs),2,4983157100;3927788501,4983157100:first draw;3927788501:second draw,4983157100:388400.00;3927788501:397130.00,4983157100:04/13/2020;3927788501:02/24/2021,4983157100:Paid in Full;3927788501:Paid in Full,Rockland Trust Company,4983157100:23;3927788501:22,1864320,"4983157100 (PPP, 04/13/2020): 388,400.00 / 2.5 x 12",not_checked,,"No free bulk Massachusetts registry or original trade-license dataset is available (see unavailable sources). Organization dates are unknown, so no Massachusetts business can be marked ready.",,,,,,unknown,,,unknown,unknown,unknown (no matched retirement-plan filing in searched years),,,,,unknown,,review,"record date unknown: No free bulk Massachusetts registry or original trade-license dataset is available (see unavailable sources). Organization dates are unknown, so no Massachusetts business can be marked ready.",not_ready,SBA PPP CSV (LoanNumber 4983157100;3927788501) https://data.sba.gov/sites/default/files/distribution/SBA-OCA-2022-07-001/public_150k_plus_240930.csv,20261007T202810Z,20261007T202838Z,yes
biz-204,"REIDY HEATING AND COOLING, INC.",,539 Canal St,HOLYOKE,MA,01040,"REIDY HEATING AND COOLING, INC.",Subchapter S Corporation,single loan,1,5045647103,5045647103:first draw,5045647103:152500.00,5045647103:04/13/2020,5045647103:Paid in Full,PeoplesBank,5045647103:10,732000,"5045647103 (PPP, 04/13/2020): 152,500.00 / 2.5 x 12",not_checked,,"No free bulk Massachusetts registry or original trade-license dataset is available (see unavailable sources). Organization dates are unknown, so no Massachusetts business can be marked ready.",,,,,,unknown,,,unknown,unknown,unknown (no matched retirement-plan filing in searched years),,,,,unknown,,review,"record date unknown: No free bulk Massachusetts registry or original trade-license dataset is available (see unavailable sources). Organization dates are unknown, so no Massachusetts business can be marked ready.",not_ready,SBA PPP CSV (LoanNumber 5045647103) https://data.sba.gov/sites/default/files/distribution/SBA-OCA-2022-07-001/public_150k_plus_240930.csv,20261007T202810Z,20261007T202838Z,yes
biz-205,"CAPE COD MECHANICAL SYSTEMS, INC.",,8 FRUEAN WAY,SOUTH YARMOUTH,MA,02664,"CAPE COD MECHANICAL SYSTEMS, INC.",Subchapter S Corporation,single loan,1,5182327108,5182327108:first draw,5182327108:166845.00,5182327108:04/13/2020,5182327108:Paid in Full,Rockland Trust Company,5182327108:15,800856,"5182327108 (PPP, 04/13/2020): 166,845.00 / 2.5 x 12",not_checked,,"No free bulk Massachusetts registry or original trade-license dataset is available (see unavailable sources). Organization dates are unknown, so no Massachusetts business can be marked ready.",,,,,,unknown,,,unknown,unknown,unknown (no matched retirement-plan filing in searched years),,,,,unknown,,review,"record date unknown: No free bulk Massachusetts registry or original trade-license dataset is available (see unavailable sources). Organization dates are unknown, so no Massachusetts business can be marked ready.",not_ready,SBA PPP CSV (LoanNumber 5182327108) https://data.sba.gov/sites/default/files/distribution/SBA-OCA-2022-07-001/public_150k_plus_240930.csv,20261007T202810Z,20261007T202838Z,yes
biz-206,"NORTH SHORE MECHANICAL CONTRACTORS, LLC",,6 GARDEN ST STE TWO,DANVERS,MA,01923,"NORTH SHORE MECHANICAL CONTRACTORS, LLC",Limited  Liability Company(LLC),single loan,1,5189377104,5189377104:first draw,5189377104:2036800.00,5189377104:04/13/2020,5189377104:Paid in Full,Mid Penn Bank,5189377104:98,unknown,unknown: 5189377104: business type 'Limited  Liability Company(LLC)' may use owner income/SE basis,not_checked,,"No free bulk Massachusetts registry or original trade-license dataset is available (see unavailable sources). Organization dates are unknown, so no Massachusetts business can be marked ready.",,,,,,unknown,,,unknown,unknown,unknown (no matched retirement-plan filing in searched years),,,,,unknown,,review,"record date unknown: No free bulk Massachusetts registry or original trade-license dataset is available (see unavailable sources). Organization dates are unknown, so no Massachusetts business can be marked ready.",not_ready,SBA PPP CSV (LoanNumber 5189377104) https://data.sba.gov/sites/default/files/distribution/SBA-OCA-2022-07-001/public_150k_plus_240930.csv,20261007T202810Z,20261007T202838Z,yes
biz-207,MPK ENTERPRISES INC.,,15 Crawford Street,Watertown,MA,02472,MPK ENTERPRISES INC.,Subchapter S Corporation,single loan,1,5189407100,5189407100:first draw,5189407100:1238495.00,5189407100:04/13/2020,5189407100:Paid in Full,Eastern Bank,5189407100:60,5944776,"5189407100 (PPP, 04/13/2020): 1,238,495.00 / 2.5 x 12",not_checked,,"No free bulk Massachusetts registry or original trade-license dataset is available (see unavailable sources). Organization dates are unknown, so no Massachusetts business can be marked ready.",,,,,,unknown,,,unknown,unknown,unknown (no matched retirement-plan filing in searched years),,,,,unknown,,review,"record date unknown: No free bulk Massachusetts registry or original trade-license dataset is available (see unavailable sources). Organization dates are unknown, so no Massachusetts business can be marked ready.",not_ready,SBA PPP CSV (LoanNumber 5189407100) https://data.sba.gov/sites/default/files/distribution/SBA-OCA-2022-07-001/public_150k_plus_240930.csv,20261007T202810Z,20261007T202838Z,yes
biz-208,GEORGE S PATEY & SONS INC,,215 Bridge Street,DEDHAM,MA,02026,GEORGE S PATEY & SONS INC,Subchapter S Corporation,single loan,1,5240137109,5240137109:first draw,5240137109:188067.53,5240137109:04/13/2020,5240137109:Paid in Full,Rockland Trust Company,5240137109:13,unknown,unknown: 5240137109: current amount differs from initial approval,not_checked,,"No free bulk Massachusetts registry or original trade-license dataset is available (see unavailable sources). Organization dates are unknown, so no Massachusetts business can be marked ready.",,,,,,unknown,,,unknown,unknown,filing found,042432222-001,042432222-001:2024-01-01..2024-12-31,042432222-001:2025-09-09,042432222-001:6,6,"042432222-001 (medium): sponsor name 'GEORGE S. PATEY & SONS, INC.' matches; sponsor address corroborates (215 BRIDGE STREET, DEDHAM MA 02026)",review,"record date unknown: No free bulk Massachusetts registry or original trade-license dataset is available (see unavailable sources). Organization dates are unknown, so no Massachusetts business can be marked ready.",not_ready,SBA PPP CSV (LoanNumber 5240137109) https://data.sba.gov/sites/default/files/distribution/SBA-OCA-2022-07-001/public_150k_plus_240930.csv | DOL 5500-SF 2024 ACK 20250909222104NAL0013112515001 https://askebsa.dol.gov/FOIA%20Files/2024/Latest/F_5500_SF_2024_Latest.zip,20261007T202810Z,20261007T202838Z,yes
biz-209,"CORSO PLUMBING & HEATING, INC.",,100 Hale Street,HAVERHILL,MA,01830,"CORSO PLUMBING & HEATING, INC.",Corporation,single loan,1,5246607109,5246607109:first draw,5246607109:169627.00,5246607109:04/13/2020,5246607109:Paid in Full,"TD Bank, National Association",5246607109:18,814210,"5246607109 (PPP, 04/13/2020): 169,627.00 / 2.5 x 12",not_checked,,"No free bulk Massachusetts registry or original trade-license dataset is available (see unavailable sources). Organization dates are unknown, so no Massachusetts business can be marked ready.",,,,,,unknown,,,unknown,unknown,filing found,472820092-001;472820092-002,472820092-001:2024-01-01..2024-12-31;472820092-002:2024-01-01..2024-12-31,472820092-001:2025-10-10;472820092-002:2025-10-10,472820092-001:31;472820092-002:17,31,472820092-001 (medium): sponsor name 'CORSO PLUMBING & HEATING INC.' matches; sponsor ZIP corroborates (HAVERHILL MA 01830) | 472820092-002 (medium): sponsor name 'CORSO PLUMBING & HEATING INC.' matches; sponsor ZIP corroborates (HAVERHILL MA 01830),review,"record date unknown: No free bulk Massachusetts registry or original trade-license dataset is available (see unavailable sources). Organization dates are unknown, so no Massachusetts business can be marked ready.",not_ready,SBA PPP CSV (LoanNumber 5246607109) https://data.sba.gov/sites/default/files/distribution/SBA-OCA-2022-07-001/public_150k_plus_240930.csv | DOL 5500-SF 2024 ACK 20251010114131NAL0012486816001 https://askebsa.dol.gov/FOIA%20Files/2024/Latest/F_5500_SF_2024_Latest.zip | DOL 5500-SF 2024 ACK 20251010114242NAL0012488432001 https://askebsa.dol.gov/FOIA%20Files/2024/Latest/F_5500_SF_2024_Latest.zip,20261007T202810Z,20261007T202838Z,yes
biz-210,"CENTRAL COOLING & HEATING, INC.",,9 North MAPLE ST,WOBURN,MA,01801,"CENTRAL COOLING & HEATING, INC.",Corporation,single loan,1,5280707108,5280707108:first draw,5280707108:864000.00,5280707108:04/13/2020,5280707108:Paid in Full,Northern Bank and Trust Company,5280707108:68,4147200,"5280707108 (PPP, 04/13/2020): 864,000.00 / 2.5 x 12",not_checked,,"No free bulk Massachusetts registry or original trade-license dataset is available (see unavailable sources). Organization dates are unknown, so no Massachusetts business can be marked ready.",,,,,,unknown,,,unknown,unknown,unknown (no matched retirement-plan filing in searched years),,,,,unknown,,review,"record date unknown: No free bulk Massachusetts registry or original trade-license dataset is available (see unavailable sources). Organization dates are unknown, so no Massachusetts business can be marked ready.",not_ready,SBA PPP CSV (LoanNumber 5280707108) https://data.sba.gov/sites/default/files/distribution/SBA-OCA-2022-07-001/public_150k_plus_240930.csv,20261007T202810Z,20261007T202838Z,yes
biz-211,"MILHARMER ASSOCIATES, INC.",,534 NEW STATE HWY,RAYNHAM,MA,02767,"MILHARMER ASSOCIATES, INC.",Corporation,single loan,1,5284457102,5284457102:first draw,5284457102:371295.00,5284457102:04/13/2020,5284457102:Paid in Full,Eastern Bank,5284457102:19,1782216,"5284457102 (PPP, 04/13/2020): 371,295.00 / 2.5 x 12",not_checked,,"No free bulk Massachusetts registry or original trade-license dataset is available (see unavailable sources). Organization dates are unknown, so no Massachusetts business can be marked ready.",,,,,,unknown,,,unknown,unknown,unknown (no matched retirement-plan filing in searched years),,,,,unknown,,review,"record date unknown: No free bulk Massachusetts registry or original trade-license dataset is available (see unavailable sources). Organization dates are unknown, so no Massachusetts business can be marked ready.",not_ready,SBA PPP CSV (LoanNumber 5284457102) https://data.sba.gov/sites/default/files/distribution/SBA-OCA-2022-07-001/public_150k_plus_240930.csv,20261007T202810Z,20261007T202838Z,yes
biz-212,"LAPAN MECHANICAL CONTRACTORS, INC.",,3 BETHANY ST,WORCESTER,MA,01604,"LAPAN MECHANICAL CONTRACTORS, INC.",Subchapter S Corporation,single loan,1,5511497104,5511497104:first draw,5511497104:165576.41,5511497104:04/13/2020,5511497104:Paid in Full,Webster First FCU,5511497104:12,794767,"5511497104 (PPP, 04/13/2020): 165,576.41 / 2.5 x 12",not_checked,,"No free bulk Massachusetts registry or original trade-license dataset is available (see unavailable sources). Organization dates are unknown, so no Massachusetts business can be marked ready.",,,,,,unknown,,,unknown,unknown,filing found,200450785-001,200450785-001:2025-01-01..2025-12-31,200450785-001:2026-04-29,200450785-001:11,11,"200450785-001 (medium): sponsor name 'LAPAN MECHANICAL CONTRACTORS, INC.' matches; sponsor address corroborates (3 BETHANY ST., WORCESTER MA 01604)",review,"record date unknown: No free bulk Massachusetts registry or original trade-license dataset is available (see unavailable sources). Organization dates are unknown, so no Massachusetts business can be marked ready.",not_ready,SBA PPP CSV (LoanNumber 5511497104) https://data.sba.gov/sites/default/files/distribution/SBA-OCA-2022-07-001/public_150k_plus_240930.csv | DOL 5500-SF 2025 ACK 20260429084014NAL0010248161001 https://askebsa.dol.gov/FOIA%20Files/2025/Latest/F_5500_SF_2025_Latest.zip,20261007T202810Z,20261007T202838Z,yes
biz-213,JOHN'S SEWER & PIPE CLEANING INC,,4 BREED AVE,WOBURN,MA,01801,JOHN'S SEWER & PIPE CLEANING INC,Corporation,single loan,1,5611797108,5611797108:first draw,5611797108:1152800.00,5611797108:04/13/2020,5611797108:Paid in Full,"PNC Bank, National Association",5611797108:62,5533440,"5611797108 (PPP, 04/13/2020): 1,152,800.00 / 2.5 x 12",not_checked,,"No free bulk Massachusetts registry or original trade-license dataset is available (see unavailable sources). Organization dates are unknown, so no Massachusetts business can be marked ready.",,,,,,unknown,,,unknown,unknown,filing found,364448458-001,364448458-001:2025-01-01..2025-12-31,364448458-001:2026-07-24,364448458-001:98,98,"364448458-001 (medium): sponsor name 'JOHNS SEWER & PIPE CLEANING INC' matches; sponsor address corroborates (4 BREED AVENUE, WOBURN MA 01801)",review,"record date unknown: No free bulk Massachusetts registry or original trade-license dataset is available (see unavailable sources). Organization dates are unknown, so no Massachusetts business can be marked ready.",not_ready,SBA PPP CSV (LoanNumber 5611797108) https://data.sba.gov/sites/default/files/distribution/SBA-OCA-2022-07-001/public_150k_plus_240930.csv | DOL 5500-SF 2025 ACK 20260724093851NAL0018958272001 https://askebsa.dol.gov/FOIA%20Files/2025/Latest/F_5500_SF_2025_Latest.zip,20261007T202810Z,20261007T202838Z,yes
biz-214,PEAK MECHANICAL SERVICES CORP,,35 Corporate Park Dr,Pembroke,MA,02359,PEAK MECHANICAL SERVICES CORP,Corporation,same legal name + same street address + ZIP,2,5915747103;7231238304,5915747103:first draw;7231238304:second draw,5915747103:2019400.00;7231238304:1949350.00,5915747103:04/14/2020;7231238304:01/28/2021,5915747103:Paid in Full;7231238304:Paid in Full,South Shore Bank,5915747103:72;7231238304:68,unknown,unknown: 5915747103: implied pay per reported job reaches $100K cap,not_checked,,"No free bulk Massachusetts registry or original trade-license dataset is available (see unavailable sources). Organization dates are unknown, so no Massachusetts business can be marked ready.",,,,,,unknown,,,unknown,unknown,filing found,208137185-001;208137185-002,208137185-001:2024-01-01..2024-12-31;208137185-002:2024-01-01..2024-12-31,208137185-001:2025-07-13;208137185-002:2025-07-28,208137185-001:13;208137185-002:7,13,"208137185-001 (medium): sponsor name 'PEAK MECHANICAL SERVICES CORP.' matches; sponsor address corroborates (35 CORPORATE PARK DRIVE, PEMBROKE MA 02359) | 208137185-002 (medium): sponsor name 'PEAK MECHANICAL SERVICES CORP' matches; sponsor address corroborates (35 CORPORATE PARK DRIVE, PEMBROKE MA 02359)",review,"record date unknown: No free bulk Massachusetts registry or original trade-license dataset is available (see unavailable sources). Organization dates are unknown, so no Massachusetts business can be marked ready.",not_ready,SBA PPP CSV (LoanNumber 5915747103;7231238304) https://data.sba.gov/sites/default/files/distribution/SBA-OCA-2022-07-001/public_150k_plus_240930.csv | DOL 5500-SF 2024 ACK 20250713124534NAL0000368625001 https://askebsa.dol.gov/FOIA%20Files/2024/Latest/F_5500_SF_2024_Latest.zip | DOL 5500-SF 2024 ACK 20250728140747NAL0002158769001 https://askebsa.dol.gov/FOIA%20Files/2024/Latest/F_5500_SF_2024_Latest.zip,20261007T202810Z,20261007T202838Z,yes
biz-215,YOUNGBLOOD COMPANY INC,,32 Ashland Steet,Haverhill,MA,01830,"YOUNGBLOOD COMPANY INC | YOUNGBLOOD COMPANY, INC.",Corporation,same legal name + same ZIP (street spelling differs),2,5952397104;5211078308,5952397104:first draw;5211078308:second draw,5952397104:832000.00;5211078308:745000.00,5952397104:04/14/2020;5211078308:01/25/2021,5952397104:Paid in Full;5211078308:Paid in Full,Enterprise Bank and Trust Company,5952397104:67;5211078308:55,3993600,"5952397104 (PPP, 04/14/2020): 832,000.00 / 2.5 x 12",not_checked,,"No free bulk Massachusetts registry or original trade-license dataset is available (see unavailable sources). Organization dates are unknown, so no Massachusetts business can be marked ready.",,,,,,unknown,,,unknown,unknown,filing found,020457097-001,020457097-001:2025-01-01..2025-12-31,020457097-001:2026-05-06,020457097-001:36,36,"020457097-001 (medium): sponsor name 'YOUNGBLOOD CO., INC.' matches; sponsor address corroborates (32 ASHLAND STREET, HAVERHILL MA 018304143)",review,"record date unknown: No free bulk Massachusetts registry or original trade-license dataset is available (see unavailable sources). Organization dates are unknown, so no Massachusetts business can be marked ready.",not_ready,SBA PPP CSV (LoanNumber 5952397104;5211078308) https://data.sba.gov/sites/default/files/distribution/SBA-OCA-2022-07-001/public_150k_plus_240930.csv | DOL 5500-SF 2025 ACK 20260506083530NAL0001344243001 https://askebsa.dol.gov/FOIA%20Files/2025/Latest/F_5500_SF_2025_Latest.zip,20261007T202810Z,20261007T202838Z,yes
biz-216,"BJ DOYLE, INC.",,4 JEWEL DR Unit 8,WILMINGTON,MA,01887,"BJ DOYLE, INC.",Subchapter S Corporation,single loan,1,6023217107,6023217107:first draw,6023217107:224500.00,6023217107:04/14/2020,6023217107:Paid in Full,Northern Bank and Trust Company,6023217107:19,unknown,unknown: 6023217107: current amount differs from initial approval,not_checked,,"No free bulk Massachusetts registry or original trade-license dataset is available (see unavailable sources). Organization dates are unknown, so no Massachusetts business can be marked ready.",,,,,,unknown,,,unknown,unknown,filing found,043456065-001;043456065-002,043456065-001:2025-01-01..2025-12-31;043456065-002:2025-01-01..2025-12-31,043456065-001:2026-07-02;043456065-002:2026-03-26,043456065-001:17;043456065-002:16,17,"043456065-001 (medium): sponsor name 'B.J. DOYLE, INC.' matches; sponsor address corroborates (4 JEWEL DRIVE, UNIT 8, WILMINGTON MA 01887) | 043456065-002 (medium): sponsor name 'B.J. DOYLE, INC.' matches; sponsor address corroborates (4 JEWEL DRIVE, UNIT 8, WILMINGTON MA 01887)",review,"record date unknown: No free bulk Massachusetts registry or original trade-license dataset is available (see unavailable sources). Organization dates are unknown, so no Massachusetts business can be marked ready.",not_ready,SBA PPP CSV (LoanNumber 6023217107) https://data.sba.gov/sites/default/files/distribution/SBA-OCA-2022-07-001/public_150k_plus_240930.csv | DOL 5500-SF 2025 ACK 20260702152329NAL0018025984002 https://askebsa.dol.gov/FOIA%20Files/2025/Latest/F_5500_SF_2025_Latest.zip | DOL 5500-SF 2025 ACK 20260326152807NAL0005749057001 https://askebsa.dol.gov/FOIA%20Files/2025/Latest/F_5500_SF_2025_Latest.zip,20261007T202810Z,20261007T202838Z,yes
biz-217,ENVIRONMENTAL SYSTEMS INC,,6 Howard Ireland Dr,Attleboro,MA,02703,"ENVIRONMENTAL SYSTEMS INC | ENVIRONMENTAL SYSTEMS, INC.",Subchapter S Corporation,same legal name + same street address + ZIP,2,6080557100;3636308508,6080557100:first draw;3636308508:second draw,6080557100:2569000.00;3636308508:2000000.00,6080557100:04/14/2020;3636308508:02/24/2021,6080557100:Paid in Full;3636308508:Paid in Full,Bristol County Savings Bank,6080557100:203;3636308508:209,12331200,"6080557100 (PPP, 04/14/2020): 2,569,000.00 / 2.5 x 12",not_checked,,"No free bulk Massachusetts registry or original trade-license dataset is available (see unavailable sources). Organization dates are unknown, so no Massachusetts business can be marked ready.",,,,,,unknown,,,unknown,unknown,unknown (no matched retirement-plan filing in searched years),,,,,unknown,,review,"record date unknown: No free bulk Massachusetts registry or original trade-license dataset is available (see unavailable sources). Organization dates are unknown, so no Massachusetts business can be marked ready.",not_ready,SBA PPP CSV (LoanNumber 6080557100;3636308508) https://data.sba.gov/sites/default/files/distribution/SBA-OCA-2022-07-001/public_150k_plus_240930.csv,20261007T202810Z,20261007T202838Z,yes
biz-218,MERRIMACK VALLEY CORPORATION,,15 AEGEAN DR Unit 3,METHUEN,MA,01844,MERRIMACK VALLEY CORPORATION,Subchapter S Corporation,single loan,1,6195727103,6195727103:first draw,6195727103:311400.00,6195727103:04/14/2020,6195727103:Paid in Full,Enterprise Bank and Trust Company,6195727103:39,1494720,"6195727103 (PPP, 04/14/2020): 311,400.00 / 2.5 x 12",not_checked,,"No free bulk Massachusetts registry or original trade-license dataset is available (see unavailable sources). Organization dates are unknown, so no Massachusetts business can be marked ready.",,,,,,unknown,,,unknown,unknown,unknown (no matched retirement-plan filing in searched years),,,,,unknown,,review,"record date unknown: No free bulk Massachusetts registry or original trade-license dataset is available (see unavailable sources). Organization dates are unknown, so no Massachusetts business can be marked ready.",not_ready,SBA PPP CSV (LoanNumber 6195727103) https://data.sba.gov/sites/default/files/distribution/SBA-OCA-2022-07-001/public_150k_plus_240930.csv,20261007T202810Z,20261007T202838Z,yes
biz-219,PHOENIX MECHANICAL CONTRACTING INC,,197 W CENTRAL ST,NATICK,MA,01760,PHOENIX MECHANICAL CONTRACTING INC,Subchapter S Corporation,single loan,1,6207137101,6207137101:first draw,6207137101:404752.00,6207137101:04/14/2020,6207137101:Paid in Full,"TD Bank, National Association",6207137101:3,unknown,unknown: 6207137101: implied pay per reported job reaches $100K cap,not_checked,,"No free bulk Massachusetts registry or original trade-license dataset is available (see unavailable sources). Organization dates are unknown, so no Massachusetts business can be marked ready.",,,,,,unknown,,,unknown,unknown,unknown (no matched retirement-plan filing in searched years),,,,,unknown,,review,"record date unknown: No free bulk Massachusetts registry or original trade-license dataset is available (see unavailable sources). Organization dates are unknown, so no Massachusetts business can be marked ready.",not_ready,SBA PPP CSV (LoanNumber 6207137101) https://data.sba.gov/sites/default/files/distribution/SBA-OCA-2022-07-001/public_150k_plus_240930.csv,20261007T202810Z,20261007T202838Z,yes
biz-220,"BEANTOWN AC, INC",,9 ALDRIN RD STE 1,PLYMOUTH,MA,02360,"BEANTOWN AC, INC",Corporation,single loan,1,6214487110,6214487110:first draw,6214487110:152100.00,6214487110:04/14/2020,6214487110:Paid in Full,The Cooperative Bank of Cape Cod,6214487110:13,730080,"6214487110 (PPP, 04/14/2020): 152,100.00 / 2.5 x 12",not_checked,,"No free bulk Massachusetts registry or original trade-license dataset is available (see unavailable sources). Organization dates are unknown, so no Massachusetts business can be marked ready.",,,,,,unknown,,,unknown,unknown,filing found,475663063-001,475663063-001:2025-01-01..2025-12-31,475663063-001:2026-06-30,475663063-001:27,27,"475663063-001 (medium): sponsor name 'BEANTOWN AC, INC.' matches; sponsor address corroborates (9 ALDRIN ROAD - SUITE 10, PLYMOUTH MA 02360)",review,"record date unknown: No free bulk Massachusetts registry or original trade-license dataset is available (see unavailable sources). Organization dates are unknown, so no Massachusetts business can be marked ready.",not_ready,SBA PPP CSV (LoanNumber 6214487110) https://data.sba.gov/sites/default/files/distribution/SBA-OCA-2022-07-001/public_150k_plus_240930.csv | DOL 5500-SF 2025 ACK 20260630193425NAL0010866419001 https://askebsa.dol.gov/FOIA%20Files/2025/Latest/F_5500_SF_2025_Latest.zip,20261007T202810Z,20261007T202838Z,yes
biz-221,M & E MECHANICAL CONTRACTORS INC,,1 ALLEN ST,SPRINGFIELD,MA,01108,M & E MECHANICAL CONTRACTORS INC,Corporation,single loan,1,6216527102,6216527102:first draw,6216527102:191110.00,6216527102:04/14/2020,6216527102:Paid in Full,Manufacturers and Traders Trust Company,6216527102:16,917328,"6216527102 (PPP, 04/14/2020): 191,110.00 / 2.5 x 12",not_checked,,"No free bulk Massachusetts registry or original trade-license dataset is available (see unavailable sources). Organization dates are unknown, so no Massachusetts business can be marked ready.",,,,,,unknown,,,unknown,unknown,unknown (no matched retirement-plan filing in searched years),,,,,unknown,,review,"record date unknown: No free bulk Massachusetts registry or original trade-license dataset is available (see unavailable sources). Organization dates are unknown, so no Massachusetts business can be marked ready.",not_ready,SBA PPP CSV (LoanNumber 6216527102) https://data.sba.gov/sites/default/files/distribution/SBA-OCA-2022-07-001/public_150k_plus_240930.csv,20261007T202810Z,20261007T202838Z,yes
biz-222,LYNCO FIRE PROTECTION INC,,19 Grant Ave,Burlington,MA,01803,"LYNCO FIRE PROTECTION INC | LYNCO FIRE PROTECTION, INC.",Corporation,same legal name + same street address + ZIP,2,6237397110;8287498403,6237397110:first draw;8287498403:second draw,6237397110:345600.00;8287498403:396475.00,6237397110:04/14/2020;8287498403:02/13/2021,6237397110:Paid in Full;8287498403:Paid in Full,Northern Bank and Trust Company,6237397110:27;8287498403:28,1658880,"6237397110 (PPP, 04/14/2020): 345,600.00 / 2.5 x 12",not_checked,,"No free bulk Massachusetts registry or original trade-license dataset is available (see unavailable sources). Organization dates are unknown, so no Massachusetts business can be marked ready.",,,,,,unknown,,,unknown,unknown,unknown (no matched retirement-plan filing in searched years),,,,,unknown,,review,"record date unknown: No free bulk Massachusetts registry or original trade-license dataset is available (see unavailable sources). Organization dates are unknown, so no Massachusetts business can be marked ready.",not_ready,SBA PPP CSV (LoanNumber 6237397110;8287498403) https://data.sba.gov/sites/default/files/distribution/SBA-OCA-2022-07-001/public_150k_plus_240930.csv,20261007T202810Z,20261007T202838Z,yes
biz-223,MERRIMACK VALLEY SYSTEMS INC.,,15 Aegean Dr Ste 3,Methuen,MA,01844,"MERRIMACK VALLEY SYSTEMS INC. | MERRIMACK VALLEY SYSTEMS, INC.",Limited  Liability Company(LLC),same legal name + same street address + ZIP,2,6299227100;1394368610,6299227100:first draw;1394368610:second draw,6299227100:872500.00;1394368610:872552.00,6299227100:04/14/2020;1394368610:03/13/2021,6299227100:Paid in Full;1394368610:Paid in Full,Enterprise Bank and Trust Company,6299227100:93;1394368610:77,unknown,unknown: 6299227100: business type 'Limited  Liability Company(LLC)' may use owner income/SE basis,not_checked,,"No free bulk Massachusetts registry or original trade-license dataset is available (see unavailable sources). Organization dates are unknown, so no Massachusetts business can be marked ready.",,,,,,unknown,,,unknown,unknown,unknown (no matched retirement-plan filing in searched years),,,,,unknown,,review,"record date unknown: No free bulk Massachusetts registry or original trade-license dataset is available (see unavailable sources). Organization dates are unknown, so no Massachusetts business can be marked ready.",not_ready,SBA PPP CSV (LoanNumber 6299227100;1394368610) https://data.sba.gov/sites/default/files/distribution/SBA-OCA-2022-07-001/public_150k_plus_240930.csv,20261007T202810Z,20261007T202838Z,yes
biz-224,JOHN DONOVAN PLUMBING AND HEATING CORP,,28 FORGE PKWY,FRANKLIN,MA,02038,JOHN DONOVAN PLUMBING AND HEATING CORP,Subchapter S Corporation,single loan,1,6314777100,6314777100:first draw,6314777100:165700.00,6314777100:04/14/2020,6314777100:Paid in Full,Charles River Bank,6314777100:9,795360,"6314777100 (PPP, 04/14/2020): 165,700.00 / 2.5 x 12",not_checked,,"No free bulk Massachusetts registry or original trade-license dataset is available (see unavailable sources). Organization dates are unknown, so no Massachusetts business can be marked ready.",,,,,,unknown,,,unknown,unknown,unknown (no matched retirement-plan filing in searched years),,,,,unknown,,review,"record date unknown: No free bulk Massachusetts registry or original trade-license dataset is available (see unavailable sources). Organization dates are unknown, so no Massachusetts business can be marked ready.",not_ready,SBA PPP CSV (LoanNumber 6314777100) https://data.sba.gov/sites/default/files/distribution/SBA-OCA-2022-07-001/public_150k_plus_240930.csv,20261007T202810Z,20261007T202838Z,yes
biz-225,"DUGGAN MECHANICAL SERVICES, INC.",,136 Will Drive,Canton,MA,02021,"DUGGAN MECHANICAL SERVICES, INC.",Corporation,single loan,1,6365067110,6365067110:first draw,6365067110:862500.00,6365067110:04/14/2020,6365067110:Paid in Full,Rockland Trust Company,6365067110:32,unknown,unknown: 6365067110: implied pay per reported job reaches $100K cap,not_checked,,"No free bulk Massachusetts registry or original trade-license dataset is available (see unavailable sources). Organization dates are unknown, so no Massachusetts business can be marked ready.",,,,,,unknown,,,unknown,unknown,unknown (no matched retirement-plan filing in searched years),,,,,unknown,,review,"record date unknown: No free bulk Massachusetts registry or original trade-license dataset is available (see unavailable sources). Organization dates are unknown, so no Massachusetts business can be marked ready.",not_ready,SBA PPP CSV (LoanNumber 6365067110) https://data.sba.gov/sites/default/files/distribution/SBA-OCA-2022-07-001/public_150k_plus_240930.csv,20261007T202810Z,20261007T202838Z,yes
biz-226,CORRECT TEMP INC,,268 Hampstead St,Methuen,MA,01844,CORRECT TEMP INC | CORRECT TEMP INCORPORATED,Corporation,same legal name + same street address + ZIP,2,6400757101;9904048507,6400757101:first draw;9904048507:second draw,6400757101:344450.00;9904048507:392452.00,6400757101:04/14/2020;9904048507:03/12/2021,6400757101:Paid in Full;9904048507:Paid in Full,"TD Bank, National Association",6400757101:26;9904048507:26,1653360,"6400757101 (PPP, 04/14/2020): 344,450.00 / 2.5 x 12",not_checked,,"No free bulk Massachusetts registry or original trade-license dataset is available (see unavailable sources). Organization dates are unknown, so no Massachusetts business can be marked ready.",,,,,,unknown,,,unknown,unknown,filing found,020497926-001,020497926-001:2025-01-01..2025-12-31,020497926-001:2026-05-08,020497926-001:25,25,"020497926-001 (medium): sponsor name 'CORRECT TEMP, INC.' matches; sponsor address corroborates (268 HAMPSTEAD ROAD, UNIT #5, METHUEN MA 01844)",review,"record date unknown: No free bulk Massachusetts registry or original trade-license dataset is available (see unavailable sources). Organization dates are unknown, so no Massachusetts business can be marked ready.",not_ready,SBA PPP CSV (LoanNumber 6400757101;9904048507) https://data.sba.gov/sites/default/files/distribution/SBA-OCA-2022-07-001/public_150k_plus_240930.csv | DOL 5500-SF 2025 ACK 20260508130830NAL0004736688001 https://askebsa.dol.gov/FOIA%20Files/2025/Latest/F_5500_SF_2025_Latest.zip,20261007T202810Z,20261007T202838Z,yes
biz-227,RODENHISER HOME SERVICES INC.,,325 HOPPING BROOK RD,HOLLISTON,MA,01746,RODENHISER HOME SERVICES INC.,Corporation,single loan,1,6540067108,6540067108:first draw,6540067108:2378880.00,6540067108:04/14/2020,6540067108:Paid in Full,Middlesex Savings Bank,6540067108:167,11418624,"6540067108 (PPP, 04/14/2020): 2,378,880.00 / 2.5 x 12",not_checked,,"No free bulk Massachusetts registry or original trade-license dataset is available (see unavailable sources). Organization dates are unknown, so no Massachusetts business can be marked ready.",,,,,,unknown,,,unknown,unknown,filing found,043279765-001,043279765-001:2024-01-01..2024-12-31,043279765-001:2025-10-13,043279765-001:165,165,"043279765-001 (medium): sponsor name 'RODENHISER HOME SERVICES, INC.' matches; sponsor address corroborates (325 HOPPING BROOK ROAD, HOLLISTON MA 01746)",review,"record date unknown: No free bulk Massachusetts registry or original trade-license dataset is available (see unavailable sources). Organization dates are unknown, so no Massachusetts business can be marked ready.",not_ready,SBA PPP CSV (LoanNumber 6540067108) https://data.sba.gov/sites/default/files/distribution/SBA-OCA-2022-07-001/public_150k_plus_240930.csv | DOL 5500 2024 ACK 20251013104047NAL0001724400001 https://askebsa.dol.gov/FOIA%20Files/2024/Latest/F_5500_2024_Latest.zip,20261007T202810Z,20261007T202838Z,yes
biz-228,ASPINWALL PLUMBING & HEATING LLC,,723 Washington St # 0,Quincy,MA,02169,"ASPINWALL PLUMBING & HEATING LLC | ASPINWALL PLUMBING & HEATING, CO. INC.",Corporation,same legal name + same ZIP (street spelling differs),2,6688547106;8253568402,6688547106:first draw;8253568402:second draw,6688547106:312538.55;8253568402:325210.00,6688547106:04/14/2020;8253568402:02/13/2021,6688547106:Paid in Full;8253568402:Paid in Full,Rockland Trust Company,6688547106:13;8253568402:27,1561008,"8253568402 (PPS, 02/13/2021): 325,210.00 / 2.5 x 12",not_checked,,"No free bulk Massachusetts registry or original trade-license dataset is available (see unavailable sources). Organization dates are unknown, so no Massachusetts business can be marked ready.",,,,,,unknown,,,unknown,unknown,unknown (no matched retirement-plan filing in searched years),,,,,unknown,,review,"record date unknown: No free bulk Massachusetts registry or original trade-license dataset is available (see unavailable sources). Organization dates are unknown, so no Massachusetts business can be marked ready.",not_ready,SBA PPP CSV (LoanNumber 6688547106;8253568402) https://data.sba.gov/sites/default/files/distribution/SBA-OCA-2022-07-001/public_150k_plus_240930.csv,20261007T202810Z,20261007T202838Z,yes
biz-229,MARCOUX PLUMBING & HEATING INC.,,273 Dracut St,Dracut,MA,01826,"MARCOUX PLUMBING & HEATING INC. | MARCOUX PLUMBING & HEATING, INC.",Subchapter S Corporation,same legal name + same street address + ZIP,2,6731027110;6929418405,6731027110:first draw;6929418405:second draw,6731027110:152300.00;6929418405:165450.00,6731027110:04/14/2020;6929418405:02/11/2021,6731027110:Paid in Full;6929418405:Paid in Full,The Lowell Five Cent Savings Bank,6731027110:10;6929418405:12,731040,"6731027110 (PPP, 04/14/2020): 152,300.00 / 2.5 x 12",not_checked,,"No free bulk Massachusetts registry or original trade-license dataset is available (see unavailable sources). Organization dates are unknown, so no Massachusetts business can be marked ready.",,,,,,unknown,,,unknown,unknown,filing found,300956199-001,300956199-001:2024-01-01..2024-12-31,300956199-001:2025-10-14,300956199-001:11,11,"300956199-001 (medium): sponsor name 'MARCOUX PLUMBING & HEATING, INC.' matches; sponsor address corroborates (273 DRACUT STREET, DRACUT MA 01826)",review,"record date unknown: No free bulk Massachusetts registry or original trade-license dataset is available (see unavailable sources). Organization dates are unknown, so no Massachusetts business can be marked ready.",not_ready,SBA PPP CSV (LoanNumber 6731027110;6929418405) https://data.sba.gov/sites/default/files/distribution/SBA-OCA-2022-07-001/public_150k_plus_240930.csv | DOL 5500-SF 2024 ACK 20251014135154NAL0002944497001 https://askebsa.dol.gov/FOIA%20Files/2024/Latest/F_5500_SF_2024_Latest.zip,20261007T202810Z,20261007T202838Z,yes
biz-230,COMMONWEALTH PLUMBING CORP.,,290 Weymouth St,Rockland,MA,02370,COMMONWEALTH PLUMBING CORP.,Subchapter S Corporation,same legal name + same street address + ZIP,2,6734627108;6636078308,6734627108:first draw;6636078308:second draw,6734627108:1734337.50;6636078308:1734337.50,6734627108:04/14/2020;6636078308:01/27/2021,6734627108:Paid in Full;6636078308:Paid in Full,MountainOne Bank,6734627108:22;6636078308:53,unknown,unknown: 6734627108: implied pay per reported job reaches $100K cap,not_checked,,"No free bulk Massachusetts registry or original trade-license dataset is available (see unavailable sources). Organization dates are unknown, so no Massachusetts business can be marked ready.",,,,,,unknown,,,unknown,unknown,filing found,043103483-001,043103483-001:2025-01-01..2025-12-31,043103483-001:2026-08-18,043103483-001:11,11,"043103483-001 (medium): sponsor name 'COMMONWEALTH PLUMBING CORP.' matches; sponsor address corroborates (290 WEYMOUTH STREET, ROCKLAND MA 023701137)",review,"record date unknown: No free bulk Massachusetts registry or original trade-license dataset is available (see unavailable sources). Organization dates are unknown, so no Massachusetts business can be marked ready.",not_ready,SBA PPP CSV (LoanNumber 6734627108;6636078308) https://data.sba.gov/sites/default/files/distribution/SBA-OCA-2022-07-001/public_150k_plus_240930.csv | DOL 5500-SF 2025 ACK 20260818093538NAL0012630451001 https://askebsa.dol.gov/FOIA%20Files/2025/Latest/F_5500_SF_2025_Latest.zip,20261007T202810Z,20261007T202838Z,yes
biz-231,ASAP DRAINS INC,,405 A ESSEX ST,SALEM,MA,01970,ASAP DRAINS INC,Subchapter S Corporation,single loan,1,6755537104,6755537104:first draw,6755537104:228000.00,6755537104:04/14/2020,6755537104:Paid in Full,Salem Five Cents Savings Bank,6755537104:17,1094400,"6755537104 (PPP, 04/14/2020): 228,000.00 / 2.5 x 12",not_checked,,"No free bulk Massachusetts registry or original trade-license dataset is available (see unavailable sources). Organization dates are unknown, so no Massachusetts business can be marked ready.",,,,,,unknown,,,unknown,unknown,unknown (no matched retirement-plan filing in searched years),,,,,unknown,,review,"record date unknown: No free bulk Massachusetts registry or original trade-license dataset is available (see unavailable sources). Organization dates are unknown, so no Massachusetts business can be marked ready.",not_ready,SBA PPP CSV (LoanNumber 6755537104) https://data.sba.gov/sites/default/files/distribution/SBA-OCA-2022-07-001/public_150k_plus_240930.csv,20261007T202810Z,20261007T202838Z,yes
biz-232,"TEAM MECHANICAL, LLC",,820 LIVINGSTON ST,TEWKSBURY,MA,01876,"TEAM MECHANICAL, LLC",Limited  Liability Company(LLC),single loan,1,6897567108,6897567108:first draw,6897567108:189200.00,6897567108:04/14/2020,6897567108:Paid in Full,Northern Bank and Trust Company,6897567108:17,unknown,unknown: 6897567108: business type 'Limited  Liability Company(LLC)' may use owner income/SE basis,not_checked,,"No free bulk Massachusetts registry or original trade-license dataset is available (see unavailable sources). Organization dates are unknown, so no Massachusetts business can be marked ready.",,,,,,unknown,,,unknown,unknown,unknown (no matched retirement-plan filing in searched years),,,,,unknown,,review,"record date unknown: No free bulk Massachusetts registry or original trade-license dataset is available (see unavailable sources). Organization dates are unknown, so no Massachusetts business can be marked ready.",not_ready,SBA PPP CSV (LoanNumber 6897567108) https://data.sba.gov/sites/default/files/distribution/SBA-OCA-2022-07-001/public_150k_plus_240930.csv,20261007T202810Z,20261007T202838Z,yes
biz-233,CRANNEY COMPANIES INC,,24 WATER ST,DANVERS,MA,01923,CRANNEY COMPANIES INC,Corporation,single loan,1,7016167101,7016167101:first draw,7016167101:816572.00,7016167101:04/14/2020,7016167101:Paid in Full,Manufacturers and Traders Trust Company,7016167101:63,3919546,"7016167101 (PPP, 04/14/2020): 816,572.00 / 2.5 x 12",not_checked,,"No free bulk Massachusetts registry or original trade-license dataset is available (see unavailable sources). Organization dates are unknown, so no Massachusetts business can be marked ready.",,,,,,unknown,,,unknown,unknown,unknown (no matched retirement-plan filing in searched years),,,,,unknown,,review,"record date unknown: No free bulk Massachusetts registry or original trade-license dataset is available (see unavailable sources). Organization dates are unknown, so no Massachusetts business can be marked ready.",not_ready,SBA PPP CSV (LoanNumber 7016167101) https://data.sba.gov/sites/default/files/distribution/SBA-OCA-2022-07-001/public_150k_plus_240930.csv,20261007T202810Z,20261007T202838Z,yes
biz-234,"PREFERRED CONTRACTORS, INC.",,223 Center St,PEMBROKE,MA,02359,"PREFERRED CONTRACTORS, INC.",Corporation,single loan,1,7110817102,7110817102:first draw,7110817102:399552.00,7110817102:04/14/2020,7110817102:Paid in Full,Rockland Trust Company,7110817102:29,1917850,"7110817102 (PPP, 04/14/2020): 399,552.00 / 2.5 x 12",not_checked,,"No free bulk Massachusetts registry or original trade-license dataset is available (see unavailable sources). Organization dates are unknown, so no Massachusetts business can be marked ready.",,,,,,unknown,,,unknown,unknown,unknown (no matched retirement-plan filing in searched years),,,,,unknown,,review,"record date unknown: No free bulk Massachusetts registry or original trade-license dataset is available (see unavailable sources). Organization dates are unknown, so no Massachusetts business can be marked ready.",not_ready,SBA PPP CSV (LoanNumber 7110817102) https://data.sba.gov/sites/default/files/distribution/SBA-OCA-2022-07-001/public_150k_plus_240930.csv,20261007T202810Z,20261007T202838Z,yes
biz-235,"AYOTTE MECHANICAL, INC.",,108 MIDDLESEX ST #5,NORTH CHELMSFORD,MA,01863,"AYOTTE MECHANICAL, INC.",Corporation,single loan,1,7144007104,7144007104:first draw,7144007104:224100.00,7144007104:04/14/2020,7144007104:Paid in Full,Enterprise Bank and Trust Company,7144007104:13,1075680,"7144007104 (PPP, 04/14/2020): 224,100.00 / 2.5 x 12",not_checked,,"No free bulk Massachusetts registry or original trade-license dataset is available (see unavailable sources). Organization dates are unknown, so no Massachusetts business can be marked ready.",,,,,,unknown,,,unknown,unknown,unknown (no matched retirement-plan filing in searched years),,,,,unknown,,review,"record date unknown: No free bulk Massachusetts registry or original trade-license dataset is available (see unavailable sources). Organization dates are unknown, so no Massachusetts business can be marked ready.",not_ready,SBA PPP CSV (LoanNumber 7144007104) https://data.sba.gov/sites/default/files/distribution/SBA-OCA-2022-07-001/public_150k_plus_240930.csv,20261007T202810Z,20261007T202838Z,yes
biz-236,TOM FRICKER COMPLETE HEATING AND COOLING LLC,,355R Chestnut St,Needham,MA,02492,"TOM FRICKER COMPLETE HEATING AND COOLING LLC | TOM FRICKER COMPLETE HEATING AND COOLING, LLC",Limited  Liability Company(LLC),same legal name + same ZIP (street spelling differs),2,7175767101;6361228610,7175767101:first draw;6361228610:second draw,7175767101:178940.00;6361228610:200122.00,7175767101:04/14/2020;6361228610:03/23/2021,7175767101:Paid in Full;6361228610:Paid in Full,Middlesex Savings Bank,7175767101:15;6361228610:15,unknown,unknown: 7175767101: business type 'Limited  Liability Company(LLC)' may use owner income/SE basis,not_checked,,"No free bulk Massachusetts registry or original trade-license dataset is available (see unavailable sources). Organization dates are unknown, so no Massachusetts business can be marked ready.",,,,,,unknown,,,unknown,unknown,unknown (no matched retirement-plan filing in searched years),,,,,unknown,,review,"record date unknown: No free bulk Massachusetts registry or original trade-license dataset is available (see unavailable sources). Organization dates are unknown, so no Massachusetts business can be marked ready.",not_ready,SBA PPP CSV (LoanNumber 7175767101;6361228610) https://data.sba.gov/sites/default/files/distribution/SBA-OCA-2022-07-001/public_150k_plus_240930.csv,20261007T202810Z,20261007T202838Z,yes
biz-237,LUNDY INC.,,5 Pinecrest Rd,Hingham,MA,02043,LUNDY INC.,Corporation,same legal name + same street address + ZIP,2,7418537108;5561078406,7418537108:first draw;5561078406:second draw,7418537108:249100.00;5561078406:280885.00,7418537108:04/14/2020;5561078406:02/08/2021,7418537108:Paid in Full;5561078406:Paid in Full,South Shore Bank,7418537108:25;5561078406:20,1195680,"7418537108 (PPP, 04/14/2020): 249,100.00 / 2.5 x 12",not_checked,,"No free bulk Massachusetts registry or original trade-license dataset is available (see unavailable sources). Organization dates are unknown, so no Massachusetts business can be marked ready.",,,,,,unknown,,,unknown,unknown,filing found,043279438-001;043279438-002;043279438-003,043279438-001:2025-01-01..2025-12-31;043279438-002:2024-01-01..2024-12-19;043279438-003:2025-01-01..2025-12-31,043279438-001:2026-06-29;043279438-002:2025-07-16;043279438-003:2026-06-29,043279438-001:15;043279438-002:0;043279438-003:13,15,"043279438-001 (medium): sponsor name 'LUNDY, INC.' matches; sponsor address corroborates (5 PINECREST RD, HINGHAM MA 02043) | 043279438-002 (medium): sponsor name 'LUNDY, INC.' matches; sponsor address corroborates (5 PINECREST ROAD, HINGHAM MA 02043) | 043279438-003 (medium): sponsor name 'LUNDY, INC.' matches; sponsor address corroborates (5 PINECREST RD, HINGHAM MA 02043)",review,"record date unknown: No free bulk Massachusetts registry or original trade-license dataset is available (see unavailable sources). Organization dates are unknown, so no Massachusetts business can be marked ready.",not_ready,SBA PPP CSV (LoanNumber 7418537108;5561078406) https://data.sba.gov/sites/default/files/distribution/SBA-OCA-2022-07-001/public_150k_plus_240930.csv | DOL 5500-SF 2025 ACK 20260629075455NAL0020235810001 https://askebsa.dol.gov/FOIA%20Files/2025/Latest/F_5500_SF_2025_Latest.zip | DOL 5500-SF 2024 ACK 20250716070830NAL0002875025001 https://askebsa.dol.gov/FOIA%20Files/2024/Latest/F_5500_SF_2024_Latest.zip | DOL 5500-SF 2025 ACK 20260629075753NAL0010301363001 https://askebsa.dol.gov/FOIA%20Files/2025/Latest/F_5500_SF_2025_Latest.zip,20261007T202810Z,20261007T202838Z,yes
biz-238,TRIANGLE REFRIGERATION AIR CONDITIONING & PLUMBING INC,,425 Pleasant Street Suite 22,Fall River,MA,02721,TRIANGLE REFRIGERATION AIR CONDITIONING & PLUMBING INC,Subchapter S Corporation,single loan,1,7446777107,7446777107:first draw,7446777107:186736.42,7446777107:04/14/2020,7446777107:Paid in Full,Rockland Trust Company,7446777107:18,896335,"7446777107 (PPP, 04/14/2020): 186,736.42 / 2.5 x 12",not_checked,,"No free bulk Massachusetts registry or original trade-license dataset is available (see unavailable sources). Organization dates are unknown, so no Massachusetts business can be marked ready.",,,,,,unknown,,,unknown,unknown,unknown (no matched retirement-plan filing in searched years),,,,,unknown,,review,"record date unknown: No free bulk Massachusetts registry or original trade-license dataset is available (see unavailable sources). Organization dates are unknown, so no Massachusetts business can be marked ready.",not_ready,SBA PPP CSV (LoanNumber 7446777107) https://data.sba.gov/sites/default/files/distribution/SBA-OCA-2022-07-001/public_150k_plus_240930.csv,20261007T202810Z,20261007T202838Z,yes
biz-239,PREFERRED MECHANICAL SERVICES,,223 Center Street,PEMBROKE,MA,02359,PREFERRED MECHANICAL SERVICES,Subchapter S Corporation,single loan,1,7626587106,7626587106:first draw,7626587106:169055.00,7626587106:04/14/2020,7626587106:Paid in Full,Rockland Trust Company,7626587106:14,811464,"7626587106 (PPP, 04/14/2020): 169,055.00 / 2.5 x 12",not_checked,,"No free bulk Massachusetts registry or original trade-license dataset is available (see unavailable sources). Organization dates are unknown, so no Massachusetts business can be marked ready.",,,,,,unknown,,,unknown,unknown,unknown (no matched retirement-plan filing in searched years),,,,,unknown,,review,"record date unknown: No free bulk Massachusetts registry or original trade-license dataset is available (see unavailable sources). Organization dates are unknown, so no Massachusetts business can be marked ready.",not_ready,SBA PPP CSV (LoanNumber 7626587106) https://data.sba.gov/sites/default/files/distribution/SBA-OCA-2022-07-001/public_150k_plus_240930.csv,20261007T202810Z,20261007T202838Z,yes
biz-240,BLUE BEAR PLUMBING INC,,100 Corporate Park Drive #1740,PEMBROKE,MA,02359,BLUE BEAR PLUMBING INC,Corporation,single loan,1,1006107202,1006107202:first draw,1006107202:214704.32,1006107202:04/15/2020,1006107202:Paid in Full,Rockland Trust Company,1006107202:26,1030581,"1006107202 (PPP, 04/15/2020): 214,704.32 / 2.5 x 12",not_checked,,"No free bulk Massachusetts registry or original trade-license dataset is available (see unavailable sources). Organization dates are unknown, so no Massachusetts business can be marked ready.",,,,,,unknown,,,unknown,unknown,unknown (no matched retirement-plan filing in searched years),,,,,unknown,,review,"record date unknown: No free bulk Massachusetts registry or original trade-license dataset is available (see unavailable sources). Organization dates are unknown, so no Massachusetts business can be marked ready.",not_ready,SBA PPP CSV (LoanNumber 1006107202) https://data.sba.gov/sites/default/files/distribution/SBA-OCA-2022-07-001/public_150k_plus_240930.csv,20261007T202810Z,20261007T202838Z,yes
biz-241,PREFERRED AIR INC,,424 B BOSTON STREET,Topsfield,MA,01983,PREFERRED AIR INC,Subchapter S Corporation,single loan,1,1017157201,1017157201:first draw,1017157201:463000.00,1017157201:04/15/2020,1017157201:Paid in Full,"Citizens Bank, National Association",1017157201:30,2222400,"1017157201 (PPP, 04/15/2020): 463,000.00 / 2.5 x 12",not_checked,,"No free bulk Massachusetts registry or original trade-license dataset is available (see unavailable sources). Organization dates are unknown, so no Massachusetts business can be marked ready.",,,,,,unknown,,,unknown,unknown,unknown (no matched retirement-plan filing in searched years),,,,,unknown,,review,"record date unknown: No free bulk Massachusetts registry or original trade-license dataset is available (see unavailable sources). Organization dates are unknown, so no Massachusetts business can be marked ready.",not_ready,SBA PPP CSV (LoanNumber 1017157201) https://data.sba.gov/sites/default/files/distribution/SBA-OCA-2022-07-001/public_150k_plus_240930.csv,20261007T202810Z,20261007T202838Z,yes
biz-242,"P.J. DIONNE CO., INC.",,72 Jonspin Road,Wilmington,MA,01887,"P.J. DIONNE CO., INC.",Subchapter S Corporation,single loan,1,1029337204,1029337204:first draw,1029337204:3333200.00,1029337204:04/15/2020,1029337204:Paid in Full,"Citizens Bank, National Association",1029337204:193,15999360,"1029337204 (PPP, 04/15/2020): 3,333,200.00 / 2.5 x 12",not_checked,,"No free bulk Massachusetts registry or original trade-license dataset is available (see unavailable sources). Organization dates are unknown, so no Massachusetts business can be marked ready.",,,,,,unknown,,,unknown,unknown,unknown (no matched retirement-plan filing in searched years),,,,,unknown,,review,"record date unknown: No free bulk Massachusetts registry or original trade-license dataset is available (see unavailable sources). Organization dates are unknown, so no Massachusetts business can be marked ready.",not_ready,SBA PPP CSV (LoanNumber 1029337204) https://data.sba.gov/sites/default/files/distribution/SBA-OCA-2022-07-001/public_150k_plus_240930.csv,20261007T202810Z,20261007T202838Z,yes
biz-243,KJ MILLER MECHANICAL,,155 South Row Road,Townsend,MA,01469,KJ MILLER MECHANICAL,Subchapter S Corporation,single loan,1,1166967201,1166967201:first draw,1166967201:217900.00,1166967201:04/15/2020,1166967201:Paid in Full,"Citizens Bank, National Association",1166967201:13,1045920,"1166967201 (PPP, 04/15/2020): 217,900.00 / 2.5 x 12",not_checked,,"No free bulk Massachusetts registry or original trade-license dataset is available (see unavailable sources). Organization dates are unknown, so no Massachusetts business can be marked ready.",,,,,,unknown,,,unknown,unknown,unknown (no matched retirement-plan filing in searched years),,,,,unknown,,review,"record date unknown: No free bulk Massachusetts registry or original trade-license dataset is available (see unavailable sources). Organization dates are unknown, so no Massachusetts business can be marked ready.",not_ready,SBA PPP CSV (LoanNumber 1166967201) https://data.sba.gov/sites/default/files/distribution/SBA-OCA-2022-07-001/public_150k_plus_240930.csv,20261007T202810Z,20261007T202838Z,yes
biz-244,RUSTIC FIRE PROTECTION INC,,320 W Main St # 0,Norton,MA,02766,"RUSTIC FIRE PROTECTION INC | RUSTIC FIRE PROTECTION, INC",Corporation,same legal name + same ZIP (street spelling differs),2,1182517206;9041638304,1182517206:first draw;9041638304:second draw,1182517206:899317.00;9041638304:899317.50,1182517206:04/15/2020;9041638304:01/30/2021,1182517206:Paid in Full;9041638304:Paid in Full,Rockland Trust Company,1182517206:52;9041638304:52,4316722,"1182517206 (PPP, 04/15/2020): 899,317.00 / 2.5 x 12",not_checked,,"No free bulk Massachusetts registry or original trade-license dataset is available (see unavailable sources). Organization dates are unknown, so no Massachusetts business can be marked ready.",,,,,,unknown,,,unknown,unknown,filing found,042819828-001,042819828-001:2025-01-01..2025-12-31,042819828-001:2026-04-13,042819828-001:70,70,"042819828-001 (medium): sponsor name 'RUSTIC FIRE PROTECTION, INC.' matches; sponsor address corroborates (320 W MAIN STREET, NORTON MA 027660000)",review,"record date unknown: No free bulk Massachusetts registry or original trade-license dataset is available (see unavailable sources). Organization dates are unknown, so no Massachusetts business can be marked ready.",not_ready,SBA PPP CSV (LoanNumber 1182517206;9041638304) https://data.sba.gov/sites/default/files/distribution/SBA-OCA-2022-07-001/public_150k_plus_240930.csv | DOL 5500-SF 2025 ACK 20260413120501NAL0029970674001 https://askebsa.dol.gov/FOIA%20Files/2025/Latest/F_5500_SF_2025_Latest.zip,20261007T202810Z,20261007T202838Z,yes
biz-245,BAYSIDE MECHANICAL CORP,,497 Thomas B Landers Rd # 0,East Falmouth,MA,02536,BAYSIDE MECHANICAL CORP,Corporation,same legal name + same ZIP (street spelling differs),2,1262307202;9413858302,1262307202:first draw;9413858302:second draw,1262307202:217938.83;9413858302:213480.00,1262307202:04/15/2020;9413858302:01/30/2021,1262307202:Paid in Full;9413858302:Paid in Full,Rockland Trust Company,1262307202:15;9413858302:19,1046106,"1262307202 (PPP, 04/15/2020): 217,938.83 / 2.5 x 12",not_checked,,"No free bulk Massachusetts registry or original trade-license dataset is available (see unavailable sources). Organization dates are unknown, so no Massachusetts business can be marked ready.",,,,,,unknown,,,unknown,unknown,unknown (no matched retirement-plan filing in searched years),,,,,unknown,,review,"record date unknown: No free bulk Massachusetts registry or original trade-license dataset is available (see unavailable sources). Organization dates are unknown, so no Massachusetts business can be marked ready.",not_ready,SBA PPP CSV (LoanNumber 1262307202;9413858302) https://data.sba.gov/sites/default/files/distribution/SBA-OCA-2022-07-001/public_150k_plus_240930.csv,20261007T202810Z,20261007T202838Z,yes
biz-246,CARL-LOUIS CO. INC.,,104 Victory Rd,Dorchester,MA,02122,"CARL-LOUIS CO. INC. | CARL-LOUIS CO., INC.",Corporation,same legal name + same street address + ZIP,2,1310747200;1550928408,1310747200:first draw;1550928408:second draw,1310747200:175300.00;1550928408:150000.00,1310747200:04/15/2020;1550928408:02/02/2021,1310747200:Paid in Full;1550928408:Paid in Full,"Citizens Bank, National Association",1310747200:10;1550928408:5,841440,"1310747200 (PPP, 04/15/2020): 175,300.00 / 2.5 x 12",not_checked,,"No free bulk Massachusetts registry or original trade-license dataset is available (see unavailable sources). Organization dates are unknown, so no Massachusetts business can be marked ready.",,,,,,unknown,,,unknown,unknown,unknown (no matched retirement-plan filing in searched years),,,,,unknown,,review,"record date unknown: No free bulk Massachusetts registry or original trade-license dataset is available (see unavailable sources). Organization dates are unknown, so no Massachusetts business can be marked ready.",not_ready,SBA PPP CSV (LoanNumber 1310747200;1550928408) https://data.sba.gov/sites/default/files/distribution/SBA-OCA-2022-07-001/public_150k_plus_240930.csv,20261007T202810Z,20261007T202838Z,yes
biz-247,SEASIDE GAS SERVICE INC.,,67 HELMSMAN DRIVE,YARMOUTH PORT,MA,02675,SEASIDE GAS SERVICE INC.,Subchapter S Corporation,single loan,1,1986087203,1986087203:first draw,1986087203:155188.00,1986087203:04/15/2020,1986087203:Paid in Full,Rockland Trust Company,1986087203:10,744902,"1986087203 (PPP, 04/15/2020): 155,188.00 / 2.5 x 12",not_checked,,"No free bulk Massachusetts registry or original trade-license dataset is available (see unavailable sources). Organization dates are unknown, so no Massachusetts business can be marked ready.",,,,,,unknown,,,unknown,unknown,filing found,208733023-001,208733023-001:2025-01-01..2025-12-31,208733023-001:2026-06-19,208733023-001:19,19,"208733023-001 (medium): sponsor name 'SEASIDE GAS SERVICE INC' matches; sponsor address corroborates (67 HELMSMAN DR, YARMOUTH PORT MA 026752467)",review,"record date unknown: No free bulk Massachusetts registry or original trade-license dataset is available (see unavailable sources). Organization dates are unknown, so no Massachusetts business can be marked ready.",not_ready,SBA PPP CSV (LoanNumber 1986087203) https://data.sba.gov/sites/default/files/distribution/SBA-OCA-2022-07-001/public_150k_plus_240930.csv | DOL 5500-SF 2025 ACK 20260619114008NAL0005143728001 https://askebsa.dol.gov/FOIA%20Files/2025/Latest/F_5500_SF_2025_Latest.zip,20261007T202810Z,20261007T202838Z,yes
biz-248,NETR LLC,,85 Flagship Drive Unit E,North Andover,MA,01845,NETR LLC,Limited  Liability Company(LLC),single loan,1,8027157109,8027157109:first draw,8027157109:786500.00,8027157109:04/15/2020,8027157109:Paid in Full,"Citizens Bank, National Association",8027157109:44,unknown,unknown: 8027157109: business type 'Limited  Liability Company(LLC)' may use owner income/SE basis,not_checked,,"No free bulk Massachusetts registry or original trade-license dataset is available (see unavailable sources). Organization dates are unknown, so no Massachusetts business can be marked ready.",,,,,,unknown,,,unknown,unknown,unknown (no matched retirement-plan filing in searched years),,,,,unknown,,review,"record date unknown: No free bulk Massachusetts registry or original trade-license dataset is available (see unavailable sources). Organization dates are unknown, so no Massachusetts business can be marked ready.",not_ready,SBA PPP CSV (LoanNumber 8027157109) https://data.sba.gov/sites/default/files/distribution/SBA-OCA-2022-07-001/public_150k_plus_240930.csv,20261007T202810Z,20261007T202838Z,yes
biz-249,ENTERPRISE EQUIPMENT CO. INC.,,276 Libbey Industrial Pkwy,East Weymouth,MA,02189,ENTERPRISE EQUIPMENT CO INC | ENTERPRISE EQUIPMENT CO. INC.,Subchapter S Corporation,same legal name + same ZIP (street spelling differs),2,8035767104;8068058400,8035767104:first draw;8068058400:second draw,8035767104:686700.00;8068058400:666665.00,8035767104:04/15/2020;8068058400:02/12/2021,8035767104:Paid in Full;8068058400:Paid in Full,"Citizens Bank, National Association | Rockland Trust Company",8035767104:29;8068058400:32,3199992,"8068058400 (PPS, 02/12/2021): 666,665.00 / 2.5 x 12",not_checked,,"No free bulk Massachusetts registry or original trade-license dataset is available (see unavailable sources). Organization dates are unknown, so no Massachusetts business can be marked ready.",,,,,,unknown,,,unknown,unknown,filing found,042261062-002,042261062-002:2025-01-01..2025-12-31,042261062-002:2026-09-15,042261062-002:28,28,"042261062-002 (medium): sponsor name 'ENTERPRISE EQUIPMENT CO., INC.' matches; sponsor address corroborates (276 LIBBEY PKY, WEYMOUTH MA 02189)",review,"record date unknown: No free bulk Massachusetts registry or original trade-license dataset is available (see unavailable sources). Organization dates are unknown, so no Massachusetts business can be marked ready.",not_ready,SBA PPP CSV (LoanNumber 8035767104;8068058400) https://data.sba.gov/sites/default/files/distribution/SBA-OCA-2022-07-001/public_150k_plus_240930.csv | DOL 5500-SF 2025 ACK 20260915131142NAL0006069170001 https://askebsa.dol.gov/FOIA%20Files/2025/Latest/F_5500_SF_2025_Latest.zip,20261007T202810Z,20261007T202838Z,yes
biz-250,AMERICAN TEST AND BALANCE INC,,335R Washington St,Norwell,MA,02061,AMERICAN TEST AND BALANCE INC,Subchapter S Corporation,single loan,1,8079147108,8079147108:first draw,8079147108:293100.00,8079147108:04/15/2020,8079147108:Paid in Full,"Citizens Bank, National Association",8079147108:10,unknown,unknown: 8079147108: implied pay per reported job reaches $100K cap,not_checked,,"No free bulk Massachusetts registry or original trade-license dataset is available (see unavailable sources). Organization dates are unknown, so no Massachusetts business can be marked ready.",,,,,,unknown,,,unknown,unknown,filing found,043493110-001,043493110-001:2024-01-01..2024-12-31,043493110-001:2025-06-03,043493110-001:0,0,"043493110-001 (medium): sponsor name 'AMERICAN TEST AND BALANCE, INC.' matches; sponsor address corroborates (335R WASHINGTON STREET, NORWELL MA 02061)",review,"record date unknown: No free bulk Massachusetts registry or original trade-license dataset is available (see unavailable sources). Organization dates are unknown, so no Massachusetts business can be marked ready.",not_ready,SBA PPP CSV (LoanNumber 8079147108) https://data.sba.gov/sites/default/files/distribution/SBA-OCA-2022-07-001/public_150k_plus_240930.csv | DOL 5500-SF 2024 ACK 20250603121441NAL0028519442001 https://askebsa.dol.gov/FOIA%20Files/2024/Latest/F_5500_SF_2024_Latest.zip,20261007T202810Z,20261007T202838Z,yes
biz-251,"ELMAN PLUMBING CO., INC.",,671 Sawmill Brook Parkway,Newton Centre,MA,02459,"ELMAN PLUMBING CO., INC.",Subchapter S Corporation,single loan,1,8083947104,8083947104:first draw,8083947104:232200.00,8083947104:04/15/2020,8083947104:Paid in Full,"Citizens Bank, National Association",8083947104:17,unknown,unknown: 8083947104: current amount differs from initial approval,not_checked,,"No free bulk Massachusetts registry or original trade-license dataset is available (see unavailable sources). Organization dates are unknown, so no Massachusetts business can be marked ready.",,,,,,unknown,,,unknown,unknown,unknown (no matched retirement-plan filing in searched years),,,,,unknown,,review,"record date unknown: No free bulk Massachusetts registry or original trade-license dataset is available (see unavailable sources). Organization dates are unknown, so no Massachusetts business can be marked ready.",not_ready,SBA PPP CSV (LoanNumber 8083947104) https://data.sba.gov/sites/default/files/distribution/SBA-OCA-2022-07-001/public_150k_plus_240930.csv,20261007T202810Z,20261007T202838Z,yes
biz-252,A.F. VENTOLIERI PLUMBING & HEATING,,P.O. Box 520356,Winthrop,MA,02152,A.F. VENTOLIERI PLUMBING & HEATING,Subchapter S Corporation,single loan,1,8085287100,8085287100:first draw,8085287100:191100.00,8085287100:04/15/2020,8085287100:Paid in Full,"Citizens Bank, National Association",8085287100:9,unknown,unknown: 8085287100: implied pay per reported job reaches $100K cap,not_checked,,"No free bulk Massachusetts registry or original trade-license dataset is available (see unavailable sources). Organization dates are unknown, so no Massachusetts business can be marked ready.",,,,,,unknown,,,unknown,unknown,unknown (no matched retirement-plan filing in searched years),,,,,unknown,,review,"record date unknown: No free bulk Massachusetts registry or original trade-license dataset is available (see unavailable sources). Organization dates are unknown, so no Massachusetts business can be marked ready.",not_ready,SBA PPP CSV (LoanNumber 8085287100) https://data.sba.gov/sites/default/files/distribution/SBA-OCA-2022-07-001/public_150k_plus_240930.csv,20261007T202810Z,20261007T202838Z,yes
biz-253,TC TYNDALL AND CLARK PLUMBING AND HEATING CO,,18 ATLANTIC AVE,SOUTH DENNIS,MA,02660,TC TYNDALL AND CLARK PLUMBING AND HEATING CO,Subchapter S Corporation,single loan,1,8095347109,8095347109:first draw,8095347109:183900.00,8095347109:04/15/2020,8095347109:Paid in Full,"Citizens Bank, National Association",8095347109:12,882720,"8095347109 (PPP, 04/15/2020): 183,900.00 / 2.5 x 12",not_checked,,"No free bulk Massachusetts registry or original trade-license dataset is available (see unavailable sources). Organization dates are unknown, so no Massachusetts business can be marked ready.",,,,,,unknown,,,unknown,unknown,unknown (no matched retirement-plan filing in searched years),,,,,unknown,,review,"record date unknown: No free bulk Massachusetts registry or original trade-license dataset is available (see unavailable sources). Organization dates are unknown, so no Massachusetts business can be marked ready.",not_ready,SBA PPP CSV (LoanNumber 8095347109) https://data.sba.gov/sites/default/files/distribution/SBA-OCA-2022-07-001/public_150k_plus_240930.csv,20261007T202810Z,20261007T202838Z,yes
biz-254,MINUS ELEVEN INC,,70 Finnell Drive Suite 11,WEYMOUTH,MA,02188,MINUS ELEVEN INC,Corporation,single loan,1,8104777101,8104777101:first draw,8104777101:256300.00,8104777101:04/15/2020,8104777101:Paid in Full,"Citizens Bank, National Association",8104777101:15,1230240,"8104777101 (PPP, 04/15/2020): 256,300.00 / 2.5 x 12",not_checked,,"No free bulk Massachusetts registry or original trade-license dataset is available (see unavailable sources). Organization dates are unknown, so no Massachusetts business can be marked ready.",,,,,,unknown,,,unknown,unknown,unknown (no matched retirement-plan filing in searched years),,,,,unknown,,review,"record date unknown: No free bulk Massachusetts registry or original trade-license dataset is available (see unavailable sources). Organization dates are unknown, so no Massachusetts business can be marked ready.",not_ready,SBA PPP CSV (LoanNumber 8104777101) https://data.sba.gov/sites/default/files/distribution/SBA-OCA-2022-07-001/public_150k_plus_240930.csv,20261007T202810Z,20261007T202838Z,yes
biz-255,BUDGE IT DRAINS INC,,571 ELM ST unit B,BRIDGEWATER,MA,02324,BUDGE IT DRAINS INC,Corporation,single loan,1,8146947102,8146947102:first draw,8146947102:214400.00,8146947102:04/15/2020,8146947102:Paid in Full,"Citizens Bank, National Association",8146947102:15,1029120,"8146947102 (PPP, 04/15/2020): 214,400.00 / 2.5 x 12",not_checked,,"No free bulk Massachusetts registry or original trade-license dataset is available (see unavailable sources). Organization dates are unknown, so no Massachusetts business can be marked ready.",,,,,,unknown,,,unknown,unknown,filing found,800923812-001,800923812-001:2025-01-01..2025-12-31,800923812-001:2026-05-13,800923812-001:20,20,"800923812-001 (medium): sponsor name 'BUDGE IT DRAINS' matches; sponsor address corroborates (571 ELM ST UNIT B, BRIDGEWATER MA 023241073)",review,"record date unknown: No free bulk Massachusetts registry or original trade-license dataset is available (see unavailable sources). Organization dates are unknown, so no Massachusetts business can be marked ready.",not_ready,SBA PPP CSV (LoanNumber 8146947102) https://data.sba.gov/sites/default/files/distribution/SBA-OCA-2022-07-001/public_150k_plus_240930.csv | DOL 5500-SF 2025 ACK 20260513123628NAL0009527456001 https://askebsa.dol.gov/FOIA%20Files/2025/Latest/F_5500_SF_2025_Latest.zip,20261007T202810Z,20261007T202838Z,yes
biz-256,R.P.HOLMES,,97 Border Street,West Newton,MA,02465,R.P.HOLMES,Subchapter S Corporation,single loan,1,8148187103,8148187103:first draw,8148187103:213400.00,8148187103:04/15/2020,8148187103:Paid in Full,"Citizens Bank, National Association",8148187103:9,unknown,unknown: 8148187103: implied pay per reported job reaches $100K cap,not_checked,,"No free bulk Massachusetts registry or original trade-license dataset is available (see unavailable sources). Organization dates are unknown, so no Massachusetts business can be marked ready.",,,,,,unknown,,,unknown,unknown,filing found,042265598-001,042265598-001:2025-01-01..2025-12-31,042265598-001:2026-03-13,042265598-001:11,11,"042265598-001 (medium): sponsor name 'R.P. HOLMES CORPORATION' matches; sponsor address corroborates (97 BORDER STREET, WEST NEWTON MA 02465)",review,"record date unknown: No free bulk Massachusetts registry or original trade-license dataset is available (see unavailable sources). Organization dates are unknown, so no Massachusetts business can be marked ready.",not_ready,SBA PPP CSV (LoanNumber 8148187103) https://data.sba.gov/sites/default/files/distribution/SBA-OCA-2022-07-001/public_150k_plus_240930.csv | DOL 5500-SF 2025 ACK 20260313073918NAL0008519650001 https://askebsa.dol.gov/FOIA%20Files/2025/Latest/F_5500_SF_2025_Latest.zip,20261007T202810Z,20261007T202838Z,yes
biz-257,J & J HEATING & AC INC.,,17 ARLINGTON ST,DRACUT,MA,01826,J & J HEATING & AC INC.,Corporation,single loan,1,8560557109,8560557109:first draw,8560557109:626900.00,8560557109:04/15/2020,8560557109:Paid in Full,Jeanne D' Arc CU,8560557109:47,3009120,"8560557109 (PPP, 04/15/2020): 626,900.00 / 2.5 x 12",not_checked,,"No free bulk Massachusetts registry or original trade-license dataset is available (see unavailable sources). Organization dates are unknown, so no Massachusetts business can be marked ready.",,,,,,unknown,,,unknown,unknown,unknown (no matched retirement-plan filing in searched years),,,,,unknown,,review,"record date unknown: No free bulk Massachusetts registry or original trade-license dataset is available (see unavailable sources). Organization dates are unknown, so no Massachusetts business can be marked ready.",not_ready,SBA PPP CSV (LoanNumber 8560557109) https://data.sba.gov/sites/default/files/distribution/SBA-OCA-2022-07-001/public_150k_plus_240930.csv,20261007T202810Z,20261007T202838Z,yes
biz-258,KNEELAND PLUMBING & HEATING INC,,63 HAMMOND ST,ROWLEY,MA,01969,KNEELAND PLUMBING & HEATING INC,Corporation,single loan,1,8609347107,8609347107:first draw,8609347107:206470.00,8609347107:04/15/2020,8609347107:Paid in Full,Brookline Bank,8609347107:12,991056,"8609347107 (PPP, 04/15/2020): 206,470.00 / 2.5 x 12",not_checked,,"No free bulk Massachusetts registry or original trade-license dataset is available (see unavailable sources). Organization dates are unknown, so no Massachusetts business can be marked ready.",,,,,,unknown,,,unknown,unknown,filing found,042687185-011,042687185-011:2025-01-01..2025-12-31,042687185-011:2026-05-11,042687185-011:9,9,"042687185-011 (medium): sponsor name 'KNEELAND PLUMBING & HEATING, INC.' matches; sponsor address corroborates (63 HAMMOND STREET, ROWLEY MA 01969)",review,"record date unknown: No free bulk Massachusetts registry or original trade-license dataset is available (see unavailable sources). Organization dates are unknown, so no Massachusetts business can be marked ready.",not_ready,SBA PPP CSV (LoanNumber 8609347107) https://data.sba.gov/sites/default/files/distribution/SBA-OCA-2022-07-001/public_150k_plus_240930.csv | DOL 5500-SF 2025 ACK 20260511075438NAL0005480769001 https://askebsa.dol.gov/FOIA%20Files/2025/Latest/F_5500_SF_2025_Latest.zip,20261007T202810Z,20261007T202838Z,yes
biz-259,"JERRY DALEY & SONS PLUMBING & HEATING, INC",,91 TYNGSBORO RD,N. CHELMSFORD,MA,01863,"JERRY DALEY & SONS PLUMBING & HEATING, INC",Corporation,single loan,1,8609587109,8609587109:first draw,8609587109:162640.35,8609587109:04/15/2020,8609587109:Paid in Full,Washington Savings Bank,8609587109:11,780674,"8609587109 (PPP, 04/15/2020): 162,640.35 / 2.5 x 12",not_checked,,"No free bulk Massachusetts registry or original trade-license dataset is available (see unavailable sources). Organization dates are unknown, so no Massachusetts business can be marked ready.",,,,,,unknown,,,unknown,unknown,unknown (no matched retirement-plan filing in searched years),,,,,unknown,,review,"record date unknown: No free bulk Massachusetts registry or original trade-license dataset is available (see unavailable sources). Organization dates are unknown, so no Massachusetts business can be marked ready.",not_ready,SBA PPP CSV (LoanNumber 8609587109) https://data.sba.gov/sites/default/files/distribution/SBA-OCA-2022-07-001/public_150k_plus_240930.csv,20261007T202810Z,20261007T202838Z,yes
biz-260,ZONE MECHANICAL INC.,,160 Bear Hill Rd,Waltham,MA,02451,ZONE MECHANICAL INC | ZONE MECHANICAL INC.,Corporation,same legal name + same street address + ZIP,2,8612297106;7366998306,8612297106:first draw;7366998306:second draw,8612297106:279490.00;7366998306:277300.00,8612297106:04/15/2020;7366998306:01/28/2021,8612297106:Paid in Full;7366998306:Paid in Full,StonehamBank,8612297106:16;7366998306:14,1341552,"8612297106 (PPP, 04/15/2020): 279,490.00 / 2.5 x 12",not_checked,,"No free bulk Massachusetts registry or original trade-license dataset is available (see unavailable sources). Organization dates are unknown, so no Massachusetts business can be marked ready.",,,,,,unknown,,,unknown,unknown,unknown (no matched retirement-plan filing in searched years),,,,,unknown,,review,"record date unknown: No free bulk Massachusetts registry or original trade-license dataset is available (see unavailable sources). Organization dates are unknown, so no Massachusetts business can be marked ready.",not_ready,SBA PPP CSV (LoanNumber 8612297106;7366998306) https://data.sba.gov/sites/default/files/distribution/SBA-OCA-2022-07-001/public_150k_plus_240930.csv,20261007T202810Z,20261007T202838Z,yes
biz-261,MOURADIAN PLUMBING AND HEATING INC,,32 Prentiss Rd Ste 204,Arlington,MA,02476,MOURADIAN PLUMBING & HEATING INC. | MOURADIAN PLUMBING AND HEATING INC,Corporation,same legal name + same street address + ZIP,2,8680727106;4680708501,8680727106:first draw;4680708501:second draw,8680727106:211870.00;4680708501:158862.00,8680727106:04/15/2020;4680708501:02/26/2021,8680727106:Paid in Full;4680708501:Paid in Full,"TD Bank, National Association",8680727106:11;4680708501:11,1016976,"8680727106 (PPP, 04/15/2020): 211,870.00 / 2.5 x 12",not_checked,,"No free bulk Massachusetts registry or original trade-license dataset is available (see unavailable sources). Organization dates are unknown, so no Massachusetts business can be marked ready.",,,,,,unknown,,,unknown,unknown,unknown (no matched retirement-plan filing in searched years),,,,,unknown,,review,"record date unknown: No free bulk Massachusetts registry or original trade-license dataset is available (see unavailable sources). Organization dates are unknown, so no Massachusetts business can be marked ready.",not_ready,SBA PPP CSV (LoanNumber 8680727106;4680708501) https://data.sba.gov/sites/default/files/distribution/SBA-OCA-2022-07-001/public_150k_plus_240930.csv,20261007T202810Z,20261007T202838Z,yes
biz-262,PETER GARABEDIAN PLUMBING,,208 AUSTIN STREET,WORCESTER,MA,01609,PETER GARABEDIAN PLUMBING,Partnership,single loan,1,8708097110,8708097110:first draw,8708097110:375347.00,8708097110:04/15/2020,8708097110:Paid in Full,"TD Bank, National Association",8708097110:26,unknown,unknown: 8708097110: business type 'Partnership' may use owner income/SE basis,not_checked,,"No free bulk Massachusetts registry or original trade-license dataset is available (see unavailable sources). Organization dates are unknown, so no Massachusetts business can be marked ready.",,,,,,unknown,,,unknown,unknown,unknown (no matched retirement-plan filing in searched years),,,,,unknown,,review,"record date unknown: No free bulk Massachusetts registry or original trade-license dataset is available (see unavailable sources). Organization dates are unknown, so no Massachusetts business can be marked ready.",not_ready,SBA PPP CSV (LoanNumber 8708097110) https://data.sba.gov/sites/default/files/distribution/SBA-OCA-2022-07-001/public_150k_plus_240930.csv,20261007T202810Z,20261007T202838Z,yes
biz-263,"BURNELL CONTROLS, INC.",,153 Andover Street Suite 202,DANVERS,MA,01923,"BURNELL CONTROLS, INC.",Subchapter S Corporation,single loan,1,8818687100,8818687100:first draw,8818687100:652044.00,8818687100:04/15/2020,8818687100:Paid in Full,StonehamBank,8818687100:31,unknown,unknown: 8818687100: EIDL refinance added to loan; current amount differs from initial approval; implied pay per reported job reaches $100K cap,not_checked,,"No free bulk Massachusetts registry or original trade-license dataset is available (see unavailable sources). Organization dates are unknown, so no Massachusetts business can be marked ready.",,,,,,unknown,,,unknown,unknown,unknown (no matched retirement-plan filing in searched years),,,,,unknown,,review,"record date unknown: No free bulk Massachusetts registry or original trade-license dataset is available (see unavailable sources). Organization dates are unknown, so no Massachusetts business can be marked ready.",not_ready,SBA PPP CSV (LoanNumber 8818687100) https://data.sba.gov/sites/default/files/distribution/SBA-OCA-2022-07-001/public_150k_plus_240930.csv,20261007T202810Z,20261007T202838Z,yes
biz-264,RACEPOINT ENERGY LLC,,886 Main Street,Osterville,MA,02655,RACEPOINT ENERGY LLC,Partnership,single loan,1,8900317104,8900317104:first draw,8900317104:1041667.00,8900317104:04/15/2020,8900317104:Paid in Full,"TD Bank, National Association",8900317104:50,unknown,unknown: 8900317104: business type 'Partnership' may use owner income/SE basis; implied pay per reported job reaches $100K cap,not_checked,,"No free bulk Massachusetts registry or original trade-license dataset is available (see unavailable sources). Organization dates are unknown, so no Massachusetts business can be marked ready.",,,,,,unknown,,,unknown,unknown,unknown (no matched retirement-plan filing in searched years),,,,,unknown,,review,"record date unknown: No free bulk Massachusetts registry or original trade-license dataset is available (see unavailable sources). Organization dates are unknown, so no Massachusetts business can be marked ready.",not_ready,SBA PPP CSV (LoanNumber 8900317104) https://data.sba.gov/sites/default/files/distribution/SBA-OCA-2022-07-001/public_150k_plus_240930.csv,20261007T202810Z,20261007T202838Z,yes
biz-265,RST THERMAL INC,,372 University Ave # 0,Westwood,MA,02090,"RST THERMAL INC | RST THERMAL, INC",Subchapter S Corporation,same legal name + same ZIP (street spelling differs),2,8988617104;6614848509,8988617104:first draw;6614848509:second draw,8988617104:198910.00;6614848509:166967.00,8988617104:04/15/2020;6614848509:03/04/2021,8988617104:Paid in Full;6614848509:Paid in Full,Rockland Trust Company,8988617104:9;6614848509:9,801442,"6614848509 (PPS, 03/04/2021): 166,967.00 / 2.5 x 12",not_checked,,"No free bulk Massachusetts registry or original trade-license dataset is available (see unavailable sources). Organization dates are unknown, so no Massachusetts business can be marked ready.",,,,,,unknown,,,unknown,unknown,unknown (no matched retirement-plan filing in searched years),,,,,unknown,,review,"record date unknown: No free bulk Massachusetts registry or original trade-license dataset is available (see unavailable sources). Organization dates are unknown, so no Massachusetts business can be marked ready.",not_ready,SBA PPP CSV (LoanNumber 8988617104;6614848509) https://data.sba.gov/sites/default/files/distribution/SBA-OCA-2022-07-001/public_150k_plus_240930.csv,20261007T202810Z,20261007T202838Z,yes
biz-266,"RENE L. COTE SONS, INC.",,896 MAIN ST,HOLYOKE,MA,01040,"RENE L. COTE SONS, INC.",Corporation,single loan,1,9054057103,9054057103:first draw,9054057103:252107.00,9054057103:04/15/2020,9054057103:Paid in Full,Westfield Bank,9054057103:12,unknown,unknown: 9054057103: implied pay per reported job reaches $100K cap,not_checked,,"No free bulk Massachusetts registry or original trade-license dataset is available (see unavailable sources). Organization dates are unknown, so no Massachusetts business can be marked ready.",,,,,,unknown,,,unknown,unknown,filing found,042521327-001,042521327-001:2024-04-01..2025-03-31,042521327-001:2025-09-22,042521327-001:10,10,"042521327-001 (medium): sponsor name 'RENE L. COTE SONS, INC.' matches; sponsor address corroborates (896 MAIN STREET, HOLYOKE MA 01040)",review,"record date unknown: No free bulk Massachusetts registry or original trade-license dataset is available (see unavailable sources). Organization dates are unknown, so no Massachusetts business can be marked ready.",not_ready,SBA PPP CSV (LoanNumber 9054057103) https://data.sba.gov/sites/default/files/distribution/SBA-OCA-2022-07-001/public_150k_plus_240930.csv | DOL 5500 2024 ACK 20250922094453NAL0005046545001 https://askebsa.dol.gov/FOIA%20Files/2024/Latest/F_5500_2024_Latest.zip,20261007T202810Z,20261007T202838Z,yes
biz-267,MACDOUGALL PLUMBING & MECHANICAL LLC,,406 Libbey Industrial Pkwy # 0,East Weymouth,MA,02189,"MACDOUGALL PLUMBING & MECHANICAL LLC | MACDOUGALL PLUMBING & MECHANICAL, LLC",Corporation,same legal name + same ZIP (street spelling differs),2,9060017109;2609448700,9060017109:first draw;2609448700:second draw,9060017109:393134.32;2609448700:399315.00,9060017109:04/15/2020;2609448700:03/30/2021,9060017109:Paid in Full;2609448700:Paid in Full,Rockland Trust Company,9060017109:30;2609448700:27,1887045,"9060017109 (PPP, 04/15/2020): 393,134.32 / 2.5 x 12",not_checked,,"No free bulk Massachusetts registry or original trade-license dataset is available (see unavailable sources). Organization dates are unknown, so no Massachusetts business can be marked ready.",,,,,,unknown,,,unknown,unknown,filing found,275028936-001,275028936-001:2025-01-01..2025-12-31,275028936-001:2026-07-10,275028936-001:35,35,"275028936-001 (medium): sponsor name 'MACDOUGALL PLUMBING AND MECHANICAL' matches; sponsor address corroborates (406 LIBBEY INDUSTRIAL PARKWAY, WEYMOUTH MA 02189)",review,"record date unknown: No free bulk Massachusetts registry or original trade-license dataset is available (see unavailable sources). Organization dates are unknown, so no Massachusetts business can be marked ready.",not_ready,SBA PPP CSV (LoanNumber 9060017109;2609448700) https://data.sba.gov/sites/default/files/distribution/SBA-OCA-2022-07-001/public_150k_plus_240930.csv | DOL 5500-SF 2025 ACK 20260710053159NAL0000957617001 https://askebsa.dol.gov/FOIA%20Files/2025/Latest/F_5500_SF_2025_Latest.zip,20261007T202810Z,20261007T202838Z,yes
biz-268,"THOMAS J. KENNEDY PLUMBING, HEATING, & HVAC, INC.",,1635 BROADWAY Suite #2,RAYNHAM,MA,02767,"THOMAS J. KENNEDY PLUMBING, HEATING, & HVAC, INC.",Subchapter S Corporation,single loan,1,9132807110,9132807110:first draw,9132807110:539000.00,9132807110:04/15/2020,9132807110:Paid in Full,Bluestone Bank,9132807110:42,2587200,"9132807110 (PPP, 04/15/2020): 539,000.00 / 2.5 x 12",not_checked,,"No free bulk Massachusetts registry or original trade-license dataset is available (see unavailable sources). Organization dates are unknown, so no Massachusetts business can be marked ready.",,,,,,unknown,,,unknown,unknown,filing found,200486459-001,200486459-001:2024-01-01..2024-12-31,200486459-001:2025-10-08,200486459-001:39,39,"200486459-001 (medium): sponsor name 'THOMAS J. KENNEDY PLUMBING, HEATING & HVAC, INC.' matches; sponsor address corroborates (1635 BROADWAY, SUITE 2, RAYNHAM MA 02767)",review,"record date unknown: No free bulk Massachusetts registry or original trade-license dataset is available (see unavailable sources). Organization dates are unknown, so no Massachusetts business can be marked ready.",not_ready,SBA PPP CSV (LoanNumber 9132807110) https://data.sba.gov/sites/default/files/distribution/SBA-OCA-2022-07-001/public_150k_plus_240930.csv | DOL 5500-SF 2024 ACK 20251008124559NAL0005563665001 https://askebsa.dol.gov/FOIA%20Files/2024/Latest/F_5500_SF_2024_Latest.zip,20261007T202810Z,20261007T202838Z,yes
biz-269,"NORTHSTAR MECHANICAL, INC.",,95 CAMELOT DR UNIT 1,PLYMOUTH,MA,02360,"NORTHSTAR MECHANICAL, INC.",Subchapter S Corporation,single loan,1,9179037101,9179037101:first draw,9179037101:272000.00,9179037101:04/15/2020,9179037101:Paid in Full,Rockland Trust Company,9179037101:17,1305600,"9179037101 (PPP, 04/15/2020): 272,000.00 / 2.5 x 12",not_checked,,"No free bulk Massachusetts registry or original trade-license dataset is available (see unavailable sources). Organization dates are unknown, so no Massachusetts business can be marked ready.",,,,,,unknown,,,unknown,unknown,unknown (no matched retirement-plan filing in searched years),,,,,unknown,,review,"record date unknown: No free bulk Massachusetts registry or original trade-license dataset is available (see unavailable sources). Organization dates are unknown, so no Massachusetts business can be marked ready.",not_ready,SBA PPP CSV (LoanNumber 9179037101) https://data.sba.gov/sites/default/files/distribution/SBA-OCA-2022-07-001/public_150k_plus_240930.csv,20261007T202810Z,20261007T202838Z,yes
biz-270,CONTROLAIR SYSTEMS INC,,25 Ray Ave,Burlington,MA,01803,"CONTROLAIR SYSTEMS INC | CONTROLAIR SYSTEMS, INC.",Corporation,same legal name + same street address + ZIP,2,9205897106;2643138302,9205897106:first draw;2643138302:second draw,9205897106:658770.00;2643138302:658770.00,9205897106:04/15/2020;2643138302:01/21/2021,9205897106:Paid in Full;2643138302:Paid in Full,"Santander Bank, National Association",9205897106:46;2643138302:43,3162096,"9205897106 (PPP, 04/15/2020): 658,770.00 / 2.5 x 12",not_checked,,"No free bulk Massachusetts registry or original trade-license dataset is available (see unavailable sources). Organization dates are unknown, so no Massachusetts business can be marked ready.",,,,,,unknown,,,unknown,unknown,unknown (no matched retirement-plan filing in searched years),,,,,unknown,,review,"record date unknown: No free bulk Massachusetts registry or original trade-license dataset is available (see unavailable sources). Organization dates are unknown, so no Massachusetts business can be marked ready.",not_ready,SBA PPP CSV (LoanNumber 9205897106;2643138302) https://data.sba.gov/sites/default/files/distribution/SBA-OCA-2022-07-001/public_150k_plus_240930.csv,20261007T202810Z,20261007T202838Z,yes
biz-271,REID MECHANICAL CORPORATION,,27 CHARLES ST #3,NORTH ANDOVER,MA,01845,REID MECHANICAL CORPORATION,Corporation,single loan,1,9326867104,9326867104:first draw,9326867104:160700.00,9326867104:04/15/2020,9326867104:Paid in Full,Enterprise Bank and Trust Company,9326867104:11,771360,"9326867104 (PPP, 04/15/2020): 160,700.00 / 2.5 x 12",not_checked,,"No free bulk Massachusetts registry or original trade-license dataset is available (see unavailable sources). Organization dates are unknown, so no Massachusetts business can be marked ready.",,,,,,unknown,,,unknown,unknown,unknown (no matched retirement-plan filing in searched years),,,,,unknown,,review,"record date unknown: No free bulk Massachusetts registry or original trade-license dataset is available (see unavailable sources). Organization dates are unknown, so no Massachusetts business can be marked ready.",not_ready,SBA PPP CSV (LoanNumber 9326867104) https://data.sba.gov/sites/default/files/distribution/SBA-OCA-2022-07-001/public_150k_plus_240930.csv,20261007T202810Z,20261007T202838Z,yes
biz-272,WILLWERTH PLUMBING & HEATING INC.,,126 MAIN ST,NORTH READING,MA,01864,WILLWERTH PLUMBING & HEATING INC.,Corporation,single loan,1,9768127102,9768127102:first draw,9768127102:154700.00,9768127102:04/15/2020,9768127102:Paid in Full,East Cambridge Savings Bank,9768127102:10,742560,"9768127102 (PPP, 04/15/2020): 154,700.00 / 2.5 x 12",not_checked,,"No free bulk Massachusetts registry or original trade-license dataset is available (see unavailable sources). Organization dates are unknown, so no Massachusetts business can be marked ready.",,,,,,unknown,,,unknown,unknown,unknown (no matched retirement-plan filing in searched years),,,,,unknown,,review,"record date unknown: No free bulk Massachusetts registry or original trade-license dataset is available (see unavailable sources). Organization dates are unknown, so no Massachusetts business can be marked ready.",not_ready,SBA PPP CSV (LoanNumber 9768127102) https://data.sba.gov/sites/default/files/distribution/SBA-OCA-2022-07-001/public_150k_plus_240930.csv,20261007T202810Z,20261007T202838Z,yes
biz-273,"ROBIE'S REFRIGERATION, INC.",,279 YARMOUTH RD,HYANNIS,MA,02601,"ROBIE'S REFRIGERATION, INC.",Corporation,single loan,1,9990147109,9990147109:first draw,9990147109:178260.00,9990147109:04/15/2020,9990147109:Paid in Full,Eastern Bank,9990147109:33,855648,"9990147109 (PPP, 04/15/2020): 178,260.00 / 2.5 x 12",not_checked,,"No free bulk Massachusetts registry or original trade-license dataset is available (see unavailable sources). Organization dates are unknown, so no Massachusetts business can be marked ready.",,,,,,unknown,,,unknown,unknown,filing found,042265250-001,042265250-001:2025-01-01..2025-12-31,042265250-001:2026-07-17,042265250-001:52,52,"042265250-001 (medium): sponsor name 'ROBIE'S REFRIGERATION, INC.' matches; sponsor address corroborates (279 YARMOUTH ROAD, HYANNIS MA 02601)",review,"record date unknown: No free bulk Massachusetts registry or original trade-license dataset is available (see unavailable sources). Organization dates are unknown, so no Massachusetts business can be marked ready.",not_ready,SBA PPP CSV (LoanNumber 9990147109) https://data.sba.gov/sites/default/files/distribution/SBA-OCA-2022-07-001/public_150k_plus_240930.csv | DOL 5500-SF 2025 ACK 20260717021617NAL0006759456001 https://askebsa.dol.gov/FOIA%20Files/2025/Latest/F_5500_SF_2025_Latest.zip,20261007T202810Z,20261007T202838Z,yes
biz-274,"ALTERNATIVE CREATIVE ENERGY & HVAC, INC.",,55 Union St,Blackstone,MA,01504,"ALTERNATIVE CREATIVE ENERGY & HVAC, INC.",Corporation,same legal name + same street address + ZIP,2,9990767107;4116488310,9990767107:first draw;4116488310:second draw,9990767107:346400.00;4116488310:346400.00,9990767107:04/15/2020;4116488310:01/22/2021,9990767107:Paid in Full;4116488310:Paid in Full,"Citizens Bank, National Association",9990767107:30;4116488310:28,1662720,"9990767107 (PPP, 04/15/2020): 346,400.00 / 2.5 x 12",not_checked,,"No free bulk Massachusetts registry or original trade-license dataset is available (see unavailable sources). Organization dates are unknown, so no Massachusetts business can be marked ready.",,,,,,unknown,,,unknown,unknown,unknown (no matched retirement-plan filing in searched years),,,,,unknown,,review,"record date unknown: No free bulk Massachusetts registry or original trade-license dataset is available (see unavailable sources). Organization dates are unknown, so no Massachusetts business can be marked ready.",not_ready,SBA PPP CSV (LoanNumber 9990767107;4116488310) https://data.sba.gov/sites/default/files/distribution/SBA-OCA-2022-07-001/public_150k_plus_240930.csv,20261007T202810Z,20261007T202838Z,yes
biz-275,PREMIER MECHANICAL LLC,,220 Commercial St,Boston,MA,02109,PREMIER MECHANICAL LLC,Subchapter S Corporation,same legal name + same street address + ZIP,2,2639817208;1809568701,2639817208:first draw;1809568701:second draw,2639817208:439900.00;1809568701:439900.00,2639817208:04/16/2020;1809568701:03/27/2021,2639817208:Paid in Full;1809568701:Paid in Full,"Citizens Bank, National Association",2639817208:19;1809568701:19,unknown,unknown: 2639817208: implied pay per reported job reaches $100K cap,not_checked,,"No free bulk Massachusetts registry or original trade-license dataset is available (see unavailable sources). Organization dates are unknown, so no Massachusetts business can be marked ready.",,,,,,unknown,,,unknown,unknown,filing found,475334263-001,475334263-001:2024-01-01..2024-12-31,475334263-001:2025-07-10,475334263-001:15,15,"475334263-001 (medium): sponsor name 'PREMIER MECHANICAL, LLC' matches; sponsor address corroborates (220 COMMERCIAL STREET, BOSTON MA 02109)",review,"record date unknown: No free bulk Massachusetts registry or original trade-license dataset is available (see unavailable sources). Organization dates are unknown, so no Massachusetts business can be marked ready.",not_ready,SBA PPP CSV (LoanNumber 2639817208;1809568701) https://data.sba.gov/sites/default/files/distribution/SBA-OCA-2022-07-001/public_150k_plus_240930.csv | DOL 5500-SF 2024 ACK 20250710161228NAL0015520674001 https://askebsa.dol.gov/FOIA%20Files/2024/Latest/F_5500_SF_2024_Latest.zip,20261007T202810Z,20261007T202838Z,yes
biz-276,"A AND K PLUMBING AND HEATING, INC.",,64 Shirley Avenue,Revere,MA,02151,"A AND K PLUMBING AND HEATING, INC.",Subchapter S Corporation,single loan,1,2680687208,2680687208:first draw,2680687208:158100.00,2680687208:04/16/2020,2680687208:Paid in Full,"Citizens Bank, National Association",2680687208:12,758880,"2680687208 (PPP, 04/16/2020): 158,100.00 / 2.5 x 12",not_checked,,"No free bulk Massachusetts registry or original trade-license dataset is available (see unavailable sources). Organization dates are unknown, so no Massachusetts business can be marked ready.",,,,,,unknown,,,unknown,unknown,unknown (no matched retirement-plan filing in searched years),,,,,unknown,,review,"record date unknown: No free bulk Massachusetts registry or original trade-license dataset is available (see unavailable sources). Organization dates are unknown, so no Massachusetts business can be marked ready.",not_ready,SBA PPP CSV (LoanNumber 2680687208) https://data.sba.gov/sites/default/files/distribution/SBA-OCA-2022-07-001/public_150k_plus_240930.csv,20261007T202810Z,20261007T202838Z,yes
biz-277,GENNARI PLUMBING & HEATING INC.,,305 Stockbridge Rd,Great Barrington,MA,01230,"GENNARI PLUMBING & HEATING INC. | GENNARI PLUMBING & HEATING, INC",Corporation,same legal name + same street address + ZIP,2,2904647207;5201058309,2904647207:first draw;5201058309:second draw,2904647207:214900.00;5201058309:224900.00,2904647207:04/16/2020;5201058309:01/25/2021,2904647207:Paid in Full;5201058309:Paid in Full,Greylock FCU,2904647207:12;5201058309:12,1031520,"2904647207 (PPP, 04/16/2020): 214,900.00 / 2.5 x 12",not_checked,,"No free bulk Massachusetts registry or original trade-license dataset is available (see unavailable sources). Organization dates are unknown, so no Massachusetts business can be marked ready.",,,,,,unknown,,,unknown,unknown,unknown (no matched retirement-plan filing in searched years),,,,,unknown,,review,"record date unknown: No free bulk Massachusetts registry or original trade-license dataset is available (see unavailable sources). Organization dates are unknown, so no Massachusetts business can be marked ready.",not_ready,SBA PPP CSV (LoanNumber 2904647207;5201058309) https://data.sba.gov/sites/default/files/distribution/SBA-OCA-2022-07-001/public_150k_plus_240930.csv,20261007T202810Z,20261007T202838Z,yes
biz-278,DF PLUMBING & MECHANICAL CONTRACTORS,,9 STADLER ST,BELCHERTOWN,MA,01007,DF PLUMBING & MECHANICAL CONTRACTORS,Limited  Liability Company(LLC),single loan,1,3052877210,3052877210:first draw,3052877210:279200.00,3052877210:04/16/2020,3052877210:Paid in Full,Country Bank for Savings,3052877210:25,unknown,unknown: 3052877210: business type 'Limited  Liability Company(LLC)' may use owner income/SE basis; current amount differs from initial approval,not_checked,,"No free bulk Massachusetts registry or original trade-license dataset is available (see unavailable sources). Organization dates are unknown, so no Massachusetts business can be marked ready.",,,,,,unknown,,,unknown,unknown,unknown (no matched retirement-plan filing in searched years),,,,,unknown,,review,"record date unknown: No free bulk Massachusetts registry or original trade-license dataset is available (see unavailable sources). Organization dates are unknown, so no Massachusetts business can be marked ready.",not_ready,SBA PPP CSV (LoanNumber 3052877210) https://data.sba.gov/sites/default/files/distribution/SBA-OCA-2022-07-001/public_150k_plus_240930.csv,20261007T202810Z,20261007T202838Z,yes
biz-279,"BRENNAN & CO., LLC",,"79 Madaline Lane 148 Katama Rd Edgrtown, MA",Vineyard Haven,MA,02568,"BRENNAN & CO., LLC",Subchapter S Corporation,single loan,1,3112007210,3112007210:first draw,3112007210:227500.00,3112007210:04/16/2020,3112007210:Paid in Full,Martha's Vineyard Bank,3112007210:20,1092000,"3112007210 (PPP, 04/16/2020): 227,500.00 / 2.5 x 12",not_checked,,"No free bulk Massachusetts registry or original trade-license dataset is available (see unavailable sources). Organization dates are unknown, so no Massachusetts business can be marked ready.",,,,,,unknown,,,unknown,unknown,filing found,300099805-001,300099805-001:2025-01-01..2025-12-31,300099805-001:2026-06-08,300099805-001:0,0,"300099805-001 (medium): sponsor name 'BRENNAN & CO., LLC' matches; sponsor address corroborates (79 MADALINE LANE, VINEYARD HAVEN MA 02568)",review,"record date unknown: No free bulk Massachusetts registry or original trade-license dataset is available (see unavailable sources). Organization dates are unknown, so no Massachusetts business can be marked ready.",not_ready,SBA PPP CSV (LoanNumber 3112007210) https://data.sba.gov/sites/default/files/distribution/SBA-OCA-2022-07-001/public_150k_plus_240930.csv | DOL 5500-SF 2025 ACK 20260608084356NAL0003526448001 https://askebsa.dol.gov/FOIA%20Files/2025/Latest/F_5500_SF_2025_Latest.zip,20261007T202810Z,20261007T202838Z,yes
biz-280,NORTHEAST PROCESS SYSTEMS INC,,20 Kettle Cove Ln,Gloucester,MA,01930,"NORTHEAST PROCESS SYSTEMS INC | NORTHEAST PROCESS SYSTEMS, INC.",Corporation,same legal name + same street address + ZIP,2,3497667209;3314558510,3497667209:first draw;3314558510:second draw,3497667209:183765.00;3314558510:155665.00,3497667209:04/27/2020;3314558510:02/23/2021,3497667209:Paid in Full;3314558510:Paid in Full,"Santander Bank, National Association",3497667209:11;3314558510:10,882072,"3497667209 (PPP, 04/27/2020): 183,765.00 / 2.5 x 12",not_checked,,"No free bulk Massachusetts registry or original trade-license dataset is available (see unavailable sources). Organization dates are unknown, so no Massachusetts business can be marked ready.",,,,,,unknown,,,unknown,unknown,unknown (no matched retirement-plan filing in searched years),,,,,unknown,,review,"record date unknown: No free bulk Massachusetts registry or original trade-license dataset is available (see unavailable sources). Organization dates are unknown, so no Massachusetts business can be marked ready.",not_ready,SBA PPP CSV (LoanNumber 3497667209;3314558510) https://data.sba.gov/sites/default/files/distribution/SBA-OCA-2022-07-001/public_150k_plus_240930.csv,20261007T202810Z,20261007T202838Z,yes
biz-281,N.B. KENNEY COMPANY INC.,,68 Barnum Rd,Devens,MA,01434,"N.B. KENNEY COMPANY INC. | N.B. KENNEY COMPANY, INC.",Subchapter S Corporation,same legal name + same ZIP (street spelling differs),2,3597477208;9641668502,3597477208:first draw;9641668502:second draw,3597477208:4456300.00;9641668502:2000000.00,3597477208:04/27/2020;9641668502:03/12/2021,3597477208:Paid in Full;9641668502:Paid in Full,"Citibank, N.A.",3597477208:92;9641668502:112,unknown,unknown: 3597477208: implied pay per reported job reaches $100K cap,not_checked,,"No free bulk Massachusetts registry or original trade-license dataset is available (see unavailable sources). Organization dates are unknown, so no Massachusetts business can be marked ready.",,,,,,unknown,,,unknown,unknown,filing found,042733016-001,042733016-001:2024-01-01..2024-12-31,042733016-001:2025-10-10,042733016-001:45,45,"042733016-001 (medium): sponsor name 'N.B. KENNEY COMPANY, INC.' matches; sponsor address corroborates (68 BARNUM ROAD, DEVENS MA 01434)",review,"record date unknown: No free bulk Massachusetts registry or original trade-license dataset is available (see unavailable sources). Organization dates are unknown, so no Massachusetts business can be marked ready.",not_ready,SBA PPP CSV (LoanNumber 3597477208;9641668502) https://data.sba.gov/sites/default/files/distribution/SBA-OCA-2022-07-001/public_150k_plus_240930.csv | DOL 5500-SF 2024 ACK 20251010152833NAL0004748851002 https://askebsa.dol.gov/FOIA%20Files/2024/Latest/F_5500_SF_2024_Latest.zip,20261007T202810Z,20261007T202838Z,yes
biz-282,UNITED HVAC CO. INC.,,333 Weymouth Sttreet,Rockland,MA,02370,UNITED HVAC CO. INC.,Corporation,same legal name + same street address + ZIP,2,3690697209;5392708305,3690697209:first draw;5392708305:second draw,3690697209:1030644.00;5392708305:1030644.00,3690697209:04/27/2020;5392708305:01/25/2021,3690697209:Paid in Full;5392708305:Paid in Full,MountainOne Bank,3690697209:18;5392708305:67,4947091,"5392708305 (PPS, 01/25/2021): 1,030,644.00 / 2.5 x 12",not_checked,,"No free bulk Massachusetts registry or original trade-license dataset is available (see unavailable sources). Organization dates are unknown, so no Massachusetts business can be marked ready.",,,,,,unknown,,,unknown,unknown,filing found,043140956-001,043140956-001:2024-01-01..2024-12-31,043140956-001:2025-04-06,043140956-001:6,6,"043140956-001 (medium): sponsor name 'UNITED HVAC' matches; sponsor address corroborates (333 WEYMOUTH STREET, ROCKLAND MA 02370)",review,"record date unknown: No free bulk Massachusetts registry or original trade-license dataset is available (see unavailable sources). Organization dates are unknown, so no Massachusetts business can be marked ready.",not_ready,SBA PPP CSV (LoanNumber 3690697209;5392708305) https://data.sba.gov/sites/default/files/distribution/SBA-OCA-2022-07-001/public_150k_plus_240930.csv | DOL 5500-SF 2024 ACK 20250406085356NAL0029677778001 https://askebsa.dol.gov/FOIA%20Files/2024/Latest/F_5500_SF_2024_Latest.zip,20261007T202810Z,20261007T202838Z,yes
biz-283,"BASNETT PLUMBING & HEATING, INC.",,438 KING ST,LITTLETON,MA,01460,"BASNETT PLUMBING & HEATING, INC.",Subchapter S Corporation,single loan,1,3719387204,3719387204:first draw,3719387204:288100.00,3719387204:04/27/2020,3719387204:Paid in Full,Enterprise Bank and Trust Company,3719387204:20,1382880,"3719387204 (PPP, 04/27/2020): 288,100.00 / 2.5 x 12",not_checked,,"No free bulk Massachusetts registry or original trade-license dataset is available (see unavailable sources). Organization dates are unknown, so no Massachusetts business can be marked ready.",,,,,,unknown,,,unknown,unknown,filing found,043440475-001,043440475-001:2025-01-01..2025-12-31,043440475-001:2026-07-08,043440475-001:45,45,"043440475-001 (medium): sponsor name 'BASNETT PLUMBING AND HEATING, INC.' matches; sponsor ZIP corroborates (LITTLETON MA 01460)",review,"record date unknown: No free bulk Massachusetts registry or original trade-license dataset is available (see unavailable sources). Organization dates are unknown, so no Massachusetts business can be marked ready.",not_ready,SBA PPP CSV (LoanNumber 3719387204) https://data.sba.gov/sites/default/files/distribution/SBA-OCA-2022-07-001/public_150k_plus_240930.csv | DOL 5500-SF 2025 ACK 20260708023752NAL0015975587001 https://askebsa.dol.gov/FOIA%20Files/2025/Latest/F_5500_SF_2025_Latest.zip,20261007T202810Z,20261007T202838Z,yes
biz-284,SUPERIOR PLUMBING INC,,356 University Ave,WESTWOOD,MA,02090,SUPERIOR PLUMBING INC,Corporation,single loan,1,3834057205,3834057205:first draw,3834057205:4140000.00,3834057205:04/27/2020,3834057205:Paid in Full,Rockland FCU,3834057205:333,19872000,"3834057205 (PPP, 04/27/2020): 4,140,000.00 / 2.5 x 12",not_checked,,"No free bulk Massachusetts registry or original trade-license dataset is available (see unavailable sources). Organization dates are unknown, so no Massachusetts business can be marked ready.",,,,,,unknown,,,unknown,unknown,unknown (no matched retirement-plan filing in searched years),,,,,unknown,,review,"record date unknown: No free bulk Massachusetts registry or original trade-license dataset is available (see unavailable sources). Organization dates are unknown, so no Massachusetts business can be marked ready.",not_ready,SBA PPP CSV (LoanNumber 3834057205) https://data.sba.gov/sites/default/files/distribution/SBA-OCA-2022-07-001/public_150k_plus_240930.csv,20261007T202810Z,20261007T202838Z,yes
biz-285,STEVEN  HENRIQUES,,344 John L. Dietsch Blvd. Unit 8238220,ATTLEBORO FALLS,MA,02763,STEVEN  HENRIQUES,Corporation,single loan,1,3927367203,3927367203:first draw,3927367203:309500.00,3927367203:04/27/2020,3927367203:Paid in Full,Rockland FCU,3927367203:18,1485600,"3927367203 (PPP, 04/27/2020): 309,500.00 / 2.5 x 12",not_checked,,"No free bulk Massachusetts registry or original trade-license dataset is available (see unavailable sources). Organization dates are unknown, so no Massachusetts business can be marked ready.",,,,,,unknown,,,unknown,unknown,unknown (no matched retirement-plan filing in searched years),,,,,unknown,,review,"record date unknown: No free bulk Massachusetts registry or original trade-license dataset is available (see unavailable sources). Organization dates are unknown, so no Massachusetts business can be marked ready.",not_ready,SBA PPP CSV (LoanNumber 3927367203) https://data.sba.gov/sites/default/files/distribution/SBA-OCA-2022-07-001/public_150k_plus_240930.csv,20261007T202810Z,20261007T202838Z,yes
biz-286,"O'KEEFE PLUMBING & HEATING, INC.",,56 PULASKI ST,PEABODY,MA,01960,"O'KEEFE PLUMBING & HEATING, INC.",Subchapter S Corporation,single loan,1,3944847207,3944847207:first draw,3944847207:288765.00,3944847207:04/27/2020,3944847207:Paid in Full,Rockland Trust Company,3944847207:20,1386072,"3944847207 (PPP, 04/27/2020): 288,765.00 / 2.5 x 12",not_checked,,"No free bulk Massachusetts registry or original trade-license dataset is available (see unavailable sources). Organization dates are unknown, so no Massachusetts business can be marked ready.",,,,,,unknown,,,unknown,unknown,filing found,043188335-001,043188335-001:2025-01-01..2025-12-31,043188335-001:2026-02-20,043188335-001:19,19,"043188335-001 (medium): sponsor name 'O'KEEFE PLUMBING AND HEATING, INC.' matches; sponsor address corroborates (56 PULASKI STREET, PEABODY MA 01960)",review,"record date unknown: No free bulk Massachusetts registry or original trade-license dataset is available (see unavailable sources). Organization dates are unknown, so no Massachusetts business can be marked ready.",not_ready,SBA PPP CSV (LoanNumber 3944847207) https://data.sba.gov/sites/default/files/distribution/SBA-OCA-2022-07-001/public_150k_plus_240930.csv | DOL 5500-SF 2025 ACK 20260220160702NAL0010986928001 https://askebsa.dol.gov/FOIA%20Files/2025/Latest/F_5500_SF_2025_Latest.zip,20261007T202810Z,20261007T202838Z,yes
biz-287,C G MECHANICAL INC,,23 BRYANT ST,WOBURN,MA,01801,C G MECHANICAL INC,Corporation,single loan,1,4033147202,4033147202:first draw,4033147202:364100.00,4033147202:04/27/2020,4033147202:Paid in Full,Northern Bank and Trust Company,4033147202:20,1747680,"4033147202 (PPP, 04/27/2020): 364,100.00 / 2.5 x 12",not_checked,,"No free bulk Massachusetts registry or original trade-license dataset is available (see unavailable sources). Organization dates are unknown, so no Massachusetts business can be marked ready.",,,,,,unknown,,,unknown,unknown,unknown (no matched retirement-plan filing in searched years),,,,,unknown,,review,"record date unknown: No free bulk Massachusetts registry or original trade-license dataset is available (see unavailable sources). Organization dates are unknown, so no Massachusetts business can be marked ready.",not_ready,SBA PPP CSV (LoanNumber 4033147202) https://data.sba.gov/sites/default/files/distribution/SBA-OCA-2022-07-001/public_150k_plus_240930.csv,20261007T202810Z,20261007T202838Z,yes
biz-288,MORAN SHEET METAL INC.,,613 Meadow St,Agawam,MA,01001,"MORAN SHEET METAL INC. | MORAN SHEET METAL, INC.",Corporation,same legal name + same street address + ZIP,2,4166767204;4966598304,4166767204:first draw;4966598304:second draw,4166767204:276000.00;4966598304:447895.00,4166767204:04/27/2020;4966598304:01/23/2021,4166767204:Paid in Full;4966598304:Paid in Full,PeoplesBank,4166767204:39;4966598304:16,1324800,"4166767204 (PPP, 04/27/2020): 276,000.00 / 2.5 x 12",not_checked,,"No free bulk Massachusetts registry or original trade-license dataset is available (see unavailable sources). Organization dates are unknown, so no Massachusetts business can be marked ready.",,,,,,unknown,,,unknown,unknown,filing found,043203457-001,043203457-001:2025-01-01..2025-12-31,043203457-001:2026-05-19,043203457-001:4,4,"043203457-001 (medium): sponsor name 'MORAN SHEET METAL, INC.' matches; sponsor address corroborates (613 MEADOW STREET, AGAWAM MA 01001)",review,"record date unknown: No free bulk Massachusetts registry or original trade-license dataset is available (see unavailable sources). Organization dates are unknown, so no Massachusetts business can be marked ready.",not_ready,SBA PPP CSV (LoanNumber 4166767204;4966598304) https://data.sba.gov/sites/default/files/distribution/SBA-OCA-2022-07-001/public_150k_plus_240930.csv | DOL 5500-SF 2025 ACK 20260519113847NAL0000535171001 https://askebsa.dol.gov/FOIA%20Files/2025/Latest/F_5500_SF_2025_Latest.zip,20261007T202810Z,20261007T202838Z,yes
biz-289,J.F PLUMBING LLC,,745 E Squantum St,Quincy,MA,02171,"J.F PLUMBING LLC | J.F PLUMBING, LLC",Limited  Liability Company(LLC),same legal name + same street address + ZIP,2,4289747209;2309088501,4289747209:first draw;2309088501:second draw,4289747209:289922.00;2309088501:289922.00,4289747209:04/27/2020;2309088501:02/20/2021,4289747209:Paid in Full;2309088501:Paid in Full,Rockland Trust Company,4289747209:55;2309088501:12,unknown,unknown: 4289747209: business type 'Limited  Liability Company(LLC)' may use owner income/SE basis,not_checked,,"No free bulk Massachusetts registry or original trade-license dataset is available (see unavailable sources). Organization dates are unknown, so no Massachusetts business can be marked ready.",,,,,,unknown,,,unknown,unknown,filing found,510578864-001,510578864-001:2025-01-01..2025-12-31,510578864-001:2026-07-01,510578864-001:3,3,"510578864-001 (medium): sponsor name 'J.F. PLUMBING LLC' matches; sponsor address corroborates (745 E SQUANTUM ST, QUINCY MA 02171)",review,"record date unknown: No free bulk Massachusetts registry or original trade-license dataset is available (see unavailable sources). Organization dates are unknown, so no Massachusetts business can be marked ready.",not_ready,SBA PPP CSV (LoanNumber 4289747209;2309088501) https://data.sba.gov/sites/default/files/distribution/SBA-OCA-2022-07-001/public_150k_plus_240930.csv | DOL 5500-SF 2025 ACK 20260701135755NAL0013736817001 https://askebsa.dol.gov/FOIA%20Files/2025/Latest/F_5500_SF_2025_Latest.zip,20261007T202810Z,20261007T202838Z,yes
biz-290,"GEORGE T. WILKINSON, INC.",,405 VFW DRIVE,ROCKLAND,MA,02370,"GEORGE T. WILKINSON, INC.",Subchapter S Corporation,single loan,1,4295307202,4295307202:first draw,4295307202:1118192.00,4295307202:04/27/2020,4295307202:Paid in Full,Webster Bank National Association,4295307202:65,5367322,"4295307202 (PPP, 04/27/2020): 1,118,192.00 / 2.5 x 12",not_checked,,"No free bulk Massachusetts registry or original trade-license dataset is available (see unavailable sources). Organization dates are unknown, so no Massachusetts business can be marked ready.",,,,,,unknown,,,unknown,unknown,filing found,042151614-002,042151614-002:2025-01-01..2025-12-31,042151614-002:2026-04-02,042151614-002:72,72,"042151614-002 (medium): sponsor name 'GEORGE T. WILKINSON, INC.' matches; sponsor address corroborates (405 VFW DRIVE, ROCKLAND MA 02370)",review,"record date unknown: No free bulk Massachusetts registry or original trade-license dataset is available (see unavailable sources). Organization dates are unknown, so no Massachusetts business can be marked ready.",not_ready,SBA PPP CSV (LoanNumber 4295307202) https://data.sba.gov/sites/default/files/distribution/SBA-OCA-2022-07-001/public_150k_plus_240930.csv | DOL 5500-SF 2025 ACK 20260402101321NAL0002173025001 https://askebsa.dol.gov/FOIA%20Files/2025/Latest/F_5500_SF_2025_Latest.zip,20261007T202810Z,20261007T202838Z,yes
biz-291,M.J.MORAN INC.,,4 S Main St,Haydenville,MA,01039,"M.J. MORAN, INC. | M.J.MORAN INC.",Subchapter S Corporation,same legal name + same street address + ZIP,2,4387147210;5999518303,4387147210:first draw;5999518303:second draw,4387147210:1108305.00;5999518303:637849.20,4387147210:04/27/2020;5999518303:01/26/2021,4387147210:Paid in Full;5999518303:Paid in Full,Florence Bank,4387147210:67;5999518303:41,5319864,"4387147210 (PPP, 04/27/2020): 1,108,305.00 / 2.5 x 12",not_checked,,"No free bulk Massachusetts registry or original trade-license dataset is available (see unavailable sources). Organization dates are unknown, so no Massachusetts business can be marked ready.",,,,,,unknown,,,unknown,unknown,filing found,042635698-001,042635698-001:2025-01-01..2025-12-31,042635698-001:2026-08-12,042635698-001:41,41,"042635698-001 (medium): sponsor name 'M. J. MORAN, INC.' matches; sponsor address corroborates (4 SOUTH MAIN STREET, P.O. BOX 278, HAYDENVILLE MA 010390278)",review,"record date unknown: No free bulk Massachusetts registry or original trade-license dataset is available (see unavailable sources). Organization dates are unknown, so no Massachusetts business can be marked ready.",not_ready,SBA PPP CSV (LoanNumber 4387147210;5999518303) https://data.sba.gov/sites/default/files/distribution/SBA-OCA-2022-07-001/public_150k_plus_240930.csv | DOL 5500-SF 2025 ACK 20260812111044NAL0013493442001 https://askebsa.dol.gov/FOIA%20Files/2025/Latest/F_5500_SF_2025_Latest.zip,20261007T202810Z,20261007T202838Z,yes
biz-292,STAR PETROLEUM CO INC,,95 Washington Street,Foxboro,MA,02035,STAR PETROLEUM CO INC,Corporation,single loan,1,4424557204,4424557204:first draw,4424557204:260900.00,4424557204:04/27/2020,4424557204:Paid in Full,"TD Bank, National Association",4424557204:25,1252320,"4424557204 (PPP, 04/27/2020): 260,900.00 / 2.5 x 12",not_checked,,"No free bulk Massachusetts registry or original trade-license dataset is available (see unavailable sources). Organization dates are unknown, so no Massachusetts business can be marked ready.",,,,,,unknown,,,unknown,unknown,unknown (no matched retirement-plan filing in searched years),,,,,unknown,,review,"record date unknown: No free bulk Massachusetts registry or original trade-license dataset is available (see unavailable sources). Organization dates are unknown, so no Massachusetts business can be marked ready.",not_ready,SBA PPP CSV (LoanNumber 4424557204) https://data.sba.gov/sites/default/files/distribution/SBA-OCA-2022-07-001/public_150k_plus_240930.csv,20261007T202810Z,20261007T202838Z,yes
biz-293,LARKIN / HATHAWAY INC.,,90  1ST ST,BRIDGEWATER,MA,02324,LARKIN / HATHAWAY INC.,Corporation,single loan,1,4471907205,4471907205:first draw,4471907205:567065.00,4471907205:04/27/2020,4471907205:Paid in Full,"Abington Bank, A Division of North Shore Bank, a Co-operative Bank",4471907205:68,2721912,"4471907205 (PPP, 04/27/2020): 567,065.00 / 2.5 x 12",not_checked,,"No free bulk Massachusetts registry or original trade-license dataset is available (see unavailable sources). Organization dates are unknown, so no Massachusetts business can be marked ready.",,,,,,unknown,,,unknown,unknown,filing found,043069599-001,043069599-001:2025-01-01..2025-12-31,043069599-001:2026-07-13,043069599-001:35,35,"043069599-001 (medium): sponsor name 'LARKIN/HATHAWAY, INC.' matches; sponsor ZIP corroborates (BRIDGEWATER MA 023241054)",review,"record date unknown: No free bulk Massachusetts registry or original trade-license dataset is available (see unavailable sources). Organization dates are unknown, so no Massachusetts business can be marked ready.",not_ready,SBA PPP CSV (LoanNumber 4471907205) https://data.sba.gov/sites/default/files/distribution/SBA-OCA-2022-07-001/public_150k_plus_240930.csv | DOL 5500-SF 2025 ACK 20260713135414NAL0000202755001 https://askebsa.dol.gov/FOIA%20Files/2025/Latest/F_5500_SF_2025_Latest.zip,20261007T202810Z,20261007T202838Z,yes
biz-294,"INDUSTRIAL PIPING, INC.",,667 Westminster Street,FITCHBURG,MA,01420,"INDUSTRIAL PIPING, INC.",Corporation,single loan,1,4606387202,4606387202:first draw,4606387202:162075.00,4606387202:04/27/2020,4606387202:Paid in Full,Fidelity Co-Operative Bank,4606387202:20,777960,"4606387202 (PPP, 04/27/2020): 162,075.00 / 2.5 x 12",not_checked,,"No free bulk Massachusetts registry or original trade-license dataset is available (see unavailable sources). Organization dates are unknown, so no Massachusetts business can be marked ready.",,,,,,unknown,,,unknown,unknown,unknown (no matched retirement-plan filing in searched years),,,,,unknown,,review,"record date unknown: No free bulk Massachusetts registry or original trade-license dataset is available (see unavailable sources). Organization dates are unknown, so no Massachusetts business can be marked ready.",not_ready,SBA PPP CSV (LoanNumber 4606387202) https://data.sba.gov/sites/default/files/distribution/SBA-OCA-2022-07-001/public_150k_plus_240930.csv,20261007T202810Z,20261007T202838Z,yes
biz-295,ARAUJO BROTHERS PLUMBING & HEATING,,"224 Nyes Lane ,",Acushnet,MA,02743,ARAUJO BROTHERS PLUMBING & HEATING,Corporation,single loan,1,4877797209,4877797209:first draw,4877797209:1385415.00,4877797209:04/27/2020,4877797209:Paid in Full,"Santander Bank, National Association",4877797209:75,6649992,"4877797209 (PPP, 04/27/2020): 1,385,415.00 / 2.5 x 12",not_checked,,"No free bulk Massachusetts registry or original trade-license dataset is available (see unavailable sources). Organization dates are unknown, so no Massachusetts business can be marked ready.",,,,,,unknown,,,unknown,unknown,unknown (no matched retirement-plan filing in searched years),,,,,unknown,,review,"record date unknown: No free bulk Massachusetts registry or original trade-license dataset is available (see unavailable sources). Organization dates are unknown, so no Massachusetts business can be marked ready.",not_ready,SBA PPP CSV (LoanNumber 4877797209) https://data.sba.gov/sites/default/files/distribution/SBA-OCA-2022-07-001/public_150k_plus_240930.csv,20261007T202810Z,20261007T202838Z,yes
biz-296,"BREEN & SULLIVAN MECHANICAL SERVICES, INC",,7 HEALY CT,DANVERS,MA,01923,"BREEN & SULLIVAN MECHANICAL SERVICES, INC",Subchapter S Corporation,single loan,1,4898567209,4898567209:first draw,4898567209:1303500.00,4898567209:04/27/2020,4898567209:Paid in Full,Salem Five Cents Savings Bank,4898567209:94,6256800,"4898567209 (PPP, 04/27/2020): 1,303,500.00 / 2.5 x 12",not_checked,,"No free bulk Massachusetts registry or original trade-license dataset is available (see unavailable sources). Organization dates are unknown, so no Massachusetts business can be marked ready.",,,,,,unknown,,,unknown,unknown,filing found,043173997-001,043173997-001:2024-01-01..2024-12-31,043173997-001:2025-07-15,043173997-001:0,0,"043173997-001 (medium): sponsor name 'BREEN & SULLIVAN MECHANICAL SERVICES, INC.' matches; sponsor address corroborates (7 HEALY COURT, DANVERS MA 01923)",review,"record date unknown: No free bulk Massachusetts registry or original trade-license dataset is available (see unavailable sources). Organization dates are unknown, so no Massachusetts business can be marked ready.",not_ready,SBA PPP CSV (LoanNumber 4898567209) https://data.sba.gov/sites/default/files/distribution/SBA-OCA-2022-07-001/public_150k_plus_240930.csv | DOL 5500-SF 2024 ACK 20250715004739NAL0002247248001 https://askebsa.dol.gov/FOIA%20Files/2024/Latest/F_5500_SF_2024_Latest.zip,20261007T202810Z,20261007T202838Z,yes
biz-297,CHASE PLUMBING COMPANY INC,,13 Adams Street,Burlington,MA,01803,CHASE PLUMBING COMPANY INC,Corporation,single loan,1,5262347201,5262347201:first draw,5262347201:319318.00,5262347201:04/27/2020,5262347201:Paid in Full,"Santander Bank, National Association",5262347201:25,1532726,"5262347201 (PPP, 04/27/2020): 319,318.00 / 2.5 x 12",not_checked,,"No free bulk Massachusetts registry or original trade-license dataset is available (see unavailable sources). Organization dates are unknown, so no Massachusetts business can be marked ready.",,,,,,unknown,,,unknown,unknown,filing found,261147652-001,261147652-001:2025-01-01..2025-12-31,261147652-001:2026-06-23,261147652-001:24,24,"261147652-001 (medium): sponsor name 'CHASE PLUMBING CO., INC.' matches; sponsor address corroborates (13 ADAMS STREET, BURLINGTON MA 01803)",review,"record date unknown: No free bulk Massachusetts registry or original trade-license dataset is available (see unavailable sources). Organization dates are unknown, so no Massachusetts business can be marked ready.",not_ready,SBA PPP CSV (LoanNumber 5262347201) https://data.sba.gov/sites/default/files/distribution/SBA-OCA-2022-07-001/public_150k_plus_240930.csv | DOL 5500-SF 2025 ACK 20260623164231NAL0012025538001 https://askebsa.dol.gov/FOIA%20Files/2025/Latest/F_5500_SF_2025_Latest.zip,20261007T202810Z,20261007T202838Z,yes
biz-298,GERMAIN PLUMBING AND HEATING INC,,64 Water St,Attleboro,MA,02703,GERMAIN PLUMBING AND HEATING INC,Corporation,same legal name + same street address + ZIP,2,5451897201;2868968501,5451897201:first draw;2868968501:second draw,5451897201:180000.00;2868968501:180000.00,5451897201:04/27/2020;2868968501:02/22/2021,5451897201:Paid in Full;2868968501:Paid in Full,Bristol County Savings Bank,5451897201:13;2868968501:13,864000,"5451897201 (PPP, 04/27/2020): 180,000.00 / 2.5 x 12",not_checked,,"No free bulk Massachusetts registry or original trade-license dataset is available (see unavailable sources). Organization dates are unknown, so no Massachusetts business can be marked ready.",,,,,,unknown,,,unknown,unknown,unknown (no matched retirement-plan filing in searched years),,,,,unknown,,review,"record date unknown: No free bulk Massachusetts registry or original trade-license dataset is available (see unavailable sources). Organization dates are unknown, so no Massachusetts business can be marked ready.",not_ready,SBA PPP CSV (LoanNumber 5451897201;2868968501) https://data.sba.gov/sites/default/files/distribution/SBA-OCA-2022-07-001/public_150k_plus_240930.csv,20261007T202810Z,20261007T202838Z,yes
biz-299,MANNYS PLUMBING AND HEATING INC,,47 Tennis Rd,Agawam,MA,01001,"MANNY'S PLUMBING & HEATING, INC. | MANNYS PLUMBING AND HEATING INC",Corporation,same legal name + same street address + ZIP,2,5521407201;2326668903,5521407201:first draw;2326668903:second draw,5521407201:237600.00;2326668903:237690.00,5521407201:04/27/2020;2326668903:04/26/2021,5521407201:Paid in Full;2326668903:Paid in Full,Manufacturers and Traders Trust Company,5521407201:23;2326668903:28,1140480,"5521407201 (PPP, 04/27/2020): 237,600.00 / 2.5 x 12",not_checked,,"No free bulk Massachusetts registry or original trade-license dataset is available (see unavailable sources). Organization dates are unknown, so no Massachusetts business can be marked ready.",,,,,,unknown,,,unknown,unknown,filing found,042440024-002,042440024-002:2024-07-01..2025-06-30,042440024-002:2025-12-17,042440024-002:7,7,"042440024-002 (medium): sponsor name 'MANNYS PLUMBING & HEATING, INC.' matches; sponsor address corroborates (47 TENNIS ROAD, AGAWAM MA 01001)",review,"record date unknown: No free bulk Massachusetts registry or original trade-license dataset is available (see unavailable sources). Organization dates are unknown, so no Massachusetts business can be marked ready.",not_ready,SBA PPP CSV (LoanNumber 5521407201;2326668903) https://data.sba.gov/sites/default/files/distribution/SBA-OCA-2022-07-001/public_150k_plus_240930.csv | DOL 5500-SF 2024 ACK 20251217141015NAL0006327552001 https://askebsa.dol.gov/FOIA%20Files/2024/Latest/F_5500_SF_2024_Latest.zip,20261007T202810Z,20261007T202838Z,yes
biz-300,K. REGAN MECHANICAL INC.,,10 Federal St Ste 408,Salem,MA,01970,K REGAN MECHANICAL INC | K. REGAN MECHANICAL INC.,Corporation,same legal name + same street address + ZIP,2,5584917209;7754358402,5584917209:first draw;7754358402:second draw,5584917209:422800.00;7754358402:397000.00,5584917209:04/27/2020;7754358402:02/12/2021,5584917209:Paid in Full;7754358402:Paid in Full,Enterprise Bank and Trust Company,5584917209:33;7754358402:31,2029440,"5584917209 (PPP, 04/27/2020): 422,800.00 / 2.5 x 12",not_checked,,"No free bulk Massachusetts registry or original trade-license dataset is available (see unavailable sources). Organization dates are unknown, so no Massachusetts business can be marked ready.",,,,,,unknown,,,unknown,unknown,unknown (no matched retirement-plan filing in searched years),,,,,unknown,,review,"record date unknown: No free bulk Massachusetts registry or original trade-license dataset is available (see unavailable sources). Organization dates are unknown, so no Massachusetts business can be marked ready.",not_ready,SBA PPP CSV (LoanNumber 5584917209;7754358402) https://data.sba.gov/sites/default/files/distribution/SBA-OCA-2022-07-001/public_150k_plus_240930.csv,20261007T202810Z,20261007T202838Z,yes
biz-301,"BROUILLETTE HVAC AND SHEET METAL, INC.",,13 STEVENS ST,EAST TAUNTON,MA,02718,"BROUILLETTE HVAC AND SHEET METAL, INC.",Corporation,single loan,1,5689777200,5689777200:first draw,5689777200:172900.00,5689777200:04/27/2020,5689777200:Paid in Full,Bristol County Savings Bank,5689777200:10,829920,"5689777200 (PPP, 04/27/2020): 172,900.00 / 2.5 x 12",not_checked,,"No free bulk Massachusetts registry or original trade-license dataset is available (see unavailable sources). Organization dates are unknown, so no Massachusetts business can be marked ready.",,,,,,unknown,,,unknown,unknown,filing found,273883868-001,273883868-001:2025-01-01..2025-12-31,273883868-001:2026-01-27,273883868-001:8,8,"273883868-001 (medium): sponsor name 'BROUILLETTE HVAC AND SHEET METAL, INC' matches; sponsor address corroborates (13 STEVENS STREET, EAST TAUNTON MA 027181026)",review,"record date unknown: No free bulk Massachusetts registry or original trade-license dataset is available (see unavailable sources). Organization dates are unknown, so no Massachusetts business can be marked ready.",not_ready,SBA PPP CSV (LoanNumber 5689777200) https://data.sba.gov/sites/default/files/distribution/SBA-OCA-2022-07-001/public_150k_plus_240930.csv | DOL 5500-SF 2025 ACK 20260127123104NAL0004625378001 https://askebsa.dol.gov/FOIA%20Files/2025/Latest/F_5500_SF_2025_Latest.zip,20261007T202810Z,20261007T202838Z,yes
biz-302,"MCL MECHANICAL SERVICES, INC.",,26 KELSO AVE,WEST SPRINGFIELD,MA,01089,"MCL MECHANICAL SERVICES, INC.",Subchapter S Corporation,single loan,1,5710307205,5710307205:first draw,5710307205:513675.00,5710307205:04/27/2020,5710307205:Paid in Full,Florence Bank,5710307205:36,2465640,"5710307205 (PPP, 04/27/2020): 513,675.00 / 2.5 x 12",not_checked,,"No free bulk Massachusetts registry or original trade-license dataset is available (see unavailable sources). Organization dates are unknown, so no Massachusetts business can be marked ready.",,,,,,unknown,,,unknown,unknown,filing found,043499758-001,043499758-001:2025-01-01..2025-12-31,043499758-001:2026-04-13,043499758-001:30,30,"043499758-001 (medium): sponsor name 'MCL MECHANICAL SERVICES INC' matches; sponsor address corroborates (26 KELSO AVE, WEST SPRINGFIELD MA 010893440)",review,"record date unknown: No free bulk Massachusetts registry or original trade-license dataset is available (see unavailable sources). Organization dates are unknown, so no Massachusetts business can be marked ready.",not_ready,SBA PPP CSV (LoanNumber 5710307205) https://data.sba.gov/sites/default/files/distribution/SBA-OCA-2022-07-001/public_150k_plus_240930.csv | DOL 5500-SF 2025 ACK 20260413091805NAL0017853152001 https://askebsa.dol.gov/FOIA%20Files/2025/Latest/F_5500_SF_2025_Latest.zip,20261007T202810Z,20261007T202838Z,yes
biz-303,GLOBAL MECHANICAL SERVICES INC,,5 PERKINS WAY,NEWBURYPORT,MA,01950,GLOBAL MECHANICAL SERVICES INC,Corporation,single loan,1,5731767202,5731767202:first draw,5731767202:1367752.00,5731767202:04/27/2020,5731767202:Paid in Full,UniBank for Savings,5731767202:50,unknown,unknown: 5731767202: implied pay per reported job reaches $100K cap,not_checked,,"No free bulk Massachusetts registry or original trade-license dataset is available (see unavailable sources). Organization dates are unknown, so no Massachusetts business can be marked ready.",,,,,,unknown,,,unknown,unknown,unknown (no matched retirement-plan filing in searched years),,,,,unknown,,review,"record date unknown: No free bulk Massachusetts registry or original trade-license dataset is available (see unavailable sources). Organization dates are unknown, so no Massachusetts business can be marked ready.",not_ready,SBA PPP CSV (LoanNumber 5731767202) https://data.sba.gov/sites/default/files/distribution/SBA-OCA-2022-07-001/public_150k_plus_240930.csv,20261007T202810Z,20261007T202838Z,yes
biz-304,CLIMATE ENGINEERING LLC,,142 Bay Rd,Norton,MA,02766,CLIMATE ENGINEERING LLC,Limited Liability Partnership,single loan,1,5778697202,5778697202:first draw,5778697202:185633.00,5778697202:04/27/2020,5778697202:Paid in Full,North Easton Savings Bank,5778697202:10,unknown,unknown: 5778697202: business type 'Limited Liability Partnership' may use owner income/SE basis; current amount differs from initial approval,not_checked,,"No free bulk Massachusetts registry or original trade-license dataset is available (see unavailable sources). Organization dates are unknown, so no Massachusetts business can be marked ready.",,,,,,unknown,,,unknown,unknown,unknown (no matched retirement-plan filing in searched years),,,,,unknown,,review,"record date unknown: No free bulk Massachusetts registry or original trade-license dataset is available (see unavailable sources). Organization dates are unknown, so no Massachusetts business can be marked ready.",not_ready,SBA PPP CSV (LoanNumber 5778697202) https://data.sba.gov/sites/default/files/distribution/SBA-OCA-2022-07-001/public_150k_plus_240930.csv,20261007T202810Z,20261007T202838Z,yes
biz-305,"POIRIER & SPRINGER, INC.",,17E STERLING RD,NORTH BILLERICA,MA,01862,"POIRIER & SPRINGER, INC.",Corporation,single loan,1,5897187205,5897187205:first draw,5897187205:571600.00,5897187205:04/27/2020,5897187205:Paid in Full,Northern Bank and Trust Company,5897187205:30,2743680,"5897187205 (PPP, 04/27/2020): 571,600.00 / 2.5 x 12",not_checked,,"No free bulk Massachusetts registry or original trade-license dataset is available (see unavailable sources). Organization dates are unknown, so no Massachusetts business can be marked ready.",,,,,,unknown,,,unknown,unknown,filing found,043238155-001,043238155-001:2024-01-01..2024-12-31,043238155-001:2025-03-31,043238155-001:10,10,"043238155-001 (medium): sponsor name 'POIRIER AND SPRINGER, INC.' matches; sponsor address corroborates (17E STERLING ROAD, BILLERICA MA 01862)",review,"record date unknown: No free bulk Massachusetts registry or original trade-license dataset is available (see unavailable sources). Organization dates are unknown, so no Massachusetts business can be marked ready.",not_ready,SBA PPP CSV (LoanNumber 5897187205) https://data.sba.gov/sites/default/files/distribution/SBA-OCA-2022-07-001/public_150k_plus_240930.csv | DOL 5500-SF 2024 ACK 20250331122834NAL0003425427001 https://askebsa.dol.gov/FOIA%20Files/2024/Latest/F_5500_SF_2024_Latest.zip,20261007T202810Z,20261007T202838Z,yes
biz-306,WILLIAM F LYNCH CO INC,,50 MILLBROOK ST,WORCESTER,MA,01606,WILLIAM F LYNCH CO INC,Subchapter S Corporation,single loan,1,6048247210,6048247210:first draw,6048247210:681200.00,6048247210:04/27/2020,6048247210:Paid in Full,bankHometown,6048247210:29,unknown,unknown: 6048247210: implied pay per reported job reaches $100K cap,not_checked,,"No free bulk Massachusetts registry or original trade-license dataset is available (see unavailable sources). Organization dates are unknown, so no Massachusetts business can be marked ready.",,,,,,unknown,,,unknown,unknown,unknown (no matched retirement-plan filing in searched years),,,,,unknown,,review,"record date unknown: No free bulk Massachusetts registry or original trade-license dataset is available (see unavailable sources). Organization dates are unknown, so no Massachusetts business can be marked ready.",not_ready,SBA PPP CSV (LoanNumber 6048247210) https://data.sba.gov/sites/default/files/distribution/SBA-OCA-2022-07-001/public_150k_plus_240930.csv,20261007T202810Z,20261007T202838Z,yes
biz-307,PROCESS COOLING SYSTEMS INC,,800 RESEARCH DR,LEOMINSTER,MA,01453,PROCESS COOLING SYSTEMS INC,Subchapter S Corporation,single loan,1,6127407208,6127407208:first draw,6127407208:1082800.00,6127407208:04/27/2020,6127407208:Paid in Full,Enterprise Bank and Trust Company,6127407208:65,5197440,"6127407208 (PPP, 04/27/2020): 1,082,800.00 / 2.5 x 12",not_checked,,"No free bulk Massachusetts registry or original trade-license dataset is available (see unavailable sources). Organization dates are unknown, so no Massachusetts business can be marked ready.",,,,,,unknown,,,unknown,unknown,filing found,042760904-001;042760904-002;042760904-003,042760904-001:2024-01-01..2024-12-31;042760904-002:2025-01-01..2025-02-07;042760904-003:2025-01-01..2025-12-31,042760904-001:2025-09-26;042760904-002:2025-07-28;042760904-003:2026-07-17,042760904-001:67;042760904-002:0;042760904-003:53,67,"042760904-001 (medium): sponsor name 'PROCESS COOLING SYSTEMS, INC.' matches; sponsor address corroborates (800 RESEARCH DRIVE, LEOMINISTER MA 01453) | 042760904-002 (medium): sponsor name 'PROCESS COOLING SYSTEMS, INC.' matches; sponsor address corroborates (800 RESEARCH DRIVE, LEOMINISTER MA 01453) | 042760904-003 (medium): sponsor name 'PROCESS COOLING SYSTEMS, INC.' matches; sponsor address corroborates (800 RESEARCH DRIVE, LEOMINSTER MA 01453)",review,"record date unknown: No free bulk Massachusetts registry or original trade-license dataset is available (see unavailable sources). Organization dates are unknown, so no Massachusetts business can be marked ready.",not_ready,SBA PPP CSV (LoanNumber 6127407208) https://data.sba.gov/sites/default/files/distribution/SBA-OCA-2022-07-001/public_150k_plus_240930.csv | DOL 5500-SF 2024 ACK 20250926074731NAL0003885571002 https://askebsa.dol.gov/FOIA%20Files/2024/Latest/F_5500_SF_2024_Latest.zip | DOL 5500-SF 2024 ACK 20250728120210NAL0001986289001 https://askebsa.dol.gov/FOIA%20Files/2024/Latest/F_5500_SF_2024_Latest.zip | DOL 5500 2025 ACK 20260717130140NAL0004576403001 https://askebsa.dol.gov/FOIA%20Files/2025/Latest/F_5500_2025_Latest.zip,20261007T202810Z,20261007T202838Z,yes
biz-308,G & G FIRE PROTECTION INC,,792 Foundry St S Easton Ma 02375-1310,South Easton,MA,02375,"G & G FIRE PROTECTION INC | G & G FIRE PROTECTION, INC",Corporation,same legal name + same ZIP (street spelling differs),2,6134247206;1237698709,6134247206:first draw;1237698709:second draw,6134247206:179100.00;1237698709:179122.00,6134247206:04/27/2020;1237698709:03/26/2021,6134247206:Paid in Full;1237698709:Paid in Full,Bluestone Bank,6134247206:10;1237698709:10,859680,"6134247206 (PPP, 04/27/2020): 179,100.00 / 2.5 x 12",not_checked,,"No free bulk Massachusetts registry or original trade-license dataset is available (see unavailable sources). Organization dates are unknown, so no Massachusetts business can be marked ready.",,,,,,unknown,,,unknown,unknown,unknown (no matched retirement-plan filing in searched years),,,,,unknown,,review,"record date unknown: No free bulk Massachusetts registry or original trade-license dataset is available (see unavailable sources). Organization dates are unknown, so no Massachusetts business can be marked ready.",not_ready,SBA PPP CSV (LoanNumber 6134247206;1237698709) https://data.sba.gov/sites/default/files/distribution/SBA-OCA-2022-07-001/public_150k_plus_240930.csv,20261007T202810Z,20261007T202838Z,yes
biz-309,DESIGN FLOW ASSOCIATES LLC,,27 Lantern Ln,Halifax,MA,02338,DESIGN FLOW ASSOCIATES LLC,Limited Liability Partnership,same legal name + same street address + ZIP,2,6259227204;3871088503,6259227204:first draw;3871088503:second draw,6259227204:263047.00;3871088503:267911.35,6259227204:04/27/2020;3871088503:02/24/2021,6259227204:Paid in Full;3871088503:Paid in Full,North Easton Savings Bank,6259227204:9;3871088503:7,unknown,unknown: 6259227204: business type 'Limited Liability Partnership' may use owner income/SE basis; implied pay per reported job reaches $100K cap,not_checked,,"No free bulk Massachusetts registry or original trade-license dataset is available (see unavailable sources). Organization dates are unknown, so no Massachusetts business can be marked ready.",,,,,,unknown,,,unknown,unknown,unknown (no matched retirement-plan filing in searched years),,,,,unknown,,review,"record date unknown: No free bulk Massachusetts registry or original trade-license dataset is available (see unavailable sources). Organization dates are unknown, so no Massachusetts business can be marked ready.",not_ready,SBA PPP CSV (LoanNumber 6259227204;3871088503) https://data.sba.gov/sites/default/files/distribution/SBA-OCA-2022-07-001/public_150k_plus_240930.csv,20261007T202810Z,20261007T202838Z,yes
biz-310,"LISCO, INC.",,114 POND ST,SEEKONK,MA,02771,"LISCO, INC.",Subchapter S Corporation,single loan,1,1039907300,1039907300:first draw,1039907300:188000.00,1039907300:04/28/2020,1039907300:Paid in Full,Bristol County Savings Bank,1039907300:19,902400,"1039907300 (PPP, 04/28/2020): 188,000.00 / 2.5 x 12",not_checked,,"No free bulk Massachusetts registry or original trade-license dataset is available (see unavailable sources). Organization dates are unknown, so no Massachusetts business can be marked ready.",,,,,,unknown,,,unknown,unknown,unknown (no matched retirement-plan filing in searched years),,,,,unknown,,review,"record date unknown: No free bulk Massachusetts registry or original trade-license dataset is available (see unavailable sources). Organization dates are unknown, so no Massachusetts business can be marked ready.",not_ready,SBA PPP CSV (LoanNumber 1039907300) https://data.sba.gov/sites/default/files/distribution/SBA-OCA-2022-07-001/public_150k_plus_240930.csv,20261007T202810Z,20261007T202838Z,yes
biz-311,APEX CORP,,56 Charles St,Abington,MA,02351,APEX CORP | APEX CORPORATION,Corporation,same legal name + same ZIP (street spelling differs),2,1200077308;8198398308,1200077308:first draw;8198398308:second draw,1200077308:771584.00;8198398308:771585.00,1200077308:04/28/2020;8198398308:01/29/2021,1200077308:Paid in Full;8198398308:Paid in Full,"Santander Bank, National Association",1200077308:30;8198398308:24,unknown,unknown: 1200077308: implied pay per reported job reaches $100K cap,not_checked,,"No free bulk Massachusetts registry or original trade-license dataset is available (see unavailable sources). Organization dates are unknown, so no Massachusetts business can be marked ready.",,,,,,unknown,,,unknown,unknown,filing found,042324698-001,042324698-001:2025-01-01..2025-12-31,042324698-001:2026-07-29,042324698-001:7,7,"042324698-001 (medium): sponsor name 'APEX CORPORATION' matches; sponsor address corroborates (56 CHARLES STREET, NORTH ABINGTON MA 02351)",review,"record date unknown: No free bulk Massachusetts registry or original trade-license dataset is available (see unavailable sources). Organization dates are unknown, so no Massachusetts business can be marked ready.",not_ready,SBA PPP CSV (LoanNumber 1200077308;8198398308) https://data.sba.gov/sites/default/files/distribution/SBA-OCA-2022-07-001/public_150k_plus_240930.csv | DOL 5500-SF 2025 ACK 20260729105735NAL0021575057001 https://askebsa.dol.gov/FOIA%20Files/2025/Latest/F_5500_SF_2025_Latest.zip,20261007T202810Z,20261007T202838Z,yes
biz-312,PAUL FLAHERTY PLUMBING & HEATING INC.,,186 Fountain St,Framingham,MA,01702,"PAUL FLAHERTY PLUMBING & HEATING COMPANY, INC. | PAUL FLAHERTY PLUMBING & HEATING INC.",Subchapter S Corporation,same legal name + same street address + ZIP,2,1426317300;3515728302,1426317300:first draw;3515728302:second draw,1426317300:324250.00;3515728302:304457.00,1426317300:04/28/2020;3515728302:01/22/2021,1426317300:Paid in Full;3515728302:Paid in Full,Middlesex Savings Bank,1426317300:21;3515728302:21,1556400,"1426317300 (PPP, 04/28/2020): 324,250.00 / 2.5 x 12",not_checked,,"No free bulk Massachusetts registry or original trade-license dataset is available (see unavailable sources). Organization dates are unknown, so no Massachusetts business can be marked ready.",,,,,,unknown,,,unknown,unknown,unknown (no matched retirement-plan filing in searched years),,,,,unknown,,review,"record date unknown: No free bulk Massachusetts registry or original trade-license dataset is available (see unavailable sources). Organization dates are unknown, so no Massachusetts business can be marked ready.",not_ready,SBA PPP CSV (LoanNumber 1426317300;3515728302) https://data.sba.gov/sites/default/files/distribution/SBA-OCA-2022-07-001/public_150k_plus_240930.csv,20261007T202810Z,20261007T202838Z,yes
biz-313,FULLIN & BETTENCOURT PLUMBING & HEATING INC,,23A N Line Rd,Edgartown,MA,02539,FULLIN & BETTENCOURT PLUMBING & HEATING INC,Subchapter S Corporation,single loan,1,6421717208,6421717208:first draw,6421717208:264880.00,6421717208:04/28/2020,6421717208:Paid in Full,The Cape Cod Five Cents Savings Bank,6421717208:17,1271424,"6421717208 (PPP, 04/28/2020): 264,880.00 / 2.5 x 12",not_checked,,"No free bulk Massachusetts registry or original trade-license dataset is available (see unavailable sources). Organization dates are unknown, so no Massachusetts business can be marked ready.",,,,,,unknown,,,unknown,unknown,unknown (no matched retirement-plan filing in searched years),,,,,unknown,,review,"record date unknown: No free bulk Massachusetts registry or original trade-license dataset is available (see unavailable sources). Organization dates are unknown, so no Massachusetts business can be marked ready.",not_ready,SBA PPP CSV (LoanNumber 6421717208) https://data.sba.gov/sites/default/files/distribution/SBA-OCA-2022-07-001/public_150k_plus_240930.csv,20261007T202810Z,20261007T202838Z,yes
biz-314,BARTLETT AND STEADMAN PLUMBING CORP,,67 R Village Street,MARBLEHEAD,MA,01945,BARTLETT AND STEADMAN PLUMBING CORP,Corporation,single loan,1,6479347207,6479347207:first draw,6479347207:167100.00,6479347207:04/28/2020,6479347207:Paid in Full,The National Grand Bank of Marblehead,6479347207:12,802080,"6479347207 (PPP, 04/28/2020): 167,100.00 / 2.5 x 12",not_checked,,"No free bulk Massachusetts registry or original trade-license dataset is available (see unavailable sources). Organization dates are unknown, so no Massachusetts business can be marked ready.",,,,,,unknown,,,unknown,unknown,unknown (no matched retirement-plan filing in searched years),,,,,unknown,,review,"record date unknown: No free bulk Massachusetts registry or original trade-license dataset is available (see unavailable sources). Organization dates are unknown, so no Massachusetts business can be marked ready.",not_ready,SBA PPP CSV (LoanNumber 6479347207) https://data.sba.gov/sites/default/files/distribution/SBA-OCA-2022-07-001/public_150k_plus_240930.csv,20261007T202810Z,20261007T202838Z,yes
biz-315,"R. A. MECHANICAL, INC.",,16 Lomar Park Suite 1,Pepperell,MA,01463,"R. A. MECHANICAL, INC.",Corporation,single loan,1,6912627210,6912627210:first draw,6912627210:165457.00,6912627210:04/28/2020,6912627210:Paid in Full,"Santander Bank, National Association",6912627210:20,794194,"6912627210 (PPP, 04/28/2020): 165,457.00 / 2.5 x 12",not_checked,,"No free bulk Massachusetts registry or original trade-license dataset is available (see unavailable sources). Organization dates are unknown, so no Massachusetts business can be marked ready.",,,,,,unknown,,,unknown,unknown,unknown (no matched retirement-plan filing in searched years),,,,,unknown,,review,"record date unknown: No free bulk Massachusetts registry or original trade-license dataset is available (see unavailable sources). Organization dates are unknown, so no Massachusetts business can be marked ready.",not_ready,SBA PPP CSV (LoanNumber 6912627210) https://data.sba.gov/sites/default/files/distribution/SBA-OCA-2022-07-001/public_150k_plus_240930.csv,20261007T202810Z,20261007T202838Z,yes
biz-316,"GRINNELL MECHANICAL, INC.",,21 Ray Avenue,BURLINGTON,MA,01803,"GRINNELL MECHANICAL, INC.",Corporation,single loan,1,7091047209,7091047209:first draw,7091047209:862000.00,7091047209:04/28/2020,7091047209:Paid in Full,Enterprise Bank and Trust Company,7091047209:51,4137600,"7091047209 (PPP, 04/28/2020): 862,000.00 / 2.5 x 12",not_checked,,"No free bulk Massachusetts registry or original trade-license dataset is available (see unavailable sources). Organization dates are unknown, so no Massachusetts business can be marked ready.",,,,,,unknown,,,unknown,unknown,filing found,042749198-001,042749198-001:2024-04-01..2025-03-31,042749198-001:2025-09-09,042749198-001:6,6,"042749198-001 (medium): sponsor name 'GRINNELL MECHANICAL, INC.' matches; sponsor ZIP corroborates (BURLINGTON MA 01803)",review,"record date unknown: No free bulk Massachusetts registry or original trade-license dataset is available (see unavailable sources). Organization dates are unknown, so no Massachusetts business can be marked ready.",not_ready,SBA PPP CSV (LoanNumber 7091047209) https://data.sba.gov/sites/default/files/distribution/SBA-OCA-2022-07-001/public_150k_plus_240930.csv | DOL 5500-SF 2024 ACK 20250909093853NAL0012804611001 https://askebsa.dol.gov/FOIA%20Files/2024/Latest/F_5500_SF_2024_Latest.zip,20261007T202810Z,20261007T202838Z,yes
biz-317,"NORTHEAST DISTRIBUTORS, INC",,210 Essex Street,Whitman,MA,02382,"NORTHEAST DISTRIBUTORS, INC",Corporation,single loan,1,7177897207,7177897207:first draw,7177897207:341584.00,7177897207:04/28/2020,7177897207:Paid in Full,"Santander Bank, National Association",7177897207:16,unknown,unknown: 7177897207: implied pay per reported job reaches $100K cap,not_checked,,"No free bulk Massachusetts registry or original trade-license dataset is available (see unavailable sources). Organization dates are unknown, so no Massachusetts business can be marked ready.",,,,,,unknown,,,unknown,unknown,filing found,042647172-001,042647172-001:2025-01-01..2025-12-31,042647172-001:2026-05-15,042647172-001:15,15,"042647172-001 (medium): sponsor name 'NORTHEAST DISTRIBUTORS, INC.' matches; sponsor address corroborates (210 ESSEX STREET, SUITE 3, WHITMAN MA 02382)",review,"record date unknown: No free bulk Massachusetts registry or original trade-license dataset is available (see unavailable sources). Organization dates are unknown, so no Massachusetts business can be marked ready.",not_ready,SBA PPP CSV (LoanNumber 7177897207) https://data.sba.gov/sites/default/files/distribution/SBA-OCA-2022-07-001/public_150k_plus_240930.csv | DOL 5500-SF 2025 ACK 20260515154106NAL0009411329001 https://askebsa.dol.gov/FOIA%20Files/2025/Latest/F_5500_SF_2025_Latest.zip,20261007T202810Z,20261007T202838Z,yes
biz-318,"BDL HEATING & COOLING, INC.",,90 GEORGE LEVEN DR,NORTH ATTLEBORO,MA,02760,"BDL HEATING & COOLING, INC.",Subchapter S Corporation,single loan,1,7361837200,7361837200:first draw,7361837200:385100.00,7361837200:04/28/2020,7361837200:Paid in Full,Bristol County Savings Bank,7361837200:34,1848480,"7361837200 (PPP, 04/28/2020): 385,100.00 / 2.5 x 12",not_checked,,"No free bulk Massachusetts registry or original trade-license dataset is available (see unavailable sources). Organization dates are unknown, so no Massachusetts business can be marked ready.",,,,,,unknown,,,unknown,unknown,filing found,261464105-001,261464105-001:2025-01-01..2025-12-31,261464105-001:2026-06-05,261464105-001:44,44,"261464105-001 (medium): sponsor name 'BDL HEATING & COOLING, INC' matches; sponsor address corroborates (90 GEORGE LEVEN DRIVE, NORTH ATTLEBORO MA 02760)",review,"record date unknown: No free bulk Massachusetts registry or original trade-license dataset is available (see unavailable sources). Organization dates are unknown, so no Massachusetts business can be marked ready.",not_ready,SBA PPP CSV (LoanNumber 7361837200) https://data.sba.gov/sites/default/files/distribution/SBA-OCA-2022-07-001/public_150k_plus_240930.csv | DOL 5500-SF 2025 ACK 20260605084142NAL0001262147001 https://askebsa.dol.gov/FOIA%20Files/2025/Latest/F_5500_SF_2025_Latest.zip,20261007T202810Z,20261007T202838Z,yes
biz-319,"SEEKONK HEATING SERVICES, INC.",,911 Taunton Avenue,Seekonk,MA,02771,"SEEKONK HEATING SERVICES, INC.",Corporation,single loan,1,7640797204,7640797204:first draw,7640797204:190896.00,7640797204:04/28/2020,7640797204:Paid in Full,BayCoast Bank,7640797204:8,unknown,unknown: 7640797204: implied pay per reported job reaches $100K cap,not_checked,,"No free bulk Massachusetts registry or original trade-license dataset is available (see unavailable sources). Organization dates are unknown, so no Massachusetts business can be marked ready.",,,,,,unknown,,,unknown,unknown,unknown (no matched retirement-plan filing in searched years),,,,,unknown,,review,"record date unknown: No free bulk Massachusetts registry or original trade-license dataset is available (see unavailable sources). Organization dates are unknown, so no Massachusetts business can be marked ready.",not_ready,SBA PPP CSV (LoanNumber 7640797204) https://data.sba.gov/sites/default/files/distribution/SBA-OCA-2022-07-001/public_150k_plus_240930.csv,20261007T202810Z,20261007T202838Z,yes
biz-320,MORRIS MECHANICAL SALES AND SERVICE INC.,,19 Parker St,Clinton,MA,01510,"MORRIS MECHANICAL SALES AND SERVICE INC. | MORRIS MECHANICAL SALES AND SERVICE, INC.",Corporation,same legal name + same ZIP (street spelling differs),2,7694297202;3169388608,7694297202:first draw;3169388608:second draw,7694297202:172900.00;3169388608:173100.00,7694297202:04/28/2020;3169388608:03/16/2021,7694297202:Paid in Full;3169388608:Paid in Full,Enterprise Bank and Trust Company,7694297202:12;3169388608:13,829920,"7694297202 (PPP, 04/28/2020): 172,900.00 / 2.5 x 12",not_checked,,"No free bulk Massachusetts registry or original trade-license dataset is available (see unavailable sources). Organization dates are unknown, so no Massachusetts business can be marked ready.",,,,,,unknown,,,unknown,unknown,unknown (no matched retirement-plan filing in searched years),,,,,unknown,,review,"record date unknown: No free bulk Massachusetts registry or original trade-license dataset is available (see unavailable sources). Organization dates are unknown, so no Massachusetts business can be marked ready.",not_ready,SBA PPP CSV (LoanNumber 7694297202;3169388608) https://data.sba.gov/sites/default/files/distribution/SBA-OCA-2022-07-001/public_150k_plus_240930.csv,20261007T202810Z,20261007T202838Z,yes
biz-321,"LAKE INDUSTRIES, INC.",,41 PLEASANT ST,STONEHAM,MA,02180,"LAKE INDUSTRIES, INC.",Subchapter S Corporation,single loan,1,7779327208,7779327208:first draw,7779327208:1375985.00,7779327208:04/28/2020,7779327208:Paid in Full,Rockland Trust Company,7779327208:86,6604728,"7779327208 (PPP, 04/28/2020): 1,375,985.00 / 2.5 x 12",not_checked,,"No free bulk Massachusetts registry or original trade-license dataset is available (see unavailable sources). Organization dates are unknown, so no Massachusetts business can be marked ready.",,,,,,unknown,,,unknown,unknown,unknown (no matched retirement-plan filing in searched years),,,,,unknown,,review,"record date unknown: No free bulk Massachusetts registry or original trade-license dataset is available (see unavailable sources). Organization dates are unknown, so no Massachusetts business can be marked ready.",not_ready,SBA PPP CSV (LoanNumber 7779327208) https://data.sba.gov/sites/default/files/distribution/SBA-OCA-2022-07-001/public_150k_plus_240930.csv,20261007T202810Z,20261007T202838Z,yes
biz-322,LAMCO SYSTEMS INC,,4 CUMMINGS RD,TYNGSBORO,MA,01879,LAMCO SYSTEMS INC,Subchapter S Corporation,single loan,1,7933827204,7933827204:first draw,7933827204:397200.00,7933827204:04/28/2020,7933827204:Paid in Full,Enterprise Bank and Trust Company,7933827204:33,1906560,"7933827204 (PPP, 04/28/2020): 397,200.00 / 2.5 x 12",not_checked,,"No free bulk Massachusetts registry or original trade-license dataset is available (see unavailable sources). Organization dates are unknown, so no Massachusetts business can be marked ready.",,,,,,unknown,,,unknown,unknown,filing found,042437642-001,042437642-001:2025-01-01..2025-12-31,042437642-001:2026-07-24,042437642-001:26,26,"042437642-001 (medium): sponsor name 'LAMCO SYSTEMS, INC.' matches; sponsor address corroborates (4 CUMMINGS RD, TYNGSBOROUGH MA 01879)",review,"record date unknown: No free bulk Massachusetts registry or original trade-license dataset is available (see unavailable sources). Organization dates are unknown, so no Massachusetts business can be marked ready.",not_ready,SBA PPP CSV (LoanNumber 7933827204) https://data.sba.gov/sites/default/files/distribution/SBA-OCA-2022-07-001/public_150k_plus_240930.csv | DOL 5500-SF 2025 ACK 20260724060929NAL0014452321001 https://askebsa.dol.gov/FOIA%20Files/2025/Latest/F_5500_SF_2025_Latest.zip,20261007T202810Z,20261007T202838Z,yes
biz-323,"SWAMPSCOTT REFRIGERATION, INC.",,163 ESSEX ST,LYNN,MA,01902,"SWAMPSCOTT REFRIGERATION, INC.",Corporation,single loan,1,8245887201,8245887201:first draw,8245887201:164465.00,8245887201:04/28/2020,8245887201:Paid in Full,Eastern Bank,8245887201:10,789432,"8245887201 (PPP, 04/28/2020): 164,465.00 / 2.5 x 12",not_checked,,"No free bulk Massachusetts registry or original trade-license dataset is available (see unavailable sources). Organization dates are unknown, so no Massachusetts business can be marked ready.",,,,,,unknown,,,unknown,unknown,filing found,562287957-001,562287957-001:2025-01-01..2025-12-31,562287957-001:2026-06-17,562287957-001:10,10,"562287957-001 (medium): sponsor name 'SWAMPSCOTT REFRIGERATION CO INC' matches; sponsor address corroborates (163 ESSEX STREET, LYNN MA 01902)",review,"record date unknown: No free bulk Massachusetts registry or original trade-license dataset is available (see unavailable sources). Organization dates are unknown, so no Massachusetts business can be marked ready.",not_ready,SBA PPP CSV (LoanNumber 8245887201) https://data.sba.gov/sites/default/files/distribution/SBA-OCA-2022-07-001/public_150k_plus_240930.csv | DOL 5500-SF 2025 ACK 20260617103156NAL0002778354001 https://askebsa.dol.gov/FOIA%20Files/2025/Latest/F_5500_SF_2025_Latest.zip,20261007T202810Z,20261007T202838Z,yes
biz-324,"KANNAN & PRICONE PLUMBING & HEATING, INC.",,3 WEST AYER ST,METHUEN,MA,01844,"KANNAN & PRICONE PLUMBING & HEATING, INC.",Subchapter S Corporation,single loan,1,8377607200,8377607200:first draw,8377607200:166600.00,8377607200:04/28/2020,8377607200:Paid in Full,Enterprise Bank and Trust Company,8377607200:10,799680,"8377607200 (PPP, 04/28/2020): 166,600.00 / 2.5 x 12",not_checked,,"No free bulk Massachusetts registry or original trade-license dataset is available (see unavailable sources). Organization dates are unknown, so no Massachusetts business can be marked ready.",,,,,,unknown,,,unknown,unknown,unknown (no matched retirement-plan filing in searched years),,,,,unknown,,review,"record date unknown: No free bulk Massachusetts registry or original trade-license dataset is available (see unavailable sources). Organization dates are unknown, so no Massachusetts business can be marked ready.",not_ready,SBA PPP CSV (LoanNumber 8377607200) https://data.sba.gov/sites/default/files/distribution/SBA-OCA-2022-07-001/public_150k_plus_240930.csv,20261007T202810Z,20261007T202838Z,yes
biz-325,E L BARRETT COMPANY INC,,1147 Hancock St Ste 201,Quincy,MA,02169,"E L BARRETT COMPANY INC | E.L. BARRETT COMPANY, INC.",Corporation,same legal name + same street address + ZIP,2,8399847203;1424278500,8399847203:first draw;1424278500:second draw,8399847203:170547.00;1424278500:170550.00,8399847203:04/28/2020;1424278500:02/18/2021,8399847203:Paid in Full;1424278500:Paid in Full,Eastern Bank,8399847203:10;1424278500:10,818626,"8399847203 (PPP, 04/28/2020): 170,547.00 / 2.5 x 12",not_checked,,"No free bulk Massachusetts registry or original trade-license dataset is available (see unavailable sources). Organization dates are unknown, so no Massachusetts business can be marked ready.",,,,,,unknown,,,unknown,unknown,unknown (no matched retirement-plan filing in searched years),,,,,unknown,,review,"record date unknown: No free bulk Massachusetts registry or original trade-license dataset is available (see unavailable sources). Organization dates are unknown, so no Massachusetts business can be marked ready.",not_ready,SBA PPP CSV (LoanNumber 8399847203;1424278500) https://data.sba.gov/sites/default/files/distribution/SBA-OCA-2022-07-001/public_150k_plus_240930.csv,20261007T202810Z,20261007T202838Z,yes
biz-326,MCCORMICK-ALLUM COMPANY INC,,165 STAFFORD ST,SPRINGFIELD,MA,01101,MCCORMICK-ALLUM COMPANY INC,Corporation,single loan,1,8580547201,8580547201:first draw,8580547201:217500.00,8580547201:04/28/2020,8580547201:Paid in Full,bankESB,8580547201:26,1044000,"8580547201 (PPP, 04/28/2020): 217,500.00 / 2.5 x 12",not_checked,,"No free bulk Massachusetts registry or original trade-license dataset is available (see unavailable sources). Organization dates are unknown, so no Massachusetts business can be marked ready.",,,,,,unknown,,,unknown,unknown,filing found,042379378-002;853789072-002,042379378-002:2026-01-01..2026-06-30;853789072-002:2025-01-01..2025-12-31,042379378-002:2026-09-10;853789072-002:2026-09-10,042379378-002:0;853789072-002:15,15,"042379378-002 (medium): sponsor name 'MCCORMICK-ALLUM CO., INC.' matches; sponsor address corroborates (165 STAFFORD STREET, SPRINGFIELD MA 01101) | 853789072-002 (medium): sponsor name 'MCCORMICK ALLUM LLC' matches; sponsor address corroborates (165 STAFFORD STREET, SPRINGFIELD MA 01101)",review,"record date unknown: No free bulk Massachusetts registry or original trade-license dataset is available (see unavailable sources). Organization dates are unknown, so no Massachusetts business can be marked ready.",not_ready,SBA PPP CSV (LoanNumber 8580547201) https://data.sba.gov/sites/default/files/distribution/SBA-OCA-2022-07-001/public_150k_plus_240930.csv | DOL 5500-SF 2025 ACK 20260910070514NAL0004571731001 https://askebsa.dol.gov/FOIA%20Files/2025/Latest/F_5500_SF_2025_Latest.zip | DOL 5500-SF 2025 ACK 20260910070106NAL0005779378001 https://askebsa.dol.gov/FOIA%20Files/2025/Latest/F_5500_SF_2025_Latest.zip,20261007T202810Z,20261007T202838Z,yes
biz-327,MCCLAREN HEATING & AIR CONDITIONING INC,,22 Industrial Blvd Unit C,HANSON,MA,02341,MCCLAREN HEATING & AIR CONDITIONING INC,Corporation,single loan,1,8944207206,8944207206:first draw,8944207206:170563.00,8944207206:04/28/2020,8944207206:Paid in Full,Rockland Trust Company,8944207206:16,818702,"8944207206 (PPP, 04/28/2020): 170,563.00 / 2.5 x 12",not_checked,,"No free bulk Massachusetts registry or original trade-license dataset is available (see unavailable sources). Organization dates are unknown, so no Massachusetts business can be marked ready.",,,,,,unknown,,,unknown,unknown,unknown (no matched retirement-plan filing in searched years),,,,,unknown,,review,"record date unknown: No free bulk Massachusetts registry or original trade-license dataset is available (see unavailable sources). Organization dates are unknown, so no Massachusetts business can be marked ready.",not_ready,SBA PPP CSV (LoanNumber 8944207206) https://data.sba.gov/sites/default/files/distribution/SBA-OCA-2022-07-001/public_150k_plus_240930.csv,20261007T202810Z,20261007T202838Z,yes
biz-328,BRUNO BROTHERS PLUMBING & HVAC INC.,,10 PATRICK AVE,BILLERICA,MA,01821,BRUNO BROTHERS PLUMBING & HVAC INC.,Corporation,single loan,1,9054447200,9054447200:first draw,9054447200:246700.00,9054447200:04/28/2020,9054447200:Paid in Full,Enterprise Bank and Trust Company,9054447200:80,1184160,"9054447200 (PPP, 04/28/2020): 246,700.00 / 2.5 x 12",not_checked,,"No free bulk Massachusetts registry or original trade-license dataset is available (see unavailable sources). Organization dates are unknown, so no Massachusetts business can be marked ready.",,,,,,unknown,,,unknown,unknown,unknown (no matched retirement-plan filing in searched years),,,,,unknown,,review,"record date unknown: No free bulk Massachusetts registry or original trade-license dataset is available (see unavailable sources). Organization dates are unknown, so no Massachusetts business can be marked ready.",not_ready,SBA PPP CSV (LoanNumber 9054447200) https://data.sba.gov/sites/default/files/distribution/SBA-OCA-2022-07-001/public_150k_plus_240930.csv,20261007T202810Z,20261007T202838Z,yes
biz-329,METRO-SWIFT SPRINKLER CORP,,58 R PULASKI STREET,PEABODY,MA,01960,METRO-SWIFT SPRINKLER CORP | METRO-SWIFT SPRINKLER CORP.,Corporation,same legal name + same street address + ZIP,2,9511317203;1496528502,9511317203:first draw;1496528502:second draw,9511317203:457667.00;1496528502:457667.00,9511317203:04/28/2020;1496528502:02/19/2021,9511317203:Paid in Full;1496528502:Paid in Full,Rockland Trust Company,9511317203:38;1496528502:33,2196802,"9511317203 (PPP, 04/28/2020): 457,667.00 / 2.5 x 12",not_checked,,"No free bulk Massachusetts registry or original trade-license dataset is available (see unavailable sources). Organization dates are unknown, so no Massachusetts business can be marked ready.",,,,,,unknown,,,unknown,unknown,filing found,042481210-001,042481210-001:2024-01-01..2024-08-31,042481210-001:2026-06-26,042481210-001:0,0,042481210-001 (medium): sponsor name 'METRO SWIFT SPRINKLER CORPORATION' matches; sponsor ZIP corroborates (PEABODY MA 01960),review,"record date unknown: No free bulk Massachusetts registry or original trade-license dataset is available (see unavailable sources). Organization dates are unknown, so no Massachusetts business can be marked ready.",not_ready,SBA PPP CSV (LoanNumber 9511317203;1496528502) https://data.sba.gov/sites/default/files/distribution/SBA-OCA-2022-07-001/public_150k_plus_240930.csv | DOL 5500-SF 2024 ACK 20260626144922NAL0009401153001 https://askebsa.dol.gov/FOIA%20Files/2024/Latest/F_5500_SF_2024_Latest.zip,20261007T202810Z,20261007T202838Z,yes
biz-330,"CHILLER TECHNOLOGY, INC",,22 6th St STE 4,Woburn,MA,01801,"CHILLER TECHNOLOGY, INC",Subchapter S Corporation,single loan,1,9599207209,9599207209:first draw,9599207209:350800.00,9599207209:04/28/2020,9599207209:Paid in Full,Salem Five Cents Savings Bank,9599207209:14,unknown,unknown: 9599207209: implied pay per reported job reaches $100K cap,not_checked,,"No free bulk Massachusetts registry or original trade-license dataset is available (see unavailable sources). Organization dates are unknown, so no Massachusetts business can be marked ready.",,,,,,unknown,,,unknown,unknown,unknown (no matched retirement-plan filing in searched years),,,,,unknown,,review,"record date unknown: No free bulk Massachusetts registry or original trade-license dataset is available (see unavailable sources). Organization dates are unknown, so no Massachusetts business can be marked ready.",not_ready,SBA PPP CSV (LoanNumber 9599207209) https://data.sba.gov/sites/default/files/distribution/SBA-OCA-2022-07-001/public_150k_plus_240930.csv,20261007T202810Z,20261007T202838Z,yes
biz-331,NEW ENGLAND AIR INC,,56 Leonard St Ste 3,Foxboro,MA,02035,"NEW ENGLAND AIR INC | NEW ENGLAND AIR, INC.",Corporation,same legal name + same street address + ZIP,2,9658077208;1292878805,9658077208:first draw;1292878805:second draw,9658077208:318200.00;1292878805:318265.00,9658077208:04/28/2020;1292878805:04/10/2021,9658077208:Paid in Full;1292878805:Paid in Full,Sharon & Crescent United CU,9658077208:18;1292878805:17,1527360,"9658077208 (PPP, 04/28/2020): 318,200.00 / 2.5 x 12",not_checked,,"No free bulk Massachusetts registry or original trade-license dataset is available (see unavailable sources). Organization dates are unknown, so no Massachusetts business can be marked ready.",,,,,,unknown,,,unknown,unknown,filing found,043042968-001,043042968-001:2024-01-01..2024-12-31,043042968-001:2025-07-15,043042968-001:22,22,"043042968-001 (medium): sponsor name 'NEW ENGLAND AIR INC' matches; sponsor address corroborates (56 LEONARD ST STE 3, FOXBORO MA 020352939)",review,"record date unknown: No free bulk Massachusetts registry or original trade-license dataset is available (see unavailable sources). Organization dates are unknown, so no Massachusetts business can be marked ready.",not_ready,SBA PPP CSV (LoanNumber 9658077208;1292878805) https://data.sba.gov/sites/default/files/distribution/SBA-OCA-2022-07-001/public_150k_plus_240930.csv | DOL 5500-SF 2024 ACK 20250715083108NAL0001441507001 https://askebsa.dol.gov/FOIA%20Files/2024/Latest/F_5500_SF_2024_Latest.zip,20261007T202810Z,20261007T202838Z,yes
biz-332,GENERAL AIR-CONDITIONING / HEATING INC,,7 Gaston St,Dorchester,MA,02121,GENERAL AIR-CONDITIONING / HEATING INC,Corporation,same legal name + same street address + ZIP,2,1971337301;5981588402,1971337301:first draw;5981588402:second draw,1971337301:608784.00;5981588402:608785.00,1971337301:04/29/2020;5981588402:02/09/2021,1971337301:Paid in Full;5981588402:Paid in Full,"Bank of America, National Association",1971337301:25;5981588402:27,unknown,unknown: 1971337301: implied pay per reported job reaches $100K cap,not_checked,,"No free bulk Massachusetts registry or original trade-license dataset is available (see unavailable sources). Organization dates are unknown, so no Massachusetts business can be marked ready.",,,,,,unknown,,,unknown,unknown,unknown (no matched retirement-plan filing in searched years),,,,,unknown,,review,"record date unknown: No free bulk Massachusetts registry or original trade-license dataset is available (see unavailable sources). Organization dates are unknown, so no Massachusetts business can be marked ready.",not_ready,SBA PPP CSV (LoanNumber 1971337301;5981588402) https://data.sba.gov/sites/default/files/distribution/SBA-OCA-2022-07-001/public_150k_plus_240930.csv,20261007T202810Z,20261007T202838Z,yes
biz-333,BARRETT PLUMBING & HEATING INC.,,10 Edgerton Dr,NORTH FALMOUTH,MA,02556,BARRETT PLUMBING & HEATING INC.,Corporation,single loan,1,2134687309,2134687309:first draw,2134687309:191600.00,2134687309:04/29/2020,2134687309:Paid in Full,Rockland Trust Company,2134687309:17,919680,"2134687309 (PPP, 04/29/2020): 191,600.00 / 2.5 x 12",not_checked,,"No free bulk Massachusetts registry or original trade-license dataset is available (see unavailable sources). Organization dates are unknown, so no Massachusetts business can be marked ready.",,,,,,unknown,,,unknown,unknown,unknown (no matched retirement-plan filing in searched years),,,,,unknown,,review,"record date unknown: No free bulk Massachusetts registry or original trade-license dataset is available (see unavailable sources). Organization dates are unknown, so no Massachusetts business can be marked ready.",not_ready,SBA PPP CSV (LoanNumber 2134687309) https://data.sba.gov/sites/default/files/distribution/SBA-OCA-2022-07-001/public_150k_plus_240930.csv,20261007T202810Z,20261007T202838Z,yes
biz-334,BEDFORD MECHANICAL INC,,44 North Rd,Bedford,MA,01730,BEDFORD MECHANICAL INC,Corporation,single loan,1,2494227304,2494227304:first draw,2494227304:158700.00,2494227304:04/29/2020,2494227304:Paid in Full,"Citizens Bank, National Association",2494227304:10,761760,"2494227304 (PPP, 04/29/2020): 158,700.00 / 2.5 x 12",not_checked,,"No free bulk Massachusetts registry or original trade-license dataset is available (see unavailable sources). Organization dates are unknown, so no Massachusetts business can be marked ready.",,,,,,unknown,,,unknown,unknown,filing found,042559941-002,042559941-002:2025-01-01..2025-12-31,042559941-002:2026-07-06,042559941-002:7,7,"042559941-002 (medium): sponsor name 'BEDFORD MECHANICAL, INC.' matches; sponsor ZIP corroborates (BEDFORD MA 01730)",review,"record date unknown: No free bulk Massachusetts registry or original trade-license dataset is available (see unavailable sources). Organization dates are unknown, so no Massachusetts business can be marked ready.",not_ready,SBA PPP CSV (LoanNumber 2494227304) https://data.sba.gov/sites/default/files/distribution/SBA-OCA-2022-07-001/public_150k_plus_240930.csv | DOL 5500-SF 2025 ACK 20260706083847NAL0022226352001 https://askebsa.dol.gov/FOIA%20Files/2025/Latest/F_5500_SF_2025_Latest.zip,20261007T202810Z,20261007T202838Z,yes
biz-335,"PAPALIA PLUMBING AND HEATING, INC.",,1220 LIBERTY SQUARE RD,BOXBOROUGH,MA,01719,"PAPALIA PLUMBING AND HEATING, INC.",Subchapter S Corporation,single loan,1,2780317308,2780317308:first draw,2780317308:548400.00,2780317308:04/29/2020,2780317308:Paid in Full,Middlesex Savings Bank,2780317308:40,2632320,"2780317308 (PPP, 04/29/2020): 548,400.00 / 2.5 x 12",not_checked,,"No free bulk Massachusetts registry or original trade-license dataset is available (see unavailable sources). Organization dates are unknown, so no Massachusetts business can be marked ready.",,,,,,unknown,,,unknown,unknown,unknown (no matched retirement-plan filing in searched years),,,,,unknown,,review,"record date unknown: No free bulk Massachusetts registry or original trade-license dataset is available (see unavailable sources). Organization dates are unknown, so no Massachusetts business can be marked ready.",not_ready,SBA PPP CSV (LoanNumber 2780317308) https://data.sba.gov/sites/default/files/distribution/SBA-OCA-2022-07-001/public_150k_plus_240930.csv,20261007T202810Z,20261007T202838Z,yes
biz-336,REDSTONE ENERGY INC.,,3 Dabilis Ave,Tyngsboro,MA,01879,"REDSTONE ENERGY INC. | REDSTONE ENERGY, INC.",Corporation,same legal name + same street address + ZIP,2,2923207308;7876278400,2923207308:first draw;7876278400:second draw,2923207308:217100.00;7876278400:217100.00,2923207308:04/29/2020;7876278400:02/12/2021,2923207308:Paid in Full;7876278400:Paid in Full,Enterprise Bank and Trust Company,2923207308:7;7876278400:12,1042080,"7876278400 (PPS, 02/12/2021): 217,100.00 / 2.5 x 12",not_checked,,"No free bulk Massachusetts registry or original trade-license dataset is available (see unavailable sources). Organization dates are unknown, so no Massachusetts business can be marked ready.",,,,,,unknown,,,unknown,unknown,unknown (no matched retirement-plan filing in searched years),,,,,unknown,,review,"record date unknown: No free bulk Massachusetts registry or original trade-license dataset is available (see unavailable sources). Organization dates are unknown, so no Massachusetts business can be marked ready.",not_ready,SBA PPP CSV (LoanNumber 2923207308;7876278400) https://data.sba.gov/sites/default/files/distribution/SBA-OCA-2022-07-001/public_150k_plus_240930.csv,20261007T202810Z,20261007T202838Z,yes
biz-337,MECHANICAL MANAGEMENT INC,,1501 MAIN ST UNIT 27,TEWKSBURY,MA,01876,MECHANICAL MANAGEMENT INC,Corporation,single loan,1,3018677303,3018677303:first draw,3018677303:208500.00,3018677303:04/29/2020,3018677303:Paid in Full,Enterprise Bank and Trust Company,3018677303:13,1000800,"3018677303 (PPP, 04/29/2020): 208,500.00 / 2.5 x 12",not_checked,,"No free bulk Massachusetts registry or original trade-license dataset is available (see unavailable sources). Organization dates are unknown, so no Massachusetts business can be marked ready.",,,,,,unknown,,,unknown,unknown,filing found,042804498-002,042804498-002:2025-01-01..2025-12-31,042804498-002:2026-03-03,042804498-002:14,14,"042804498-002 (medium): sponsor name 'MECHANICAL MANAGEMENT, INC.' matches; sponsor address corroborates (1501 MAIN STREET SUITE 27, TEWKSBURY MA 01876)",review,"record date unknown: No free bulk Massachusetts registry or original trade-license dataset is available (see unavailable sources). Organization dates are unknown, so no Massachusetts business can be marked ready.",not_ready,SBA PPP CSV (LoanNumber 3018677303) https://data.sba.gov/sites/default/files/distribution/SBA-OCA-2022-07-001/public_150k_plus_240930.csv | DOL 5500-SF 2025 ACK 20260303072442NAL0005046114001 https://askebsa.dol.gov/FOIA%20Files/2025/Latest/F_5500_SF_2025_Latest.zip,20261007T202810Z,20261007T202838Z,yes
biz-338,CORPORATE MECHANICAL OF NEW ENGLAND LLC,,12 Walnut Hill Park,WOBURN,MA,01801,CORPORATE MECHANICAL OF NEW ENGLAND LLC,Limited  Liability Company(LLC),single loan,1,3105877302,3105877302:first draw,3105877302:1111305.00,3105877302:04/29/2020,3105877302:Paid in Full,"Bank of America, National Association",3105877302:29,unknown,unknown: 3105877302: business type 'Limited  Liability Company(LLC)' may use owner income/SE basis; implied pay per reported job reaches $100K cap,not_checked,,"No free bulk Massachusetts registry or original trade-license dataset is available (see unavailable sources). Organization dates are unknown, so no Massachusetts business can be marked ready.",,,,,,unknown,,,unknown,unknown,unknown (no matched retirement-plan filing in searched years),,,,,unknown,,review,"record date unknown: No free bulk Massachusetts registry or original trade-license dataset is available (see unavailable sources). Organization dates are unknown, so no Massachusetts business can be marked ready.",not_ready,SBA PPP CSV (LoanNumber 3105877302) https://data.sba.gov/sites/default/files/distribution/SBA-OCA-2022-07-001/public_150k_plus_240930.csv,20261007T202810Z,20261007T202838Z,yes
biz-339,CHARLES M. MORAN PLUMBING & HEATING CORP,,54 ALLEN ST.,CLINTON,MA,01510,CHARLES M. MORAN PLUMBING & HEATING CORP,Corporation,single loan,1,4075507310,4075507310:first draw,4075507310:326250.00,4075507310:04/29/2020,4075507310:Paid in Full,"Santander Bank, National Association",4075507310:25,1566000,"4075507310 (PPP, 04/29/2020): 326,250.00 / 2.5 x 12",not_checked,,"No free bulk Massachusetts registry or original trade-license dataset is available (see unavailable sources). Organization dates are unknown, so no Massachusetts business can be marked ready.",,,,,,unknown,,,unknown,unknown,filing found,042723821-002,042723821-002:2025-01-01..2025-12-31,042723821-002:2026-06-17,042723821-002:24,24,"042723821-002 (medium): sponsor name 'CHARLES M. MORAN PLUMBING & HEATING, INC.' matches; sponsor address corroborates (54 ALLEN ST, CLINTON MA 015101102)",review,"record date unknown: No free bulk Massachusetts registry or original trade-license dataset is available (see unavailable sources). Organization dates are unknown, so no Massachusetts business can be marked ready.",not_ready,SBA PPP CSV (LoanNumber 4075507310) https://data.sba.gov/sites/default/files/distribution/SBA-OCA-2022-07-001/public_150k_plus_240930.csv | DOL 5500-SF 2025 ACK 20260617102327NAL0002596416001 https://askebsa.dol.gov/FOIA%20Files/2025/Latest/F_5500_SF_2025_Latest.zip,20261007T202810Z,20261007T202838Z,yes
biz-340,JUNCTION INCORPORATED,,"588 Pleasant St, Unit 6",Norwood,MA,02062,JUNCTION INCORPORATED,Corporation,single loan,1,4109077300,4109077300:first draw,4109077300:243700.00,4109077300:04/29/2020,4109077300:Paid in Full,Needham Bank,4109077300:23,unknown,unknown: 4109077300: current amount differs from initial approval,not_checked,,"No free bulk Massachusetts registry or original trade-license dataset is available (see unavailable sources). Organization dates are unknown, so no Massachusetts business can be marked ready.",,,,,,unknown,,,unknown,unknown,unknown (no matched retirement-plan filing in searched years),,,,,unknown,,review,"record date unknown: No free bulk Massachusetts registry or original trade-license dataset is available (see unavailable sources). Organization dates are unknown, so no Massachusetts business can be marked ready.",not_ready,SBA PPP CSV (LoanNumber 4109077300) https://data.sba.gov/sites/default/files/distribution/SBA-OCA-2022-07-001/public_150k_plus_240930.csv,20261007T202810Z,20261007T202838Z,yes
biz-341,SCHLAGER COMPANY INC,,41 MATHEWSON DR STE A,EAST WEYMOUTH,MA,02189,SCHLAGER COMPANY INC,Corporation,single loan,1,4145407300,4145407300:first draw,4145407300:622650.00,4145407300:04/29/2020,4145407300:Paid in Full,"Bank of America, National Association",4145407300:50,2988720,"4145407300 (PPP, 04/29/2020): 622,650.00 / 2.5 x 12",not_checked,,"No free bulk Massachusetts registry or original trade-license dataset is available (see unavailable sources). Organization dates are unknown, so no Massachusetts business can be marked ready.",,,,,,unknown,,,unknown,unknown,filing found,042956151-001,042956151-001:2025-01-01..2025-12-31,042956151-001:2026-06-23,042956151-001:39,39,"042956151-001 (medium): sponsor name 'SCHLAGER CO., INC.' matches; sponsor ZIP corroborates (EAST WEYMOUTH MA 02189)",review,"record date unknown: No free bulk Massachusetts registry or original trade-license dataset is available (see unavailable sources). Organization dates are unknown, so no Massachusetts business can be marked ready.",not_ready,SBA PPP CSV (LoanNumber 4145407300) https://data.sba.gov/sites/default/files/distribution/SBA-OCA-2022-07-001/public_150k_plus_240930.csv | DOL 5500-SF 2025 ACK 20260623115046NAL0007152769001 https://askebsa.dol.gov/FOIA%20Files/2025/Latest/F_5500_SF_2025_Latest.zip,20261007T202810Z,20261007T202838Z,yes
biz-342,AKIAN PLUMBING LLC,,181 SCHOOL ST,WATERTOWN,MA,02472,AKIAN PLUMBING LLC,Limited  Liability Company(LLC),single loan,1,4651327303,4651327303:first draw,4651327303:156997.00,4651327303:04/30/2020,4651327303:Paid in Full,Eastern Bank,4651327303:14,unknown,unknown: 4651327303: business type 'Limited  Liability Company(LLC)' may use owner income/SE basis,not_checked,,"No free bulk Massachusetts registry or original trade-license dataset is available (see unavailable sources). Organization dates are unknown, so no Massachusetts business can be marked ready.",,,,,,unknown,,,unknown,unknown,filing found,821512270-001,821512270-001:2025-01-01..2025-12-31,821512270-001:2026-04-24,821512270-001:35,35,821512270-001 (medium): sponsor name 'AKIAN PLUMBING LLC' matches; sponsor ZIP corroborates (WATERTOWN MA 02472),review,"record date unknown: No free bulk Massachusetts registry or original trade-license dataset is available (see unavailable sources). Organization dates are unknown, so no Massachusetts business can be marked ready.",not_ready,SBA PPP CSV (LoanNumber 4651327303) https://data.sba.gov/sites/default/files/distribution/SBA-OCA-2022-07-001/public_150k_plus_240930.csv | DOL 5500-SF 2025 ACK 20260424072502NAL0011786354001 https://askebsa.dol.gov/FOIA%20Files/2025/Latest/F_5500_SF_2025_Latest.zip,20261007T202810Z,20261007T202838Z,yes
biz-343,SYDNEY SHEET METAL,,7 Gaston street,Dorchester,MA,02121,SYDNEY SHEET METAL,Corporation,single loan,1,5085847305,5085847305:first draw,5085847305:245000.00,5085847305:04/30/2020,5085847305:Paid in Full,"Santander Bank, National Association",5085847305:8,unknown,unknown: 5085847305: implied pay per reported job reaches $100K cap,not_checked,,"No free bulk Massachusetts registry or original trade-license dataset is available (see unavailable sources). Organization dates are unknown, so no Massachusetts business can be marked ready.",,,,,,unknown,,,unknown,unknown,unknown (no matched retirement-plan filing in searched years),,,,,unknown,,review,"record date unknown: No free bulk Massachusetts registry or original trade-license dataset is available (see unavailable sources). Organization dates are unknown, so no Massachusetts business can be marked ready.",not_ready,SBA PPP CSV (LoanNumber 5085847305) https://data.sba.gov/sites/default/files/distribution/SBA-OCA-2022-07-001/public_150k_plus_240930.csv,20261007T202810Z,20261007T202838Z,yes
biz-344,UNITED MECHANICAL CONTRACTING INC,,145 Newton St. Suite 4,Waltham,MA,02453,UNITED MECHANICAL CONTRACTING INC,Corporation,single loan,1,5403647300,5403647300:first draw,5403647300:156480.00,5403647300:04/30/2020,5403647300:Paid in Full,"Santander Bank, National Association",5403647300:12,751104,"5403647300 (PPP, 04/30/2020): 156,480.00 / 2.5 x 12",not_checked,,"No free bulk Massachusetts registry or original trade-license dataset is available (see unavailable sources). Organization dates are unknown, so no Massachusetts business can be marked ready.",,,,,,unknown,,,unknown,unknown,filing found,030492154-001,030492154-001:2024-01-01..2024-12-31,030492154-001:2025-07-30,030492154-001:12,12,"030492154-001 (medium): sponsor name 'UNITED MECHANICAL CONTRACTING' matches; sponsor address corroborates (145 NEWTON ST, WALTHAM MA 02453)",review,"record date unknown: No free bulk Massachusetts registry or original trade-license dataset is available (see unavailable sources). Organization dates are unknown, so no Massachusetts business can be marked ready.",not_ready,SBA PPP CSV (LoanNumber 5403647300) https://data.sba.gov/sites/default/files/distribution/SBA-OCA-2022-07-001/public_150k_plus_240930.csv | DOL 5500-SF 2024 ACK 20250730120322NAL0002320723001 https://askebsa.dol.gov/FOIA%20Files/2024/Latest/F_5500_SF_2024_Latest.zip,20261007T202810Z,20261007T202838Z,yes
biz-345,D. R. HOWARD INC.,,1 Whitney St,Saugus,MA,01906,D. R. HOWARD INC. | DR HOWARD INC,Corporation,same legal name + same street address + ZIP,2,5656757307;1764848501,5656757307:first draw;1764848501:second draw,5656757307:552148.00;1764848501:530650.00,5656757307:04/30/2020;1764848501:02/19/2021,5656757307:Paid in Full;1764848501:Paid in Full,Customers Bank | Rockland Trust Company,5656757307:26;1764848501:30,2547120,"1764848501 (PPS, 02/19/2021): 530,650.00 / 2.5 x 12",not_checked,,"No free bulk Massachusetts registry or original trade-license dataset is available (see unavailable sources). Organization dates are unknown, so no Massachusetts business can be marked ready.",,,,,,unknown,,,unknown,unknown,unknown (no matched retirement-plan filing in searched years),,,,,unknown,,review,"record date unknown: No free bulk Massachusetts registry or original trade-license dataset is available (see unavailable sources). Organization dates are unknown, so no Massachusetts business can be marked ready.",not_ready,SBA PPP CSV (LoanNumber 5656757307;1764848501) https://data.sba.gov/sites/default/files/distribution/SBA-OCA-2022-07-001/public_150k_plus_240930.csv,20261007T202810Z,20261007T202838Z,yes
biz-346,EAST NATIONAL WATER LLC,,81 Beech St,Palmer,MA,01069,EAST NATIONAL WATER LLC,Limited  Liability Company(LLC),same legal name + same street address + ZIP,2,6303277304;9571888306,6303277304:first draw;9571888306:second draw,6303277304:187902.00;9571888306:187905.00,6303277304:04/30/2020;9571888306:01/31/2021,6303277304:Paid in Full;9571888306:Paid in Full,Manufacturers and Traders Trust Company,6303277304:14;9571888306:14,unknown,unknown: 6303277304: business type 'Limited  Liability Company(LLC)' may use owner income/SE basis,not_checked,,"No free bulk Massachusetts registry or original trade-license dataset is available (see unavailable sources). Organization dates are unknown, so no Massachusetts business can be marked ready.",,,,,,unknown,,,unknown,unknown,unknown (no matched retirement-plan filing in searched years),,,,,unknown,,review,"record date unknown: No free bulk Massachusetts registry or original trade-license dataset is available (see unavailable sources). Organization dates are unknown, so no Massachusetts business can be marked ready.",not_ready,SBA PPP CSV (LoanNumber 6303277304;9571888306) https://data.sba.gov/sites/default/files/distribution/SBA-OCA-2022-07-001/public_150k_plus_240930.csv,20261007T202810Z,20261007T202838Z,yes
biz-347,"HARDING & SMITH, LLC",,200 MAIN ST,WALPOLE,MA,02081,"HARDING & SMITH, LLC",Limited  Liability Company(LLC),single loan,1,6592097304,6592097304:first draw,6592097304:385550.00,6592097304:04/30/2020,6592097304:Paid in Full,Middlesex Savings Bank,6592097304:17,unknown,unknown: 6592097304: business type 'Limited  Liability Company(LLC)' may use owner income/SE basis; implied pay per reported job reaches $100K cap,not_checked,,"No free bulk Massachusetts registry or original trade-license dataset is available (see unavailable sources). Organization dates are unknown, so no Massachusetts business can be marked ready.",,,,,,unknown,,,unknown,unknown,filing found,272909722-001,272909722-001:2024-01-01..2024-12-31,272909722-001:2025-07-30,272909722-001:6,6,272909722-001 (medium): sponsor name 'HARDING & SMITH LLC' matches; sponsor ZIP corroborates (WALPOLE MA 02081),review,"record date unknown: No free bulk Massachusetts registry or original trade-license dataset is available (see unavailable sources). Organization dates are unknown, so no Massachusetts business can be marked ready.",not_ready,SBA PPP CSV (LoanNumber 6592097304) https://data.sba.gov/sites/default/files/distribution/SBA-OCA-2022-07-001/public_150k_plus_240930.csv | DOL 5500-SF 2024 ACK 20250730175224NAL0005120625001 https://askebsa.dol.gov/FOIA%20Files/2024/Latest/F_5500_SF_2024_Latest.zip,20261007T202810Z,20261007T202838Z,yes
biz-348,"T. DUPRE COMPANY, LLP",,1565 MAIN ST Unit 200,TEWKSBURY,MA,01876,"T. DUPRE COMPANY, LLP",Limited Liability Partnership,single loan,1,6657197301,6657197301:first draw,6657197301:230500.00,6657197301:04/30/2020,6657197301:Paid in Full,Enterprise Bank and Trust Company,6657197301:18,unknown,unknown: 6657197301: business type 'Limited Liability Partnership' may use owner income/SE basis,not_checked,,"No free bulk Massachusetts registry or original trade-license dataset is available (see unavailable sources). Organization dates are unknown, so no Massachusetts business can be marked ready.",,,,,,unknown,,,unknown,unknown,unknown (no matched retirement-plan filing in searched years),,,,,unknown,,review,"record date unknown: No free bulk Massachusetts registry or original trade-license dataset is available (see unavailable sources). Organization dates are unknown, so no Massachusetts business can be marked ready.",not_ready,SBA PPP CSV (LoanNumber 6657197301) https://data.sba.gov/sites/default/files/distribution/SBA-OCA-2022-07-001/public_150k_plus_240930.csv,20261007T202810Z,20261007T202838Z,yes
biz-349,MAJESTIC MECHANICAL CONTRACTORS INC,,1921R Main Street,Tewksbury,MA,01876,MAJESTIC MECHANICAL CONTRACTORS INC,Corporation,single loan,1,6711507300,6711507300:first draw,6711507300:174820.00,6711507300:04/30/2020,6711507300:Paid in Full,"Santander Bank, National Association",6711507300:7,unknown,unknown: 6711507300: implied pay per reported job reaches $100K cap,not_checked,,"No free bulk Massachusetts registry or original trade-license dataset is available (see unavailable sources). Organization dates are unknown, so no Massachusetts business can be marked ready.",,,,,,unknown,,,unknown,unknown,unknown (no matched retirement-plan filing in searched years),,,,,unknown,,review,"record date unknown: No free bulk Massachusetts registry or original trade-license dataset is available (see unavailable sources). Organization dates are unknown, so no Massachusetts business can be marked ready.",not_ready,SBA PPP CSV (LoanNumber 6711507300) https://data.sba.gov/sites/default/files/distribution/SBA-OCA-2022-07-001/public_150k_plus_240930.csv,20261007T202810Z,20261007T202838Z,yes
biz-350,"PITTSFIELD PIPERS, INC",,73 Fourth Street,Pittsfield,MA,01201,"PITTSFIELD PIPERS, INC",Corporation,single loan,1,6850727307,6850727307:first draw,6850727307:569053.00,6850727307:04/30/2020,6850727307:Paid in Full,Customers Bank,6850727307:29,2731454,"6850727307 (PPP, 04/30/2020): 569,053.00 / 2.5 x 12",not_checked,,"No free bulk Massachusetts registry or original trade-license dataset is available (see unavailable sources). Organization dates are unknown, so no Massachusetts business can be marked ready.",,,,,,unknown,,,unknown,unknown,unknown (no matched retirement-plan filing in searched years),,,,,unknown,,review,"record date unknown: No free bulk Massachusetts registry or original trade-license dataset is available (see unavailable sources). Organization dates are unknown, so no Massachusetts business can be marked ready.",not_ready,SBA PPP CSV (LoanNumber 6850727307) https://data.sba.gov/sites/default/files/distribution/SBA-OCA-2022-07-001/public_150k_plus_240930.csv,20261007T202810Z,20261007T202838Z,yes
biz-351,Y.G. SERVICES INC,,21 CENTRAL TER,AUBURNDALE,MA,02466,Y.G. SERVICES INC,Corporation,single loan,1,7827287302,7827287302:first draw,7827287302:163822.00,7827287302:04/30/2020,7827287302:Paid in Full,"Bank of America, National Association",7827287302:14,786346,"7827287302 (PPP, 04/30/2020): 163,822.00 / 2.5 x 12",not_checked,,"No free bulk Massachusetts registry or original trade-license dataset is available (see unavailable sources). Organization dates are unknown, so no Massachusetts business can be marked ready.",,,,,,unknown,,,unknown,unknown,unknown (no matched retirement-plan filing in searched years),,,,,unknown,,review,"record date unknown: No free bulk Massachusetts registry or original trade-license dataset is available (see unavailable sources). Organization dates are unknown, so no Massachusetts business can be marked ready.",not_ready,SBA PPP CSV (LoanNumber 7827287302) https://data.sba.gov/sites/default/files/distribution/SBA-OCA-2022-07-001/public_150k_plus_240930.csv,20261007T202810Z,20261007T202838Z,yes
biz-352,BACK BAY MECHANICAL CORPORATION,,260 Tosca Dr,Stoughton,MA,02072,BACK BAY MECHANICAL CORP. | BACK BAY MECHANICAL CORPORATION,Corporation,same legal name + same ZIP (street spelling differs),2,7906437308;6343728309,7906437308:first draw;6343728309:second draw,7906437308:200000.00;6343728309:257712.00,7906437308:04/30/2020;6343728309:01/26/2021,7906437308:Paid in Full;6343728309:Paid in Full,"Santander Bank, National Association",7906437308:10;6343728309:9,960000,"7906437308 (PPP, 04/30/2020): 200,000.00 / 2.5 x 12",not_checked,,"No free bulk Massachusetts registry or original trade-license dataset is available (see unavailable sources). Organization dates are unknown, so no Massachusetts business can be marked ready.",,,,,,unknown,,,unknown,unknown,unknown (no matched retirement-plan filing in searched years),,,,,unknown,,review,"record date unknown: No free bulk Massachusetts registry or original trade-license dataset is available (see unavailable sources). Organization dates are unknown, so no Massachusetts business can be marked ready.",not_ready,SBA PPP CSV (LoanNumber 7906437308;6343728309) https://data.sba.gov/sites/default/files/distribution/SBA-OCA-2022-07-001/public_150k_plus_240930.csv,20261007T202810Z,20261007T202838Z,yes
biz-353,GREEN EARTH ENERGY PHOTOVOLTAIC CORPORATION,,208 SHAKER RD,LONGMEADOW,MA,01106,GREEN EARTH ENERGY PHOTOVOLTAIC CORPORATION,Corporation,single loan,1,5001977705,5001977705:first draw,5001977705:560299.00,5001977705:05/01/2020,5001977705:Charged Off,"Bank of America, National Association",5001977705:59,2689435,"5001977705 (PPP, 05/01/2020): 560,299.00 / 2.5 x 12",not_checked,,"No free bulk Massachusetts registry or original trade-license dataset is available (see unavailable sources). Organization dates are unknown, so no Massachusetts business can be marked ready.",,,,,,unknown,,,unknown,unknown,unknown (no matched retirement-plan filing in searched years),,,,,unknown,,review,"record date unknown: No free bulk Massachusetts registry or original trade-license dataset is available (see unavailable sources). Organization dates are unknown, so no Massachusetts business can be marked ready.",not_ready,SBA PPP CSV (LoanNumber 5001977705) https://data.sba.gov/sites/default/files/distribution/SBA-OCA-2022-07-001/public_150k_plus_240930.csv,20261007T202810Z,20261007T202838Z,yes
biz-354,"NICHOLSON PLUMBING, HEATING &AMP; AIR CONDIT",,71 WHITNEY ST,HOLLISTON,MA,01746,"NICHOLSON PLUMBING, HEATING &AMP; AIR CONDIT",Corporation,single loan,1,5142197700,5142197700:first draw,5142197700:505139.00,5142197700:05/01/2020,5142197700:Paid in Full,"Bank of America, National Association",5142197700:33,unknown,unknown: 5142197700: current amount differs from initial approval,not_checked,,"No free bulk Massachusetts registry or original trade-license dataset is available (see unavailable sources). Organization dates are unknown, so no Massachusetts business can be marked ready.",,,,,,unknown,,,unknown,unknown,unknown (no matched retirement-plan filing in searched years),,,,,unknown,,review,"record date unknown: No free bulk Massachusetts registry or original trade-license dataset is available (see unavailable sources). Organization dates are unknown, so no Massachusetts business can be marked ready.",not_ready,SBA PPP CSV (LoanNumber 5142197700) https://data.sba.gov/sites/default/files/distribution/SBA-OCA-2022-07-001/public_150k_plus_240930.csv,20261007T202810Z,20261007T202838Z,yes
biz-355,WAREHOUSE MECHANICAL CONTRACTORS INC,,342 BRITTON ST,CHICOPEE,MA,01020,WAREHOUSE MECHANICAL CONTRACTORS INC,Corporation,single loan,1,5396787700,5396787700:first draw,5396787700:333740.00,5396787700:05/01/2020,5396787700:Paid in Full,"Bank of America, National Association",5396787700:18,1601952,"5396787700 (PPP, 05/01/2020): 333,740.00 / 2.5 x 12",not_checked,,"No free bulk Massachusetts registry or original trade-license dataset is available (see unavailable sources). Organization dates are unknown, so no Massachusetts business can be marked ready.",,,,,,unknown,,,unknown,unknown,filing found,042703916-001,042703916-001:2025-07-01..2026-06-30,042703916-001:2026-09-24,042703916-001:15,15,"042703916-001 (medium): sponsor name 'WAREHOUSE MECHANICAL CONTRACTORS, INC.' matches; sponsor address corroborates (342 BRITTON STREET, CHICOPEE MA 01020)",review,"record date unknown: No free bulk Massachusetts registry or original trade-license dataset is available (see unavailable sources). Organization dates are unknown, so no Massachusetts business can be marked ready.",not_ready,SBA PPP CSV (LoanNumber 5396787700) https://data.sba.gov/sites/default/files/distribution/SBA-OCA-2022-07-001/public_150k_plus_240930.csv | DOL 5500-SF 2025 ACK 20260924165413NAL0013827824001 https://askebsa.dol.gov/FOIA%20Files/2025/Latest/F_5500_SF_2025_Latest.zip,20261007T202810Z,20261007T202838Z,yes
biz-356,CARLYSLE ENGINEERING INC,,132 Brookside Ave,Boston,MA,02130,CARLYSLE ENGINEERING INC,Corporation,same legal name + same street address + ZIP,2,5405807707;4954058407,5405807707:first draw;4954058407:second draw,5405807707:2214387.00;4954058407:2000000.00,5405807707:05/01/2020;4954058407:02/07/2021,5405807707:Paid in Full;4954058407:Paid in Full,"Bank of America, National Association",5405807707:95;4954058407:103,unknown,unknown: 5405807707: implied pay per reported job reaches $100K cap,not_checked,,"No free bulk Massachusetts registry or original trade-license dataset is available (see unavailable sources). Organization dates are unknown, so no Massachusetts business can be marked ready.",,,,,,unknown,,,unknown,unknown,filing found,042063690-001,042063690-001:2025-01-01..2025-12-31,042063690-001:2026-06-29,042063690-001:34,34,"042063690-001 (medium): sponsor name 'CARLYSLE ENGINEERING, INC.' matches; sponsor address corroborates (132 BROOKSIDE AVENUE, BOSTON MA 02130)",review,"record date unknown: No free bulk Massachusetts registry or original trade-license dataset is available (see unavailable sources). Organization dates are unknown, so no Massachusetts business can be marked ready.",not_ready,SBA PPP CSV (LoanNumber 5405807707;4954058407) https://data.sba.gov/sites/default/files/distribution/SBA-OCA-2022-07-001/public_150k_plus_240930.csv | DOL 5500-SF 2025 ACK 20260629113422NAL0010440627001 https://askebsa.dol.gov/FOIA%20Files/2025/Latest/F_5500_SF_2025_Latest.zip,20261007T202810Z,20261007T202838Z,yes
biz-357,AUTOMATIC TEMPERATURE CONTROL CORP,,86 FINNELL DR STE 1,WEYMOUTH,MA,02188,AUTOMATIC TEMPERATURE CONTROL CORP,Corporation,single loan,1,5412567705,5412567705:first draw,5412567705:170037.00,5412567705:05/01/2020,5412567705:Paid in Full,"Bank of America, National Association",5412567705:7,unknown,unknown: 5412567705: implied pay per reported job reaches $100K cap,not_checked,,"No free bulk Massachusetts registry or original trade-license dataset is available (see unavailable sources). Organization dates are unknown, so no Massachusetts business can be marked ready.",,,,,,unknown,,,unknown,unknown,unknown (no matched retirement-plan filing in searched years),,,,,unknown,,review,"record date unknown: No free bulk Massachusetts registry or original trade-license dataset is available (see unavailable sources). Organization dates are unknown, so no Massachusetts business can be marked ready.",not_ready,SBA PPP CSV (LoanNumber 5412567705) https://data.sba.gov/sites/default/files/distribution/SBA-OCA-2022-07-001/public_150k_plus_240930.csv,20261007T202810Z,20261007T202838Z,yes
biz-358,HARRY GRODSKY &AMP; CO INC,,33 Shaws Ln,Springfield,MA,01104,HARRY GRODSKY &AMP; CO INC,Corporation,single loan,1,5475927703,5475927703:first draw,5475927703:8255687.00,5475927703:05/01/2020,5475927703:Paid in Full,"Bank of America, National Association",5475927703:135,unknown,unknown: 5475927703: implied pay per reported job reaches $100K cap,not_checked,,"No free bulk Massachusetts registry or original trade-license dataset is available (see unavailable sources). Organization dates are unknown, so no Massachusetts business can be marked ready.",,,,,,unknown,,,unknown,unknown,unknown (no matched retirement-plan filing in searched years),,,,,unknown,,review,"record date unknown: No free bulk Massachusetts registry or original trade-license dataset is available (see unavailable sources). Organization dates are unknown, so no Massachusetts business can be marked ready.",not_ready,SBA PPP CSV (LoanNumber 5475927703) https://data.sba.gov/sites/default/files/distribution/SBA-OCA-2022-07-001/public_150k_plus_240930.csv,20261007T202810Z,20261007T202838Z,yes
biz-359,GLOVER SHEET METAL INC,,44 RIVERDALE AVE,NEWTON,MA,02458,GLOVER SHEET METAL INC,Corporation,single loan,1,5864577709,5864577709:first draw,5864577709:214335.00,5864577709:05/01/2020,5864577709:Paid in Full,"Bank of America, National Association",5864577709:11,unknown,unknown: 5864577709: current amount differs from initial approval,not_checked,,"No free bulk Massachusetts registry or original trade-license dataset is available (see unavailable sources). Organization dates are unknown, so no Massachusetts business can be marked ready.",,,,,,unknown,,,unknown,unknown,filing found,042210217-001,042210217-001:2025-01-01..2025-12-31,042210217-001:2026-06-10,042210217-001:8,8,"042210217-001 (medium): sponsor name 'GLOVER SHEET METAL, INC.' matches; sponsor address corroborates (44 RIVERDALE AVENUE, NEWTON MA 02458)",review,"record date unknown: No free bulk Massachusetts registry or original trade-license dataset is available (see unavailable sources). Organization dates are unknown, so no Massachusetts business can be marked ready.",not_ready,SBA PPP CSV (LoanNumber 5864577709) https://data.sba.gov/sites/default/files/distribution/SBA-OCA-2022-07-001/public_150k_plus_240930.csv | DOL 5500-SF 2025 ACK 20260610072924NAL0004928659001 https://askebsa.dol.gov/FOIA%20Files/2025/Latest/F_5500_SF_2025_Latest.zip,20261007T202810Z,20261007T202838Z,yes
biz-360,E W S PLUMBING & HEATING INC,,339 Main St,Monson,MA,01057,E W S PLUMBING & HEATING INC,Corporation,same legal name + same street address + ZIP,2,5917547705;5013288409,5917547705:first draw;5013288409:second draw,5917547705:298458.00;5013288409:262315.00,5917547705:05/01/2020;5013288409:02/07/2021,5917547705:Paid in Full;5013288409:Paid in Full,"Bank of America, National Association",5917547705:24;5013288409:18,1432598,"5917547705 (PPP, 05/01/2020): 298,458.00 / 2.5 x 12",not_checked,,"No free bulk Massachusetts registry or original trade-license dataset is available (see unavailable sources). Organization dates are unknown, so no Massachusetts business can be marked ready.",,,,,,unknown,,,unknown,unknown,filing found,043155556-001,043155556-001:2025-01-01..2025-12-31,043155556-001:2026-07-17,043155556-001:17,17,"043155556-001 (medium): sponsor name 'E.W.S. PLUMBING & HEATING,INC.' matches; sponsor address corroborates (339 MAIN ST, MONSON MA 01057)",review,"record date unknown: No free bulk Massachusetts registry or original trade-license dataset is available (see unavailable sources). Organization dates are unknown, so no Massachusetts business can be marked ready.",not_ready,SBA PPP CSV (LoanNumber 5917547705;5013288409) https://data.sba.gov/sites/default/files/distribution/SBA-OCA-2022-07-001/public_150k_plus_240930.csv | DOL 5500-SF 2025 ACK 20260717121813NAL0004525235005 https://askebsa.dol.gov/FOIA%20Files/2025/Latest/F_5500_SF_2025_Latest.zip,20261007T202810Z,20261007T202838Z,yes
biz-361,RMN MECHANICAL INC,,73 Main St Ste C,Carver,MA,02330,RMN MECHANICAL INC,Corporation,same legal name + same street address + ZIP,2,5981457707;5694338405,5981457707:first draw;5694338405:second draw,5981457707:183742.00;5694338405:183745.00,5981457707:05/01/2020;5694338405:02/09/2021,5981457707:Paid in Full;5694338405:Paid in Full,"Bank of America, National Association",5981457707:12;5694338405:12,881962,"5981457707 (PPP, 05/01/2020): 183,742.00 / 2.5 x 12",not_checked,,"No free bulk Massachusetts registry or original trade-license dataset is available (see unavailable sources). Organization dates are unknown, so no Massachusetts business can be marked ready.",,,,,,unknown,,,unknown,unknown,filing found,043127734-001;043127734-002,043127734-001:2024-01-01..2024-12-31;043127734-002:2024-01-01..2024-12-31,043127734-001:2025-10-08;043127734-002:2025-10-09,043127734-001:8;043127734-002:5,8,"043127734-001 (medium): sponsor name 'RMN MECHANICAL CO., INC' matches; sponsor address corroborates (73 MAIN ST. UNIT E, CARVER MA 02330) | 043127734-002 (medium): sponsor name 'RMN MECHANICAL CO., INC' matches; sponsor address corroborates (73 MAIN ST. UNIT E, CARVER MA 02330)",review,"record date unknown: No free bulk Massachusetts registry or original trade-license dataset is available (see unavailable sources). Organization dates are unknown, so no Massachusetts business can be marked ready.",not_ready,SBA PPP CSV (LoanNumber 5981457707;5694338405) https://data.sba.gov/sites/default/files/distribution/SBA-OCA-2022-07-001/public_150k_plus_240930.csv | DOL 5500-SF 2024 ACK 20251008131606NAL0009832512001 https://askebsa.dol.gov/FOIA%20Files/2024/Latest/F_5500_SF_2024_Latest.zip | DOL 5500-SF 2024 ACK 20251009102103NAL0006817457001 https://askebsa.dol.gov/FOIA%20Files/2024/Latest/F_5500_SF_2024_Latest.zip,20261007T202810Z,20261007T202838Z,yes
biz-362,SWEENEY ROGERS GERAGHTY INC,,250 Richmond St,Raynham,MA,02767,SWEENEY ROGERS GERAGHTY INC,Corporation,single loan,1,6344707701,6344707701:first draw,6344707701:628587.00,6344707701:05/01/2020,6344707701:Paid in Full,"Bank of America, National Association",6344707701:30,unknown,unknown: 6344707701: implied pay per reported job reaches $100K cap,not_checked,,"No free bulk Massachusetts registry or original trade-license dataset is available (see unavailable sources). Organization dates are unknown, so no Massachusetts business can be marked ready.",,,,,,unknown,,,unknown,unknown,filing found,043368708-001,043368708-001:2025-01-01..2025-12-31,043368708-001:2026-06-11,043368708-001:32,32,"043368708-001 (medium): sponsor name 'SWEENEY ROGERS GERAGHTY, INC.' matches; sponsor address corroborates (250 RICHMOND STREET, RAYNHAM MA 02767)",review,"record date unknown: No free bulk Massachusetts registry or original trade-license dataset is available (see unavailable sources). Organization dates are unknown, so no Massachusetts business can be marked ready.",not_ready,SBA PPP CSV (LoanNumber 6344707701) https://data.sba.gov/sites/default/files/distribution/SBA-OCA-2022-07-001/public_150k_plus_240930.csv | DOL 5500-SF 2025 ACK 20260611091332NAL0005133777001 https://askebsa.dol.gov/FOIA%20Files/2025/Latest/F_5500_SF_2025_Latest.zip,20261007T202810Z,20261007T202838Z,yes
biz-363,UNIVERSAL AUTOMATION &AMP; MECHANICAL SERVICES INC,,24 Walpole Park South Suite 8,Walpole,MA,02081,UNIVERSAL AUTOMATION &AMP; MECHANICAL SERVICES INC,Corporation,single loan,1,6424587702,6424587702:first draw,6424587702:1288622.00,6424587702:05/01/2020,6424587702:Paid in Full,"Bank of America, National Association",6424587702:61,unknown,unknown: 6424587702: implied pay per reported job reaches $100K cap,not_checked,,"No free bulk Massachusetts registry or original trade-license dataset is available (see unavailable sources). Organization dates are unknown, so no Massachusetts business can be marked ready.",,,,,,unknown,,,unknown,unknown,unknown (no matched retirement-plan filing in searched years),,,,,unknown,,review,"record date unknown: No free bulk Massachusetts registry or original trade-license dataset is available (see unavailable sources). Organization dates are unknown, so no Massachusetts business can be marked ready.",not_ready,SBA PPP CSV (LoanNumber 6424587702) https://data.sba.gov/sites/default/files/distribution/SBA-OCA-2022-07-001/public_150k_plus_240930.csv,20261007T202810Z,20261007T202838Z,yes
biz-364,BOSTON COOLING &AMP; HEATING CO INC,,588 PLEASANT ST STE 1,NORWOOD,MA,02062,BOSTON COOLING &AMP; HEATING CO INC,Corporation,single loan,1,6516617706,6516617706:first draw,6516617706:235464.00,6516617706:05/01/2020,6516617706:Paid in Full,"Bank of America, National Association",6516617706:14,1130227,"6516617706 (PPP, 05/01/2020): 235,464.00 / 2.5 x 12",not_checked,,"No free bulk Massachusetts registry or original trade-license dataset is available (see unavailable sources). Organization dates are unknown, so no Massachusetts business can be marked ready.",,,,,,unknown,,,unknown,unknown,unknown (no matched retirement-plan filing in searched years),,,,,unknown,,review,"record date unknown: No free bulk Massachusetts registry or original trade-license dataset is available (see unavailable sources). Organization dates are unknown, so no Massachusetts business can be marked ready.",not_ready,SBA PPP CSV (LoanNumber 6516617706) https://data.sba.gov/sites/default/files/distribution/SBA-OCA-2022-07-001/public_150k_plus_240930.csv,20261007T202810Z,20261007T202838Z,yes
biz-365,G &AMP; G MECHANICAL INC,,1 E MELVIN ST,WAKEFIELD,MA,01880,G &AMP; G MECHANICAL INC,Corporation,single loan,1,6534547702,6534547702:first draw,6534547702:546475.00,6534547702:05/01/2020,6534547702:Paid in Full,"Bank of America, National Association",6534547702:34,2623080,"6534547702 (PPP, 05/01/2020): 546,475.00 / 2.5 x 12",not_checked,,"No free bulk Massachusetts registry or original trade-license dataset is available (see unavailable sources). Organization dates are unknown, so no Massachusetts business can be marked ready.",,,,,,unknown,,,unknown,unknown,unknown (no matched retirement-plan filing in searched years),,,,,unknown,,review,"record date unknown: No free bulk Massachusetts registry or original trade-license dataset is available (see unavailable sources). Organization dates are unknown, so no Massachusetts business can be marked ready.",not_ready,SBA PPP CSV (LoanNumber 6534547702) https://data.sba.gov/sites/default/files/distribution/SBA-OCA-2022-07-001/public_150k_plus_240930.csv,20261007T202810Z,20261007T202838Z,yes
biz-366,CARLSON HVAC INC,,251 OLD CONCORD RD,BILLERICA,MA,01821,CARLSON HVAC INC,Corporation,single loan,1,7057737701,7057737701:first draw,7057737701:165959.00,7057737701:05/01/2020,7057737701:Paid in Full,"Bank of America, National Association",7057737701:10,unknown,unknown: 7057737701: current amount differs from initial approval,not_checked,,"No free bulk Massachusetts registry or original trade-license dataset is available (see unavailable sources). Organization dates are unknown, so no Massachusetts business can be marked ready.",,,,,,unknown,,,unknown,unknown,unknown (no matched retirement-plan filing in searched years),,,,,unknown,,review,"record date unknown: No free bulk Massachusetts registry or original trade-license dataset is available (see unavailable sources). Organization dates are unknown, so no Massachusetts business can be marked ready.",not_ready,SBA PPP CSV (LoanNumber 7057737701) https://data.sba.gov/sites/default/files/distribution/SBA-OCA-2022-07-001/public_150k_plus_240930.csv,20261007T202810Z,20261007T202838Z,yes
biz-367,PERFORMANCE AIR CONDITIONING INC,,52 Brook Rd,Needham,MA,02494,PERFORMANCE AIR CONDITIONING INC,Corporation,same legal name + same street address + ZIP,2,8092237301;3120418603,8092237301:first draw;3120418603:second draw,8092237301:194602.00;3120418603:194602.00,8092237301:05/01/2020;3120418603:03/16/2021,8092237301:Paid in Full;3120418603:Paid in Full,"Bank of America, National Association",8092237301:6;3120418603:6,unknown,unknown: 8092237301: implied pay per reported job reaches $100K cap,not_checked,,"No free bulk Massachusetts registry or original trade-license dataset is available (see unavailable sources). Organization dates are unknown, so no Massachusetts business can be marked ready.",,,,,,unknown,,,unknown,unknown,unknown (no matched retirement-plan filing in searched years),,,,,unknown,,review,"record date unknown: No free bulk Massachusetts registry or original trade-license dataset is available (see unavailable sources). Organization dates are unknown, so no Massachusetts business can be marked ready.",not_ready,SBA PPP CSV (LoanNumber 8092237301;3120418603) https://data.sba.gov/sites/default/files/distribution/SBA-OCA-2022-07-001/public_150k_plus_240930.csv,20261007T202810Z,20261007T202838Z,yes
biz-368,"BRADY COMPANIES, INC.",,225  STEDMAN ST Unit 9/10,LOWELL,MA,01851,"BRADY COMPANIES, INC.",Corporation,single loan,1,8215427300,8215427300:first draw,8215427300:176900.00,8215427300:05/01/2020,8215427300:Paid in Full,Primary Bank,8215427300:10,849120,"8215427300 (PPP, 05/01/2020): 176,900.00 / 2.5 x 12",not_checked,,"No free bulk Massachusetts registry or original trade-license dataset is available (see unavailable sources). Organization dates are unknown, so no Massachusetts business can be marked ready.",,,,,,unknown,,,unknown,unknown,unknown (no matched retirement-plan filing in searched years),,,,,unknown,,review,"record date unknown: No free bulk Massachusetts registry or original trade-license dataset is available (see unavailable sources). Organization dates are unknown, so no Massachusetts business can be marked ready.",not_ready,SBA PPP CSV (LoanNumber 8215427300) https://data.sba.gov/sites/default/files/distribution/SBA-OCA-2022-07-001/public_150k_plus_240930.csv,20261007T202810Z,20261007T202838Z,yes
biz-369,CLIMATE TECHNOLOGIES INC (UNIQUE INDOOR COMFORT),,77 Alexander Rd  9,Billerica,MA,01821,CLIMATE TECHNOLOGIES INC (UNIQUE INDOOR COMFORT),Corporation,single loan,1,8971727705,8971727705:first draw,8971727705:202500.00,8971727705:05/01/2020,8971727705:Paid in Full,"Citizens Bank, National Association",8971727705:16,972000,"8971727705 (PPP, 05/01/2020): 202,500.00 / 2.5 x 12",not_checked,,"No free bulk Massachusetts registry or original trade-license dataset is available (see unavailable sources). Organization dates are unknown, so no Massachusetts business can be marked ready.",,,,,,unknown,,,unknown,unknown,unknown (no matched retirement-plan filing in searched years),,,,,unknown,,review,"record date unknown: No free bulk Massachusetts registry or original trade-license dataset is available (see unavailable sources). Organization dates are unknown, so no Massachusetts business can be marked ready.",not_ready,SBA PPP CSV (LoanNumber 8971727705) https://data.sba.gov/sites/default/files/distribution/SBA-OCA-2022-07-001/public_150k_plus_240930.csv,20261007T202810Z,20261007T202838Z,yes
biz-370,BURNS MECHANICAL CORP,,110 Rear Columbus Ave,Waltham,MA,02451,BURNS MECHANICAL CORP,Corporation,single loan,1,9182487707,9182487707:first draw,9182487707:184500.00,9182487707:05/01/2020,9182487707:Paid in Full,"Citizens Bank, National Association",9182487707:12,885600,"9182487707 (PPP, 05/01/2020): 184,500.00 / 2.5 x 12",not_checked,,"No free bulk Massachusetts registry or original trade-license dataset is available (see unavailable sources). Organization dates are unknown, so no Massachusetts business can be marked ready.",,,,,,unknown,,,unknown,unknown,filing found,043515610-001,043515610-001:2025-01-01..2025-12-31,043515610-001:2026-06-17,043515610-001:6,6,043515610-001 (medium): sponsor name 'BURNS MECHANICAL CORP' matches; sponsor ZIP corroborates (WALTHAM MA 024513617),review,"record date unknown: No free bulk Massachusetts registry or original trade-license dataset is available (see unavailable sources). Organization dates are unknown, so no Massachusetts business can be marked ready.",not_ready,SBA PPP CSV (LoanNumber 9182487707) https://data.sba.gov/sites/default/files/distribution/SBA-OCA-2022-07-001/public_150k_plus_240930.csv | DOL 5500-SF 2025 ACK 20260617130516NAL0001213267001 https://askebsa.dol.gov/FOIA%20Files/2025/Latest/F_5500_SF_2025_Latest.zip,20261007T202810Z,20261007T202838Z,yes
biz-371,"CENTRAL SYSTEMS COMPANY, INC.",,865 BEDFORD ST,BRIDGEWATER,MA,02324,"CENTRAL SYSTEMS COMPANY, INC.",Corporation,single loan,1,9492647310,9492647310:first draw,9492647310:153212.00,9492647310:05/02/2020,9492647310:Paid in Full,Eastern Bank,9492647310:8,735418,"9492647310 (PPP, 05/02/2020): 153,212.00 / 2.5 x 12",not_checked,,"No free bulk Massachusetts registry or original trade-license dataset is available (see unavailable sources). Organization dates are unknown, so no Massachusetts business can be marked ready.",,,,,,unknown,,,unknown,unknown,filing found,201530660-001,201530660-001:2025-01-01..2025-12-31,201530660-001:2026-06-02,201530660-001:8,8,"201530660-001 (medium): sponsor name 'CENTRAL SYSTEMS CO INC' matches; sponsor address corroborates (865 BEDFORD ST, BRIDGEWATER MA 023243051)",review,"record date unknown: No free bulk Massachusetts registry or original trade-license dataset is available (see unavailable sources). Organization dates are unknown, so no Massachusetts business can be marked ready.",not_ready,SBA PPP CSV (LoanNumber 9492647310) https://data.sba.gov/sites/default/files/distribution/SBA-OCA-2022-07-001/public_150k_plus_240930.csv | DOL 5500-SF 2025 ACK 20260602114917NAL0000818019001 https://askebsa.dol.gov/FOIA%20Files/2025/Latest/F_5500_SF_2025_Latest.zip,20261007T202810Z,20261007T202838Z,yes
biz-372,PERFORMANCE PIPING INC,,52 Brook Rd,Needham,MA,02494,PERFORMANCE PIPING INC,Corporation,same legal name + same street address + ZIP,2,5840867708;8894328400,5840867708:first draw;8894328400:second draw,5840867708:570652.00;8894328400:570652.00,5840867708:05/03/2020;8894328400:02/14/2021,5840867708:Paid in Full;8894328400:Paid in Full,"Bank of America, National Association",5840867708:23;8894328400:13,unknown,unknown: 5840867708: current amount differs from initial approval; implied pay per reported job reaches $100K cap,not_checked,,"No free bulk Massachusetts registry or original trade-license dataset is available (see unavailable sources). Organization dates are unknown, so no Massachusetts business can be marked ready.",,,,,,unknown,,,unknown,unknown,unknown (no matched retirement-plan filing in searched years),,,,,unknown,,review,"record date unknown: No free bulk Massachusetts registry or original trade-license dataset is available (see unavailable sources). Organization dates are unknown, so no Massachusetts business can be marked ready.",not_ready,SBA PPP CSV (LoanNumber 5840867708;8894328400) https://data.sba.gov/sites/default/files/distribution/SBA-OCA-2022-07-001/public_150k_plus_240930.csv,20261007T202810Z,20261007T202838Z,yes
biz-373,A I M PLUMBING & HEATING,,104 Copicut Rd,Assonet,MA,02702,"A I M PLUMBING & HEATING | A.I.M. PLUMBING & HEATING, INC.",Corporation,same legal name + same ZIP (street spelling differs),2,2891407401;2731828809,2891407401:first draw;2731828809:second draw,2891407401:209722.00;2731828809:209725.00,2891407401:05/06/2020;2731828809:04/13/2021,2891407401:Paid in Full;2731828809:Paid in Full,Eastern Bank,2891407401:8;2731828809:17,1006680,"2731828809 (PPS, 04/13/2021): 209,725.00 / 2.5 x 12",not_checked,,"No free bulk Massachusetts registry or original trade-license dataset is available (see unavailable sources). Organization dates are unknown, so no Massachusetts business can be marked ready.",,,,,,unknown,,,unknown,unknown,unknown (no matched retirement-plan filing in searched years),,,,,unknown,,review,"record date unknown: No free bulk Massachusetts registry or original trade-license dataset is available (see unavailable sources). Organization dates are unknown, so no Massachusetts business can be marked ready.",not_ready,SBA PPP CSV (LoanNumber 2891407401;2731828809) https://data.sba.gov/sites/default/files/distribution/SBA-OCA-2022-07-001/public_150k_plus_240930.csv,20261007T202810Z,20261007T202838Z,yes
biz-374,COMMONWEALTH VENTILATION SYSTEMS INC,,72 Sharp St Ste C1,Hingham,MA,02043,COMMONWEALTH VENTILATION SYSTEMS INC,Limited  Liability Company(LLC),same legal name + same street address + ZIP,2,5047467406;2814278402,5047467406:first draw;2814278402:second draw,5047467406:954465.35;2814278402:954465.00,5047467406:05/11/2020;2814278402:02/04/2021,5047467406:Paid in Full;2814278402:Paid in Full,Rockland Trust Company,5047467406:62;2814278402:62,unknown,unknown: 5047467406: business type 'Limited  Liability Company(LLC)' may use owner income/SE basis,not_checked,,"No free bulk Massachusetts registry or original trade-license dataset is available (see unavailable sources). Organization dates are unknown, so no Massachusetts business can be marked ready.",,,,,,unknown,,,unknown,unknown,unknown (no matched retirement-plan filing in searched years),,,,,unknown,,review,"record date unknown: No free bulk Massachusetts registry or original trade-license dataset is available (see unavailable sources). Organization dates are unknown, so no Massachusetts business can be marked ready.",not_ready,SBA PPP CSV (LoanNumber 5047467406;2814278402) https://data.sba.gov/sites/default/files/distribution/SBA-OCA-2022-07-001/public_150k_plus_240930.csv,20261007T202810Z,20261007T202838Z,yes
biz-375,AVILA PLUMBING AND HEATING INC,,112 Cross Street,lawrence,MA,01841,AVILA PLUMBING AND HEATING INC,Corporation,single loan,1,6012937410,6012937410:first draw,6012937410:348490.00,6012937410:05/13/2020,6012937410:Paid in Full,"Santander Bank, National Association",6012937410:20,1672752,"6012937410 (PPP, 05/13/2020): 348,490.00 / 2.5 x 12",not_checked,,"No free bulk Massachusetts registry or original trade-license dataset is available (see unavailable sources). Organization dates are unknown, so no Massachusetts business can be marked ready.",,,,,,unknown,,,unknown,unknown,unknown (no matched retirement-plan filing in searched years),,,,,unknown,,review,"record date unknown: No free bulk Massachusetts registry or original trade-license dataset is available (see unavailable sources). Organization dates are unknown, so no Massachusetts business can be marked ready.",not_ready,SBA PPP CSV (LoanNumber 6012937410) https://data.sba.gov/sites/default/files/distribution/SBA-OCA-2022-07-001/public_150k_plus_240930.csv,20261007T202810Z,20261007T202838Z,yes
biz-376,OBIE MECHANICAL SERVICES INC,,82 Herbert St Unit 1E,Framingham,MA,01702,OBIE MECHANICAL SERVICES INC,Subchapter S Corporation,same legal name + same street address + ZIP,2,3755457808;4114188310,3755457808:first draw;4114188310:second draw,3755457808:281100.00;4114188310:281100.00,3755457808:05/27/2020;4114188310:01/22/2021,3755457808:Paid in Full;4114188310:Paid in Full,"Citizens Bank, National Association",3755457808:18;4114188310:16,1349280,"3755457808 (PPP, 05/27/2020): 281,100.00 / 2.5 x 12",not_checked,,"No free bulk Massachusetts registry or original trade-license dataset is available (see unavailable sources). Organization dates are unknown, so no Massachusetts business can be marked ready.",,,,,,unknown,,,unknown,unknown,unknown (no matched retirement-plan filing in searched years),,,,,unknown,,review,"record date unknown: No free bulk Massachusetts registry or original trade-license dataset is available (see unavailable sources). Organization dates are unknown, so no Massachusetts business can be marked ready.",not_ready,SBA PPP CSV (LoanNumber 3755457808;4114188310) https://data.sba.gov/sites/default/files/distribution/SBA-OCA-2022-07-001/public_150k_plus_240930.csv,20261007T202810Z,20261007T202838Z,yes
biz-377,HARWICH PORT HEATING & COOLING LLC,,461 Lower County Road,Harwich Port,MA,02646,HARWICH PORT HEATING & COOLING LLC,Limited  Liability Company(LLC),single loan,1,1927518208,1927518208:first draw,1927518208:911275.00,1927518208:07/31/2020,1927518208:Paid in Full,The Cooperative Bank of Cape Cod,1927518208:70,unknown,unknown: 1927518208: business type 'Limited  Liability Company(LLC)' may use owner income/SE basis,not_checked,,"No free bulk Massachusetts registry or original trade-license dataset is available (see unavailable sources). Organization dates are unknown, so no Massachusetts business can be marked ready.",,,,,,unknown,,,unknown,unknown,unknown (no matched retirement-plan filing in searched years),,,,,unknown,,review,"record date unknown: No free bulk Massachusetts registry or original trade-license dataset is available (see unavailable sources). Organization dates are unknown, so no Massachusetts business can be marked ready.",not_ready,SBA PPP CSV (LoanNumber 1927518208) https://data.sba.gov/sites/default/files/distribution/SBA-OCA-2022-07-001/public_150k_plus_240930.csv,20261007T202810Z,20261007T202838Z,yes
biz-378,J D HALL CORPORATION,,11 River St Ste 1,Middleton,MA,01949,J D HALL CORPORATION,Corporation,single loan,1,1137878304,1137878304:second draw,1137878304:277089.92,1137878304:01/16/2021,1137878304:Paid in Full,Reading Co-Operative Bank,1137878304:23,1330032,"1137878304 (PPS, 01/16/2021): 277,089.92 / 2.5 x 12",not_checked,,"No free bulk Massachusetts registry or original trade-license dataset is available (see unavailable sources). Organization dates are unknown, so no Massachusetts business can be marked ready.",,,,,,unknown,,,unknown,unknown,unknown (no matched retirement-plan filing in searched years),,,,,unknown,,review,"record date unknown: No free bulk Massachusetts registry or original trade-license dataset is available (see unavailable sources). Organization dates are unknown, so no Massachusetts business can be marked ready.",not_ready,SBA PPP CSV (LoanNumber 1137878304) https://data.sba.gov/sites/default/files/distribution/SBA-OCA-2022-07-001/public_150k_plus_240930.csv,20261007T202810Z,20261007T202838Z,yes
biz-379,PLATINUM FIRE PROTECTION & SERVICES LLC,,237 Cedar Hill St,Marlborough,MA,01752,PLATINUM FIRE PROTECTION & SERVICES LLC,Limited  Liability Company(LLC),single loan,1,2275418309,2275418309:second draw,2275418309:1225000.00,2275418309:01/20/2021,2275418309:Paid in Full,bankHometown,2275418309:105,unknown,unknown: 2275418309: business type 'Limited  Liability Company(LLC)' may use owner income/SE basis,not_checked,,"No free bulk Massachusetts registry or original trade-license dataset is available (see unavailable sources). Organization dates are unknown, so no Massachusetts business can be marked ready.",,,,,,unknown,,,unknown,unknown,filing found,274007186-001,274007186-001:2025-01-01..2025-12-31,274007186-001:2026-09-21,274007186-001:162,162,"274007186-001 (medium): sponsor name 'PLATINUM FIRE PROTECTION & SERVICES, LLC' matches; sponsor ZIP corroborates (MARLBOROUGH MA 01752)",review,"record date unknown: No free bulk Massachusetts registry or original trade-license dataset is available (see unavailable sources). Organization dates are unknown, so no Massachusetts business can be marked ready.",not_ready,SBA PPP CSV (LoanNumber 2275418309) https://data.sba.gov/sites/default/files/distribution/SBA-OCA-2022-07-001/public_150k_plus_240930.csv | DOL 5500 2025 ACK 20260921111310NAL0009097553001 https://askebsa.dol.gov/FOIA%20Files/2025/Latest/F_5500_2025_Latest.zip,20261007T202810Z,20261007T202838Z,yes
biz-380,"COTTI-JOHNSON HVAC, INC.",,30 Waverly St,Taunton,MA,02780,"COTTI-JOHNSON HVAC, INC.",Corporation,single loan,1,2587208304,2587208304:second draw,2587208304:634282.00,2587208304:01/21/2021,2587208304:Paid in Full,Coastal1 Credit Union,2587208304:49,3044554,"2587208304 (PPS, 01/21/2021): 634,282.00 / 2.5 x 12",not_checked,,"No free bulk Massachusetts registry or original trade-license dataset is available (see unavailable sources). Organization dates are unknown, so no Massachusetts business can be marked ready.",,,,,,unknown,,,unknown,unknown,filing found,113828040-001,113828040-001:2025-01-01..2025-12-31,113828040-001:2026-09-11,113828040-001:60,60,"113828040-001 (medium): sponsor name 'COTTI-JOHNSON HVAC, INC.' matches; sponsor address corroborates (30 WAVERLY STREET, TAUNTON MA 02780)",review,"record date unknown: No free bulk Massachusetts registry or original trade-license dataset is available (see unavailable sources). Organization dates are unknown, so no Massachusetts business can be marked ready.",not_ready,SBA PPP CSV (LoanNumber 2587208304) https://data.sba.gov/sites/default/files/distribution/SBA-OCA-2022-07-001/public_150k_plus_240930.csv | DOL 5500-SF 2025 ACK 20260911120914NAL0007927938001 https://askebsa.dol.gov/FOIA%20Files/2025/Latest/F_5500_SF_2025_Latest.zip,20261007T202810Z,20261007T202838Z,yes
biz-381,KARPOUZIS COMMERCIAL REFRIGERATION INC.,,875 Waverley St,Framingham,MA,01702,KARPOUZIS COMMERCIAL REFRIGERATION INC.,Corporation,single loan,1,2754118310,2754118310:second draw,2754118310:275892.60,2754118310:01/21/2021,2754118310:Paid in Full,MutualOne Bank,2754118310:19,1324284,"2754118310 (PPS, 01/21/2021): 275,892.60 / 2.5 x 12",not_checked,,"No free bulk Massachusetts registry or original trade-license dataset is available (see unavailable sources). Organization dates are unknown, so no Massachusetts business can be marked ready.",,,,,,unknown,,,unknown,unknown,filing found,042512224-003,042512224-003:2024-12-01..2025-11-30,042512224-003:2026-04-01,042512224-003:15,15,"042512224-003 (medium): sponsor name 'KARPOUZIS COMMERCIAL REFRIGERATION, INC.' matches; sponsor ZIP corroborates (FRAMINGHAM MA 01702)",review,"record date unknown: No free bulk Massachusetts registry or original trade-license dataset is available (see unavailable sources). Organization dates are unknown, so no Massachusetts business can be marked ready.",not_ready,SBA PPP CSV (LoanNumber 2754118310) https://data.sba.gov/sites/default/files/distribution/SBA-OCA-2022-07-001/public_150k_plus_240930.csv | DOL 5500-SF 2024 ACK 20260401074602NAL0001013601001 https://askebsa.dol.gov/FOIA%20Files/2024/Latest/F_5500_SF_2024_Latest.zip,20261007T202810Z,20261007T202838Z,yes
biz-382,HANLON SHEET METAL CONTRACTORS INC.,,28 Nashua Rd Ste A,North Billerica,MA,01862,HANLON SHEET METAL CONTRACTORS INC.,Corporation,single loan,1,3683718309,3683718309:second draw,3683718309:524067.00,3683718309:01/22/2021,3683718309:Paid in Full,The Lowell Five Cent Savings Bank,3683718309:41,2515522,"3683718309 (PPS, 01/22/2021): 524,067.00 / 2.5 x 12",not_checked,,"No free bulk Massachusetts registry or original trade-license dataset is available (see unavailable sources). Organization dates are unknown, so no Massachusetts business can be marked ready.",,,,,,unknown,,,unknown,unknown,filing found,043103934-001;043103934-002,043103934-001:2025-01-01..2025-12-31;043103934-002:2025-01-01..2025-12-31,043103934-001:2026-06-08;043103934-002:2026-06-08,043103934-001:51;043103934-002:46,51,"043103934-001 (medium): sponsor name 'HANLON SHEET METAL CONTRACTORS, INC' matches; sponsor address corroborates (28 NASHUA RD UNIT A, NORTH BILLERICA MA 01862) | 043103934-002 (medium): sponsor name 'HANLON SHEET METAL CONTRACTORS, INC' matches; sponsor address corroborates (28 NASHUA RD UNIT A, NORTH BILLERICA MA 01862)",review,"record date unknown: No free bulk Massachusetts registry or original trade-license dataset is available (see unavailable sources). Organization dates are unknown, so no Massachusetts business can be marked ready.",not_ready,SBA PPP CSV (LoanNumber 3683718309) https://data.sba.gov/sites/default/files/distribution/SBA-OCA-2022-07-001/public_150k_plus_240930.csv | DOL 5500-SF 2025 ACK 20260608103432NAL0010763682001 https://askebsa.dol.gov/FOIA%20Files/2025/Latest/F_5500_SF_2025_Latest.zip | DOL 5500-SF 2025 ACK 20260608103319NAL0003153635001 https://askebsa.dol.gov/FOIA%20Files/2025/Latest/F_5500_SF_2025_Latest.zip,20261007T202810Z,20261007T202838Z,yes
biz-383,WARREN ENTERPRISES INC.,,271 Milton St,Dedham,MA,02026,WARREN ENTERPRISES INC.,Corporation,single loan,1,3781818308,3781818308:second draw,3781818308:243318.97,3781818308:01/22/2021,3781818308:Paid in Full,Dedham Institution for Savings,3781818308:14,1167931,"3781818308 (PPS, 01/22/2021): 243,318.97 / 2.5 x 12",not_checked,,"No free bulk Massachusetts registry or original trade-license dataset is available (see unavailable sources). Organization dates are unknown, so no Massachusetts business can be marked ready.",,,,,,unknown,,,unknown,unknown,filing found,043271958-001,043271958-001:2025-01-01..2025-12-31,043271958-001:2026-05-29,043271958-001:29,29,"043271958-001 (medium): sponsor name 'WARREN ENTERPRISES INC' matches; sponsor address corroborates (271 MILTON ST, DEDHAM MA 020262917)",review,"record date unknown: No free bulk Massachusetts registry or original trade-license dataset is available (see unavailable sources). Organization dates are unknown, so no Massachusetts business can be marked ready.",not_ready,SBA PPP CSV (LoanNumber 3781818308) https://data.sba.gov/sites/default/files/distribution/SBA-OCA-2022-07-001/public_150k_plus_240930.csv | DOL 5500-SF 2025 ACK 20260529133612NAL0009710227001 https://askebsa.dol.gov/FOIA%20Files/2025/Latest/F_5500_SF_2025_Latest.zip,20261007T202810Z,20261007T202838Z,yes
biz-384,MONAHAN TECHNOLOGIES INC.,,525 Woburn St Ste 2,Tewksbury,MA,01876,MONAHAN TECHNOLOGIES INC.,Corporation,single loan,1,4022178310,4022178310:second draw,4022178310:293600.00,4022178310:01/22/2021,4022178310:Paid in Full,The Lowell Five Cent Savings Bank,4022178310:21,1409280,"4022178310 (PPS, 01/22/2021): 293,600.00 / 2.5 x 12",not_checked,,"No free bulk Massachusetts registry or original trade-license dataset is available (see unavailable sources). Organization dates are unknown, so no Massachusetts business can be marked ready.",,,,,,unknown,,,unknown,unknown,filing found,043182641-001,043182641-001:2025-01-01..2025-12-31,043182641-001:2026-04-22,043182641-001:21,21,"043182641-001 (medium): sponsor name 'MONAHAN TECHNOLOGIES INC' matches; sponsor address corroborates (525 WOBURN ST STE 2, TEWKSBURY MA 018763432)",review,"record date unknown: No free bulk Massachusetts registry or original trade-license dataset is available (see unavailable sources). Organization dates are unknown, so no Massachusetts business can be marked ready.",not_ready,SBA PPP CSV (LoanNumber 4022178310) https://data.sba.gov/sites/default/files/distribution/SBA-OCA-2022-07-001/public_150k_plus_240930.csv | DOL 5500-SF 2025 ACK 20260422133104NAL0001961107001 https://askebsa.dol.gov/FOIA%20Files/2025/Latest/F_5500_SF_2025_Latest.zip,20261007T202810Z,20261007T202838Z,yes
biz-385,TCA SOLUTIONS LLC,,39 State St,Newburyport,MA,01950,TCA SOLUTIONS LLC,Limited  Liability Company(LLC),single loan,1,4686068304,4686068304:second draw,4686068304:182500.00,4686068304:01/23/2021,4686068304:Paid in Full,Newburyport Five Cents Savings Bank,4686068304:11,unknown,unknown: 4686068304: business type 'Limited  Liability Company(LLC)' may use owner income/SE basis,not_checked,,"No free bulk Massachusetts registry or original trade-license dataset is available (see unavailable sources). Organization dates are unknown, so no Massachusetts business can be marked ready.",,,,,,unknown,,,unknown,unknown,unknown (no matched retirement-plan filing in searched years),,,,,unknown,,review,"record date unknown: No free bulk Massachusetts registry or original trade-license dataset is available (see unavailable sources). Organization dates are unknown, so no Massachusetts business can be marked ready.",not_ready,SBA PPP CSV (LoanNumber 4686068304) https://data.sba.gov/sites/default/files/distribution/SBA-OCA-2022-07-001/public_150k_plus_240930.csv,20261007T202810Z,20261007T202838Z,yes
biz-386,INTERSTATE MECHANICAL SERVUCES INC,,292 Page St,Stoughton,MA,02072,INTERSTATE MECHANICAL SERVUCES INC,Corporation,single loan,1,5996538303,5996538303:second draw,5996538303:414300.00,5996538303:01/26/2021,5996538303:Paid in Full,"Leader Bank, National Association",5996538303:16,unknown,unknown: 5996538303: current amount differs from initial approval; implied pay per reported job reaches $100K cap,not_checked,,"No free bulk Massachusetts registry or original trade-license dataset is available (see unavailable sources). Organization dates are unknown, so no Massachusetts business can be marked ready.",,,,,,unknown,,,unknown,unknown,unknown (no matched retirement-plan filing in searched years),,,,,unknown,,review,"record date unknown: No free bulk Massachusetts registry or original trade-license dataset is available (see unavailable sources). Organization dates are unknown, so no Massachusetts business can be marked ready.",not_ready,SBA PPP CSV (LoanNumber 5996538303) https://data.sba.gov/sites/default/files/distribution/SBA-OCA-2022-07-001/public_150k_plus_240930.csv,20261007T202810Z,20261007T202838Z,yes
biz-387,NELSON MECHANICAL DESIGN INC.,,455 State Rd,Vineyard Haven,MA,02568,NELSON MECHANICAL DESIGN INC.,Corporation,single loan,1,6307148304,6307148304:second draw,6307148304:377200.00,6307148304:01/26/2021,6307148304:Paid in Full,Martha's Vineyard Bank,6307148304:23,1810560,"6307148304 (PPS, 01/26/2021): 377,200.00 / 2.5 x 12",not_checked,,"No free bulk Massachusetts registry or original trade-license dataset is available (see unavailable sources). Organization dates are unknown, so no Massachusetts business can be marked ready.",,,,,,unknown,,,unknown,unknown,filing found,134298660-001,134298660-001:2025-01-01..2025-12-31,134298660-001:2026-04-25,134298660-001:29,29,"134298660-001 (medium): sponsor name 'NELSON MECHANICAL DESIGN INC' matches; sponsor address corroborates (455 STATE RD PMB 264, VINEYARD HAVEN MA 025685695)",review,"record date unknown: No free bulk Massachusetts registry or original trade-license dataset is available (see unavailable sources). Organization dates are unknown, so no Massachusetts business can be marked ready.",not_ready,SBA PPP CSV (LoanNumber 6307148304) https://data.sba.gov/sites/default/files/distribution/SBA-OCA-2022-07-001/public_150k_plus_240930.csv | DOL 5500-SF 2025 ACK 20260424232721NAL0003505571001 https://askebsa.dol.gov/FOIA%20Files/2025/Latest/F_5500_SF_2025_Latest.zip,20261007T202810Z,20261007T202838Z,yes
biz-388,MPK ENTERPRISES INC.,,225 New Boston St,Woburn,MA,01801,MPK ENTERPRISES INC.,Subchapter S Corporation,single loan,1,7386378305,7386378305:second draw,7386378305:1238495.00,7386378305:01/28/2021,7386378305:Paid in Full,Eastern Bank,7386378305:62,5944776,"7386378305 (PPS, 01/28/2021): 1,238,495.00 / 2.5 x 12",not_checked,,"No free bulk Massachusetts registry or original trade-license dataset is available (see unavailable sources). Organization dates are unknown, so no Massachusetts business can be marked ready.",,,,,,unknown,,,unknown,unknown,filing found,810701808-001,810701808-001:2024-01-01..2024-12-31,810701808-001:2025-07-08,810701808-001:79,79,"810701808-001 (medium): sponsor name 'MPK ENTERPRISES INC' matches; sponsor address corroborates (225 NEW BOSTON ST, WOBURN MA 018016214)",review,"record date unknown: No free bulk Massachusetts registry or original trade-license dataset is available (see unavailable sources). Organization dates are unknown, so no Massachusetts business can be marked ready.",not_ready,SBA PPP CSV (LoanNumber 7386378305) https://data.sba.gov/sites/default/files/distribution/SBA-OCA-2022-07-001/public_150k_plus_240930.csv | DOL 5500-SF 2024 ACK 20250708084330NAL0002534243001 https://askebsa.dol.gov/FOIA%20Files/2024/Latest/F_5500_SF_2024_Latest.zip,20261007T202810Z,20261007T202838Z,yes
biz-389,JSD MECHANICAL INC,,43 Sheridan St,Chicopee,MA,01020,JSD MECHANICAL INC,Corporation,single loan,1,7445548309,7445548309:second draw,7445548309:185240.00,7445548309:01/28/2021,7445548309:Paid in Full,Manufacturers and Traders Trust Company,7445548309:19,889152,"7445548309 (PPS, 01/28/2021): 185,240.00 / 2.5 x 12",not_checked,,"No free bulk Massachusetts registry or original trade-license dataset is available (see unavailable sources). Organization dates are unknown, so no Massachusetts business can be marked ready.",,,,,,unknown,,,unknown,unknown,unknown (no matched retirement-plan filing in searched years),,,,,unknown,,review,"record date unknown: No free bulk Massachusetts registry or original trade-license dataset is available (see unavailable sources). Organization dates are unknown, so no Massachusetts business can be marked ready.",not_ready,SBA PPP CSV (LoanNumber 7445548309) https://data.sba.gov/sites/default/files/distribution/SBA-OCA-2022-07-001/public_150k_plus_240930.csv,20261007T202810Z,20261007T202838Z,yes
biz-390,GUSTAVO PRESTON COMPANY INC.,,23 Industrial Ave,Chelmsford,MA,01824,GUSTAVO PRESTON COMPANY INC.,Corporation,single loan,1,3190458403,3190458403:second draw,3190458403:1069725.00,3190458403:02/04/2021,3190458403:Paid in Full,The Lowell Five Cent Savings Bank,3190458403:63,5134680,"3190458403 (PPS, 02/04/2021): 1,069,725.00 / 2.5 x 12",not_checked,,"No free bulk Massachusetts registry or original trade-license dataset is available (see unavailable sources). Organization dates are unknown, so no Massachusetts business can be marked ready.",,,,,,unknown,,,unknown,unknown,unknown (no matched retirement-plan filing in searched years),,,,,unknown,,review,"record date unknown: No free bulk Massachusetts registry or original trade-license dataset is available (see unavailable sources). Organization dates are unknown, so no Massachusetts business can be marked ready.",not_ready,SBA PPP CSV (LoanNumber 3190458403) https://data.sba.gov/sites/default/files/distribution/SBA-OCA-2022-07-001/public_150k_plus_240930.csv,20261007T202810Z,20261007T202838Z,yes
biz-391,THE TOWNSEND GROUP INC.,,815 Woburn St,Wilmington,MA,01887,THE TOWNSEND GROUP INC.,Corporation,single loan,1,3391478405,3391478405:second draw,3391478405:283593.03,3391478405:02/04/2021,3391478405:Paid in Full,Eastern Bank,3391478405:14,1361247,"3391478405 (PPS, 02/04/2021): 283,593.03 / 2.5 x 12",not_checked,,"No free bulk Massachusetts registry or original trade-license dataset is available (see unavailable sources). Organization dates are unknown, so no Massachusetts business can be marked ready.",,,,,,unknown,,,unknown,unknown,unknown (no matched retirement-plan filing in searched years),,,,,unknown,,review,"record date unknown: No free bulk Massachusetts registry or original trade-license dataset is available (see unavailable sources). Organization dates are unknown, so no Massachusetts business can be marked ready.",not_ready,SBA PPP CSV (LoanNumber 3391478405) https://data.sba.gov/sites/default/files/distribution/SBA-OCA-2022-07-001/public_150k_plus_240930.csv,20261007T202810Z,20261007T202838Z,yes
biz-392,DAVID FREDENBURGH,,9 Stadler St,Belchertown,MA,01007,DAVID FREDENBURGH,Limited  Liability Company(LLC),single loan,1,4238848407,4238848407:second draw,4238848407:279200.00,4238848407:02/06/2021,4238848407:Paid in Full,Country Bank for Savings,4238848407:22,unknown,unknown: 4238848407: business type 'Limited  Liability Company(LLC)' may use owner income/SE basis,not_checked,,"No free bulk Massachusetts registry or original trade-license dataset is available (see unavailable sources). Organization dates are unknown, so no Massachusetts business can be marked ready.",,,,,,unknown,,,unknown,unknown,unknown (no matched retirement-plan filing in searched years),,,,,unknown,,review,"record date unknown: No free bulk Massachusetts registry or original trade-license dataset is available (see unavailable sources). Organization dates are unknown, so no Massachusetts business can be marked ready.",not_ready,SBA PPP CSV (LoanNumber 4238848407) https://data.sba.gov/sites/default/files/distribution/SBA-OCA-2022-07-001/public_150k_plus_240930.csv,20261007T202810Z,20261007T202838Z,yes
biz-393,G & G MECHANICAL INC,,1 Melvin St,Wakefield,MA,01880,G & G MECHANICAL INC,Corporation,single loan,1,6189388402,6189388402:second draw,6189388402:546475.00,6189388402:02/10/2021,6189388402:Paid in Full,"Bank of America, National Association",6189388402:33,2623080,"6189388402 (PPS, 02/10/2021): 546,475.00 / 2.5 x 12",not_checked,,"No free bulk Massachusetts registry or original trade-license dataset is available (see unavailable sources). Organization dates are unknown, so no Massachusetts business can be marked ready.",,,,,,unknown,,,unknown,unknown,filing found,800002569-001,800002569-001:2025-01-01..2025-12-31,800002569-001:2026-07-15,800002569-001:32,32,"800002569-001 (medium): sponsor name 'G&G MECHANICAL, INC.' matches; sponsor ZIP corroborates (WAKEFIELD MA 01880)",review,"record date unknown: No free bulk Massachusetts registry or original trade-license dataset is available (see unavailable sources). Organization dates are unknown, so no Massachusetts business can be marked ready.",not_ready,SBA PPP CSV (LoanNumber 6189388402) https://data.sba.gov/sites/default/files/distribution/SBA-OCA-2022-07-001/public_150k_plus_240930.csv | DOL 5500-SF 2025 ACK 20260715113632NAL0003978242001 https://askebsa.dol.gov/FOIA%20Files/2025/Latest/F_5500_SF_2025_Latest.zip,20261007T202810Z,20261007T202838Z,yes
biz-394,PINNACLE PIPING AND SERVICE CORPORATION,,950 Dorchester Ave Ste 103,Dorchester,MA,02125,PINNACLE PIPING AND SERVICE CORPORATION,Subchapter S Corporation,single loan,1,8060998406,8060998406:second draw,8060998406:827495.00,8060998406:02/12/2021,8060998406:Paid in Full,South Shore Bank,8060998406:29,unknown,unknown: 8060998406: implied pay per reported job reaches $100K cap,not_checked,,"No free bulk Massachusetts registry or original trade-license dataset is available (see unavailable sources). Organization dates are unknown, so no Massachusetts business can be marked ready.",,,,,,unknown,,,unknown,unknown,filing found,743096499-001,743096499-001:2024-01-01..2024-12-31,743096499-001:2025-10-08,743096499-001:15,15,"743096499-001 (medium): sponsor name 'PINNACLE PIPING AND SERVICE CORP.' matches; sponsor address corroborates (950 DORCHESTER AVE, DORCHESTER MA 02125)",review,"record date unknown: No free bulk Massachusetts registry or original trade-license dataset is available (see unavailable sources). Organization dates are unknown, so no Massachusetts business can be marked ready.",not_ready,SBA PPP CSV (LoanNumber 8060998406) https://data.sba.gov/sites/default/files/distribution/SBA-OCA-2022-07-001/public_150k_plus_240930.csv | DOL 5500-SF 2024 ACK 20251008114301NAL0009681840001 https://askebsa.dol.gov/FOIA%20Files/2024/Latest/F_5500_SF_2024_Latest.zip,20261007T202810Z,20261007T202838Z,yes
biz-395,CAPAVI-USA INC,,271 Salem St Ste K,Woburn,MA,01801,CAPAVI-USA INC,Corporation,single loan,1,8854578400,8854578400:second draw,8854578400:455500.00,8854578400:02/14/2021,8854578400:Paid in Full,Enterprise Bank and Trust Company,8854578400:20,unknown,unknown: 8854578400: implied pay per reported job reaches $100K cap,not_checked,,"No free bulk Massachusetts registry or original trade-license dataset is available (see unavailable sources). Organization dates are unknown, so no Massachusetts business can be marked ready.",,,,,,unknown,,,unknown,unknown,filing found,475255401-001,475255401-001:2024-01-01..2024-12-31,475255401-001:2025-10-14,475255401-001:15,15,"475255401-001 (medium): sponsor name 'CAPAVI-USA, INC.' / DBA 'INDUSTRIAL PIPING & CERTIFIED WELDING CO., INC' matches; sponsor address corroborates (271 SALEM STREET, SUITE K, WOBURN MA 01801)",review,"record date unknown: No free bulk Massachusetts registry or original trade-license dataset is available (see unavailable sources). Organization dates are unknown, so no Massachusetts business can be marked ready.",not_ready,SBA PPP CSV (LoanNumber 8854578400) https://data.sba.gov/sites/default/files/distribution/SBA-OCA-2022-07-001/public_150k_plus_240930.csv | DOL 5500 2024 ACK 20251014085720NAL0005177922001 https://askebsa.dol.gov/FOIA%20Files/2024/Latest/F_5500_2024_Latest.zip,20261007T202810Z,20261007T202838Z,yes
biz-396,UNIVERSAL AUTOMATION & MECHANICAL SERVICES INC.,,24 Walpole Park S Ste 8,Walpole,MA,02081,UNIVERSAL AUTOMATION & MECHANICAL SERVICES INC.,Corporation,single loan,1,1538388507,1538388507:second draw,1538388507:1288632.00,1538388507:02/19/2021,1538388507:Paid in Full,"Bank of America, National Association",1538388507:34,unknown,unknown: 1538388507: implied pay per reported job reaches $100K cap,not_checked,,"No free bulk Massachusetts registry or original trade-license dataset is available (see unavailable sources). Organization dates are unknown, so no Massachusetts business can be marked ready.",,,,,,unknown,,,unknown,unknown,unknown (no matched retirement-plan filing in searched years),,,,,unknown,,review,"record date unknown: No free bulk Massachusetts registry or original trade-license dataset is available (see unavailable sources). Organization dates are unknown, so no Massachusetts business can be marked ready.",not_ready,SBA PPP CSV (LoanNumber 1538388507) https://data.sba.gov/sites/default/files/distribution/SBA-OCA-2022-07-001/public_150k_plus_240930.csv,20261007T202810Z,20261007T202838Z,yes
biz-397,BAYSTATE AIR INC.,,20 Terry Ave,Burlington,MA,01803,BAYSTATE AIR INC.,Corporation,single loan,1,1628068509,1628068509:second draw,1628068509:962002.73,1628068509:02/19/2021,1628068509:Paid in Full,Eastern Bank,1628068509:47,4617613,"1628068509 (PPS, 02/19/2021): 962,002.73 / 2.5 x 12",not_checked,,"No free bulk Massachusetts registry or original trade-license dataset is available (see unavailable sources). Organization dates are unknown, so no Massachusetts business can be marked ready.",,,,,,unknown,,,unknown,unknown,filing found,711024420-001;711024420-002,711024420-001:2025-01-01..2025-12-31;711024420-002:2024-01-01..2024-12-31,711024420-001:2026-04-23;711024420-002:2025-10-06,711024420-001:10;711024420-002:7,10,"711024420-001 (medium): sponsor name 'BAYSTATE AIR, INC.' matches; sponsor address corroborates (20 TERRY AVENUE, BURLINGTON MA 01803) | 711024420-002 (medium): sponsor name 'BAYSTATE AIR, INC.' matches; sponsor address corroborates (20 TERRY AVENUE, BURLINGTON MA 01803)",review,"record date unknown: No free bulk Massachusetts registry or original trade-license dataset is available (see unavailable sources). Organization dates are unknown, so no Massachusetts business can be marked ready.",not_ready,SBA PPP CSV (LoanNumber 1628068509) https://data.sba.gov/sites/default/files/distribution/SBA-OCA-2022-07-001/public_150k_plus_240930.csv | DOL 5500-SF 2025 ACK 20260423111422NAL0004620849001 https://askebsa.dol.gov/FOIA%20Files/2025/Latest/F_5500_SF_2025_Latest.zip | DOL 5500-SF 2024 ACK 20251006134350NAL0006530880001 https://askebsa.dol.gov/FOIA%20Files/2024/Latest/F_5500_SF_2024_Latest.zip,20261007T202810Z,20261007T202838Z,yes
biz-398,BOSTON STANDARD PLUMBING HEATING & COOLING,,41 Hollingsworth St,Mattapan,MA,02126,BOSTON STANDARD PLUMBING HEATING & COOLING,Corporation,single loan,1,2614118504,2614118504:second draw,2614118504:574192.00,2614118504:02/20/2021,2614118504:Paid in Full,BayCoast Bank,2614118504:41,2756122,"2614118504 (PPS, 02/20/2021): 574,192.00 / 2.5 x 12",not_checked,,"No free bulk Massachusetts registry or original trade-license dataset is available (see unavailable sources). Organization dates are unknown, so no Massachusetts business can be marked ready.",,,,,,unknown,,,unknown,unknown,unknown (no matched retirement-plan filing in searched years),,,,,unknown,,review,"record date unknown: No free bulk Massachusetts registry or original trade-license dataset is available (see unavailable sources). Organization dates are unknown, so no Massachusetts business can be marked ready.",not_ready,SBA PPP CSV (LoanNumber 2614118504) https://data.sba.gov/sites/default/files/distribution/SBA-OCA-2022-07-001/public_150k_plus_240930.csv,20261007T202810Z,20261007T202838Z,yes
biz-399,J.J. SULLIVAN PLUMBING & HEATING CO. INC.,,8 Micro Dr,Woburn,MA,01801,J.J. SULLIVAN PLUMBING & HEATING CO. INC.,Corporation,single loan,1,3961078504,3961078504:second draw,3961078504:223572.17,3961078504:02/24/2021,3961078504:Paid in Full,Eastern Bank,3961078504:17,1073146,"3961078504 (PPS, 02/24/2021): 223,572.17 / 2.5 x 12",not_checked,,"No free bulk Massachusetts registry or original trade-license dataset is available (see unavailable sources). Organization dates are unknown, so no Massachusetts business can be marked ready.",,,,,,unknown,,,unknown,unknown,filing found,042255227-001,042255227-001:2025-01-01..2025-12-31,042255227-001:2026-06-15,042255227-001:15,15,"042255227-001 (medium): sponsor name 'J.J. SULLIVAN PLUMBING AND HEATING CO., INC.' matches; sponsor address corroborates (8 MICRO DRIVE, WOBURN MA 01801)",review,"record date unknown: No free bulk Massachusetts registry or original trade-license dataset is available (see unavailable sources). Organization dates are unknown, so no Massachusetts business can be marked ready.",not_ready,SBA PPP CSV (LoanNumber 3961078504) https://data.sba.gov/sites/default/files/distribution/SBA-OCA-2022-07-001/public_150k_plus_240930.csv | DOL 5500-SF 2025 ACK 20260615175231NAL0000177619001 https://askebsa.dol.gov/FOIA%20Files/2025/Latest/F_5500_SF_2025_Latest.zip,20261007T202810Z,20261007T202838Z,yes
biz-400,WAMBOLT PLUMBING AND HEATING CORP,,11 Wadsworth Ave,Waltham,MA,02453,WAMBOLT PLUMBING AND HEATING CORP,Corporation,single loan,1,5404808505,5404808505:second draw,5404808505:154502.00,5404808505:02/27/2021,5404808505:Paid in Full,"Bank of America, National Association",5404808505:12,741610,"5404808505 (PPS, 02/27/2021): 154,502.00 / 2.5 x 12",not_checked,,"No free bulk Massachusetts registry or original trade-license dataset is available (see unavailable sources). Organization dates are unknown, so no Massachusetts business can be marked ready.",,,,,,unknown,,,unknown,unknown,unknown (no matched retirement-plan filing in searched years),,,,,unknown,,review,"record date unknown: No free bulk Massachusetts registry or original trade-license dataset is available (see unavailable sources). Organization dates are unknown, so no Massachusetts business can be marked ready.",not_ready,SBA PPP CSV (LoanNumber 5404808505) https://data.sba.gov/sites/default/files/distribution/SBA-OCA-2022-07-001/public_150k_plus_240930.csv,20261007T202810Z,20261007T202838Z,yes
biz-401,WEST MECHANICAL INC,,1000 Turnpike St,Canton,MA,02021,WEST MECHANICAL INC,Corporation,single loan,1,5680118506,5680118506:second draw,5680118506:262500.00,5680118506:03/01/2021,5680118506:Paid in Full,"Santander Bank, National Association",5680118506:15,1260000,"5680118506 (PPS, 03/01/2021): 262,500.00 / 2.5 x 12",not_checked,,"No free bulk Massachusetts registry or original trade-license dataset is available (see unavailable sources). Organization dates are unknown, so no Massachusetts business can be marked ready.",,,,,,unknown,,,unknown,unknown,unknown (no matched retirement-plan filing in searched years),,,,,unknown,,review,"record date unknown: No free bulk Massachusetts registry or original trade-license dataset is available (see unavailable sources). Organization dates are unknown, so no Massachusetts business can be marked ready.",not_ready,SBA PPP CSV (LoanNumber 5680118506) https://data.sba.gov/sites/default/files/distribution/SBA-OCA-2022-07-001/public_150k_plus_240930.csv,20261007T202810Z,20261007T202838Z,yes
biz-402,MAJESTIC MECHANICAL CONTRACTOR,,1921 Main St,Tewksbury,MA,01876,MAJESTIC MECHANICAL CONTRACTOR,Corporation,single loan,1,7352658504,7352658504:second draw,7352658504:192845.00,7352658504:03/05/2021,7352658504:Paid in Full,"Santander Bank, National Association",7352658504:15,925656,"7352658504 (PPS, 03/05/2021): 192,845.00 / 2.5 x 12",not_checked,,"No free bulk Massachusetts registry or original trade-license dataset is available (see unavailable sources). Organization dates are unknown, so no Massachusetts business can be marked ready.",,,,,,unknown,,,unknown,unknown,unknown (no matched retirement-plan filing in searched years),,,,,unknown,,review,"record date unknown: No free bulk Massachusetts registry or original trade-license dataset is available (see unavailable sources). Organization dates are unknown, so no Massachusetts business can be marked ready.",not_ready,SBA PPP CSV (LoanNumber 7352658504) https://data.sba.gov/sites/default/files/distribution/SBA-OCA-2022-07-001/public_150k_plus_240930.csv,20261007T202810Z,20261007T202838Z,yes
biz-403,DRAIN DOCTOR INC.,,612 Broadway,Somerville,MA,02145,DRAIN DOCTOR INC.,Corporation,single loan,1,8389238505,8389238505:second draw,8389238505:275134.62,8389238505:03/09/2021,8389238505:Paid in Full,Eastern Bank,8389238505:18,1320646,"8389238505 (PPS, 03/09/2021): 275,134.62 / 2.5 x 12",not_checked,,"No free bulk Massachusetts registry or original trade-license dataset is available (see unavailable sources). Organization dates are unknown, so no Massachusetts business can be marked ready.",,,,,,unknown,,,unknown,unknown,filing found,042868395-001,042868395-001:2024-01-01..2024-12-31,042868395-001:2025-07-16,042868395-001:11,11,"042868395-001 (medium): sponsor name 'DRAIN DOCTOR INC' matches; sponsor address corroborates (612 BROADWAY, SOMERVILLE MA 021452562)",review,"record date unknown: No free bulk Massachusetts registry or original trade-license dataset is available (see unavailable sources). Organization dates are unknown, so no Massachusetts business can be marked ready.",not_ready,SBA PPP CSV (LoanNumber 8389238505) https://data.sba.gov/sites/default/files/distribution/SBA-OCA-2022-07-001/public_150k_plus_240930.csv | DOL 5500-SF 2024 ACK 20250716082725NAL0006442306001 https://askebsa.dol.gov/FOIA%20Files/2024/Latest/F_5500_SF_2024_Latest.zip,20261007T202810Z,20261007T202838Z,yes
biz-404,MCDONALD HEATING AIR CONDITIONING AND PLUMBING INC.,,200 Auburn St,Auburn,MA,01501,MCDONALD HEATING AIR CONDITIONING AND PLUMBING INC.,Corporation,single loan,1,1098948602,1098948602:second draw,1098948602:322800.00,1098948602:03/12/2021,1098948602:Paid in Full,Cornerstone Bank,1098948602:20,1549440,"1098948602 (PPS, 03/12/2021): 322,800.00 / 2.5 x 12",not_checked,,"No free bulk Massachusetts registry or original trade-license dataset is available (see unavailable sources). Organization dates are unknown, so no Massachusetts business can be marked ready.",,,,,,unknown,,,unknown,unknown,unknown (no matched retirement-plan filing in searched years),,,,,unknown,,review,"record date unknown: No free bulk Massachusetts registry or original trade-license dataset is available (see unavailable sources). Organization dates are unknown, so no Massachusetts business can be marked ready.",not_ready,SBA PPP CSV (LoanNumber 1098948602) https://data.sba.gov/sites/default/files/distribution/SBA-OCA-2022-07-001/public_150k_plus_240930.csv,20261007T202810Z,20261007T202838Z,yes
biz-405,MPC SERVICES INC.,,14 Deborah Dr,Sutton,MA,01590,MPC SERVICES INC.,Corporation,single loan,1,9775298504,9775298504:second draw,9775298504:335565.82,9775298504:03/12/2021,9775298504:Paid in Full,bankHometown,9775298504:24,1610716,"9775298504 (PPS, 03/12/2021): 335,565.82 / 2.5 x 12",not_checked,,"No free bulk Massachusetts registry or original trade-license dataset is available (see unavailable sources). Organization dates are unknown, so no Massachusetts business can be marked ready.",,,,,,unknown,,,unknown,unknown,filing found,200350754-001,200350754-001:2025-01-01..2025-12-31,200350754-001:2026-05-05,200350754-001:17,17,"200350754-001 (medium): sponsor name 'MPC SERVICES, INC.' matches; sponsor address corroborates (14 DEBORAH DRIVE, SUTTON MA 01590)",review,"record date unknown: No free bulk Massachusetts registry or original trade-license dataset is available (see unavailable sources). Organization dates are unknown, so no Massachusetts business can be marked ready.",not_ready,SBA PPP CSV (LoanNumber 9775298504) https://data.sba.gov/sites/default/files/distribution/SBA-OCA-2022-07-001/public_150k_plus_240930.csv | DOL 5500-SF 2025 ACK 20260505164055NAL0000847491001 https://askebsa.dol.gov/FOIA%20Files/2025/Latest/F_5500_SF_2025_Latest.zip,20261007T202810Z,20261007T202838Z,yes
biz-406,BEACON PIPING COMPANY,,45 Industrial Dr,Canton,MA,02021,BEACON PIPING COMPANY,Subchapter S Corporation,single loan,1,2588778607,2588778607:second draw,2588778607:1183327.00,2588778607:03/15/2021,2588778607:Paid in Full,Rockland Trust Company,2588778607:177,5679970,"2588778607 (PPS, 03/15/2021): 1,183,327.00 / 2.5 x 12",not_checked,,"No free bulk Massachusetts registry or original trade-license dataset is available (see unavailable sources). Organization dates are unknown, so no Massachusetts business can be marked ready.",,,,,,unknown,,,unknown,unknown,unknown (no matched retirement-plan filing in searched years),,,,,unknown,,review,"record date unknown: No free bulk Massachusetts registry or original trade-license dataset is available (see unavailable sources). Organization dates are unknown, so no Massachusetts business can be marked ready.",not_ready,SBA PPP CSV (LoanNumber 2588778607) https://data.sba.gov/sites/default/files/distribution/SBA-OCA-2022-07-001/public_150k_plus_240930.csv,20261007T202810Z,20261007T202838Z,yes
biz-407,ULTRA SERVICES INC.,,8 Cook St,Billerica,MA,01821,ULTRA SERVICES INC.,Subchapter S Corporation,single loan,1,2904798605,2904798605:first draw,2904798605:1027300.00,2904798605:03/16/2021,2904798605:Paid in Full,Enterprise Bank and Trust Company,2904798605:42,unknown,unknown: 2904798605: implied pay per reported job reaches $100K cap,not_checked,,"No free bulk Massachusetts registry or original trade-license dataset is available (see unavailable sources). Organization dates are unknown, so no Massachusetts business can be marked ready.",,,,,,unknown,,,unknown,unknown,filing found,043164872-001,043164872-001:2025-01-01..2025-12-31,043164872-001:2026-08-05,043164872-001:22,22,"043164872-001 (medium): sponsor name 'ULTRA SERVICES, INC.' matches; sponsor address corroborates (8 COOK ST, BILLERICA MA 01821)",review,"record date unknown: No free bulk Massachusetts registry or original trade-license dataset is available (see unavailable sources). Organization dates are unknown, so no Massachusetts business can be marked ready.",not_ready,SBA PPP CSV (LoanNumber 2904798605) https://data.sba.gov/sites/default/files/distribution/SBA-OCA-2022-07-001/public_150k_plus_240930.csv | DOL 5500-SF 2025 ACK 20260805121013NAL0003005168001 https://askebsa.dol.gov/FOIA%20Files/2025/Latest/F_5500_SF_2025_Latest.zip,20261007T202810Z,20261007T202838Z,yes
biz-408,THOMAS J KENNEDY PLUMBING HEATING & HV,,1635 Broadway Ste 2 Raynham Ma 02767-1940,Raynham,MA,02767,THOMAS J KENNEDY PLUMBING HEATING & HV,Subchapter S Corporation,single loan,1,3302078609,3302078609:second draw,3302078609:507950.00,3302078609:03/16/2021,3302078609:Paid in Full,Bluestone Bank,3302078609:45,2438160,"3302078609 (PPS, 03/16/2021): 507,950.00 / 2.5 x 12",not_checked,,"No free bulk Massachusetts registry or original trade-license dataset is available (see unavailable sources). Organization dates are unknown, so no Massachusetts business can be marked ready.",,,,,,unknown,,,unknown,unknown,unknown (no matched retirement-plan filing in searched years),,,,,unknown,,review,"record date unknown: No free bulk Massachusetts registry or original trade-license dataset is available (see unavailable sources). Organization dates are unknown, so no Massachusetts business can be marked ready.",not_ready,SBA PPP CSV (LoanNumber 3302078609) https://data.sba.gov/sites/default/files/distribution/SBA-OCA-2022-07-001/public_150k_plus_240930.csv,20261007T202810Z,20261007T202838Z,yes
biz-409,REID MECHANICAL CORP./RMC,,27 Charles St Ste 3,North Andover,MA,01845,REID MECHANICAL CORP./RMC,Corporation,single loan,1,4306018604,4306018604:second draw,4306018604:160337.00,4306018604:03/18/2021,4306018604:Paid in Full,Enterprise Bank and Trust Company,4306018604:11,769618,"4306018604 (PPS, 03/18/2021): 160,337.00 / 2.5 x 12",not_checked,,"No free bulk Massachusetts registry or original trade-license dataset is available (see unavailable sources). Organization dates are unknown, so no Massachusetts business can be marked ready.",,,,,,unknown,,,unknown,unknown,filing found,043039108-001,043039108-001:2025-01-01..2025-12-31,043039108-001:2026-05-13,043039108-001:10,10,"043039108-001 (medium): sponsor name 'REID MECHANICAL CORP/R.M.C' matches; sponsor address corroborates (27 CHARLES STREET, #3, NORTH ANDOVER MA 01845)",review,"record date unknown: No free bulk Massachusetts registry or original trade-license dataset is available (see unavailable sources). Organization dates are unknown, so no Massachusetts business can be marked ready.",not_ready,SBA PPP CSV (LoanNumber 4306018604) https://data.sba.gov/sites/default/files/distribution/SBA-OCA-2022-07-001/public_150k_plus_240930.csv | DOL 5500-SF 2025 ACK 20260513144008NAL0007580161001 https://askebsa.dol.gov/FOIA%20Files/2025/Latest/F_5500_SF_2025_Latest.zip,20261007T202810Z,20261007T202838Z,yes
biz-410,MCCORMICK-ALLUM CO. INC.,,165 Stafford St,Springfield,MA,01104,MCCORMICK-ALLUM CO. INC.,Corporation,single loan,1,5780968609,5780968609:second draw,5780968609:456249.07,5780968609:03/20/2021,5780968609:Paid in Full,bankESB,5780968609:28,2189996,"5780968609 (PPS, 03/20/2021): 456,249.07 / 2.5 x 12",not_checked,,"No free bulk Massachusetts registry or original trade-license dataset is available (see unavailable sources). Organization dates are unknown, so no Massachusetts business can be marked ready.",,,,,,unknown,,,unknown,unknown,unknown (no matched retirement-plan filing in searched years),,,,,unknown,,review,"record date unknown: No free bulk Massachusetts registry or original trade-license dataset is available (see unavailable sources). Organization dates are unknown, so no Massachusetts business can be marked ready.",not_ready,SBA PPP CSV (LoanNumber 5780968609) https://data.sba.gov/sites/default/files/distribution/SBA-OCA-2022-07-001/public_150k_plus_240930.csv,20261007T202810Z,20261007T202838Z,yes
biz-411,PINNACLE CONSTRUCTION SERVICES LLC,,950 Dorchester Ave Ste 103,Dorchester,MA,02125,PINNACLE CONSTRUCTION SERVICES LLC,Limited  Liability Company(LLC),single loan,1,2412828703,2412828703:second draw,2412828703:817202.00,2412828703:03/29/2021,2412828703:Paid in Full,South Shore Bank,2412828703:26,unknown,unknown: 2412828703: business type 'Limited  Liability Company(LLC)' may use owner income/SE basis; implied pay per reported job reaches $100K cap,not_checked,,"No free bulk Massachusetts registry or original trade-license dataset is available (see unavailable sources). Organization dates are unknown, so no Massachusetts business can be marked ready.",,,,,,unknown,,,unknown,unknown,unknown (no matched retirement-plan filing in searched years),,,,,unknown,,review,"record date unknown: No free bulk Massachusetts registry or original trade-license dataset is available (see unavailable sources). Organization dates are unknown, so no Massachusetts business can be marked ready.",not_ready,SBA PPP CSV (LoanNumber 2412828703) https://data.sba.gov/sites/default/files/distribution/SBA-OCA-2022-07-001/public_150k_plus_240930.csv,20261007T202810Z,20261007T202838Z,yes
biz-412,EVOLVED MECHANICAL LLC,,650 Broadway,Malden,MA,02148,EVOLVED MECHANICAL LLC,Limited  Liability Company(LLC),single loan,1,2946928703,2946928703:second draw,2946928703:150000.00,2946928703:03/30/2021,2946928703:Paid in Full,Eastern Bank,2946928703:13,unknown,unknown: 2946928703: business type 'Limited  Liability Company(LLC)' may use owner income/SE basis,not_checked,,"No free bulk Massachusetts registry or original trade-license dataset is available (see unavailable sources). Organization dates are unknown, so no Massachusetts business can be marked ready.",,,,,,unknown,,,unknown,unknown,unknown (no matched retirement-plan filing in searched years),,,,,unknown,,review,"record date unknown: No free bulk Massachusetts registry or original trade-license dataset is available (see unavailable sources). Organization dates are unknown, so no Massachusetts business can be marked ready.",not_ready,SBA PPP CSV (LoanNumber 2946928703) https://data.sba.gov/sites/default/files/distribution/SBA-OCA-2022-07-001/public_150k_plus_240930.csv,20261007T202810Z,20261007T202838Z,yes
biz-413,MANCINI SHEET METAL INC,,9 Innis Dr,Billerica,MA,01821,MANCINI SHEET METAL INC,Corporation,single loan,1,3873758703,3873758703:second draw,3873758703:340672.00,3873758703:03/31/2021,3873758703:Paid in Full,"Santander Bank, National Association",3873758703:20,1635226,"3873758703 (PPS, 03/31/2021): 340,672.00 / 2.5 x 12",not_checked,,"No free bulk Massachusetts registry or original trade-license dataset is available (see unavailable sources). Organization dates are unknown, so no Massachusetts business can be marked ready.",,,,,,unknown,,,unknown,unknown,filing found,042576421-001,042576421-001:2025-01-01..2025-12-31,042576421-001:2026-09-24,042576421-001:13,13,"042576421-001 (medium): sponsor name 'MANCINI SHEET METAL, INC.' matches; sponsor address corroborates (9 INNIS DRIVE, BILLERICA MA 018210541)",review,"record date unknown: No free bulk Massachusetts registry or original trade-license dataset is available (see unavailable sources). Organization dates are unknown, so no Massachusetts business can be marked ready.",not_ready,SBA PPP CSV (LoanNumber 3873758703) https://data.sba.gov/sites/default/files/distribution/SBA-OCA-2022-07-001/public_150k_plus_240930.csv | DOL 5500-SF 2025 ACK 20260924084850NAL0024864610001 https://askebsa.dol.gov/FOIA%20Files/2025/Latest/F_5500_SF_2025_Latest.zip,20261007T202810Z,20261007T202838Z,yes
biz-414,RANCO ENTERPRISES INC,,100 Hicks Ave,Medford,MA,02155,RANCO ENTERPRISES INC,Corporation,single loan,1,4254658801,4254658801:first draw,4254658801:238190.68,4254658801:04/16/2021,4254658801:Paid in Full,Eastern Bank,4254658801:17,1143315,"4254658801 (PPP, 04/16/2021): 238,190.68 / 2.5 x 12",not_checked,,"No free bulk Massachusetts registry or original trade-license dataset is available (see unavailable sources). Organization dates are unknown, so no Massachusetts business can be marked ready.",,,,,,unknown,,,unknown,unknown,unknown (no matched retirement-plan filing in searched years),,,,,unknown,,review,"record date unknown: No free bulk Massachusetts registry or original trade-license dataset is available (see unavailable sources). Organization dates are unknown, so no Massachusetts business can be marked ready.",not_ready,SBA PPP CSV (LoanNumber 4254658801) https://data.sba.gov/sites/default/files/distribution/SBA-OCA-2022-07-001/public_150k_plus_240930.csv,20261007T202810Z,20261007T202838Z,yes
biz-415,A&E FIRE PROTECTION INC.,,25 North St,Canton,MA,02021,A&E FIRE PROTECTION INC.,Subchapter S Corporation,single loan,1,9038518803,9038518803:second draw,9038518803:990897.18,9038518803:04/23/2021,9038518803:Paid in Full,Commonwealth Cooperative Bank,9038518803:102,4756306,"9038518803 (PPS, 04/23/2021): 990,897.18 / 2.5 x 12",not_checked,,"No free bulk Massachusetts registry or original trade-license dataset is available (see unavailable sources). Organization dates are unknown, so no Massachusetts business can be marked ready.",,,,,,unknown,,,unknown,unknown,filing found,043536379-001,043536379-001:2025-01-01..2025-12-31,043536379-001:2026-04-17,043536379-001:117,117,"043536379-001 (medium): sponsor name 'A & E FIRE PROTECTION, INC.' matches; sponsor address corroborates (25 NORTH STREET, CANTON MA 02021)",review,"record date unknown: No free bulk Massachusetts registry or original trade-license dataset is available (see unavailable sources). Organization dates are unknown, so no Massachusetts business can be marked ready.",not_ready,SBA PPP CSV (LoanNumber 9038518803) https://data.sba.gov/sites/default/files/distribution/SBA-OCA-2022-07-001/public_150k_plus_240930.csv | DOL 5500-SF 2025 ACK 20260417165041NAL0013280131001 https://askebsa.dol.gov/FOIA%20Files/2025/Latest/F_5500_SF_2025_Latest.zip,20261007T202810Z,20261007T202838Z,yes
biz-416,US AIR CONDITIONING HEAT,,1126 Main St,Weymouth,MA,02190,US AIR CONDITIONING HEAT,Corporation,single loan,1,8109508902,8109508902:second draw,8109508902:499115.00,8109508902:05/11/2021,8109508902:Paid in Full,Eastern Bank,8109508902:18,unknown,unknown: 8109508902: implied pay per reported job reaches $100K cap,not_checked,,"No free bulk Massachusetts registry or original trade-license dataset is available (see unavailable sources). Organization dates are unknown, so no Massachusetts business can be marked ready.",,,,,,unknown,,,unknown,unknown,unknown (no matched retirement-plan filing in searched years),,,,,unknown,,review,"record date unknown: No free bulk Massachusetts registry or original trade-license dataset is available (see unavailable sources). Organization dates are unknown, so no Massachusetts business can be marked ready.",not_ready,SBA PPP CSV (LoanNumber 8109508902) https://data.sba.gov/sites/default/files/distribution/SBA-OCA-2022-07-001/public_150k_plus_240930.csv,20261007T202810Z,20261007T202838Z,yes
