LoanNumber,DateApproved,SBAOfficeCode,ProcessingMethod,BorrowerName,BorrowerAddress,BorrowerCity,BorrowerState,BorrowerZip,LoanStatusDate,LoanStatus,Term,SBAGuarantyPercentage,InitialApprovalAmount,CurrentApprovalAmount,UndisbursedAmount,FranchiseName,ServicingLenderLocationID,ServicingLenderName,ServicingLenderAddress,ServicingLenderCity,ServicingLenderState,ServicingLenderZip,RuralUrbanIndicator,HubzoneIndicator,LMIIndicator,BusinessAgeDescription,ProjectCity,ProjectCountyName,ProjectState,ProjectZip,CD,JobsReported,NAICSCode,Race,Ethnicity,UTILITIES_PROCEED,PAYROLL_PROCEED,MORTGAGE_INTEREST_PROCEED,RENT_PROCEED,REFINANCE_EIDL_PROCEED,HEALTH_CARE_PROCEED,DEBT_INTEREST_PROCEED,BusinessType,OriginatingLenderLocationID,OriginatingLender,OriginatingLenderCity,OriginatingLenderState,Gender,Veteran,NonProfit,ForgivenessAmount,ForgivenessDate
9349927003,04/09/2020,0101,PPP,"THOMAS G. GALLAGHER, INC.",309 WAVERLEY OAKS RD,WALTHAM,MA,02452-8403,07/08/2021,Paid in Full,24,100,8323800,8323800,0,,112598,Enterprise Bank and Trust Company,222 Merrimack St,LOWELL,MA,01852-5913,U,N,N,Existing or more than 2 years old,WALTHAM,MIDDLESEX,MA,02452-8403,MA-05,294,238220,Unanswered,Unknown/NotStated,,7095400,,,,1228400,,Subchapter S Corporation,112598,Enterprise Bank and Trust Company,LOWELL,MA,Unanswered,Unanswered,,8420679.78,06/11/2021
5475927703,05/01/2020,0130,PPP,HARRY GRODSKY &AMP; CO INC,33 Shaws Ln,Springfield,MA,01104,07/16/2022,Paid in Full,60,100,8255687,8255687,0,,9551,"Bank of America, National Association","100 N Tryon St, Ste 170",CHARLOTTE,NC,28202-4024,U,Y,Y,New Business or 2 years or less,Springfield,HAMPDEN,MA,01104-1000,MA-01,135,238220,Unanswered,Unknown/NotStated,,8255687,,,,,,Corporation,9551,"Bank of America, National Association",CHARLOTTE,NC,Unanswered,Unanswered,,8425324.4,05/31/2022
3639307104,04/11/2020,0101,PPP,COX ENGINEERING CO INC,21 PACELLA PARK DR,RANDOLPH,MA,02368-1755,01/13/2022,Paid in Full,24,100,6003700,6003700,0,,33263,Rockland Trust Company,288 Union St,ROCKLAND,MA,02370-1803,U,N,Y,Existing or more than 2 years old,RANDOLPH,NORFOLK,MA,02368-1755,MA-07,157,238220,Unanswered,Unknown/NotStated,,6003700,,,,,,Corporation,33263,Rockland Trust Company,ROCKLAND,MA,Male Owned,Veteran,,6073076.09,06/11/2021
4382327010,04/03/2020,0101,PPP,"HAROLD BROTHERS MECHANICAL CONTRACTORS, INC.",44 WOODROCK RD,EAST WEYMOUTH,MA,02189-2336,07/07/2021,Paid in Full,24,100,4657000,4657000,0,,89718,Coastal Heritage Bank,744 Broad St,EAST WEYMOUTH,MA,02189-2004,U,N,N,Existing or more than 2 years old,EAST WEYMOUTH,NORFOLK,MA,02189-2336,MA-08,325,238220,White,Not Hispanic or Latino,,4657000,,,,,,Corporation,89718,Coastal Heritage Bank,EAST WEYMOUTH,MA,Male Owned,Non-Veteran,,4711863.29,06/15/2021
3597477208,04/27/2020,0101,PPP,"N.B. KENNEY COMPANY, INC.",68 Barnum Road 0,Devens,MA,01434-3508,07/16/2021,Paid in Full,24,100,4456300,4456300,0,,49274,"Citibank, N.A.",5800 S. Corporate Place,Sioux Falls,SD,57108,U,N,N,Existing or more than 2 years old,Devens,MIDDLESEX,MA,01434-3508,MA-03,92,238220,Unanswered,Not Hispanic or Latino,,4456300,,,,,,Subchapter S Corporation,49274,"Citibank, N.A.",Sioux Falls,SD,Male Owned,Non-Veteran,,4505195.51,06/11/2021
5861077009,04/06/2020,0101,PPP,MCCUSKER-GILL INC,60 RESEARCH RD,HINGHAM,MA,02043-4310,07/15/2021,Paid in Full,24,100,4272200,4272200,0,,32987,Eastern Bank,"Oliver Street Tower, 125, High St, Ste 901",Boston,MA,02110,U,N,N,Existing or more than 2 years old,HINGHAM,PLYMOUTH,MA,02043-4310,MA-08,220,238220,Unanswered,Unknown/NotStated,,4272200,,,,,,Corporation,32987,Eastern Bank,Boston,MA,Male Owned,Non-Veteran,,4321804.99,06/09/2021
3834057205,04/27/2020,0101,PPP,SUPERIOR PLUMBING INC,356 University Ave,WESTWOOD,MA,02090,08/06/2021,Paid in Full,24,100,4140000,4140000,0,,98513,Rockland FCU,241 Union St,ROCKLAND,MA,02370-1825,U,N,N,Existing or more than 2 years old,WESTWOOD,NORFOLK,MA,02090-0001,MA-08,333,238220,Unanswered,Not Hispanic or Latino,,4140000,,,,,,Corporation,98513,Rockland FCU,ROCKLAND,MA,Female Owned,Non-Veteran,,4187865.21,07/01/2021
4733737007,04/04/2020,0101,PPP,"NORTHEASTERN MECHANICAL, INC.",35 INDUSTRIAL DR,CANTON,MA,02021-2801,07/29/2021,Paid in Full,24,100,3500800,3403900,0,,89236,Needham Bank,1063 Great Plain Ave,NEEDHAM,MA,02492-2302,U,N,N,Existing or more than 2 years old,CANTON,NORFOLK,MA,02021-2801,MA-08,100,238220,Unanswered,Not Hispanic or Latino,,3403900,,,,,,Corporation,89236,Needham Bank,NEEDHAM,MA,Male Owned,Unanswered,,3441910.22,06/11/2021
3375237102,04/11/2020,0101,PPP,SAGAMORE PLUMBING & HEATING,75 Research Rd,Hingham,MA,02043-4322,07/17/2021,Paid in Full,24,100,3369897.5,3369897.5,0,,33181,MountainOne Bank,93 Main St,NORTH ADAMS,MA,01247-3405,U,N,N,Existing or more than 2 years old,Hingham,PLYMOUTH,MA,02043-4322,MA-08,132,238220,Unanswered,Unknown/NotStated,,3369897.5,,,,,,Corporation,33181,MountainOne Bank,NORTH ADAMS,MA,Male Owned,Non-Veteran,,3408212.77,06/11/2021
1029337204,04/15/2020,0101,PPP,"P.J. DIONNE CO., INC.",72 Jonspin Road,Wilmington,MA,01887,06/19/2021,Paid in Full,24,100,3333200,3333200,0,,434162,"Citizens Bank, National Association",1 Citizens Plaza,PROVIDENCE,RI,02903-1344,U,N,N,Existing or more than 2 years old,Wilmington,MIDDLESEX,MA,01887-0001,MA-06,193,238220,Unanswered,Unknown/NotStated,,3333200,,,,,,Subchapter S Corporation,434162,"Citizens Bank, National Association",PROVIDENCE,RI,Unanswered,Unanswered,,3369910.86,05/28/2021
5686027007,04/06/2020,0101,PPP,MACCORMACK PLUMBING INC.,17 BRIDGE ST Suite 104,BILLERICA,MA,01821-1000,08/05/2021,Paid in Full,24,100,3093400,3093400,0,,112598,Enterprise Bank and Trust Company,222 Merrimack St,LOWELL,MA,01852-5913,U,N,N,Existing or more than 2 years old,BILLERICA,MIDDLESEX,MA,01821-1000,MA-03,202,238220,Unanswered,Unknown/NotStated,388700,2350000,,30000,,,324700,Subchapter S Corporation,112598,Enterprise Bank and Trust Company,LOWELL,MA,Unanswered,Unanswered,,3129489.67,06/11/2021
6310667007,04/06/2020,0101,PPP,"E. AMANTI & SONS, INC.",390 HIGHLAND AVE,SALEM,MA,01970-1745,07/14/2021,Paid in Full,24,100,2806432,2806434.06,0,,32987,Eastern Bank,"Oliver Street Tower, 125, High St, Ste 901",Boston,MA,02110,U,Y,Y,Existing or more than 2 years old,SALEM,ESSEX,MA,01970-1745,MA-06,110,238220,Unanswered,Unknown/NotStated,,2806434.06,,,,,,Corporation,32987,Eastern Bank,Boston,MA,Unanswered,Unanswered,,2839253.75,06/11/2021
6080557100,04/14/2020,0101,PPP,"ENVIRONMENTAL SYSTEMS, INC.",6 HOWARD IRELAND DR,ATTLEBORO,MA,02703-4612,02/07/2022,Paid in Full,24,100,2569000,2569000,0,,33371,Bristol County Savings Bank,29 Broadway,TAUNTON,MA,02780-3269,U,N,N,Existing or more than 2 years old,ATTLEBORO,BRISTOL,MA,02703-4612,MA-04,203,238220,Unanswered,Unknown/NotStated,321125,1926750,321125,,,,,Subchapter S Corporation,33371,Bristol County Savings Bank,TAUNTON,MA,Unanswered,Unanswered,,2598472.14,06/11/2021
6540067108,04/14/2020,0101,PPP,RODENHISER HOME SERVICES INC.,325 HOPPING BROOK RD,HOLLISTON,MA,01746-1456,07/15/2021,Paid in Full,24,100,2378880,2378880,0,,33108,Middlesex Savings Bank,6 Main St,NATICK,MA,01760-4506,U,N,N,Existing or more than 2 years old,HOLLISTON,MIDDLESEX,MA,01746-1456,MA-02,167,238220,Unanswered,Not Hispanic or Latino,,1903104,475776,,,,,Corporation,33108,Middlesex Savings Bank,NATICK,MA,Male Owned,Non-Veteran,,2406699.68,06/11/2021
5878337000,04/06/2020,0101,PPP,"EMOND PLUMBING & HEATING, INC",555 WINTHROP ST,TAUNTON,MA,02780-2166,02/07/2022,Paid in Full,24,100,2223000,2223000,0,,33371,Bristol County Savings Bank,29 Broadway,TAUNTON,MA,02780-3269,U,N,N,Existing or more than 2 years old,TAUNTON,BRISTOL,MA,02780-2166,MA-04,165,238220,White,Not Hispanic or Latino,159000,1778000,,160000,,126000,,Corporation,33371,Bristol County Savings Bank,TAUNTON,MA,Male Owned,Non-Veteran,,2250046.5,06/29/2021
5405807707,05/01/2020,0101,PPP,CARLYSLE ENGINEERING INC,132 BROOKSIDE AVE,JAMAICA PLAIN,MA,02130-2649,07/17/2021,Paid in Full,24,100,2214387,2214387,0,,9551,"Bank of America, National Association","100 N Tryon St, Ste 170",CHARLOTTE,NC,28202-4024,U,N,N,New Business or 2 years or less,JAMAICA PLAIN,SUFFOLK,MA,02130-2649,MA-07,95,238220,Unanswered,Unknown/NotStated,,2214387,,,,,,Corporation,9551,"Bank of America, National Association",CHARLOTTE,NC,Unanswered,Unanswered,,2239624.94,06/25/2021
8722467001,04/08/2020,0101,PPP,"MEDFORD WELLINGTON SERVICE CO, INC.",9 Executive Park Drive,NORTH BILLERICA,MA,01862-1318,07/17/2021,Paid in Full,24,100,2138500,2138500,0,,33209,Berkshire Bank,99 North St,PITTSFIELD,MA,01201-5114,U,N,N,Existing or more than 2 years old,NORTH BILLERICA,MIDDLESEX,MA,01862-1318,MA-03,119,238220,White,Not Hispanic or Latino,,855400,,1283100,,,,Corporation,33209,Berkshire Bank,PITTSFIELD,MA,Male Owned,Veteran,,2161994.21,06/11/2021
5189377104,04/13/2020,0101,PPP,"NORTH SHORE MECHANICAL CONTRACTORS, LLC",6 GARDEN ST STE TWO,DANVERS,MA,01923-1431,07/10/2021,Paid in Full,24,100,2036800,2036800,0,,61087,Mid Penn Bank,349 Union St,MILLERSBURG,PA,17061-1611,U,N,N,New Business or 2 years or less,DANVERS,ESSEX,MA,01923-1431,MA-06,98,238220,Unanswered,Unknown/NotStated,,2036800,,,,,,Limited  Liability Company(LLC),61087,Mid Penn Bank,MILLERSBURG,PA,Unanswered,Unanswered,,2060619.24,06/11/2021
5915747103,04/14/2020,0101,PPP,PEAK MECHANICAL SERVICES CORP,35 CORPORATE PARK DR,PEMBROKE,MA,02359-1966,07/10/2021,Paid in Full,24,100,2019400,2019400,0,,33475,South Shore Bank,1530 Main St,WEYMOUTH,MA,02190-1310,U,N,N,Existing or more than 2 years old,PEMBROKE,PLYMOUTH,MA,02359-1966,MA-09,72,238220,Unanswered,Unknown/NotStated,,2019400,,,,,,Corporation,33475,South Shore Bank,WEYMOUTH,MA,Unanswered,Unanswered,,2042735.29,06/11/2021
1586448408,02/02/2021,0101,PPS,COX ENGINEERING COMPANY,21 Pacella Park Dr # 0,Randolph,MA,02368-1755,12/21/2021,Paid in Full,60,100,2000000,2000000,0,,33263,Rockland Trust Company,288 Union St,ROCKLAND,MA,02370-1803,U,N,Y,Existing or more than 2 years old,Randolph,NORFOLK,MA,02368-1755,MA-07,263,238220,Unanswered,Unknown/NotStated,,2000000,,,,,,Corporation,33263,Rockland Trust Company,ROCKLAND,MA,Male Owned,Veteran,,2016277.78,11/23/2021
3636308508,02/24/2021,0101,PPS,ENVIRONMENTAL SYSTEMS INC,6 Howard Ireland Dr,Attleboro,MA,02703-4612,02/10/2022,Paid in Full,60,100,2000000,2000000,0,,33371,Bristol County Savings Bank,29 Broadway,TAUNTON,MA,02780-3269,U,N,N,Existing or more than 2 years old,Attleboro,BRISTOL,MA,02703-4612,MA-04,209,238220,Unanswered,Unknown/NotStated,1,1999998,,,,,,Subchapter S Corporation,33371,Bristol County Savings Bank,TAUNTON,MA,Unanswered,Unanswered,,2014222.22,11/09/2021
4954058407,02/07/2021,0101,PPS,CARLYSLE ENGINEERING INC,132 Brookside Ave,Boston,MA,02130-2649,12/17/2021,Paid in Full,60,100,2000000,2000000,0,,9551,"Bank of America, National Association","100 N Tryon St, Ste 170",CHARLOTTE,NC,28202-4024,U,N,N,Existing or more than 2 years old,Boston,SUFFOLK,MA,02130-2649,MA-07,103,238220,Unanswered,Unknown/NotStated,,2000000,,,,,,Corporation,9551,"Bank of America, National Association",CHARLOTTE,NC,Unanswered,Unanswered,,2014410.96,11/01/2021
7427398700,04/06/2021,0101,PPS,NORTHEASTERN MECHANICAL INC,35 Industrial Dr,Canton,MA,02021-2801,11/20/2021,Paid in Full,60,100,2000000,2000000,0,,89236,Needham Bank,1063 Great Plain Ave,NEEDHAM,MA,02492-2302,U,N,N,Existing or more than 2 years old,Canton,NORFOLK,MA,02021-2801,MA-08,120,238220,Unanswered,Not Hispanic or Latino,,2000000,,,,,,Corporation,89236,Needham Bank,NEEDHAM,MA,Male Owned,Unanswered,,2009777.78,10/06/2021
9327498501,03/12/2021,0101,PPS,SAGAMORE PLUMBING & HEATING INC.,75 Research Rd,Hingham,MA,02043-4322,02/10/2022,Paid in Full,60,100,2000000,2000000,0,,33181,MountainOne Bank,93 Main St,NORTH ADAMS,MA,01247-3405,U,N,N,Existing or more than 2 years old,Hingham,PLYMOUTH,MA,02043-4322,MA-08,124,238220,White,Not Hispanic or Latino,1,1999997,,,,,,Corporation,33181,MountainOne Bank,NORTH ADAMS,MA,Male Owned,Non-Veteran,,2016712.33,01/24/2022
9551868401,02/17/2021,0101,PPS,E AMANTI & SONS INC,390 Highland Ave,Salem,MA,01970-1745,11/25/2021,Paid in Full,60,100,2000000,2000000,0,,32987,Eastern Bank,"Oliver Street Tower, 125, High St, Ste 901",Boston,MA,02110,U,Y,Y,Existing or more than 2 years old,Salem,ESSEX,MA,01970-1745,MA-06,100,238220,Unanswered,Unknown/NotStated,,1999997,,,,,,Corporation,32987,Eastern Bank,Boston,MA,Unanswered,Unanswered,,2012500,10/06/2021
9641668502,03/12/2021,0101,PPS,N.B. KENNEY COMPANY INC.,68 Barnum Rd,Devens,MA,01434-3508,01/19/2022,Paid in Full,60,100,2000000,2000000,0,,49274,"Citibank, N.A.",5800 S. Corporate Place,Sioux Falls,SD,57108,U,N,N,Existing or more than 2 years old,Devens,MIDDLESEX,MA,01434-3508,MA-03,112,238220,Unanswered,Not Hispanic or Latino,1,1999997,,,,,,Subchapter S Corporation,49274,"Citibank, N.A.",Sioux Falls,SD,Male Owned,Non-Veteran,,2014111.11,12/02/2021
7232628501,03/05/2021,0101,PPS,MEDFORD WELLINGTON SERVICE CO. INC.,9 Executive Park Dr,North Billerica,MA,01862-1318,02/19/2022,Paid in Full,60,100,1994910,1994910,0,,188567,Loan Source Incorporated,353 East 83rd Street Suite 3H,NEW YORK,NY,10028,U,N,N,Existing or more than 2 years old,North Billerica,MIDDLESEX,MA,01862-1318,MA-03,118,238220,White,Not Hispanic or Latino,1,1994906,,,,,,Corporation,29599,Northeast Bank,LEWISTON,ME,Male Owned,Veteran,,2007589.98,11/03/2021
6162547003,04/06/2020,0101,PPP,"PATRICK J KENNEDY & SONS, INC",39 GIBSON ST,DORCHESTER,MA,02122-1222,06/11/2021,Paid in Full,24,100,1994427.6,1979256.6,0,,32987,Eastern Bank,"Oliver Street Tower, 125, High St, Ste 901",Boston,MA,02110,U,Y,Y,Existing or more than 2 years old,DORCHESTER,SUFFOLK,MA,02122-1222,MA-07,60,238220,Unanswered,Not Hispanic or Latino,,1979256.6,,,,,,Subchapter S Corporation,32987,Eastern Bank,Boston,MA,Unanswered,Unanswered,,2001303.32,05/21/2021
7231238304,01/28/2021,0101,PPS,PEAK MECHANICAL SERVICES CORP,35 Corporate Park Dr,Pembroke,MA,02359-4970,09/23/2021,Paid in Full,60,100,1949350,1949350,0,,33475,South Shore Bank,1530 Main St,WEYMOUTH,MA,02190-1310,U,N,N,Existing or more than 2 years old,Pembroke,PLYMOUTH,MA,02359-4970,MA-09,68,238220,Unanswered,Unknown/NotStated,1,1949345,,,,,,Corporation,33475,South Shore Bank,WEYMOUTH,MA,Unanswered,Unanswered,,1960125.57,08/20/2021
4709647004,04/04/2020,0101,PPP,"JOSEPH A. DIPIETRO HEATING & COOLING, INC.",5 SOUTH SUMMER ST,HAVERHILL,MA,01835-7433,04/15/2021,Paid in Full,24,100,1768700,1903163.09,0,,89268,Haverhill Bank,180 Merrimack St,HAVERHILL,MA,01830-6128,U,N,Y,Existing or more than 2 years old,HAVERHILL,ESSEX,MA,01835-7433,MA-03,111,238220,White,Not Hispanic or Latino,,1903163.09,,,,,,Subchapter S Corporation,89268,Haverhill Bank,HAVERHILL,MA,Male Owned,Non-Veteran,,1782017.88,03/31/2021
5950127002,04/06/2020,0101,PPP,"WORCESTER AIR CONDITIONING, LLC",148 Pleasant St,ASHLAND,MA,01721-1145,01/08/2022,Paid in Full,24,100,3893050,1900000,0,,46391,Manufacturers and Traders Trust Company,"One M & T Plaza, 15th Fl",BUFFALO,NY,14203,U,N,N,Existing or more than 2 years old,ASHLAND,MIDDLESEX,MA,01721-1145,MA-02,114,238220,Unanswered,Unknown/NotStated,,1900000,,,,,,Limited  Liability Company(LLC),15793,Manufacturers and Traders Trust Company,Bridgeport,CT,Unanswered,Unanswered,,1930868.49,12/07/2021
9716528403,02/17/2021,0101,PPS,JOSEPH A. DIPIETRO HEATING AND COOLING INC.,32 Middlesex St,Bradford,MA,01835-7403,10/16/2021,Paid in Full,60,100,1764859.5,1764859.5,0,,89268,Haverhill Bank,180 Merrimack St,HAVERHILL,MA,01830-6128,U,N,Y,Existing or more than 2 years old,Bradford,ESSEX,MA,01835-7403,MA-03,111,238220,White,Not Hispanic or Latino,1,1764857.5,,,,,,Subchapter S Corporation,89268,Haverhill Bank,HAVERHILL,MA,Male Owned,Non-Veteran,,1775497.68,09/28/2021
6636078308,01/27/2021,0101,PPS,COMMONWEALTH PLUMBING CORP.,290 Weymouth St,Rockland,MA,02370-1137,03/28/2022,Paid in Full,60,100,1734337,1734337.5,0,,33181,MountainOne Bank,93 Main St,NORTH ADAMS,MA,01247-3405,U,Y,N,Existing or more than 2 years old,Rockland,PLYMOUTH,MA,02370-1137,MA-09,53,238220,Unanswered,Not Hispanic or Latino,1,1734334.5,,,,,,Subchapter S Corporation,33181,MountainOne Bank,NORTH ADAMS,MA,Male Owned,Non-Veteran,,1752773.74,03/24/2022
6734627108,04/14/2020,0101,PPP,COMMONWEALTH PLUMBING CORP.,290 Weymouth St,Rockland,MA,02370-1137,07/17/2021,Paid in Full,24,100,1734337.5,1734337.5,0,,33181,MountainOne Bank,93 Main St,NORTH ADAMS,MA,01247-3405,U,Y,N,Existing or more than 2 years old,Rockland,PLYMOUTH,MA,02370-1137,MA-09,22,238220,Unanswered,Not Hispanic or Latino,,1734337.5,,,,,,Subchapter S Corporation,33181,MountainOne Bank,NORTH ADAMS,MA,Male Owned,Non-Veteran,,1752916.29,05/21/2021
4699867006,04/04/2020,0101,PPP,"BOSTON AIR SYSTEMS, INC.",115 MESSINA DR,BRAINTREE,MA,02184-6703,06/17/2021,Paid in Full,24,100,1421600,1421600,0,,33475,South Shore Bank,1530 Main St,WEYMOUTH,MA,02190-1310,U,N,N,Existing or more than 2 years old,BRAINTREE,NORFOLK,MA,02184-6703,MA-08,90,238220,Unanswered,Unknown/NotStated,,1421600,,,,,,Corporation,33475,South Shore Bank,WEYMOUTH,MA,Male Owned,Non-Veteran,,1437119.13,05/12/2021
4877797209,04/27/2020,0101,PPP,ARAUJO BROTHERS PLUMBING & HEATING,"224 Nyes Lane ,",Acushnet,MA,02743,11/18/2021,Paid in Full,24,100,1385415,1385415,0,,84894,"Santander Bank, National Association","824 N Market St, Ste 100",WILMINGTON,DE,19801-4937,U,N,N,Existing or more than 2 years old,Acushnet,BRISTOL,MA,02743-0001,MA-09,75,238220,Unanswered,Unknown/NotStated,,1385415,,,,,,Corporation,84894,"Santander Bank, National Association",WILMINGTON,DE,Unanswered,Unanswered,,1405797.68,10/20/2021
7779327208,04/28/2020,0101,PPP,"LAKE INDUSTRIES, INC.",41 PLEASANT ST,STONEHAM,MA,02180-3829,04/08/2021,Paid in Full,24,100,1375985,1375985,0,,33263,Rockland Trust Company,288 Union St,ROCKLAND,MA,02370-1803,U,N,N,Existing or more than 2 years old,STONEHAM,MIDDLESEX,MA,02180-3829,MA-05,86,238220,White,Not Hispanic or Latino,,1375985,,,,,,Subchapter S Corporation,31172,Rockland Trust Company,East Boston,MA,Male Owned,Non-Veteran,,1387566.21,03/05/2021
5731767202,04/27/2020,0101,PPP,GLOBAL MECHANICAL SERVICES INC,5 PERKINS WAY,NEWBURYPORT,MA,01950-4074,09/16/2021,Paid in Full,24,100,1367752,1367752,0,,33377,UniBank for Savings,49 Church St,WHITINSVILLE,MA,01588-1415,U,N,N,Existing or more than 2 years old,NEWBURYPORT,ESSEX,MA,01950-4074,MA-06,50,238220,Unanswered,Not Hispanic or Latino,,1367752,,,,,,Corporation,33377,UniBank for Savings,WHITINSVILLE,MA,Male Owned,Non-Veteran,,1385608.76,08/16/2021
7585067008,04/07/2020,0101,PPP,"EDWARD H. MARCHANT CO, INC",153 Old Colony Ave,QUINCY,MA,02170-3803,07/15/2021,Paid in Full,24,100,1604626,1353285,0,,32987,Eastern Bank,"Oliver Street Tower, 125, High St, Ste 901",Boston,MA,02110,U,N,Y,Existing or more than 2 years old,QUINCY,NORFOLK,MA,02170-3803,MA-08,40,238220,Unanswered,Unknown/NotStated,,1353285,,,,,,Corporation,32987,Eastern Bank,Boston,MA,Unanswered,Unanswered,,1368659.82,06/11/2021
4898567209,04/27/2020,0101,PPP,"BREEN & SULLIVAN MECHANICAL SERVICES, INC",7 HEALY CT,DANVERS,MA,01923-3109,03/31/2022,Paid in Full,24,100,1303500,1303500,0,,33304,Salem Five Cents Savings Bank,210 Essex St,SALEM,MA,01970-3705,U,N,N,Existing or more than 2 years old,DANVERS,ESSEX,MA,01923-3109,MA-06,94,238220,Unanswered,Unknown/NotStated,,1303500,,,,,,Subchapter S Corporation,33304,Salem Five Cents Savings Bank,SALEM,MA,Unanswered,Unanswered,,1314941.83,03/12/2021
1538388507,02/19/2021,0101,PPS,UNIVERSAL AUTOMATION & MECHANICAL SERVICES INC.,24 Walpole Park S Ste 8,Walpole,MA,02081-2541,04/19/2022,Paid in Full,60,100,1288632,1288632,0,,9551,"Bank of America, National Association","100 N Tryon St, Ste 170",CHARLOTTE,NC,28202-4024,U,N,N,Existing or more than 2 years old,Walpole,NORFOLK,MA,02081-2541,MA-08,34,238220,Unanswered,Unknown/NotStated,,1288632,,,,,,Corporation,9551,"Bank of America, National Association",CHARLOTTE,NC,Unanswered,Unanswered,,1301800.76,03/03/2022
6424587702,05/01/2020,0101,PPP,UNIVERSAL AUTOMATION &AMP; MECHANICAL SERVICES INC,24 Walpole Park South Suite 8,Walpole,MA,02081,03/17/2021,Paid in Full,24,100,1288622,1288622,0,,9551,"Bank of America, National Association","100 N Tryon St, Ste 170",CHARLOTTE,NC,28202-4024,U,N,N,New Business or 2 years or less,Walpole,NORFOLK,MA,02081-0001,MA-08,61,238220,Unanswered,Unknown/NotStated,,1288622,,,,,,Corporation,9551,"Bank of America, National Association",CHARLOTTE,NC,Unanswered,Unanswered,,1298507.32,02/09/2021
4084097102,04/12/2020,0101,PPP,"TECH MECHANICAL SYSTEMS, INC.",420 WEST ST,WEST BRIDGEWATER,MA,02379-1015,01/13/2022,Paid in Full,24,100,1255390,1255390,0,,33263,Rockland Trust Company,288 Union St,ROCKLAND,MA,02370-1803,U,N,N,Existing or more than 2 years old,WEST BRIDGEWATER,PLYMOUTH,MA,02379-1015,MA-08,80,238220,Unanswered,Unknown/NotStated,,1255390,,,,,,Subchapter S Corporation,33263,Rockland Trust Company,ROCKLAND,MA,Unanswered,Unanswered,,1269408.52,05/28/2021
5189407100,04/13/2020,0101,PPP,MPK ENTERPRISES INC.,15 Crawford Street,Watertown,MA,02472-2819,01/13/2021,Paid in Full,24,100,1238495,1238495,0,,32987,Eastern Bank,"Oliver Street Tower, 125, High St, Ste 901",Boston,MA,02110,U,N,N,Existing or more than 2 years old,Watertown,MIDDLESEX,MA,02472-2819,MA-05,60,238220,Unanswered,Not Hispanic or Latino,,1238495,,,,,,Subchapter S Corporation,32708,Eastern Bank,Cambridge,MA,Male Owned,Non-Veteran,,1245049.93,11/10/2020
7386378305,01/28/2021,0101,PPS,MPK ENTERPRISES INC.,225 New Boston St,Woburn,MA,01801-6214,07/14/2021,Paid in Full,60,100,1238495,1238495,0,,32987,Eastern Bank,"Oliver Street Tower, 125, High St, Ste 901",Boston,MA,02110,U,N,N,Existing or more than 2 years old,Woburn,MIDDLESEX,MA,01801-6214,MA-05,62,238220,Unanswered,Not Hispanic or Latino,1,1238491,,,,,,Subchapter S Corporation,32708,Eastern Bank,Cambridge,MA,Male Owned,Non-Veteran,,1243001.75,06/15/2021
6284967009,04/06/2020,0101,PPP,"BOSTON SILA HEATING AND AIR CONDITIONING, LLC",12 MANISON ST,STONEHAM,MA,02180-3148,12/11/2020,Paid in Full,24,100,1231800,1231800,0,,16710,"Wilmington Savings Fund Society, FSB",500 Delaware Ave,WILMINGTON,DE,19801-1490,U,N,N,Existing or more than 2 years old,STONEHAM,MIDDLESEX,MA,02180-3148,MA-05,76,238220,Unanswered,Unknown/NotStated,,1231800,,,,,,Limited  Liability Company(LLC),16710,"Wilmington Savings Fund Society, FSB",WILMINGTON,DE,Unanswered,Unanswered,,1238482.09,11/03/2020
2275418309,01/20/2021,0101,PPS,PLATINUM FIRE PROTECTION & SERVICES LLC,237 Cedar Hill St,Marlborough,MA,01752-4173,02/05/2022,Paid in Full,60,100,1225000,1225000,0,,89228,bankHometown,31 Sutton Ave,OXFORD,MA,01540-1755,U,N,N,Existing or more than 2 years old,Marlborough,MIDDLESEX,MA,01752-4173,MA-03,105,238220,Unanswered,Unknown/NotStated,,1224999,,,,,,Limited  Liability Company(LLC),89228,bankHometown,OXFORD,MA,Unanswered,Unanswered,,1236780.14,01/18/2022
6933907003,04/07/2020,0101,PPP,128 PLUMBING & HEATING INC.,78 Foundry Street,WAKEFIELD,MA,01880-3204,12/18/2020,Paid in Full,24,100,1221900,1221900,0,,89278,Wakefield Co-Operative Bank,342 Main St,WAKEFIELD,MA,01880-5050,U,N,N,Existing or more than 2 years old,WAKEFIELD,MIDDLESEX,MA,01880-3204,MA-06,74,238220,Unanswered,Unknown/NotStated,,1221900,,,,,,Subchapter S Corporation,89278,Wakefield Co-Operative Bank,WAKEFIELD,MA,Unanswered,Unanswered,,1229130.97,11/17/2020
2588778607,03/15/2021,0101,PPS,BEACON PIPING COMPANY,45 Industrial Dr,Canton,MA,02021-2801,02/18/2022,Paid in Full,60,100,1183327,1183327,0,,33263,Rockland Trust Company,288 Union St,ROCKLAND,MA,02370-1803,U,N,N,Existing or more than 2 years old,Canton,NORFOLK,MA,02021-2801,MA-08,177,238220,Unanswered,Unknown/NotStated,,1183327,,,,,,Subchapter S Corporation,33263,Rockland Trust Company,ROCKLAND,MA,Unanswered,Unanswered,,1193451.02,01/19/2022
5611797108,04/13/2020,0101,PPP,JOHN'S SEWER & PIPE CLEANING INC,4 BREED AVE,WOBURN,MA,01801-1165,02/12/2021,Paid in Full,24,100,1152800,1152800,0,,44449,"PNC Bank, National Association",222 Delaware Ave,WILMINGTON,DE,19801-1621,U,N,N,Existing or more than 2 years old,WOBURN,MIDDLESEX,MA,01801-1165,MA-05,62,238220,Unanswered,Unknown/NotStated,,1152800,,,,,,Corporation,44449,"PNC Bank, National Association",WILMINGTON,DE,Unanswered,Unanswered,,1161253.87,01/12/2021
5267218301,01/25/2021,0101,PPS,AMERICAN PLUMBING & HEATING CORP.,1000 Cordwainer Dr,Norwell,MA,02061-1631,07/10/2021,Paid in Full,60,100,1125000,1125000,0,,33475,South Shore Bank,1530 Main St,WEYMOUTH,MA,02190-1310,U,N,N,Existing or more than 2 years old,Norwell,PLYMOUTH,MA,02061-1631,MA-09,236,238220,Unanswered,Unknown/NotStated,1,1124998,,,,,,Subchapter S Corporation,33475,South Shore Bank,WEYMOUTH,MA,Unanswered,Unanswered,,1129250,06/15/2021
5742577003,04/06/2020,0101,PPP,AMERICAN PLUMBING AND HEATING CORP,1000 Cordwainer,NORWELL,MA,02061-1631,12/18/2020,Paid in Full,24,100,1125000,1125000,0,,33475,South Shore Bank,1530 Main St,WEYMOUTH,MA,02190-1310,U,N,N,Existing or more than 2 years old,NORWELL,PLYMOUTH,MA,02061-1631,MA-09,65,238220,Unanswered,Unknown/NotStated,,1125000,,,,,,Subchapter S Corporation,33475,South Shore Bank,WEYMOUTH,MA,Unanswered,Unanswered,,1131281.25,11/03/2020
4295307202,04/27/2020,0101,PPP,"GEORGE T. WILKINSON, INC.",405 VFW DRIVE,ROCKLAND,MA,02370,12/17/2020,Paid in Full,24,100,1118192,1118192,0,,15940,Webster Bank National Association,137 Bank St,WATERBURY,CT,06702-2205,U,Y,N,Existing or more than 2 years old,ROCKLAND,PLYMOUTH,MA,02370-0001,MA-09,65,238220,Unanswered,Unknown/NotStated,,1118192,,,0,,,Subchapter S Corporation,15940,Webster Bank National Association,WATERBURY,CT,Unanswered,Unanswered,,1123828.91,11/05/2020
4560928710,04/01/2021,0101,PPS,JEFFREY J PEABODY PLUMBING & HEATING LLC,58R PULASKI ST,PEABODY,MA,01960,01/11/2022,Paid in Full,60,100,1112317,1112317,0,,32688,Brookline Bank,2 Harvard St,BROOKLINE,MA,02445-7905,U,N,Y,Existing or more than 2 years old,PEABODY,ESSEX,MA,01960,MA-06,60,238220,Unanswered,Not Hispanic or Latino,1,1112313,,,,,,Limited  Liability Company(LLC),32688,Brookline Bank,BROOKLINE,MA,Male Owned,Non-Veteran,,1119670.65,12/01/2021
3105877302,04/29/2020,0101,PPP,CORPORATE MECHANICAL OF NEW ENGLAND LLC,12 Walnut Hill Park,WOBURN,MA,01801-3754,06/17/2021,Paid in Full,24,100,1111305,1111305,0,,9551,"Bank of America, National Association","100 N Tryon St, Ste 170",CHARLOTTE,NC,28202-4024,U,N,N,Unanswered,WOBURN,MIDDLESEX,MA,01801-3754,MA-05,29,238220,Unanswered,Unknown/NotStated,,1111305,,,,,,Limited  Liability Company(LLC),9551,"Bank of America, National Association",CHARLOTTE,NC,Unanswered,Unanswered,,1122692.07,05/21/2021
4387147210,04/27/2020,0130,PPP,"M.J. MORAN, INC.",4 South Main Street,HAYDENVILLE,MA,01039-9735,12/10/2020,Paid in Full,24,100,1108305,1108305,0,,33183,Florence Bank,85 Main St,FLORENCE,MA,01062-1400,U,N,N,Existing or more than 2 years old,HAYDENVILLE,HAMPSHIRE,MA,01039-9735,MA-02,67,238220,Unanswered,Unknown/NotStated,,894143,,,,214162,,Subchapter S Corporation,33183,Florence Bank,FLORENCE,MA,Unanswered,Unanswered,,1113983.17,11/03/2020
6127407208,04/27/2020,0101,PPP,PROCESS COOLING SYSTEMS INC,800 RESEARCH DR,LEOMINSTER,MA,01453,01/07/2021,Paid in Full,24,100,1082800,1082800,0,,112598,Enterprise Bank and Trust Company,222 Merrimack St,LOWELL,MA,01852-5913,U,Y,Y,New Business or 2 years or less,LEOMINSTER,WORCESTER,MA,01453-0001,MA-02,65,238220,Unanswered,Unknown/NotStated,,1082800,,,,,,Subchapter S Corporation,112598,Enterprise Bank and Trust Company,LOWELL,MA,Unanswered,Unanswered,,1089747.97,12/22/2020
3190458403,02/04/2021,0101,PPS,GUSTAVO PRESTON COMPANY INC.,23 Industrial Ave,Chelmsford,MA,01824-3611,11/06/2021,Paid in Full,60,100,1069725,1069725,0,,32962,The Lowell Five Cent Savings Bank,"30, International Place",Tewksbury,MA,01876,U,N,N,Existing or more than 2 years old,Chelmsford,MIDDLESEX,MA,01824-3611,MA-03,63,238220,Unanswered,Unknown/NotStated,1,1069720,,,,,,Corporation,32962,The Lowell Five Cent Savings Bank,Tewksbury,MA,Male Owned,Non-Veteran,,1075938.2,09/10/2021
7698237007,04/08/2020,0101,PPP,"NORTHEAST AUTOMATIC SPRINKLER CO, INC",25 MARION DR,KINGSTON,MA,02364-2250,06/11/2021,Paid in Full,24,100,1066000,1066000,0,,32987,Eastern Bank,"Oliver Street Tower, 125, High St, Ste 901",Boston,MA,02110,U,N,N,Existing or more than 2 years old,KINGSTON,PLYMOUTH,MA,02364-2250,MA-09,17,238220,Unanswered,Unknown/NotStated,,1066000,,,,,,Corporation,32987,Eastern Bank,Boston,MA,Unanswered,Unanswered,,1077696.39,05/21/2021
8551957000,04/08/2020,0101,PPP,"KEYES NORTH ATLANTIC, INC.",459 WATERTOWN ST,NEWTONVILLE,MA,02460-1451,08/20/2021,Paid in Full,24,100,1060117,1060117,0,,89088,The Village Bank,307 Auburn St,AUBURNDALE,MA,02466-1902,U,N,N,Existing or more than 2 years old,NEWTONVILLE,MIDDLESEX,MA,02460-1451,MA-04,69,238220,White,Not Hispanic or Latino,,1060117,,,,,,Subchapter S Corporation,89088,The Village Bank,AUBURNDALE,MA,Female Owned,Non-Veteran,,1068946.47,02/19/2021
5803937009,04/06/2020,0101,PPP,ACCUTEMP ENGINEERING INC.,100 Maple Street Bldg B,STONEHAM,MA,02180-3143,04/12/2022,Paid in Full,24,100,1054600,1054600,0,,33420,Watertown Savings Bank,60 Main St,WATERTOWN,MA,02472-4413,U,N,N,Existing or more than 2 years old,STONEHAM,MIDDLESEX,MA,02180-3143,MA-05,48,238220,Unanswered,Not Hispanic or Latino,,1054600,,,,,,Subchapter S Corporation,33420,Watertown Savings Bank,WATERTOWN,MA,Male Owned,Unanswered,,1062831.74,01/20/2021
8900317104,04/15/2020,0101,PPP,RACEPOINT ENERGY LLC,886 Main Street,Osterville,MA,02655,07/23/2021,Paid in Full,24,100,1041667,1041667,0,,29805,"TD Bank, National Association",2035 Limestone Rd,WILMINGTON,DE,19808-5529,U,N,N,Existing or more than 2 years old,Osterville,BARNSTABLE,MA,02655-0001,MA-09,50,238220,Unanswered,Unknown/NotStated,,1041667,,,,,,Partnership,29805,"TD Bank, National Association",WILMINGTON,DE,Unanswered,Unanswered,,1053675.11,06/11/2021
9940347003,04/09/2020,0101,PPP,"JEFFREY J. PEABODY PLUMBING AND HEATING, LLC",58 R PULASKI ST,PEABODY,MA,01960-1800,05/13/2021,Paid in Full,24,100,1034156,1034156,0,,32688,Brookline Bank,2 Harvard St,BROOKLINE,MA,02445-7905,U,N,N,Existing or more than 2 years old,PEABODY,ESSEX,MA,01960-1800,MA-06,50,238220,Unanswered,Not Hispanic or Latino,,1034156,,,,,,Limited  Liability Company(LLC),32688,Brookline Bank,BROOKLINE,MA,Male Owned,Non-Veteran,,1044066.66,04/06/2021
3690697209,04/27/2020,0101,PPP,UNITED HVAC CO. INC.,333 Weymouth Sttreet,Rockland,MA,02370,07/17/2021,Paid in Full,24,100,1030644,1030644,0,,33181,MountainOne Bank,93 Main St,NORTH ADAMS,MA,01247-3405,U,N,N,Existing or more than 2 years old,Rockland,PLYMOUTH,MA,02370-0001,MA-09,18,238220,Unanswered,Not Hispanic or Latino,,1030644,,,,,,Corporation,33181,MountainOne Bank,NORTH ADAMS,MA,Male Owned,Non-Veteran,,1041402.23,05/21/2021
5392708305,01/25/2021,0101,PPS,UNITED HVAC CO. INC.,333 Weymouth Sttreet,Rockland,MA,02370,12/04/2021,Paid in Full,60,100,1030644,1030644,0,,33181,MountainOne Bank,93 Main St,NORTH ADAMS,MA,01247-3405,U,N,N,Existing or more than 2 years old,Rockland,PLYMOUTH,MA,02370,MA-08,67,238220,Unanswered,Not Hispanic or Latino,1,1030642,,,,,,Corporation,33181,MountainOne Bank,NORTH ADAMS,MA,Male Owned,Non-Veteran,,1038663.26,11/16/2021
2904798605,03/16/2021,0101,PPP,ULTRA SERVICES INC.,8 Cook St,Billerica,MA,01821-6064,12/04/2021,Paid in Full,60,100,1027300,1027300,0,,112598,Enterprise Bank and Trust Company,222 Merrimack St,LOWELL,MA,01852-5913,U,N,N,Existing or more than 2 years old,Billerica,MIDDLESEX,MA,01821-6064,MA-06,42,238220,Unanswered,Unknown/NotStated,1,1027294,,,,,,Subchapter S Corporation,112598,Enterprise Bank and Trust Company,LOWELL,MA,Unanswered,Unanswered,,1034034.52,11/10/2021
5146817007,04/05/2020,0101,PPP,"CHATHAM SHEETMETAL, INC.",28 Village Landing P.O. BOX 1467,WEST CHATHAM,MA,02633-1882,04/16/2021,Paid in Full,24,100,1145000,1020000,0,,32844,The Cape Cod Five Cents Savings Bank,1500 Iyannough Rd,HYANNIS,MA,02601,U,N,N,Existing or more than 2 years old,WEST CHATHAM,BARNSTABLE,MA,02633-1882,MA-09,68,238220,Unanswered,Unknown/NotStated,6700,974300,,39000,,,,Corporation,32844,The Cape Cod Five Cents Savings Bank,HYANNIS,MA,Unanswered,Unanswered,,1029151.67,03/11/2021
6609607005,04/07/2020,0101,PPP,"BAY STATE AIR, INC.",21 SPENCER ST,STONEHAM,MA,02180-2615,07/14/2021,Paid in Full,24,100,1014200,1014200,0,,32987,Eastern Bank,"Oliver Street Tower, 125, High St, Ste 901",Boston,MA,02110,U,N,N,Existing or more than 2 years old,STONEHAM,MIDDLESEX,MA,02180-2615,MA-05,34,238220,White,Not Hispanic or Latino,,1014200,,,,,,Corporation,33330,Eastern Bank,Somerville,MA,Male Owned,Non-Veteran,,1026145.02,06/16/2021
9038518803,04/23/2021,0101,PPS,A&E FIRE PROTECTION INC.,25 North St,Canton,MA,02021-3338,02/18/2022,Paid in Full,60,100,990897.18,990897.18,0,,84347,Commonwealth Cooperative Bank,1172 River St,HYDE PARK,MA,02136-2917,U,N,N,Existing or more than 2 years old,Canton,NORFOLK,MA,02021-3338,MA-08,102,238220,White,Not Hispanic or Latino,1,990892.18,,,,,,Subchapter S Corporation,84347,Commonwealth Cooperative Bank,HYDE PARK,MA,Male Owned,Non-Veteran,,998356.43,01/28/2022
1628068509,02/19/2021,0101,PPS,BAYSTATE AIR INC.,20 Terry Ave,Burlington,MA,01803-2516,04/20/2022,Paid in Full,60,100,962002.73,962002.73,0,,32987,Eastern Bank,"Oliver Street Tower, 125, High St, Ste 901",Boston,MA,02110,U,N,N,Existing or more than 2 years old,Burlington,MIDDLESEX,MA,01803-2516,MA-06,47,238220,White,Not Hispanic or Latino,,962002.73,,,,,,Corporation,33330,Eastern Bank,Somerville,MA,Male Owned,Non-Veteran,,972157.2,03/10/2022
5047467406,05/11/2020,0101,PPP,COMMONWEALTH VENTILATION SYSTEMS INC,72 SHARP ST UNIT C-1,HINGHAM,MA,02043,08/10/2021,Paid in Full,24,100,954465.35,954465.35,0,,33263,Rockland Trust Company,288 Union St,ROCKLAND,MA,02370-1803,U,N,N,Existing or more than 2 years old,HINGHAM,PLYMOUTH,MA,02043-0001,MA-08,62,238220,Unanswered,Unknown/NotStated,,954465.35,,,,,,Limited  Liability Company(LLC),33263,Rockland Trust Company,ROCKLAND,MA,Unanswered,Unanswered,,965627.29,07/14/2021
2814278402,02/04/2021,0101,PPS,COMMONWEALTH VENTILATION SYSTEMS INC,72 Sharp St Ste C1,Hingham,MA,02043-4364,01/22/2022,Paid in Full,60,100,954465,954465,0,,33263,Rockland Trust Company,288 Union St,ROCKLAND,MA,02370-1803,U,N,N,Existing or more than 2 years old,Hingham,PLYMOUTH,MA,02043-4364,MA-08,62,238220,Unanswered,Unknown/NotStated,1,954464,,,,,,Limited  Liability Company(LLC),33263,Rockland Trust Company,ROCKLAND,MA,Unanswered,Unanswered,,962577.95,12/09/2021
4555697004,04/03/2020,0101,PPP,"ALL CLEAR PLUMBING, INC.",12 WILMINGTON RD,BURLINGTON,MA,01803-1729,03/06/2021,Paid in Full,24,100,927000,927000,0,,89255,"North Shore Bank, a Co-operative Bank","248 Andover St, Route 114",Peabody,MA,01960-1502,U,N,N,Existing or more than 2 years old,BURLINGTON,MIDDLESEX,MA,01803-1729,MA-06,87,238220,White,Not Hispanic or Latino,,927000,,,,,,Subchapter S Corporation,89255,"North Shore Bank, a Co-operative Bank",Peabody,MA,Male Owned,Non-Veteran,,934570.5,02/01/2021
1927518208,07/31/2020,0101,PPP,HARWICH PORT HEATING & COOLING LLC,461 Lower County Road,Harwich Port,MA,02646,07/06/2022,Paid in Full,60,100,911275,911275,0,,89212,The Cooperative Bank of Cape Cod,25 Benjamin Franklin Way,HYANNIS,MA,02601-8140,U,N,N,Existing or more than 2 years old,Harwich Port,BARNSTABLE,MA,02646-0001,MA-09,70,238220,Black or African American,Not Hispanic or Latino,,911275,,,,,,Limited  Liability Company(LLC),89212,The Cooperative Bank of Cape Cod,HYANNIS,MA,Male Owned,Non-Veteran,,899542.5,03/31/2021
9041638304,01/30/2021,0101,PPS,RUSTIC FIRE PROTECTION INC,320 W Main St # 0,Norton,MA,02766-2151,11/17/2021,Paid in Full,60,100,899317.5,899317.5,0,,33263,Rockland Trust Company,288 Union St,ROCKLAND,MA,02370-1803,U,N,N,Existing or more than 2 years old,Norton,BRISTOL,MA,02766-2151,MA-04,52,238220,Unanswered,Unknown/NotStated,,899313.5,,,,,,Corporation,33263,Rockland Trust Company,ROCKLAND,MA,Unanswered,Unanswered,,906037.4,10/27/2021
1182517206,04/15/2020,0101,PPP,"RUSTIC FIRE PROTECTION, INC",320 West Main St,Norton,MA,02766,03/11/2021,Paid in Full,24,100,899317,899317,0,,33263,Rockland Trust Company,288 Union St,ROCKLAND,MA,02370-1803,U,N,N,Existing or more than 2 years old,Norton,BRISTOL,MA,02766-0001,MA-04,52,238220,Unanswered,Unknown/NotStated,,899317,,,,,,Corporation,33263,Rockland Trust Company,ROCKLAND,MA,Unanswered,Unanswered,,906636.44,02/16/2021
1616407108,04/10/2020,0101,PPP,"JEC SERVICE COMPANY, INC.",110 Clematis Ave # 1,Waltham,MA,02453-7013,07/17/2021,Paid in Full,24,100,895917.5,895917.5,0,,33181,MountainOne Bank,93 Main St,NORTH ADAMS,MA,01247-3405,U,N,N,Existing or more than 2 years old,Waltham,MIDDLESEX,MA,02453-7013,MA-05,13,238220,White,Not Hispanic or Latino,,895917.5,,,,,,Corporation,33181,MountainOne Bank,NORTH ADAMS,MA,Male Owned,Veteran,,905858.5,05/21/2021
6664337010,04/07/2020,0101,PPP,"DRY AIR SYSTEMS, INC",62 FOREST RIDGE DR,ROWLEY,MA,01969-2143,02/16/2021,Paid in Full,24,100,873500,873500,0,,33304,Salem Five Cents Savings Bank,210 Essex St,SALEM,MA,01970-3705,U,N,N,Existing or more than 2 years old,ROWLEY,ESSEX,MA,01969-2143,MA-06,65,238220,Unanswered,Unknown/NotStated,,873500,,,,,,Subchapter S Corporation,33304,Salem Five Cents Savings Bank,SALEM,MA,Male Owned,Unanswered,,880099.78,01/19/2021
1394368610,03/13/2021,0101,PPS,MERRIMACK VALLEY SYSTEMS INC.,15 Aegean Dr Ste 3,Methuen,MA,01844-1558,09/07/2022,Paid in Full,60,100,872552,872552,0,,112598,Enterprise Bank and Trust Company,222 Merrimack St,LOWELL,MA,01852-5913,U,N,N,Existing or more than 2 years old,Methuen,ESSEX,MA,01844-1558,MA-03,77,238220,Unanswered,Unknown/NotStated,1,872547,,,,,,Limited  Liability Company(LLC),112598,Enterprise Bank and Trust Company,LOWELL,MA,Unanswered,Unanswered,,884913.15,08/09/2022
6299227100,04/14/2020,0101,PPP,"MERRIMACK VALLEY SYSTEMS, INC.","15 AEGEAN DR, Unit 3",METHUEN,MA,01844-1558,10/06/2021,Paid in Full,24,100,872500,872500,0,,112598,Enterprise Bank and Trust Company,222 Merrimack St,LOWELL,MA,01852-5913,U,N,N,Existing or more than 2 years old,METHUEN,ESSEX,MA,01844-1558,MA-03,93,238220,Unanswered,Unknown/NotStated,18800,762800,,36000,,54900,,Limited  Liability Company(LLC),112598,Enterprise Bank and Trust Company,LOWELL,MA,Unanswered,Unanswered,,884593.82,09/07/2021
5280707108,04/13/2020,0101,PPP,"CENTRAL COOLING & HEATING, INC.",9 North MAPLE ST,WOBURN,MA,01801-1713,06/09/2021,Paid in Full,24,100,864000,864000,0,,33494,Northern Bank and Trust Company,"275 Mishawum Rd, Ste 100",WOBURN,MA,01801-8804,U,N,N,Existing or more than 2 years old,WOBURN,MIDDLESEX,MA,01801-1713,MA-05,68,238220,Unanswered,Unknown/NotStated,,864000,,,,,,Corporation,33494,Northern Bank and Trust Company,WOBURN,MA,Unanswered,Unanswered,,870360,01/12/2021
3885678602,03/17/2021,0101,PPS,EDWARD H. MARCHANT CO. INC,153 Old Colony Ave,Quincy,MA,02170-3803,09/15/2022,Paid in Full,60,100,863432,863432,0,,32987,Eastern Bank,"Oliver Street Tower, 125, High St, Ste 901",Boston,MA,02110,U,N,N,Existing or more than 2 years old,Quincy,NORFOLK,MA,02170-3803,MA-08,40,238220,Unanswered,Unknown/NotStated,1,863427,,,,,,Corporation,32987,Eastern Bank,Boston,MA,Unanswered,Unanswered,,875855.83,08/25/2022
6365067110,04/14/2020,0101,PPP,"DUGGAN MECHANICAL SERVICES, INC.",136 Will Drive,Canton,MA,02021,06/10/2021,Paid in Full,24,100,862500,862500,0,,33263,Rockland Trust Company,288 Union St,ROCKLAND,MA,02370-1803,U,N,N,Existing or more than 2 years old,Canton,NORFOLK,MA,02021-0001,MA-08,32,238220,Unanswered,Unknown/NotStated,,862500,,,,,,Corporation,33263,Rockland Trust Company,ROCKLAND,MA,Unanswered,Unanswered,,871867.71,05/21/2021
4742747001,04/04/2020,0101,PPP,"PATRIOT PLUMBING & HEATING, INC.",35 INDUSTRIAL DR,CANTON,MA,02021-2801,06/25/2021,Paid in Full,24,100,1200300,862400,0,,89236,Needham Bank,1063 Great Plain Ave,NEEDHAM,MA,02492-2302,U,N,N,Existing or more than 2 years old,CANTON,NORFOLK,MA,02021-2801,MA-08,14,238220,Unanswered,Not Hispanic or Latino,,862400,,,,,,Corporation,89236,Needham Bank,NEEDHAM,MA,Male Owned,Unanswered,,871503.11,05/21/2021
7091047209,04/28/2020,0101,PPP,"GRINNELL MECHANICAL, INC.",21 Ray Avenue,BURLINGTON,MA,01803-4720,05/06/2021,Paid in Full,24,100,862000,862000,0,,112598,Enterprise Bank and Trust Company,222 Merrimack St,LOWELL,MA,01852-5913,U,N,N,Existing or more than 2 years old,BURLINGTON,MIDDLESEX,MA,01803-4720,MA-06,51,238220,Unanswered,Unknown/NotStated,,862000,,,,,,Corporation,112598,Enterprise Bank and Trust Company,LOWELL,MA,Unanswered,Unanswered,,870548.17,04/26/2021
5834827003,04/06/2020,0101,PPP,"B.L. MECHANICAL, INC.",726 Quaker Highway,UXBRIDGE,MA,01569-2227,01/21/2021,Paid in Full,24,100,851800,851800,0,,33377,UniBank for Savings,49 Church St,WHITINSVILLE,MA,01588-1415,U,N,N,Existing or more than 2 years old,UXBRIDGE,WORCESTER,MA,01569-2227,MA-02,47,238220,Unanswered,Unknown/NotStated,,851800,,,,,,Corporation,33377,UniBank for Savings,WHITINSVILLE,MA,Male Owned,Unanswered,,,
5952397104,04/14/2020,0101,PPP,"YOUNGBLOOD COMPANY, INC.",32 Ashland Street,HAVERHILL,MA,01830-4143,03/04/2021,Paid in Full,24,100,832000,832000,0,,112598,Enterprise Bank and Trust Company,222 Merrimack St,LOWELL,MA,01852-5913,U,Y,Y,Existing or more than 2 years old,HAVERHILL,ESSEX,MA,01830-4143,MA-03,67,238220,White,Not Hispanic or Latino,8000,721000,,20000,,83000,,Corporation,112598,Enterprise Bank and Trust Company,LOWELL,MA,Male Owned,Non-Veteran,,836694.55,02/16/2021
9577158409,02/17/2021,0101,PPS,WILLIAM M COLLINS COMPANY INC,105 Bay State Dr # 0,Braintree,MA,02184-5203,03/18/2022,Paid in Full,60,100,828637.5,828637.5,0,,33263,Rockland Trust Company,288 Union St,ROCKLAND,MA,02370-1803,U,N,N,Existing or more than 2 years old,Braintree,NORFOLK,MA,02184-5203,MA-08,35,238220,Unanswered,Unknown/NotStated,1,828632.5,,,,,,Subchapter S Corporation,33263,Rockland Trust Company,ROCKLAND,MA,Unanswered,Unanswered,,837177.07,02/25/2022
8060998406,02/12/2021,0101,PPS,PINNACLE PIPING AND SERVICE CORPORATION,950 Dorchester Ave Ste 103,Dorchester,MA,02125-1272,10/19/2021,Paid in Full,60,100,827495,827495,0,,33475,South Shore Bank,1530 Main St,WEYMOUTH,MA,02190-1310,U,N,Y,Existing or more than 2 years old,Dorchester,SUFFOLK,MA,02125-1272,MA-08,29,238220,White,Unknown/NotStated,1,827490,,,,,,Subchapter S Corporation,33475,South Shore Bank,WEYMOUTH,MA,Male Owned,Non-Veteran,,832299.07,09/14/2021
2412828703,03/29/2021,0101,PPS,PINNACLE CONSTRUCTION SERVICES LLC,950 Dorchester Ave Ste 103,Dorchester,MA,02125-1272,11/09/2021,Paid in Full,60,100,817202,817202,0,,33475,South Shore Bank,1530 Main St,WEYMOUTH,MA,02190-1310,U,N,Y,Existing or more than 2 years old,Dorchester,SUFFOLK,MA,02125-1272,MA-08,26,238220,White,Not Hispanic or Latino,1,817199,,,,,,Limited  Liability Company(LLC),33475,South Shore Bank,WEYMOUTH,MA,Male Owned,Non-Veteran,,821900.91,10/25/2021
7016167101,04/14/2020,0101,PPP,CRANNEY COMPANIES INC,24 WATER ST,DANVERS,MA,01923-3728,12/10/2020,Paid in Full,24,100,816572,816572,0,,46391,Manufacturers and Traders Trust Company,"One M & T Plaza, 15th Fl",BUFFALO,NY,14203,U,N,N,Existing or more than 2 years old,DANVERS,ESSEX,MA,01923-3728,MA-06,63,238220,Unanswered,Unknown/NotStated,,816572,,,,,,Corporation,15793,Manufacturers and Traders Trust Company,Bridgeport,CT,Unanswered,Unanswered,,821292.46,11/25/2020
7326157006,04/07/2020,0130,PPP,T J CONWAY COMPANY,26 PROGRESS AVE,SPRINGFIELD,MA,01104-3214,12/10/2020,Paid in Full,24,100,815750,815750,0,,46391,Manufacturers and Traders Trust Company,"One M & T Plaza, 15th Fl",BUFFALO,NY,14203,U,N,Y,Existing or more than 2 years old,SPRINGFIELD,HAMPDEN,MA,01104-3214,MA-01,46,238220,Unanswered,Unknown/NotStated,,815750,,,,,,Subchapter S Corporation,15793,Manufacturers and Traders Trust Company,Bridgeport,CT,Unanswered,Unanswered,,820353.96,11/17/2020
2986038309,01/21/2021,0101,PPS,PIPING SYSTEMS INC,32 Mill St,Assonet,MA,02702-1104,09/24/2021,Paid in Full,60,100,809016,809016,0,,32784,BayCoast Bank,330 Swansea Mall Dr,SWANSEA,MA,02777-4112,U,N,N,Existing or more than 2 years old,Assonet,BRISTOL,MA,02702-1104,MA-04,45,238220,White,Not Hispanic or Latino,,809016,,,,,,Subchapter S Corporation,32784,BayCoast Bank,SWANSEA,MA,Female Owned,Veteran,,813690.31,08/25/2021
8027157109,04/15/2020,0101,PPP,NETR LLC,85 Flagship Drive Unit E,North Andover,MA,01845,06/19/2021,Paid in Full,24,100,786500,786500,0,,434162,"Citizens Bank, National Association",1 Citizens Plaza,PROVIDENCE,RI,02903-1344,U,N,N,Existing or more than 2 years old,North Andover,ESSEX,MA,01845-0001,MA-06,44,238220,Unanswered,Unknown/NotStated,,786500,,,,,,Limited  Liability Company(LLC),434162,"Citizens Bank, National Association",PROVIDENCE,RI,Male Owned,Non-Veteran,,794839.05,05/20/2021
8198398308,01/29/2021,0101,PPS,APEX CORP,56 Charles St,Abington,MA,02351-1808,05/18/2022,Paid in Full,60,100,771585,771585,0,,84894,"Santander Bank, National Association","824 N Market St, Ste 100",WILMINGTON,DE,19801-4937,U,N,N,Existing or more than 2 years old,Abington,PLYMOUTH,MA,02351-1808,MA-08,24,238220,Unanswered,Unknown/NotStated,1,771580,,,,,,Corporation,84894,"Santander Bank, National Association",WILMINGTON,DE,Unanswered,Unanswered,,780653.77,04/07/2022
1200077308,04/28/2020,0101,PPP,APEX CORPORATION,6 Charles St,"Abington,",MA,02351,09/22/2021,Paid in Full,24,100,771584,771584,0,,84894,"Santander Bank, National Association","824 N Market St, Ste 100",WILMINGTON,DE,19801-4937,U,N,N,Existing or more than 2 years old,"Abington,",PLYMOUTH,MA,02351-0001,MA-08,30,238220,Unanswered,Unknown/NotStated,,771584,,,,,,Corporation,84894,"Santander Bank, National Association",WILMINGTON,DE,Unanswered,Unanswered,,781075.54,08/02/2021
6542747006,04/07/2020,0101,PPP,"THERMO-DYNAMICS INTERNATIONAL, INC",101 MARKET ST,AMESBURY,MA,01913-1725,04/22/2022,Paid in Full,24,100,766200,766200,0,,33304,Salem Five Cents Savings Bank,210 Essex St,SALEM,MA,01970-3705,U,N,N,Existing or more than 2 years old,AMESBURY,ESSEX,MA,01913-1725,MA-06,30,238220,Unanswered,Unknown/NotStated,,766200,,,,,,Corporation,33304,Salem Five Cents Savings Bank,SALEM,MA,Unanswered,Unanswered,,774670.77,05/21/2021
5690417009,04/06/2020,0101,PPP,PIPING SYSTEMS INC.,32 Mill Street PO Box 409,ASSONET,MA,02702,03/19/2021,Paid in Full,24,100,760000,760000,0,,32784,BayCoast Bank,330 Swansea Mall Dr,SWANSEA,MA,02777-4112,U,N,N,Existing or more than 2 years old,ASSONET,BRISTOL,MA,02702-0001,MA-04,49,238220,White,Not Hispanic or Latino,,760000,,,,,,Subchapter S Corporation,32784,BayCoast Bank,SWANSEA,MA,Female Owned,Veteran,,766058.89,01/28/2021
6731967001,04/07/2020,0101,PPP,"T & J HEATING AND AIR CONDITIONING, INC",121 mechanic st,BELLINGHAM,MA,02019-1962,11/17/2020,Paid in Full,24,100,758300,758300,0,,85119,Charles River Bank,70 Main St,MEDWAY,MA,02053-1825,U,N,N,Existing or more than 2 years old,BELLINGHAM,NORFOLK,MA,02019-1962,MA-04,59,238220,Unanswered,Unknown/NotStated,,758300,,,,,,Subchapter S Corporation,85119,Charles River Bank,MEDWAY,MA,Unanswered,Unanswered,,762681.29,11/05/2020
5211078308,01/25/2021,0101,PPS,YOUNGBLOOD COMPANY INC,32 Ashland Steet,Haverhill,MA,01830,09/15/2021,Paid in Full,60,100,745000,745000,0,,112598,Enterprise Bank and Trust Company,222 Merrimack St,LOWELL,MA,01852-5913,U,N,Y,Existing or more than 2 years old,Haverhill,ESSEX,MA,01830,MA-01,55,238220,White,Not Hispanic or Latino,1,744996,,,,,,Corporation,112598,Enterprise Bank and Trust Company,LOWELL,MA,Male Owned,Non-Veteran,,748890.56,08/10/2021
4183618410,02/06/2021,0101,PPS,ATLANTIC HEATING & AIR CONDITIONING CO,116 Cypress St,Brookline,MA,02445-6015,09/28/2021,Paid in Full,60,100,743459.95,743459.95,0,,32688,Brookline Bank,2 Harvard St,BROOKLINE,MA,02445-7905,U,N,N,Existing or more than 2 years old,Brookline,NORFOLK,MA,02445-6015,MA-04,57,238220,Unanswered,Unknown/NotStated,,743459.95,,,,,,Corporation,32688,Brookline Bank,BROOKLINE,MA,Unanswered,Unanswered,,747197.9,08/13/2021
1823887104,04/10/2020,0101,PPP,"CITY POINT FIRE PROTECTION, INC.",10 COMMERCE RD,ROCKLAND,MA,02370-1053,07/14/2021,Paid in Full,24,100,740200,740200,0,,32668,Bluestone Bank,756 Orchard St,RAYNHAM,MA,02767-1028,U,Y,N,Existing or more than 2 years old,ROCKLAND,PLYMOUTH,MA,02370-1053,MA-09,25,238220,White,Not Hispanic or Latino,29600,625000,1900,6000,,76500,1200,Corporation,89078,Bluestone Bank,MANSFIELD,MA,Male Owned,Unanswered,,748615.97,06/10/2021
7431837000,04/07/2020,0101,PPP,P.H. MECHANICAL CORP,161 GRANITE AVE,DORCHESTER CENTER,MA,02124-5437,06/11/2021,Paid in Full,24,100,737305,737305,0,,32987,Eastern Bank,"Oliver Street Tower, 125, High St, Ste 901",Boston,MA,02110,U,N,N,Existing or more than 2 years old,DORCHESTER CENTER,SUFFOLK,MA,02124-5437,MA-08,9,238220,White,Not Hispanic or Latino,,737305,,,,,,Corporation,32987,Eastern Bank,Boston,MA,Male Owned,Non-Veteran,,745497.28,05/21/2021
9159797000,04/09/2020,0101,PPP,"ATLANTIC HEATING AND AIR CONDITIONING CO., INC.",116 CYPRESS ST,BROOKLINE,MA,02445-6015,12/11/2020,Paid in Full,24,100,728231,728231,0,,32688,Brookline Bank,2 Harvard St,BROOKLINE,MA,02445-7905,U,N,N,Existing or more than 2 years old,BROOKLINE,NORFOLK,MA,02445-6015,MA-04,61,238220,Unanswered,Unknown/NotStated,,728231,,,,,,Corporation,32688,Brookline Bank,BROOKLINE,MA,Unanswered,Unanswered,,732114.9,11/03/2020
9168717000,04/09/2020,0101,PPP,AALANCO SERVICE CORPORATION,80B TURNPIKE RD,WESTBOROUGH,MA,01581-1730,01/21/2021,Paid in Full,24,100,726600,726600,0,,33209,Berkshire Bank,99 North St,PITTSFIELD,MA,01201-5114,U,N,N,Existing or more than 2 years old,WESTBOROUGH,WORCESTER,MA,01581-1730,MA-02,32,238220,White,Not Hispanic or Latino,,726600,,,,,,Corporation,33209,Berkshire Bank,PITTSFIELD,MA,Male Owned,Non-Veteran,,731397.55,12/22/2020
9400147001,04/09/2020,0101,PPP,"HOWSE CORPORATION, INC.",197 Main Street,NORTH READING,MA,01864-3102,12/09/2021,Paid in Full,24,100,724192,724192,0,,89358,Reading Co-Operative Bank,180 Haven St,READING,MA,01867-2921,U,N,N,Existing or more than 2 years old,NORTH READING,MIDDLESEX,MA,01864-3102,MA-06,36,238220,Unanswered,Unknown/NotStated,,724192,,,,,,Corporation,89358,Reading Co-Operative Bank,READING,MA,Unanswered,Unanswered,,731896.6,05/06/2021
7096447003,04/07/2020,0101,PPP,"FILTER SALES & SERVICE, INC.",15 Adams St,BURLINGTON,MA,01803-4916,04/13/2021,Paid in Full,24,100,230425,722500,0,,32987,Eastern Bank,"Oliver Street Tower, 125, High St, Ste 901",Boston,MA,02110,U,N,N,Existing or more than 2 years old,BURLINGTON,MIDDLESEX,MA,01803-4916,MA-06,53,238220,Unanswered,Unknown/NotStated,,722500,,,,,,Corporation,32987,Eastern Bank,Boston,MA,Unanswered,Unanswered,,728942.29,03/05/2021
5657697010,04/06/2020,0101,PPP,MAGUIRE COMPANY,254 ADAMS STREET,NEWTON,MA,02458-1204,02/23/2021,Paid in Full,24,100,705672.5,705672.5,0,,15940,Webster Bank National Association,137 Bank St,WATERBURY,CT,06702-2205,U,N,N,Existing or more than 2 years old,NEWTON,MIDDLESEX,MA,02458-1204,MA-04,36,238220,Unanswered,Unknown/NotStated,,705672.5,,,,,,Corporation,15940,Webster Bank National Association,WATERBURY,CT,Unanswered,Unanswered,,710815.21,01/14/2021
5036808500,02/26/2021,0130,PPS,EDWARD F CORCORAN PLUMBING & HEATING CO. INC.,5 Rose Pl,Springfield,MA,01104-3103,08/12/2021,Paid in Full,60,100,696766.15,696766.15,0,,526572,New Valley Bank & Trust,One Monarch Place Suite 910,Springfield,MA,01144,U,Y,Y,Existing or more than 2 years old,Springfield,HAMPDEN,MA,01104-3103,MA-01,29,238220,Unanswered,Unknown/NotStated,,696766.15,,,,,,Corporation,526572,New Valley Bank & Trust,Springfield,MA,Unanswered,Unanswered,,699457.77,07/22/2021
8641107007,04/08/2020,0101,PPP,"A. SPOLIDORO & SONS, INC.",17 SIMONDS FARM RD,NORTH BILLERICA,MA,01862-2844,06/09/2021,Paid in Full,24,100,695200,695200,0,,33494,Northern Bank and Trust Company,"275 Mishawum Rd, Ste 100",WOBURN,MA,01801-8804,U,N,N,Existing or more than 2 years old,NORTH BILLERICA,MIDDLESEX,MA,01862-2844,MA-03,55,238220,Unanswered,Unknown/NotStated,,695200,,,,,,Corporation,33494,Northern Bank and Trust Company,WOBURN,MA,Unanswered,Unanswered,,699062.22,11/05/2020
3751417102,04/12/2020,0101,PPP,"GERVAIS PLUMBING & HEATING, INC.",317 SOUTHBRIDGE ST,AUBURN,MA,01501-2682,02/18/2021,Paid in Full,24,100,690800,690800,0,,32883,Avidia Bank,42 Main St,HUDSON,MA,01749-2123,U,N,N,Existing or more than 2 years old,AUBURN,WORCESTER,MA,01501-2682,MA-02,58,238220,Unanswered,Unknown/NotStated,,690800,,,,,,Corporation,32883,Avidia Bank,HUDSON,MA,Unanswered,Unanswered,,695769.92,01/07/2021
8035767104,04/15/2020,0101,PPP,ENTERPRISE EQUIPMENT CO INC,276 Libbey Parkway,Weymouth,MA,02189,12/19/2020,Paid in Full,24,100,686700,686700,0,,434162,"Citizens Bank, National Association",1 Citizens Plaza,PROVIDENCE,RI,02903-1344,U,N,N,Existing or more than 2 years old,Weymouth,NORFOLK,MA,02189-0001,MA-08,29,238220,Unanswered,Unknown/NotStated,,686700,,,,,,Subchapter S Corporation,434162,"Citizens Bank, National Association",PROVIDENCE,RI,Unanswered,Unanswered,,690707.32,11/23/2020
5562727003,04/05/2020,0101,PPP,"MILLTOWN PLUMBING & HEATING, INC.",131 STEADMAN ST #6,CHELMSFORD,MA,01824-1868,04/06/2021,Paid in Full,24,100,684200,684200,0,,112598,Enterprise Bank and Trust Company,222 Merrimack St,LOWELL,MA,01852-5913,U,N,N,Existing or more than 2 years old,CHELMSFORD,MIDDLESEX,MA,01824-1868,MA-03,48,238220,Unanswered,Unknown/NotStated,2800,613200,,20500,,47700,,Corporation,112598,Enterprise Bank and Trust Company,LOWELL,MA,Unanswered,Unanswered,,690338.79,03/05/2021
6048247210,04/27/2020,0101,PPP,WILLIAM F LYNCH CO INC,50 MILLBROOK ST,WORCESTER,MA,01606-2840,06/08/2021,Paid in Full,24,100,681200,681200,0,,89228,bankHometown,31 Sutton Ave,OXFORD,MA,01540-1755,U,Y,Y,Existing or more than 2 years old,WORCESTER,WORCESTER,MA,01606-2840,MA-02,29,238220,Unanswered,Unknown/NotStated,,681200,,,,,,Subchapter S Corporation,89228,bankHometown,OXFORD,MA,Unanswered,Unanswered,,688422.59,05/21/2021
8068058400,02/12/2021,0101,PPS,ENTERPRISE EQUIPMENT CO. INC.,276 Libbey Industrial Pkwy,East Weymouth,MA,02189-3102,11/17/2021,Paid in Full,60,100,666665,666665,0,,33263,Rockland Trust Company,288 Union St,ROCKLAND,MA,02370-1803,U,N,N,Existing or more than 2 years old,East Weymouth,NORFOLK,MA,02189-3102,MA-08,32,238220,Unanswered,Unknown/NotStated,1,666662,,,,,,Subchapter S Corporation,33263,Rockland Trust Company,ROCKLAND,MA,Unanswered,Unanswered,,671202.03,10/20/2021
2447467107,04/10/2020,0130,PPP,"CLIMATE HEATING AND COOLING, INC.",146 Hubbard Avenue,PITTSFIELD,MA,01201-3861,09/15/2021,Paid in Full,24,100,764100,659700,0,,33209,Berkshire Bank,99 North St,PITTSFIELD,MA,01201-5114,R,N,N,Existing or more than 2 years old,PITTSFIELD,BERKSHIRE,MA,01201-3861,MA-01,52,238220,Unanswered,Unknown/NotStated,,659700,,,,,,Corporation,33209,Berkshire Bank,PITTSFIELD,MA,Unanswered,Unanswered,,668086.32,08/05/2021
3021818501,02/22/2021,0130,PPS,CLIMATE HEATING AND COOLING INC.,146 Hubbard Ave,Pittsfield,MA,01201-3861,08/16/2022,Paid in Full,60,100,659700,659700,0,,188567,Loan Source Incorporated,353 East 83rd Street Suite 3H,NEW YORK,NY,10028,R,N,N,Existing or more than 2 years old,Pittsfield,BERKSHIRE,MA,01201-3861,MA-01,52,238220,Unanswered,Unknown/NotStated,,659700,,,,,,Corporation,29599,Northeast Bank,LEWISTON,ME,Unanswered,Unanswered,,668791.21,07/19/2022
6675547009,04/07/2020,0101,PPP,DESIGN MECHANICAL INC,70 Tenney Street,GEORGETOWN,MA,01833-1820,07/14/2021,Paid in Full,24,100,813865,659635,0,,32987,Eastern Bank,"Oliver Street Tower, 125, High St, Ste 901",Boston,MA,02110,U,N,N,Existing or more than 2 years old,GEORGETOWN,ESSEX,MA,01833-1820,MA-06,62,238220,Unanswered,Unknown/NotStated,,659635,,,,,,Subchapter S Corporation,32987,Eastern Bank,Boston,MA,Unanswered,Unanswered,,667587.27,06/24/2021
2643138302,01/21/2021,0101,PPS,CONTROLAIR SYSTEMS INC,25 Ray Ave,Burlington,MA,01803-4762,10/16/2021,Paid in Full,60,100,658770,658770,0,,84894,"Santander Bank, National Association","824 N Market St, Ste 100",WILMINGTON,DE,19801-4937,U,N,N,Existing or more than 2 years old,Burlington,MIDDLESEX,MA,01803-4762,MA-06,43,238220,Unanswered,Unknown/NotStated,1,658768,,,,,,Corporation,84894,"Santander Bank, National Association",WILMINGTON,DE,Unanswered,Unanswered,,662830.91,09/08/2021
9205897106,04/15/2020,0101,PPP,"CONTROLAIR SYSTEMS, INC.",25 RAY AVE,BURLINGTON,MA,01803,02/20/2021,Paid in Full,24,100,658770,658770,0,,84894,"Santander Bank, National Association","824 N Market St, Ste 100",WILMINGTON,DE,19801-4937,U,N,N,Existing or more than 2 years old,BURLINGTON,MIDDLESEX,MA,01803-0001,MA-06,46,238220,Unanswered,Unknown/NotStated,,658770,,,,,,Corporation,84894,"Santander Bank, National Association",WILMINGTON,DE,Unanswered,Unanswered,,663838.87,01/25/2021
8818687100,04/15/2020,0101,PPP,"BURNELL CONTROLS, INC.",153 Andover Street Suite 202,DANVERS,MA,01923-1450,04/13/2022,Paid in Full,24,100,666466,652044,0,,89298,StonehamBank,80 Montvale Ave,STONEHAM,MA,02180-2893,U,N,N,Existing or more than 2 years old,DANVERS,ESSEX,MA,01923-1450,MA-06,31,238220,Unanswered,Unknown/NotStated,,642044,,,10000,,,Subchapter S Corporation,89298,StonehamBank,STONEHAM,MA,Unanswered,Unanswered,,660484.35,08/04/2021
4384687006,04/03/2020,0130,PPP,"BOULANGER'S PLUMBING & HEATING, INC",373 Main Street,EASTHAMPTON,MA,01027-1961,12/08/2020,Paid in Full,24,100,639900,639900,0,,32766,bankESB,36 Main St,EASTHAMPTON,MA,01027-2050,U,N,N,Existing or more than 2 years old,EASTHAMPTON,HAMPSHIRE,MA,01027-1961,MA-01,43,238220,White,Not Hispanic or Latino,,639900,,,,,,Corporation,32766,bankESB,EASTHAMPTON,MA,Male Owned,Veteran,,643739.4,11/19/2020
5999518303,01/26/2021,0130,PPS,M.J.MORAN INC.,4 S Main St,Haydenville,MA,01039-9735,07/10/2021,Paid in Full,60,100,637849.2,637849.2,0,,33183,Florence Bank,85 Main St,FLORENCE,MA,01062-1400,U,N,N,Existing or more than 2 years old,Haydenville,HAMPSHIRE,MA,01039-9735,MA-02,41,238220,Unanswered,Unknown/NotStated,1,637844.2,,,,,,Subchapter S Corporation,33183,Florence Bank,FLORENCE,MA,Unanswered,Unanswered,,640365.65,06/30/2021
2587208304,01/21/2021,0101,PPS,"COTTI-JOHNSON HVAC, INC.",30 Waverly St,Taunton,MA,02780-1460,01/11/2022,Paid in Full,60,100,634282,634282,0,,104790,Coastal1 Credit Union,1200 Central Ave,PAWTUCKET,RI,02861-2200,U,N,N,Existing or more than 2 years old,Taunton,BRISTOL,MA,02780-1460,MA-04,49,238220,Unanswered,Not Hispanic or Latino,1,634279,,,,,,Corporation,104790,Coastal1 Credit Union,PAWTUCKET,RI,Male Owned,Non-Veteran,,639761.49,12/07/2021
9010497006,04/09/2020,0101,PPP,"D.D.S INDUSTRIES, INC.",250 Ace Street,FALL RIVER,MA,02720-1320,07/20/2021,Paid in Full,24,100,633888,633888,0,,32784,BayCoast Bank,330 Swansea Mall Dr,SWANSEA,MA,02777-4112,U,N,Y,Existing or more than 2 years old,FALL RIVER,BRISTOL,MA,02720-1320,MA-04,53,238220,Unanswered,Unknown/NotStated,,633888,,,,,,Corporation,32784,BayCoast Bank,SWANSEA,MA,Unanswered,Unanswered,,641705.95,07/09/2021
5432307008,04/05/2020,0101,PPP,"NASHOBA AIR, INC.",527 GREAT RD,LITTLETON,MA,01460-1208,04/06/2021,Paid in Full,24,100,631700,631700,0,,112598,Enterprise Bank and Trust Company,222 Merrimack St,LOWELL,MA,01852-5913,U,N,N,Existing or more than 2 years old,LITTLETON,MIDDLESEX,MA,01460-1208,MA-03,42,238220,Unanswered,Unknown/NotStated,8320,578300,,2600,,42480,,Subchapter S Corporation,112598,Enterprise Bank and Trust Company,LOWELL,MA,Male Owned,Unanswered,,637823.98,03/31/2021
6344707701,05/01/2020,0101,PPP,SWEENEY ROGERS GERAGHTY INC,250 Richmond St,Raynham,MA,02767,06/18/2021,Paid in Full,24,100,628587,628587,0,,9551,"Bank of America, National Association","100 N Tryon St, Ste 170",CHARLOTTE,NC,28202-4024,U,N,N,New Business or 2 years or less,Raynham,BRISTOL,MA,02767-0001,MA-04,30,238220,Unanswered,Unknown/NotStated,,628587,,,,,,Corporation,9551,"Bank of America, National Association",CHARLOTTE,NC,Unanswered,Unanswered,,635148.41,05/21/2021
8560557109,04/15/2020,0101,PPP,J & J HEATING & AC INC.,17 ARLINGTON ST,DRACUT,MA,01826-3952,03/24/2021,Paid in Full,24,100,626900,626900,0,,98374,Jeanne D' Arc CU,581 Merrimack St,LOWELL,MA,01854-1854,U,N,N,Existing or more than 2 years old,DRACUT,MIDDLESEX,MA,01826-3952,MA-03,47,238220,Unanswered,Unknown/NotStated,,626900,,,,,,Corporation,98374,Jeanne D' Arc CU,LOWELL,MA,Unanswered,Unanswered,,632396.11,03/10/2021
2116357104,04/10/2020,0130,PPP,HURLEY & DAVID INC,90 FISK AVE,SPRINGFIELD,MA,01107-1050,07/14/2021,Paid in Full,24,100,625606.1,625606.1,0,,33436,Westfield Bank,141 Elm St,WESTFIELD,MA,01085-2910,U,Y,Y,Existing or more than 2 years old,SPRINGFIELD,HAMPDEN,MA,01107-1050,MA-01,43,238220,Unanswered,Unknown/NotStated,,625606.1,,,,,,Corporation,33436,Westfield Bank,WESTFIELD,MA,Male Owned,Non-Veteran,,632835.33,06/11/2021
9808028305,01/31/2021,0101,PPS,AALANCO SERVICE CORPORATION,80B Turnpike Rd,Westborough,MA,01581-1885,04/19/2022,Paid in Full,60,100,625379,625379,0,,188567,Loan Source Incorporated,353 East 83rd Street Suite 3H,NEW YORK,NY,10028,U,N,N,Existing or more than 2 years old,Westborough,WORCESTER,MA,01581-1885,MA-02,33,238220,White,Not Hispanic or Latino,1,625377,,,,,,Corporation,29599,Northeast Bank,LEWISTON,ME,Male Owned,Non-Veteran,,632215.33,03/17/2022
2185457103,04/10/2020,0101,PPP,HILLIS CORP,555 WOBURN ST,TEWKSBURY,MA,01876-3425,04/06/2021,Paid in Full,24,100,623100,623100,0,,112598,Enterprise Bank and Trust Company,222 Merrimack St,LOWELL,MA,01852-5913,U,N,N,Existing or more than 2 years old,TEWKSBURY,MIDDLESEX,MA,01876-3425,MA-06,53,238220,Unanswered,Unknown/NotStated,7000,563100,,20000,,33000,,Subchapter S Corporation,112598,Enterprise Bank and Trust Company,LOWELL,MA,Unanswered,Unanswered,,628604.05,03/05/2021
4145407300,04/29/2020,0101,PPP,SCHLAGER COMPANY INC,41 MATHEWSON DR STE A,EAST WEYMOUTH,MA,02189-2300,01/21/2021,Paid in Full,24,100,622650,622650,0,,9551,"Bank of America, National Association","100 N Tryon St, Ste 170",CHARLOTTE,NC,28202-4024,U,N,N,Existing or more than 2 years old,EAST WEYMOUTH,NORFOLK,MA,02189-2300,MA-08,50,238220,Unanswered,Unknown/NotStated,,622650,,,,,,Corporation,9551,"Bank of America, National Association",CHARLOTTE,NC,Unanswered,Unanswered,,626368.84,12/16/2020
5981588402,02/09/2021,0101,PPS,GENERAL AIR-CONDITIONING / HEATING INC,7 Gaston St,Dorchester,MA,02121-1815,02/17/2022,Paid in Full,60,100,608785,608785,0,,9551,"Bank of America, National Association","100 N Tryon St, Ste 170",CHARLOTTE,NC,28202-4024,U,Y,Y,Existing or more than 2 years old,Dorchester,SUFFOLK,MA,02121-1815,MA-07,27,238220,Black or African American,Not Hispanic or Latino,,608785,,,,,,Corporation,9551,"Bank of America, National Association",CHARLOTTE,NC,Male Owned,Non-Veteran,,614289.08,01/13/2022
1971337301,04/29/2020,0101,PPP,GENERAL AIR-CONDITIONING / HEATING INC,7 Gaston St,DORCHESTER,MA,02121,06/18/2021,Paid in Full,24,100,608784,608784,0,,9551,"Bank of America, National Association","100 N Tryon St, Ste 170",CHARLOTTE,NC,28202-4024,U,Y,Y,Unanswered,DORCHESTER,SUFFOLK,MA,02121-0001,MA-07,25,238220,Black or African American,Not Hispanic or Latino,,608784,,,,,,Corporation,9551,"Bank of America, National Association",CHARLOTTE,NC,Male Owned,Non-Veteran,,615205.42,05/21/2021
9622437000,04/09/2020,0130,PPP,"EDWARD F. CORCORAN PLUMBING & HEATING CO., INC.",5 ROSE PL,SPRINGFIELD,MA,01104-3103,06/10/2021,Paid in Full,24,100,606725,606725,0,,526572,New Valley Bank & Trust,One Monarch Place Suite 910,Springfield,MA,01144,U,Y,Y,Existing or more than 2 years old,SPRINGFIELD,HAMPDEN,MA,01104-3103,MA-01,16,238220,Unanswered,Unknown/NotStated,,606725,,,,,,Corporation,526572,New Valley Bank & Trust,Springfield,MA,Unanswered,Unanswered,,613473.78,05/21/2021
2700037101,04/11/2020,0101,PPP,CARL F RIEDELL & SON INC,778 MAIN ST,OSTERVILLE,MA,02655-2011,03/11/2021,Paid in Full,24,100,600000,600000,0,,33263,Rockland Trust Company,288 Union St,ROCKLAND,MA,02370-1803,U,N,N,Existing or more than 2 years old,OSTERVILLE,BARNSTABLE,MA,02655-2011,MA-09,45,238220,Unanswered,Unknown/NotStated,,600000,,,,,,Corporation,33263,Rockland Trust Company,ROCKLAND,MA,Unanswered,Unanswered,,604850,02/09/2021
3977448502,02/24/2021,0130,PPS,FOUR SEASONS HEATING & COOLING INC.,134 E Housatonic St,Dalton,MA,01226-1928,08/16/2022,Paid in Full,60,100,598540,598540,0,,188567,Loan Source Incorporated,353 East 83rd Street Suite 3H,NEW YORK,NY,10028,R,N,N,Existing or more than 2 years old,Dalton,BERKSHIRE,MA,01226-1928,MA-01,36,238220,White,Unknown/NotStated,1,598536,,,,,,Corporation,29599,Northeast Bank,LEWISTON,ME,Male Owned,Non-Veteran,,606804.77,07/20/2022
1957727108,04/10/2020,0130,PPP,DARCY CO INC (THE),44 CLEMENTE ST,HOLYOKE,MA,01040-5749,01/12/2021,Paid in Full,24,100,589572,589572,0,,46391,Manufacturers and Traders Trust Company,"One M & T Plaza, 15th Fl",BUFFALO,NY,14203,U,Y,Y,Existing or more than 2 years old,HOLYOKE,HAMPDEN,MA,01040-5749,MA-01,52,238220,Unanswered,Unknown/NotStated,,589572,,,,,,Corporation,15793,Manufacturers and Traders Trust Company,Bridgeport,CT,Male Owned,Unanswered,,593093.28,12/02/2020
1781037108,04/10/2020,0101,PPP,"YANKEE SPRINKLER CO., INC.",612 PLYMOUTH ST,EAST BRIDGEWATER,MA,02333-2008,08/17/2021,Paid in Full,24,100,578302.5,578304,0,,32987,Eastern Bank,"Oliver Street Tower, 125, High St, Ste 901",Boston,MA,02110,U,N,N,Existing or more than 2 years old,EAST BRIDGEWATER,PLYMOUTH,MA,02333-2008,MA-08,38,238220,Unanswered,Unknown/NotStated,,578304,,,,,,Corporation,32987,Eastern Bank,Boston,MA,Unanswered,Unanswered,,585259.71,06/30/2021
2614118504,02/20/2021,0101,PPS,BOSTON STANDARD PLUMBING HEATING & COOLING,41 Hollingsworth St,Mattapan,MA,02126-2019,09/25/2021,Paid in Full,60,100,574192,574192,0,,32784,BayCoast Bank,330 Swansea Mall Dr,SWANSEA,MA,02777-4112,U,Y,Y,Existing or more than 2 years old,Mattapan,SUFFOLK,MA,02126-2019,MA-07,41,238220,Unanswered,Unknown/NotStated,1,574187,,,,,,Corporation,32784,BayCoast Bank,SWANSEA,MA,Male Owned,Non-Veteran,,576696.12,07/30/2021
3880177109,04/12/2020,0101,PPP,"RENAUD HVAC & CONTROLS, INC.",11 JOHN RD,SUTTON,MA,01590-2509,12/19/2020,Paid in Full,24,100,573400,573400,0,,98345,Homefield Credit Union,86 Worcester St,NORTH GRAFTON,MA,01536-1020,U,N,N,Existing or more than 2 years old,SUTTON,WORCESTER,MA,01590-2509,MA-02,25,238220,Unanswered,Unknown/NotStated,,430112.33,,71685.39,,71602.28,,Corporation,98345,Homefield Credit Union,NORTH GRAFTON,MA,Unanswered,Unanswered,,576808.54,11/23/2020
5897187205,04/27/2020,0101,PPP,"POIRIER & SPRINGER, INC.",17E STERLING RD,NORTH BILLERICA,MA,01862,06/09/2021,Paid in Full,24,100,571600,571600,0,,33494,Northern Bank and Trust Company,"275 Mishawum Rd, Ste 100",WOBURN,MA,01801-8804,U,N,N,Existing or more than 2 years old,NORTH BILLERICA,MIDDLESEX,MA,01862-0001,MA-03,30,238220,Unanswered,Unknown/NotStated,,571600,,,,,,Corporation,33494,Northern Bank and Trust Company,WOBURN,MA,Unanswered,Unanswered,,575759.98,01/27/2021
4406187000,04/03/2020,0101,PPP,"NORTH MECHANICAL SERVICES, INC.",25 Mulberry St.,HAVERHILL,MA,01830-3914,01/13/2021,Paid in Full,24,100,571500,571500,0,,32855,Pentucket Bank,1 Merrimack St,HAVERHILL,MA,01830-6231,U,N,Y,Existing or more than 2 years old,HAVERHILL,ESSEX,MA,01830-3914,MA-03,38,238220,White,Not Hispanic or Latino,70800,428700,,72000,,,,Corporation,32855,Pentucket Bank,HAVERHILL,MA,Male Owned,Unanswered,,575389.38,12/14/2020
5840867708,05/03/2020,0101,PPP,PERFORMANCE PIPING INC,52 BROOK RD,NEEDHAM,MA,02494-2929,02/17/2022,Paid in Full,24,100,399588,570652,0,,9551,"Bank of America, National Association","100 N Tryon St, Ste 170",CHARLOTTE,NC,28202-4024,U,N,N,New Business or 2 years or less,NEEDHAM,NORFOLK,MA,02494-2929,MA-04,23,238220,Unanswered,Unknown/NotStated,,570652,,,,,,Corporation,9551,"Bank of America, National Association",CHARLOTTE,NC,Unanswered,Unanswered,,580110.75,01/14/2022
8894328400,02/14/2021,0101,PPS,PERFORMANCE PIPING INC,52 Brook Rd,Needham,MA,02494-2929,09/20/2022,Paid in Full,60,100,570652,570652,0,,9551,"Bank of America, National Association","100 N Tryon St, Ste 170",CHARLOTTE,NC,28202-4024,U,Y,N,Existing or more than 2 years old,Needham,NORFOLK,MA,02494-2929,MA-04,13,238220,Unanswered,Unknown/NotStated,1,570650,,,,,,Corporation,9551,"Bank of America, National Association",CHARLOTTE,NC,Unanswered,Unanswered,,579297.77,08/25/2022
1395738409,02/01/2021,0101,PPS,GRATTA REFRIGERATION AND AIR CONDITIONING INC.,1047 Washington St,East Weymouth,MA,02189-1945,08/17/2021,Paid in Full,60,100,569100,569100,0,,33475,South Shore Bank,1530 Main St,WEYMOUTH,MA,02190-1310,U,N,N,Existing or more than 2 years old,East Weymouth,NORFOLK,MA,02189-1945,MA-08,36,238220,White,Unknown/NotStated,1,569096,,,,,,Subchapter S Corporation,33475,South Shore Bank,WEYMOUTH,MA,Male Owned,Non-Veteran,,571882.27,07/28/2021
4750697010,04/04/2020,0101,PPP,"GRATTA REFRIGERATION AND AIR CONDITIONING, INC",1047 WASHINGTON ST,EAST WEYMOUTH,MA,02189-1945,12/19/2020,Paid in Full,24,100,569100,569100,0,,33475,South Shore Bank,1530 Main St,WEYMOUTH,MA,02190-1310,U,N,N,Existing or more than 2 years old,EAST WEYMOUTH,NORFOLK,MA,02189-1945,MA-08,37,238220,White,Unknown/NotStated,,569100,,,,,,Subchapter S Corporation,33475,South Shore Bank,WEYMOUTH,MA,Male Owned,Non-Veteran,,572388.13,11/05/2020
6850727307,04/30/2020,0130,PPP,"PITTSFIELD PIPERS, INC",73 Fourth Street,Pittsfield,MA,01201,03/18/2022,Paid in Full,24,100,569053,569053,0,,121536,Customers Bank,40 General Warren Blvd,Malvern,PA,19355,R,Y,Y,Existing or more than 2 years old,Pittsfield,BERKSHIRE,MA,01201-0100,MA-01,29,238220,Unanswered,Unknown/NotStated,,569053,,,,,,Corporation,121536,Customers Bank,Malvern,PA,Unanswered,Unanswered,,576972.97,09/22/2021
4471907205,04/27/2020,0101,PPP,LARKIN / HATHAWAY INC.,90  1ST ST,BRIDGEWATER,MA,02324-1070,04/08/2021,Paid in Full,24,100,567065,567065,0,,89255,"North Shore Bank, a Co-operative Bank","248 Andover St, Route 114",Peabody,MA,01960-1502,U,N,N,Existing or more than 2 years old,BRIDGEWATER,PLYMOUTH,MA,02324-1070,MA-09,68,238220,Unanswered,Unknown/NotStated,,567065,,,,,,Corporation,33235,"Abington Bank, A Division of North Shore Bank, a Co-operative Bank",Randolph,MA,Male Owned,Non-Veteran,,571958.85,03/16/2021
3591588408,02/05/2021,0101,PPS,VALANTE MECHANICAL INC,32 Furnace Ave,Quincy,MA,02169-4050,03/05/2022,Paid in Full,60,100,564342,564342,0,,89718,Coastal Heritage Bank,744 Broad St,EAST WEYMOUTH,MA,02189-2004,U,N,N,Existing or more than 2 years old,Quincy,NORFOLK,MA,02169-4050,MA-08,28,238220,Unanswered,Unknown/NotStated,1,564338,,,,,,Corporation,89718,Coastal Heritage Bank,EAST WEYMOUTH,MA,Unanswered,Unanswered,,570078.19,02/17/2022
4746127000,04/04/2020,0101,PPP,VALANTE MECHANICAL INC,32 FURNACE AVE,QUINCY,MA,02169-4050,06/05/2021,Paid in Full,24,100,564200,564200,0,,89718,Coastal Heritage Bank,744 Broad St,EAST WEYMOUTH,MA,02189-2004,U,N,N,Existing or more than 2 years old,QUINCY,NORFOLK,MA,02169-4050,MA-08,15,238220,Unanswered,Unknown/NotStated,,564200,,,,,,Corporation,89718,Coastal Heritage Bank,EAST WEYMOUTH,MA,Unanswered,Unanswered,,570398.47,05/21/2021
5001977705,05/01/2020,0130,PPP,GREEN EARTH ENERGY PHOTOVOLTAIC CORPORATION,208 SHAKER RD,LONGMEADOW,MA,01106-2411,11/18/2021,Charged Off,13,100,560299,560299,0,,9551,"Bank of America, National Association","100 N Tryon St, Ste 170",CHARLOTTE,NC,28202-4024,U,N,N,New Business or 2 years or less,LONGMEADOW,HAMPDEN,MA,01106-2411,MA-01,59,238220,Unanswered,Unknown/NotStated,,560299,,,,,,Corporation,9551,"Bank of America, National Association",CHARLOTTE,NC,Unanswered,Unanswered,,,
4505357107,04/13/2020,0101,PPP,"MURPHY SERVICES, INC.",34 WHITES PATH,SOUTH YARMOUTH,MA,02664-1212,05/20/2021,Paid in Full,24,100,555000,555000,0,,203685,Pinnacle Bank,"150 Third Ave S, Ste 900",NASHVILLE,TN,37201-2034,U,N,Y,Existing or more than 2 years old,SOUTH YARMOUTH,BARNSTABLE,MA,02664-1212,MA-09,34,238220,Unanswered,Unknown/NotStated,,555000,,,,,,Corporation,203685,Pinnacle Bank,NASHVILLE,TN,Unanswered,Unanswered,,560656.44,04/28/2021
5656757307,04/30/2020,0101,PPP,DR HOWARD INC,1 Whitney St,Saugus,MA,01906,03/18/2022,Paid in Full,24,100,552148,552148,0,,121536,Customers Bank,40 General Warren Blvd,Malvern,PA,19355,U,N,N,Existing or more than 2 years old,Saugus,ESSEX,MA,01906-0001,MA-06,26,238220,Unanswered,Unknown/NotStated,,552148,,,,,,Corporation,121536,Customers Bank,Malvern,PA,Unanswered,Unanswered,,560891.6,12/07/2021
5066008301,01/25/2021,0101,PPS,A H BURNS CO. INC.,296 Weymouth St Ste A,Rockland,MA,02370-1178,03/04/2022,Paid in Full,60,100,549190.07,549190.07,0,,32735,The Bank of Canton,490 Turnpike St,CANTON,MA,02021-2704,U,Y,N,Existing or more than 2 years old,Rockland,PLYMOUTH,MA,02370-1178,MA-09,23,238220,Unanswered,Unknown/NotStated,,549189.07,,,,,,Corporation,32735,The Bank of Canton,CANTON,MA,Unanswered,Unanswered,,552698.78,09/22/2021
2780317308,04/29/2020,0101,PPP,"PAPALIA PLUMBING AND HEATING, INC.",1220 LIBERTY SQUARE RD,BOXBOROUGH,MA,01719-1115,05/22/2021,Paid in Full,24,100,548400,548400,0,,33108,Middlesex Savings Bank,6 Main St,NATICK,MA,01760-4506,U,N,N,Existing or more than 2 years old,BOXBOROUGH,MIDDLESEX,MA,01719-1115,MA-03,40,238220,Unanswered,Unknown/NotStated,2000,150000,,396400,,,,Subchapter S Corporation,33108,Middlesex Savings Bank,NATICK,MA,Unanswered,Unanswered,,553411.77,03/31/2021
6189388402,02/10/2021,0101,PPS,G & G MECHANICAL INC,1 Melvin St,Wakefield,MA,01880-2577,10/16/2021,Paid in Full,60,100,546475,546475,0,,9551,"Bank of America, National Association","100 N Tryon St, Ste 170",CHARLOTTE,NC,28202-4024,U,N,N,Existing or more than 2 years old,Wakefield,MIDDLESEX,MA,01880-2577,MA-06,33,238220,Unanswered,Unknown/NotStated,1,546473,,,,,,Corporation,9551,"Bank of America, National Association",CHARLOTTE,NC,Unanswered,Unanswered,,549619.1,09/10/2021
6534547702,05/01/2020,0101,PPP,G &AMP; G MECHANICAL INC,1 E MELVIN ST,WAKEFIELD,MA,01880,03/17/2021,Paid in Full,24,100,546475,546475,0,,9551,"Bank of America, National Association","100 N Tryon St, Ste 170",CHARLOTTE,NC,28202-4024,U,N,N,New Business or 2 years or less,WAKEFIELD,MIDDLESEX,MA,01880-0001,MA-06,34,238220,Unanswered,Unknown/NotStated,,546475,,,,,,Corporation,9551,"Bank of America, National Association",CHARLOTTE,NC,Unanswered,Unanswered,,550682.11,02/10/2021
2860187110,04/11/2020,0101,PPP,DIVISION 15 HVAC INC,"300 Oak St, Suite 930",PEMBROKE,MA,02359-1930,03/11/2021,Paid in Full,24,100,544785,544785,0,,33263,Rockland Trust Company,288 Union St,ROCKLAND,MA,02370-1803,U,N,N,Existing or more than 2 years old,PEMBROKE,PLYMOUTH,MA,02359-1930,MA-09,32,238220,White,Not Hispanic or Latino,,544785,,,,,,Corporation,33263,Rockland Trust Company,ROCKLAND,MA,Male Owned,Non-Veteran,,549173.55,02/04/2021
4954057106,04/13/2020,0101,PPP,"A. H. BURNS CO., INC.",296 WEYMOUTH ST STE A,ROCKLAND,MA,02370-1139,03/04/2022,Paid in Full,24,100,540800,540800,0,,32735,The Bank of Canton,490 Turnpike St,CANTON,MA,02021-2704,U,Y,N,Existing or more than 2 years old,ROCKLAND,PLYMOUTH,MA,02370-1139,MA-09,21,238220,Unanswered,Unknown/NotStated,67600,405600,67600,,,,,Corporation,32735,The Bank of Canton,CANTON,MA,Unanswered,Unanswered,,547635.11,07/20/2021
9132807110,04/15/2020,0101,PPP,"THOMAS J. KENNEDY PLUMBING, HEATING, & HVAC, INC.",1635 BROADWAY Suite #2,RAYNHAM,MA,02767-1940,07/15/2021,Paid in Full,24,100,539000,539000,0,,32668,Bluestone Bank,756 Orchard St,RAYNHAM,MA,02767-1028,U,N,N,Existing or more than 2 years old,RAYNHAM,BRISTOL,MA,02767-1940,MA-04,42,238220,Unanswered,Unknown/NotStated,,539000,,,,,,Subchapter S Corporation,32668,Bluestone Bank,RAYNHAM,MA,Unanswered,Unanswered,,545069.29,06/10/2021
3132068504,02/23/2021,0101,PPS,EXCEL HVAC INC.,61 Glenn St,Lawrence,MA,01843-1021,11/16/2021,Paid in Full,60,100,536458.18,536458.18,0,,89268,Haverhill Bank,180 Merrimack St,HAVERHILL,MA,01830-6128,U,N,Y,Existing or more than 2 years old,Lawrence,ESSEX,MA,01843-1021,MA-03,38,238220,White,Not Hispanic or Latino,1,536453.18,,,,,,Corporation,89268,Haverhill Bank,HAVERHILL,MA,Male Owned,Non-Veteran,,540213.39,11/10/2021
7530437004,04/07/2020,0101,PPP,"CALLAHAN A/C AND HEATING SERVICES, INC.",91 BELMONT ST,NORTH ANDOVER,MA,01845-2304,02/02/2021,Paid in Full,24,100,534928,534928,0,,98420,Merrimack Valley CU,500 Merrimack St,LAWRENCE,MA,01843-1981,U,N,Y,Existing or more than 2 years old,NORTH ANDOVER,ESSEX,MA,01845-2304,MA-06,39,238220,Unanswered,Unknown/NotStated,,534928,,,,,,Corporation,98420,Merrimack Valley CU,LAWRENCE,MA,Female Owned,Non-Veteran,,539073.69,01/26/2021
9774768403,02/17/2021,0101,PPS,CALLAHAN A/C & HEATING SERVICES,91 Belmont St,North Andover,MA,01845-2304,11/18/2021,Paid in Full,60,100,534928,534928,0,,98420,Merrimack Valley CU,500 Merrimack St,LAWRENCE,MA,01843-1981,U,N,Y,Existing or more than 2 years old,North Andover,ESSEX,MA,01845-2304,MA-06,39,238220,Unanswered,Unknown/NotStated,,534928,,,,,,Corporation,98420,Merrimack Valley CU,LAWRENCE,MA,Female Owned,Non-Veteran,,538657.64,11/05/2021
1764848501,02/19/2021,0101,PPS,D. R. HOWARD INC.,1 Whitney St,Saugus,MA,01906-4387,05/14/2022,Paid in Full,60,100,530650,530650,0,,33263,Rockland Trust Company,288 Union St,ROCKLAND,MA,02370-1803,U,N,N,Existing or more than 2 years old,Saugus,ESSEX,MA,01906-4387,MA-06,30,238220,Unanswered,Unknown/NotStated,1,530645,,,,,,Corporation,31172,Rockland Trust Company,East Boston,MA,Unanswered,Unanswered,,536958.84,05/04/2022
3683718309,01/22/2021,0101,PPS,HANLON SHEET METAL CONTRACTORS INC.,28 Nashua Rd Ste A,North Billerica,MA,01862-2071,07/07/2021,Paid in Full,60,100,524067,524067,0,,32962,The Lowell Five Cent Savings Bank,"30, International Place",Tewksbury,MA,01876,U,N,N,Existing or more than 2 years old,North Billerica,MIDDLESEX,MA,01862-2071,MA-03,41,238220,Unanswered,Unknown/NotStated,,524066,,,,,,Corporation,32962,The Lowell Five Cent Savings Bank,Tewksbury,MA,Unanswered,Unanswered,,526206.34,06/28/2021
9317477005,04/09/2020,0101,PPP,"EXCEL HVAC, INC.",61 Glenn Street,LAWRENCE,MA,01843-1021,03/13/2021,Paid in Full,24,100,519357.5,519357.5,0,,89268,Haverhill Bank,180 Merrimack St,HAVERHILL,MA,01830-6128,U,N,Y,Existing or more than 2 years old,LAWRENCE,ESSEX,MA,01843-1021,MA-03,29,238220,White,Not Hispanic or Latino,,519357.5,,,,,,Corporation,89268,Haverhill Bank,HAVERHILL,MA,Male Owned,Non-Veteran,,523887.45,02/25/2021
5710307205,04/27/2020,0130,PPP,"MCL MECHANICAL SERVICES, INC.",26 KELSO AVE,WEST SPRINGFIELD,MA,01089-3440,12/10/2020,Paid in Full,24,100,513675,513675,0,,33183,Florence Bank,85 Main St,FLORENCE,MA,01062-1400,U,Y,Y,Existing or more than 2 years old,WEST SPRINGFIELD,HAMPDEN,MA,01089-3440,MA-01,36,238220,White,Not Hispanic or Latino,,513675,,,,,,Subchapter S Corporation,33183,Florence Bank,FLORENCE,MA,Male Owned,Non-Veteran,,516560.02,11/27/2020
3302078609,03/16/2021,0101,PPS,THOMAS J KENNEDY PLUMBING HEATING & HV,1635 Broadway Ste 2 Raynham Ma 02767-1940,Raynham,MA,02767-1940,03/10/2022,Paid in Full,60,100,507950,507950,0,,32668,Bluestone Bank,756 Orchard St,RAYNHAM,MA,02767-1028,U,N,N,Existing or more than 2 years old,Raynham,BRISTOL,MA,02767-1940,MA-04,45,238220,Unanswered,Unknown/NotStated,1,507946,,,,,,Subchapter S Corporation,32668,Bluestone Bank,RAYNHAM,MA,Unanswered,Unanswered,,512486.76,02/09/2022
5115257002,04/05/2020,0101,PPP,"CASWELL MECHANICAL, INC.",24 Graf Road,NEWBURYPORT,MA,01950,02/11/2021,Paid in Full,24,100,538000,507900,0,,33175,Institution for Savings In Newburyport and its Vicinity,93 State St,NEWBURYPORT,MA,01950-6618,U,N,N,Existing or more than 2 years old,NEWBURYPORT,ESSEX,MA,01950-0001,MA-06,43,238220,Unanswered,Not Hispanic or Latino,42325,380925,,42325,,42325,,Corporation,33175,Institution for Savings In Newburyport and its Vicinity,NEWBURYPORT,MA,Male Owned,Non-Veteran,,511837.96,01/25/2021
9177717002,04/09/2020,0101,PPP,INLINE MECHANICAL LLC,226 LOWELL ST,WILMINGTON,MA,01887-3062,03/10/2021,Paid in Full,24,100,505900,505900,0,,46391,Manufacturers and Traders Trust Company,"One M & T Plaza, 15th Fl",BUFFALO,NY,14203,U,N,N,Existing or more than 2 years old,WILMINGTON,MIDDLESEX,MA,01887-3062,MA-06,28,238220,Unanswered,Unknown/NotStated,,505900,,,,,,Limited  Liability Company(LLC),15793,Manufacturers and Traders Trust Company,Bridgeport,CT,Unanswered,Unanswered,,509822.46,02/09/2021
5142197700,05/01/2020,0101,PPP,"NICHOLSON PLUMBING, HEATING &AMP; AIR CONDIT",71 WHITNEY ST,HOLLISTON,MA,01746-2010,12/17/2021,Paid in Full,24,100,498887,505139,0,,9551,"Bank of America, National Association","100 N Tryon St, Ste 170",CHARLOTTE,NC,28202-4024,U,N,N,New Business or 2 years or less,HOLLISTON,MIDDLESEX,MA,01746-2010,MA-02,33,238220,Unanswered,Unknown/NotStated,,505139,,,,,,Corporation,9551,"Bank of America, National Association",CHARLOTTE,NC,Unanswered,Unanswered,,512695.33,11/04/2021
6369057006,04/06/2020,0101,PPP,"POWDERLY & SONS PLUMBING & HEATING, INC",572 BOSTON RD #12,BILLERICA,MA,01821-3738,06/10/2021,Paid in Full,24,100,503900,503900,0,,33494,Northern Bank and Trust Company,"275 Mishawum Rd, Ste 100",WOBURN,MA,01801-8804,U,N,N,Existing or more than 2 years old,BILLERICA,MIDDLESEX,MA,01821-3738,MA-06,41,238220,Unanswered,Unknown/NotStated,,503900,,,,,,Corporation,33494,Northern Bank and Trust Company,WOBURN,MA,Unanswered,Unanswered,,508757.04,03/31/2021
1213477102,04/10/2020,0101,PPP,"CGR MECHANICAL, INC.",89 BELMONT ST,NORTH ANDOVER,MA,01845-2304,08/06/2021,Paid in Full,24,100,501700,501700,0,,33304,Salem Five Cents Savings Bank,210 Essex St,SALEM,MA,01970-3705,U,N,Y,Existing or more than 2 years old,NORTH ANDOVER,ESSEX,MA,01845-2304,MA-06,56,238220,Unanswered,Unknown/NotStated,,501700,,,,,,Subchapter S Corporation,33304,Salem Five Cents Savings Bank,SALEM,MA,Unanswered,Unanswered,,434612.71,03/11/2021
8109508902,05/11/2021,0101,PPS,US AIR CONDITIONING HEAT,1126 Main St,Weymouth,MA,02190-1511,02/11/2022,Paid in Full,60,100,499115,499115,0,,32987,Eastern Bank,"Oliver Street Tower, 125, High St, Ste 901",Boston,MA,02110,U,N,N,Existing or more than 2 years old,Weymouth,NORFOLK,MA,02190-1511,MA-08,18,238220,White,Not Hispanic or Latino,1,499111,,,,,,Corporation,32987,Eastern Bank,Boston,MA,Male Owned,Non-Veteran,,502650.4,01/25/2022
8965007008,04/09/2020,0101,PPP,"RUSTY'S, INC.",222 Mid-Tech Drive,WEST YARMOUTH,MA,02673-2580,03/04/2021,Paid in Full,24,100,494700,494700,0,,89212,The Cooperative Bank of Cape Cod,25 Benjamin Franklin Way,HYANNIS,MA,02601-8140,U,N,N,Existing or more than 2 years old,WEST YARMOUTH,BARNSTABLE,MA,02673-2580,MA-09,35,238220,Unanswered,Unknown/NotStated,,494700,,,,,,Corporation,89212,The Cooperative Bank of Cape Cod,HYANNIS,MA,Male Owned,Unanswered,,498740.05,02/09/2021
5007148308,01/23/2021,0101,PPS,COMPLETE COMFORT SYSTEMS INC.,230 Essex St,Haverhill,MA,01832-5539,12/10/2021,Paid in Full,60,100,494042,494042,0,,32855,Pentucket Bank,1 Merrimack St,HAVERHILL,MA,01830-6231,U,Y,Y,Existing or more than 2 years old,Haverhill,ESSEX,MA,01832-5539,MA-03,43,238220,Unanswered,Not Hispanic or Latino,,494042,,,,,,Corporation,32855,Pentucket Bank,HAVERHILL,MA,Male Owned,Unanswered,,497857.1,11/03/2021
3976138403,02/05/2021,0101,PPS,CASWELL MECHANICAL INC.,24 Graf Rd,Newburyport,MA,01950-4015,11/11/2021,Paid in Full,60,100,486600,486600,0,,33175,Institution for Savings In Newburyport and its Vicinity,93 State St,NEWBURYPORT,MA,01950-6618,U,N,N,Existing or more than 2 years old,Newburyport,ESSEX,MA,01950-4015,MA-06,36,238220,Unanswered,Not Hispanic or Latino,1,486594,,,,,,Corporation,33175,Institution for Savings In Newburyport and its Vicinity,NEWBURYPORT,MA,Male Owned,Non-Veteran,,489972.87,10/20/2021
6260327000,04/06/2020,0101,PPP,COMMONWEALTH HOME SERVICES INC,59 MITCHELL RD,IPSWICH,MA,01938-1257,03/04/2021,Paid in Full,24,100,485900,485900,0,,112598,Enterprise Bank and Trust Company,222 Merrimack St,LOWELL,MA,01852-5913,U,N,N,Existing or more than 2 years old,IPSWICH,ESSEX,MA,01938-1257,MA-06,30,238220,Unanswered,Unknown/NotStated,4000,391300,,19000,,71600,,Subchapter S Corporation,112598,Enterprise Bank and Trust Company,LOWELL,MA,Unanswered,Unanswered,,489854.69,02/04/2021
4692837103,04/13/2020,0101,PPP,"COOLING & HEATING SPECIALISTS, INC.",151 CALIFORNIA STREET,NEWTON,MA,02458-1023,06/04/2021,Paid in Full,24,100,484500,484500,0,,33377,UniBank for Savings,49 Church St,WHITINSVILLE,MA,01588-1415,U,N,N,Existing or more than 2 years old,NEWTON,MIDDLESEX,MA,02458-1023,MA-04,16,238220,White,Not Hispanic or Latino,,484500,,,,,,Corporation,33377,UniBank for Savings,WHITINSVILLE,MA,Male Owned,Non-Veteran,,489802.58,05/21/2021
5815267006,04/06/2020,0101,PPP,"WALTER SMITH PLUMBING & HEATING, INC.",8 Weeks Lane,EDGARTOWN,MA,02539-6703,09/23/2021,Paid in Full,24,100,481452,481452,0,,32844,The Cape Cod Five Cents Savings Bank,1500 Iyannough Rd,HYANNIS,MA,02601,R,Y,N,Existing or more than 2 years old,EDGARTOWN,DUKES,MA,02539-6703,MA-09,23,238220,Unanswered,Unknown/NotStated,,481452,,,,,,Subchapter S Corporation,32844,The Cape Cod Five Cents Savings Bank,HYANNIS,MA,Male Owned,Unanswered,,487710.88,08/06/2021
3754967109,04/12/2020,0101,PPP,ROYAL STEAM HEATER CO,499 MAIN ST,GARDNER,MA,01440-3020,08/21/2021,Paid in Full,24,100,480277,480277,0,,29805,"TD Bank, National Association",2035 Limestone Rd,WILMINGTON,DE,19808-5529,U,Y,Y,Existing or more than 2 years old,GARDNER,WORCESTER,MA,01440-3020,MA-03,26,238220,Unanswered,Unknown/NotStated,,480277,,,,,,Corporation,29805,"TD Bank, National Association",WILMINGTON,DE,Unanswered,Unanswered,,486440.55,07/28/2021
2435488308,01/20/2021,0130,PPS,BOULANGER'S PLUMBING & HEATING INC.,373 Main St,Easthampton,MA,01027-1961,11/11/2021,Paid in Full,60,100,479432,479432,0,,32766,bankESB,36 Main St,EASTHAMPTON,MA,01027-2050,U,N,N,Existing or more than 2 years old,Easthampton,HAMPSHIRE,MA,01027-1961,MA-01,42,238220,White,Not Hispanic or Latino,1,479429,,,,,,Corporation,32766,bankESB,EASTHAMPTON,MA,Male Owned,Veteran,,482965.35,10/22/2021
2013007101,04/10/2020,0130,PPP,"FOUR SEASONS HEATING & COOLING, INC.",134 East Housatonic Street,DALTON,MA,01226-1928,09/15/2021,Paid in Full,24,100,545100,479400,0,,33209,Berkshire Bank,99 North St,PITTSFIELD,MA,01201-5114,R,N,N,Unanswered,DALTON,BERKSHIRE,MA,01226-1928,MA-01,36,238220,Unanswered,Unknown/NotStated,,479400,,,,,,Corporation,33209,Berkshire Bank,PITTSFIELD,MA,Unanswered,Unanswered,,485271.01,08/05/2021
5376167008,04/05/2020,0101,PPP,BOSTON STANDARD PLUMBING & HEATING INCORPORATED,41 Hollingsworth Street,Mattapan,MA,02186,01/21/2021,Paid in Full,24,100,477775,477775,0,,32784,BayCoast Bank,330 Swansea Mall Dr,SWANSEA,MA,02777-4112,U,N,Y,Existing or more than 2 years old,Mattapan,NORFOLK,MA,02186-0001,MA-08,47,238220,Unanswered,Unknown/NotStated,,477775,,,,,,Corporation,32784,BayCoast Bank,SWANSEA,MA,Male Owned,Non-Veteran,,480960.17,12/17/2020
7089628802,04/21/2021,0101,PPS,N&T MECHANICAL CONTRACTORS INC,417 Bolton Rd,Lancaster,MA,01523-2339,12/18/2021,Paid in Full,60,100,471555.37,471555.37,0,,33042,Main Street Bank,81 Granger Blvd,MARLBOROUGH,MA,01752-2851,U,N,N,Existing or more than 2 years old,Lancaster,WORCESTER,MA,01523-2339,MA-03,25,238220,Unanswered,Not Hispanic or Latino,,471555.37,,,,,,Corporation,33042,Main Street Bank,MARLBOROUGH,MA,Male Owned,Veteran,,474139.24,11/09/2021
1017157201,04/15/2020,0101,PPP,PREFERRED AIR INC,424 B BOSTON STREET,Topsfield,MA,01983,05/20/2021,Paid in Full,24,100,463000,463000,0,,434162,"Citizens Bank, National Association",1 Citizens Plaza,PROVIDENCE,RI,02903-1344,U,N,N,Existing or more than 2 years old,Topsfield,ESSEX,MA,01983-0001,MA-06,30,238220,Unanswered,Unknown/NotStated,,463000,,,,,,Subchapter S Corporation,434162,"Citizens Bank, National Association",PROVIDENCE,RI,Unanswered,Unanswered,,467591.95,04/22/2021
7815867008,04/08/2020,0101,PPP,GLIONNA PLUMBING AND HEATING,31 STAAF RD,SAUGUS,MA,01906-4366,09/25/2021,Paid in Full,24,100,461542,461500,0,,32987,Eastern Bank,"Oliver Street Tower, 125, High St, Ste 901",Boston,MA,02110,U,N,N,Existing or more than 2 years old,SAUGUS,ESSEX,MA,01906-4366,MA-06,17,238220,Unanswered,Unknown/NotStated,,461500,,,,,,Corporation,32987,Eastern Bank,Boston,MA,Unanswered,Veteran,,467512.32,08/02/2021
1496528502,02/19/2021,0101,PPS,METRO-SWIFT SPRINKLER CORP,58 R PULASKI STREET,PEABODY,MA,01960,11/09/2021,Paid in Full,60,100,457667,457667,0,,33263,Rockland Trust Company,288 Union St,ROCKLAND,MA,02370-1803,U,N,N,Existing or more than 2 years old,PEABODY,ESSEX,MA,01960,MA-06,33,238220,Unanswered,Not Hispanic or Latino,,457667,,,,,,Corporation,31172,Rockland Trust Company,East Boston,MA,Male Owned,Unanswered,,460781.68,10/29/2021
9511317203,04/28/2020,0101,PPP,METRO-SWIFT SPRINKLER CORP.,58 R Pulaski Street,PEABODY,MA,01960-1800,04/08/2021,Paid in Full,24,100,457667,457667,0,,33263,Rockland Trust Company,288 Union St,ROCKLAND,MA,02370-1803,U,N,N,Existing or more than 2 years old,PEABODY,ESSEX,MA,01960-1800,MA-06,38,238220,Unanswered,Not Hispanic or Latino,,457667,,,,,,Corporation,31172,Rockland Trust Company,East Boston,MA,Male Owned,Unanswered,,461608.02,03/11/2021
4659597003,04/04/2020,0101,PPP,"WILSON BROTHERS, HVAC, INC.",35 Lowell Road,PEPPERELL,MA,01463-1704,04/20/2021,Paid in Full,24,100,456700,456700,0,,33042,Main Street Bank,81 Granger Blvd,MARLBOROUGH,MA,01752-2851,U,N,Y,Existing or more than 2 years old,PEPPERELL,MIDDLESEX,MA,01463-1704,MA-03,33,238220,White,Not Hispanic or Latino,,456700,,,,,,Corporation,33042,Main Street Bank,MARLBOROUGH,MA,Male Owned,Non-Veteran,,460979.22,03/31/2021
5780968609,03/20/2021,0130,PPS,MCCORMICK-ALLUM CO. INC.,165 Stafford St,Springfield,MA,01104-3503,12/07/2021,Paid in Full,60,100,456249.07,456249.07,0,,32766,bankESB,36 Main St,EASTHAMPTON,MA,01027-2050,U,Y,Y,Existing or more than 2 years old,Springfield,HAMPDEN,MA,01104-3503,MA-01,28,238220,Unanswered,Unknown/NotStated,,456248.07,,,,,,Corporation,32766,bankESB,EASTHAMPTON,MA,Male Owned,Unanswered,,459224.06,11/22/2021
8854578400,02/14/2021,0101,PPS,CAPAVI-USA INC,271 Salem St Ste K,Woburn,MA,01801-2004,09/15/2021,Paid in Full,60,100,455500,455500,0,,112598,Enterprise Bank and Trust Company,222 Merrimack St,LOWELL,MA,01852-5913,U,N,N,Existing or more than 2 years old,Woburn,MIDDLESEX,MA,01801-2004,MA-05,20,238220,White,Not Hispanic or Latino,1,455495,,,,,,Corporation,112598,Enterprise Bank and Trust Company,LOWELL,MA,Male Owned,Non-Veteran,,457587.71,08/04/2021
4608547010,04/04/2020,0101,PPP,COMPLETE COMFORT SYSTEMS INC,230 ESSEX ST,HAVERHILL,MA,01832-5539,01/13/2021,Paid in Full,24,100,449900,449900,0,,32855,Pentucket Bank,1 Merrimack St,HAVERHILL,MA,01830-6231,U,Y,Y,Existing or more than 2 years old,HAVERHILL,ESSEX,MA,01832-5539,MA-03,40,238220,Unanswered,Not Hispanic or Latino,,449900,,,,,,Corporation,32855,Pentucket Bank,HAVERHILL,MA,Male Owned,Unanswered,,452696.61,02/12/2021
4966598304,01/23/2021,0130,PPS,MORAN SHEET METAL INC.,613 Meadow St,Agawam,MA,01001,02/04/2022,Paid in Full,60,100,447895,447895,0,,32869,PeoplesBank,330 Whitney Ave,HOLYOKE,MA,01040-2751,U,N,N,Existing or more than 2 years old,Agawam,HAMPDEN,MA,01001,MA-01,16,238220,Unanswered,Not Hispanic or Latino,,447895,,,,,,Corporation,32869,PeoplesBank,HOLYOKE,MA,Unanswered,Unanswered,,452398.49,01/28/2022
4694137109,04/13/2020,0101,PPP,UPTACK PLUMBING & HEATING INC.,32 ROCHAMBAULT ST,HAVERHILL,MA,01832-1941,12/16/2020,Paid in Full,24,100,444727.5,444727.5,0,,89268,Haverhill Bank,180 Merrimack St,HAVERHILL,MA,01830-6128,U,N,N,Existing or more than 2 years old,HAVERHILL,ESSEX,MA,01832-1941,MA-03,32,238220,Unanswered,Unknown/NotStated,,444727.5,,,,,,Subchapter S Corporation,89268,Haverhill Bank,HAVERHILL,MA,Unanswered,Unanswered,,447544.11,12/08/2020
4496707004,04/03/2020,0101,PPP,"A. DUQUETTE & SON, INC.",104 Blackstone River Road,WORCESTER,MA,01607-1488,11/11/2020,Paid in Full,24,100,441000,441000,0,,33428,Webster Five Cents Savings Bank,136 Thompson Rd,WEBSTER,MA,01570-1416,U,N,N,Existing or more than 2 years old,WORCESTER,WORCESTER,MA,01607-1488,MA-02,26,238220,White,Not Hispanic or Latino,,441000,,,,,,Subchapter S Corporation,33428,Webster Five Cents Savings Bank,WEBSTER,MA,Male Owned,Unanswered,,443486.75,11/03/2020
7627418502,03/06/2021,0101,PPS,THOMAS E. SNOWDEN INC.,189 Central St,Saugus,MA,01906-2106,01/13/2022,Paid in Full,60,100,439957,439957,0,,32987,Eastern Bank,"Oliver Street Tower, 125, High St, Ste 901",Boston,MA,02110,U,N,N,Existing or more than 2 years old,Saugus,ESSEX,MA,01906-2106,MA-06,18,238220,Unanswered,Unknown/NotStated,1,439951,,,,,,Corporation,32987,Eastern Bank,Boston,MA,Unanswered,Unanswered,,443268.9,12/07/2021
1809568701,03/27/2021,0101,PPS,PREMIER MECHANICAL LLC,220 Commercial St,Boston,MA,02109-1309,11/20/2021,Paid in Full,60,100,439900,439900,0,,434162,"Citizens Bank, National Association",1 Citizens Plaza,PROVIDENCE,RI,02903-1344,U,N,N,Existing or more than 2 years old,Boston,SUFFOLK,MA,02109-1309,MA-08,19,238220,Unanswered,Unknown/NotStated,1,439898,,,,,,Subchapter S Corporation,434162,"Citizens Bank, National Association",PROVIDENCE,RI,Male Owned,Unanswered,,442334.52,10/20/2021
2639817208,04/16/2020,0101,PPP,PREMIER MECHANICAL LLC,220 Commercial Street,Boston,MA,02109,03/23/2021,Paid in Full,24,100,439900,439900,0,,434162,"Citizens Bank, National Association",1 Citizens Plaza,PROVIDENCE,RI,02903-1344,U,N,Y,Existing or more than 2 years old,Boston,SUFFOLK,MA,02109-1000,MA-08,19,238220,Unanswered,Unknown/NotStated,,439900,,,,,,Subchapter S Corporation,434162,"Citizens Bank, National Association",PROVIDENCE,RI,Male Owned,Unanswered,,443599.98,02/25/2021
2858177108,04/11/2020,0101,PPP,"AIR CONTROL SYSTEMS, INC.",19 RANTOULE ST,SOUTH WEYMOUTH,MA,02190-1143,02/20/2021,Paid in Full,24,100,386149,439681,0,,121536,Customers Bank,40 General Warren Blvd,Malvern,PA,19355,U,N,N,Existing or more than 2 years old,SOUTH WEYMOUTH,NORFOLK,MA,02190-1143,MA-08,39,238220,Unanswered,Not Hispanic or Latino,,439681,,,,,,Corporation,121536,Customers Bank,Malvern,PA,Male Owned,Non-Veteran,,442957.53,01/14/2021
7711377009,04/08/2020,0101,PPP,SS SERVICE CORP,30 ROBERT W BOYDEN RD,TAUNTON,MA,02780-7820,08/06/2021,Paid in Full,24,100,432100,432100,0,,98258,HarborOne Bank,770 Oak St,BROCKTON,MA,02301-1100,U,N,N,Existing or more than 2 years old,TAUNTON,BRISTOL,MA,02780-7820,MA-04,38,238220,Unanswered,Unknown/NotStated,,432100,,,,,,Corporation,98258,HarborOne Bank,BROCKTON,MA,Unanswered,Unanswered,,437119.46,06/15/2021
4464167003,04/03/2020,0101,PPP,N. & T. MECHANICAL CONTRACTORS,417 Bolton Road,LANCASTER,MA,01523-2291,04/21/2021,Paid in Full,24,100,490000,425800,0,,33042,Main Street Bank,81 Granger Blvd,MARLBOROUGH,MA,01752-2851,U,N,N,Existing or more than 2 years old,LANCASTER,WORCESTER,MA,01523-2291,MA-03,20,238220,Unanswered,Unknown/NotStated,,400000,,,,25800,,Corporation,33042,Main Street Bank,MARLBOROUGH,MA,Male Owned,Veteran,,429533.04,03/03/2021
5584917209,04/27/2020,0101,PPP,K REGAN MECHANICAL INC,10 FEDERAL ST,SALEM,MA,01970-4080,06/04/2021,Paid in Full,24,100,422800,422800,0,,112598,Enterprise Bank and Trust Company,222 Merrimack St,LOWELL,MA,01852-5913,U,N,N,Existing or more than 2 years old,SALEM,ESSEX,MA,01970-4080,MA-06,33,238220,Unanswered,Unknown/NotStated,500,400000,,4600,,17700,,Corporation,112598,Enterprise Bank and Trust Company,LOWELL,MA,Unanswered,Unanswered,,427298.12,05/20/2021
8830808305,01/30/2021,0101,PPS,ADDARIO INCORPORATED,2J Gill St,Woburn,MA,01801-1721,04/20/2022,Paid in Full,60,100,422572,422572,0,,32987,Eastern Bank,"Oliver Street Tower, 125, High St, Ste 901",Boston,MA,02110,U,N,N,Existing or more than 2 years old,Woburn,MIDDLESEX,MA,01801-1721,MA-05,42,238220,Unanswered,Not Hispanic or Latino,1,422567,,,,,,Corporation,32987,Eastern Bank,Boston,MA,Male Owned,Unanswered,,427126.39,02/25/2022
8692637002,04/08/2020,0101,PPP,MARTEL HVAC CORP,58 Union Street,ASHLAND,MA,01721-1744,12/17/2020,Paid in Full,24,100,418000,418000,0,,32883,Avidia Bank,42 Main St,HUDSON,MA,01749-2123,U,N,N,Existing or more than 2 years old,ASHLAND,MIDDLESEX,MA,01721-1744,MA-02,37,238220,Unanswered,Unknown/NotStated,,418000,,,,,,Corporation,32883,Avidia Bank,HUDSON,MA,Unanswered,Unanswered,,420310.61,11/03/2020
5996538303,01/26/2021,0101,PPS,INTERSTATE MECHANICAL SERVUCES INC,292 Page St,Stoughton,MA,02072-1136,08/05/2022,Paid in Full,60,100,450100,414300,0,,262380,"Leader Bank, National Association",180 Massachusetts Ave,ARLINGTON,MA,02474-8448,U,N,N,Existing or more than 2 years old,Stoughton,NORFOLK,MA,02072-1136,MA-08,16,238220,Unanswered,Unknown/NotStated,,414300,,,,,,Corporation,262380,"Leader Bank, National Association",ARLINGTON,MA,Unanswered,Unanswered,,420236.41,07/14/2022
4747947001,04/04/2020,0101,PPP,GRAY COMPANY,28 Nashua Road Unit C,NORTH BILLERICA,MA,01862-2071,02/25/2021,Paid in Full,24,100,410000,410000,0,,32962,The Lowell Five Cent Savings Bank,"30, International Place",Tewksbury,MA,01876,U,N,N,Existing or more than 2 years old,NORTH BILLERICA,MIDDLESEX,MA,01862-2071,MA-03,39,238220,White,Unknown/NotStated,5000,388000,,12000,,5000,,Corporation,32962,The Lowell Five Cent Savings Bank,Tewksbury,MA,Male Owned,Non-Veteran,,412987.95,01/07/2021
2552688504,02/20/2021,0101,PPS,AIR CONTROL SYSTEMS INC.,19 Rantoule St N/A,Weymouth,MA,02190-1143,03/25/2022,Paid in Full,60,100,408518,408518,0,,121536,Customers Bank,40 General Warren Blvd,Malvern,PA,19355,U,Y,N,Existing or more than 2 years old,Weymouth,NORFOLK,MA,02190-1143,MA-08,35,238220,Unanswered,Not Hispanic or Latino,,408517,,,,,,Corporation,121536,Customers Bank,Malvern,PA,Male Owned,Non-Veteran,,412166.68,03/02/2022
6587977009,04/07/2020,0101,PPP,BOSTON AIR CORP.,1595 CENTRAL ST Unit #3,STOUGHTON,MA,02072-1686,02/07/2022,Paid in Full,24,100,405600,405600,0,,33371,Bristol County Savings Bank,29 Broadway,TAUNTON,MA,02780-3269,U,Y,N,Existing or more than 2 years old,STOUGHTON,NORFOLK,MA,02072-1686,MA-08,47,238220,Unanswered,Unknown/NotStated,40600,325000,,40000,,,,Corporation,33371,Bristol County Savings Bank,TAUNTON,MA,Unanswered,Unanswered,,408281.47,12/14/2020
6207137101,04/14/2020,0101,PPP,PHOENIX MECHANICAL CONTRACTING INC,197 W CENTRAL ST,NATICK,MA,01760-3737,07/22/2021,Paid in Full,24,100,404752,404752,0,,29805,"TD Bank, National Association",2035 Limestone Rd,WILMINGTON,DE,19808-5529,U,N,N,Unanswered,NATICK,MIDDLESEX,MA,01760-3737,MA-05,3,238220,Unanswered,Unknown/NotStated,,404752,,,,,,Subchapter S Corporation,29805,"TD Bank, National Association",WILMINGTON,DE,Male Owned,Unanswered,,409406.65,06/11/2021
5006207010,04/04/2020,0101,PPP,DENOMMEE PLUMBING & HEATING INC,21 Westech Drive,TYNGSBORO,MA,01879-2720,01/07/2021,Paid in Full,24,100,402000,402000,0,,112598,Enterprise Bank and Trust Company,222 Merrimack St,LOWELL,MA,01852-5913,U,N,N,Existing or more than 2 years old,TYNGSBORO,MIDDLESEX,MA,01879-2720,MA-03,32,238220,Unanswered,Unknown/NotStated,2500,383000,,10000,,6500,,Corporation,112598,Enterprise Bank and Trust Company,LOWELL,MA,Unanswered,Unanswered,,404601.83,12/04/2020
4089277107,04/12/2020,0101,PPP,ADDARIO INCORPORATED,2 GILL ST Suite J,WOBURN,MA,01801-1721,05/12/2021,Paid in Full,24,100,400000,400000,0,,32987,Eastern Bank,"Oliver Street Tower, 125, High St, Ste 901",Boston,MA,02110,U,N,N,Existing or more than 2 years old,WOBURN,MIDDLESEX,MA,01801-1721,MA-05,38,238220,Unanswered,Not Hispanic or Latino,,400000,,,,,,Corporation,32987,Eastern Bank,Boston,MA,Male Owned,Unanswered,,403822.22,04/05/2021
1698497105,04/10/2020,0101,PPP,"THOMAS E. SNOWDEN, INC.",189 CENTRAL ST,SAUGUS,MA,01906-2106,04/13/2021,Paid in Full,24,100,399727.5,399727.5,0,,32987,Eastern Bank,"Oliver Street Tower, 125, High St, Ste 901",Boston,MA,02110,U,N,N,Existing or more than 2 years old,SAUGUS,ESSEX,MA,01906-2106,MA-06,19,238220,Unanswered,Unknown/NotStated,,399727.5,,,,,,Corporation,32987,Eastern Bank,Boston,MA,Unanswered,Unanswered,,403469.39,03/26/2021
7110817102,04/14/2020,0101,PPP,"PREFERRED CONTRACTORS, INC.",223 Center St,PEMBROKE,MA,02359,04/10/2021,Paid in Full,24,100,399552,399552,0,,33263,Rockland Trust Company,288 Union St,ROCKLAND,MA,02370-1803,U,N,N,Existing or more than 2 years old,PEMBROKE,PLYMOUTH,MA,02359-0001,MA-09,29,238220,Unanswered,Unknown/NotStated,,399552,,,,,,Corporation,33263,Rockland Trust Company,ROCKLAND,MA,Unanswered,Unanswered,,403048.08,03/08/2021
2609448700,03/30/2021,0101,PPS,MACDOUGALL PLUMBING & MECHANICAL LLC,406 Libbey Industrial Pkwy # 0,East Weymouth,MA,02189-3134,01/22/2022,Paid in Full,60,100,399315,399315,0,,33263,Rockland Trust Company,288 Union St,ROCKLAND,MA,02370-1803,U,N,Y,Existing or more than 2 years old,East Weymouth,NORFOLK,MA,02189-3134,MA-08,27,238220,White,Not Hispanic or Latino,,399314,,,,,,Corporation,33263,Rockland Trust Company,ROCKLAND,MA,Male Owned,Non-Veteran,,402165.67,12/14/2021
7379057004,04/07/2020,0101,PPP,INDEPENDENT MECHANICAL CONTRACTORS INC.,21 G OLYMPIA AVE,WOBURN,MA,01801-6307,06/19/2021,Paid in Full,24,100,399200,399200,0,,32730,East Cambridge Savings Bank,292 Cambridge St,CAMBRIDGE,MA,02141-1203,U,N,N,Existing or more than 2 years old,WOBURN,MIDDLESEX,MA,01801-6307,MA-05,13,238220,White,Not Hispanic or Latino,,399200,,,,,,Corporation,32730,East Cambridge Savings Bank,CAMBRIDGE,MA,Female Owned,Non-Veteran,,403552.92,05/21/2021
7933827204,04/28/2020,0101,PPP,LAMCO SYSTEMS INC,4 CUMMINGS RD,TYNGSBORO,MA,01879-1406,09/15/2021,Paid in Full,24,100,397200,397200,0,,112598,Enterprise Bank and Trust Company,222 Merrimack St,LOWELL,MA,01852-5913,U,N,N,Existing or more than 2 years old,TYNGSBORO,MIDDLESEX,MA,01879-1406,MA-03,33,238220,Unanswered,Unknown/NotStated,,397200,,,,,,Subchapter S Corporation,112598,Enterprise Bank and Trust Company,LOWELL,MA,Unanswered,Unanswered,,402220.17,08/04/2021
3927788501,02/24/2021,0101,PPS,BEST AUTOMATIC SPRINKLER CORP,77 Elm St # 0,Braintree,MA,02184-3239,01/22/2022,Paid in Full,60,100,397130,397130,0,,33263,Rockland Trust Company,288 Union St,ROCKLAND,MA,02370-1803,U,N,N,Existing or more than 2 years old,Braintree,NORFOLK,MA,02184-3239,MA-08,22,238220,Unanswered,Unknown/NotStated,,397130,,,,,,Corporation,33263,Rockland Trust Company,ROCKLAND,MA,Unanswered,Unanswered,,400417.35,12/21/2021
7754358402,02/12/2021,0101,PPS,K. REGAN MECHANICAL INC.,10 Federal St Ste 408,Salem,MA,01970-4080,10/06/2021,Paid in Full,60,100,397000,397000,0,,112598,Enterprise Bank and Trust Company,222 Merrimack St,LOWELL,MA,01852-5913,U,N,N,Existing or more than 2 years old,Salem,ESSEX,MA,01970-4080,MA-06,31,238220,Unanswered,Unknown/NotStated,1,396998,,,,,,Corporation,112598,Enterprise Bank and Trust Company,LOWELL,MA,Unanswered,Unanswered,,399448.17,09/28/2021
8287498403,02/13/2021,0101,PPS,LYNCO FIRE PROTECTION INC,19 Grant Ave,Burlington,MA,01803-2123,03/22/2022,Paid in Full,60,100,396475,396475,0,,33494,Northern Bank and Trust Company,"275 Mishawum Rd, Ste 100",WOBURN,MA,01801-8804,U,N,N,Existing or more than 2 years old,Burlington,MIDDLESEX,MA,01803-2123,MA-06,28,238220,White,Unknown/NotStated,1,396473,,,,,,Corporation,33494,Northern Bank and Trust Company,WOBURN,MA,Male Owned,Non-Veteran,,400219.49,01/31/2022
9060017109,04/15/2020,0101,PPP,"MACDOUGALL PLUMBING & MECHANICAL, LLC",406 Libbey Industrial Parkway,EAST WEYMOUTH,MA,02189-3106,05/08/2021,Paid in Full,24,100,393134.32,393134.32,0,,33263,Rockland Trust Company,288 Union St,ROCKLAND,MA,02370-1803,U,N,N,Existing or more than 2 years old,EAST WEYMOUTH,NORFOLK,MA,02189-3106,MA-08,30,238220,White,Not Hispanic or Latino,,393134.32,,,,,,Corporation,33263,Rockland Trust Company,ROCKLAND,MA,Male Owned,Non-Veteran,,396847.26,03/31/2021
9904048507,03/12/2021,0101,PPS,CORRECT TEMP INC,268 Hampstead St,Methuen,MA,01844-1250,12/21/2021,Paid in Full,60,100,392452,392452,0,,29805,"TD Bank, National Association",2035 Limestone Rd,WILMINGTON,DE,19808-5529,U,N,N,Existing or more than 2 years old,Methuen,ESSEX,MA,01844-1250,MA-03,26,238220,Unanswered,Unknown/NotStated,1,392448,,,,,,Corporation,29805,"TD Bank, National Association",WILMINGTON,DE,Male Owned,Non-Veteran,,395057.45,11/12/2021
2772967108,04/11/2020,0101,PPP,"DILLON BOILER SERVICES CO., INC.",380 CRAWFORD ST,FITCHBURG,MA,01420-6806,07/22/2021,Paid in Full,24,100,390000,390000,0,,29805,"TD Bank, National Association",2035 Limestone Rd,WILMINGTON,DE,19808-5529,U,Y,Y,Existing or more than 2 years old,FITCHBURG,WORCESTER,MA,01420-6806,MA-03,20,238220,Unanswered,Unknown/NotStated,,390000,,,,,,Corporation,29805,"TD Bank, National Association",WILMINGTON,DE,Unanswered,Unanswered,,394333.33,05/28/2021
4983157100,04/13/2020,0101,PPP,BEST AUTOMATIC SPRINKLER CORP.,77 Elm Street,Braintree,MA,02184-3239,04/10/2021,Paid in Full,24,100,388400,388400,0,,33263,Rockland Trust Company,288 Union St,ROCKLAND,MA,02370-1803,U,N,N,Existing or more than 2 years old,Braintree,NORFOLK,MA,02184-3239,MA-08,23,238220,Unanswered,Unknown/NotStated,,388400,,,,,,Corporation,33263,Rockland Trust Company,ROCKLAND,MA,Unanswered,Unanswered,,391820.08,03/08/2021
6592097304,04/30/2020,0101,PPP,"HARDING & SMITH, LLC",200 MAIN ST,WALPOLE,MA,02081-1426,12/24/2020,Paid in Full,24,100,385550,385550,0,,33108,Middlesex Savings Bank,6 Main St,NATICK,MA,01760-4506,U,N,N,Existing or more than 2 years old,WALPOLE,NORFOLK,MA,02081-1426,MA-08,17,238220,Unanswered,Unknown/NotStated,6000,370000,9550,,,,,Limited  Liability Company(LLC),33108,Middlesex Savings Bank,NATICK,MA,Unanswered,Unanswered,,387713.36,11/23/2020
7361837200,04/28/2020,0101,PPP,"BDL HEATING & COOLING, INC.",90 GEORGE LEVEN DR,NORTH ATTLEBORO,MA,02760-6430,02/07/2022,Paid in Full,24,100,385100,385100,0,,33371,Bristol County Savings Bank,29 Broadway,TAUNTON,MA,02780-3269,U,N,N,Existing or more than 2 years old,NORTH ATTLEBORO,BRISTOL,MA,02760-6430,MA-04,34,238220,Unanswered,Unknown/NotStated,38471,308158,,38471,,,,Subchapter S Corporation,33371,Bristol County Savings Bank,TAUNTON,MA,Unanswered,Unanswered,,387506.88,12/16/2020
4802817001,04/04/2020,0101,PPP,"EAGLE SPRINKLER FIRE AND PROTECTION, INC.",781 main street,WHITINSVILLE,MA,01588-1705,09/01/2021,Paid in Full,24,100,383900,383900,0,,33377,UniBank for Savings,49 Church St,WHITINSVILLE,MA,01588-1415,U,N,N,Existing or more than 2 years old,WHITINSVILLE,WORCESTER,MA,01588-1705,MA-02,29,238220,White,Not Hispanic or Latino,,383900,,,,,,Corporation,33377,UniBank for Savings,WHITINSVILLE,MA,Female Owned,Non-Veteran,,386235.39,11/19/2020
2010297101,04/10/2020,0101,PPP,ADVANCE AIR & HEAT COMPANY INC,177 BULLOCK RD,EAST FREETOWN,MA,02717-1419,02/04/2022,Paid in Full,24,100,383200,383200,0,,33371,Bristol County Savings Bank,29 Broadway,TAUNTON,MA,02780-3269,U,N,N,Existing or more than 2 years old,EAST FREETOWN,BRISTOL,MA,02717-1419,MA-04,27,238220,Unanswered,Unknown/NotStated,25533.34,306600,,25533.33,,,25533.33,Corporation,33371,Bristol County Savings Bank,TAUNTON,MA,Male Owned,Non-Veteran,,386042.07,01/13/2021
6307148304,01/26/2021,0101,PPS,NELSON MECHANICAL DESIGN INC.,455 State Rd,Vineyard Haven,MA,02568-5695,08/19/2021,Paid in Full,60,100,377200,377200,0,,32770,Martha's Vineyard Bank,78 Main St,EDGARTOWN,MA,02539,R,Y,Y,Existing or more than 2 years old,Vineyard Haven,DUKES,MA,02568-5695,MA-09,23,238220,Unanswered,Not Hispanic or Latino,1,377196,,,,,,Corporation,32770,Martha's Vineyard Bank,EDGARTOWN,MA,Male Owned,Non-Veteran,,379153.17,08/06/2021
2050287103,04/10/2020,0101,PPP,CHAVES HEATING & AIR CONDITIONING INC,15 BONAZZOLI AVE,HUDSON,MA,01749-2850,08/17/2021,Paid in Full,24,100,376000,376000,0,,32883,Avidia Bank,42 Main St,HUDSON,MA,01749-2123,U,N,N,Existing or more than 2 years old,HUDSON,MIDDLESEX,MA,01749-2850,MA-03,28,238220,Unanswered,Unknown/NotStated,,376000,,,,,,Subchapter S Corporation,32883,Avidia Bank,HUDSON,MA,Unanswered,Unanswered,,380720.89,07/19/2021
4768477001,04/04/2020,0101,PPP,PIERCE REFRIGERATION LLC,439 EAST CENTER STREET,WEST BRIDGEWATER,MA,02379-1815,02/18/2021,Paid in Full,24,100,375500,375500,0,,98258,HarborOne Bank,770 Oak St,BROCKTON,MA,02301-1100,U,N,N,Existing or more than 2 years old,WEST BRIDGEWATER,PLYMOUTH,MA,02379-1815,MA-08,25,238220,Unanswered,Unknown/NotStated,,375500,,,,,,Corporation,98258,HarborOne Bank,BROCKTON,MA,Unanswered,Unanswered,,378411.41,01/20/2021
8708097110,04/15/2020,0101,PPP,PETER GARABEDIAN PLUMBING,208 AUSTIN STREET,WORCESTER,MA,01609,08/24/2021,Paid in Full,24,100,375347,375347,0,,29805,"TD Bank, National Association",2035 Limestone Rd,WILMINGTON,DE,19808-5529,U,Y,Y,Existing or more than 2 years old,WORCESTER,WORCESTER,MA,01609-0001,MA-02,26,238220,Unanswered,Unknown/NotStated,,375347,,,,,,Partnership,29805,"TD Bank, National Association",WILMINGTON,DE,Unanswered,Unanswered,,379882.44,07/02/2021
5284457102,04/13/2020,0101,PPP,"MILHARMER ASSOCIATES, INC.",534 NEW STATE HWY,RAYNHAM,MA,02767-5452,03/11/2021,Paid in Full,24,100,371295,371295,0,,32987,Eastern Bank,"Oliver Street Tower, 125, High St, Ste 901",Boston,MA,02110,U,N,N,Existing or more than 2 years old,RAYNHAM,BRISTOL,MA,02767-5452,MA-04,19,238220,Unanswered,Unknown/NotStated,,371295,,,,,,Corporation,32987,Eastern Bank,Boston,MA,Unanswered,Unanswered,,374337.56,02/11/2021
3572317101,04/11/2020,0101,PPP,WINSTON BUILDERS CORP,55 Hopkinton Rd,WESTBOROUGH,MA,01581-2103,06/12/2021,Paid in Full,24,100,368000,368000,0,,32883,Avidia Bank,42 Main St,HUDSON,MA,01749-2123,U,N,N,Existing or more than 2 years old,WESTBOROUGH,WORCESTER,MA,01581-2103,MA-02,15,238220,Unanswered,Unknown/NotStated,,368000,,,,,,Corporation,32883,Avidia Bank,HUDSON,MA,Unanswered,Unanswered,,372027.56,05/21/2021
6824618301,01/27/2021,0101,PPS,PANN HOME SERVICES CORPORATION,247 Salem St,Woburn,MA,01801-2004,02/19/2022,Paid in Full,60,100,364444,364444,0,,188567,Loan Source Incorporated,353 East 83rd Street Suite 3H,NEW YORK,NY,10028,U,N,N,Existing or more than 2 years old,Woburn,MIDDLESEX,MA,01801-2004,MA-05,25,238220,Unanswered,Not Hispanic or Latino,,364444,,,,,,Corporation,29599,Northeast Bank,LEWISTON,ME,Male Owned,Non-Veteran,,367499.34,12/09/2021
4033147202,04/27/2020,0101,PPP,C G MECHANICAL INC,23 BRYANT ST,WOBURN,MA,01801-5621,06/09/2021,Paid in Full,24,100,364100,364100,0,,33494,Northern Bank and Trust Company,"275 Mishawum Rd, Ste 100",WOBURN,MA,01801-8804,U,N,N,Existing or more than 2 years old,WOBURN,MIDDLESEX,MA,01801-5621,MA-05,20,238220,Unanswered,Unknown/NotStated,,364100,,,,,,Corporation,33494,Northern Bank and Trust Company,WOBURN,MA,Unanswered,Unanswered,,367821.91,05/07/2021
5869527007,04/06/2020,0101,PPP,"NEW ENGLAND COOLING TOWERS, INC.",69 WESTECH DR,TYNGSBORO,MA,01879-2720,12/08/2020,Paid in Full,24,100,357700,357700,0,,32962,The Lowell Five Cent Savings Bank,"30, International Place",Tewksbury,MA,01876,U,N,N,Existing or more than 2 years old,TYNGSBORO,MIDDLESEX,MA,01879-2720,MA-03,26,238220,Unanswered,Unknown/NotStated,2235.15,196664.85,,8000,,150800,,Corporation,32962,The Lowell Five Cent Savings Bank,Tewksbury,MA,Unanswered,Unanswered,,359669.8,11/03/2020
9599207209,04/28/2020,0101,PPP,"CHILLER TECHNOLOGY, INC",22 6th St STE 4,Woburn,MA,01801,08/06/2021,Paid in Full,24,100,350800,350800,0,,33304,Salem Five Cents Savings Bank,210 Essex St,SALEM,MA,01970-3705,U,N,N,Existing or more than 2 years old,Woburn,MIDDLESEX,MA,01801-0001,MA-05,14,238220,Unanswered,Not Hispanic or Latino,,350800,,,,,,Subchapter S Corporation,33304,Salem Five Cents Savings Bank,SALEM,MA,Unanswered,Unanswered,,354853.69,06/28/2021
2842338306,01/21/2021,0101,PPS,COASTAL PLUMBING AND HEATING LLC,21 Fruean Way Unit L,South Yarmouth,MA,02664-1690,09/08/2021,Paid in Full,60,100,349262.87,349262.87,0,,89212,The Cooperative Bank of Cape Cod,25 Benjamin Franklin Way,HYANNIS,MA,02601-8140,U,N,Y,Existing or more than 2 years old,South Yarmouth,BARNSTABLE,MA,02664-1690,MA-09,28,238220,White,Not Hispanic or Latino,1,349260.87,,,,,,Limited  Liability Company(LLC),89212,The Cooperative Bank of Cape Cod,HYANNIS,MA,Male Owned,Non-Veteran,,351397.25,08/31/2021
2474797107,04/10/2020,0101,PPP,COASTAL PLUMBING AND HEATING LLC,299 WHITES PATH,SOUTH YARMOUTH,MA,02664-1214,06/04/2021,Paid in Full,24,100,349200,349200,0,,89212,The Cooperative Bank of Cape Cod,25 Benjamin Franklin Way,HYANNIS,MA,02601-8140,U,N,Y,Existing or more than 2 years old,SOUTH YARMOUTH,BARNSTABLE,MA,02664-1214,MA-09,29,238220,White,Not Hispanic or Latino,,349200,,,,,,Limited  Liability Company(LLC),89212,The Cooperative Bank of Cape Cod,HYANNIS,MA,Male Owned,Non-Veteran,,352944.2,05/12/2021
6012937410,05/13/2020,0101,PPP,AVILA PLUMBING AND HEATING INC,112 Cross Street,lawrence,MA,01841,12/21/2021,Paid in Full,24,100,348490,348490,0,,84894,"Santander Bank, National Association","824 N Market St, Ste 100",WILMINGTON,DE,19801-4937,U,Y,Y,Existing or more than 2 years old,lawrence,ESSEX,MA,01841-0001,MA-03,20,238220,Unanswered,Unknown/NotStated,,348490,,,0,,,Corporation,84894,"Santander Bank, National Association",WILMINGTON,DE,Unanswered,Unanswered,,353588.46,11/04/2021
4116488310,01/22/2021,0101,PPS,"ALTERNATIVE CREATIVE ENERGY & HVAC, INC.",55 Union St,Blackstone,MA,01504-1114,10/22/2021,Paid in Full,60,100,346400,346400,0,,434162,"Citizens Bank, National Association",1 Citizens Plaza,PROVIDENCE,RI,02903-1344,U,N,N,Existing or more than 2 years old,Blackstone,WORCESTER,MA,01504-1114,MA-04,28,238220,White,Not Hispanic or Latino,,346399,,,,,,Corporation,434162,"Citizens Bank, National Association",PROVIDENCE,RI,Female Owned,Non-Veteran,,348601.78,09/15/2021
9990767107,04/15/2020,0101,PPP,"ALTERNATIVE CREATIVE ENERGY & HVAC, INC.",55 Union St,Blackstone,MA,01504,02/24/2021,Paid in Full,24,100,346400,346400,0,,434162,"Citizens Bank, National Association",1 Citizens Plaza,PROVIDENCE,RI,02903-1344,U,N,N,Existing or more than 2 years old,Blackstone,WORCESTER,MA,01504-0001,MA-04,30,238220,White,Not Hispanic or Latino,,346400,,,,,,Corporation,434162,"Citizens Bank, National Association",PROVIDENCE,RI,Female Owned,Non-Veteran,,349028.84,01/25/2021
6237397110,04/14/2020,0101,PPP,"LYNCO FIRE PROTECTION, INC.",19 GRANT AVE,BURLINGTON,MA,01803-2123,06/09/2021,Paid in Full,24,100,345600,345600,0,,33494,Northern Bank and Trust Company,"275 Mishawum Rd, Ste 100",WOBURN,MA,01801-8804,U,N,N,New Business or 2 years or less,BURLINGTON,MIDDLESEX,MA,01803-2123,MA-06,27,238220,White,Unknown/NotStated,,345600,,,,,,Corporation,33494,Northern Bank and Trust Company,WOBURN,MA,Male Owned,Non-Veteran,,348268.8,02/02/2021
6400757101,04/14/2020,0101,PPP,CORRECT TEMP INCORPORATED,268 Hampstead Street,METHUEN,MA,01844,07/23/2021,Paid in Full,24,100,344450,344450,0,,29805,"TD Bank, National Association",2035 Limestone Rd,WILMINGTON,DE,19808-5529,U,N,N,Unanswered,METHUEN,ESSEX,MA,01844-0001,MA-03,26,238220,Unanswered,Unknown/NotStated,,344450,,,,,,Corporation,29805,"TD Bank, National Association",WILMINGTON,DE,Male Owned,Non-Veteran,,348554.7,06/24/2021
4247718307,01/23/2021,0101,PPS,ARRELL CORP,36 Spinelli Pl,Cambridge,MA,02138-1064,11/11/2021,Paid in Full,60,100,343007.5,343007.5,0,,32987,Eastern Bank,"Oliver Street Tower, 125, High St, Ste 901",Boston,MA,02110,U,N,N,Existing or more than 2 years old,Cambridge,MIDDLESEX,MA,02138-1064,MA-05,19,238220,Unanswered,Unknown/NotStated,1,343003.5,,,,,,Corporation,32708,Eastern Bank,Cambridge,MA,Male Owned,Non-Veteran,,345618.17,11/01/2021
7177897207,04/28/2020,0101,PPP,"NORTHEAST DISTRIBUTORS, INC",210 Essex Street,Whitman,MA,02382,06/22/2021,Paid in Full,24,100,341584,341584,0,,84894,"Santander Bank, National Association","824 N Market St, Ste 100",WILMINGTON,DE,19801-4937,U,N,N,Existing or more than 2 years old,Whitman,PLYMOUTH,MA,02382-0001,MA-08,16,238220,Unanswered,Unknown/NotStated,,341584,,,,,,Corporation,84894,"Santander Bank, National Association",WILMINGTON,DE,Unanswered,Unanswered,,344962.41,05/04/2021
3873758703,03/31/2021,0101,PPS,MANCINI SHEET METAL INC,9 Innis Dr,Billerica,MA,01821-2604,12/18/2021,Paid in Full,60,100,340672,340672,0,,84894,"Santander Bank, National Association","824 N Market St, Ste 100",WILMINGTON,DE,19801-4937,U,N,N,Existing or more than 2 years old,Billerica,MIDDLESEX,MA,01821-2604,MA-06,20,238220,Unanswered,Unknown/NotStated,1,340670,,,,,,Corporation,84894,"Santander Bank, National Association",WILMINGTON,DE,Unanswered,Unanswered,,342790.7,11/19/2021
4894007110,04/13/2020,0101,PPP,DUCTS INCORPORATED,200 RECREATION PARK DRIVE,HINGHAM,MA,02043-4241,05/08/2021,Paid in Full,24,100,340507.6,340507.6,0,,33263,Rockland Trust Company,288 Union St,ROCKLAND,MA,02370-1803,U,N,N,Existing or more than 2 years old,HINGHAM,PLYMOUTH,MA,02043-4241,MA-08,24,238220,Unanswered,Unknown/NotStated,,340507.6,,,,,,Subchapter S Corporation,33263,Rockland Trust Company,ROCKLAND,MA,Unanswered,Unanswered,,343846.47,04/12/2021
3396628510,02/23/2021,0101,PPS,DUCTS INC,200 Recreation Park Dr # 0,Hingham,MA,02043-4241,01/22/2022,Paid in Full,60,100,340507,340507,0,,33263,Rockland Trust Company,288 Union St,ROCKLAND,MA,02370-1803,U,N,N,Existing or more than 2 years old,Hingham,PLYMOUTH,MA,02043-4241,MA-08,24,238220,Unanswered,Unknown/NotStated,,340507,,,,,,Subchapter S Corporation,33263,Rockland Trust Company,ROCKLAND,MA,Unanswered,Unanswered,,343306.72,12/20/2021
9775298504,03/12/2021,0101,PPS,MPC SERVICES INC.,14 Deborah Dr,Sutton,MA,01590-2510,03/05/2022,Paid in Full,60,100,335565.82,335565.82,0,,89228,bankHometown,31 Sutton Ave,OXFORD,MA,01540-1755,U,N,N,Existing or more than 2 years old,Sutton,WORCESTER,MA,01590-2510,MA-02,24,238220,Unanswered,Unknown/NotStated,1,335559.82,,,,,,Corporation,89228,bankHometown,OXFORD,MA,Unanswered,Unanswered,,338719.22,02/23/2022
9622567004,04/09/2020,0101,PPP,MARK E MEACHAM INC.,253 A Worcester Rd,CHARLTON,MA,01507-1501,08/12/2021,Paid in Full,24,100,334200,334200,0,,33389,Country Bank for Savings,"15, South St, Ste C",Ware,MA,01082,U,N,N,Existing or more than 2 years old,CHARLTON,WORCESTER,MA,01507-1501,MA-01,22,238220,Unanswered,Unknown/NotStated,,334200,,,,,,Corporation,33389,Country Bank for Savings,Ware,MA,Unanswered,Unanswered,,338405.35,07/15/2021
5396787700,05/01/2020,0130,PPP,WAREHOUSE MECHANICAL CONTRACTORS INC,342 BRITTON ST,CHICOPEE,MA,01020-4312,03/17/2021,Paid in Full,24,100,333740,333740,0,,9551,"Bank of America, National Association","100 N Tryon St, Ste 170",CHARLOTTE,NC,28202-4024,U,N,N,New Business or 2 years or less,CHICOPEE,HAMPDEN,MA,01020-4312,MA-01,18,238220,Unanswered,Unknown/NotStated,,333740,,,,,,Corporation,9551,"Bank of America, National Association",CHARLOTTE,NC,Unanswered,Unanswered,,336309.34,02/10/2021
5197667010,04/05/2020,0101,PPP,"SUBURBAN HVAC, INC.",16 Southwest Park,WESTWOOD,MA,02090-1726,12/19/2020,Paid in Full,24,100,330200,330200,0,,89283,Walpole Co-Operative Bank,982 Main St,WALPOLE,MA,02081-2828,U,N,N,Existing or more than 2 years old,WESTWOOD,NORFOLK,MA,02090-1726,MA-08,30,238220,White,Not Hispanic or Latino,,264200,,66000,,,,Corporation,89283,Walpole Co-Operative Bank,WALPOLE,MA,Female Owned,Non-Veteran,,332080.31,11/05/2020
1393787108,04/10/2020,0101,PPP,TRETHEWEY BROTHERS INC,4280 WASHINGTON ST,ROSLINDALE,MA,02131-3001,02/18/2021,Paid in Full,24,100,327750,327750,0,,9551,"Bank of America, National Association","100 N Tryon St, Ste 170",CHARLOTTE,NC,28202-4024,U,N,N,Existing or more than 2 years old,ROSLINDALE,SUFFOLK,MA,02131-3001,MA-07,23,238220,Unanswered,Unknown/NotStated,,327750,,,,,,Corporation,9551,"Bank of America, National Association",CHARLOTTE,NC,Unanswered,Unanswered,,330165.47,01/25/2021
5222967009,04/05/2020,0101,PPP,"HVACR SERVICE CONTRACTORS, INC .",29 Sword Street,AUBURN,MA,01501-2146,02/17/2021,Paid in Full,24,100,327600,327600,0,,33389,Country Bank for Savings,"15, South St, Ste C",Ware,MA,01082,U,N,N,Existing or more than 2 years old,AUBURN,WORCESTER,MA,01501-2146,MA-02,21,238220,Unanswered,Unknown/NotStated,,327600,,,,,,Corporation,33389,Country Bank for Savings,Ware,MA,Unanswered,Unanswered,,329765.8,12/09/2020
4046688609,03/17/2021,0130,PPS,DOBBERT HEATING AND AIR CONDITIONING INC.,558 Union St,North Adams,MA,01247-2964,03/04/2022,Paid in Full,60,100,327020.65,327020.65,0,,30944,Adams Community Bank,2 Center St,ADAMS,MA,01220-2332,R,Y,N,Existing or more than 2 years old,North Adams,BERKSHIRE,MA,01247-2964,MA-01,20,238220,White,Unknown/NotStated,,327020.65,,,,,,Corporation,30944,Adams Community Bank,ADAMS,MA,Male Owned,Unanswered,,330039.99,02/22/2022
4075507310,04/29/2020,0101,PPP,CHARLES M. MORAN PLUMBING & HEATING CORP,54 ALLEN ST.,CLINTON,MA,01510,04/17/2021,Paid in Full,24,100,326250,326250,0,,84894,"Santander Bank, National Association","824 N Market St, Ste 100",WILMINGTON,DE,19801-4937,U,Y,Y,Existing or more than 2 years old,CLINTON,WORCESTER,MA,01510-0001,MA-03,25,238220,Unanswered,Unknown/NotStated,,326250,,,,,,Corporation,84894,"Santander Bank, National Association",WILMINGTON,DE,Unanswered,Unanswered,,329154.97,03/29/2021
8838548402,02/14/2021,0101,PPS,KENNEDY MECHANICAL INC,271 Salem St Unit H,Woburn,MA,01801-2004,10/08/2021,Paid in Full,60,100,326105,326105,0,,46391,Manufacturers and Traders Trust Company,"One M & T Plaza, 15th Fl",BUFFALO,NY,14203,U,N,N,Existing or more than 2 years old,Woburn,MIDDLESEX,MA,01801-2004,MA-05,20,238220,Unanswered,Unknown/NotStated,1,326099,,,,,,Subchapter S Corporation,15793,Manufacturers and Traders Trust Company,Bridgeport,CT,Unanswered,Unanswered,,327972.29,09/17/2021
8284287005,04/08/2020,0101,PPP,KENNEDY MECHANICAL INC,271 SALEM ST,WOBURN,MA,01801-2004,07/09/2021,Paid in Full,24,100,326100,326100,0,,46391,Manufacturers and Traders Trust Company,"One M & T Plaza, 15th Fl",BUFFALO,NY,14203,U,N,N,Existing or more than 2 years old,WOBURN,MIDDLESEX,MA,01801-2004,MA-05,13,238220,Unanswered,Unknown/NotStated,,326100,,,,,,Subchapter S Corporation,15793,Manufacturers and Traders Trust Company,Bridgeport,CT,Unanswered,Unanswered,,329816.65,06/18/2021
8253568402,02/13/2021,0101,PPS,ASPINWALL PLUMBING & HEATING LLC,723 Washington St # 0,Quincy,MA,02169-7330,04/12/2022,Paid in Full,60,100,325210,325210,0,,33263,Rockland Trust Company,288 Union St,ROCKLAND,MA,02370-1803,U,Y,Y,Existing or more than 2 years old,Quincy,NORFOLK,MA,02169-7330,MA-08,27,238220,White,Not Hispanic or Latino,1,325205,,,,,,Corporation,33263,Rockland Trust Company,ROCKLAND,MA,Male Owned,Non-Veteran,,328751.18,03/16/2022
5975548405,02/09/2021,0101,PPS,BOSTON AIR CORP.,1595 Central St Ste 2,Stoughton,MA,02072-1694,02/10/2022,Paid in Full,60,100,325185,325185,0,,33371,Bristol County Savings Bank,29 Broadway,TAUNTON,MA,02780-3269,U,Y,N,Existing or more than 2 years old,Stoughton,NORFOLK,MA,02072-1694,MA-08,37,238220,Unanswered,Unknown/NotStated,1,325180,,,,,,Corporation,33371,Bristol County Savings Bank,TAUNTON,MA,Unanswered,Unanswered,,327244.51,09/29/2021
7910627004,04/08/2020,0101,PPP,DAN'S SERVICE INC,26 ELM ST,SOMERVILLE,MA,02143-2229,01/15/2021,Paid in Full,24,100,324900,324900,0,,32730,East Cambridge Savings Bank,292 Cambridge St,CAMBRIDGE,MA,02141-1203,U,N,N,Existing or more than 2 years old,SOMERVILLE,MIDDLESEX,MA,02143-2229,MA-07,31,238220,Unanswered,Unknown/NotStated,,324900,,,,,,Subchapter S Corporation,32730,East Cambridge Savings Bank,CAMBRIDGE,MA,Unanswered,Unanswered,,326991.82,12/10/2020
1426317300,04/28/2020,0101,PPP,"PAUL FLAHERTY PLUMBING & HEATING COMPANY, INC.",186 FOUNTAIN ST,FRAMINGHAM,MA,01702-6260,03/19/2021,Paid in Full,24,100,324250,324250,0,,33108,Middlesex Savings Bank,6 Main St,NATICK,MA,01760-4506,U,N,Y,Existing or more than 2 years old,FRAMINGHAM,MIDDLESEX,MA,01702-6260,MA-05,21,238220,Unanswered,Unknown/NotStated,,286537,,,,37713,,Subchapter S Corporation,33108,Middlesex Savings Bank,NATICK,MA,Unanswered,Unanswered,,326780.95,02/11/2021
3308178300,01/21/2021,0101,PPS,GERVAIS PLUMBING & HEATING INC.,317 Southbridge St,Auburn,MA,01501-2682,10/15/2021,Paid in Full,60,100,323816.62,323816.62,0,,32883,Avidia Bank,42 Main St,HUDSON,MA,01749-2123,U,N,N,Existing or more than 2 years old,Auburn,WORCESTER,MA,01501-2682,MA-02,22,238220,White,Not Hispanic or Latino,,323816.62,,,,,,Corporation,32883,Avidia Bank,HUDSON,MA,Male Owned,Non-Veteran,,325876.45,09/14/2021
9762697010,04/09/2020,0101,PPP,FLYNN & CATALDO INC,67 Smith Place Unit 11,CAMBRIDGE,MA,02138-1063,04/12/2022,Paid in Full,24,100,323475,323475,0,,33420,Watertown Savings Bank,60 Main St,WATERTOWN,MA,02472-4413,U,N,N,Existing or more than 2 years old,CAMBRIDGE,MIDDLESEX,MA,02138-1063,MA-05,26,238220,Unanswered,Not Hispanic or Latino,,323475,,,,,,Subchapter S Corporation,33420,Watertown Savings Bank,WATERTOWN,MA,Male Owned,Unanswered,,326296.42,02/25/2021
1098948602,03/12/2021,0101,PPS,MCDONALD HEATING AIR CONDITIONING AND PLUMBING INC.,200 Auburn St,Auburn,MA,01501-1612,01/19/2022,Paid in Full,60,100,322800,322800,0,,33352,Cornerstone Bank,230 Park Ave,WORCESTER,MA,01609-1918,U,N,N,Existing or more than 2 years old,Auburn,WORCESTER,MA,01501-1612,MA-02,20,238220,White,Not Hispanic or Latino,1,322798,,,,,,Corporation,33352,Cornerstone Bank,WORCESTER,MA,Male Owned,Non-Veteran,,325319.63,12/22/2021
4393567007,04/03/2020,0101,PPP,MCDONALD HEATING AIR CONDITIONING AND PLUMBING INC,200 Auburn Street,Auburn,MA,01524-1004,08/20/2021,Paid in Full,24,100,322800,322800,0,,33352,Cornerstone Bank,230 Park Ave,WORCESTER,MA,01609-1918,U,N,N,Existing or more than 2 years old,Auburn,WORCESTER,MA,01524-1004,MA-02,20,238220,White,Not Hispanic or Latino,,322800,,,,,,Corporation,33352,Cornerstone Bank,WORCESTER,MA,Unanswered,Unanswered,,324620.23,11/03/2020
6164288302,01/26/2021,0101,PPS,ACE TEMPERATURE CONTROL INC.,30 Ward St,Worcester,MA,01610-1923,07/20/2021,Paid in Full,60,100,322108,322108,0,,33497,Bay State Savings Bank,28-32 Franklin St,Worcester,MA,01608,U,Y,Y,Existing or more than 2 years old,Worcester,WORCESTER,MA,01610-1923,MA-02,21,238220,White,Not Hispanic or Latino,1,322102,,,,,,Corporation,33497,Bay State Savings Bank,Worcester,MA,Male Owned,Non-Veteran,,323262.22,06/15/2021
5262347201,04/27/2020,0101,PPP,CHASE PLUMBING COMPANY INC,13 Adams Street,Burlington,MA,01803,06/23/2021,Paid in Full,24,100,319318,319318,0,,84894,"Santander Bank, National Association","824 N Market St, Ste 100",WILMINGTON,DE,19801-4937,U,N,N,Existing or more than 2 years old,Burlington,MIDDLESEX,MA,01803-0001,MA-06,25,238220,Unanswered,Unknown/NotStated,,319318,,,,,,Corporation,84894,"Santander Bank, National Association",WILMINGTON,DE,Unanswered,Unanswered,,322546.17,05/13/2021
4459127008,04/03/2020,0130,PPP,"DOBBERT HEATING & AIR CONDITIONING, INC.",558 UNION ST,NORTH ADAMS,MA,01247-2964,04/06/2021,Paid in Full,24,100,319200,319200,0,,30944,Adams Community Bank,2 Center St,ADAMS,MA,01220-2332,R,Y,Y,Existing or more than 2 years old,NORTH ADAMS,BERKSHIRE,MA,01247-2964,MA-01,21,238220,White,Unknown/NotStated,,319200,,,,,,Corporation,30944,Adams Community Bank,ADAMS,MA,Male Owned,Veteran,,322164.62,03/19/2021
1292878805,04/10/2021,0101,PPS,NEW ENGLAND AIR INC,56 Leonard St Ste 3,Foxboro,MA,02035-2939,01/31/2022,Paid in Full,60,100,318265,318265,0,,98548,Sharon & Crescent United CU,30 Pond St,SHARON,MA,02067-2040,U,N,N,Existing or more than 2 years old,Foxboro,NORFOLK,MA,02035-2939,MA-04,17,238220,Unanswered,Unknown/NotStated,1,318262,,,,,,Corporation,98548,Sharon & Crescent United CU,SHARON,MA,Male Owned,Unanswered,,320439.81,01/03/2022
9658077208,04/28/2020,0101,PPP,"NEW ENGLAND AIR, INC.",56 Leonard St Suite 3,Foxboro,MA,02035-2939,03/20/2021,Paid in Full,24,100,318200,318200,0,,98548,Sharon & Crescent United CU,30 Pond St,SHARON,MA,02067-2040,U,N,N,Existing or more than 2 years old,Foxboro,NORFOLK,MA,02035-2939,MA-04,18,238220,Unanswered,Unknown/NotStated,,318200,,,,,,Corporation,98548,Sharon & Crescent United CU,SHARON,MA,Male Owned,Unanswered,,320613.02,02/05/2021
3820437102,04/12/2020,0101,PPP,"MUIRFIELD MECHANICAL SERVICES, LLC",60 Willow Rd,AYER,MA,01432-1513,01/22/2021,Paid in Full,24,100,325000,315000,0,,29805,"TD Bank, National Association",2035 Limestone Rd,WILMINGTON,DE,19808-5529,U,N,N,Existing or more than 2 years old,AYER,MIDDLESEX,MA,01432-1513,MA-03,22,238220,White,Not Hispanic or Latino,,315000,,,,,,Partnership,29805,"TD Bank, National Association",WILMINGTON,DE,Male Owned,Veteran,,317073.75,12/22/2020
6781758405,02/11/2021,0101,PPS,MUIRFIELD MECHANICAL SERVICES LLC,60 Willow Rd,Ayer,MA,01432-1513,11/20/2021,Paid in Full,60,100,315000,315000,0,,29805,"TD Bank, National Association",2035 Limestone Rd,WILMINGTON,DE,19808-5529,U,N,N,Existing or more than 2 years old,Ayer,MIDDLESEX,MA,01432-1513,MA-03,18,238220,White,Not Hispanic or Latino,1,314997,,,,,,Partnership,29805,"TD Bank, National Association",WILMINGTON,DE,Male Owned,Veteran,,317152.5,10/25/2021
3355307102,04/11/2020,0101,PPP,"AIR MASTERS HVAC SERVICES OF NE, INC.",59 TURNER ST,FALL RIVER,MA,02720-2517,12/10/2020,Paid in Full,24,100,314600,314700,0,,32792,Fall River Five Cents Savings Bank d/b/a BankFive,79 N Main St,FALL RIVER,MA,02720-2123,U,Y,Y,Existing or more than 2 years old,FALL RIVER,BRISTOL,MA,02720-2517,MA-04,24,238220,Unanswered,Unknown/NotStated,,314700,,,,,,Corporation,32792,Fall River Five Cents Savings Bank d/b/a BankFive,FALL RIVER,MA,Unanswered,Unanswered,,316398.52,11/05/2020
6688547106,04/14/2020,0101,PPP,"ASPINWALL PLUMBING & HEATING, CO. INC.",723 Washington Street,Quincy,MA,02169-7330,08/10/2021,Paid in Full,24,100,312538.55,312538.55,0,,33263,Rockland Trust Company,288 Union St,ROCKLAND,MA,02370-1803,U,Y,Y,Existing or more than 2 years old,Quincy,NORFOLK,MA,02169-7330,MA-08,13,238220,White,Not Hispanic or Latino,,312538.55,,,,,,Corporation,33263,Rockland Trust Company,ROCKLAND,MA,Male Owned,Non-Veteran,,316306.38,07/06/2021
6195727103,04/14/2020,0101,PPP,MERRIMACK VALLEY CORPORATION,15 AEGEAN DR Unit 3,METHUEN,MA,01844-1558,09/15/2021,Paid in Full,24,100,311400,311400,0,,112598,Enterprise Bank and Trust Company,222 Merrimack St,LOWELL,MA,01852-5913,U,N,N,Existing or more than 2 years old,METHUEN,ESSEX,MA,01844-1558,MA-03,39,238220,Unanswered,Unknown/NotStated,10300,282300,,1100,,17700,,Subchapter S Corporation,112598,Enterprise Bank and Trust Company,LOWELL,MA,Unanswered,Unanswered,,315655.8,08/30/2021
3927367203,04/27/2020,0101,PPP,STEVEN  HENRIQUES,344 John L. Dietsch Blvd. Unit 8238220,ATTLEBORO FALLS,MA,02763,06/05/2021,Paid in Full,24,100,309500,309500,0,,98513,Rockland FCU,241 Union St,ROCKLAND,MA,02370-1825,U,N,N,Existing or more than 2 years old,ATTLEBORO FALLS,BRISTOL,MA,02763-0130,MA-04,18,238220,Unanswered,Unknown/NotStated,,309500,,,,,,Corporation,98513,Rockland FCU,ROCKLAND,MA,Unanswered,Unanswered,,312628.92,05/05/2021
8504597007,04/08/2020,0101,PPP,PANN HOME SERVICES CORPORATION,247 Salem St.,WOBURN,MA,01801-2004,02/18/2022,Paid in Full,24,100,308000,308000,0,,188567,Loan Source Incorporated,353 East 83rd Street Suite 3H,NEW YORK,NY,10028,U,N,N,Existing or more than 2 years old,WOBURN,MIDDLESEX,MA,01801-2004,MA-05,25,238220,Unanswered,Not Hispanic or Latino,7000,292000,,9000,,,,Corporation,124369,Five Star Bank,Rancho Cordova,CA,Male Owned,Non-Veteran,,311071.56,04/13/2021
3274577100,04/11/2020,0101,PPP,"ANANIA PLUMBING & HEATING, INC.",89 WEST ST,WEST BRIDGEWATER,MA,02379-1400,06/09/2021,Paid in Full,24,100,307973.82,307973.82,0,,33263,Rockland Trust Company,288 Union St,ROCKLAND,MA,02370-1803,U,N,N,Existing or more than 2 years old,WEST BRIDGEWATER,PLYMOUTH,MA,02379-1400,MA-08,10,238220,Unanswered,Unknown/NotStated,,307973.82,,,,,,Corporation,33263,Rockland Trust Company,ROCKLAND,MA,Unanswered,Unanswered,,311361.53,05/21/2021
1497287105,04/10/2020,0130,PPP,A PLUS HVAC INC.,26 Airport Drive,WESTFIELD,MA,01085-1300,03/26/2021,Paid in Full,24,100,322700,306700,0,,33209,Berkshire Bank,99 North St,PITTSFIELD,MA,01201-5114,U,N,N,Existing or more than 2 years old,WESTFIELD,HAMPDEN,MA,01085-1300,MA-01,18,238220,Unanswered,Unknown/NotStated,,306700,,,,,,Corporation,33209,Berkshire Bank,PITTSFIELD,MA,Male Owned,Unanswered,,308968.74,02/03/2021
1293548301,01/16/2021,0101,PPS,"TOTAL TEMPERATURE CONTROL, INC.",39 W Water St,Wakefield,MA,01880-2914,11/01/2021,Paid in Full,60,100,305812.5,305812.5,0,,33385,The Savings Bank,357 Main St,WAKEFIELD,MA,01880-5027,U,N,N,Existing or more than 2 years old,Wakefield,MIDDLESEX,MA,01880-2914,MA-06,19,238220,Unanswered,Unknown/NotStated,,305812.5,,,,,,Subchapter S Corporation,33385,The Savings Bank,WAKEFIELD,MA,Unanswered,Unanswered,,308021.15,10/06/2021
6693397005,04/07/2020,0101,PPP,"TOTAL TEMPERATURE CONTROL, INC.",39 West Water Street,WAKEFIELD,MA,01880-2914,12/29/2020,Paid in Full,24,100,305800,305800,0,,33385,The Savings Bank,357 Main St,WAKEFIELD,MA,01880-5027,U,N,N,Existing or more than 2 years old,WAKEFIELD,MIDDLESEX,MA,01880-2914,MA-06,19,238220,Unanswered,Unknown/NotStated,,305800,,,,,,Subchapter S Corporation,33385,The Savings Bank,WAKEFIELD,MA,Unanswered,Unanswered,,308008.56,12/30/2020
3515728302,01/22/2021,0101,PPS,PAUL FLAHERTY PLUMBING & HEATING INC.,186 Fountain St,Framingham,MA,01702-6260,09/15/2021,Paid in Full,60,100,304457,304457,0,,33108,Middlesex Savings Bank,6 Main St,NATICK,MA,01760-4506,U,N,Y,Existing or more than 2 years old,Framingham,MIDDLESEX,MA,01702-6260,MA-05,21,238220,Unanswered,Unknown/NotStated,,304457,,,,,,Subchapter S Corporation,33108,Middlesex Savings Bank,NATICK,MA,Unanswered,Unanswered,,306063.86,08/11/2021
5348098402,02/08/2021,0101,PPS,CGR MECHANICAL INC,89,NORTH ANDOVER,MA,01845,02/19/2022,Paid in Full,60,100,301739.17,301739.17,0,,529471,Itria Ventures LLC,"One Penn Plaza, Suite 4530",New York,NY,10119,U,N,N,Existing or more than 2 years old,NORTH ANDOVER,ESSEX,MA,01845,MA-06,14,238220,Unanswered,Unknown/NotStated,1,301734.17,,,,,,Subchapter S Corporation,529471,Itria Ventures LLC,New York,NY,Unanswered,Unanswered,,304312.33,01/04/2022
5072877010,04/05/2020,0101,PPP,NEW ENGLAND PLUMBING SOLUTIONS LLC,759 CHIEF JUSTICE CUSHING HWY,COHASSET,MA,02025-2115,04/10/2021,Paid in Full,24,100,301600,301600,0,,33475,South Shore Bank,1530 Main St,WEYMOUTH,MA,02190-1310,U,N,N,Existing or more than 2 years old,COHASSET,NORFOLK,MA,02025-2115,MA-09,32,238220,Unanswered,Not Hispanic or Latino,,301600,,,,,,Limited  Liability Company(LLC),33475,South Shore Bank,WEYMOUTH,MA,Male Owned,Non-Veteran,,304297.64,03/03/2021
5917547705,05/01/2020,0130,PPP,E W S PLUMBING & HEATING INC,339 MAIN ST,MONSON,MA,01057-1306,07/22/2021,Paid in Full,24,100,298458,298458,0,,9551,"Bank of America, National Association","100 N Tryon St, Ste 170",CHARLOTTE,NC,28202-4024,U,N,N,New Business or 2 years or less,MONSON,HAMPDEN,MA,01057-1306,MA-01,24,238220,White,Not Hispanic or Latino,,298458,,,,,,Corporation,9551,"Bank of America, National Association",CHARLOTTE,NC,Male Owned,Non-Veteran,,300755.72,02/10/2021
8652488301,01/29/2021,0101,PPS,COOLING UNLIMITED INC,565 Main St # 1,Reading,MA,01867-3135,10/22/2021,Paid in Full,60,100,298088,298088,0,,33494,Northern Bank and Trust Company,"275 Mishawum Rd, Ste 100",WOBURN,MA,01801-8804,U,N,N,Existing or more than 2 years old,Reading,MIDDLESEX,MA,01867-3135,MA-06,18,238220,Unanswered,Unknown/NotStated,1,298086,,,,,,Corporation,33494,Northern Bank and Trust Company,WOBURN,MA,Unanswered,Unanswered,,301880.34,05/17/2022
2081877106,04/10/2020,0101,PPP,INDUSTRIAL BURNER SYSTEMS INC,61 COPELAND ST,QUINCY,MA,02169-6420,03/10/2021,Paid in Full,24,100,294100,294100,0,,33475,South Shore Bank,1530 Main St,WEYMOUTH,MA,02190-1310,U,N,Y,New Business or 2 years or less,QUINCY,NORFOLK,MA,02169-6420,MA-08,13,238220,Unanswered,Not Hispanic or Latino,,294100,,,,,,Corporation,33475,South Shore Bank,WEYMOUTH,MA,Male Owned,Unanswered,,296665.21,02/26/2021
4022178310,01/22/2021,0101,PPS,MONAHAN TECHNOLOGIES INC.,525 Woburn St Ste 2,Tewksbury,MA,01876-3432,11/06/2021,Paid in Full,60,100,293600,293600,0,,32962,The Lowell Five Cent Savings Bank,"30, International Place",Tewksbury,MA,01876,U,N,N,Existing or more than 2 years old,Tewksbury,MIDDLESEX,MA,01876-3432,MA-06,21,238220,Unanswered,Unknown/NotStated,1,293597,,,,,,Corporation,32962,The Lowell Five Cent Savings Bank,Tewksbury,MA,Unanswered,Unanswered,,295433.99,09/14/2021
8079147108,04/15/2020,0101,PPP,AMERICAN TEST AND BALANCE INC,335R Washington St,Norwell,MA,02061,07/22/2021,Paid in Full,24,100,293100,293100,0,,434162,"Citizens Bank, National Association",1 Citizens Plaza,PROVIDENCE,RI,02903-1344,U,N,N,Existing or more than 2 years old,Norwell,PLYMOUTH,MA,02061-0001,MA-09,10,238220,Unanswered,Unknown/NotStated,,293100,,,,,,Subchapter S Corporation,434162,"Citizens Bank, National Association",PROVIDENCE,RI,Unanswered,Unanswered,,296416.45,06/11/2021
9477198304,01/30/2021,0101,PPS,ANANIA PLUMBING & HEATING INC,89 West St # 0,West Bridgewater,MA,02379-1400,02/18/2022,Paid in Full,60,100,291777,291777,0,,33263,Rockland Trust Company,288 Union St,ROCKLAND,MA,02370-1803,U,N,N,Existing or more than 2 years old,West Bridgewater,PLYMOUTH,MA,02379-1400,MA-08,10,238220,Unanswered,Unknown/NotStated,,291777,,,,,,Corporation,33263,Rockland Trust Company,ROCKLAND,MA,Unanswered,Unanswered,,294670.46,01/25/2022
4771637002,04/04/2020,0101,PPP,G & L PLUMBING INC,140 Shrewsbury Street,BOYLSTON,MA,01505-1710,05/08/2021,Paid in Full,24,100,290600,290600,0,,33428,Webster Five Cents Savings Bank,136 Thompson Rd,WEBSTER,MA,01570-1416,U,N,N,Existing or more than 2 years old,BOYLSTON,WORCESTER,MA,01505-1710,MA-02,20,238220,Unanswered,Unknown/NotStated,,290600,,,,,,Corporation,33428,Webster Five Cents Savings Bank,WEBSTER,MA,Unanswered,Unanswered,,293546.36,04/15/2021
1277497107,04/10/2020,0101,PPP,"J.S. MORTIMER, INC.",13 ROCKLAND RD,AUBURN,MA,01501-2023,06/30/2021,Paid in Full,24,100,290457,290457,0,,29805,"TD Bank, National Association",2035 Limestone Rd,WILMINGTON,DE,19808-5529,U,N,N,Existing or more than 2 years old,AUBURN,WORCESTER,MA,01501-2023,MA-02,18,238220,Unanswered,Unknown/NotStated,,290457,,,,,,Subchapter S Corporation,29805,"TD Bank, National Association",WILMINGTON,DE,Unanswered,Unanswered,,293724.64,05/27/2021
2309088501,02/20/2021,0101,PPS,J.F PLUMBING LLC,745 E Squantum St,Quincy,MA,02171-1257,11/09/2021,Paid in Full,60,100,289922,289922,0,,33263,Rockland Trust Company,288 Union St,ROCKLAND,MA,02370-1803,U,N,N,Existing or more than 2 years old,Quincy,NORFOLK,MA,02171-1257,MA-08,12,238220,Unanswered,Not Hispanic or Latino,,289919,,,,,,Limited  Liability Company(LLC),31172,Rockland Trust Company,East Boston,MA,Male Owned,Unanswered,,291838.71,10/20/2021
4289747209,04/27/2020,0101,PPP,"J.F PLUMBING, LLC",745 East Squantum Street,QUINCY,MA,02171-1257,07/09/2021,Paid in Full,24,100,289922,289922,0,,33263,Rockland Trust Company,288 Union St,ROCKLAND,MA,02370-1803,U,N,N,Existing or more than 2 years old,QUINCY,NORFOLK,MA,02171-1257,MA-08,55,238220,Unanswered,Not Hispanic or Latino,,289922,,,,,,Limited  Liability Company(LLC),31172,Rockland Trust Company,East Boston,MA,Male Owned,Unanswered,,293248.05,06/24/2021
4352027002,04/03/2020,0101,PPP,"TC CONTROLS AND SERVICES, INC.",53 East CENTRAL ST,WORCESTER,MA,01605-3036,01/15/2021,Paid in Full,24,100,289500,289500,0,,32801,Rollstone Bank & Trust,780 Main St,FITCHBURG,MA,01420-3112,U,Y,Y,Existing or more than 2 years old,WORCESTER,WORCESTER,MA,01605-3036,MA-02,17,238220,White,Not Hispanic or Latino,,289500,,,,,,Subchapter S Corporation,32801,Rollstone Bank & Trust,FITCHBURG,MA,Male Owned,Unanswered,,291623,12/31/2020
5913067009,04/06/2020,0101,PPP,"SIGMA MECHANICAL SERVICES, LLC",25 ROCKWOOD RD,MARSHFIELD,MA,02050-2104,12/08/2020,Paid in Full,24,100,289400,289400,0,,89718,Coastal Heritage Bank,744 Broad St,EAST WEYMOUTH,MA,02189-2004,U,N,N,Existing or more than 2 years old,MARSHFIELD,PLYMOUTH,MA,02050-2104,MA-09,19,238220,Unanswered,Unknown/NotStated,,289400,,,,,,Limited  Liability Company(LLC),89718,Coastal Heritage Bank,EAST WEYMOUTH,MA,Unanswered,Unanswered,,290961.97,11/05/2020
5630827001,04/06/2020,0101,PPP,"BOUCHER ENERGY SYSTEMS, INC",88 MILLVILLE,MENDON,MA,01756-1269,02/17/2021,Paid in Full,24,100,289100,289100,0,,85119,Charles River Bank,70 Main St,MEDWAY,MA,02053-1825,U,N,N,Existing or more than 2 years old,MENDON,WORCESTER,MA,01756-1269,MA-04,17,238220,Unanswered,Unknown/NotStated,28910,231280,,28910,,,,Subchapter S Corporation,85119,Charles River Bank,MEDWAY,MA,Unanswered,Unanswered,,291316.43,01/12/2021
3944847207,04/27/2020,0101,PPP,"O'KEEFE PLUMBING & HEATING, INC.",56 PULASKI ST,PEABODY,MA,01960-1888,05/06/2021,Paid in Full,24,100,288765,288765,0,,33263,Rockland Trust Company,288 Union St,ROCKLAND,MA,02370-1803,U,N,N,Existing or more than 2 years old,PEABODY,ESSEX,MA,01960-1888,MA-06,20,238220,Unanswered,Not Hispanic or Latino,,288765,,,,,,Subchapter S Corporation,31172,Rockland Trust Company,East Boston,MA,Male Owned,Unanswered,,291500.25,04/08/2021
3719387204,04/27/2020,0101,PPP,"BASNETT PLUMBING & HEATING, INC.",438 KING ST,LITTLETON,MA,01460-1269,06/04/2021,Paid in Full,24,100,288100,288100,0,,112598,Enterprise Bank and Trust Company,222 Merrimack St,LOWELL,MA,01852-5913,U,N,N,Existing or more than 2 years old,LITTLETON,MIDDLESEX,MA,01460-1269,MA-03,20,238220,Unanswered,Unknown/NotStated,5700,244200,,20500,,17700,,Subchapter S Corporation,112598,Enterprise Bank and Trust Company,LOWELL,MA,Unanswered,Unanswered,,291069.03,05/13/2021
5670227003,04/06/2020,0101,PPP,"ATCO PLUMBING AND MECHANICAL, LLC",93 Weaver Street,FALL RIVER,MA,02720-1309,07/21/2021,Paid in Full,24,100,287556,287556,0,,32784,BayCoast Bank,330 Swansea Mall Dr,SWANSEA,MA,02777-4112,U,N,Y,Existing or more than 2 years old,FALL RIVER,BRISTOL,MA,02720-1309,MA-04,30,238220,White,Not Hispanic or Latino,,287556,,,,,,Limited  Liability Company(LLC),32784,BayCoast Bank,SWANSEA,MA,Male Owned,Non-Veteran,,291118.5,07/07/2021
5204827009,04/05/2020,0101,PPP,SUBURBAN SERVICE CORPORATION OF NORWOOD,16 Southwest Park,WESTWOOD,MA,02090-1726,12/19/2020,Paid in Full,24,100,286400,286400,0,,89283,Walpole Co-Operative Bank,982 Main St,WALPOLE,MA,02081-2828,U,N,N,Existing or more than 2 years old,WESTWOOD,NORFOLK,MA,02090-1726,MA-08,28,238220,White,Not Hispanic or Latino,,229100,,57300,,,,Corporation,89283,Walpole Co-Operative Bank,WALPOLE,MA,Female Owned,Non-Veteran,,288030.89,11/05/2020
2226997109,04/10/2020,0101,PPP,"DJ PLUMBING & HEATING, INC.",67 IPSWICH RD,BOXFORD,MA,01921-2020,03/06/2021,Paid in Full,24,100,284215,284215,0,,89255,"North Shore Bank, a Co-operative Bank","248 Andover St, Route 114",Peabody,MA,01960-1502,U,N,N,Existing or more than 2 years old,BOXFORD,ESSEX,MA,01921-2020,MA-06,15,238220,White,Not Hispanic or Latino,,284215,,,,,,Corporation,89255,"North Shore Bank, a Co-operative Bank",Peabody,MA,Male Owned,Non-Veteran,,286646.62,02/19/2021
3391478405,02/04/2021,0101,PPS,THE TOWNSEND GROUP INC.,815 Woburn St,Wilmington,MA,01887-3414,07/22/2021,Paid in Full,60,100,283593.03,283593.03,0,,32987,Eastern Bank,"Oliver Street Tower, 125, High St, Ste 901",Boston,MA,02110,U,N,N,Existing or more than 2 years old,Wilmington,MIDDLESEX,MA,01887-3414,MA-06,14,238220,Unanswered,Unknown/NotStated,1,283588.03,,,,,,Corporation,111954,Eastern Bank,North Andover,MA,Unanswered,Unanswered,,284727.4,07/06/2021
3755457808,05/27/2020,0101,PPP,OBIE MECHANICAL SERVICES INC,82 HERBERT ST,FRAMINGHAM,MA,01702,04/20/2021,Paid in Full,24,100,281100,281100,0,,434162,"Citizens Bank, National Association",1 Citizens Plaza,PROVIDENCE,RI,02903-1344,U,Y,Y,Existing or more than 2 years old,FRAMINGHAM,MIDDLESEX,MA,01702-1400,MA-05,18,238220,Unanswered,Hispanic or Latino,,281100,,,,,,Subchapter S Corporation,434162,"Citizens Bank, National Association",PROVIDENCE,RI,Male Owned,Non-Veteran,,283294.89,03/11/2021
4114188310,01/22/2021,0101,PPS,OBIE MECHANICAL SERVICES INC,82 Herbert St Unit 1E,Framingham,MA,01702-8772,10/22/2021,Paid in Full,60,100,281100,281100,0,,434162,"Citizens Bank, National Association",1 Citizens Plaza,PROVIDENCE,RI,02903-1344,U,Y,Y,Existing or more than 2 years old,Framingham,MIDDLESEX,MA,01702-8772,MA-05,16,238220,Unanswered,Hispanic or Latino,,281100,,,,,,Subchapter S Corporation,434162,"Citizens Bank, National Association",PROVIDENCE,RI,Male Owned,Non-Veteran,,282778.9,09/01/2021
5561078406,02/08/2021,0101,PPS,LUNDY INC.,5 Pinecrest Rd,Hingham,MA,02043-3027,01/14/2022,Paid in Full,60,100,280885,280885,0,,33475,South Shore Bank,1530 Main St,WEYMOUTH,MA,02190-1310,U,N,N,Existing or more than 2 years old,Hingham,PLYMOUTH,MA,02043-3027,MA-08,20,238220,White,Not Hispanic or Latino,1,280881,,,,,,Corporation,33475,South Shore Bank,WEYMOUTH,MA,Male Owned,Non-Veteran,,283288.13,12/16/2021
8612297106,04/15/2020,0101,PPP,ZONE MECHANICAL INC,160 Bear Hill Road,WALTHAM,MA,02451-1036,05/28/2021,Paid in Full,24,100,279490,279490,0,,89298,StonehamBank,80 Montvale Ave,STONEHAM,MA,02180-2893,U,N,N,Existing or more than 2 years old,WALTHAM,MIDDLESEX,MA,02451-1036,MA-05,16,238220,Unanswered,Unknown/NotStated,,279490,,,,,,Corporation,89298,StonehamBank,STONEHAM,MA,Male Owned,Veteran,,281710.39,02/05/2021
3052877210,04/16/2020,0130,PPP,DF PLUMBING & MECHANICAL CONTRACTORS,9 STADLER ST,BELCHERTOWN,MA,01007-9448,08/12/2021,Paid in Full,24,100,303300,279200,0,,33389,Country Bank for Savings,"15, South St, Ste C",Ware,MA,01082,U,N,N,Existing or more than 2 years old,BELCHERTOWN,HAMPSHIRE,MA,01007-9448,MA-01,25,238220,Unanswered,Unknown/NotStated,,279200,,,,,,Limited  Liability Company(LLC),33389,Country Bank for Savings,Ware,MA,Unanswered,Unanswered,,282697.76,07/26/2021
4238848407,02/06/2021,0130,PPS,DAVID FREDENBURGH,9 Stadler St,Belchertown,MA,01007-9448,01/11/2022,Paid in Full,60,100,279200,279200,0,,33389,Country Bank for Savings,"15, South St, Ste C",Ware,MA,01082,U,N,N,Existing or more than 2 years old,Belchertown,HAMPSHIRE,MA,01007-9448,MA-01,22,238220,Unanswered,Unknown/NotStated,,279198,,,,,,Limited  Liability Company(LLC),33389,Country Bank for Savings,Ware,MA,Unanswered,Unanswered,,281643,12/22/2021
3188017100,04/11/2020,0101,PPP,"HOLDEN MECHANICAL CONTRACTORS, INC.",255 Brooks St,WORCESTER,MA,01606-3307,01/07/2021,Paid in Full,24,100,277800,277800,0,,32749,Clinton Savings Bank,200 Church St,CLINTON,MA,01510-2502,U,N,N,Existing or more than 2 years old,WORCESTER,WORCESTER,MA,01606-3307,MA-02,13,238220,White,Not Hispanic or Latino,,277800,,,,,,Subchapter S Corporation,32749,Clinton Savings Bank,CLINTON,MA,Male Owned,Unanswered,,279421.13,11/23/2020
7366998306,01/28/2021,0101,PPS,ZONE MECHANICAL INC.,160 Bear Hill Rd,Waltham,MA,02451-1036,04/13/2022,Paid in Full,60,100,277300,277300,0,,89298,StonehamBank,80 Montvale Ave,STONEHAM,MA,02180-2893,U,N,N,Existing or more than 2 years old,Waltham,MIDDLESEX,MA,02451-1036,MA-05,14,238220,Unanswered,Unknown/NotStated,1,277297,,,,,,Corporation,89298,StonehamBank,STONEHAM,MA,Male Owned,Veteran,,278509.34,07/13/2021
7133107006,04/07/2020,0101,PPP,"COOLING UNLIMITED, INC.",556 A Main Street,READING,MA,01867-3106,06/09/2021,Paid in Full,24,100,277200,277200,0,,33494,Northern Bank and Trust Company,"275 Mishawum Rd, Ste 100",WOBURN,MA,01801-8804,U,N,N,Existing or more than 2 years old,READING,MIDDLESEX,MA,01867-3106,MA-06,18,238220,Unanswered,Unknown/NotStated,,277200,,,,,,Corporation,33494,Northern Bank and Trust Company,WOBURN,MA,Unanswered,Unanswered,,278967.34,02/16/2021
1137878304,01/16/2021,0101,PPS,J D HALL CORPORATION,11 River St Ste 1,Middleton,MA,01949-2429,01/31/2022,Paid in Full,60,100,277089.92,277089.92,0,,89358,Reading Co-Operative Bank,180 Haven St,READING,MA,01867-2921,U,N,N,Existing or more than 2 years old,Middleton,ESSEX,MA,01949-2429,MA-06,23,238220,White,Not Hispanic or Latino,1,277087.92,,,,,,Corporation,89358,Reading Co-Operative Bank,READING,MA,Male Owned,Non-Veteran,,279506.76,12/10/2021
4166767204,04/27/2020,0130,PPP,"MORAN SHEET METAL, INC.",613 Meadow Street,AGAWAM,MA,01001-2012,01/07/2021,Paid in Full,24,100,276000,276000,0,,32869,PeoplesBank,330 Whitney Ave,HOLYOKE,MA,01040-2751,U,N,N,Unanswered,AGAWAM,HAMPDEN,MA,01001-2012,MA-01,39,238220,Unanswered,Not Hispanic or Latino,,276000,,,,,,Corporation,32869,PeoplesBank,HOLYOKE,MA,Male Owned,Non-Veteran,,277799.67,12/31/2020
2754118310,01/21/2021,0101,PPS,KARPOUZIS COMMERCIAL REFRIGERATION INC.,875 Waverley St,Framingham,MA,01702-6812,09/08/2021,Paid in Full,60,100,275892.6,275892.6,0,,84345,MutualOne Bank,828 Concord St,FRAMINGHAM,MA,01701-4695,U,Y,Y,Existing or more than 2 years old,Framingham,MIDDLESEX,MA,01702-6812,MA-05,19,238220,White,Not Hispanic or Latino,,275892.6,,,,,,Corporation,84345,MutualOne Bank,FRAMINGHAM,MA,Male Owned,Non-Veteran,,277419.46,08/18/2021
2692557103,04/11/2020,0101,PPP,"GERVAIS MECHANICAL SERVICES, LLC",317 SOUTHBRIDGE ST,AUBURN,MA,01501-2682,02/18/2021,Paid in Full,24,100,275600,275600,0,,32883,Avidia Bank,42 Main St,HUDSON,MA,01749-2123,U,N,N,New Business or 2 years or less,AUBURN,WORCESTER,MA,01501-2682,MA-02,24,238220,Unanswered,Unknown/NotStated,,275600,,,,,,Limited  Liability Company(LLC),32883,Avidia Bank,HUDSON,MA,Unanswered,Unanswered,,277582.79,01/08/2021
8389238505,03/09/2021,0101,PPS,DRAIN DOCTOR INC.,612 Broadway,Somerville,MA,02145-2562,04/20/2022,Paid in Full,60,100,275134.62,275134.62,0,,32987,Eastern Bank,"Oliver Street Tower, 125, High St, Ste 901",Boston,MA,02110,U,N,N,Existing or more than 2 years old,Somerville,MIDDLESEX,MA,02145-2562,MA-07,18,238220,Unanswered,Unknown/NotStated,,275134.62,,,,,,Corporation,33330,Eastern Bank,Somerville,MA,Unanswered,Unanswered,,277824.83,02/25/2022
1982707104,04/10/2020,0101,PPP,SOLAR ON EARTH INC,11 WILLOW RD,AYER,MA,01432-1500,12/17/2020,Paid in Full,24,100,273600,273600,0,,32883,Avidia Bank,42 Main St,HUDSON,MA,01749-2123,U,N,N,Existing or more than 2 years old,AYER,MIDDLESEX,MA,01432-1500,MA-03,25,238220,Unanswered,Unknown/NotStated,,273600,,,,,,Corporation,32883,Avidia Bank,HUDSON,MA,Male Owned,Unanswered,,275089.6,11/03/2020
9179037101,04/15/2020,0101,PPP,"NORTHSTAR MECHANICAL, INC.",95 CAMELOT DR UNIT 1,PLYMOUTH,MA,02360,02/10/2021,Paid in Full,24,100,272000,272000,0,,33263,Rockland Trust Company,288 Union St,ROCKLAND,MA,02370-1803,U,N,N,Existing or more than 2 years old,PLYMOUTH,PLYMOUTH,MA,02360-0001,MA-09,17,238220,Unanswered,Not Hispanic or Latino,,272000,,,,,,Subchapter S Corporation,33263,Rockland Trust Company,ROCKLAND,MA,Male Owned,Non-Veteran,,273979.56,01/12/2021
4471157009,04/03/2020,0101,PPP,CONTROL POINT MECHANICAL INC.,165 MEMORIAL DR Suite F,SHREWSBURY,MA,01545-4030,10/16/2021,Paid in Full,24,100,270000,270000,0,,33428,Webster Five Cents Savings Bank,136 Thompson Rd,WEBSTER,MA,01570-1416,U,N,N,Existing or more than 2 years old,SHREWSBURY,WORCESTER,MA,01545-4030,MA-02,17,238220,Unanswered,Unknown/NotStated,13500,216000,13500,13500,,13500,,Subchapter S Corporation,33428,Webster Five Cents Savings Bank,WEBSTER,MA,Male Owned,Unanswered,,273892.5,09/15/2021
9392617010,04/09/2020,0101,PPP,"BILO PLUMBING & HEATING CO., INC.",198 HIGH ST,IPSWICH,MA,01938-1248,03/09/2021,Paid in Full,24,100,269245,269245,0,,32688,Brookline Bank,2 Harvard St,BROOKLINE,MA,02445-7905,U,N,N,Existing or more than 2 years old,IPSWICH,ESSEX,MA,01938-1248,MA-06,24,238220,Unanswered,Unknown/NotStated,,269245,,,,,,Corporation,32688,Brookline Bank,BROOKLINE,MA,Unanswered,Unanswered,,271398.96,02/09/2021
3871088503,02/24/2021,0101,PPS,DESIGN FLOW ASSOCIATES LLC,27 Lantern Ln,Halifax,MA,02338-1122,10/15/2021,Paid in Full,60,100,267911.35,267911.35,0,,33192,North Easton Savings Bank,20 Eastman St,SOUTH EASTON,MA,02375-1249,U,N,N,Existing or more than 2 years old,Halifax,PLYMOUTH,MA,02338-1122,MA-09,7,238220,Unanswered,Not Hispanic or Latino,,267911.35,,,,,,Limited Liability Partnership,33192,North Easton Savings Bank,SOUTH EASTON,MA,Male Owned,Veteran,,269386.7,09/14/2021
5179507004,04/05/2020,0101,PPP,"LC MECHANICAL, INC",147 HYACINTH ST,FALL RIVER,MA,02720-7600,03/19/2021,Paid in Full,24,100,277900,267300,0,,32792,Fall River Five Cents Savings Bank d/b/a BankFive,79 N Main St,FALL RIVER,MA,02720-2123,U,N,N,Existing or more than 2 years old,FALL RIVER,BRISTOL,MA,02720-7600,MA-04,19,238220,Unanswered,Unknown/NotStated,,267300,,,,,,Corporation,32792,Fall River Five Cents Savings Bank d/b/a BankFive,FALL RIVER,MA,Male Owned,Unanswered,,269540.93,02/17/2021
6027697010,04/06/2020,0101,PPP,BELMONT ENERGY CORPORATION,42 Brighton St,BELMONT,MA,02478-4172,01/12/2021,Paid in Full,24,100,265270,265270,0,,46391,Manufacturers and Traders Trust Company,"One M & T Plaza, 15th Fl",BUFFALO,NY,14203,U,N,N,Existing or more than 2 years old,BELMONT,MIDDLESEX,MA,02478-4172,MA-05,13,238220,Unanswered,Unknown/NotStated,,265270,,,,,,Subchapter S Corporation,15793,Manufacturers and Traders Trust Company,Bridgeport,CT,Unanswered,Unanswered,,266868.89,11/30/2020
6421717208,04/28/2020,0101,PPP,FULLIN & BETTENCOURT PLUMBING & HEATING INC,23A N Line Rd,Edgartown,MA,02539-6008,03/18/2021,Paid in Full,24,100,264880,264880,0,,32844,The Cape Cod Five Cents Savings Bank,1500 Iyannough Rd,HYANNIS,MA,02601,R,Y,N,Existing or more than 2 years old,Edgartown,DUKES,MA,02539-6008,MA-09,17,238220,Unanswered,Unknown/NotStated,,264880,,,,,,Subchapter S Corporation,32844,The Cape Cod Five Cents Savings Bank,HYANNIS,MA,Unanswered,Unanswered,,266829.81,02/09/2021
6259227204,04/27/2020,0101,PPP,DESIGN FLOW ASSOCIATES LLC,27 Lantern Ln,Halifax,MA,02338-1122,07/16/2021,Paid in Full,24,100,263047,263047,0,,33192,North Easton Savings Bank,20 Eastman St,SOUTH EASTON,MA,02375-1249,U,N,N,Existing or more than 2 years old,Halifax,PLYMOUTH,MA,02338-1122,MA-09,9,238220,Unanswered,Not Hispanic or Latino,,263047,,,,,,Limited Liability Partnership,33192,North Easton Savings Bank,SOUTH EASTON,MA,Male Owned,Non-Veteran,,265929.71,06/11/2021
4800327003,04/04/2020,0101,PPP,ACE TEMPERATURE CONTROL INC.,30 WARD ST,WORCESTER,MA,01610-1923,11/18/2020,Paid in Full,24,100,262500,262500,0,,33497,Bay State Savings Bank,28-32 Franklin St,Worcester,MA,01608,U,Y,Y,Existing or more than 2 years old,WORCESTER,WORCESTER,MA,01610-1923,MA-02,19,238220,White,Not Hispanic or Latino,,262500,,,,,,Corporation,33497,Bay State Savings Bank,Worcester,MA,Male Owned,Non-Veteran,,263958.33,11/03/2020
5680118506,03/01/2021,0101,PPS,WEST MECHANICAL INC,1000 Turnpike St,Canton,MA,02021-2839,09/21/2021,Paid in Full,60,100,262500,262500,0,,84894,"Santander Bank, National Association","824 N Market St, Ste 100",WILMINGTON,DE,19801-4937,U,N,N,Existing or more than 2 years old,Canton,NORFOLK,MA,02021-2839,MA-08,15,238220,Unanswered,Not Hispanic or Latino,,262498,,,,,,Corporation,84894,"Santander Bank, National Association",WILMINGTON,DE,Male Owned,Non-Veteran,,263657.88,08/11/2021
5013288409,02/07/2021,0130,PPS,E W S PLUMBING & HEATING INC,339 Main St,Monson,MA,01057-1306,09/28/2021,Paid in Full,60,100,262315,262315,0,,9551,"Bank of America, National Association","100 N Tryon St, Ste 170",CHARLOTTE,NC,28202-4024,U,N,N,Existing or more than 2 years old,Monson,HAMPDEN,MA,01057-1306,MA-01,18,238220,White,Not Hispanic or Latino,1,262313,,,,,,Corporation,9551,"Bank of America, National Association",CHARLOTTE,NC,Unanswered,Unanswered,,263745.16,08/26/2021
4676857000,04/04/2020,0101,PPP,"DEWOLFE CONTRACTING, INC.",211 SHREWSBURY ST,WEST BOYLSTON,MA,01583-2107,02/04/2021,Paid in Full,24,100,261200,261200,0,,89228,bankHometown,31 Sutton Ave,OXFORD,MA,01540-1755,U,N,N,Existing or more than 2 years old,WEST BOYLSTON,WORCESTER,MA,01583-2107,MA-02,47,238220,Unanswered,Unknown/NotStated,,261200,,,,,,Corporation,89228,bankHometown,OXFORD,MA,Unanswered,Unanswered,,263125.01,01/11/2021
4424557204,04/27/2020,0101,PPP,STAR PETROLEUM CO INC,95 Washington Street,Foxboro,MA,02035,09/29/2021,Paid in Full,24,100,260900,260900,0,,29805,"TD Bank, National Association",2035 Limestone Rd,WILMINGTON,DE,19808-5529,U,N,N,Existing or more than 2 years old,Foxboro,NORFOLK,MA,02035-0001,MA-04,25,238220,Unanswered,Unknown/NotStated,,260900,,,,,,Corporation,29805,"TD Bank, National Association",WILMINGTON,DE,Unanswered,Unanswered,,264248.22,08/05/2021
3262377102,04/11/2020,0101,PPP,"BRIGGS MECHANICAL, INC.",149 CHESTNUT ST,NORTH ATTLEBORO,MA,02760-3201,02/07/2022,Paid in Full,24,100,259900,259900,0,,33371,Bristol County Savings Bank,29 Broadway,TAUNTON,MA,02780-3269,U,Y,N,Existing or more than 2 years old,NORTH ATTLEBORO,BRISTOL,MA,02760-3201,MA-04,20,238220,Unanswered,Unknown/NotStated,10379.8,207976,10379.8,10379.8,,10404.8,10379.8,Corporation,33371,Bristol County Savings Bank,TAUNTON,MA,Unanswered,Unanswered,,262080.27,02/17/2021
4724998510,02/26/2021,0101,PPS,MUISE MECHANICAL INC.,9 Cartwright Ln,Billerica,MA,01821-3772,01/06/2022,Paid in Full,60,100,259100,259100,0,,112598,Enterprise Bank and Trust Company,222 Merrimack St,LOWELL,MA,01852-5913,U,N,N,Existing or more than 2 years old,Billerica,MIDDLESEX,MA,01821-3772,MA-06,19,238220,Unanswered,Unknown/NotStated,,259099,,,,,,Subchapter S Corporation,112598,Enterprise Bank and Trust Company,LOWELL,MA,Unanswered,Unanswered,,261158.41,12/14/2021
6343728309,01/26/2021,0101,PPS,BACK BAY MECHANICAL CORPORATION,260 Tosca Dr,Stoughton,MA,02072-1506,10/16/2021,Paid in Full,60,100,257712,257712,0,,84894,"Santander Bank, National Association","824 N Market St, Ste 100",WILMINGTON,DE,19801-4937,U,N,N,Existing or more than 2 years old,Stoughton,NORFOLK,MA,02072-1506,MA-08,9,238220,American Indian or Alaska Native,Unknown/NotStated,,257712,,,,,,Corporation,84894,"Santander Bank, National Association",WILMINGTON,DE,Male Owned,Non-Veteran,,259237.09,09/01/2021
8104777101,04/15/2020,0101,PPP,MINUS ELEVEN INC,70 Finnell Drive Suite 11,WEYMOUTH,MA,02188,06/24/2021,Paid in Full,24,100,256300,256300,0,,434162,"Citizens Bank, National Association",1 Citizens Plaza,PROVIDENCE,RI,02903-1344,U,N,N,Existing or more than 2 years old,WEYMOUTH,NORFOLK,MA,02188-0001,MA-08,15,238220,Unanswered,Unknown/NotStated,,256300,,,,,,Corporation,434162,"Citizens Bank, National Association",PROVIDENCE,RI,Unanswered,Unanswered,,258666.39,03/31/2021
9497047001,04/09/2020,0101,PPP,"HOKUM ROCK CORPORATION, THE",357 HOKUM ROCK RD,DENNIS,MA,02638,12/04/2020,Paid in Full,24,100,255100,255100,0,,89212,The Cooperative Bank of Cape Cod,25 Benjamin Franklin Way,HYANNIS,MA,02601-8140,U,N,N,Existing or more than 2 years old,DENNIS,BARNSTABLE,MA,02638-0001,MA-09,18,238220,Unanswered,Unknown/NotStated,,255100,,,,,,Corporation,89212,The Cooperative Bank of Cape Cod,HYANNIS,MA,Unanswered,Unanswered,,256488.88,11/03/2020
7073327010,04/07/2020,0101,PPP,"DAVID HEATING AND COOLING, INC.",19 CHURCH ST,MERRIMAC,MA,01860-1502,11/17/2020,Paid in Full,24,100,253261.55,253261.55,0,,89268,Haverhill Bank,180 Merrimack St,HAVERHILL,MA,01830-6128,U,N,N,Existing or more than 2 years old,MERRIMAC,ESSEX,MA,01860-1502,MA-06,17,238220,Unanswered,Unknown/NotStated,,253261.55,,,,,,Corporation,89268,Haverhill Bank,HAVERHILL,MA,Unanswered,Unanswered,,254703.93,02/16/2021
9054057103,04/15/2020,0130,PPP,"RENE L. COTE SONS, INC.",896 MAIN ST,HOLYOKE,MA,01040-7400,10/17/2020,Paid in Full,24,100,252107,252107,0,,33436,Westfield Bank,141 Elm St,WESTFIELD,MA,01085-2910,U,Y,Y,Existing or more than 2 years old,HOLYOKE,HAMPDEN,MA,01040-7400,MA-01,12,238220,Unanswered,Unknown/NotStated,,252107,,,,,,Corporation,33436,Westfield Bank,WESTFIELD,MA,Unanswered,Unanswered,,,
4351507002,04/03/2020,0130,PPP,"LEPREVOST PLUMBING & HEATING, INC.",18 RUN WAY,LEE,MA,01238-9612,12/17/2020,Paid in Full,24,100,250000,250000,0,,32955,Lee Bank,75 Park St,LEE,MA,01238-1701,R,N,N,Existing or more than 2 years old,LEE,BERKSHIRE,MA,01238-9612,MA-01,17,238220,White,Not Hispanic or Latino,,250000,,,,,,Corporation,32955,Lee Bank,LEE,MA,Male Owned,Unanswered,,251410.96,11/03/2020
7418537108,04/14/2020,0101,PPP,LUNDY INC.,5 PINECREST RD,HINGHAM,MA,02043-3027,02/20/2021,Paid in Full,24,100,249100,249100,0,,33475,South Shore Bank,1530 Main St,WEYMOUTH,MA,02190-1310,U,N,N,Existing or more than 2 years old,HINGHAM,PLYMOUTH,MA,02043-3027,MA-08,25,238220,White,Not Hispanic or Latino,,249100,,,,,,Corporation,33475,South Shore Bank,WEYMOUTH,MA,Male Owned,Non-Veteran,,251065.12,01/28/2021
8666388710,04/07/2021,0101,PPS,J S MORTIMER INC,13 Rockland Rd,Auburn,MA,01501-2023,04/15/2022,Paid in Full,60,100,246715,246715,0,,29805,"TD Bank, National Association",2035 Limestone Rd,WILMINGTON,DE,19808-5529,U,N,N,Existing or more than 2 years old,Auburn,WORCESTER,MA,01501-2023,MA-02,18,238220,Unanswered,Unknown/NotStated,1,246713,,,,,,Subchapter S Corporation,29805,"TD Bank, National Association",WILMINGTON,DE,Unanswered,Unanswered,,249065.65,03/18/2022
9054447200,04/28/2020,0101,PPP,BRUNO BROTHERS PLUMBING & HVAC INC.,10 PATRICK AVE,BILLERICA,MA,01821-5503,07/08/2021,Paid in Full,24,100,246700,246700,0,,112598,Enterprise Bank and Trust Company,222 Merrimack St,LOWELL,MA,01852-5913,U,N,N,Existing or more than 2 years old,BILLERICA,MIDDLESEX,MA,01821-5503,MA-06,80,238220,Unanswered,Unknown/NotStated,,246700,,,,,,Corporation,112598,Enterprise Bank and Trust Company,LOWELL,MA,Unanswered,Unanswered,,249393.14,06/04/2021
4736557105,04/13/2020,0101,PPP,ARRELL CORP,36 Spinelli Pl Cambridge Ma 02138-1064,Cambridge,MA,02138-1046,12/17/2020,Paid in Full,24,100,245790,245790,0,,32987,Eastern Bank,"Oliver Street Tower, 125, High St, Ste 901",Boston,MA,02110,U,N,N,Existing or more than 2 years old,Cambridge,MIDDLESEX,MA,02138-1046,MA-05,21,238220,Unanswered,Unknown/NotStated,,245790,,,,,,Corporation,32708,Eastern Bank,Cambridge,MA,Male Owned,Non-Veteran,,247114.54,11/03/2020
5085847305,04/30/2020,0101,PPP,SYDNEY SHEET METAL,7 Gaston street,Dorchester,MA,02121,05/18/2022,Paid in Full,59,100,245000,245000,0,,84894,"Santander Bank, National Association","824 N Market St, Ste 100",WILMINGTON,DE,19801-4937,U,Y,Y,Existing or more than 2 years old,Dorchester,SUFFOLK,MA,02121-0001,MA-07,8,238220,Unanswered,Unknown/NotStated,,245000,,,,,,Corporation,84894,"Santander Bank, National Association",WILMINGTON,DE,Unanswered,Unanswered,,249772.47,04/18/2022
4109077300,04/29/2020,0101,PPP,JUNCTION INCORPORATED,"588 Pleasant St, Unit 6",Norwood,MA,02062,10/14/2021,Paid in Full,24,100,243860,243700,0,,89236,Needham Bank,1063 Great Plain Ave,NEEDHAM,MA,02492-2302,U,N,N,Existing or more than 2 years old,Norwood,NORFOLK,MA,02062-0001,MA-08,23,238220,Unanswered,Not Hispanic or Latino,,243700,,,,,,Corporation,89236,Needham Bank,NEEDHAM,MA,Unanswered,Unanswered,,246793.64,08/16/2021
3781818308,01/22/2021,0101,PPS,WARREN ENTERPRISES INC.,271 Milton St,Dedham,MA,02026-2917,08/18/2021,Paid in Full,60,100,243318.97,243318.97,0,,32760,Dedham Institution for Savings,55 Elm St,DEDHAM,MA,02026-5996,U,N,N,Existing or more than 2 years old,Dedham,NORFOLK,MA,02026-2917,MA-08,14,238220,Unanswered,Unknown/NotStated,1,243316.97,,,,,,Corporation,32760,Dedham Institution for Savings,DEDHAM,MA,Unanswered,Unanswered,,244525.57,07/27/2021
6195238301,01/26/2021,0101,PPS,"TAVANO MECHANICAL SYSTEMS, LLC",270 Communication Way Unit 1B,Hyannis,MA,02601-1883,03/09/2022,Paid in Full,60,100,242957.5,242957.5,0,,32844,The Cape Cod Five Cents Savings Bank,1500 Iyannough Rd,HYANNIS,MA,02601,U,Y,Y,Existing or more than 2 years old,Hyannis,BARNSTABLE,MA,02601-1883,MA-09,21,238220,White,Hispanic or Latino,,242957.5,,,,,,Corporation,32844,The Cape Cod Five Cents Savings Bank,HYANNIS,MA,Male Owned,Non-Veteran,,245461.31,02/03/2022
6909407006,04/07/2020,0101,PPP,"READY-ROOTER, INC.","17 Jan Sebastian Drive, Unit 16",SANDWICH,MA,02563-2325,02/04/2021,Paid in Full,24,100,242900,242900,0,,89212,The Cooperative Bank of Cape Cod,25 Benjamin Franklin Way,HYANNIS,MA,02601-8140,U,N,N,Existing or more than 2 years old,SANDWICH,BARNSTABLE,MA,02563-2325,MA-09,15,238220,Unanswered,Unknown/NotStated,,242900,,,,,,Corporation,89212,The Cooperative Bank of Cape Cod,HYANNIS,MA,Male Owned,Non-Veteran,,244271.03,02/16/2021
3103217103,04/11/2020,0101,PPP,A FAGUNDES PLUMBING & HEATING INC.,225 STEDMAN ST Unit 16,LOWELL,MA,01851-2700,04/06/2021,Paid in Full,24,100,242500,242500,0,,112598,Enterprise Bank and Trust Company,222 Merrimack St,LOWELL,MA,01852-5913,U,N,Y,Existing or more than 2 years old,LOWELL,MIDDLESEX,MA,01851-2700,MA-03,25,238220,White,Not Hispanic or Latino,3000,223000,,12500,,4000,,Corporation,112598,Enterprise Bank and Trust Company,LOWELL,MA,Male Owned,Non-Veteran,,244615.14,03/02/2021
4927417003,04/04/2020,0101,PPP,AFM PLUMBING INC,370 CIRCUIT ST,NORWELL,MA,02061-2132,04/10/2021,Paid in Full,24,100,241100,241100,0,,89240,Mechanics Cooperative Bank,470 Myles Standish Blvd,Taunton,MA,02780,U,N,N,Existing or more than 2 years old,NORWELL,PLYMOUTH,MA,02061-2132,MA-09,20,238220,Unanswered,Unknown/NotStated,,227400,,13700,,,,Subchapter S Corporation,89240,Mechanics Cooperative Bank,Taunton,MA,Unanswered,Unanswered,,243283.29,03/09/2021
6245988400,02/10/2021,0101,PPS,ADVANCED ENERGY CONCEPTS OF WORCESTER INC,151 Southbridge St Ste 2,Auburn,MA,01501-2679,09/24/2021,Paid in Full,60,100,239200,239200,0,,89242,Savers Co-Operative Bank,270 Main St,SOUTHBRIDGE,MA,01550-2553,U,N,N,Existing or more than 2 years old,Auburn,WORCESTER,MA,01501-2679,MA-02,26,238220,Unanswered,Unknown/NotStated,1,239197,,,,,,Corporation,89242,Savers Co-Operative Bank,SOUTHBRIDGE,MA,Unanswered,Unanswered,,240497.58,09/07/2021
4254658801,04/16/2021,0101,PPP,RANCO ENTERPRISES INC,100 Hicks Ave,Medford,MA,02155-6319,05/12/2021,Paid in Full,59,100,238190.68,238190.68,0,,32987,Eastern Bank,"Oliver Street Tower, 125, High St, Ste 901",Boston,MA,02110,U,Y,N,Existing or more than 2 years old,Medford,MIDDLESEX,MA,02155-6319,MA-05,17,238220,Unanswered,Unknown/NotStated,1,238188.68,,,,,,Corporation,33330,Eastern Bank,Somerville,MA,Male Owned,Veteran,,240764.46,05/16/2022
2326668903,04/26/2021,0130,PPS,MANNYS PLUMBING AND HEATING INC,47 Tennis Rd,Agawam,MA,01001-2353,01/08/2022,Paid in Full,60,100,237690,237690,0,,46391,Manufacturers and Traders Trust Company,"One M & T Plaza, 15th Fl",BUFFALO,NY,14203,U,N,N,Existing or more than 2 years old,Agawam,HAMPDEN,MA,01001-2353,MA-01,28,238220,White,Unknown/NotStated,1,237684,,,,,,Corporation,15793,Manufacturers and Traders Trust Company,Bridgeport,CT,Male Owned,Unanswered,,239135.68,12/09/2021
5521407201,04/27/2020,0130,PPP,"MANNY'S PLUMBING & HEATING, INC.",47 tennis road,AGAWAM,MA,01001-2353,07/09/2021,Paid in Full,24,100,237600,237600,0,,46391,Manufacturers and Traders Trust Company,"One M & T Plaza, 15th Fl",BUFFALO,NY,14203,U,N,N,Existing or more than 2 years old,AGAWAM,HAMPDEN,MA,01001-2353,MA-01,23,238220,White,Unknown/NotStated,,237600,,,,,,Corporation,15793,Manufacturers and Traders Trust Company,Bridgeport,CT,Male Owned,Unanswered,,240216.85,06/08/2021
3040457107,04/11/2020,0101,PPP,SMART LLC,160 2ND ST,CHELSEA,MA,02150-1800,01/13/2022,Paid in Full,24,100,237000,237000,0,,32987,Eastern Bank,"Oliver Street Tower, 125, High St, Ste 901",Boston,MA,02110,U,Y,Y,Existing or more than 2 years old,CHELSEA,SUFFOLK,MA,02150-1800,MA-07,12,238220,White,Unknown/NotStated,,237000,,,,,,Limited  Liability Company(LLC),33330,Eastern Bank,Somerville,MA,Male Owned,Non-Veteran,,240752.5,11/16/2021
4020038310,01/22/2021,0101,PPS,HIM MECHANICAL SYSTEMS INC,90 1st St,Bridgewater,MA,02324-1070,03/21/2022,Paid in Full,60,100,236782.5,236782.5,0,,33371,Bristol County Savings Bank,29 Broadway,TAUNTON,MA,02780-3269,U,N,N,Existing or more than 2 years old,Bridgewater,PLYMOUTH,MA,02324-1070,MA-09,18,238220,Unanswered,Unknown/NotStated,,236782.5,,,,,,Corporation,33371,Bristol County Savings Bank,TAUNTON,MA,Unanswered,Unanswered,,239229.25,02/10/2022
2792577106,04/11/2020,0101,PPP,"H.I.M. MECHANICAL SYSTEMS, INC.",90 1ST ST,BRIDGEWATER,MA,02324-1070,02/07/2022,Paid in Full,24,100,236700,236700,0,,33371,Bristol County Savings Bank,29 Broadway,TAUNTON,MA,02780-3269,U,N,N,Existing or more than 2 years old,BRIDGEWATER,PLYMOUTH,MA,02324-1070,MA-09,12,238220,Unanswered,Unknown/NotStated,29588,177525,,29587,,,,Corporation,33371,Bristol County Savings Bank,TAUNTON,MA,Unanswered,Unanswered,,238139.93,11/30/2020
6516617706,05/01/2020,0101,PPP,BOSTON COOLING &AMP; HEATING CO INC,588 PLEASANT ST STE 1,NORWOOD,MA,02062-4553,02/19/2021,Paid in Full,24,100,235464,235464,0,,9551,"Bank of America, National Association","100 N Tryon St, Ste 170",CHARLOTTE,NC,28202-4024,U,N,N,New Business or 2 years or less,NORWOOD,NORFOLK,MA,02062-4553,MA-08,14,238220,Unanswered,Unknown/NotStated,,235464,,,,,,Corporation,9551,"Bank of America, National Association",CHARLOTTE,NC,Unanswered,Unanswered,,236986.45,12/30/2020
4679067103,04/13/2020,0101,PPP,FARINA CORPORATION,24 SPICE ST,CHARLESTOWN,MA,02129-1306,06/09/2021,Paid in Full,24,100,234200,234200,0,,33494,Northern Bank and Trust Company,"275 Mishawum Rd, Ste 100",WOBURN,MA,01801-8804,U,N,N,Existing or more than 2 years old,CHARLESTOWN,SUFFOLK,MA,02129-1306,MA-07,11,238220,Unanswered,Unknown/NotStated,,234200,,,,,,Subchapter S Corporation,33494,Northern Bank and Trust Company,WOBURN,MA,Unanswered,Unanswered,,235598.69,11/23/2020
7766347008,04/08/2020,0101,PPP,"CHASE AND TOLAN PLUMBING & HEATING, INC.",1 Summer Street,WATERTOWN,MA,02472,04/12/2022,Paid in Full,24,100,232355,232355,0,,33420,Watertown Savings Bank,60 Main St,WATERTOWN,MA,02472-4413,U,N,N,Existing or more than 2 years old,WATERTOWN,MIDDLESEX,MA,02472-1001,MA-05,14,238220,Unanswered,Not Hispanic or Latino,,,232355,,,,,Subchapter S Corporation,33420,Watertown Savings Bank,WATERTOWN,MA,Male Owned,Unanswered,,234459.1,03/03/2021
8083947104,04/15/2020,0101,PPP,"ELMAN PLUMBING CO., INC.",671 Sawmill Brook Parkway,Newton Centre,MA,02459,01/21/2021,Paid in Full,24,100,286900,232200,0,,434162,"Citizens Bank, National Association",1 Citizens Plaza,PROVIDENCE,RI,02903-1344,U,N,N,Existing or more than 2 years old,Newton Centre,MIDDLESEX,MA,02459-0001,MA-04,17,238220,Unanswered,Unknown/NotStated,,232200,,,,,,Subchapter S Corporation,434162,"Citizens Bank, National Association",PROVIDENCE,RI,Unanswered,Unanswered,,233551.22,02/16/2021
4660427104,04/13/2020,0101,PPP,"WILLIAM M COLLINS COMPANY, INC",105 Bay State Dr,Braintree,MA,02184,04/10/2021,Paid in Full,24,100,232118,232118,0,,33263,Rockland Trust Company,288 Union St,ROCKLAND,MA,02370-1803,U,N,N,Existing or more than 2 years old,Braintree,NORFOLK,MA,02184-1001,MA-08,12,238220,Unanswered,Unknown/NotStated,,232118,,,,,,Subchapter S Corporation,33263,Rockland Trust Company,ROCKLAND,MA,Unanswered,Unanswered,,234155.48,03/05/2021
9307297006,04/09/2020,0101,PPP,B & B MECHANICAL SERVICES INC.,"34 Sullivan Road, Suite 34",NORTH BILLERICA,MA,01862-1275,12/08/2020,Paid in Full,24,100,232054,232054,0,,32962,The Lowell Five Cent Savings Bank,"30, International Place",Tewksbury,MA,01876,U,N,N,Existing or more than 2 years old,NORTH BILLERICA,MIDDLESEX,MA,01862-1275,MA-03,12,238220,White,Not Hispanic or Latino,1900,213554,,2400,,14200,,Corporation,32962,The Lowell Five Cent Savings Bank,Tewksbury,MA,Male Owned,Non-Veteran,,233338.24,11/03/2020
3811618505,02/24/2021,0101,PPS,BRIGGS MECHANICAL INC.,149 Chestnut St,North Attleboro,MA,02760-3201,02/10/2022,Paid in Full,60,100,231085,231085,0,,33371,Bristol County Savings Bank,29 Broadway,TAUNTON,MA,02780-3269,U,Y,N,Existing or more than 2 years old,North Attleboro,BRISTOL,MA,02760-3201,MA-04,16,238220,Unanswered,Unknown/NotStated,1,231082,,,,,,Corporation,33371,Bristol County Savings Bank,TAUNTON,MA,Unanswered,Unanswered,,232734.69,11/10/2021
4838467005,04/04/2020,0101,PPP,"JIM DORSEY & SONS, INC",82 INGELL ST,TAUNTON,MA,02780-3507,02/06/2021,Paid in Full,24,100,230800,230800,0,,89240,Mechanics Cooperative Bank,470 Myles Standish Blvd,Taunton,MA,02780,U,Y,Y,Existing or more than 2 years old,TAUNTON,BRISTOL,MA,02780-3507,MA-04,24,238220,White,Not Hispanic or Latino,900,204200,,10000,,13800,1900,Corporation,89240,Mechanics Cooperative Bank,Taunton,MA,Unanswered,Unanswered,,232518.18,01/07/2021
6657197301,04/30/2020,0101,PPP,"T. DUPRE COMPANY, LLP",1565 MAIN ST Unit 200,TEWKSBURY,MA,01876-4735,06/04/2021,Paid in Full,24,100,230500,230500,0,,112598,Enterprise Bank and Trust Company,222 Merrimack St,LOWELL,MA,01852-5913,U,N,N,Existing or more than 2 years old,TEWKSBURY,MIDDLESEX,MA,01876-4735,MA-06,18,238220,Unanswered,Not Hispanic or Latino,,201500,,,,29000,,Limited Liability Partnership,112598,Enterprise Bank and Trust Company,LOWELL,MA,Male Owned,Unanswered,,232862.63,05/11/2021
2049228302,01/20/2021,0101,PPS,SUNDAY RIVER LLC,9 Bonazzoli Ave Ste 25,Hudson,MA,01749-2857,03/08/2022,Paid in Full,60,100,229921,229921.52,0,,87878,Pathward National Association,5501 S Broadband Ln,SIOUX FALLS,SD,57108-2253,U,N,N,Existing or more than 2 years old,Hudson,MIDDLESEX,MA,01749-2857,MA-03,12,238220,Unanswered,Not Hispanic or Latino,,229921.52,,,,,,Limited  Liability Company(LLC),87878,Pathward National Association,SIOUX FALLS,SD,Male Owned,Non-Veteran,,232353.02,03/03/2022
5100887000,04/05/2020,0101,PPP,"O'CONNELL PLUMBING, INC.",19A LARCHMONT RD,SALEM,MA,01970-2419,07/20/2021,Paid in Full,24,100,229400,229400,0,,89255,"North Shore Bank, a Co-operative Bank","248 Andover St, Route 114",Peabody,MA,01960-1502,U,N,N,Existing or more than 2 years old,SALEM,ESSEX,MA,01970-2419,MA-06,8,238220,Unanswered,Unknown/NotStated,,229400,,,,,,Corporation,89255,"North Shore Bank, a Co-operative Bank",Peabody,MA,Unanswered,Unanswered,,231955.26,05/21/2021
9780537001,04/09/2020,0101,PPP,SUNDAY RIVER LLC,9 Bonazzoli Ave Ste 25,Hudson,MA,01749-2849,03/23/2021,Paid in Full,24,100,229035,229035,0,,87878,Pathward National Association,5501 S Broadband Ln,SIOUX FALLS,SD,57108-2253,U,N,N,New Business or 2 years or less,Hudson,MIDDLESEX,MA,01749-2849,MA-03,13,238220,Unanswered,Not Hispanic or Latino,,229035,,,,,,Limited  Liability Company(LLC),87878,Pathward National Association,SIOUX FALLS,SD,Male Owned,Non-Veteran,,230898.65,02/11/2021
4718007100,04/13/2020,0101,PPP,WJS MECHANICAL CORP,90 Worthern Place,TEWKSBURY,MA,01876-3578,04/14/2021,Paid in Full,24,100,228800,228800,0,,98350,Hanscom FCU,1610 Eglin St,HANSCOM AIR FORCE BASE,MA,01731-2616,U,N,N,Existing or more than 2 years old,TEWKSBURY,MIDDLESEX,MA,01876-3578,MA-06,85,238220,White,Unknown/NotStated,,228800,,,,,,Corporation,98350,Hanscom FCU,HANSCOM AIR FORCE BASE,MA,Male Owned,Veteran,,231050.39,04/08/2021
6755537104,04/14/2020,0101,PPP,ASAP DRAINS INC,405 A ESSEX ST,SALEM,MA,01970-3155,03/31/2022,Paid in Full,24,100,228000,228000,0,,33304,Salem Five Cents Savings Bank,210 Essex St,SALEM,MA,01970-3705,U,Y,Y,Existing or more than 2 years old,SALEM,ESSEX,MA,01970-3155,MA-06,17,238220,Unanswered,Unknown/NotStated,,228000,,,,,,Subchapter S Corporation,33304,Salem Five Cents Savings Bank,SALEM,MA,Unanswered,Unanswered,,229862,02/11/2021
3112007210,04/16/2020,0101,PPP,"BRENNAN & CO., LLC","79 Madaline Lane 148 Katama Rd Edgrtown, MA",Vineyard Haven,MA,02568,08/20/2021,Paid in Full,24,100,227500,227500,0,,32770,Martha's Vineyard Bank,78 Main St,EDGARTOWN,MA,02539,R,Y,Y,Existing or more than 2 years old,Vineyard Haven,DUKES,MA,02568-0001,MA-09,20,238220,Unanswered,Unknown/NotStated,,227500,,,,,,Subchapter S Corporation,32770,Martha's Vineyard Bank,EDGARTOWN,MA,Unanswered,Unanswered,,230423.22,08/09/2021
1930198405,02/02/2021,0101,PPS,WJS MECHANICAL CORP.,90 Worthern Pl,Tewksbury,MA,01876-3578,11/19/2021,Paid in Full,60,100,227251.45,227251.45,0,,98350,Hanscom FCU,1610 Eglin St,HANSCOM AIR FORCE BASE,MA,01731-2616,U,N,N,Existing or more than 2 years old,Tewksbury,MIDDLESEX,MA,01876-3578,MA-06,19,238220,White,Unknown/NotStated,,227251.45,,,,,,Corporation,98350,Hanscom FCU,HANSCOM AIR FORCE BASE,MA,Male Owned,Veteran,,228932.49,11/10/2021
5201058309,01/25/2021,0130,PPS,GENNARI PLUMBING & HEATING INC.,305 Stockbridge Rd,Great Barrington,MA,01230-1387,03/10/2021,Paid in Full,60,100,224900,224900,0,,98464,Greylock FCU,150 West St,PITTSFIELD,MA,01201-9114,R,N,N,Existing or more than 2 years old,Great Barrington,BERKSHIRE,MA,01230-1387,MA-01,12,238220,Unanswered,Unknown/NotStated,1,224894,,,,,,Corporation,98464,Greylock FCU,PITTSFIELD,MA,Unanswered,Unanswered,,227792.46,05/23/2022
5306178600,03/20/2021,0101,PPS,HOLDEN MECHANICAL CONTRACTORS INC.,255 Brooks St,Worcester,MA,01606-3307,11/06/2021,Paid in Full,60,100,224850,224850,0,,32749,Clinton Savings Bank,200 Church St,CLINTON,MA,01510-2502,U,N,N,Existing or more than 2 years old,Worcester,WORCESTER,MA,01606-3307,MA-02,14,238220,White,Not Hispanic or Latino,,224850,,,,,,Subchapter S Corporation,32749,Clinton Savings Bank,CLINTON,MA,Male Owned,Unanswered,,226143.66,10/25/2021
6023217107,04/14/2020,0101,PPP,"BJ DOYLE, INC.",4 JEWEL DR Unit 8,WILMINGTON,MA,01887-3334,06/09/2021,Paid in Full,24,100,127300,224500,0,,33494,Northern Bank and Trust Company,"275 Mishawum Rd, Ste 100",WOBURN,MA,01801-8804,U,N,N,Existing or more than 2 years old,WILMINGTON,MIDDLESEX,MA,01887-3334,MA-06,19,238220,Unanswered,Unknown/NotStated,,224500,,,,,,Subchapter S Corporation,33494,Northern Bank and Trust Company,WOBURN,MA,Unanswered,Unanswered,,225672.39,11/03/2020
7592147006,04/07/2020,0101,PPP,"KIRKLAND AND SHAW, INC.",5 ADAMS ST,BURLINGTON,MA,01803-4917,04/08/2021,Paid in Full,24,100,224500,224500,0,,32688,Brookline Bank,2 Harvard St,BROOKLINE,MA,02445-7905,U,N,N,Existing or more than 2 years old,BURLINGTON,MIDDLESEX,MA,01803-4917,MA-06,16,238220,Unanswered,Unknown/NotStated,,224500,,,,,,Corporation,32688,Brookline Bank,BROOKLINE,MA,Unanswered,Unanswered,,225934.76,02/16/2021
7144007104,04/14/2020,0101,PPP,"AYOTTE MECHANICAL, INC.",108 MIDDLESEX ST #5,NORTH CHELMSFORD,MA,01863-2058,04/06/2021,Paid in Full,24,100,224100,224100,0,,112598,Enterprise Bank and Trust Company,222 Merrimack St,LOWELL,MA,01852-5913,U,N,N,Existing or more than 2 years old,NORTH CHELMSFORD,MIDDLESEX,MA,01863-2058,MA-03,13,238220,Unanswered,Unknown/NotStated,,207200,,6100,,10800,,Corporation,112598,Enterprise Bank and Trust Company,LOWELL,MA,Unanswered,Unanswered,,226235.18,03/31/2021
3961078504,02/24/2021,0101,PPS,J.J. SULLIVAN PLUMBING & HEATING CO. INC.,8 Micro Dr,Woburn,MA,01801-5702,10/09/2021,Paid in Full,60,100,223572.17,223572.17,0,,32987,Eastern Bank,"Oliver Street Tower, 125, High St, Ste 901",Boston,MA,02110,U,N,N,Existing or more than 2 years old,Woburn,MIDDLESEX,MA,01801-5702,MA-05,17,238220,White,Not Hispanic or Latino,1,223570.17,,,,,,Corporation,33330,Eastern Bank,Somerville,MA,Male Owned,Unanswered,,224863.92,09/23/2021
1588727101,04/10/2020,0101,PPP,"ENERGY CONSTRUCTION SERVICES, INC.",213 SOUTHBRIDGE ST,AUBURN,MA,01501-2548,09/29/2021,Paid in Full,24,100,222070,222070,0,,29805,"TD Bank, National Association",2035 Limestone Rd,WILMINGTON,DE,19808-5529,U,N,N,Existing or more than 2 years old,AUBURN,WORCESTER,MA,01501-2548,MA-02,20,238220,Unanswered,Unknown/NotStated,,222070,,,,,,Corporation,29805,"TD Bank, National Association",WILMINGTON,DE,Unanswered,Unanswered,,212396.89,07/30/2021
6569557008,04/07/2020,0101,PPP,WHITNEY BROTHERS OIL CORPORATION,696 Main St,CLINTON,MA,01510-2430,02/19/2021,Paid in Full,24,100,221870,221870,0,,32883,Avidia Bank,42 Main St,HUDSON,MA,01749-2123,U,Y,Y,Existing or more than 2 years old,CLINTON,WORCESTER,MA,01510-2430,MA-03,17,238220,Unanswered,Unknown/NotStated,,221870,,,,,,Subchapter S Corporation,32883,Avidia Bank,HUDSON,MA,Unanswered,Unanswered,,223564.84,01/19/2021
8963547002,04/09/2020,0101,PPP,MUISE MECHANICAL INC,9 CARTWRIGHT LN,BILLERICA,MA,01821-3772,06/04/2021,Paid in Full,24,100,219700,219700,0,,112598,Enterprise Bank and Trust Company,222 Merrimack St,LOWELL,MA,01852-5913,U,N,N,Existing or more than 2 years old,BILLERICA,MIDDLESEX,MA,01821-3772,MA-06,20,238220,Unanswered,Unknown/NotStated,1702,201343,,2507,,14148,,Subchapter S Corporation,112598,Enterprise Bank and Trust Company,LOWELL,MA,Unanswered,Unanswered,,222073.98,05/12/2021
1262307202,04/15/2020,0101,PPP,BAYSIDE MECHANICAL CORP,497 Thomas B. Landers Road,EAST FALMOUTH,MA,02536-4452,03/11/2021,Paid in Full,24,100,217938.83,217938.83,0,,33263,Rockland Trust Company,288 Union St,ROCKLAND,MA,02370-1803,U,N,N,Existing or more than 2 years old,EAST FALMOUTH,BARNSTABLE,MA,02536-4452,MA-09,15,238220,Unanswered,Unknown/NotStated,,217938.83,,,,,,Corporation,33263,Rockland Trust Company,ROCKLAND,MA,Unanswered,Unanswered,,219736.83,02/17/2021
1166967201,04/15/2020,0101,PPP,KJ MILLER MECHANICAL,155 South Row Road,Townsend,MA,01469,05/20/2021,Paid in Full,24,100,217900,217900,0,,434162,"Citizens Bank, National Association",1 Citizens Plaza,PROVIDENCE,RI,02903-1344,U,N,N,Existing or more than 2 years old,Townsend,MIDDLESEX,MA,01469-0001,MA-03,13,238220,Unanswered,Unknown/NotStated,,217900,,,,,,Subchapter S Corporation,434162,"Citizens Bank, National Association",PROVIDENCE,RI,Unanswered,Unanswered,,220031.24,04/15/2021
8580547201,04/28/2020,0130,PPP,MCCORMICK-ALLUM COMPANY INC,165 STAFFORD ST,SPRINGFIELD,MA,01101,04/10/2021,Paid in Full,24,100,217500,217500,0,,32766,bankESB,36 Main St,EASTHAMPTON,MA,01027-2050,U,N,Y,Existing or more than 2 years old,SPRINGFIELD,HAMPDEN,MA,01101-0001,MA-01,26,238220,Unanswered,Unknown/NotStated,,217500,,,,,,Corporation,32766,bankESB,EASTHAMPTON,MA,Male Owned,Non-Veteran,,219347.26,03/15/2021
2923207308,04/29/2020,0101,PPP,"REDSTONE ENERGY, INC.",3 DABILIS AVE,TYNGSBORO,MA,01879-2458,10/09/2021,Paid in Full,24,100,217100,217100,0,,112598,Enterprise Bank and Trust Company,222 Merrimack St,LOWELL,MA,01852-5913,U,N,N,Existing or more than 2 years old,TYNGSBORO,MIDDLESEX,MA,01879-2458,MA-03,7,238220,Unanswered,Unknown/NotStated,3600,177900,,7600,,28000,,Corporation,112598,Enterprise Bank and Trust Company,LOWELL,MA,Unanswered,Unanswered,,200496.41,08/09/2021
7876278400,02/12/2021,0101,PPS,REDSTONE ENERGY INC.,3 Dabilis Ave,Tyngsboro,MA,01879-2458,04/06/2022,Paid in Full,60,100,217100,217100,0,,112598,Enterprise Bank and Trust Company,222 Merrimack St,LOWELL,MA,01852-5913,U,N,N,Existing or more than 2 years old,Tyngsboro,MIDDLESEX,MA,01879-2458,MA-03,12,238220,Unanswered,Unknown/NotStated,1,217096,,,,,,Corporation,112598,Enterprise Bank and Trust Company,LOWELL,MA,Unanswered,Unanswered,,219548.41,03/31/2022
2904647207,04/16/2020,0130,PPP,"GENNARI PLUMBING & HEATING, INC",305 STOCKBRIDGE RD SUITE 2,GREAT BARRINGTON,MA,01230-1301,08/07/2021,Paid in Full,24,100,214900,214900,0,,98464,Greylock FCU,150 West St,PITTSFIELD,MA,01201-9114,R,N,N,Existing or more than 2 years old,GREAT BARRINGTON,BERKSHIRE,MA,01230-1301,MA-01,12,238220,Unanswered,Unknown/NotStated,,214900,,,,,,Corporation,98464,Greylock FCU,PITTSFIELD,MA,Unanswered,Unanswered,,217490.74,07/06/2021
6534078307,01/27/2021,0101,PPS,T. SULLIVAN MECHANICAL INC.,1102 Hanover St Unit 1,Hanover,MA,02339-2043,01/14/2022,Paid in Full,60,100,214742,214742,0,,33475,South Shore Bank,1530 Main St,WEYMOUTH,MA,02190-1310,U,N,N,Existing or more than 2 years old,Hanover,PLYMOUTH,MA,02339-2043,MA-09,9,238220,Unanswered,Unknown/NotStated,1,214737,,,,,,Corporation,33475,South Shore Bank,WEYMOUTH,MA,Male Owned,Unanswered,,216638.89,12/14/2021
1006107202,04/15/2020,0101,PPP,BLUE BEAR PLUMBING INC,100 Corporate Park Drive #1740,PEMBROKE,MA,02359,05/08/2021,Paid in Full,24,100,214704.32,214704.32,0,,33263,Rockland Trust Company,288 Union St,ROCKLAND,MA,02370-1803,U,N,N,Existing or more than 2 years old,PEMBROKE,PLYMOUTH,MA,02359-0001,MA-09,26,238220,Unanswered,Unknown/NotStated,,214704.32,,,,,,Corporation,33263,Rockland Trust Company,ROCKLAND,MA,Unanswered,Unanswered,,216726.12,03/31/2021
2527607101,04/10/2020,0101,PPP,T. SULLIVAN MECHANICAL INC,1102 Hanover Street,HANOVER,MA,02339-2023,08/17/2021,Paid in Full,24,100,214700,214700,0,,33475,South Shore Bank,1530 Main St,WEYMOUTH,MA,02190-1310,U,N,N,Existing or more than 2 years old,HANOVER,PLYMOUTH,MA,02339-2023,MA-09,17,238220,Unanswered,Unknown/NotStated,,214700,,,,,,Corporation,33475,South Shore Bank,WEYMOUTH,MA,Male Owned,Unanswered,,217485.14,07/29/2021
3134318304,01/21/2021,0101,PPS,B&B MECHANICAL SERVICES INC,34 Sullivan Rd Ste 34,North Billerica,MA,01862-2000,07/07/2021,Paid in Full,60,100,214590,214590,0,,32962,The Lowell Five Cent Savings Bank,"30, International Place",Tewksbury,MA,01876,U,N,N,Existing or more than 2 years old,North Billerica,MIDDLESEX,MA,01862-2000,MA-03,14,238220,White,Not Hispanic or Latino,1,214585,,,,,,Corporation,32962,The Lowell Five Cent Savings Bank,Tewksbury,MA,Male Owned,Non-Veteran,,215442.48,06/23/2021
8146947102,04/15/2020,0101,PPP,BUDGE IT DRAINS INC,571 ELM ST unit B,BRIDGEWATER,MA,02324,04/20/2021,Paid in Full,24,100,214400,214400,0,,434162,"Citizens Bank, National Association",1 Citizens Plaza,PROVIDENCE,RI,02903-1344,U,N,N,Existing or more than 2 years old,BRIDGEWATER,PLYMOUTH,MA,02324-0001,MA-09,15,238220,Unanswered,Unknown/NotStated,,214400,,,,,,Corporation,434162,"Citizens Bank, National Association",PROVIDENCE,RI,Unanswered,Unanswered,,216303.17,03/11/2021
5864577709,05/01/2020,0101,PPP,GLOVER SHEET METAL INC,44 RIVERDALE AVE,NEWTON,MA,02458-1004,04/16/2021,Paid in Full,24,100,214334,214335,0,,9551,"Bank of America, National Association","100 N Tryon St, Ste 170",CHARLOTTE,NC,28202-4024,U,N,N,New Business or 2 years or less,NEWTON,MIDDLESEX,MA,02458-1004,MA-04,11,238220,White,Not Hispanic or Latino,,214335,,,,,,Corporation,9551,"Bank of America, National Association",CHARLOTTE,NC,Male Owned,Non-Veteran,,216101.36,03/11/2021
9413858302,01/30/2021,0101,PPS,BAYSIDE MECHANICAL CORP,497 Thomas B Landers Rd # 0,East Falmouth,MA,02536-4452,07/09/2022,Paid in Full,60,100,213480,213480,0,,33263,Rockland Trust Company,288 Union St,ROCKLAND,MA,02370-1803,U,N,N,Existing or more than 2 years old,East Falmouth,BARNSTABLE,MA,02536-4452,MA-09,19,238220,Unanswered,Unknown/NotStated,1,213474,,,,,,Corporation,33263,Rockland Trust Company,ROCKLAND,MA,Unanswered,Unanswered,,216474.65,06/22/2022
8148187103,04/15/2020,0101,PPP,R.P.HOLMES,97 Border Street,West Newton,MA,02465,01/21/2021,Paid in Full,24,100,213400,213400,0,,434162,"Citizens Bank, National Association",1 Citizens Plaza,PROVIDENCE,RI,02903-1344,U,N,N,Existing or more than 2 years old,West Newton,MIDDLESEX,MA,02465-0001,MA-04,9,238220,Unanswered,Unknown/NotStated,,213400,,,,,,Subchapter S Corporation,434162,"Citizens Bank, National Association",PROVIDENCE,RI,Unanswered,Unanswered,,214715.48,12/09/2020
8679828601,03/25/2021,0101,PPS,V&G  PLUMBING AND HEATING CO. LLC,5 Mason St,Worcester,MA,01609-1803,01/08/2022,Paid in Full,60,100,212500,212500,0,,98381,Leominster CU,20 Adams St,LEOMINSTER,MA,01453-5668,U,N,N,Existing or more than 2 years old,Worcester,WORCESTER,MA,01609-1803,MA-02,20,238220,White,Not Hispanic or Latino,1,212498,,,,,,Limited  Liability Company(LLC),98381,Leominster CU,LEOMINSTER,MA,Male Owned,Non-Veteran,,214042.36,12/16/2021
8680727106,04/15/2020,0101,PPP,MOURADIAN PLUMBING & HEATING INC.,32 Prentiss Rd.,Arlington,MA,02476,07/22/2021,Paid in Full,24,100,211870,211870,0,,29805,"TD Bank, National Association",2035 Limestone Rd,WILMINGTON,DE,19808-5529,U,N,N,Existing or more than 2 years old,Arlington,MIDDLESEX,MA,02476-0001,MA-05,11,238220,Unanswered,Unknown/NotStated,,211870,,,,,,Corporation,29805,"TD Bank, National Association",WILMINGTON,DE,Unanswered,Unanswered,,214383.01,06/24/2021
4707507004,04/04/2020,0101,PPP,IEC MECHANICAL CORPORATION,83 Leicester Street,NORTH OXFORD,MA,01537-1001,09/29/2021,Paid in Full,60,100,210300,210300,0,,109589,Digital FCU,865 Donald Lynch Blvd,Marlborough,MA,01752-4708,U,N,N,Existing or more than 2 years old,NORTH OXFORD,WORCESTER,MA,01537-1001,MA-01,16,238220,White,Not Hispanic or Latino,23248,169527,,5564,,9097,2864,Corporation,109589,Digital FCU,Marlborough,MA,Male Owned,Non-Veteran,,213109.84,08/11/2021
2731828809,04/13/2021,0101,PPS,A I M PLUMBING & HEATING,104 Copicut Rd,Assonet,MA,02702-1733,02/11/2022,Paid in Full,60,100,209725,209725,0,,32987,Eastern Bank,"Oliver Street Tower, 125, High St, Ste 901",Boston,MA,02110,U,Y,N,Existing or more than 2 years old,Assonet,BRISTOL,MA,02702-1733,MA-04,17,238220,White,Unknown/NotStated,1,209723,,,,,,Corporation,32987,Eastern Bank,Boston,MA,Male Owned,Non-Veteran,,211350.37,01/21/2022
2891407401,05/06/2020,0101,PPP,"A.I.M. PLUMBING & HEATING, INC.",6 COPICUT RD,ASSONET,MA,02702,06/11/2021,Paid in Full,24,100,209722,209722,0,,32987,Eastern Bank,"Oliver Street Tower, 125, High St, Ste 901",Boston,MA,02110,U,N,N,Existing or more than 2 years old,ASSONET,BRISTOL,MA,02702-0001,MA-04,8,238220,White,Unknown/NotStated,,209722,,,,,,Corporation,32987,Eastern Bank,Boston,MA,Male Owned,Non-Veteran,,211924.08,05/21/2021
4451337007,04/03/2020,0101,PPP,SANTON PLUMBING & HEATING INC,99 W MAIN ST,MILLBURY,MA,01527-2000,07/07/2021,Paid in Full,24,100,160800,209722,0,,89228,bankHometown,31 Sutton Ave,OXFORD,MA,01540-1755,U,N,N,Existing or more than 2 years old,MILLBURY,WORCESTER,MA,01527-2000,MA-02,30,238220,Unanswered,Unknown/NotStated,,209722,,,,,,Corporation,89228,bankHometown,OXFORD,MA,Unanswered,Unanswered,,212192.7,06/15/2021
4350727007,04/03/2020,0101,PPP,KEN PECORE PLUMBING & HEATING LLC,460 WORCESTER RD,CHARLTON,MA,01507-1508,08/20/2021,Paid in Full,24,100,208800,208800,0,,33352,Cornerstone Bank,230 Park Ave,WORCESTER,MA,01609-1918,U,N,N,Existing or more than 2 years old,CHARLTON,WORCESTER,MA,01507-1508,MA-01,12,238220,White,Not Hispanic or Latino,,208800,,,,,,Limited  Liability Company(LLC),33352,Cornerstone Bank,WORCESTER,MA,Male Owned,Non-Veteran,,209977.4,11/03/2020
3018677303,04/29/2020,0101,PPP,MECHANICAL MANAGEMENT INC,1501 MAIN ST UNIT 27,TEWKSBURY,MA,01876-4725,05/06/2021,Paid in Full,24,100,208500,208500,0,,112598,Enterprise Bank and Trust Company,222 Merrimack St,LOWELL,MA,01852-5913,U,N,N,Existing or more than 2 years old,TEWKSBURY,MIDDLESEX,MA,01876-4725,MA-06,13,238220,Unanswered,Unknown/NotStated,700,173700,,5300,,28800,,Corporation,112598,Enterprise Bank and Trust Company,LOWELL,MA,Male Owned,Non-Veteran,,210446,04/08/2021
4349297001,04/03/2020,0101,PPP,CPS CORPORATION,21 BRIGHAM ST,WESTBOROUGH,MA,01581-1603,12/18/2020,Paid in Full,24,100,208500,208500,0,,98539,St. Mary's CU,46 Lizotte Dr,MARLBOROUGH,MA,01752-3061,U,N,N,Existing or more than 2 years old,WESTBOROUGH,WORCESTER,MA,01581-1603,MA-02,12,238220,White,Not Hispanic or Latino,,166800,41700,,,,,Corporation,98539,St. Mary's CU,MARLBOROUGH,MA,Male Owned,Non-Veteran,,209687.28,02/12/2021
5088157000,04/05/2020,0101,PPP,"TAVANO MECHANICAL SYSTEMS, LLC",270 Comunications Way,HYANNIS,MA,02601-1883,03/17/2021,Paid in Full,24,100,222200,208000,0,,32844,The Cape Cod Five Cents Savings Bank,1500 Iyannough Rd,HYANNIS,MA,02601,U,N,Y,Existing or more than 2 years old,HYANNIS,BARNSTABLE,MA,02601-1883,MA-09,18,238220,White,Hispanic or Latino,,208000,,,,,,Corporation,32844,The Cape Cod Five Cents Savings Bank,HYANNIS,MA,Male Owned,Non-Veteran,,209298.56,02/12/2021
8609347107,04/15/2020,0101,PPP,KNEELAND PLUMBING & HEATING INC,63 HAMMOND ST,ROWLEY,MA,01969-1844,04/08/2021,Paid in Full,24,100,206470,206470,0,,32688,Brookline Bank,2 Harvard St,BROOKLINE,MA,02445-7905,U,N,N,Existing or more than 2 years old,ROWLEY,ESSEX,MA,01969-1844,MA-06,12,238220,Unanswered,Unknown/NotStated,,206470,,,,,,Corporation,32688,Brookline Bank,BROOKLINE,MA,Unanswered,Unanswered,,208213.52,02/26/2021
2748597104,04/11/2020,0101,PPP,"NORTHEAST MECHANICAL SOLUTIONS, INC.",12 COMMERCE ROAD,SHREWSBURY,MA,01545-4292,09/16/2021,Paid in Full,24,100,204460,204400,0,,33209,Berkshire Bank,99 North St,PITTSFIELD,MA,01201-5114,U,N,N,Existing or more than 2 years old,SHREWSBURY,WORCESTER,MA,01545-4292,MA-02,20,238220,Unanswered,Unknown/NotStated,,204400,,,,,,Subchapter S Corporation,33209,Berkshire Bank,PITTSFIELD,MA,Unanswered,Unanswered,,207054.4,08/26/2021
8971727705,05/01/2020,0101,PPP,CLIMATE TECHNOLOGIES INC (UNIQUE INDOOR COMFORT),77 Alexander Rd  9,Billerica,MA,01821,02/20/2021,Paid in Full,24,100,202500,202500,0,,434162,"Citizens Bank, National Association",1 Citizens Plaza,PROVIDENCE,RI,02903-1344,U,N,N,Existing or more than 2 years old,Billerica,MIDDLESEX,MA,01821-0001,MA-03,16,238220,Unanswered,Unknown/NotStated,,202500,,,,,,Corporation,434162,"Citizens Bank, National Association",PROVIDENCE,RI,Unanswered,Unanswered,,203942.47,01/28/2021
2128618506,02/19/2021,0101,PPS,IEC MECHANICAL CORPORATION,83 Leicester St,North Oxford,MA,01537-1001,10/11/2022,Paid in Full,60,100,201125,201125,0,,109589,Digital FCU,865 Donald Lynch Blvd,Marlborough,MA,01752-4708,U,N,N,Existing or more than 2 years old,North Oxford,WORCESTER,MA,01537-1001,MA-01,20,238220,White,Not Hispanic or Latino,1,201123,,,,,,Corporation,109589,Digital FCU,Marlborough,MA,Male Owned,Non-Veteran,,204253.61,09/07/2022
6590227008,04/07/2020,0101,PPP,"C & C TEMP CONTROL, INC.",167 SW CUTOFF,WORCESTER,MA,01604-2728,06/15/2021,Paid in Full,24,100,200300,200300,0,,33352,Cornerstone Bank,230 Park Ave,WORCESTER,MA,01609-1918,U,Y,Y,Existing or more than 2 years old,WORCESTER,WORCESTER,MA,01604-2728,MA-02,32,238220,White,Not Hispanic or Latino,,200300,,,,,,Corporation,33352,Cornerstone Bank,WORCESTER,MA,Male Owned,Non-Veteran,,202464.35,05/11/2021
6361228610,03/23/2021,0101,PPS,TOM FRICKER COMPLETE HEATING AND COOLING LLC,355R Chestnut St,Needham,MA,02492-2408,12/09/2021,Paid in Full,60,100,200122,200122,0,,33108,Middlesex Savings Bank,6 Main St,NATICK,MA,01760-4506,U,N,N,Existing or more than 2 years old,Needham,NORFOLK,MA,02492-2408,MA-04,15,238220,Unanswered,Unknown/NotStated,,200122,,,,,,Limited  Liability Company(LLC),33108,Middlesex Savings Bank,NATICK,MA,Unanswered,Unanswered,,201322.73,11/03/2021
7906437308,04/30/2020,0101,PPP,BACK BAY MECHANICAL CORP.,260 Toasca Drive,Stoughton,MA,02072,05/22/2021,Paid in Full,24,100,200000,200000,0,,84894,"Santander Bank, National Association","824 N Market St, Ste 100",WILMINGTON,DE,19801-4937,U,N,N,Existing or more than 2 years old,Stoughton,NORFOLK,MA,02072-0001,MA-08,10,238220,American Indian or Alaska Native,Unknown/NotStated,,200000,,,,,,Corporation,84894,"Santander Bank, National Association",WILMINGTON,DE,Male Owned,Non-Veteran,,201808.22,04/01/2021
9266607006,04/09/2020,0101,PPP,JJ SULLIVAN PLUMBING & HEATING CO INC,346 SOMERVILLE AVE,SOMERVILLE,MA,02143-2918,02/20/2021,Paid in Full,24,100,199500,199500,0,,32987,Eastern Bank,"Oliver Street Tower, 125, High St, Ste 901",Boston,MA,02110,U,N,Y,Existing or more than 2 years old,SOMERVILLE,MIDDLESEX,MA,02143-2918,MA-07,15,238220,White,Not Hispanic or Latino,,199500,,,,,,Corporation,33330,Eastern Bank,Somerville,MA,Male Owned,Unanswered,,200996.25,01/25/2021
8988617104,04/15/2020,0101,PPP,"RST THERMAL, INC",372 University Ave,Westwood,MA,02090,05/08/2021,Paid in Full,24,100,198910,198910,0,,33263,Rockland Trust Company,288 Union St,ROCKLAND,MA,02370-1803,U,N,N,Existing or more than 2 years old,Westwood,NORFOLK,MA,02090-0001,MA-08,9,238220,Unanswered,Unknown/NotStated,,198910,,,,,,Subchapter S Corporation,33263,Rockland Trust Company,ROCKLAND,MA,Unanswered,Unanswered,,200937.78,04/27/2021
9051127007,04/09/2020,0101,PPP,"BRAGA BROS, INC.",110 BREEDS HILL RD Unit 5,HYANNIS,MA,02601-1860,02/16/2021,Paid in Full,24,100,197000,197000,0,,33304,Salem Five Cents Savings Bank,210 Essex St,SALEM,MA,01970-3705,U,Y,Y,Existing or more than 2 years old,HYANNIS,BARNSTABLE,MA,02601-1860,MA-09,17,238220,White,Hispanic or Latino,,197000,,,,,,Corporation,33304,Salem Five Cents Savings Bank,SALEM,MA,Male Owned,Non-Veteran,,198521.28,01/25/2021
3120418603,03/16/2021,0101,PPS,PERFORMANCE AIR CONDITIONING INC,52 Brook Rd,Needham,MA,02494-2929,12/16/2021,Paid in Full,60,100,194602,194602,0,,9551,"Bank of America, National Association","100 N Tryon St, Ste 170",CHARLOTTE,NC,28202-4024,U,N,N,Existing or more than 2 years old,Needham,NORFOLK,MA,02494-2929,MA-04,6,238220,Unanswered,Unknown/NotStated,1,194600,,,,,,Corporation,9551,"Bank of America, National Association",CHARLOTTE,NC,Unanswered,Unanswered,,195801.6,11/03/2021
8092237301,05/01/2020,0101,PPP,PERFORMANCE AIR CONDITIONING INC,52 Brook Rd,NEEDHAM HEIGHTS,MA,02494-2929,07/16/2022,Paid in Full,24,100,194602,194602,0,,9551,"Bank of America, National Association","100 N Tryon St, Ste 170",CHARLOTTE,NC,28202-4024,U,N,N,Unanswered,NEEDHAM HEIGHTS,NORFOLK,MA,02494-2929,MA-04,6,238220,Unanswered,Unknown/NotStated,,194602,,,,,,Corporation,9551,"Bank of America, National Association",CHARLOTTE,NC,Unanswered,Unanswered,,198637.99,06/03/2022
1901357105,04/10/2020,0101,PPP,"MONIQUE'S BATH SHOWROOM, INC",123 N Beacon Street,WATERTOWN,MA,02472-2712,04/12/2022,Paid in Full,24,100,194472,194472,0,,33420,Watertown Savings Bank,60 Main St,WATERTOWN,MA,02472-4413,U,N,N,Existing or more than 2 years old,WATERTOWN,MIDDLESEX,MA,02472-2712,MA-05,16,238220,Unanswered,Not Hispanic or Latino,,194472,,,,,,Corporation,33420,Watertown Savings Bank,WATERTOWN,MA,Male Owned,Unanswered,,195606.42,11/12/2020
3921407103,04/12/2020,0101,PPP,"MECHANICAL AIR CONTROLS, INC.",40 ACCORD PARK DR STE 202,NORWELL,MA,02061-1606,03/11/2021,Paid in Full,24,100,193632,193632,0,,33263,Rockland Trust Company,288 Union St,ROCKLAND,MA,02370-1803,U,N,N,Existing or more than 2 years old,NORWELL,PLYMOUTH,MA,02061-1606,MA-09,11,238220,Unanswered,Unknown/NotStated,,193632,,,,,,Corporation,33263,Rockland Trust Company,ROCKLAND,MA,Unanswered,Unanswered,,195218.71,02/11/2021
7352658504,03/05/2021,0101,PPS,MAJESTIC MECHANICAL CONTRACTOR,1921 Main St,Tewksbury,MA,01876-2192,09/24/2021,Paid in Full,60,100,192845,192845,0,,84894,"Santander Bank, National Association","824 N Market St, Ste 100",WILMINGTON,DE,19801-4937,U,N,N,Existing or more than 2 years old,Tewksbury,MIDDLESEX,MA,01876-2192,MA-06,15,238220,Unanswered,Unknown/NotStated,1,192843,,,,,,Corporation,84894,"Santander Bank, National Association",WILMINGTON,DE,Unanswered,Unanswered,,193663.93,08/11/2021
8479017005,04/08/2020,0101,PPP,"INDUSTRIAL BOILER AND MECHANICAL SERVICE, LLC",156 MAPLE ST,DANVERS,MA,01923-2137,12/15/2020,Paid in Full,24,100,192000,192000,0,,89293,BankGloucester,160 Main St,GLOUCESTER,MA,01930-5732,U,N,N,Existing or more than 2 years old,DANVERS,ESSEX,MA,01923-2137,MA-06,10,238220,White,Not Hispanic or Latino,,192000,,,,,,Limited  Liability Company(LLC),89293,BankGloucester,GLOUCESTER,MA,Male Owned,Non-Veteran,,193046.79,11/03/2020
2134687309,04/29/2020,0101,PPP,BARRETT PLUMBING & HEATING INC.,10 Edgerton Dr,NORTH FALMOUTH,MA,02556,05/08/2021,Paid in Full,24,100,191600,191600,0,,33263,Rockland Trust Company,288 Union St,ROCKLAND,MA,02370-1803,U,N,N,New Business or 2 years or less,NORTH FALMOUTH,BARNSTABLE,MA,02556-0001,MA-09,17,238220,Unanswered,Not Hispanic or Latino,,191600,,,,,,Corporation,33263,Rockland Trust Company,ROCKLAND,MA,Male Owned,Non-Veteran,,193404.23,04/06/2021
6216527102,04/14/2020,0130,PPP,M & E MECHANICAL CONTRACTORS INC,1 ALLEN ST,SPRINGFIELD,MA,01108-1953,09/17/2021,Paid in Full,24,100,191110,191110,0,,46391,Manufacturers and Traders Trust Company,"One M & T Plaza, 15th Fl",BUFFALO,NY,14203,U,Y,Y,Existing or more than 2 years old,SPRINGFIELD,HAMPDEN,MA,01108-1953,MA-01,16,238220,Unanswered,Unknown/NotStated,,191110,,,,,,Corporation,15793,Manufacturers and Traders Trust Company,Bridgeport,CT,Unanswered,Unanswered,,193528.98,08/03/2021
8085287100,04/15/2020,0101,PPP,A.F. VENTOLIERI PLUMBING & HEATING,P.O. Box 520356,Winthrop,MA,02152,07/22/2021,Paid in Full,24,100,191100,191100,0,,434162,"Citizens Bank, National Association",1 Citizens Plaza,PROVIDENCE,RI,02903-1344,U,N,N,Existing or more than 2 years old,Winthrop,SUFFOLK,MA,02152-0001,MA-05,9,238220,Unanswered,Unknown/NotStated,,191100,,,,,,Subchapter S Corporation,434162,"Citizens Bank, National Association",PROVIDENCE,RI,Unanswered,Unanswered,,193272.78,06/17/2021
7640797204,04/28/2020,0101,PPP,"SEEKONK HEATING SERVICES, INC.",911 Taunton Avenue,Seekonk,MA,02771,08/18/2021,Paid in Full,24,100,190896,190896,0,,32784,BayCoast Bank,330 Swansea Mall Dr,SWANSEA,MA,02777-4112,U,N,N,Existing or more than 2 years old,Seekonk,BRISTOL,MA,02771-0001,MA-04,8,238220,Unanswered,Not Hispanic or Latino,,190896,,,,,,Corporation,32784,BayCoast Bank,SWANSEA,MA,Male Owned,Non-Veteran,,192916.32,05/21/2021
5830197007,04/06/2020,0101,PPP,"KINGSTON PLUMBING & HEATING, INC.",100 Ferncroft Rd Suite 201,DANVERS,MA,01923-4027,03/13/2021,Paid in Full,24,100,190700,190700,0,,32738,Cape Ann Savings Bank,109 Main St,GLOUCESTER,MA,01930-5701,U,N,N,Existing or more than 2 years old,DANVERS,ESSEX,MA,01923-4027,MA-06,13,238220,Unanswered,Not Hispanic or Latino,,190700,,,,,,Subchapter S Corporation,32738,Cape Ann Savings Bank,GLOUCESTER,MA,Male Owned,Veteran,,192273.28,02/16/2021
6792617005,04/07/2020,0101,PPP,"ERIC C. FOSTER PLUMBING & HEATING, LLC",145 Stedman St,CHELMSFORD,MA,01824-1869,06/09/2021,Paid in Full,24,100,189600,189600,0,,33494,Northern Bank and Trust Company,"275 Mishawum Rd, Ste 100",WOBURN,MA,01801-8804,U,N,N,Existing or more than 2 years old,CHELMSFORD,MIDDLESEX,MA,01824-1869,MA-03,23,238220,Unanswered,Unknown/NotStated,,189600,,,,,,Limited  Liability Company(LLC),33494,Northern Bank and Trust Company,WOBURN,MA,Unanswered,Unanswered,,190648.07,11/03/2020
6897567108,04/14/2020,0101,PPP,"TEAM MECHANICAL, LLC",820 LIVINGSTON ST,TEWKSBURY,MA,01876-1383,06/10/2021,Paid in Full,24,100,189200,189200,0,,33494,Northern Bank and Trust Company,"275 Mishawum Rd, Ste 100",WOBURN,MA,01801-8804,U,N,N,Unanswered,TEWKSBURY,MIDDLESEX,MA,01876-1383,MA-06,17,238220,Unanswered,Unknown/NotStated,,189200,,,,,,Limited  Liability Company(LLC),33494,Northern Bank and Trust Company,WOBURN,MA,Unanswered,Unanswered,,190424.54,12/15/2020
1295537110,04/10/2020,0101,PPP,WILLIAM MUELLER PLUMBING INC,7-A Street Airport Park,Edgartown,MA,02539,04/20/2021,Paid in Full,24,100,188900,188900,0,,32770,Martha's Vineyard Bank,78 Main St,EDGARTOWN,MA,02539,R,N,N,New Business or 2 years or less,Edgartown,DUKES,MA,02539-0001,MA-09,11,238220,Unanswered,Unknown/NotStated,,188900,,,,,,Corporation,32770,Martha's Vineyard Bank,EDGARTOWN,MA,Unanswered,Unanswered,,190737.25,04/08/2021
5240137109,04/13/2020,0101,PPP,GEORGE S PATEY & SONS INC,215 Bridge Street,DEDHAM,MA,02026-1711,04/10/2021,Paid in Full,24,100,188067.52,188067.53,0,,33263,Rockland Trust Company,288 Union St,ROCKLAND,MA,02370-1803,U,N,N,Existing or more than 2 years old,DEDHAM,NORFOLK,MA,02026-1711,MA-08,13,238220,Unanswered,Unknown/NotStated,,188067.53,,,,,,Subchapter S Corporation,33263,Rockland Trust Company,ROCKLAND,MA,Unanswered,Unanswered,,189744.47,03/10/2021
1039907300,04/28/2020,0101,PPP,"LISCO, INC.",114 POND ST,SEEKONK,MA,02771-3915,02/07/2022,Paid in Full,24,100,188000,188000,0,,33371,Bristol County Savings Bank,29 Broadway,TAUNTON,MA,02780-3269,U,N,N,Existing or more than 2 years old,SEEKONK,BRISTOL,MA,02771-3915,MA-04,19,238220,White,Unknown/NotStated,12000,150400,,13000,,12600,,Subchapter S Corporation,33371,Bristol County Savings Bank,TAUNTON,MA,Male Owned,Non-Veteran,,189321.22,01/13/2021
9571888306,01/31/2021,0130,PPS,EAST NATIONAL WATER LLC,81 Beech St,Palmer,MA,01069-2102,11/09/2021,Paid in Full,60,100,187905,187905,0,,46391,Manufacturers and Traders Trust Company,"One M & T Plaza, 15th Fl",BUFFALO,NY,14203,U,N,N,Existing or more than 2 years old,Palmer,HAMPDEN,MA,01069-2102,MA-01,14,238220,Unanswered,Unknown/NotStated,,187905,,,,,,Limited  Liability Company(LLC),15793,Manufacturers and Traders Trust Company,Bridgeport,CT,Unanswered,Unanswered,,189202.32,10/20/2021
6303277304,04/30/2020,0130,PPP,EAST NATIONAL WATER LLC,81 BEECH ST,PALMER,MA,01069,09/17/2021,Paid in Full,24,100,187902,187902,0,,46391,Manufacturers and Traders Trust Company,"One M & T Plaza, 15th Fl",BUFFALO,NY,14203,U,N,N,Existing or more than 2 years old,PALMER,HAMPDEN,MA,01069-0001,MA-01,14,238220,Unanswered,Unknown/NotStated,,187902,,,,,,Limited  Liability Company(LLC),15793,Manufacturers and Traders Trust Company,Bridgeport,CT,Unanswered,Unanswered,,190270.08,08/11/2021
7446777107,04/14/2020,0101,PPP,TRIANGLE REFRIGERATION AIR CONDITIONING & PLUMBING INC,425 Pleasant Street Suite 22,Fall River,MA,02721,05/08/2021,Paid in Full,24,100,186736.42,186736.42,0,,33263,Rockland Trust Company,288 Union St,ROCKLAND,MA,02370-1803,U,Y,Y,Existing or more than 2 years old,Fall River,BRISTOL,MA,02721-1000,MA-04,18,238220,White,Not Hispanic or Latino,,186736.42,,,,,,Subchapter S Corporation,33263,Rockland Trust Company,ROCKLAND,MA,Male Owned,Non-Veteran,,188577.85,04/15/2021
5778697202,04/27/2020,0101,PPP,CLIMATE ENGINEERING LLC,142 Bay Rd,Norton,MA,02766-3034,04/16/2021,Paid in Full,24,100,198762,185633,0,,33192,North Easton Savings Bank,20 Eastman St,SOUTH EASTON,MA,02375-1249,U,N,N,Existing or more than 2 years old,Norton,BRISTOL,MA,02766-3034,MA-04,10,238220,Unanswered,Unknown/NotStated,,185633,,,,,,Limited Liability Partnership,33192,North Easton Savings Bank,SOUTH EASTON,MA,Unanswered,Unanswered,,187168.92,03/05/2021
5084327006,04/05/2020,0101,PPP,EXCEL MECHANICAL INC,392 MCGRATH HWY,SOMERVILLE,MA,02143-2116,03/04/2021,Paid in Full,24,100,185000,185600,0,,89293,BankGloucester,160 Main St,GLOUCESTER,MA,01930-5732,U,N,N,Existing or more than 2 years old,SOMERVILLE,MIDDLESEX,MA,02143-2116,MA-07,13,238220,White,Not Hispanic or Latino,,185600,,,,,,Corporation,89293,BankGloucester,GLOUCESTER,MA,Male Owned,Non-Veteran,,186089.86,02/12/2021
7445548309,01/28/2021,0130,PPS,JSD MECHANICAL INC,43 Sheridan St,Chicopee,MA,01020-2723,04/08/2022,Paid in Full,60,100,185240,185240,0,,46391,Manufacturers and Traders Trust Company,"One M & T Plaza, 15th Fl",BUFFALO,NY,14203,U,N,Y,Existing or more than 2 years old,Chicopee,HAMPDEN,MA,01020-2723,MA-01,19,238220,Unanswered,Unknown/NotStated,1,185235,,,,,,Corporation,15793,Manufacturers and Traders Trust Company,Bridgeport,CT,Unanswered,Unanswered,,187330.93,03/23/2022
9182487707,05/01/2020,0101,PPP,BURNS MECHANICAL CORP,110 Rear Columbus Ave,Waltham,MA,02451,03/17/2021,Paid in Full,24,100,184500,184500,0,,434162,"Citizens Bank, National Association",1 Citizens Plaza,PROVIDENCE,RI,02903-1344,U,N,N,Existing or more than 2 years old,Waltham,MIDDLESEX,MA,02451-0001,MA-05,12,238220,White,Not Hispanic or Latino,,184500,,,,,,Corporation,434162,"Citizens Bank, National Association",PROVIDENCE,RI,Male Owned,Non-Veteran,,185986.11,02/23/2021
8095347109,04/15/2020,0101,PPP,TC TYNDALL AND CLARK PLUMBING AND HEATING CO,18 ATLANTIC AVE,SOUTH DENNIS,MA,02660,12/19/2020,Paid in Full,24,100,183900,183900,0,,434162,"Citizens Bank, National Association",1 Citizens Plaza,PROVIDENCE,RI,02903-1344,U,N,N,Existing or more than 2 years old,SOUTH DENNIS,BARNSTABLE,MA,02660-0001,MA-09,12,238220,Unanswered,Unknown/NotStated,,183900,,,,,,Subchapter S Corporation,434162,"Citizens Bank, National Association",PROVIDENCE,RI,Unanswered,Unanswered,,184862.33,11/05/2020
3497667209,04/27/2020,0101,PPP,"NORTHEAST PROCESS SYSTEMS, INC.",20 Kettle Cove Lane,"Gloucester,",MA,01930,04/17/2021,Paid in Full,24,100,183765,183765,0,,84894,"Santander Bank, National Association","824 N Market St, Ste 100",WILMINGTON,DE,19801-4937,U,N,N,Existing or more than 2 years old,"Gloucester,",ESSEX,MA,01930-0003,MA-06,11,238220,Unanswered,Unknown/NotStated,,183765,,,,,,Corporation,84894,"Santander Bank, National Association",WILMINGTON,DE,Unanswered,Unanswered,,185416.37,03/25/2021
5694338405,02/09/2021,0101,PPS,RMN MECHANICAL INC,73 Main St Ste C,Carver,MA,02330-1090,11/19/2021,Paid in Full,60,100,183745,183745,0,,9551,"Bank of America, National Association","100 N Tryon St, Ste 170",CHARLOTTE,NC,28202-4024,U,N,N,Existing or more than 2 years old,Carver,PLYMOUTH,MA,02330-1090,MA-09,12,238220,White,Not Hispanic or Latino,1,183741,,,,,,Corporation,9551,"Bank of America, National Association",CHARLOTTE,NC,Male Owned,Non-Veteran,,185038.77,10/27/2021
5981457707,05/01/2020,0101,PPP,RMN MECHANICAL INC,73 MAIN ST STE C,CARVER,MA,02330-1090,11/19/2021,Paid in Full,24,100,183742,183742,0,,9551,"Bank of America, National Association","100 N Tryon St, Ste 170",CHARLOTTE,NC,28202-4024,U,N,N,New Business or 2 years or less,CARVER,PLYMOUTH,MA,02330-1090,MA-09,12,238220,White,Not Hispanic or Latino,,183742,,,,,,Corporation,9551,"Bank of America, National Association",CHARLOTTE,NC,Male Owned,Non-Veteran,,186430.17,10/21/2021
4616057103,04/13/2020,0101,PPP,EDGEWATER PLUMBING AND HEATING INC,8 OTIS PARK DR,BUZZARDS BAY,MA,02532-3870,08/24/2021,Paid in Full,24,100,182974,182974,0,,98289,First Citizens FCU,"200 Mill Rd, Ste 100",FAIRHAVEN,MA,02719-5252,U,N,N,Existing or more than 2 years old,BUZZARDS BAY,BARNSTABLE,MA,02532-3870,MA-09,14,238220,Unanswered,Unknown/NotStated,,182974,,,,,,Subchapter S Corporation,98289,First Citizens FCU,FAIRHAVEN,MA,Unanswered,Unanswered,,185347.58,08/24/2021
4686068304,01/23/2021,0101,PPS,TCA SOLUTIONS LLC,39 State St,Newburyport,MA,01950-6609,12/04/2021,Paid in Full,60,100,182500,182500,0,,33178,Newburyport Five Cents Savings Bank,63 State St,NEWBURYPORT,MA,01950-6615,U,N,N,Existing or more than 2 years old,Newburyport,ESSEX,MA,01950-6609,MA-06,11,238220,Unanswered,Unknown/NotStated,1,182496,,,,,,Limited  Liability Company(LLC),33178,Newburyport Five Cents Savings Bank,NEWBURYPORT,MA,Unanswered,Unanswered,,184020.83,11/24/2021
8295638408,02/13/2021,0101,PPS,MECHANICAL AIR CONTROLS INC,40 Accord Park Dr Ste 202 0,Norwell,MA,02061-1613,12/22/2021,Paid in Full,60,100,180230,180230,0,,33263,Rockland Trust Company,288 Union St,ROCKLAND,MA,02370-1803,U,N,N,Existing or more than 2 years old,Norwell,PLYMOUTH,MA,02061-1613,MA-09,11,238220,Unanswered,Unknown/NotStated,1,180227,,,,,,Corporation,33263,Rockland Trust Company,ROCKLAND,MA,Unanswered,Unanswered,,181556.69,11/08/2021
2868968501,02/22/2021,0101,PPS,GERMAIN PLUMBING AND HEATING INC,64 Water St,Attleboro,MA,02703-2056,02/10/2022,Paid in Full,60,100,180000,180000,0,,33371,Bristol County Savings Bank,29 Broadway,TAUNTON,MA,02780-3269,U,N,N,Existing or more than 2 years old,Attleboro,BRISTOL,MA,02703-2056,MA-04,13,238220,Unanswered,Unknown/NotStated,1,179995,,,,,,Corporation,33371,Bristol County Savings Bank,TAUNTON,MA,Unanswered,Unanswered,,181225,10/27/2021
5451897201,04/27/2020,0101,PPP,GERMAIN PLUMBING AND HEATING INC,64 WATER ST,ATTLEBORO,MA,02703,02/07/2022,Paid in Full,24,100,180000,180000,0,,33371,Bristol County Savings Bank,29 Broadway,TAUNTON,MA,02780-3269,U,N,N,Existing or more than 2 years old,ATTLEBORO,BRISTOL,MA,02703-0001,MA-04,13,238220,Unanswered,Unknown/NotStated,,180000,,,,,,Corporation,33371,Bristol County Savings Bank,TAUNTON,MA,Unanswered,Unanswered,,181540,03/03/2021
9639087009,04/09/2020,0101,PPP,"V & G PLUMBING AND HEATING CO., LLC",05 Mason st,WORCESTER,MA,01609-1803,12/09/2020,Paid in Full,24,100,180000,180000,0,,98381,Leominster CU,20 Adams St,LEOMINSTER,MA,01453-5668,U,Y,Y,Unanswered,WORCESTER,WORCESTER,MA,01609-1803,MA-02,25,238220,Unanswered,Not Hispanic or Latino,,180000,,,,,,Limited  Liability Company(LLC),98381,Leominster CU,LEOMINSTER,MA,Male Owned,Non-Veteran,,181000,11/03/2020
6834627007,04/07/2020,0101,PPP,"KERMIT B. SCHULZ & SONS, INC.",39 NORFOLK RD,MILLIS,MA,02054-1716,03/04/2021,Paid in Full,24,100,179200,179200,0,,89236,Needham Bank,1063 Great Plain Ave,NEEDHAM,MA,02492-2302,U,N,N,Existing or more than 2 years old,MILLIS,NORFOLK,MA,02054-1716,MA-04,20,238220,Unanswered,Unknown/NotStated,,179200,,,,,,Corporation,89236,Needham Bank,NEEDHAM,MA,Unanswered,Unanswered,,180190.58,11/23/2020
1237698709,03/26/2021,0101,PPS,G & G FIRE PROTECTION INC,792 Foundry St S Easton Ma 02375-1310,South Easton,MA,02375-1310,03/10/2022,Paid in Full,60,100,179122,179122,0,,32668,Bluestone Bank,756 Orchard St,RAYNHAM,MA,02767-1028,U,N,N,Existing or more than 2 years old,South Easton,BRISTOL,MA,02375-1310,MA-08,10,238220,White,Not Hispanic or Latino,1,179118,,,,,,Corporation,32668,Bluestone Bank,RAYNHAM,MA,Male Owned,Non-Veteran,,180653.13,02/07/2022
6134247206,04/27/2020,0101,PPP,"G & G FIRE PROTECTION, INC",792 Foundry St,SOUTH EASTON,MA,02375-1310,05/26/2021,Paid in Full,24,100,179100,179100,0,,32668,Bluestone Bank,756 Orchard St,RAYNHAM,MA,02767-1028,U,N,N,Existing or more than 2 years old,SOUTH EASTON,BRISTOL,MA,02375-1310,MA-08,10,238220,White,Not Hispanic or Latino,,179100,,,,,,Corporation,32668,Bluestone Bank,RAYNHAM,MA,Male Owned,Non-Veteran,,180881.19,04/29/2021
7175767101,04/14/2020,0101,PPP,"TOM FRICKER COMPLETE HEATING AND COOLING, LLC",355 R CHESTNUT ST,NEEDHAM,MA,02492-2408,05/21/2021,Paid in Full,24,100,178940,178940,0,,33108,Middlesex Savings Bank,6 Main St,NATICK,MA,01760-4506,U,N,N,Existing or more than 2 years old,NEEDHAM,NORFOLK,MA,02492-2408,MA-04,15,238220,Unanswered,Unknown/NotStated,17894,143152,17894,,,,,Limited  Liability Company(LLC),33108,Middlesex Savings Bank,NATICK,MA,Unanswered,Unanswered,,180739.34,04/14/2021
4458407007,04/03/2020,0130,PPP,"ALLIED FIRE PROTECTION, INC.",11 East Fisk Ave,SPRINGFIELD,MA,01107-1056,04/10/2021,Paid in Full,24,100,199000,178900,0,,32766,bankESB,36 Main St,EASTHAMPTON,MA,01027-2050,U,Y,Y,Existing or more than 2 years old,SPRINGFIELD,HAMPDEN,MA,01107-1056,MA-01,10,238220,Unanswered,Not Hispanic or Latino,,178900,,,,,,Corporation,32766,bankESB,EASTHAMPTON,MA,Male Owned,Unanswered,,180483.14,03/03/2021
9990147109,04/15/2020,0101,PPP,"ROBIE'S REFRIGERATION, INC.",279 YARMOUTH RD,HYANNIS,MA,02601,06/11/2021,Paid in Full,24,100,178260,178260,0,,32987,Eastern Bank,"Oliver Street Tower, 125, High St, Ste 901",Boston,MA,02110,U,Y,Y,Existing or more than 2 years old,HYANNIS,BARNSTABLE,MA,02601-0001,MA-09,33,238220,Unanswered,Unknown/NotStated,,178260,,,,,,Corporation,32987,Eastern Bank,Boston,MA,Unanswered,Unanswered,,180141.63,05/10/2021
1659947106,04/10/2020,0101,PPP,"DIAMOND MECHANICAL, INC",723 WASHINGTON ST,WEYMOUTH,MA,02188-3321,08/06/2021,Paid in Full,24,100,177700,177700,0,,98258,HarborOne Bank,770 Oak St,BROCKTON,MA,02301-1100,U,N,N,Existing or more than 2 years old,WEYMOUTH,NORFOLK,MA,02188-3321,MA-08,7,238220,Unanswered,Unknown/NotStated,,177700,,,,,,Corporation,98258,HarborOne Bank,BROCKTON,MA,Unanswered,Unanswered,,179710.69,06/03/2021
4113218500,02/25/2021,0101,PPS,DAVID M. MURPHY PLUMBING HEATING AND GAS FITTING INC..,159 Perry St,Lowell,MA,01852-3602,10/06/2021,Paid in Full,60,100,177400,177400,0,,112598,Enterprise Bank and Trust Company,222 Merrimack St,LOWELL,MA,01852-5913,U,Y,Y,Existing or more than 2 years old,Lowell,MIDDLESEX,MA,01852-3602,MA-03,12,238220,Unanswered,Unknown/NotStated,,177400,,,,,,Corporation,112598,Enterprise Bank and Trust Company,LOWELL,MA,Unanswered,Unanswered,,178365.84,09/15/2021
8504647009,04/08/2020,0101,PPP,"DAVID M. MURPHY PLUMBING, HEATING AND GAS FITTING, INC",159 PERRY ST,LOWELL,MA,01852-3602,01/07/2021,Paid in Full,24,100,177400,177400,0,,112598,Enterprise Bank and Trust Company,222 Merrimack St,LOWELL,MA,01852-5913,U,Y,Y,Existing or more than 2 years old,LOWELL,MIDDLESEX,MA,01852-3602,MA-03,11,238220,Unanswered,Unknown/NotStated,1000,165900,,8500,,2000,,Corporation,112598,Enterprise Bank and Trust Company,LOWELL,MA,Unanswered,Unanswered,,178548.17,12/10/2020
8215427300,05/01/2020,0101,PPP,"BRADY COMPANIES, INC.",225  STEDMAN ST Unit 9/10,LOWELL,MA,01851-2700,10/09/2021,Paid in Full,24,100,176900,176900,0,,507374,Primary Bank,207 Route 101,BEDFORD,NH,03110-5422,U,N,Y,Existing or more than 2 years old,LOWELL,MIDDLESEX,MA,01851-2700,MA-03,10,238220,Unanswered,Unknown/NotStated,,176900,,,,,,Corporation,507374,Primary Bank,BEDFORD,NH,Female Owned,Non-Veteran,,179229.18,08/30/2021
9817827010,04/09/2020,0101,PPP,"MANSFIELD AND ROBBINS PLUMBING & HEATING, INC.",234 ALBION ST,WAKEFIELD,MA,01880-3125,09/29/2021,Paid in Full,24,100,176607,176607,0,,89278,Wakefield Co-Operative Bank,342 Main St,WAKEFIELD,MA,01880-5050,U,N,N,Existing or more than 2 years old,WAKEFIELD,MIDDLESEX,MA,01880-3125,MA-06,13,238220,Unanswered,Unknown/NotStated,,176607,,,,,,Corporation,89278,Wakefield Co-Operative Bank,WAKEFIELD,MA,Unanswered,Unanswered,,178987.57,08/19/2021
6913438504,03/04/2021,0101,PPS,MANSFIELD & ROBBINS PLUMBING & HEATING INC.,234 Albion St,Wakefield,MA,01880-3125,04/30/2022,Paid in Full,60,100,176605,176605,0,,89278,Wakefield Co-Operative Bank,342 Main St,WAKEFIELD,MA,01880-5050,U,N,N,Existing or more than 2 years old,Wakefield,MIDDLESEX,MA,01880-3125,MA-06,12,238220,Unanswered,Unknown/NotStated,,176605,,,,,,Corporation,89278,Wakefield Co-Operative Bank,WAKEFIELD,MA,Unanswered,Unanswered,,178414.6,03/22/2022
5219627000,04/05/2020,0101,PPP,ADVANCED ENERGY CONCEPTS OF WORCESTER INC,151 SOUTHBRIDGE ST,AUBURN,MA,01501-2503,02/18/2021,Paid in Full,24,100,175400,175400,0,,89242,Savers Co-Operative Bank,270 Main St,SOUTHBRIDGE,MA,01550-2553,U,N,N,Existing or more than 2 years old,AUBURN,WORCESTER,MA,01501-2503,MA-02,18,238220,Unanswered,Unknown/NotStated,,175400,,,,,,Corporation,89242,Savers Co-Operative Bank,SOUTHBRIDGE,MA,Unanswered,Unanswered,,176745.53,01/20/2021
1310747200,04/15/2020,0101,PPP,"CARL-LOUIS CO., INC.",104 Victory Rd,Dorchester,MA,02122,01/21/2021,Paid in Full,24,100,175300,175300,0,,434162,"Citizens Bank, National Association",1 Citizens Plaza,PROVIDENCE,RI,02903-1344,U,Y,Y,Existing or more than 2 years old,Dorchester,SUFFOLK,MA,02122-0009,MA-07,10,238220,Unanswered,Unknown/NotStated,,175300,,,,,,Corporation,434162,"Citizens Bank, National Association",PROVIDENCE,RI,Unanswered,Unanswered,,176486.28,12/31/2020
4710097002,04/04/2020,0101,PPP,ANYTIME PLUMBING AND HEATING INC,123 BROADWAY,TAUNTON,MA,02780-2507,02/06/2021,Paid in Full,24,100,198700,175300,0,,89240,Mechanics Cooperative Bank,470 Myles Standish Blvd,Taunton,MA,02780,U,Y,Y,Existing or more than 2 years old,TAUNTON,BRISTOL,MA,02780-2507,MA-04,17,238220,Unanswered,Unknown/NotStated,,165300,,3000,,7000,,Corporation,89240,Mechanics Cooperative Bank,Taunton,MA,Male Owned,Unanswered,,176692.66,01/26/2021
6711507300,04/30/2020,0101,PPP,MAJESTIC MECHANICAL CONTRACTORS INC,1921R Main Street,Tewksbury,MA,01876,07/16/2021,Paid in Full,24,100,174820,174820,0,,84894,"Santander Bank, National Association","824 N Market St, Ste 100",WILMINGTON,DE,19801-4937,U,N,N,Existing or more than 2 years old,Tewksbury,MIDDLESEX,MA,01876-0001,MA-06,7,238220,Unanswered,Unknown/NotStated,,174820,,,0,,,Corporation,84894,"Santander Bank, National Association",WILMINGTON,DE,Unanswered,Unanswered,,176788.52,06/22/2021
5275727000,04/05/2020,0101,PPP,"NEW ENGLAND DUCTLESS, INC.",41 Hollingsworth Street,MATTAPAN,MA,02126-2019,01/21/2021,Paid in Full,24,100,173424,173424,0,,32784,BayCoast Bank,330 Swansea Mall Dr,SWANSEA,MA,02777-4112,U,Y,Y,Existing or more than 2 years old,MATTAPAN,SUFFOLK,MA,02126-2019,MA-07,17,238220,Unanswered,Unknown/NotStated,,173424,,,,,,Subchapter S Corporation,32784,BayCoast Bank,SWANSEA,MA,Male Owned,Non-Veteran,,174570.53,12/14/2020
3169388608,03/16/2021,0101,PPS,MORRIS MECHANICAL SALES AND SERVICE INC.,19 Parker St,Clinton,MA,01510-1905,09/15/2021,Paid in Full,60,100,173100,173100,0,,112598,Enterprise Bank and Trust Company,222 Merrimack St,LOWELL,MA,01852-5913,U,Y,N,Existing or more than 2 years old,Clinton,WORCESTER,MA,01510-1905,MA-03,13,238220,Unanswered,Not Hispanic or Latino,,173100,,,,,,Corporation,112598,Enterprise Bank and Trust Company,LOWELL,MA,Unanswered,Unanswered,,173792.4,08/10/2021
4473537107,04/13/2020,0101,PPP,PIPE CRAFT INC,125 Main Street,Reading,MA,01867,04/10/2021,Paid in Full,24,100,173014.18,173014.38,0,,33263,Rockland Trust Company,288 Union St,ROCKLAND,MA,02370-1803,U,N,N,New Business or 2 years or less,Reading,MIDDLESEX,MA,01867-0001,MA-06,11,238220,Unanswered,Unknown/NotStated,,173014.38,,,,,,Subchapter S Corporation,33263,Rockland Trust Company,ROCKLAND,MA,Male Owned,Unanswered,,174533.06,03/08/2021
5689777200,04/27/2020,0101,PPP,"BROUILLETTE HVAC AND SHEET METAL, INC.",13 STEVENS ST,EAST TAUNTON,MA,02718-1026,02/07/2022,Paid in Full,24,100,172900,172900,0,,33371,Bristol County Savings Bank,29 Broadway,TAUNTON,MA,02780-3269,U,N,N,Existing or more than 2 years old,EAST TAUNTON,BRISTOL,MA,02718-1026,MA-04,10,238220,Unanswered,Unknown/NotStated,21613,129675,21612,,,,,Corporation,33371,Bristol County Savings Bank,TAUNTON,MA,Unanswered,Unanswered,,174720.25,05/19/2021
7694297202,04/28/2020,0101,PPP,"MORRIS MECHANICAL SALES AND SERVICE, INC.",15 PARKER ST,CLINTON,MA,01510-1905,04/06/2021,Paid in Full,24,100,172900,172900,0,,112598,Enterprise Bank and Trust Company,222 Merrimack St,LOWELL,MA,01852-5913,U,Y,Y,Existing or more than 2 years old,CLINTON,WORCESTER,MA,01510-1905,MA-03,12,238220,Unanswered,Not Hispanic or Latino,9200,147800,,,,15900,,Corporation,112598,Enterprise Bank and Trust Company,LOWELL,MA,Male Owned,Veteran,,174422.48,03/19/2021
8944207206,04/28/2020,0101,PPP,MCCLAREN HEATING & AIR CONDITIONING INC,22 Industrial Blvd Unit C,HANSON,MA,02341,08/10/2021,Paid in Full,24,100,170563,170563,0,,33263,Rockland Trust Company,288 Union St,ROCKLAND,MA,02370-1803,U,N,N,New Business or 2 years or less,HANSON,PLYMOUTH,MA,02341-0001,MA-09,16,238220,Unanswered,Unknown/NotStated,,170563,,,,,,Corporation,33263,Rockland Trust Company,ROCKLAND,MA,Unanswered,Unanswered,,172605.02,07/07/2021
1424278500,02/18/2021,0101,PPS,E L BARRETT COMPANY INC,1147 Hancock St Ste 201,Quincy,MA,02169-4360,12/17/2021,Paid in Full,60,100,170550,170550,0,,32987,Eastern Bank,"Oliver Street Tower, 125, High St, Ste 901",Boston,MA,02110,U,Y,Y,Existing or more than 2 years old,Quincy,NORFOLK,MA,02169-4360,MA-08,10,238220,Unanswered,Unknown/NotStated,,170550,,,,,,Corporation,32987,Eastern Bank,Boston,MA,Unanswered,Unanswered,,171748.59,11/03/2021
8399847203,04/28/2020,0101,PPP,"E.L. BARRETT COMPANY, INC.",1147 HANCOCK ST,QUINCY,MA,02169,07/14/2021,Paid in Full,24,100,170547,170547,0,,32987,Eastern Bank,"Oliver Street Tower, 125, High St, Ste 901",Boston,MA,02110,U,Y,Y,Existing or more than 2 years old,QUINCY,NORFOLK,MA,02169-0901,MA-08,10,238220,Unanswered,Unknown/NotStated,,170547,,,,,,Corporation,32987,Eastern Bank,Boston,MA,Unanswered,Unanswered,,172479.87,06/17/2021
5412567705,05/01/2020,0101,PPP,AUTOMATIC TEMPERATURE CONTROL CORP,86 FINNELL DR STE 1,WEYMOUTH,MA,02188-1100,03/17/2021,Paid in Full,24,100,170037,170037,0,,9551,"Bank of America, National Association","100 N Tryon St, Ste 170",CHARLOTTE,NC,28202-4024,U,N,N,New Business or 2 years or less,WEYMOUTH,NORFOLK,MA,02188-1100,MA-08,7,238220,Unanswered,Unknown/NotStated,,170037,,,,,,Corporation,9551,"Bank of America, National Association",CHARLOTTE,NC,Unanswered,Unanswered,,171346.05,02/10/2021
5246607109,04/13/2020,0101,PPP,"CORSO PLUMBING & HEATING, INC.",100 Hale Street,HAVERHILL,MA,01830-3972,09/30/2021,Paid in Full,24,100,169627,169627,0,,29805,"TD Bank, National Association",2035 Limestone Rd,WILMINGTON,DE,19808-5529,U,N,Y,Existing or more than 2 years old,HAVERHILL,ESSEX,MA,01830-3972,MA-03,18,238220,Unanswered,Unknown/NotStated,,169627,,,,,,Corporation,29805,"TD Bank, National Association",WILMINGTON,DE,Unanswered,Unanswered,,171841.57,08/05/2021
7626587106,04/14/2020,0101,PPP,PREFERRED MECHANICAL SERVICES,223 Center Street,PEMBROKE,MA,02359-2610,04/10/2021,Paid in Full,24,100,169055,169055,0,,33263,Rockland Trust Company,288 Union St,ROCKLAND,MA,02370-1803,U,N,N,Existing or more than 2 years old,PEMBROKE,PLYMOUTH,MA,02359-2610,MA-09,14,238220,Unanswered,Unknown/NotStated,,169055,,,,,,Subchapter S Corporation,33263,Rockland Trust Company,ROCKLAND,MA,Unanswered,Unanswered,,170496.66,02/26/2021
7999787001,04/08/2020,0101,PPP,MECHANICAL ENERGY CORP,153 WASHINGTON ST,EAST WALPOLE,MA,02032-1163,06/04/2021,Paid in Full,24,100,167720,167700,0,,89236,Needham Bank,1063 Great Plain Ave,NEEDHAM,MA,02492-2302,U,N,N,Existing or more than 2 years old,EAST WALPOLE,NORFOLK,MA,02032-1163,MA-08,9,238220,Unanswered,Unknown/NotStated,,167700,,,,,,Corporation,89236,Needham Bank,NEEDHAM,MA,Male Owned,Non-Veteran,,168939.12,01/28/2021
4129907101,04/12/2020,0101,PPP,BERRY MECHANICAL SERVICES INC,3 Milton Way,GEORGETOWN,MA,01833-1603,09/29/2021,Paid in Full,24,100,167245,167245.44,0,,29805,"TD Bank, National Association",2035 Limestone Rd,WILMINGTON,DE,19808-5529,U,N,N,Unanswered,GEORGETOWN,ESSEX,MA,01833-1603,MA-06,10,238220,Unanswered,Unknown/NotStated,,167245.44,,,,,,Corporation,29805,"TD Bank, National Association",WILMINGTON,DE,Unanswered,Unanswered,,169401.05,07/30/2021
6479347207,04/28/2020,0101,PPP,BARTLETT AND STEADMAN PLUMBING CORP,67 R Village Street,MARBLEHEAD,MA,01945,10/09/2021,Paid in Full,24,100,167100,167100,0,,33041,The National Grand Bank of Marblehead,91 Pleasant St,MARBLEHEAD,MA,01945-3324,U,N,N,Existing or more than 2 years old,MARBLEHEAD,ESSEX,MA,01945-0001,MA-06,12,238220,Unanswered,Not Hispanic or Latino,,167100,,,,,,Corporation,33041,The National Grand Bank of Marblehead,MARBLEHEAD,MA,Male Owned,Unanswered,,169219.65,08/05/2021
6614848509,03/04/2021,0101,PPS,RST THERMAL INC,372 University Ave # 0,Westwood,MA,02090-2311,01/22/2022,Paid in Full,60,100,166967,166967,0,,33263,Rockland Trust Company,288 Union St,ROCKLAND,MA,02370-1803,U,N,N,Existing or more than 2 years old,Westwood,NORFOLK,MA,02090-2311,MA-08,9,238220,Unanswered,Unknown/NotStated,1,166965,,,,,,Subchapter S Corporation,33263,Rockland Trust Company,ROCKLAND,MA,Unanswered,Unanswered,,168219.25,12/01/2021
5182327108,04/13/2020,0101,PPP,"CAPE COD MECHANICAL SYSTEMS, INC.",8 FRUEAN WAY,SOUTH YARMOUTH,MA,02664-1670,05/08/2021,Paid in Full,24,100,166845,166845,0,,33263,Rockland Trust Company,288 Union St,ROCKLAND,MA,02370-1803,U,N,Y,Existing or more than 2 years old,SOUTH YARMOUTH,BARNSTABLE,MA,02664-1670,MA-09,15,238220,Unanswered,Unknown/NotStated,,166845,,,,,,Subchapter S Corporation,33263,Rockland Trust Company,ROCKLAND,MA,Unanswered,Unanswered,,168471.74,04/12/2021
8377607200,04/28/2020,0101,PPP,"KANNAN & PRICONE PLUMBING & HEATING, INC.",3 WEST AYER ST,METHUEN,MA,01844-5509,09/15/2021,Paid in Full,24,100,166600,166600,0,,112598,Enterprise Bank and Trust Company,222 Merrimack St,LOWELL,MA,01852-5913,U,N,N,Existing or more than 2 years old,METHUEN,ESSEX,MA,01844-5509,MA-03,10,238220,Unanswered,Unknown/NotStated,,166600,,,,,,Subchapter S Corporation,112598,Enterprise Bank and Trust Company,LOWELL,MA,Unanswered,Unanswered,,168816.71,08/30/2021
7057737701,05/01/2020,0101,PPP,CARLSON HVAC INC,251 OLD CONCORD RD,BILLERICA,MA,01821-3496,03/18/2021,Paid in Full,24,100,196250,165959,0,,9551,"Bank of America, National Association","100 N Tryon St, Ste 170",CHARLOTTE,NC,28202-4024,U,N,N,New Business or 2 years or less,BILLERICA,MIDDLESEX,MA,01821-3496,MA-03,10,238220,White,Not Hispanic or Latino,,165959,,,,,,Corporation,9551,"Bank of America, National Association",CHARLOTTE,NC,Male Owned,Non-Veteran,,167223.02,02/10/2021
6314777100,04/14/2020,0101,PPP,JOHN DONOVAN PLUMBING AND HEATING CORP,28 FORGE PKWY,FRANKLIN,MA,02038-3247,05/18/2021,Paid in Full,24,100,165700,165700,0,,85119,Charles River Bank,70 Main St,MEDWAY,MA,02053-1825,U,N,N,Existing or more than 2 years old,FRANKLIN,NORFOLK,MA,02038-3247,MA-04,9,238220,Unanswered,Unknown/NotStated,,165700,,,,,,Subchapter S Corporation,85119,Charles River Bank,MEDWAY,MA,Unanswered,Unanswered,,167444.45,04/29/2021
5511497104,04/13/2020,0101,PPP,"LAPAN MECHANICAL CONTRACTORS, INC.",3 BETHANY ST,WORCESTER,MA,01604-3305,12/10/2020,Paid in Full,24,100,165576.41,165576.41,0,,98605,Webster First FCU,271 Greenwood St,WORCESTER,MA,01607-1733,U,Y,Y,Existing or more than 2 years old,WORCESTER,WORCESTER,MA,01604-3305,MA-02,12,238220,Unanswered,Unknown/NotStated,,165576.41,,,,,,Subchapter S Corporation,98605,Webster First FCU,WORCESTER,MA,Unanswered,Unanswered,,166510.08,11/12/2020
6912627210,04/28/2020,0101,PPP,"R. A. MECHANICAL, INC.",16 Lomar Park Suite 1,Pepperell,MA,01463,05/22/2021,Paid in Full,24,100,165457,165457,0,,84894,"Santander Bank, National Association","824 N Market St, Ste 100",WILMINGTON,DE,19801-4937,U,N,N,Existing or more than 2 years old,Pepperell,MIDDLESEX,MA,01463-0001,MA-03,20,238220,Unanswered,Unknown/NotStated,,165457,,,,,,Corporation,84894,"Santander Bank, National Association",WILMINGTON,DE,Unanswered,Unanswered,,166966.51,03/31/2021
6929418405,02/11/2021,0101,PPS,MARCOUX PLUMBING & HEATING INC.,273 Dracut St,Dracut,MA,01826-4510,09/16/2021,Paid in Full,60,100,165450,165450,0,,32962,The Lowell Five Cent Savings Bank,"30, International Place",Tewksbury,MA,01876,U,N,Y,Existing or more than 2 years old,Dracut,MIDDLESEX,MA,01826-4510,MA-03,12,238220,Unanswered,Unknown/NotStated,1,165445,,,,,,Subchapter S Corporation,32962,The Lowell Five Cent Savings Bank,Tewksbury,MA,Unanswered,Unanswered,,166234.19,08/11/2021
4376697009,04/03/2020,0130,PPP,PIONEER HEATING & COOLING INC.,52 Maple Street,FLORENCE,MA,01062-1233,03/09/2021,Paid in Full,24,100,164500,164500,0,,32766,bankESB,36 Main St,EASTHAMPTON,MA,01027-2050,U,Y,N,Existing or more than 2 years old,FLORENCE,HAMPSHIRE,MA,01062-1233,MA-02,12,238220,Unanswered,Not Hispanic or Latino,,164500,,,,,,Corporation,32766,bankESB,EASTHAMPTON,MA,Male Owned,Unanswered,,165451.03,02/12/2021
8245887201,04/28/2020,0101,PPP,"SWAMPSCOTT REFRIGERATION, INC.",163 ESSEX ST,LYNN,MA,01902,03/11/2021,Paid in Full,24,100,164465,164465,0,,32987,Eastern Bank,"Oliver Street Tower, 125, High St, Ste 901",Boston,MA,02110,U,N,Y,Existing or more than 2 years old,LYNN,ESSEX,MA,01902-0001,MA-06,10,238220,Unanswered,Unknown/NotStated,,164465,,,,,,Corporation,32987,Eastern Bank,Boston,MA,Unanswered,Unanswered,,165789.86,02/19/2021
7827287302,04/30/2020,0101,PPP,Y.G. SERVICES INC,21 CENTRAL TER,AUBURNDALE,MA,02466-2304,07/16/2021,Paid in Full,24,100,163822,163822,0,,9551,"Bank of America, National Association","100 N Tryon St, Ste 170",CHARLOTTE,NC,28202-4024,U,N,N,Existing or more than 2 years old,AUBURNDALE,MIDDLESEX,MA,02466-2304,MA-04,14,238220,White,Not Hispanic or Latino,,163822,,,,,,Corporation,9551,"Bank of America, National Association",CHARLOTTE,NC,Male Owned,Non-Veteran,,165608.33,06/04/2021
4666067104,04/13/2020,0101,PPP,RICHMAN CORPORATION,65 LIBERTY ST,QUINCY,MA,02169-6501,07/15/2021,Paid in Full,24,100,163470,163470,0,,32987,Eastern Bank,"Oliver Street Tower, 125, High St, Ste 901",Boston,MA,02110,U,Y,Y,Existing or more than 2 years old,QUINCY,NORFOLK,MA,02169-6501,MA-08,6,238220,Unanswered,Unknown/NotStated,,163470,,,,,,Corporation,32987,Eastern Bank,Boston,MA,Male Owned,Unanswered,,165372.61,06/15/2021
8622068401,02/13/2021,0101,PPS,KINGSTON PLUMBING & HEATING INC,7 Ryan Rd,Danvers,MA,01923-2631,11/02/2021,Paid in Full,60,100,163412.5,163412.5,0,,32738,Cape Ann Savings Bank,109 Main St,GLOUCESTER,MA,01930-5701,U,N,N,Existing or more than 2 years old,Danvers,ESSEX,MA,01923-2631,MA-06,13,238220,Unanswered,Not Hispanic or Latino,1,163407.5,,,,,,Subchapter S Corporation,32738,Cape Ann Savings Bank,GLOUCESTER,MA,Male Owned,Veteran,,164547.31,10/27/2021
8609587109,04/15/2020,0101,PPP,"JERRY DALEY & SONS PLUMBING & HEATING, INC",91 TYNGSBORO RD,N. CHELMSFORD,MA,01863,03/04/2021,Paid in Full,24,100,162640.35,162640.35,0,,32972,Washington Savings Bank,30 Middlesex St,LOWELL,MA,01852-2111,U,N,N,Existing or more than 2 years old,N. CHELMSFORD,MIDDLESEX,MA,01863-0001,MA-03,11,238220,White,Not Hispanic or Latino,,162640.35,,,,,,Corporation,32972,Washington Savings Bank,LOWELL,MA,Male Owned,Unanswered,,163910.28,02/04/2021
1285947100,04/10/2020,0101,PPP,"BURKE & SONS PLUMBING & HEATING, INC.",1 FEDERAL WAY,GROVELAND,MA,01834-1564,03/17/2022,Paid in Full,24,100,162600,162600,0,,32855,Pentucket Bank,1 Merrimack St,HAVERHILL,MA,01830-6231,U,N,N,Existing or more than 2 years old,GROVELAND,ESSEX,MA,01834-1564,MA-06,12,238220,Unanswered,Unknown/NotStated,,162600,,,,,,Subchapter S Corporation,32855,Pentucket Bank,HAVERHILL,MA,Male Owned,Unanswered,,164749.93,08/11/2021
4606387202,04/27/2020,0101,PPP,"INDUSTRIAL PIPING, INC.",667 Westminster Street,FITCHBURG,MA,01420-4641,04/13/2021,Paid in Full,24,100,162075,162075,0,,80075,Fidelity Co-Operative Bank,9 Leominster Connector,LEOMINSTER,MA,01453-3791,U,N,N,Existing or more than 2 years old,FITCHBURG,WORCESTER,MA,01420-4641,MA-03,20,238220,Unanswered,Unknown/NotStated,,162075,,,,,,Corporation,80075,Fidelity Co-Operative Bank,LEOMINSTER,MA,Unanswered,Unanswered,,163491.49,03/16/2021
5978867003,04/06/2020,0101,PPP,"EMPIRE ENGINEERING CO., INC.",263 REVERE ST,CANTON,MA,02021-2921,06/04/2021,Paid in Full,24,100,188530,161000,0,,89236,Needham Bank,1063 Great Plain Ave,NEEDHAM,MA,02492-2302,U,N,N,Existing or more than 2 years old,CANTON,NORFOLK,MA,02021-2921,MA-08,10,238220,Unanswered,Not Hispanic or Latino,,161000,,,,,,Corporation,89236,Needham Bank,NEEDHAM,MA,Male Owned,Non-Veteran,,161961.53,12/10/2020
9326867104,04/15/2020,0101,PPP,REID MECHANICAL CORPORATION,27 CHARLES ST #3,NORTH ANDOVER,MA,01845-1664,08/05/2021,Paid in Full,24,100,160700,160700,0,,112598,Enterprise Bank and Trust Company,222 Merrimack St,LOWELL,MA,01852-5913,U,N,N,Existing or more than 2 years old,NORTH ANDOVER,ESSEX,MA,01845-1664,MA-06,11,238220,Unanswered,Unknown/NotStated,3000,145000,,700,,12000,,Corporation,112598,Enterprise Bank and Trust Company,LOWELL,MA,Unanswered,Unanswered,,162673.04,07/09/2021
4306018604,03/18/2021,0101,PPS,REID MECHANICAL CORP./RMC,27 Charles St Ste 3,North Andover,MA,01845-1664,02/04/2022,Paid in Full,60,100,160337,160337,0,,112598,Enterprise Bank and Trust Company,222 Merrimack St,LOWELL,MA,01852-5913,U,N,N,Existing or more than 2 years old,North Andover,ESSEX,MA,01845-1664,MA-06,11,238220,Unanswered,Unknown/NotStated,1,160334,,,,,,Corporation,112598,Enterprise Bank and Trust Company,LOWELL,MA,Unanswered,Unanswered,,161717.68,01/28/2022
3365177104,04/11/2020,0101,PPP,"PANTON PLUMBING & HEATING, INC.",116 BERNARD ST JEAN DR,FALMOUTH,MA,02540,09/28/2021,Paid in Full,24,100,159640,159640,0,,32987,Eastern Bank,"Oliver Street Tower, 125, High St, Ste 901",Boston,MA,02110,U,N,N,Existing or more than 2 years old,FALMOUTH,BARNSTABLE,MA,02540-1305,MA-09,17,238220,Unanswered,Unknown/NotStated,,159640,,,,,,Corporation,32987,Eastern Bank,Boston,MA,Unanswered,Unanswered,,160410.76,08/04/2021
1209407100,04/10/2020,0101,PPP,"HOUGHTON PLUMBING AND HEATING, INC.",130 CENTRAL ST,STONEHAM,MA,02180-4101,03/31/2022,Paid in Full,24,100,159200,159200,0,,33304,Salem Five Cents Savings Bank,210 Essex St,SALEM,MA,01970-3705,U,N,N,Existing or more than 2 years old,STONEHAM,MIDDLESEX,MA,02180-4101,MA-05,17,238220,Unanswered,Unknown/NotStated,,159200,,,,,,Corporation,33304,Salem Five Cents Savings Bank,SALEM,MA,Unanswered,Unanswered,,160579.73,02/25/2021
2742417106,04/11/2020,0101,PPP,"UNITED APPLIANCE CENTER, INC.",422A BOSTON ST,TOPSFIELD,MA,01983-1216,03/31/2022,Paid in Full,24,100,159200,159200,0,,33304,Salem Five Cents Savings Bank,210 Essex St,SALEM,MA,01970-3705,U,N,N,Existing or more than 2 years old,TOPSFIELD,ESSEX,MA,01983-1216,MA-06,9,238220,White,Not Hispanic or Latino,,159200,,,,,,Corporation,33304,Salem Five Cents Savings Bank,SALEM,MA,Male Owned,Non-Veteran,,160721.24,03/31/2021
4680708501,02/26/2021,0101,PPS,MOURADIAN PLUMBING AND HEATING INC,32 Prentiss Rd Ste 204,Arlington,MA,02476-4558,12/21/2021,Paid in Full,60,100,158862,158862,0,,29805,"TD Bank, National Association",2035 Limestone Rd,WILMINGTON,DE,19808-5529,U,N,N,Existing or more than 2 years old,Arlington,MIDDLESEX,MA,02476-4558,MA-05,11,238220,Unanswered,Unknown/NotStated,,158860,,,,,,Corporation,29805,"TD Bank, National Association",WILMINGTON,DE,Unanswered,Unanswered,,160009.34,11/24/2021
2494227304,04/29/2020,0101,PPP,BEDFORD MECHANICAL INC,44 North Rd,Bedford,MA,01730,07/22/2021,Paid in Full,24,100,158700,158700,0,,434162,"Citizens Bank, National Association",1 Citizens Plaza,PROVIDENCE,RI,02903-1344,U,N,N,Existing or more than 2 years old,Bedford,MIDDLESEX,MA,01730-0001,MA-06,10,238220,Unanswered,Unknown/NotStated,,158700,,,,,,Corporation,434162,"Citizens Bank, National Association",PROVIDENCE,RI,Unanswered,Unanswered,,160473.96,06/17/2021
7136147002,04/07/2020,0101,PPP,"DG SERVICE COMPANY, INC.",23 County Road,MATTAPOISETT,MA,02739,04/21/2021,Paid in Full,24,100,158270,158270,0,,32784,BayCoast Bank,330 Swansea Mall Dr,SWANSEA,MA,02777-4112,U,N,N,Existing or more than 2 years old,MATTAPOISETT,PLYMOUTH,MA,02739-0001,MA-09,14,238220,Unanswered,Unknown/NotStated,,158270,,,,,,Corporation,32784,BayCoast Bank,SWANSEA,MA,Unanswered,Unanswered,,159716.41,03/15/2021
2680687208,04/16/2020,0101,PPP,"A AND K PLUMBING AND HEATING, INC.",64 Shirley Avenue,Revere,MA,02151,03/17/2021,Paid in Full,24,100,158100,158100,0,,434162,"Citizens Bank, National Association",1 Citizens Plaza,PROVIDENCE,RI,02903-1344,U,Y,Y,Existing or more than 2 years old,Revere,SUFFOLK,MA,02151-0001,MA-05,12,238220,Unanswered,Unknown/NotStated,,158100,,,,,,Subchapter S Corporation,434162,"Citizens Bank, National Association",PROVIDENCE,RI,Unanswered,Unanswered,,159150.3,02/12/2021
6592587004,04/07/2020,0101,PPP,JV MECHANICAL CONTRACTORS INC.,929 SCHOOL ST,WEBSTER,MA,01570-3028,04/13/2021,Paid in Full,24,100,158000,158000,0,,33428,Webster Five Cents Savings Bank,136 Thompson Rd,WEBSTER,MA,01570-1416,U,N,Y,Existing or more than 2 years old,WEBSTER,WORCESTER,MA,01570-3028,MA-01,16,238220,Unanswered,Unknown/NotStated,,158000,,,,,,Subchapter S Corporation,33428,Webster Five Cents Savings Bank,WEBSTER,MA,Male Owned,Unanswered,,159408.83,03/05/2021
4651327303,04/30/2020,0101,PPP,AKIAN PLUMBING LLC,181 SCHOOL ST,WATERTOWN,MA,02472,06/11/2021,Paid in Full,24,100,156997,156997,0,,32987,Eastern Bank,"Oliver Street Tower, 125, High St, Ste 901",Boston,MA,02110,U,N,N,New Business or 2 years or less,WATERTOWN,MIDDLESEX,MA,02472-1001,MA-05,14,238220,White,Not Hispanic or Latino,,156997,,,,,,Limited  Liability Company(LLC),32987,Eastern Bank,Boston,MA,Male Owned,Non-Veteran,,158671.63,05/25/2021
5403647300,04/30/2020,0101,PPP,UNITED MECHANICAL CONTRACTING INC,145 Newton St. Suite 4,Waltham,MA,02453,04/17/2021,Paid in Full,24,100,156480,156480,0,,84894,"Santander Bank, National Association","824 N Market St, Ste 100",WILMINGTON,DE,19801-4937,U,Y,Y,Existing or more than 2 years old,Waltham,MIDDLESEX,MA,02453-0054,MA-05,12,238220,Unanswered,Not Hispanic or Latino,,156480,,,,,,Corporation,84894,"Santander Bank, National Association",WILMINGTON,DE,Male Owned,Non-Veteran,,157839.02,03/18/2021
4912698402,02/07/2021,0101,PPS,MECHANICAL ENERGY CORP,153 Washington St,East Walpole,MA,02032-1163,10/23/2021,Paid in Full,60,100,156307.5,156307.5,0,,89236,Needham Bank,1063 Great Plain Ave,NEEDHAM,MA,02492-2302,U,N,N,Existing or more than 2 years old,East Walpole,NORFOLK,MA,02032-1163,MA-08,9,238220,Unanswered,Unknown/NotStated,1,156301.5,,,,,,Corporation,89236,Needham Bank,NEEDHAM,MA,Male Owned,Non-Veteran,,157149.82,09/08/2021
3314558510,02/23/2021,0101,PPS,NORTHEAST PROCESS SYSTEMS INC,20 Kettle Cove Ln,Gloucester,MA,01930-5105,02/16/2022,Paid in Full,60,100,155665,155665,0,,84894,"Santander Bank, National Association","824 N Market St, Ste 100",WILMINGTON,DE,19801-4937,U,N,N,Existing or more than 2 years old,Gloucester,ESSEX,MA,01930-5105,MA-06,10,238220,Unanswered,Unknown/NotStated,,155665,,,,,,Corporation,84894,"Santander Bank, National Association",WILMINGTON,DE,Unanswered,Unanswered,,157004.15,01/06/2022
2466458509,02/20/2021,0101,PPS,BURKE & SONS PLUMBING & HEATING INC.,1 Federal Way,Groveland,MA,01834-1564,04/09/2022,Paid in Full,60,100,155266,155266,0,,32855,Pentucket Bank,1 Merrimack St,HAVERHILL,MA,01830-6231,U,N,N,Existing or more than 2 years old,Groveland,ESSEX,MA,01834-1564,MA-06,11,238220,Unanswered,Unknown/NotStated,,155266,,,,,,Subchapter S Corporation,32855,Pentucket Bank,HAVERHILL,MA,Male Owned,Unanswered,,156965.3,03/24/2022
1986087203,04/15/2020,0101,PPP,SEASIDE GAS SERVICE INC.,67 HELMSMAN DRIVE,YARMOUTH PORT,MA,02675,04/10/2021,Paid in Full,24,100,155188,155188,0,,33263,Rockland Trust Company,288 Union St,ROCKLAND,MA,02370-1803,U,N,N,Existing or more than 2 years old,YARMOUTH PORT,BARNSTABLE,MA,02675-0001,MA-09,10,238220,White,Not Hispanic or Latino,,155188,,,,,,Subchapter S Corporation,33263,Rockland Trust Company,ROCKLAND,MA,Male Owned,Non-Veteran,,156554.52,03/09/2021
5705397009,04/06/2020,0101,PPP,GUSTAFSON PLUMBERS INC,1035 MILLBURY ST,WORCESTER,MA,01607-1494,03/09/2021,Paid in Full,24,100,155100,155100,0,,89228,bankHometown,31 Sutton Ave,OXFORD,MA,01540-1755,U,N,N,Existing or more than 2 years old,WORCESTER,WORCESTER,MA,01607-1494,MA-02,17,238220,Unanswered,Unknown/NotStated,,155100,,,,,,Corporation,89228,bankHometown,OXFORD,MA,Unanswered,Unanswered,,155977.81,02/16/2021
3957957106,04/12/2020,0101,PPP,AMERICAN AIR INC,1 Box Car Blvd,TEWKSBURY,MA,01876-1400,07/23/2021,Paid in Full,24,100,155000,155000,0,,29805,"TD Bank, National Association",2035 Limestone Rd,WILMINGTON,DE,19808-5529,U,N,N,Existing or more than 2 years old,TEWKSBURY,MIDDLESEX,MA,01876-1400,MA-06,11,238220,Unanswered,Unknown/NotStated,,155000,,,,,,Corporation,29805,"TD Bank, National Association",WILMINGTON,DE,Unanswered,Unanswered,,156726.53,06/03/2021
9768127102,04/15/2020,0101,PPP,WILLWERTH PLUMBING & HEATING INC.,126 MAIN ST,NORTH READING,MA,01864-2293,02/11/2021,Paid in Full,24,100,154700,154700,0,,32730,East Cambridge Savings Bank,292 Cambridge St,CAMBRIDGE,MA,02141-1203,U,N,N,Existing or more than 2 years old,NORTH READING,MIDDLESEX,MA,01864-2293,MA-06,10,238220,White,Not Hispanic or Latino,,154700,,,,,,Corporation,32730,East Cambridge Savings Bank,CAMBRIDGE,MA,Female Owned,Non-Veteran,,155814.69,01/14/2021
5404808505,02/27/2021,0101,PPS,WAMBOLT PLUMBING AND HEATING CORP,11 Wadsworth Ave,Waltham,MA,02453-5012,11/19/2021,Paid in Full,60,100,154502,154502,0,,9551,"Bank of America, National Association","100 N Tryon St, Ste 170",CHARLOTTE,NC,28202-4024,U,N,N,Existing or more than 2 years old,Waltham,MIDDLESEX,MA,02453-5012,MA-05,12,238220,Unanswered,Unknown/NotStated,1,154499,,,,,,Corporation,9551,"Bank of America, National Association",CHARLOTTE,NC,Unanswered,Unanswered,,155424.78,10/06/2021
9043287009,04/09/2020,0101,PPP,"RIVERDALE PLUMBING & HEATING, INC.",35 MERCHANTS DR,WALPOLE,MA,02081-1763,07/20/2021,Paid in Full,24,100,200000,154100,0,,89283,Walpole Co-Operative Bank,982 Main St,WALPOLE,MA,02081-2828,U,N,N,Existing or more than 2 years old,WALPOLE,NORFOLK,MA,02081-1763,MA-08,8,238220,Unanswered,Not Hispanic or Latino,,116000,,38100,,,,Subchapter S Corporation,89283,Walpole Co-Operative Bank,WALPOLE,MA,Male Owned,Non-Veteran,,155884.99,06/09/2021
9270427003,04/09/2020,0130,PPP,FRANK B PAIGE PLUMBING & HEATING SERVICES INC,19 Knollwood Dr,EAST LONGMEADOW,MA,01028-2718,03/10/2021,Paid in Full,24,100,154100,154100,0,,46391,Manufacturers and Traders Trust Company,"One M & T Plaza, 15th Fl",BUFFALO,NY,14203,U,N,N,Existing or more than 2 years old,EAST LONGMEADOW,HAMPDEN,MA,01028-2718,MA-01,7,238220,Unanswered,Unknown/NotStated,,154100,,,,,,Corporation,15793,Manufacturers and Traders Trust Company,Bridgeport,CT,Unanswered,Unanswered,,155370.8,02/23/2021
9492647310,05/02/2020,0101,PPP,"CENTRAL SYSTEMS COMPANY, INC.",865 BEDFORD ST,BRIDGEWATER,MA,02324,06/11/2021,Paid in Full,24,100,153212,153212,0,,32987,Eastern Bank,"Oliver Street Tower, 125, High St, Ste 901",Boston,MA,02110,U,N,N,Existing or more than 2 years old,BRIDGEWATER,PLYMOUTH,MA,02324-0001,MA-09,8,238220,Unanswered,Not Hispanic or Latino,,153212,,,,,,Corporation,32987,Eastern Bank,Boston,MA,Male Owned,Non-Veteran,,154782.42,05/13/2021
9322228306,01/30/2021,0101,PPS,EMPIRE ENGINEERING CO. INC,263 Revere St,Canton,MA,02021-2921,07/29/2021,Paid in Full,60,100,153176.17,153176.17,0,,89236,Needham Bank,1063 Great Plain Ave,NEEDHAM,MA,02492-2302,U,N,N,Existing or more than 2 years old,Canton,NORFOLK,MA,02021-2921,MA-08,11,238220,Unanswered,Not Hispanic or Latino,1,153173.17,,,,,,Corporation,89236,Needham Bank,NEEDHAM,MA,Male Owned,Non-Veteran,,153712.29,06/15/2021
5045647103,04/13/2020,0130,PPP,"REIDY HEATING AND COOLING, INC.",539 Canal St,HOLYOKE,MA,01040-5580,06/08/2021,Paid in Full,24,100,152500,152500,0,,32869,PeoplesBank,330 Whitney Ave,HOLYOKE,MA,01040-2751,U,N,Y,Existing or more than 2 years old,HOLYOKE,HAMPDEN,MA,01040-5580,MA-01,10,238220,Unanswered,Unknown/NotStated,,152500,,,,,,Subchapter S Corporation,32869,PeoplesBank,HOLYOKE,MA,Unanswered,Unanswered,,154175.41,05/27/2021
6731027110,04/14/2020,0101,PPP,"MARCOUX PLUMBING & HEATING, INC.",273 DRACUT ST,DRACUT,MA,01826-4510,03/09/2021,Paid in Full,24,100,152300,152300,0,,32962,The Lowell Five Cent Savings Bank,"30, International Place",Tewksbury,MA,01876,U,N,Y,Existing or more than 2 years old,DRACUT,MIDDLESEX,MA,01826-4510,MA-03,10,238220,Unanswered,Unknown/NotStated,1673,137305,,2800,,10522,,Subchapter S Corporation,32962,The Lowell Five Cent Savings Bank,Tewksbury,MA,Unanswered,Unanswered,,153606.02,02/23/2021
6214487110,04/14/2020,0101,PPP,"BEANTOWN AC, INC",9 ALDRIN RD STE 1,PLYMOUTH,MA,02360-5479,12/04/2020,Paid in Full,24,100,152100,152100,0,,89212,The Cooperative Bank of Cape Cod,25 Benjamin Franklin Way,HYANNIS,MA,02601-8140,U,N,Y,Existing or more than 2 years old,PLYMOUTH,PLYMOUTH,MA,02360-5479,MA-09,13,238220,Unanswered,Unknown/NotStated,,152100,,,,,,Corporation,89212,The Cooperative Bank of Cape Cod,HYANNIS,MA,Unanswered,Unanswered,,152949.22,11/10/2020
4644347006,04/04/2020,0101,PPP,POLAR MECHANICAL INC.,37 KNOLLWOOD DR,CHARLTON,MA,01507-1814,06/15/2021,Paid in Full,24,100,150500,150500,0,,33352,Cornerstone Bank,230 Park Ave,WORCESTER,MA,01609-1918,U,N,N,Existing or more than 2 years old,CHARLTON,WORCESTER,MA,01507-1814,MA-01,2,238220,White,Not Hispanic or Latino,,150500,,,,,,Corporation,33352,Cornerstone Bank,WORCESTER,MA,Male Owned,Non-Veteran,,152130.42,05/19/2021
1550928408,02/02/2021,0101,PPS,CARL-LOUIS CO. INC.,104 Victory Rd,Dorchester,MA,02122-3544,09/29/2021,Paid in Full,60,100,150000,150000,0,,434162,"Citizens Bank, National Association",1 Citizens Plaza,PROVIDENCE,RI,02903-1344,U,Y,Y,Existing or more than 2 years old,Dorchester,SUFFOLK,MA,02122-3544,MA-08,5,238220,Black or African American,Unknown/NotStated,1,149996,,,,,,Corporation,434162,"Citizens Bank, National Association",PROVIDENCE,RI,Unanswered,Unanswered,,150789.04,08/20/2021
2946928703,03/30/2021,0101,PPS,EVOLVED MECHANICAL LLC,650 Broadway,Malden,MA,02148-2040,11/25/2021,Paid in Full,60,100,150000,150000,0,,32987,Eastern Bank,"Oliver Street Tower, 125, High St, Ste 901",Boston,MA,02110,U,N,Y,Existing or more than 2 years old,Malden,MIDDLESEX,MA,02148-2040,MA-05,13,238220,White,Not Hispanic or Latino,1,149998,,,,,,Limited  Liability Company(LLC),32987,Eastern Bank,Boston,MA,Male Owned,Non-Veteran,,150804.17,10/20/2021
3041397104,04/11/2020,0101,PPP,TOTAL TEMP. INC.,22 CAMBRIDGE ST,MIDDLEBORO,MA,02346-2070,04/13/2021,Paid in Full,24,100,150000,150000,0,,32987,Eastern Bank,"Oliver Street Tower, 125, High St, Ste 901",Boston,MA,02110,U,N,Y,Existing or more than 2 years old,MIDDLEBORO,PLYMOUTH,MA,02346-2070,MA-09,12,238220,Unanswered,Unknown/NotStated,,150000,,,,,,Corporation,32987,Eastern Bank,Boston,MA,Unanswered,Unanswered,,151366.67,03/19/2021
7554277009,04/07/2020,0101,PPP,"FLEET REFRIGERATION AND AIR CONDITIONING CO., INC.",27 CANAL ST,MEDFORD,MA,02155-3621,02/11/2021,Paid in Full,24,100,150000,150000,0,,32730,East Cambridge Savings Bank,292 Cambridge St,CAMBRIDGE,MA,02141-1203,U,N,N,Existing or more than 2 years old,MEDFORD,MIDDLESEX,MA,02155-3621,MA-05,14,238220,White,Not Hispanic or Latino,,150000,,,,,,Corporation,32730,East Cambridge Savings Bank,CAMBRIDGE,MA,Male Owned,Veteran,,150849.86,02/16/2021
9184848403,02/16/2021,0101,PPS,TOTAL TEMP INC,22 Cambridge St,Middleboro,MA,02346-2090,02/11/2022,Paid in Full,60,100,150000,150000,0,,32987,Eastern Bank,"Oliver Street Tower, 125, High St, Ste 901",Boston,MA,02110,U,N,Y,Existing or more than 2 years old,Middleboro,PLYMOUTH,MA,02346-2090,MA-09,10,238220,Unanswered,Unknown/NotStated,1,149998,,,,,,Corporation,32987,Eastern Bank,Boston,MA,Unanswered,Unanswered,,151412.5,01/25/2022
