biz_id,reg_match_status,selected,confidence,via,exact_full,suffix_conflict,taxpayer_number,taxpayer_name,taxpayer_address,taxpayer_city,taxpayer_state,taxpayer_zip,org_type,record_type_code,sos_file_number,sos_charter_date,sos_status_code,right_to_transact_code,responsibility_beginning_date,tx_naics,evidence
biz-001,verified,selected,high,legal,True,False,32042845720,"GENECO TECHNOLOGIES, LLC",236 AIR BASE RD,TYE,TX,79563,CL,U,0801773965,04/26/2013,A,A,10/18/2010,238220,"exact legal name incl. entity suffix: TX 'GENECO TECHNOLOGIES, LLC'; street address corroborates: TX '236 AIR BASE RD, TYE 79563'"
biz-002,verified,selected,high,legal,True,False,32034073869,STEWART PLUMBING CO.,8710 BUSINESS CT,CONVERSE,TX,78109,CT,U,0800892586,11/01/2007,A,A,11/01/2007,,"exact legal name incl. entity suffix: TX 'STEWART PLUMBING CO.'; street address corroborates: TX '8710 BUSINESS CT, CONVERSE 78109'"
biz-003,verified,selected,high,legal,True,False,17523195661,"COMFORT MASTERS HEATING & AIR CONDITIONING, INC.",1318 E 50TH ST,LUBBOCK,TX,79404,CT,U,0114482900,02/27/1990,A,A,02/27/1990,811000,"exact legal name incl. entity suffix: TX 'COMFORT MASTERS HEATING & AIR CONDITIONING, INC.'; street address corroborates: TX '1318 E 50TH ST, LUBBOCK 79404'"
biz-005,review,,low,legal,True,False,17525652370,"JF FILTRATION, INC.",3412 MCCALL LN,AUSTIN,TX,78744,CT,U,0133044800,10/12/1994,A,A,10/12/1994,238220,"exact legal name incl. entity suffix: TX 'JF FILTRATION, INC.'; no address corroboration (TX address 3412 MCCALL LN, AUSTIN TX 78744)"
biz-006,verified,selected,medium,legal,True,False,17528712197,"DOUCET PLUMBING, INC.",6474 SIDE VIEW RD,SAN ANGELO,TX,76901,CT,U,0157544100,03/16/2000,A,A,03/16/2000,238222,"exact legal name incl. entity suffix: TX 'DOUCET PLUMBING, INC.'; ZIP 76901 corroborates (street differs: TX '6474 SIDE VIEW RD')"
biz-007,verified,selected,high,legal,True,False,17428535581,"CENTURY FIRE SYSTEMS, LLC",490 EAGLE DR,EL PASO,TX,79912,CL,U,0703020722,10/14/1997,A,A,10/14/1997,238212,"exact legal name incl. entity suffix: TX 'CENTURY FIRE SYSTEMS, LLC'; street address corroborates: TX '490 EAGLE DR, EL PASO 79912'"
biz-008,verified,selected,medium,legal,True,False,32060427427,SHREINER HOME COMFORT LLC,PO BOX 32525,AMARILLO,TX,79120,CL,U,0802453872,05/09/2016,A,A,05/09/2016,238220,exact legal name incl. entity suffix: TX 'SHREINER HOME COMFORT LLC'; city only (AMARILLO); street and ZIP differ; only active Texas record with this name statewide; city-level address corroboration
biz-009,verified,selected,medium,legal,True,False,32033566509,"FREUND ENTERPRISES, INC.",11411 JONES MALTSBERGER RD,SAN ANTONIO,TX,78216,CT,U,0800859353,08/17/2007,A,A,08/17/2007,,"exact legal name incl. entity suffix: TX 'FREUND ENTERPRISES, INC.'; ZIP 78216 corroborates (street differs: TX '11411 JONES MALTSBERGER RD')"
biz-010,verified,selected,high,legal,True,False,17527398766,"ALLEN'S TRI-STATE MECHANICAL, INC.",404 S HAYDEN ST,AMARILLO,TX,79101,CT,U,0145393300,07/18/1997,A,A,07/18/1997,238220,"exact legal name incl. entity suffix: TX 'ALLEN'S TRI-STATE MECHANICAL, INC.'; street address corroborates: TX '404 S HAYDEN ST, AMARILLO 79101'"
biz-011,verified,selected,high,legal,True,False,17520641972,"NATIONAL HEATING & PLUMBING, INC.",620 RYAN AVE,ODESSA,TX,79761,CT,U,0077143000,10/21/1985,A,A,10/21/1985,238222,"exact legal name incl. entity suffix: TX 'NATIONAL HEATING & PLUMBING, INC.'; street address corroborates: TX '620 RYAN AVE, ODESSA 79761'"
biz-013,review,,low,legal,False,True,17513321657,"AUTOMATIC FIRE PROTECTION, LLC",630 INTERNATIONAL PKWY STE 100,RICHARDSON,TX,75081,CL,U,0805530997,05/01/2024,A,A,04/23/1970,238220,"legal name match (entity suffix ignored): TX 'AUTOMATIC FIRE PROTECTION, LLC'; no address corroboration (TX address 630 INTERNATIONAL PKWY STE 100, RICHARDSON TX 75081); entity type differs (PPP 'corp' vs TX 'llc'): possible conversion/successor, charter date may not cover the PPP entity"
biz-013,review,,low,address,False,False,32039417657,"AUTOMATIC FIRE PROTECTION PROPERTY MANAGEMENT, LLC",4582 CHRISTOVAL RD,SAN ANGELO,TX,76904,CL,U,0801116081,04/28/2009,A,A,04/28/2009,,"same street+ZIP, similar name (token overlap 0.60): TX 'AUTOMATIC FIRE PROTECTION PROPERTY MANAGEMENT, LLC'; street address corroborates: TX '4582 CHRISTOVAL RD, SAN ANGELO 76904'"
biz-014,verified,selected,high,legal,False,True,12024978616,"ATMAC MECHANICAL SERVICES, LLC",1201 SUMMIT AVE,PLANO,TX,75074,CL,U,0804952706,02/18/2023,A,A,01/01/2008,,"legal name match (entity suffix ignored): TX 'ATMAC MECHANICAL SERVICES, LLC'; street address corroborates: TX '1201 SUMMIT AVE, PLANO 75074'; entity type differs (PPP 'partnership' vs TX 'llc'): possible conversion/successor, charter date may not cover the PPP entity"
biz-015,verified,selected,high,legal,True,False,17516360132,"BRUCE THORNTON AIR CONDITIONING, INC.",128 SLATON RD,LUBBOCK,TX,79404,CT,U,0045836000,01/02/1979,A,A,01/02/1979,238222,"exact legal name incl. entity suffix: TX 'BRUCE THORNTON AIR CONDITIONING, INC.'; street address corroborates: TX '128 SLATON RD, LUBBOCK 79404'"
biz-016,review,,low,legal,False,False,17514394505,"HOWARD'S MECHANICAL CO., INC.",PO BOX 7603,AMARILLO,TX,79114,CT,U,0033602300,01/07/1974,A,A,01/07/1974,238222,"legal name match (entity suffix ignored): TX 'HOWARD'S MECHANICAL CO., INC.'; city only (AMARILLO); street and ZIP differ"
biz-017,verified,selected,high,legal,False,False,17600056679,LUYCX PLUMBING COMPANY,603 S LAZY LN,CLUTE,TX,77531,CT,U,0058139900,10/09/1981,A,A,10/09/1981,238221,"legal name match (entity suffix ignored): TX 'LUYCX PLUMBING COMPANY'; street address corroborates: TX '603 S LAZY LN, CLUTE 77531'"
biz-018,review,,low,legal,False,False,17602415246,"A & T PLUMBING CO., INC.",PO BOX 801243,HOUSTON,TX,77280,CT,U,0105467300,02/03/1988,A,A,02/03/1988,236115,"legal name match (entity suffix ignored): TX 'A & T PLUMBING CO., INC.'; city only (HOUSTON); street and ZIP differ"
biz-019,review,,low,legal,False,False,32036672239,"CENTRAL TEXAS PLUMBING SOLUTIONS, INC.",PO BOX 23624,WACO,TX,76702,CT,U,0804702714,08/18/2022,A,A,04/02/2008,,"legal name match (entity suffix ignored): TX 'CENTRAL TEXAS PLUMBING SOLUTIONS, INC.'; city only (WACO); street and ZIP differ"
biz-020,verified,selected,high,legal,True,False,13420351945,"JARMON SERVICES, INC.",1375 RIVER BEND DR,DALLAS,TX,75247,CT,U,0800446363,01/27/2005,A,A,01/27/2005,238210,"exact legal name incl. entity suffix: TX 'JARMON SERVICES, INC.'; street address corroborates: TX '1375 RIVER BEND DR, DALLAS 75247'"
biz-022,verified,selected,high,legal,True,False,17428791648,"A/C TECHNICAL SERVICES, LLC",PO BOX 1535,CASTROVILLE,TX,78009,CL,U,0802471961,06/03/2016,A,A,04/30/1998,,"exact legal name incl. entity suffix: TX 'A/C TECHNICAL SERVICES, LLC'; street address corroborates: TX 'PO BOX 1535, CASTROVILLE 78009'"
biz-023,verified,selected,medium,legal,True,False,14708715090,"HORIZON PLUMBING, LTD.",6101 W PIONEER PKWY,ARLINGTON,TX,76013,PL,U,0800098178,06/27/2002,A,A,01/01/2008,,"exact legal name incl. entity suffix: TX 'HORIZON PLUMBING, LTD.'; city only (ARLINGTON); street and ZIP differ; only active Texas record with this name statewide; city-level address corroboration"
biz-024,verified,selected,high,legal,True,False,17430227805,EP MECHANICAL TECHNOLOGIES INC.,211 N COTTON ST,EL PASO,TX,79901,CT,U,0800022242,10/24/2001,A,A,10/24/2001,238221,"exact legal name incl. entity suffix: TX 'EP MECHANICAL TECHNOLOGIES INC.'; street address corroborates: TX '211 N COTTON ST, EL PASO 79901'"
biz-026,verified,selected,high,legal,True,False,32049099412,"LONESTAR SUPERIOR SERVICES, LLC",3309 S FILLMORE ST,AMARILLO,TX,79110,CL,U,0801660260,10/01/2012,A,A,10/01/2012,,"exact legal name incl. entity suffix: TX 'LONESTAR SUPERIOR SERVICES, LLC'; street address corroborates: TX '3309 S FILLMORE ST, AMARILLO 79110'"
biz-027,verified,selected,medium,legal,True,False,17514521685,"FRANK'S REPAIR PLUMBING, INC.",PO BOX 3160,AMARILLO,TX,79116,CT,U,0034459200,06/20/1974,A,A,06/20/1974,238220,"exact legal name incl. entity suffix: TX 'FRANK'S REPAIR PLUMBING, INC.'; city only (AMARILLO); street and ZIP differ; only active Texas record with this name statewide; city-level address corroboration"
biz-028,verified,selected,medium,legal,True,False,32011058107,"GENESIS FIRE PROTECTION, INC.",615 N KAUFMAN ST,SEAGOVILLE,TX,75159,CT,U,0800186794,03/25/2003,A,A,03/25/2003,,"exact legal name incl. entity suffix: TX 'GENESIS FIRE PROTECTION, INC.'; ZIP 75159 corroborates (street differs: TX '615 N KAUFMAN ST')"
biz-029,verified,selected,high,legal,True,False,32049922944,"MORGAN AIR SERVICES, LLC",5200 MITCHELLDALE ST STE F26,HOUSTON,TX,77092,CL,U,0801715727,01/11/2013,A,A,01/11/2013,238220,"exact legal name incl. entity suffix: TX 'MORGAN AIR SERVICES, LLC'; street address corroborates: TX '5200 MITCHELLDALE ST STE F26, HOUSTON 77092'"
biz-030,verified,selected,high,legal,True,False,17517281113,"KEN PARKER SERVICE, INC.",3627 STATE HIGHWAY 34 S,GREENVILLE,TX,75402,CT,U,0050177600,12/27/1979,A,A,12/27/1979,238221,"exact legal name incl. entity suffix: TX 'KEN PARKER SERVICE, INC.'; street address corroborates: TX '3627 STATE HIGHWAY 34 S, GREENVILLE 75402'"
biz-031,verified,selected,medium,legal,True,False,32044381773,LANTZ'S LAKESIDE PLUMBING LLC,PO BOX 4462,LAGO VISTA,TX,78645,CL,U,0801433581,06/02/2011,A,N,06/02/2011,,exact legal name incl. entity suffix: TX 'LANTZ'S LAKESIDE PLUMBING LLC'; ZIP 78645 corroborates (street differs: TX 'PO BOX 4462')
biz-032,verified,selected,high,legal,True,False,32035955700,"JON WAYNE HEATING & AIR CONDITIONING, LTD.",9272 US HIGHWAY 87 E,SAN ANTONIO,TX,78263,PL,U,0800023679,10/29/2001,A,A,01/01/2008,,"exact legal name incl. entity suffix: TX 'JON WAYNE HEATING & AIR CONDITIONING, LTD.'; street address corroborates: TX '9272 US HIGHWAY 87 E, SAN ANTONIO 78263'"
biz-033,verified,selected,medium,legal,True,False,12002306426,"UNITED PLUMBING, INC.",PO BOX 1066,WHITEHOUSE,TX,75791,CT,U,0800246783,09/15/2003,A,D,09/15/2003,238000,"exact legal name incl. entity suffix: TX 'UNITED PLUMBING, INC.'; ZIP 75791 corroborates (street differs: TX 'PO BOX 1066')"
biz-034,verified,selected,medium,legal,True,False,32056302857,"AIRCO PLUMBING & MECHANICAL, LLC",PO BOX 5027,WICHITA FALLS,TX,76307,CL,U,0802149544,02/02/2015,A,A,02/02/2015,,"exact legal name incl. entity suffix: TX 'AIRCO PLUMBING & MECHANICAL, LLC'; city only (WICHITA FALLS); street and ZIP differ; only active Texas record with this name statewide; city-level address corroboration"
biz-035,review,,low,legal,True,False,17430013502,BRACKEN PLUMBING INC.,23830 WELLINGTON COURT BLVD,SPRING,TX,77389,CT,U,0162670900,05/07/2001,A,A,05/07/2001,238000,"exact legal name incl. entity suffix: TX 'BRACKEN PLUMBING INC.'; no address corroboration (TX address 23830 WELLINGTON COURT BLVD, SPRING TX 77389)"
biz-036,review,,low,legal,True,False,32066614358,SARIF LLC,7266 MOSS RIDGE RD,ALLEN,TX,75002,CL,U,0802968109,03/21/2018,R,A,03/21/2018,,"exact legal name incl. entity suffix: TX 'SARIF LLC'; no address corroboration (TX address 7266 MOSS RIDGE RD, ALLEN TX 75002)"
biz-037,verified,selected,high,legal,True,False,32051458571,"1ST CHOICE AIR SOLUTIONS, LLC",2851 TINSLEY LN,FORT WORTH,TX,76179,CL,U,0801815140,07/08/2013,A,A,07/08/2013,,"exact legal name incl. entity suffix: TX '1ST CHOICE AIR SOLUTIONS, LLC'; street address corroborates: TX '2851 TINSLEY LN, FORT WORTH 76179'"
biz-037,verified,,low,address,False,False,32064978664,"1ST CHOICE AIR, LLC",2851 TINSLEY LN,FORT WORTH,TX,76179,CL,U,0802826201,09/25/2017,A,A,09/25/2017,238220,"same street+ZIP, similar name (token overlap 0.75): TX '1ST CHOICE AIR, LLC'; street address corroborates: TX '2851 TINSLEY LN, FORT WORTH 76179'"
biz-038,verified,selected,high,legal,True,False,17430472195,"QUARTER MOON PLUMBING, INC.",18838 FM 2252,SAN ANTONIO,TX,78266,CT,U,0800038007,12/19/2001,A,A,12/19/2001,238000,"exact legal name incl. entity suffix: TX 'QUARTER MOON PLUMBING, INC.'; street address corroborates: TX '18838 FM 2252, SAN ANTONIO 78266'"
biz-038,verified,,low,address,False,False,19434179024,"QUARTER MOON PROPERTIES, L.L.C.",18838 FM 2252,SAN ANTONIO,TX,78266,CL,U,0800000549,08/07/2001,A,A,08/07/2001,532000,"same street+ZIP, similar name (token overlap 0.50): TX 'QUARTER MOON PROPERTIES, L.L.C.'; street address corroborates: TX '18838 FM 2252, SAN ANTONIO 78266'"
biz-039,verified,selected,high,legal,False,False,17512513957,HOME PLUMBING COMPANY,8305 SOVEREIGN ROW,DALLAS,TX,75247,CT,U,0023832500,08/23/1967,A,A,08/23/1967,238220,"legal name match (entity suffix ignored): TX 'HOME PLUMBING COMPANY'; street address corroborates: TX '8305 SOVEREIGN ROW, DALLAS 75247'"
biz-040,verified,selected,medium,legal,True,False,17422429690,"PEARSON MECHANICAL, INC.",816 SECRETARY DR,ARLINGTON,TX,76015,CT,U,0062399600,09/28/1982,A,A,09/28/1982,238221,"exact legal name incl. entity suffix: TX 'PEARSON MECHANICAL, INC.'; ZIP 76015 corroborates (street differs: TX '816 SECRETARY DR')"
biz-041,verified,selected,high,legal,True,False,18707564284,"UNLIMITED AIR, LLC",4353 S JACKSON ST,SAN ANGELO,TX,76903,CL,U,0800543483,09/12/2005,A,A,09/12/2005,238210,"exact legal name incl. entity suffix: TX 'UNLIMITED AIR, LLC'; street address corroborates: TX '4353 S JACKSON ST, SAN ANGELO 76903'"
biz-042,verified,selected,high,legal,True,False,17424503153,"BRUNS & MCDONALD, INC.",6993 INDUSTRIAL AVE,EL PASO,TX,79915,CT,U,0102675600,02/04/1987,A,A,02/04/1987,238222,"exact legal name incl. entity suffix: TX 'BRUNS & MCDONALD, INC.'; street address corroborates: TX '6993 INDUSTRIAL AVE, EL PASO 79915'"
biz-043,review,,low,legal,True,False,17526583954,"WELDON CONTRACTORS, LLC",3100 E RANDOL MILL RD,ARLINGTON,TX,76011,CL,U,0801201657,12/05/2009,A,A,01/01/2008,,"exact legal name incl. entity suffix: TX 'WELDON CONTRACTORS, LLC'; no address corroboration (TX address 3100 E RANDOL MILL RD, ARLINGTON TX 76011)"
biz-044,review,,low,legal,False,True,32095793710,"KCA, LLC",3200 S ONG ST,AMARILLO,TX,79109,CL,U,0805611180,07/02/2024,A,A,07/02/2024,,"legal name match (entity suffix ignored): TX 'KCA, LLC'; no address corroboration (TX address 3200 S ONG ST, AMARILLO TX 79109); entity type differs (PPP 'corp' vs TX 'llc'): possible conversion/successor, charter date may not cover the PPP entity"
biz-046,verified,selected,medium,legal,True,False,32035535577,"A-USAIR CONDITIONING OF TEXAS, LTD.",1118 CROCKETT ST,GARLAND,TX,75040,PL,U,0800392462,09/20/2004,R,A,01/01/2008,,"exact legal name incl. entity suffix: TX 'A-USAIR CONDITIONING OF TEXAS, LTD.'; city only (GARLAND); street and ZIP differ; only active Texas record with this name statewide; city-level address corroboration"
biz-047,verified,selected,high,legal,True,False,32038979103,"ATX ENVIRONMENTAL SOLUTIONS, LLC",1205 SHELDON CV STE 1K,AUSTIN,TX,78753,CL,U,0801091370,02/26/2009,A,A,02/26/2009,811310,"exact legal name incl. entity suffix: TX 'ATX ENVIRONMENTAL SOLUTIONS, LLC'; street address corroborates: TX '1205 SHELDON CV STE 1K, AUSTIN 78753'"
biz-049,verified,selected,medium,legal,True,False,12020115734,"TYLER MECHANICAL CONTRACTORS, INC.",PO BOX 741,SAN MARCOS,TX,78667,CT,U,0800425456,12/14/2004,A,A,12/14/2004,238220,"exact legal name incl. entity suffix: TX 'TYLER MECHANICAL CONTRACTORS, INC.'; city only (SAN MARCOS); street and ZIP differ; only active Texas record with this name statewide; city-level address corroboration"
biz-050,review,,low,legal,False,False,32052613398,"UGOTEM, LLC",PO BOX 1684,MIDLOTHIAN,TX,76065,CL,U,0801893260,12/04/2013,R,A,12/04/2013,238220,"legal name match (entity suffix ignored): TX 'UGOTEM, LLC'; ZIP 76065 corroborates (street differs: TX 'PO BOX 1684')"
biz-051,verified,selected,high,legal,True,False,32017518484,AIR INNOVATIONS LLC,12507 TELGE RD,CYPRESS,TX,77429,CL,U,0800499266,05/25/2005,A,A,05/25/2005,238220,"exact legal name incl. entity suffix: TX 'AIR INNOVATIONS LLC'; street address corroborates: TX '12507 TELGE RD, CYPRESS 77429'"
biz-051,verified,,low,legal,False,True,32106008736,"AIR INNOVATIONS, INC.",7000 PERFORMANCE DR,N SYRACUSE,NY,13212,CF,X,,,,A,01/01/2022,333415,"legal name match (entity suffix ignored): TX 'AIR INNOVATIONS, INC.'; no address corroboration (TX address 7000 PERFORMANCE DR, N SYRACUSE NY 13212); entity type differs (PPP 'llc' vs TX 'corp'): possible conversion/successor, charter date may not cover the PPP entity"
biz-052,verified,selected,medium,legal,True,False,32040861653,"W.T. STOVALL HOLDINGS, INC.",PO BOX 10308,MIDLAND,TX,79702,CT,U,0801206924,12/18/2009,A,A,12/18/2009,,"exact legal name incl. entity suffix: TX 'W.T. STOVALL HOLDINGS, INC.'; city only (MIDLAND); street and ZIP differ; only active Texas record with this name statewide; city-level address corroboration"
biz-053,verified,selected,high,legal,False,False,17517535880,GARY'S HEATING & AIR CONDITIONING CO.,2505 SW 7TH AVE,AMARILLO,TX,79106,CT,U,0050188500,12/27/1979,A,A,12/27/1979,238221,"legal name match (entity suffix ignored): TX 'GARY'S HEATING & AIR CONDITIONING CO.'; street address corroborates: TX '2505 SW 7TH AVE, AMARILLO 79106'"
biz-054,review,,low,legal,True,False,17428039972,"COX PLUMBING, CO.",PO BOX 342167,AUSTIN,TX,78734,CT,U,0142571200,12/12/1996,A,N,12/12/1996,238222,"exact legal name incl. entity suffix: TX 'COX PLUMBING, CO.'; no address corroboration (TX address PO BOX 342167, AUSTIN TX 78734)"
biz-055,verified,selected,high,legal,True,False,17429601192,"PC AUTOMATED CONTROLS, INC.",10279 DYER ST,EL PASO,TX,79924,CT,U,0158234700,05/16/2000,A,A,05/16/2000,238212,"exact legal name incl. entity suffix: TX 'PC AUTOMATED CONTROLS, INC.'; street address corroborates: TX '10279 DYER ST, EL PASO 79924'"
biz-056,verified,selected,medium,legal,True,False,32049545208,"INTELLIGENT AIR SERVICES, LLC",PO BOX 80058,AUSTIN,TX,78708,CL,U,0801688473,11/26/2012,A,A,11/26/2012,238220,"exact legal name incl. entity suffix: TX 'INTELLIGENT AIR SERVICES, LLC'; city only (AUSTIN); street and ZIP differ; only active Texas record with this name statewide; city-level address corroboration"
biz-057,verified,selected,medium,legal,True,False,32048063864,TEAM MECHANICAL OF TEXAS LLC,1576 WALD RD,NEW BRAUNFELS,TX,78132,CL,U,0801602384,05/25/2012,A,A,05/25/2012,236220,exact legal name incl. entity suffix: TX 'TEAM MECHANICAL OF TEXAS LLC'; ZIP 78132 corroborates (street differs: TX '1576 WALD RD')
biz-058,verified,selected,medium,legal,True,False,32001511941,"METROPLEX PLUMBING, INC.",PO BOX 380,FORNEY,TX,75126,CT,U,0153440200,05/05/1999,A,A,05/05/1999,,"exact legal name incl. entity suffix: TX 'METROPLEX PLUMBING, INC.'; ZIP 75126 corroborates (street differs: TX 'PO BOX 380')"
biz-059,verified,selected,medium,legal,True,False,32033514244,BANNISTER INVESTMENTS LLC,PO BOX 1603,JACKSONVILLE,TX,75766,CL,U,0800855467,08/08/2007,R,A,08/08/2007,238220,exact legal name incl. entity suffix: TX 'BANNISTER INVESTMENTS LLC'; ZIP 75766 corroborates (street differs: TX 'PO BOX 1603')
biz-060,verified,selected,high,legal,True,False,17419588474,"LAMAR PLUMBING, INC.",910 CANTWELL LN,CORPUS CHRISTI,TX,78408,CT,U,0042801100,02/28/1978,A,A,02/28/1978,238221,"exact legal name incl. entity suffix: TX 'LAMAR PLUMBING, INC.'; street address corroborates: TX '910 CANTWELL LN, CORPUS CHRISTI 78408'"
biz-061,verified,selected,high,legal,True,False,32054867034,"CSP UTILITIES, LLC",2101 S 22ND ST,WACO,TX,76706,CL,U,0802043355,08/12/2014,A,A,08/12/2014,238220,"exact legal name incl. entity suffix: TX 'CSP UTILITIES, LLC'; street address corroborates: TX '2101 S 22ND ST, WACO 76706'"
biz-062,review,,low,legal,True,False,13000696107,"COMFORT TECHNOLOGIES, L.L.C.",PO BOX 150434,ARLINGTON,TX,76015,CL,U,0800077147,04/17/2002,A,A,04/17/2002,238222,"exact legal name incl. entity suffix: TX 'COMFORT TECHNOLOGIES, L.L.C.'; no address corroboration (TX address PO BOX 150434, ARLINGTON TX 76015)"
biz-064,review,,low,legal,True,False,32063616349,TCS MECHANICAL LLC,260 LA REATA TRL,SMITHVILLE,TX,78957,CL,U,0802711759,05/01/2017,A,A,05/01/2017,238220,"exact legal name incl. entity suffix: TX 'TCS MECHANICAL LLC'; no address corroboration (TX address 260 LA REATA TRL, SMITHVILLE TX 78957)"
biz-066,review,,low,legal,True,False,32053858042,"MDS MAINTENANCE, LLC",5900 BALCONES DR # 5943,AUSTIN,TX,78731,CL,U,0801977537,04/23/2014,R,A,04/23/2014,,"exact legal name incl. entity suffix: TX 'MDS MAINTENANCE, LLC'; no address corroboration (TX address 5900 BALCONES DR # 5943, AUSTIN TX 78731)"
biz-067,verified,selected,medium,legal,True,False,17523957854,"MCLEAN MECHANICAL CONTRACTORS, INC.",PO BOX 551209,DALLAS,TX,75355,CT,U,0120804800,10/07/1991,A,A,10/07/1991,238222,"exact legal name incl. entity suffix: TX 'MCLEAN MECHANICAL CONTRACTORS, INC.'; city only (DALLAS); street and ZIP differ; only active Texas record with this name statewide; city-level address corroboration"
biz-068,verified,selected,high,legal,True,False,11342804827,"B.A. MARBACH PLUMBING SERVICES, INC.",29592 BULVERDE LN,BULVERDE,TX,78163,CT,U,0800336426,04/29/2004,A,A,04/29/2004,238221,"exact legal name incl. entity suffix: TX 'B.A. MARBACH PLUMBING SERVICES, INC.'; street address corroborates: TX '29592 BULVERDE LN, BULVERDE 78163'"
biz-069,verified,selected,high,legal,True,False,32040211404,"PLUMB LEVEL, LLC",1807 HIGHWAY 105,BRENHAM,TX,77833,CL,U,0801165454,09/02/2009,A,A,09/02/2009,,"exact legal name incl. entity suffix: TX 'PLUMB LEVEL, LLC'; street address corroborates: TX '1807 HIGHWAY 105, BRENHAM 77833'"
biz-070,verified,selected,medium,legal,True,False,17519961654,"GREEN SUPPLY COMPANY, INC.",PO BOX 1268,FRISCO,TX,75034,CT,U,0072908200,11/19/1984,A,A,11/19/1984,423720,"exact legal name incl. entity suffix: TX 'GREEN SUPPLY COMPANY, INC.'; ZIP 75034 corroborates (street differs: TX 'PO BOX 1268')"
biz-072,verified,selected,medium,legal,True,False,17421940945,THE PORTER COMPANY/MECHANICAL CONTRACTORS,PO BOX 627,MANCHACA,TX,78652,CT,U,0057221000,07/30/1981,A,A,07/30/1981,238220,exact legal name incl. entity suffix: TX 'THE PORTER COMPANY/MECHANICAL CONTRACTORS'; ZIP 78652 corroborates (street differs: TX 'PO BOX 627')
biz-073,verified,selected,medium,legal,True,False,30117908381,"SERVICE FIRE & INDUSTRIAL, INC.",PO BOX 1527,FORNEY,TX,75126,CT,U,0136362600,07/19/1995,A,A,07/19/1995,561621,"exact legal name incl. entity suffix: TX 'SERVICE FIRE & INDUSTRIAL, INC.'; ZIP 75126 corroborates (street differs: TX 'PO BOX 1527')"
biz-074,verified,selected,high,legal,True,False,32039373116,"SUNTECH MECHANICAL, INC.",7505 ALAMEDA AVE,EL PASO,TX,79915,CT,U,0801114030,04/23/2009,A,A,04/23/2009,238220,"exact legal name incl. entity suffix: TX 'SUNTECH MECHANICAL, INC.'; street address corroborates: TX '7505 ALAMEDA AVE, EL PASO 79915'"
biz-075,verified,selected,high,legal,False,False,17513141626,"WOLVERTON COMPANY, INC.",704 SOLON RD,WAXAHACHIE,TX,75165,CT,U,0021761800,09/28/1965,A,A,09/28/1965,238000,"legal name match (entity suffix ignored): TX 'WOLVERTON COMPANY, INC.'; street address corroborates: TX '704 SOLON RD, WAXAHACHIE 75165'"
biz-076,verified,selected,high,legal,True,False,32034107246,"STOWE'S INDEPENDENT SERVICES, LLC",1951 E CONTINENTAL BLVD,SOUTHLAKE,TX,76092,CL,U,0800894972,11/08/2007,A,A,01/01/2008,,"exact legal name incl. entity suffix: TX 'STOWE'S INDEPENDENT SERVICES, LLC'; street address corroborates: TX '1951 E CONTINENTAL BLVD, SOUTHLAKE 76092'"
biz-077,verified,selected,medium,legal,True,False,12034981501,"AMARILLO AIR MASTERS HEATING & COOLING CO., LTD.",9120 S SONCY,AMARILLO,TX,79119,PL,U,0800548925,09/22/2005,A,A,01/01/2008,238220,"exact legal name incl. entity suffix: TX 'AMARILLO AIR MASTERS HEATING & COOLING CO., LTD.'; ZIP 79119 corroborates (street differs: TX '9120 S SONCY')"
biz-078,verified,selected,medium,legal,True,False,12009619136,"COMPOSITE COOLING SOLUTIONS, L.P.",405 S FM 1187 STE 400,ALEDO,TX,76008,PL,U,0800325840,04/05/2004,R,A,01/01/2008,,"exact legal name incl. entity suffix: TX 'COMPOSITE COOLING SOLUTIONS, L.P.'; no address corroboration (TX address 405 S FM 1187 STE 400, ALEDO TX 76008); address corroborated via DOL Form 5500 2024 ACK 20251015220252NAL0005936177001: sponsor EIN 200961913 (= FEIN in TX taxpayer number), sponsor 'COMPOSITE COOLING SOLUTIONS, L.P.' at 4150 INTERNATIONAL PLAZA, STE 500, FT. WORTH 76109 = PPP borrower address"
biz-080,verified,selected,high,legal,False,False,32053343185,CFM MECHANICAL LLC,3300 LONGHORN DR,HOUSTON,TX,77084,CL,U,0801942779,02/28/2014,A,A,02/28/2014,238220,"legal name match (entity suffix ignored): TX 'CFM MECHANICAL LLC'; street address corroborates: TX '3300 LONGHORN DR, HOUSTON 77084'"
biz-082,review,,low,legal,True,False,32038832138,"360 ENERGY SAVERS, LLC.",PO BOX 18866,AUSTIN,TX,78760,CL,U,0801083179,02/05/2009,R,A,02/05/2009,,"exact legal name incl. entity suffix: TX '360 ENERGY SAVERS, LLC.'; no address corroboration (TX address PO BOX 18866, AUSTIN TX 78760)"
biz-083,verified,selected,medium,legal,True,False,17527423978,"M & S MECHANICAL, INC.",PO BOX 201,PITTSBURG,TX,75686,CT,U,0146962900,12/08/1997,A,A,12/08/1997,811310,"exact legal name incl. entity suffix: TX 'M & S MECHANICAL, INC.'; ZIP 75686 corroborates (street differs: TX 'PO BOX 201')"
biz-084,review,,low,legal,True,False,17604523187,"E & M PLUMBING, LTD.",11610 SENDERA LN,RICHMOND,TX,77407,PL,U,0800157718,01/01/2003,R,A,11/16/1994,,"exact legal name incl. entity suffix: TX 'E & M PLUMBING, LTD.'; no address corroboration (TX address 11610 SENDERA LN, RICHMOND TX 77407)"
biz-085,verified,selected,medium,legal,True,False,17522277445,"RELIANT HEATING & AIR CONDITIONING, INC.",PO BOX 166169,IRVING,TX,75016,CT,U,0107970000,06/10/1988,A,A,06/10/1988,238221,"exact legal name incl. entity suffix: TX 'RELIANT HEATING & AIR CONDITIONING, INC.'; city only (IRVING); street and ZIP differ; only active Texas record with this name statewide; city-level address corroboration"
biz-086,verified,selected,high,legal,True,False,17429629847,"AIR CRAFT, INC.",1916 PICADILLY DR,ROUND ROCK,TX,78664,CT,U,0158554300,06/06/2000,A,A,06/06/2000,238221,"exact legal name incl. entity suffix: TX 'AIR CRAFT, INC.'; street address corroborates: TX '1916 PICADILLY DR, ROUND ROCK 78664'"
biz-087,review,,low,address,False,False,17526257443,"PATRICK PLUMBING SERVICE, LLC",1602 S MONROE ST,AMARILLO,TX,79102,CL,U,0806349222,12/13/2025,A,A,10/30/1995,238222,"same street+ZIP, similar name (token overlap 0.50): TX 'PATRICK PLUMBING SERVICE, LLC'; street address corroborates: TX '1602 S MONROE ST, AMARILLO 79102'"
biz-088,review,,low,address,False,False,32064284568,LIGHTFOOT MECHANICAL HOME SERVICES LLC,1026 FORT WORTH HWY,WEATHERFORD,TX,76086,CL,U,0802764942,07/11/2017,A,A,07/11/2017,238220,"same street+ZIP, similar name (token overlap 0.50): TX 'LIGHTFOOT MECHANICAL HOME SERVICES LLC'; street address corroborates: TX '1026 FORT WORTH HWY, WEATHERFORD 76086'"
biz-089,verified,selected,medium,legal,True,False,13310068930,"INFINITY PLUMBING, INC.",PO BOX 936,WAXAHACHIE,TX,75168,CT,U,0800072590,04/08/2002,A,A,04/08/2002,238222,"exact legal name incl. entity suffix: TX 'INFINITY PLUMBING, INC.'; city only (WAXAHACHIE); street and ZIP differ; only active Texas record with this name statewide; city-level address corroboration"
biz-090,verified,selected,high,legal,True,False,17425871443,"GRAF PLUMBING, INC.",5961 LA COSTA DR,CORPUS CHRISTI,TX,78414,CT,U,0117055300,10/25/1990,A,A,10/25/1990,238221,"exact legal name incl. entity suffix: TX 'GRAF PLUMBING, INC.'; street address corroborates: TX '5961 LA COSTA DR, CORPUS CHRISTI 78414'"
biz-091,verified,selected,high,legal,False,True,17514922511,"WOOD AIR CONDITIONING, LLC",1164 E US HIGHWAY 67,MT PLEASANT,TX,75455,CL,U,0804258974,09/29/2021,A,A,12/18/1975,238222,"legal name match (entity suffix ignored): TX 'WOOD AIR CONDITIONING, LLC'; street address corroborates: TX '1164 E US HIGHWAY 67, MT PLEASANT 75455'; entity type differs (PPP 'corp' vs TX 'llc'): possible conversion/successor, charter date may not cover the PPP entity"
biz-092,verified,selected,medium,legal,True,False,32002340381,"WELLBORN MECHANICAL SERVICES, INC.",PO BOX 5061,LONGVIEW,TX,75608,CT,U,0157844300,04/10/2000,A,A,04/10/2000,,"exact legal name incl. entity suffix: TX 'WELLBORN MECHANICAL SERVICES, INC.'; city only (LONGVIEW); street and ZIP differ; only active Texas record with this name statewide; city-level address corroboration"
biz-093,verified,selected,medium,legal,True,False,17507103772,"PLAINS PLUMBING CO., LLC",PO BOX 3580,AMARILLO,TX,79116,CL,U,0801445485,06/29/2011,A,A,04/10/1946,238222,"exact legal name incl. entity suffix: TX 'PLAINS PLUMBING CO., LLC'; city only (AMARILLO); street and ZIP differ; only active Texas record with this name statewide; city-level address corroboration"
biz-094,verified,selected,medium,legal,True,False,17526077544,"LOGICAL SOLUTIONS, INC.",1850 N GREENVILLE AVE STE 120,RICHARDSON,TX,75081,CT,U,0136253900,06/13/1995,A,A,06/13/1995,238212,"exact legal name incl. entity suffix: TX 'LOGICAL SOLUTIONS, INC.'; ZIP 75081 corroborates (street differs: TX '1850 N GREENVILLE AVE STE 120')"
biz-095,review,,low,legal,True,False,17528922200,"MECHANICAL PARTNERS, INC.",3541 W MILLER RD,GARLAND,TX,75041,CT,U,0158486600,05/25/2000,A,A,05/25/2000,238220,"exact legal name incl. entity suffix: TX 'MECHANICAL PARTNERS, INC.'; no address corroboration (TX address 3541 W MILLER RD, GARLAND TX 75041)"
biz-097,review,,low,legal,False,False,12013012757,"PJC AIR CONDITIONING AND PLUMBING, LLC",685 ENTERPRISE BLVD,HEWITT,TX,76643,CL,U,0800349351,06/02/2004,A,A,06/02/2004,238222,"legal name match (entity suffix ignored): TX 'PJC AIR CONDITIONING AND PLUMBING, LLC'; no address corroboration (TX address 685 ENTERPRISE BLVD, HEWITT TX 76643)"
biz-098,review,,low,address,False,False,32050039760,"LSC CONTRACTING, LIMITED LIABILITY COMPANY",1725 COX LN,SAN ANGELO,TX,76903,CL,U,0801724707,01/25/2013,A,A,01/25/2013,,"same street+ZIP, similar name (token overlap 0.50): TX 'LSC CONTRACTING, LIMITED LIABILITY COMPANY'; street address corroborates: TX '1725 COX LN, SAN ANGELO 76903'"
biz-099,verified,selected,high,legal,True,False,32014596749,"EXTREME COMFORT AIR CONDITIONING & HEATING, LLC",15946 MIDWAY RD,ADDISON,TX,75001,CL,U,0800315201,03/10/2004,A,A,03/10/2004,,"exact legal name incl. entity suffix: TX 'EXTREME COMFORT AIR CONDITIONING & HEATING, LLC'; street address corroborates: TX '15946 MIDWAY RD, ADDISON 75001'"
biz-1000,review,,low,legal,True,False,32062231652,"THE SHIPMAN FIRE GROUP, INC.",1020 LA JOLLA POINTE DR,ROCKWALL,TX,75087,CT,U,0802596890,12/06/2016,R,A,12/06/2016,,"exact legal name incl. entity suffix: TX 'THE SHIPMAN FIRE GROUP, INC.'; no address corroboration (TX address 1020 LA JOLLA POINTE DR, ROCKWALL TX 75087)"
biz-1001,verified,selected,high,legal,True,False,32044517848,SHIPMAN FIRE PROTECTION LLC,1020 LA JOLLA POINTE DR,ROCKWALL,TX,75087,CL,U,0801444258,06/23/2011,R,A,06/23/2011,,"exact legal name incl. entity suffix: TX 'SHIPMAN FIRE PROTECTION LLC'; street address corroborates: TX '1020 LA JOLLA POINTE DR, ROCKWALL 75087'"
biz-1001,verified,,low,address,False,False,32074942320,SHIPMAN FIRE SERVICE INC,1020 LA JOLLA POINTE DR,ROCKWALL,TX,75087,CT,U,0803675275,07/07/2020,R,A,07/07/2020,,"same street+ZIP, similar name (token overlap 0.50): TX 'SHIPMAN FIRE SERVICE INC'; street address corroborates: TX '1020 LA JOLLA POINTE DR, ROCKWALL 75087'"
biz-1002,verified,selected,high,legal,True,False,17523247777,"S L TURNER, INC.",1501 MARIPOSA DR,MESQUITE,TX,75150,CT,U,0115039200,04/23/1990,R,A,04/23/1990,238222,"exact legal name incl. entity suffix: TX 'S L TURNER, INC.'; street address corroborates: TX '1501 MARIPOSA DR, MESQUITE 75150'"
biz-1005,verified,selected,high,legal,True,False,32067218712,DREAM TEAM LLC,18820 CARROT ST,SPRING,TX,77379,CL,U,0803019523,05/17/2018,R,A,05/17/2018,,"exact legal name incl. entity suffix: TX 'DREAM TEAM LLC'; street address corroborates: TX '18820 CARROT ST, SPRING 77379'"
biz-1006,verified,selected,medium,legal,True,False,32045508572,TRADITION PLUMBING LLC,1427 KEEFER RD,TOMBALL,TX,77375,CL,U,0801502346,11/02/2011,R,A,11/02/2011,,exact legal name incl. entity suffix: TX 'TRADITION PLUMBING LLC'; ZIP 77375 corroborates (street differs: TX '1427 KEEFER RD')
biz-1007,verified,selected,medium,legal,True,False,32056001814,BREEZE MECHANICAL LLC,2402 GRAVEL DR,FORT WORTH,TX,76118,CL,U,0802126275,12/30/2014,A,A,12/30/2014,,exact legal name incl. entity suffix: TX 'BREEZE MECHANICAL LLC'; ZIP 76118 corroborates (street differs: TX '2402 GRAVEL DR')
biz-1009,review,,low,legal,True,False,32056493441,"CAPITAL INDUSTRIES, LLC",401 E 2ND ST,LAMPASAS,TX,76550,CL,U,0802162894,02/24/2015,A,A,02/24/2015,,"exact legal name incl. entity suffix: TX 'CAPITAL INDUSTRIES, LLC'; no address corroboration (TX address 401 E 2ND ST, LAMPASAS TX 76550)"
biz-101,verified,selected,medium,legal,True,False,17419909357,"DAVIS AIR CONDITIONING AND HEATING, INC.",PO BOX 1606,ANGLETON,TX,77516,CT,U,0043549600,05/12/1978,A,A,05/12/1978,238221,"exact legal name incl. entity suffix: TX 'DAVIS AIR CONDITIONING AND HEATING, INC.'; city only (ANGLETON); street and ZIP differ; only active Texas record with this name statewide; city-level address corroboration"
biz-1011,verified,selected,high,legal,True,False,17604523187,"E & M PLUMBING, LTD.",11610 SENDERA LN,RICHMOND,TX,77407,PL,U,0800157718,01/01/2003,R,A,11/16/1994,,"exact legal name incl. entity suffix: TX 'E & M PLUMBING, LTD.'; street address corroborates: TX '11610 SENDERA LN, RICHMOND 77407'"
biz-1011,verified,,low,address,False,False,14215730020,"E & M GENERAL PARTNER, LLC",11610 SENDERA LN,RICHMOND,TX,77407,CL,U,0800157716,12/30/2002,A,A,12/30/2002,523000,"same street+ZIP, similar name (token overlap 0.50): TX 'E & M GENERAL PARTNER, LLC'; street address corroborates: TX '11610 SENDERA LN, RICHMOND 77407'"
biz-1012,verified,selected,high,legal,True,False,32050507147,"CENTRIC MECHANICAL SERVICES, LLC",2120 HUTTON DR STE 100,CARROLLTON,TX,75006,CL,U,0801753791,03/21/2013,A,A,03/21/2013,541990,"exact legal name incl. entity suffix: TX 'CENTRIC MECHANICAL SERVICES, LLC'; street address corroborates: TX '2120 HUTTON DR STE 100, CARROLLTON 75006'"
biz-1013,verified,selected,high,legal,True,False,17602670907,"AIRTEAM, LTD.",6119 WESTVIEW DR,HOUSTON,TX,77055,PL,U,0012633310,11/02/1999,A,A,01/12/1989,,"exact legal name incl. entity suffix: TX 'AIRTEAM, LTD.'; street address corroborates: TX '6119 WESTVIEW DR, HOUSTON 77055'"
biz-1014,review,,low,address,False,False,17527486108,"COVENTRY AND GATTIS AIR CONDITIONING, INC.",219 N DOOLEY ST,GRAPEVINE,TX,76051,CT,U,0079923200,06/02/1986,A,A,06/02/1986,238220,"same street+ZIP, similar name (token overlap 0.50): TX 'COVENTRY AND GATTIS AIR CONDITIONING, INC.'; street address corroborates: TX '219 N DOOLEY ST, GRAPEVINE 76051'"
biz-1015,review,,low,address,False,False,32057348081,"LONE STAR ACV MECHANICAL, L.L.C.",3435 FM 1960 RD E,HUMBLE,TX,77338,CL,U,0802222924,05/27/2015,A,N,05/27/2015,,"same street+ZIP, similar name (token overlap 0.75): TX 'LONE STAR ACV MECHANICAL, L.L.C.'; street address corroborates: TX '3435 FM 1960 RD E, HUMBLE 77338'"
biz-102,verified,selected,high,legal,True,False,32042118441,"PEREGRINO ENTERPRISES, LLC",4000 ACTON HWY STE 101,GRANBURY,TX,76049,CL,U,0801286297,06/24/2010,A,A,06/24/2010,,"exact legal name incl. entity suffix: TX 'PEREGRINO ENTERPRISES, LLC'; street address corroborates: TX '4000 ACTON HWY STE 101, GRANBURY 76049'"
biz-103,verified,selected,medium,legal,True,False,32016809546,"24/7 PLUMBING SERVICES, L.L.C.",1107 KATYLAND DR,KATY,TX,77493,CL,U,0800456381,02/22/2005,A,A,02/22/2005,238220,"exact legal name incl. entity suffix: TX '24/7 PLUMBING SERVICES, L.L.C.'; ZIP 77493 corroborates (street differs: TX '1107 KATYLAND DR')"
biz-104,verified,selected,high,legal,False,True,17518087477,EAST TEXAS REFRIGERATION COMPANY LLC,4700 OLD TROUP HWY,TYLER,TX,75707,CL,U,0806019521,04/29/2025,A,A,03/25/1982,238220,"legal name match (entity suffix ignored): TX 'EAST TEXAS REFRIGERATION COMPANY LLC'; street address corroborates: TX '4700 OLD TROUP HWY, TYLER 75707'; entity type differs (PPP 'corp' vs TX 'llc'): possible conversion/successor, charter date may not cover the PPP entity"
biz-105,verified,selected,high,legal,True,False,12005908103,"T&B BOILER, INC.",816 VINSON LN,RED OAK,TX,75154,CT,U,0800288097,01/05/2004,A,A,01/05/2004,238222,"exact legal name incl. entity suffix: TX 'T&B BOILER, INC.'; street address corroborates: TX '816 VINSON LN, RED OAK 75154'"
biz-106,verified,selected,medium,legal,True,False,12051172299,"C & S AIR, INC.",2214 HIGHWAY 1187 C/O BLDG 8,MANSFIELD,TX,76063,CT,U,0800670994,06/20/2006,A,A,06/20/2006,238220,"exact legal name incl. entity suffix: TX 'C & S AIR, INC.'; ZIP 76063 corroborates (street differs: TX '2214 HIGHWAY 1187 C/O BLDG 8')"
biz-107,review,,low,legal,False,True,32099478995,"DALLAS PLUMBING, LLC",60 E 42ND ST STE 5230,NEW YORK,NY,10165,CL,U,0805970529,03/25/2025,A,A,03/25/2025,,"legal name match (entity suffix ignored): TX 'DALLAS PLUMBING, LLC'; no address corroboration (TX address 60 E 42ND ST STE 5230, NEW YORK NY 10165); entity type differs (PPP 'corp' vs TX 'llc'): possible conversion/successor, charter date may not cover the PPP entity"
biz-108,verified,selected,medium,legal,True,False,32037231704,"RESCUE HEATING & AIR, LLC",PO BOX 139,ALICE,TX,78333,CL,U,0800988233,06/05/2008,A,A,06/05/2008,,"exact legal name incl. entity suffix: TX 'RESCUE HEATING & AIR, LLC'; city only (ALICE); street and ZIP differ; only active Texas record with this name statewide; city-level address corroboration"
biz-109,verified,selected,high,legal,True,False,32037362996,"PAUL SWOYER SEPTICS, LLC",23011 FM 306,CANYON LAKE,TX,78133,CL,U,0800995828,06/20/2008,A,A,06/20/2008,,"exact legal name incl. entity suffix: TX 'PAUL SWOYER SEPTICS, LLC'; street address corroborates: TX '23011 FM 306, CANYON LAKE 78133'"
biz-110,review,,low,address,False,False,17427406727,"MIKE STAAS SERVICES, INC.",4914 FORT AVE,WACO,TX,76710,CT,U,0134984000,03/24/1995,A,A,03/24/1995,238221,"same street+ZIP, similar name (token overlap 0.50): TX 'MIKE STAAS SERVICES, INC.'; street address corroborates: TX '4914 FORT AVE, WACO 76710'"
biz-111,verified,selected,high,legal,True,False,32034673346,BURTON'S MECHANICAL INC.,2305 FORT WORTH ST,GRAND PRAIRIE,TX,75050,CT,U,0800935148,02/08/2008,A,A,02/08/2008,238220,"exact legal name incl. entity suffix: TX 'BURTON'S MECHANICAL INC.'; street address corroborates: TX '2305 FORT WORTH ST, GRAND PRAIRIE 75050'"
biz-112,verified,selected,high,legal,True,False,17427679778,"GOODWIN PLUMBING SERVICE, INC.",212 S 22ND ST,WACO,TX,76701,CT,U,0138069200,12/28/1995,A,A,12/28/1995,238220,"exact legal name incl. entity suffix: TX 'GOODWIN PLUMBING SERVICE, INC.'; street address corroborates: TX '212 S 22ND ST, WACO 76701'"
biz-112,verified,,low,address,False,False,32061235886,"GOODWIN PROFESSIONAL SERVICE, L.L.C.",212 S 22ND ST,WACO,TX,76701,CL,U,0802516565,08/01/2016,A,A,08/01/2016,,"same street+ZIP, similar name (token overlap 0.50): TX 'GOODWIN PROFESSIONAL SERVICE, L.L.C.'; street address corroborates: TX '212 S 22ND ST, WACO 76701'"
biz-113,verified,selected,high,legal,True,False,32042299225,"AECSI, CORPORATION",19525 WIED RD STE 510,SPRING,TX,77388,CT,U,0801297664,07/26/2010,R,A,07/26/2010,454390,"exact legal name incl. entity suffix: TX 'AECSI, CORPORATION'; street address corroborates: TX '19525 WIED RD STE 510, SPRING 77388'"
biz-114,verified,selected,high,legal,False,True,17519981116,"JAMES LANE AIR CONDITIONING COMPANY, LLC",5024 OLD JACKSBORO HWY,WICHITA FALLS,TX,76302,CI,V,0804367772,12/30/2021,A,A,12/21/1984,238212,"legal name match (entity suffix ignored): TX 'JAMES LANE AIR CONDITIONING COMPANY, LLC'; street address corroborates: TX '5024 OLD JACKSBORO HWY, WICHITA FALLS 76302'; entity type differs (PPP 'corp' vs TX 'llc'): possible conversion/successor, charter date may not cover the PPP entity"
biz-115,review,,low,legal,False,False,17529679965,"CURLY'S PLUMBING & BIG BLADE SEWER SERVICE, INC.",1002 E 2ND ST,CLEBURNE,TX,76031,CT,U,0800032389,12/03/2001,R,A,12/03/2001,238221,"legal name match (entity suffix ignored): TX 'CURLY'S PLUMBING & BIG BLADE SEWER SERVICE, INC.'; no address corroboration (TX address 1002 E 2ND ST, CLEBURNE TX 76031)"
biz-117,verified,selected,medium,legal,True,False,15622888962,"INFINITY CONTRACTORS INTERNATIONAL, LTD.",1400 EVERMAN PKWY STE 134,FORT WORTH,TX,76140,PL,U,0800119473,09/01/2002,A,A,01/01/2008,,"exact legal name incl. entity suffix: TX 'INFINITY CONTRACTORS INTERNATIONAL, LTD.'; city only (FORT WORTH); street and ZIP differ; only active Texas record with this name statewide; city-level address corroboration"
biz-118,review,,low,legal,False,True,32018741242,"RADIANT PLUMBING SERVICE, LLC",2908 SAN GABRIEL ST,AUSTIN,TX,78705,CL,U,0803832472,11/19/2020,A,A,12/16/2005,238220,"legal name match (entity suffix ignored): TX 'RADIANT PLUMBING SERVICE, LLC'; city only (AUSTIN); street and ZIP differ; entity type differs (PPP 'corp' vs TX 'llc'): possible conversion/successor, charter date may not cover the PPP entity"
biz-119,verified,selected,high,legal,True,False,17600653053,"PRECISION COMMERCIAL PLUMBING CO., INC.",1711 DALSHANK ST,PFLUGERVILLE,TX,78660,CT,U,0066230000,07/01/1983,A,A,07/01/1983,238220,"exact legal name incl. entity suffix: TX 'PRECISION COMMERCIAL PLUMBING CO., INC.'; street address corroborates: TX '1711 DALSHANK ST, PFLUGERVILLE 78660'"
biz-120,review,,low,address,False,False,17427512243,"SCHNEIDER'S REFRIGERATION & APPLIANCE SERVICE, LLC",684 FM 2093,FREDERICKSBRG,TX,78624,CL,U,0804813075,11/10/2022,A,A,06/12/1995,238220,"same street+ZIP, similar name (token overlap 0.67): TX 'SCHNEIDER'S REFRIGERATION & APPLIANCE SERVICE, LLC'; street address corroborates: TX '684 FM 2093, FREDERICKSBRG 78624'"
biz-121,verified,selected,high,legal,True,False,17606435182,"COMMERCIAL DUCT SYSTEMS, L.L.C.",PO BOX 1859,NEW WAVERLY,TX,77358,CL,U,0706709122,04/19/2000,A,A,04/19/2000,238222,"exact legal name incl. entity suffix: TX 'COMMERCIAL DUCT SYSTEMS, L.L.C.'; street address corroborates: TX 'PO BOX 1859, NEW WAVERLY 77358'"
biz-122,verified,selected,high,legal,True,False,32049546586,"A SQUARED PLUMBING, LLC",3021 MARQUITA DR,FT WORTH,TX,76116,CL,U,0801688298,11/26/2012,A,A,11/26/2012,238220,"exact legal name incl. entity suffix: TX 'A SQUARED PLUMBING, LLC'; street address corroborates: TX '3021 MARQUITA DR, FT WORTH 76116'"
biz-122,verified,,low,address,False,False,32077778937,"A SQUARED SYNDICATE, LLC",3021 MARQUITA DR,FORT WORTH,TX,76116,CL,U,0803933054,02/11/2021,A,A,02/11/2021,,"same street+ZIP, similar name (token overlap 0.50): TX 'A SQUARED SYNDICATE, LLC'; street address corroborates: TX '3021 MARQUITA DR, FORT WORTH 76116'"
biz-123,review,,low,legal,True,False,32062506061,"THE AC HERO, LLC",400 LAS COLINAS BLVD E STE 220,IRVING,TX,75039,CL,U,0802619980,01/06/2017,A,A,01/06/2017,238220,"exact legal name incl. entity suffix: TX 'THE AC HERO, LLC'; no address corroboration (TX address 400 LAS COLINAS BLVD E STE 220, IRVING TX 75039)"
biz-124,verified,selected,medium,legal,True,False,17518554781,"SCOTTCO MECHANICAL CONTRACTORS, INC.",PO BOX 7729,AMARILLO,TX,79114,CT,U,0063137200,11/29/1982,A,A,11/29/1982,238222,"exact legal name incl. entity suffix: TX 'SCOTTCO MECHANICAL CONTRACTORS, INC.'; city only (AMARILLO); street and ZIP differ; only active Texas record with this name statewide; city-level address corroboration"
biz-125,review,,low,legal,False,False,17515128720,"PITHER PLUMBING CO., INC.",310 W METHVIN ST,LONGVIEW,TX,75601,CT,U,0038027700,05/03/1976,A,A,05/03/1976,238221,"legal name match (entity suffix ignored): TX 'PITHER PLUMBING CO., INC.'; ZIP 75601 corroborates (street differs: TX '310 W METHVIN ST')"
biz-126,verified,selected,high,legal,True,False,17517915561,"A. W. CRISP FIRE SPRINKLER, INC.",5201 SAUNDERS RD,FORT WORTH,TX,76119,CT,U,0058516200,11/12/1981,A,A,11/12/1981,238212,"exact legal name incl. entity suffix: TX 'A. W. CRISP FIRE SPRINKLER, INC.'; street address corroborates: TX '5201 SAUNDERS RD, FORT WORTH 76119'"
biz-127,verified,selected,high,legal,True,False,17514691579,"CENTURY MECHANICAL CONTRACTORS, INC.",3008 WICHITA CT,FORT WORTH,TX,76140,CT,U,0035343900,12/20/1974,A,A,12/20/1974,238222,"exact legal name incl. entity suffix: TX 'CENTURY MECHANICAL CONTRACTORS, INC.'; street address corroborates: TX '3008 WICHITA CT, FORT WORTH 76140'"
biz-128,verified,selected,medium,legal,True,False,32042055791,"DOUBLE L PLUMBING, LLC",708 NORTHWEST PKWY,AZLE,TX,76020,CL,U,0801282545,06/16/2010,R,A,06/16/2010,238220,"exact legal name incl. entity suffix: TX 'DOUBLE L PLUMBING, LLC'; city only (AZLE); street and ZIP differ; only active Texas record with this name statewide; city-level address corroboration"
biz-129,verified,selected,high,legal,True,False,32058399042,"JEFF'S WESTSIDE PLUMBING, LLC",4040 DONIPHAN DR,EL PASO,TX,79922,CL,U,0802299730,09/24/2015,A,A,09/24/2015,238220,"exact legal name incl. entity suffix: TX 'JEFF'S WESTSIDE PLUMBING, LLC'; street address corroborates: TX '4040 DONIPHAN DR, EL PASO 79922'"
biz-130,verified,selected,medium,legal,True,False,17526236736,"CARY SERVICES, INC.",PO BOX 5101,ABILENE,TX,79608,CT,U,0137886500,12/11/1995,A,A,12/11/1995,238222,"exact legal name incl. entity suffix: TX 'CARY SERVICES, INC.'; city only (ABILENE); street and ZIP differ; only active Texas record with this name statewide; city-level address corroboration"
biz-131,review,,low,legal,True,False,12001045868,"RSMS MECHANICAL SERVICES, LLC",1717 W AVENUE C,TEMPLE,TX,76504,CL,U,0800226984,07/21/2003,A,A,07/21/2003,236000,"exact legal name incl. entity suffix: TX 'RSMS MECHANICAL SERVICES, LLC'; no address corroboration (TX address 1717 W AVENUE C, TEMPLE TX 76504)"
biz-132,review,,low,address,False,False,32038597897,"STRICKLAND PLUMBING HVAC & ELECTRIC, INC.",1510 ATKINSON DR,LUFKIN,TX,75901,CT,U,0801069572,01/02/2009,R,A,01/02/2009,238220,"same street+ZIP, similar name (token overlap 0.80): TX 'STRICKLAND PLUMBING HVAC & ELECTRIC, INC.'; street address corroborates: TX '1510 ATKINSON DR, LUFKIN 75901'"
biz-133,verified,selected,medium,legal,True,False,17526277060,"TRINITY AIR CONDITIONING, INC.",PO BOX 2461,WICHITA FALLS,TX,76307,CT,U,0137957300,11/29/1995,A,A,11/29/1995,238211,"exact legal name incl. entity suffix: TX 'TRINITY AIR CONDITIONING, INC.'; city only (WICHITA FALLS); street and ZIP differ; only active Texas record with this name statewide; city-level address corroboration"
biz-134,verified,selected,medium,legal,True,False,32050955486,"ACCURATE AIR SOLUTIONS, LLC",PO BOX 5817,ABILENE,TX,79608,CL,U,0801781688,05/10/2013,A,A,05/10/2013,,"exact legal name incl. entity suffix: TX 'ACCURATE AIR SOLUTIONS, LLC'; city only (ABILENE); street and ZIP differ; only active Texas record with this name statewide; city-level address corroboration"
biz-135,verified,selected,high,legal,True,False,32069141391,"CTA HVAC, LLC",133 N FRIENDSWOOD DR,FRIENDSWOOD,TX,77546,CL,U,0803184624,12/10/2018,A,A,12/10/2018,,"exact legal name incl. entity suffix: TX 'CTA HVAC, LLC'; street address corroborates: TX '133 N FRIENDSWOOD DR, FRIENDSWOOD 77546'"
biz-136,verified,selected,high,legal,True,False,32039839405,"AIR-TECH BRAZOS VALLEY A/C & HEATING SERVICE, INC.",4889 ELMO WEEDON RD,COLLEGE STA,TX,77845,CT,U,0801142316,07/02/2009,A,A,07/02/2009,238220,"exact legal name incl. entity suffix: TX 'AIR-TECH BRAZOS VALLEY A/C & HEATING SERVICE, INC.'; street address corroborates: TX '4889 ELMO WEEDON RD, COLLEGE STA 77845'"
biz-137,verified,selected,high,legal,True,False,32034295124,"DIVERSIFIED PLUMBING SERVICES, LLC",3160 ROCKWELL LN,FORT WORTH,TX,76179,CL,U,0800909410,12/12/2007,A,A,12/12/2007,,"exact legal name incl. entity suffix: TX 'DIVERSIFIED PLUMBING SERVICES, LLC'; street address corroborates: TX '3160 ROCKWELL LN, FORT WORTH 76179'"
biz-138,review,,low,address,False,False,32001173544,"KINGS AIRE MANAGEMENT, L.L.C.",1035 KESSLER DR,EL PASO,TX,79907,CL,U,0704487822,12/18/1998,A,A,12/18/1998,,"same street+ZIP, similar name (token overlap 0.67): TX 'KINGS AIRE MANAGEMENT, L.L.C.'; street address corroborates: TX '1035 KESSLER DR, EL PASO 79907'"
biz-138,review,,low,address,False,False,32036244773,"KINGS AIRE PROPERTIES, LTD.",1035 KESSLER DR,EL PASO,TX,79907,PL,U,0011543710,12/18/1998,A,A,01/01/2008,,"same street+ZIP, similar name (token overlap 0.67): TX 'KINGS AIRE PROPERTIES, LTD.'; street address corroborates: TX '1035 KESSLER DR, EL PASO 79907'"
biz-138,review,,low,address,False,False,32105334497,"KINGS AIRE AND PLUMBING, LLC",1035 KESSLER DR,EL PASO,TX,79907,CL,U,0806532125,04/06/2026,A,A,04/06/2026,,"same street+ZIP, similar name (token overlap 0.50): TX 'KINGS AIRE AND PLUMBING, LLC'; street address corroborates: TX '1035 KESSLER DR, EL PASO 79907'"
biz-140,verified,selected,medium,legal,True,False,17426662205,"SMART PLUMBING, INC.",PO BOX 81429,CORPUS CHRISTI,TX,78468,CT,U,0125803000,01/28/1993,A,A,01/28/1993,238221,"exact legal name incl. entity suffix: TX 'SMART PLUMBING, INC.'; city only (CORPUS CHRISTI); street and ZIP differ; only active Texas record with this name statewide; city-level address corroboration"
biz-141,verified,selected,medium,legal,True,False,17529361630,"SNB MECHANICAL CONTRACTORS, INC.",703 E SCOTT AVE,WICHITA FALLS,TX,76301,CT,U,0162625300,04/26/2001,A,A,04/26/2001,238222,"exact legal name incl. entity suffix: TX 'SNB MECHANICAL CONTRACTORS, INC.'; ZIP 76301 corroborates (street differs: TX '703 E SCOTT AVE')"
biz-143,verified,selected,medium,legal,True,False,32060631457,"GULF COAST BOILER, LLC",5424 CLARA RD,HOUSTON,TX,77041,CL,U,0802469618,05/31/2016,A,A,05/31/2016,238290,"exact legal name incl. entity suffix: TX 'GULF COAST BOILER, LLC'; city only (HOUSTON); street and ZIP differ; only active Texas record with this name statewide; city-level address corroboration"
biz-144,review,,low,legal,True,False,17427320142,"SHELTON PLUMBING, INC.",PO BOX 24220,WACO,TX,76702,CT,U,0133896000,12/29/1994,A,N,12/29/1994,238222,"exact legal name incl. entity suffix: TX 'SHELTON PLUMBING, INC.'; no address corroboration (TX address PO BOX 24220, WACO TX 76702)"
biz-145,verified,selected,medium,legal,True,False,11137304256,"AIR SOLUTIONS, INC.",PO BOX 1447,GROVES,TX,77619,CT,U,0800402336,10/15/2004,A,A,10/15/2004,238220,"exact legal name incl. entity suffix: TX 'AIR SOLUTIONS, INC.'; ZIP 77619 corroborates (street differs: TX 'PO BOX 1447')"
biz-146,verified,selected,high,legal,True,False,17427671940,"STATE A/C, INC.",5515 TAYLORS VALLEY RD,TEMPLE,TX,76502,CT,U,0136709600,09/12/1995,A,A,09/12/1995,238000,"exact legal name incl. entity suffix: TX 'STATE A/C, INC.'; street address corroborates: TX '5515 TAYLORS VALLEY RD, TEMPLE 76502'"
biz-147,verified,selected,medium,legal,True,False,17414609283,"LOCHRIDGE-PRIEST, INC.",PO BOX 154187,WACO,TX,76715,CT,U,0018894100,12/12/1962,A,A,12/12/1962,238220,"exact legal name incl. entity suffix: TX 'LOCHRIDGE-PRIEST, INC.'; city only (WACO); street and ZIP differ; only active Texas record with this name statewide; city-level address corroboration"
biz-148,verified,selected,medium,legal,True,False,17603954391,DAVID CANNELL SERVICES INC.,PO BOX 547,EL CAMPO,TX,77437,CT,U,0126481500,03/22/1993,A,A,03/22/1993,238221,exact legal name incl. entity suffix: TX 'DAVID CANNELL SERVICES INC.'; ZIP 77437 corroborates (street differs: TX 'PO BOX 547')
biz-149,verified,selected,medium,legal,True,False,32011897793,"SSP INDUSTRIES, LP",PO BOX 690159,KILLEEN,TX,76549,PL,U,0800144270,01/01/2003,A,A,01/01/2008,,"exact legal name incl. entity suffix: TX 'SSP INDUSTRIES, LP'; city only (KILLEEN); street and ZIP differ; only active Texas record with this name statewide; city-level address corroboration"
biz-150,verified,selected,medium,legal,True,False,17427789551,"LEON'S ELECTRIC & PLUMBING, INC.",PO BOX 190,SCHULENBURG,TX,78956,CT,U,0139308900,03/15/1996,A,A,03/15/1996,238221,"exact legal name incl. entity suffix: TX 'LEON'S ELECTRIC & PLUMBING, INC.'; ZIP 78956 corroborates (street differs: TX 'PO BOX 190')"
biz-152,review,,low,legal,True,False,17527650554,"TEMPO, INC.",PO BOX 155049,IRVING,TX,75015,CF,V,0012229806,07/31/1998,A,A,07/31/1998,238221,"exact legal name incl. entity suffix: TX 'TEMPO, INC.'; city only (IRVING); street and ZIP differ"
biz-152,review,,low,address,False,False,32012267053,"TEMPO HVAC, INC.",911 MARYLAND DR,IRVING,TX,75061,CT,U,0800243297,09/04/2003,A,A,09/04/2003,,"same street+ZIP, similar name (token overlap 0.50): TX 'TEMPO HVAC, INC.'; street address corroborates: TX '911 MARYLAND DR, IRVING 75061'"
biz-152,review,,low,legal,False,False,32098552352,TEMPO CORP,2712 TWOCOURTS WAY,SCHERTZ,TX,78154,CT,U,0805874272,01/27/2025,A,A,01/27/2025,,"legal name match (entity suffix ignored): TX 'TEMPO CORP'; no address corroboration (TX address 2712 TWOCOURTS WAY, SCHERTZ TX 78154)"
biz-153,review,,low,address,False,False,17412401246,"A. J. MONIER & CO., INC.",1446 N FLORES ST,SAN ANTONIO,TX,78212,CT,U,0800551668,09/29/2005,A,A,09/29/2005,,"same street+ZIP, similar name (token overlap 0.50): TX 'A. J. MONIER & CO., INC.'; street address corroborates: TX '1446 N FLORES ST, SAN ANTONIO 78212'"
biz-154,review,,low,legal,True,False,32041668958,"SUMMIT MECHANICAL, LLC",PO BOX 1310,PARIS,TX,75461,CL,U,0801257838,04/16/2010,A,A,04/16/2010,238290,"exact legal name incl. entity suffix: TX 'SUMMIT MECHANICAL, LLC'; no address corroboration (TX address PO BOX 1310, PARIS TX 75461)"
biz-155,verified,selected,high,legal,True,False,32004412295,"RICE PLUMBING, INC.",808 S WASHINGTON ST,BEEVILLE,TX,78102,CT,U,0800060155,03/01/2002,A,N,03/01/2002,238000,"exact legal name incl. entity suffix: TX 'RICE PLUMBING, INC.'; street address corroborates: TX '808 S WASHINGTON ST, BEEVILLE 78102'"
biz-156,verified,selected,medium,legal,True,False,17528403367,"GREENHILL AIR, INC.",PO BOX 1598,BURLESON,TX,76097,CT,U,0155199100,09/28/1999,A,A,09/28/1999,238221,"exact legal name incl. entity suffix: TX 'GREENHILL AIR, INC.'; city only (BURLESON); street and ZIP differ; only active Texas record with this name statewide; city-level address corroboration"
biz-157,verified,selected,medium,legal,True,False,17517131250,"J. L. PARKER PLUMBING, INC.",PO BOX 472963,GARLAND,TX,75047,CT,U,0052133400,06/10/1980,A,A,06/10/1980,238222,"exact legal name incl. entity suffix: TX 'J. L. PARKER PLUMBING, INC.'; city only (GARLAND); street and ZIP differ; only active Texas record with this name statewide; city-level address corroboration"
biz-158,verified,selected,high,legal,False,False,32049952255,3C MECHANICAL TECHNOLOGIES INCORPORATED,5774 S UNIVERSITY PARKS DR,WACO,TX,76706,CT,U,0801718757,01/16/2013,A,A,01/16/2013,238220,"legal name match (entity suffix ignored): TX '3C MECHANICAL TECHNOLOGIES INCORPORATED'; street address corroborates: TX '5774 S UNIVERSITY PARKS DR, WACO 76706'"
biz-159,verified,selected,high,legal,True,False,32037204578,"GRAY MECHANICAL CONTRACTORS, LLC",15534 W HARDY RD STE 100,HOUSTON,TX,77060,CL,U,0801350303,12/03/2010,A,A,06/03/2008,238220,"exact legal name incl. entity suffix: TX 'GRAY MECHANICAL CONTRACTORS, LLC'; street address corroborates: TX '15534 W HARDY RD STE 100, HOUSTON 77060'"
biz-159,verified,,low,address,False,False,32106810925,COWARD MECHANICAL CONTRACTORS LLC,15534 W HARDY RD,HOUSTON,TX,77060,CL,U,0806672587,06/26/2026,A,A,06/26/2026,,"same street+ZIP, similar name (token overlap 0.50): TX 'COWARD MECHANICAL CONTRACTORS LLC'; street address corroborates: TX '15534 W HARDY RD, HOUSTON 77060'"
biz-160,review,,low,legal,True,False,11342353692,"PLUMBCO SERVICES, INC.",4700 MANSFIELD HWY STE B,FOREST HILL,TX,76119,CT,U,0802014856,07/01/2014,A,A,01/17/2003,238221,"exact legal name incl. entity suffix: TX 'PLUMBCO SERVICES, INC.'; no address corroboration (TX address 4700 MANSFIELD HWY STE B, FOREST HILL TX 76119)"
biz-161,verified,selected,medium,legal,True,False,32046438365,TRAYLOR MECHANICAL CORPORATION,PO BOX 1349,PEARLAND,TX,77588,CT,U,0801530486,01/05/2012,A,A,01/05/2012,,exact legal name incl. entity suffix: TX 'TRAYLOR MECHANICAL CORPORATION'; city only (PEARLAND); street and ZIP differ; only active Texas record with this name statewide; city-level address corroboration
biz-163,review,,low,legal,True,False,32012004514,MOMENTUM MECHANICAL INC.,136 HARMON RD,HURST,TX,76053,CT,U,0800232496,08/06/2003,R,A,08/06/2003,238220,"exact legal name incl. entity suffix: TX 'MOMENTUM MECHANICAL INC.'; no address corroboration (TX address 136 HARMON RD, HURST TX 76053)"
biz-164,verified,selected,high,legal,True,False,32037256669,"EFFICIENT AIR CONDITIONING, INC.",10315 METROPOLITAN DR STE A,AUSTIN,TX,78758,CT,U,0800989168,06/09/2008,A,A,06/09/2008,238220,"exact legal name incl. entity suffix: TX 'EFFICIENT AIR CONDITIONING, INC.'; street address corroborates: TX '10315 METROPOLITAN DR STE A, AUSTIN 78758'"
biz-165,verified,selected,high,legal,True,False,17427292200,"TRI-COUNTY A/C & HEATING, LLC",510 N AUSTIN ST,SEGUIN,TX,78155,CL,U,0801409941,04/09/2011,A,A,08/17/1994,238211,"exact legal name incl. entity suffix: TX 'TRI-COUNTY A/C & HEATING, LLC'; street address corroborates: TX '510 N AUSTIN ST, SEGUIN 78155'"
biz-166,verified,selected,high,legal,True,False,32011634428,"MICHAEL WITT, INC.",5229 VESTA FARLEY RD,FORT WORTH,TX,76119,CT,U,0800215694,06/18/2003,A,A,06/18/2003,238000,"exact legal name incl. entity suffix: TX 'MICHAEL WITT, INC.'; street address corroborates: TX '5229 VESTA FARLEY RD, FORT WORTH 76119'"
biz-168,verified,selected,medium,legal,True,False,12001415871,BLACK PLUMBING CO. INC.,PO BOX 6347,ABILENE,TX,79608,CT,U,0800230764,07/31/2003,A,A,07/31/2003,238000,exact legal name incl. entity suffix: TX 'BLACK PLUMBING CO. INC.'; city only (ABILENE); street and ZIP differ; only active Texas record with this name statewide; city-level address corroboration
biz-169,verified,selected,high,legal,True,False,17528008273,"HESSE-SCHNIEDERJAN HEATING & AIR CONDITIONING, INC",3200 E HIGHWAY 82,GAINESVILLE,TX,76240,CT,U,0151647100,12/21/1998,A,A,12/21/1998,238220,"exact legal name incl. entity suffix: TX 'HESSE-SCHNIEDERJAN HEATING & AIR CONDITIONING, INC'; street address corroborates: TX '3200 E HIGHWAY 82, GAINESVILLE 76240'"
biz-170,verified,selected,high,legal,True,False,17516770694,"HUGH M. CUNNINGHAM, INC.",2029 WESTGATE DR STE 120,CARROLLTON,TX,75006,CT,U,0049590900,10/31/1979,A,A,10/31/1979,425120,"exact legal name incl. entity suffix: TX 'HUGH M. CUNNINGHAM, INC.'; street address corroborates: TX '2029 WESTGATE DR STE 120, CARROLLTON 75006'"
biz-171,verified,selected,high,legal,True,False,17519720928,"BCI MECHANICAL, INC.",400 E OAK ST,DENTON,TX,76201,CT,U,0071030700,06/26/1984,A,A,06/26/1984,238222,"exact legal name incl. entity suffix: TX 'BCI MECHANICAL, INC.'; street address corroborates: TX '400 E OAK ST, DENTON 76201'"
biz-172,review,,low,legal,True,False,10436550296,"SYNERGY ENVIRONMENTAL SERVICES, L.L.C.",PO BOX 1217,HURST,TX,76053,CL,U,0800078607,04/24/2002,A,A,04/24/2002,811000,"exact legal name incl. entity suffix: TX 'SYNERGY ENVIRONMENTAL SERVICES, L.L.C.'; no address corroboration (TX address PO BOX 1217, HURST TX 76053)"
biz-173,verified,selected,medium,legal,True,False,17428794147,"BURGER ENTERPRISES, INC.",4847 STAHL RD,SAN ANTONIO,TX,78217,CT,U,0148907300,04/27/1998,A,A,04/27/1998,238221,"exact legal name incl. entity suffix: TX 'BURGER ENTERPRISES, INC.'; ZIP 78217 corroborates (street differs: TX '4847 STAHL RD')"
biz-174,review,,low,legal,True,False,17601342011,"BLUE NORTHERN AIR CONDITIONING, INC.",10830 TRI CITY BEACH RD,BEACH CITY,TX,77523,CT,U,0072050800,09/13/1984,A,A,09/13/1984,238221,"exact legal name incl. entity suffix: TX 'BLUE NORTHERN AIR CONDITIONING, INC.'; no address corroboration (TX address 10830 TRI CITY BEACH RD, BEACH CITY TX 77523)"
biz-175,verified,selected,high,legal,True,False,17511034955,"HOBSON AIR CONDITIONING, INC.",1412 GREENWOOD RD,WEATHERFORD,TX,76088,CT,U,0018875300,12/03/1962,R,N,12/03/1962,238221,"exact legal name incl. entity suffix: TX 'HOBSON AIR CONDITIONING, INC.'; street address corroborates: TX '1412 GREENWOOD RD, WEATHERFORD 76088'"
biz-176,verified,selected,high,legal,True,False,32009929657,"SERVICE RESPONSE TEAM, INC",6301 WHITLEY RD,WATAUGA,TX,76148,CT,U,0800160626,01/07/2003,A,A,01/07/2003,238000,"exact legal name incl. entity suffix: TX 'SERVICE RESPONSE TEAM, INC'; street address corroborates: TX '6301 WHITLEY RD, WATAUGA 76148'"
biz-177,verified,selected,medium,legal,True,False,12725205756,BAILEY VENTURES LLC,PO BOX 1967,VIDOR,TX,77670,CL,U,0801265632,05/05/2010,A,A,05/05/2010,,exact legal name incl. entity suffix: TX 'BAILEY VENTURES LLC'; city only (VIDOR); street and ZIP differ; only active Texas record with this name statewide; city-level address corroboration
biz-178,verified,selected,high,legal,True,False,32049977310,"NEU PLUMBING, INC.",1117 FOUNDATION DR,PILOT POINT,TX,76258,CT,U,0801720511,01/18/2013,A,A,01/18/2013,238220,"exact legal name incl. entity suffix: TX 'NEU PLUMBING, INC.'; street address corroborates: TX '1117 FOUNDATION DR, PILOT POINT 76258'"
biz-179,verified,selected,medium,legal,True,False,17430049704,"DEL RIO COMFORT TECH, LTD.",4934 W US HIGHWAY 90,DEL RIO,TX,78840,PL,U,0015235210,06/06/2001,A,A,01/01/2008,,"exact legal name incl. entity suffix: TX 'DEL RIO COMFORT TECH, LTD.'; ZIP 78840 corroborates (street differs: TX '4934 W US HIGHWAY 90')"
biz-180,verified,selected,medium,legal,True,False,32016573027,"TDR CONTRACTORS, INC.",PO BOX 1003,GILMER,TX,75644,CT,U,0800441528,01/18/2005,A,A,01/18/2005,,"exact legal name incl. entity suffix: TX 'TDR CONTRACTORS, INC.'; ZIP 75644 corroborates (street differs: TX 'PO BOX 1003')"
biz-181,verified,selected,high,legal,True,False,12036235203,"AUGERMAN, INC.",450 PINN RD,SAN ANTONIO,TX,78227,CT,U,0800557390,10/14/2005,A,A,10/14/2005,238220,"exact legal name incl. entity suffix: TX 'AUGERMAN, INC.'; street address corroborates: TX '450 PINN RD, SAN ANTONIO 78227'"
biz-182,verified,selected,medium,legal,True,False,17509550269,"ENGINEERED AIR BALANCE CO., INC.",3309 MATRIX DR STE 100,RICHARDSON,TX,75082,CT,U,0013662100,12/10/1956,A,A,12/10/1956,541330,"exact legal name incl. entity suffix: TX 'ENGINEERED AIR BALANCE CO., INC.'; city only (RICHARDSON); street and ZIP differ; only active Texas record with this name statewide; city-level address corroboration"
biz-183,verified,selected,medium,legal,True,False,17526333335,"N.C.T. MECHANICAL, INC.",PO BOX 132,KELLER,TX,76244,CT,U,0137806100,11/16/1995,A,A,11/16/1995,236000,"exact legal name incl. entity suffix: TX 'N.C.T. MECHANICAL, INC.'; ZIP 76244 corroborates (street differs: TX 'PO BOX 132')"
biz-184,verified,selected,medium,legal,True,False,17429830981,AMG CONTRACTORS LLC,914 N NEW BRAUNFELS AVE,SAN ANTONIO,TX,78202,CL,U,0707912522,12/04/2000,A,A,12/04/2000,238220,exact legal name incl. entity suffix: TX 'AMG CONTRACTORS LLC'; city only (SAN ANTONIO); street and ZIP differ; only active Texas record with this name statewide; city-level address corroboration
biz-185,verified,selected,medium,legal,True,False,32011214536,"BLANCO HEATING & COOLING, L.L.C.",PO BOX 1631,BLANCO,TX,78606,CL,U,0800194127,04/10/2003,A,D,04/10/2003,,"exact legal name incl. entity suffix: TX 'BLANCO HEATING & COOLING, L.L.C.'; ZIP 78606 corroborates (street differs: TX 'PO BOX 1631')"
biz-186,verified,selected,high,legal,True,False,17429502549,"BACKUP UTILITY CONTRACTORS, INC.",3818 REESE RD,ROSENBERG,TX,77471,CT,U,0157317000,03/03/2000,R,A,03/03/2000,238220,"exact legal name incl. entity suffix: TX 'BACKUP UTILITY CONTRACTORS, INC.'; street address corroborates: TX '3818 REESE RD, ROSENBERG 77471'"
biz-187,verified,selected,high,legal,True,False,32057335120,BROWN PLUMBING INCORPORATED,2501 MAIN AVE,GROVES,TX,77619,CT,U,0802222486,05/15/2015,A,A,05/15/2015,,"exact legal name incl. entity suffix: TX 'BROWN PLUMBING INCORPORATED'; street address corroborates: TX '2501 MAIN AVE, GROVES 77619'"
biz-188,verified,selected,medium,legal,True,False,17603315239,"INFINITY SYSTEMS, INC.",12014 WINDFERN RD,HOUSTON,TX,77064,CT,U,0118436400,03/01/1991,A,A,03/01/1991,238220,"exact legal name incl. entity suffix: TX 'INFINITY SYSTEMS, INC.'; ZIP 77064 corroborates (street differs: TX '12014 WINDFERN RD')"
biz-189,verified,selected,medium,legal,True,False,17525446161,"ABCO FIRE PROTECTION, INC.",5801 E FM 40,LUBBOCK,TX,79403,CT,U,0126384400,03/18/1993,A,A,03/18/1993,238221,"exact legal name incl. entity suffix: TX 'ABCO FIRE PROTECTION, INC.'; city only (LUBBOCK); street and ZIP differ; only active Texas record with this name statewide; city-level address corroboration"
biz-191,verified,selected,high,legal,True,False,17527958221,LANE WEATHER MART INC.,3909 N CHADBOURNE ST,SAN ANGELO,TX,76903,CT,U,0151661800,12/22/1998,A,A,12/22/1998,238000,"exact legal name incl. entity suffix: TX 'LANE WEATHER MART INC.'; street address corroborates: TX '3909 N CHADBOURNE ST, SAN ANGELO 76903'"
biz-192,verified,selected,medium,legal,True,False,17600968824,"J & S MECHANICAL CONTRACTORS, INC.",PO BOX 692483,HOUSTON,TX,77269,CT,U,0069370700,03/01/1984,R,A,03/01/1984,238220,"exact legal name incl. entity suffix: TX 'J & S MECHANICAL CONTRACTORS, INC.'; city only (HOUSTON); street and ZIP differ; only active Texas record with this name statewide; city-level address corroboration"
biz-193,verified,selected,medium,legal,True,False,12025974960,"MILESTONE ELECTRIC, INC.",2800 DISCOVERY BLVD,ROCKWALL,TX,75032,CT,U,0801128821,05/30/2009,A,A,04/01/2005,238210,"exact legal name incl. entity suffix: TX 'MILESTONE ELECTRIC, INC.'; no address corroboration (TX address 2800 DISCOVERY BLVD, ROCKWALL TX 75032); address corroborated via DOL Form 5500 2024 ACK 20251015132332NAL0009803042001: sponsor EIN 202597496 (= FEIN in TX taxpayer number), sponsor 'MILESTONE ELECTRIC, INC.' at 2360 CRIST ROAD, GARLAND 75040 = PPP borrower address"
biz-194,verified,selected,medium,legal,True,False,17413308101,"MUELLER & WILSON, INC.",PO BOX 691387,SAN ANTONIO,TX,78269,CT,U,0015349700,03/02/1959,A,A,03/02/1959,238220,"exact legal name incl. entity suffix: TX 'MUELLER & WILSON, INC.'; city only (SAN ANTONIO); street and ZIP differ; only active Texas record with this name statewide; city-level address corroboration"
biz-195,review,,low,legal,False,False,32105080389,"CYTECH HEATING AND COOLING, LLC",1101 MARINA VILLAGE PKWY STE 201,ALAMEDA,CA,94501,CI,X,,,,U,01/01/2025,,"legal name match (entity suffix ignored): TX 'CYTECH HEATING AND COOLING, LLC'; no address corroboration (TX address 1101 MARINA VILLAGE PKWY STE 201, ALAMEDA CA 94501)"
biz-197,verified,selected,medium,legal,True,False,32033564835,"NORTH TEXAS DUCTWORKS, LLC",2447 MERRITT DR,GARLAND,TX,75041,CL,U,0800859567,08/20/2007,A,A,08/20/2007,,"exact legal name incl. entity suffix: TX 'NORTH TEXAS DUCTWORKS, LLC'; ZIP 75041 corroborates (street differs: TX '2447 MERRITT DR')"
biz-198,verified,selected,medium,legal,True,False,12001660716,"LISTER PLUMBING, INC.",PO BOX 2427,GALVESTON,TX,77553,CT,U,0800239911,08/27/2003,A,A,08/27/2003,238000,"exact legal name incl. entity suffix: TX 'LISTER PLUMBING, INC.'; city only (GALVESTON); street and ZIP differ; only active Texas record with this name statewide; city-level address corroboration"
biz-199,verified,selected,high,legal,True,False,17606559551,"CHARLIE'S PLUMBING, INC.",10114 THERMON ST,HOUSTON,TX,77075,CT,U,0159851300,09/14/2000,A,A,09/14/2000,238221,"exact legal name incl. entity suffix: TX 'CHARLIE'S PLUMBING, INC.'; street address corroborates: TX '10114 THERMON ST, HOUSTON 77075'"
biz-200,verified,selected,medium,legal,True,False,32019651333,"TEXAS CHILLER SYSTEMS, LLC",14829 BULVERDE RD,SAN ANTONIO,TX,78247,CL,U,0800645330,04/24/2006,A,A,04/24/2006,,"exact legal name incl. entity suffix: TX 'TEXAS CHILLER SYSTEMS, LLC'; city only (SAN ANTONIO); street and ZIP differ; only active Texas record with this name statewide; city-level address corroboration"
biz-201,verified,selected,medium,legal,True,False,17510461423,"FREER MECHANICAL CONTRACTORS, INC.",PO BOX 4176,FORT WORTH,TX,76164,CT,U,0016505100,05/06/1960,A,A,05/06/1960,238222,"exact legal name incl. entity suffix: TX 'FREER MECHANICAL CONTRACTORS, INC.'; city only (FORT WORTH); street and ZIP differ; only active Texas record with this name statewide; city-level address corroboration"
biz-202,verified,selected,high,legal,True,False,18205709290,"5-F MECHANICAL GROUP, INC.",PO BOX 81305,AUSTIN,TX,78708,CT,U,0800138889,11/01/2002,A,A,11/01/2002,238222,"exact legal name incl. entity suffix: TX '5-F MECHANICAL GROUP, INC.'; street address corroborates: TX 'PO BOX 81305, AUSTIN 78708'"
biz-203,review,,low,legal,False,False,32019229650,BILL CODY AND SONS PLUMBING COMPANY LLC,PO BOX 210433,DALLAS,TX,75211,CL,U,0800619224,02/27/2006,A,A,02/27/2006,238220,legal name match (entity suffix ignored): TX 'BILL CODY AND SONS PLUMBING COMPANY LLC'; city only (DALLAS); street and ZIP differ
biz-204,verified,selected,medium,legal,True,False,17517201988,"SOUTHWEST INSULATION, INC.",PO BOX 11503,FORT WORTH,TX,76110,CT,U,0053116400,09/05/1980,A,A,09/05/1980,238292,"exact legal name incl. entity suffix: TX 'SOUTHWEST INSULATION, INC.'; ZIP 76110 corroborates (street differs: TX 'PO BOX 11503')"
biz-205,verified,selected,medium,legal,True,False,32041047328,"SHANK'S PLUMBING SERVICE, LLC",PO BOX 2499,CLEBURNE,TX,76033,CL,U,0801219538,01/19/2010,A,A,01/19/2010,,"exact legal name incl. entity suffix: TX 'SHANK'S PLUMBING SERVICE, LLC'; ZIP 76033 corroborates (street differs: TX 'PO BOX 2499')"
biz-207,verified,selected,medium,legal,True,False,32034977143,"HB MECHANICAL SERVICES, INC.",PO BOX 569,PORTER,TX,77365,CT,U,0801078852,01/27/2009,A,A,01/01/2008,,"exact legal name incl. entity suffix: TX 'HB MECHANICAL SERVICES, INC.'; ZIP 77365 corroborates (street differs: TX 'PO BOX 569')"
biz-208,verified,selected,high,legal,True,False,17419171685,"WAY SERVICE, LTD.",5308 ASHBROOK DR,HOUSTON,TX,77081,PL,U,0014421810,01/01/2001,A,A,05/12/1977,,"exact legal name incl. entity suffix: TX 'WAY SERVICE, LTD.'; street address corroborates: TX '5308 ASHBROOK DR, HOUSTON 77081'"
biz-208,verified,,low,address,False,False,32003040287,"WAY SERVICE I, LLC",5308 ASHBROOK DR,HOUSTON,TX,77081,CL,U,0708023822,12/21/2000,A,A,12/21/2000,,"same street+ZIP, similar name (token overlap 0.67): TX 'WAY SERVICE I, LLC'; street address corroborates: TX '5308 ASHBROOK DR, HOUSTON 77081'"
biz-209,review,,low,legal,True,False,32058993273,"COUGAR HOLDINGS, LLC",3915 SHOPTON RD STE 100,CHARLOTTE,NC,28217,CL,U,0802344843,01/01/2016,A,A,01/01/2016,,"exact legal name incl. entity suffix: TX 'COUGAR HOLDINGS, LLC'; no address corroboration (TX address 3915 SHOPTON RD STE 100, CHARLOTTE NC 28217)"
biz-210,verified,selected,high,legal,False,True,13000107410,"AIR TEXAS MECHANICAL, LLC",1724 TOWNHURST DR STE A,HOUSTON,TX,77043,CI,V,0800040141,12/27/2001,A,A,12/27/2001,238220,"legal name match (entity suffix ignored): TX 'AIR TEXAS MECHANICAL, LLC'; street address corroborates: TX '1724 TOWNHURST DR STE A, HOUSTON 77043'; entity type differs (PPP 'corp' vs TX 'llc'): possible conversion/successor, charter date may not cover the PPP entity"
biz-211,verified,selected,medium,legal,True,False,32017897714,HAR-CON MECHANICAL CONTRACTORS LLC,9009 W LITTLE YORK RD,HOUSTON,TX,77040,CL,U,0800524844,07/28/2005,A,A,07/28/2005,,exact legal name incl. entity suffix: TX 'HAR-CON MECHANICAL CONTRACTORS LLC'; ZIP 77040 corroborates (street differs: TX '9009 W LITTLE YORK RD')
biz-212,verified,selected,medium,legal,True,False,17519410041,"MMM PLUMBING, HEATING & AIR CONDITIONING, INC.",PO BOX 3447,AMARILLO,TX,79116,CT,U,0801267206,05/11/2010,A,A,12/27/1983,238222,"exact legal name incl. entity suffix: TX 'MMM PLUMBING, HEATING & AIR CONDITIONING, INC.'; city only (AMARILLO); street and ZIP differ; only active Texas record with this name statewide; city-level address corroboration"
biz-213,review,,low,legal,True,False,32044328618,"CATHEDRAL PLUMBING OF TEXAS, LLC",PO BOX 5547,FRISCO,TX,75035,CL,U,0801430964,05/25/2011,A,A,05/25/2011,238220,"exact legal name incl. entity suffix: TX 'CATHEDRAL PLUMBING OF TEXAS, LLC'; no address corroboration (TX address PO BOX 5547, FRISCO TX 75035)"
biz-215,review,,low,legal,False,False,12002306426,"UNITED PLUMBING, INC.",PO BOX 1066,WHITEHOUSE,TX,75791,CT,U,0800246783,09/15/2003,A,D,09/15/2003,238000,"legal name match (entity suffix ignored): TX 'UNITED PLUMBING, INC.'; no address corroboration (TX address PO BOX 1066, WHITEHOUSE TX 75791)"
biz-216,verified,selected,high,legal,True,False,32050609521,"ELLIS AIR SYSTEMS, INC.",3513 FLORENCE RD,KILLEEN,TX,76542,CT,U,0801761828,04/01/2013,A,A,04/01/2013,238220,"exact legal name incl. entity suffix: TX 'ELLIS AIR SYSTEMS, INC.'; street address corroborates: TX '3513 FLORENCE RD, KILLEEN 76542'"
biz-217,verified,selected,high,legal,True,False,17521711972,"UNITED CHESTER INDUSTRIES, INC.",11540 PLANO RD,DALLAS,TX,75243,CT,U,0103457100,04/10/1987,A,A,04/10/1987,238220,"exact legal name incl. entity suffix: TX 'UNITED CHESTER INDUSTRIES, INC.'; street address corroborates: TX '11540 PLANO RD, DALLAS 75243'"
biz-218,verified,selected,high,legal,True,False,32065591839,"CHAPMAN OUTDOORS, LLC.",3210 COMMANDER DR,CARROLLTON,TX,75006,CL,U,0802875691,12/07/2017,A,A,12/07/2017,,"exact legal name incl. entity suffix: TX 'CHAPMAN OUTDOORS, LLC.'; street address corroborates: TX '3210 COMMANDER DR, CARROLLTON 75006'"
biz-219,review,,low,legal,True,False,17427755925,"TRIPLE CROSS PLUMBING AND UTILITIES, LTD.",652 DIETERT LN,CANYON LAKE,TX,78133,PL,U,0012613010,10/23/1999,A,A,02/23/1996,236220,"exact legal name incl. entity suffix: TX 'TRIPLE CROSS PLUMBING AND UTILITIES, LTD.'; no address corroboration (TX address 652 DIETERT LN, CANYON LAKE TX 78133)"
biz-221,verified,selected,high,legal,True,False,17421761408,"BIGGS PLUMBING CO., INC.",1615 DUNGAN LN,AUSTIN,TX,78754,CT,U,0054081800,03/10/1981,A,A,03/10/1981,238222,"exact legal name incl. entity suffix: TX 'BIGGS PLUMBING CO., INC.'; street address corroborates: TX '1615 DUNGAN LN, AUSTIN 78754'"
biz-224,verified,selected,medium,legal,True,False,32067158132,"PRODIGY HVAC, LLC",2718 VIRGINIA CIR,DENTON,TX,76209,CL,U,0803015146,05/14/2018,A,A,05/14/2018,,"exact legal name incl. entity suffix: TX 'PRODIGY HVAC, LLC'; city only (DENTON); street and ZIP differ; only active Texas record with this name statewide; city-level address corroboration"
biz-225,verified,selected,medium,legal,True,False,32052065516,"NCULLUM ENTERPRISES, LLC",PO BOX 50218,MIDLAND,TX,79710,CL,U,0801856582,09/26/2013,A,A,09/26/2013,238220,"exact legal name incl. entity suffix: TX 'NCULLUM ENTERPRISES, LLC'; city only (MIDLAND); street and ZIP differ; only active Texas record with this name statewide; city-level address corroboration"
biz-226,verified,selected,high,legal,True,False,32048080397,"HOMEFRONT S & D, LLC",3210 COMMANDER DR C/O JOSH DEPAUW,CARROLLTON,TX,75006,CL,U,0801603274,05/25/2012,A,A,05/25/2012,,"exact legal name incl. entity suffix: TX 'HOMEFRONT S & D, LLC'; street address corroborates: TX '3210 COMMANDER DR C/O JOSH DEPAUW, CARROLLTON 75006'"
biz-227,verified,selected,medium,legal,True,False,32025099949,"KRISTYNIK INVESTMENTS, LLC",PO BOX 4105,BRYAN,TX,77805,CL,U,0800760757,01/17/2007,A,A,01/17/2007,,"exact legal name incl. entity suffix: TX 'KRISTYNIK INVESTMENTS, LLC'; city only (BRYAN); street and ZIP differ; only active Texas record with this name statewide; city-level address corroboration"
biz-229,review,,low,address,False,False,32040263363,"DWD INTERNATIONAL, LLC",2033 JOHANNA DR,HOUSTON,TX,77055,CL,U,0801168365,09/10/2009,A,A,09/10/2009,,"same street+ZIP, similar name (token overlap 0.67): TX 'DWD INTERNATIONAL, LLC'; street address corroborates: TX '2033 JOHANNA DR, HOUSTON 77055'"
biz-230,verified,selected,high,legal,True,False,32056293551,"VICTORY FIRE PROTECTION, LLC",125 TOPEKA DR STE D,WOODWAY,TX,76712,CL,U,0802147552,02/02/2015,A,A,02/02/2015,,"exact legal name incl. entity suffix: TX 'VICTORY FIRE PROTECTION, LLC'; street address corroborates: TX '125 TOPEKA DR STE D, WOODWAY 76712'"
biz-231,review,,low,legal,True,False,32038636901,"BLACKMON, INC.",PO BOX 205,BAYTOWN,TX,77522,CT,U,0801071858,01/08/2009,A,A,01/08/2009,238220,"exact legal name incl. entity suffix: TX 'BLACKMON, INC.'; city only (BAYTOWN); street and ZIP differ"
biz-231,review,,low,legal,False,True,32079598622,BLACKMON LLP,4800 KELLER SPRINGS RD APT 1234,ADDISON,TX,75001,PB,X,,,,A,06/09/2021,,"legal name match (entity suffix ignored): TX 'BLACKMON LLP'; no address corroboration (TX address 4800 KELLER SPRINGS RD APT 1234, ADDISON TX 75001); entity type differs (PPP 'corp' vs TX 'partnership'): possible conversion/successor, charter date may not cover the PPP entity"
biz-231,review,,low,legal,False,True,32106318804,BLACKMON LLC,211 E 7TH ST STE 620,AUSTIN,TX,78701,CI,V,0806625813,05/29/2026,A,A,05/29/2026,,"legal name match (entity suffix ignored): TX 'BLACKMON LLC'; no address corroboration (TX address 211 E 7TH ST STE 620, AUSTIN TX 78701); entity type differs (PPP 'corp' vs TX 'llc'): possible conversion/successor, charter date may not cover the PPP entity"
biz-232,review,,low,legal,True,False,32041505333,"ROYAL AC, INC",12519 FM 529 RD,HOUSTON,TX,77041,CT,U,0801247323,03/24/2010,R,A,03/24/2010,,"exact legal name incl. entity suffix: TX 'ROYAL AC, INC'; no address corroboration (TX address 12519 FM 529 RD, HOUSTON TX 77041)"
biz-234,review,,low,legal,False,True,32087143981,LEGACY PLUMBING COMPANY LLC,2767 ENGLISH CROSSING RD,BANDERA,TX,78003,CL,U,0804802988,11/09/2022,A,A,11/09/2022,,"legal name match (entity suffix ignored): TX 'LEGACY PLUMBING COMPANY LLC'; no address corroboration (TX address 2767 ENGLISH CROSSING RD, BANDERA TX 78003); entity type differs (PPP 'corp' vs TX 'llc'): possible conversion/successor, charter date may not cover the PPP entity"
biz-234,review,,low,legal,False,True,32106698619,LEGACY PLUMBING LLC,14205 N MO PAC EXPY STE 570 # 467130,AUSTIN,TX,78728,CL,U,0806661248,06/19/2026,A,A,06/19/2026,,"legal name match (entity suffix ignored): TX 'LEGACY PLUMBING LLC'; no address corroboration (TX address 14205 N MO PAC EXPY STE 570 # 467130, AUSTIN TX 78728); entity type differs (PPP 'corp' vs TX 'llc'): possible conversion/successor, charter date may not cover the PPP entity"
biz-236,verified,selected,high,legal,True,False,32036339011,"Z & C PLUMBING PARTNERSHIP, LTD.",3720 GREENHOUSE RD STE J,HOUSTON,TX,77084,PL,U,0009585310,02/04/1997,A,A,01/01/2008,,"exact legal name incl. entity suffix: TX 'Z & C PLUMBING PARTNERSHIP, LTD.'; street address corroborates: TX '3720 GREENHOUSE RD STE J, HOUSTON 77084'"
biz-236,verified,,low,address,False,False,30114174052,"C & Z PLUMBING, INC.",3720 GREENHOUSE RD STE J,HOUSTON,TX,77084,CT,U,0116464700,08/30/1990,A,A,08/30/1990,238000,"same street+ZIP, similar name (token overlap 0.80): TX 'C & Z PLUMBING, INC.'; street address corroborates: TX '3720 GREENHOUSE RD STE J, HOUSTON 77084'"
biz-237,verified,selected,medium,legal,True,False,17428375244,"EFFICIENCY AIR, INC.",PO BOX 422,EDNA,TX,77957,CT,U,0144899800,06/13/1997,A,A,06/13/1997,238221,"exact legal name incl. entity suffix: TX 'EFFICIENCY AIR, INC.'; ZIP 77957 corroborates (street differs: TX 'PO BOX 422')"
biz-239,verified,selected,medium,legal,True,False,17420105607,"BAC TRAC PLUMBING, L.P.",PO BOX 11645,HOUSTON,TX,77293,PL,U,0014490510,01/13/2001,A,A,11/06/1978,,"exact legal name incl. entity suffix: TX 'BAC TRAC PLUMBING, L.P.'; city only (HOUSTON); street and ZIP differ; only active Texas record with this name statewide; city-level address corroboration"
biz-241,review,,low,legal,True,False,32050668774,"P&E MECHANICAL CONTRACTORS, LLC",5279 N STATE HIGHWAY 6,WACO,TX,76712,CL,U,0801764815,04/09/2013,A,A,04/09/2013,,"exact legal name incl. entity suffix: TX 'P&E MECHANICAL CONTRACTORS, LLC'; no address corroboration (TX address 5279 N STATE HIGHWAY 6, WACO TX 76712)"
biz-243,review,,low,legal,False,True,12019815732,"ALLIED FIRE PROTECTION-SA, LLC.",4036 BINZ ENGLEMAN RD STE 208,SAN ANTONIO,TX,78219,CL,U,0806064712,05/31/2025,A,A,01/01/2008,,"legal name match (entity suffix ignored): TX 'ALLIED FIRE PROTECTION-SA, LLC.'; no address corroboration (TX address 4036 BINZ ENGLEMAN RD STE 208, SAN ANTONIO TX 78219); entity type differs (PPP 'partnership' vs TX 'llc'): possible conversion/successor, charter date may not cover the PPP entity"
biz-244,verified,selected,high,legal,False,True,17605607310,"ALLIED FIRE PROTECTION, LLC",2003 MYKAWA RD,PEARLAND,TX,77581,CL,U,0806064711,05/31/2025,A,A,01/23/1998,,"legal name match (entity suffix ignored): TX 'ALLIED FIRE PROTECTION, LLC'; street address corroborates: TX '2003 MYKAWA RD, PEARLAND 77581'; entity type differs (PPP 'partnership' vs TX 'llc'): possible conversion/successor, charter date may not cover the PPP entity"
biz-245,verified,selected,high,legal,False,True,32041169239,"AFP ALARM & DETECTION, LLC",2003 MYKAWA RD,PEARLAND,TX,77581,CL,U,0806064714,05/31/2025,A,A,02/04/2010,,"legal name match (entity suffix ignored): TX 'AFP ALARM & DETECTION, LLC'; street address corroborates: TX '2003 MYKAWA RD, PEARLAND 77581'; entity type differs (PPP 'partnership' vs TX 'llc'): possible conversion/successor, charter date may not cover the PPP entity"
biz-246,verified,selected,high,legal,True,False,17421044540,"HOUSTON NORTH AIR CONDITIONING, INC.",PO BOX 91188,HOUSTON,TX,77291,CT,U,0051222200,03/14/1980,R,A,03/14/1980,238220,"exact legal name incl. entity suffix: TX 'HOUSTON NORTH AIR CONDITIONING, INC.'; street address corroborates: TX 'PO BOX 91188, HOUSTON 77291'"
biz-247,verified,selected,high,legal,True,False,12621087936,"ALCODE PLUMBING, L.L.C.",1285 W CARDINAL DR,BEAUMONT,TX,77705,CL,U,0800946046,03/03/2008,A,A,03/03/2008,,"exact legal name incl. entity suffix: TX 'ALCODE PLUMBING, L.L.C.'; street address corroborates: TX '1285 W CARDINAL DR, BEAUMONT 77705'"
biz-248,review,,low,legal,True,False,32051911223,"VWMB INDUSTRIAL REFRIGERATION, LLC",100 THROCKMORTON ST STE 560,FORT WORTH,TX,76102,CL,U,0801845839,09/06/2013,A,A,09/06/2013,423740,"exact legal name incl. entity suffix: TX 'VWMB INDUSTRIAL REFRIGERATION, LLC'; no address corroboration (TX address 100 THROCKMORTON ST STE 560, FORT WORTH TX 76102)"
biz-249,review,,low,legal,False,False,17424550840,"SWEETWATER FILTRATION SYSTEMS, INC.",1724 CHEDDAR LOOP,AUSTIN,TX,78728,CT,U,0102676500,02/04/1987,A,A,02/04/1987,444190,"legal name match (entity suffix ignored): TX 'SWEETWATER FILTRATION SYSTEMS, INC.'; city only (AUSTIN); street and ZIP differ"
biz-250,verified,selected,high,legal,True,False,12024870813,"H.G. FIRE SYSTEMS, L.P.",15102 SOMMERMEYER ST STE 100,HOUSTON,TX,77041,PL,U,0800463448,03/08/2005,A,A,01/01/1999,,"exact legal name incl. entity suffix: TX 'H.G. FIRE SYSTEMS, L.P.'; street address corroborates: TX '15102 SOMMERMEYER ST STE 100, HOUSTON 77041'"
biz-250,verified,,low,address,False,False,32016911722,"H.G. FIRE SYSTEMS OF TEXAS, INC.",15102 SOMMERMEYER ST STE 100,HOUSTON,TX,77041,CT,U,0800463440,03/08/2005,A,A,03/08/2005,,"same street+ZIP, similar name (token overlap 0.60): TX 'H.G. FIRE SYSTEMS OF TEXAS, INC.'; street address corroborates: TX '15102 SOMMERMEYER ST STE 100, HOUSTON 77041'"
biz-251,verified,selected,high,legal,True,False,32033946693,GOLDEN RULE AIR CONDITIONING & HEATING LLC,9306 THOMASVILLE DR,HOUSTON,TX,77064,CL,U,0800884683,10/15/2007,A,A,10/15/2007,,"exact legal name incl. entity suffix: TX 'GOLDEN RULE AIR CONDITIONING & HEATING LLC'; street address corroborates: TX '9306 THOMASVILLE DR, HOUSTON 77064'"
biz-252,verified,selected,high,legal,False,True,13714975482,"JOHN MOORE, LLC",10005 W SAM HOUSTON PKWY N STE 200,HOUSTON,TX,77064,CL,U,0804161203,08/01/2021,A,A,01/01/2008,238220,"legal name match (entity suffix ignored): TX 'JOHN MOORE, LLC'; street address corroborates: TX '10005 W SAM HOUSTON PKWY N STE 200, HOUSTON 77064'; entity type differs (PPP 'partnership' vs TX 'llc'): possible conversion/successor, charter date may not cover the PPP entity"
biz-252,verified,,low,address,False,False,17417971151,"JOHN MOORE SERVICES, INC.",10005 W SAM HOUSTON PKWY N STE 200,HOUSTON,TX,77064,CT,U,0034582100,07/12/1974,R,A,07/12/1974,238221,"same street+ZIP, similar name (token overlap 0.67): TX 'JOHN MOORE SERVICES, INC.'; street address corroborates: TX '10005 W SAM HOUSTON PKWY N STE 200, HOUSTON 77064'"
biz-252,verified,,low,address,False,False,32033566871,"JOHN MOORE PEST CONTROL, LLC",10005 W SAM HOUSTON PKWY N STE 200,HOUSTON,TX,77064,CL,U,0800859306,08/17/2007,A,A,08/17/2007,,"same street+ZIP, similar name (token overlap 0.50): TX 'JOHN MOORE PEST CONTROL, LLC'; street address corroborates: TX '10005 W SAM HOUSTON PKWY N STE 200, HOUSTON 77064'"
biz-252,verified,,low,address,False,False,32039295277,"JOHN MOORE RENOVATION, LLC",10005 W SAM HOUSTON PKWY N STE 200,HOUSTON,TX,77064,CL,U,0801109418,04/09/2009,A,A,04/09/2009,,"same street+ZIP, similar name (token overlap 0.67): TX 'JOHN MOORE RENOVATION, LLC'; street address corroborates: TX '10005 W SAM HOUSTON PKWY N STE 200, HOUSTON 77064'"
biz-253,verified,selected,high,legal,True,False,17413878368,"ARNOLD REFRIGERATION, INC.",1122 N CHERRY ST,SAN ANTONIO,TX,78202,CT,U,0017445700,05/11/1961,A,A,05/11/1961,493120,"exact legal name incl. entity suffix: TX 'ARNOLD REFRIGERATION, INC.'; street address corroborates: TX '1122 N CHERRY ST, SAN ANTONIO 78202'"
biz-255,verified,selected,high,legal,True,False,30119094628,"RIDDELL PLUMBING, INC.",3700 US HIGHWAY 80 E,MESQUITE,TX,75149,CT,U,0142486700,12/13/1996,A,A,12/13/1996,238221,"exact legal name incl. entity suffix: TX 'RIDDELL PLUMBING, INC.'; street address corroborates: TX '3700 US HIGHWAY 80 E, MESQUITE 75149'"
biz-256,verified,selected,high,legal,False,False,32057842182,"PACE MECHANICAL SERVICES, LLC",13335 MURPHY RD STE B,STAFFORD,TX,77477,CL,U,0802257436,07/22/2015,A,A,07/22/2015,,"legal name match (entity suffix ignored): TX 'PACE MECHANICAL SERVICES, LLC'; street address corroborates: TX '13335 MURPHY RD STE B, STAFFORD 77477'"
biz-256,verified,,low,address,False,False,32039155158,PACE MECHANICAL LP,13335 MURPHY RD STE B,STAFFORD,TX,77477,PL,U,0801101920,03/23/2009,A,A,03/23/2009,,"same street+ZIP, similar name (token overlap 0.67): TX 'PACE MECHANICAL LP'; street address corroborates: TX '13335 MURPHY RD STE B, STAFFORD 77477'"
biz-257,verified,selected,medium,legal,True,False,17603909122,"TWV, INC.",PO BOX 1023,SEALY,TX,77474,CT,U,0125883900,02/01/1993,A,A,02/01/1993,238221,"exact legal name incl. entity suffix: TX 'TWV, INC.'; ZIP 77474 corroborates (street differs: TX 'PO BOX 1023')"
biz-258,verified,selected,high,legal,True,False,12700071017,"BT SIEK COMPANY, INC.",10704 N FM 620 RD,AUSTIN,TX,78726,CT,U,0800062412,03/08/2002,A,A,03/08/2002,811310,"exact legal name incl. entity suffix: TX 'BT SIEK COMPANY, INC.'; street address corroborates: TX '10704 N FM 620 RD, AUSTIN 78726'"
biz-259,verified,selected,medium,legal,True,False,12020548140,KINNEY'S COMMERCIAL INC.,PO BOX 459,HUTTO,TX,78634,CT,U,0800430197,12/23/2004,A,A,12/23/2004,238910,exact legal name incl. entity suffix: TX 'KINNEY'S COMMERCIAL INC.'; ZIP 78634 corroborates (street differs: TX 'PO BOX 459')
biz-260,verified,selected,high,legal,True,False,17526807379,"WATSON PLUMBING, INC.",13097 STATE HIGHWAY 31 W,TYLER,TX,75709,CT,U,0142456600,12/05/1996,A,A,12/05/1996,238220,"exact legal name incl. entity suffix: TX 'WATSON PLUMBING, INC.'; street address corroborates: TX '13097 STATE HIGHWAY 31 W, TYLER 75709'"
biz-261,review,,low,legal,True,False,32072090064,STAR FINISHES ENTERPRISES INC.,3912 ROSA PARK LN,PFLUGERVILLE,TX,78660,CT,U,0803431215,09/27/2019,A,A,09/27/2019,,"exact legal name incl. entity suffix: TX 'STAR FINISHES ENTERPRISES INC.'; no address corroboration (TX address 3912 ROSA PARK LN, PFLUGERVILLE TX 78660)"
biz-262,verified,selected,medium,legal,True,False,32040782560,BINC OPERATING LLC,PO BOX 8050,AMARILLO,TX,79114,CL,U,0801200900,12/04/2009,A,A,12/04/2009,238220,exact legal name incl. entity suffix: TX 'BINC OPERATING LLC'; ZIP 79114 corroborates (street differs: TX 'PO BOX 8050')
biz-263,verified,selected,high,legal,False,True,17429395159,"POWER PLUMBING, LLC",36310 HEMPSTEAD RD,HOCKLEY,TX,77447,CL,U,0804266070,10/07/2021,R,A,01/01/2008,,"legal name match (entity suffix ignored): TX 'POWER PLUMBING, LLC'; street address corroborates: TX '36310 HEMPSTEAD RD, HOCKLEY 77447'; entity type differs (PPP 'corp' vs TX 'llc'): possible conversion/successor, charter date may not cover the PPP entity"
biz-264,verified,selected,high,legal,False,False,17516553421,PARIS AIR CONDITIONING CO.,3460 PINE MILL RD,PARIS,TX,75460,CT,U,0048010800,06/26/1979,R,A,06/26/1979,811000,"legal name match (entity suffix ignored): TX 'PARIS AIR CONDITIONING CO.'; street address corroborates: TX '3460 PINE MILL RD, PARIS 75460'"
biz-267,verified,selected,high,legal,True,False,17420684031,"RAVEN MECHANICAL, LP",1618 BUSCHONG ST,HOUSTON,TX,77039,PL,U,0015430310,08/01/2001,A,A,10/09/1979,,"exact legal name incl. entity suffix: TX 'RAVEN MECHANICAL, LP'; street address corroborates: TX '1618 BUSCHONG ST, HOUSTON 77039'"
biz-267,verified,,low,address,False,False,32003602516,RAVEN MECHANICAL GP LLC,1618 BUSCHONG ST,HOUSTON,TX,77039,CL,U,0709383322,07/31/2001,A,A,07/31/2001,,"same street+ZIP, similar name (token overlap 0.67): TX 'RAVEN MECHANICAL GP LLC'; street address corroborates: TX '1618 BUSCHONG ST, HOUSTON 77039'"
biz-267,verified,,low,address,False,False,32041237911,"RAVEN MECHANICAL PROPERTIES, LLC",1618 BUSCHONG ST,HOUSTON,TX,77039,CL,U,0801231766,02/16/2010,A,A,02/16/2010,,"same street+ZIP, similar name (token overlap 0.67): TX 'RAVEN MECHANICAL PROPERTIES, LLC'; street address corroborates: TX '1618 BUSCHONG ST, HOUSTON 77039'"
biz-268,review,,low,legal,False,True,17417183427,"A/W MECHANICAL SERVICES, L.P.",PO BOX 70308,HOUSTON,TX,77270,PL,U,0012474910,09/30/1999,A,A,05/04/1972,238222,"legal name match (entity suffix ignored): TX 'A/W MECHANICAL SERVICES, L.P.'; city only (HOUSTON); street and ZIP differ; entity type differs (PPP 'corp' vs TX 'partnership'): possible conversion/successor, charter date may not cover the PPP entity"
biz-269,verified,selected,high,legal,True,False,17419798032,"CUSTOM COMFORT, INC.",1821 COTTONWOOD SCHOOL RD,ROSENBERG,TX,77471,CT,U,0043951800,06/27/1978,A,A,06/27/1978,238221,"exact legal name incl. entity suffix: TX 'CUSTOM COMFORT, INC.'; street address corroborates: TX '1821 COTTONWOOD SCHOOL RD, ROSENBERG 77471'"
biz-270,verified,selected,high,legal,True,False,32048678232,"TW MECHANICAL, LLC",1005 AIRLINE DR STE A,KATY,TX,77493,CL,U,0801636187,08/07/2012,A,A,08/07/2012,,"exact legal name incl. entity suffix: TX 'TW MECHANICAL, LLC'; street address corroborates: TX '1005 AIRLINE DR STE A, KATY 77493'"
biz-271,verified,selected,high,legal,True,False,32047843860,DIAL ONE JOHNSON PLUMBING LLC,158 HOOD ST,CEDAR HILL,TX,75104,CL,U,0801590692,05/16/2012,A,A,05/16/2012,,"exact legal name incl. entity suffix: TX 'DIAL ONE JOHNSON PLUMBING LLC'; street address corroborates: TX '158 HOOD ST, CEDAR HILL 75104'"
biz-273,verified,selected,medium,legal,True,False,17604188973,"CLADWES ENTERPRISES, INC.",PO BOX 3069,BEAUMONT,TX,77704,CT,U,0129116100,11/10/1993,A,A,11/10/1993,238221,"exact legal name incl. entity suffix: TX 'CLADWES ENTERPRISES, INC.'; city only (BEAUMONT); street and ZIP differ; only active Texas record with this name statewide; city-level address corroboration"
biz-274,verified,selected,high,legal,True,False,17605031883,"CFI MECHANICAL, INC.",6109 BRITTMOORE RD,HOUSTON,TX,77041,CT,U,0139823600,04/30/1996,A,A,04/30/1996,238222,"exact legal name incl. entity suffix: TX 'CFI MECHANICAL, INC.'; street address corroborates: TX '6109 BRITTMOORE RD, HOUSTON 77041'"
biz-275,verified,selected,high,legal,True,False,32058037741,"AIR COMFORT GROUP, LLC",590 N MAIN ST,BEAUMONT,TX,77701,CL,U,0802273068,08/13/2015,A,A,08/13/2015,,"exact legal name incl. entity suffix: TX 'AIR COMFORT GROUP, LLC'; street address corroborates: TX '590 N MAIN ST, BEAUMONT 77701'"
biz-277,review,,low,legal,True,False,32033096101,"BASS PLUMBING, L.L.C.",PO BOX 10684,COLLEGE STA,TX,77842,CL,U,0800826009,06/07/2007,A,A,06/07/2007,,"exact legal name incl. entity suffix: TX 'BASS PLUMBING, L.L.C.'; no address corroboration (TX address PO BOX 10684, COLLEGE STA TX 77842)"
biz-278,verified,selected,high,legal,True,False,32068965311,AUGERPROS PLUMBING AND DRAIN LLC,1608 TANGLEWOOD DR,ALLEN,TX,75002,CL,U,0803167035,11/15/2018,A,A,11/15/2018,,"exact legal name incl. entity suffix: TX 'AUGERPROS PLUMBING AND DRAIN LLC'; street address corroborates: TX '1608 TANGLEWOOD DR, ALLEN 75002'"
biz-279,verified,selected,high,legal,True,False,17515143539,"TOWN EAST HEATING & AIR CONDITIONING CO., LLC",10215 MILLER RD,DALLAS,TX,75238,CL,U,0801645829,08/25/2012,A,A,04/22/1976,238220,"exact legal name incl. entity suffix: TX 'TOWN EAST HEATING & AIR CONDITIONING CO., LLC'; street address corroborates: TX '10215 MILLER RD, DALLAS 75238'"
biz-280,review,,low,legal,False,True,32093929852,"AIR COMFORT, LLC",2401 INTERNATIONALE PKWY STE C,WOODRIDGE,IL,60517,CI,X,,,,U,01/01/2023,,"legal name match (entity suffix ignored): TX 'AIR COMFORT, LLC'; no address corroboration (TX address 2401 INTERNATIONALE PKWY STE C, WOODRIDGE IL 60517); entity type differs (PPP 'corp' vs TX 'llc'): possible conversion/successor, charter date may not cover the PPP entity"
biz-281,verified,selected,high,legal,True,False,12035735989,PLUMBING WORKS OF HOUSTON LLC,6615 FLINTLOCK RD,HOUSTON,TX,77040,CL,U,0800554790,10/07/2005,A,A,10/07/2005,238220,"exact legal name incl. entity suffix: TX 'PLUMBING WORKS OF HOUSTON LLC'; street address corroborates: TX '6615 FLINTLOCK RD, HOUSTON 77040'"
biz-282,review,,low,legal,True,False,32040822069,B-N-T PLUMBING LLC,15440 TRADESMAN,SAN ANTONIO,TX,78249,CL,U,0801203943,12/14/2009,A,N,12/14/2009,238220,"exact legal name incl. entity suffix: TX 'B-N-T PLUMBING LLC'; no address corroboration (TX address 15440 TRADESMAN, SAN ANTONIO TX 78249)"
biz-283,verified,selected,high,legal,True,False,17523373870,"TEXAS FILTER SERVICE, LLC",10276 ROBINSON DR,TYLER,TX,75703,CL,U,0801505149,11/09/2011,A,A,06/13/1990,454390,"exact legal name incl. entity suffix: TX 'TEXAS FILTER SERVICE, LLC'; street address corroborates: TX '10276 ROBINSON DR, TYLER 75703'"
biz-284,verified,selected,high,legal,True,False,12032147642,M.E. PLUMBING LLC,925 S AUSTIN ST,SEGUIN,TX,78155,CL,U,0800518238,07/13/2005,A,N,07/13/2005,238220,"exact legal name incl. entity suffix: TX 'M.E. PLUMBING LLC'; street address corroborates: TX '925 S AUSTIN ST, SEGUIN 78155'"
biz-285,verified,selected,medium,legal,True,False,17605887722,"MECHANICAL PIPING SYSTEMS, INC.",PO BOX 1781,TOMBALL,TX,77377,CT,U,0151179500,11/05/1998,A,A,11/05/1998,238000,"exact legal name incl. entity suffix: TX 'MECHANICAL PIPING SYSTEMS, INC.'; ZIP 77377 corroborates (street differs: TX 'PO BOX 1781')"
biz-287,verified,selected,high,legal,True,False,32034495914,"COTE'S MECHANICAL, LLC",6947 CHISUM RD,SANGER,TX,76266,CL,U,0800924266,01/15/2008,A,A,01/15/2008,,"exact legal name incl. entity suffix: TX 'COTE'S MECHANICAL, LLC'; street address corroborates: TX '6947 CHISUM RD, SANGER 76266'"
biz-288,verified,selected,high,legal,True,False,32052659540,"INNOVATION HVAC SERVICES, LLC",9726 BROCKBANK DR,DALLAS,TX,75220,CL,U,0801897520,12/12/2013,A,A,12/12/2013,,"exact legal name incl. entity suffix: TX 'INNOVATION HVAC SERVICES, LLC'; street address corroborates: TX '9726 BROCKBANK DR, DALLAS 75220'"
biz-290,verified,selected,high,legal,False,False,17523809022,"POPE PLUMBING COMPANY, INC.",3205 MAIN ST,ROWLETT,TX,75088,CT,U,0119476600,05/31/1991,R,A,05/31/1991,238221,"legal name match (entity suffix ignored): TX 'POPE PLUMBING COMPANY, INC.'; street address corroborates: TX '3205 MAIN ST, ROWLETT 75088'"
biz-291,verified,selected,high,legal,True,False,17413918578,"GILLETTE AIR CONDITIONING CO., INC.",1215 SAN FRANCISCO,SAN ANTONIO,TX,78201,CT,U,0017395900,04/25/1961,A,A,04/25/1961,238222,"exact legal name incl. entity suffix: TX 'GILLETTE AIR CONDITIONING CO., INC.'; street address corroborates: TX '1215 SAN FRANCISCO, SAN ANTONIO 78201'"
biz-292,review,,low,legal,False,False,32001896300,"WILSON-MCLAIN PLUMBING, INC.",3719 W BLACKJACK RD,AUBREY,TX,76227,CT,U,0155441500,10/19/1999,A,A,10/19/1999,238220,"legal name match (entity suffix ignored): TX 'WILSON-MCLAIN PLUMBING, INC.'; no address corroboration (TX address 3719 W BLACKJACK RD, AUBREY TX 76227)"
biz-293,verified,selected,high,legal,True,False,17510783719,"ALMCOE REFRIGERATION COMPANY, LLC",4050 CRESTHILL RD,DALLAS,TX,75227,CL,U,0801690566,11/29/2012,A,A,07/31/1961,811310,"exact legal name incl. entity suffix: TX 'ALMCOE REFRIGERATION COMPANY, LLC'; street address corroborates: TX '4050 CRESTHILL RD, DALLAS 75227'"
biz-293,verified,,low,address,False,False,32084221756,"ALMCOE REFRIGERATION HOLDINGS, INC.",4050 CRESTHILL RD,DALLAS,TX,75227,CT,U,0804536787,04/08/2022,A,A,04/08/2022,,"same street+ZIP, similar name (token overlap 0.67): TX 'ALMCOE REFRIGERATION HOLDINGS, INC.'; street address corroborates: TX '4050 CRESTHILL RD, DALLAS 75227'"
biz-294,review,,low,legal,True,False,17527583268,"TEXAS GENERAL MECHANICAL, LLC",PO BOX 645,TERRELL,TX,75160,CL,U,0803197276,01/02/2019,A,A,03/23/1998,238220,"exact legal name incl. entity suffix: TX 'TEXAS GENERAL MECHANICAL, LLC'; no address corroboration (TX address PO BOX 645, TERRELL TX 75160)"
biz-295,verified,selected,medium,legal,True,False,17411894474,LETSOS COMPANY,PO BOX 36927,HOUSTON,TX,77236,CT,U,0800751451,12/27/2006,A,A,06/12/1953,238990,exact legal name incl. entity suffix: TX 'LETSOS COMPANY'; city only (HOUSTON); street and ZIP differ; only active Texas record with this name statewide; city-level address corroboration
biz-296,review,,low,legal,True,False,32053406891,BLANN'S SEWER & DRAIN SERVICE LLC,177 LCR 407,GROESBECK,TX,76642,CL,U,0801947960,03/08/2014,A,A,03/08/2014,,"exact legal name incl. entity suffix: TX 'BLANN'S SEWER & DRAIN SERVICE LLC'; no address corroboration (TX address 177 LCR 407, GROESBECK TX 76642)"
biz-297,verified,selected,high,legal,True,False,17418159046,"GEORGE PLUMBING CO., INC.",12 BURWOOD LN,SAN ANTONIO,TX,78216,CT,U,0035490500,01/23/1975,A,A,01/23/1975,238221,"exact legal name incl. entity suffix: TX 'GEORGE PLUMBING CO., INC.'; street address corroborates: TX '12 BURWOOD LN, SAN ANTONIO 78216'"
biz-298,verified,selected,medium,legal,True,False,32055939352,"PLATINUM POOL PLUMBING, LLC",5829 W SAM HOUSTON PKWY N STE 1202,HOUSTON,TX,77041,CL,U,0802121177,01/01/2015,A,A,01/01/2015,,"exact legal name incl. entity suffix: TX 'PLATINUM POOL PLUMBING, LLC'; ZIP 77041 corroborates (street differs: TX '5829 W SAM HOUSTON PKWY N STE 1202')"
biz-299,verified,selected,medium,legal,True,False,17427671809,"BOLIN PLUMBING, LTD.",PO BOX 1161,HELOTES,TX,78023,PL,U,0015307610,07/02/2001,A,A,12/27/1995,238220,"exact legal name incl. entity suffix: TX 'BOLIN PLUMBING, LTD.'; ZIP 78023 corroborates (street differs: TX 'PO BOX 1161')"
biz-300,verified,selected,high,legal,True,False,32052541011,"TEXAS BUILT PLUMBING, LLC",5001 NORTH FWY STE 115,FORT WORTH,TX,76106,CL,U,0801887081,11/21/2013,R,A,11/21/2013,,"exact legal name incl. entity suffix: TX 'TEXAS BUILT PLUMBING, LLC'; street address corroborates: TX '5001 NORTH FWY STE 115, FORT WORTH 76106'"
biz-301,verified,selected,medium,legal,True,False,17316826050,"RICH PLUMBING, LLC",PO BOX 150758,AUSTIN,TX,78715,CL,U,0801013876,08/06/2008,A,A,08/06/2008,238220,"exact legal name incl. entity suffix: TX 'RICH PLUMBING, LLC'; city only (AUSTIN); street and ZIP differ; only active Texas record with this name statewide; city-level address corroboration"
biz-302,review,,low,legal,False,True,17420180980,"CENTRAL AIR & HEATING SERVICE, LLC",6771 E OUTLOOK DR,TUCSON,AZ,85756,CL,U,0804205893,08/20/2021,A,A,02/05/1979,238220,"legal name match (entity suffix ignored): TX 'CENTRAL AIR & HEATING SERVICE, LLC'; no address corroboration (TX address 6771 E OUTLOOK DR, TUCSON AZ 85756); entity type differs (PPP 'corp' vs TX 'llc'): possible conversion/successor, charter date may not cover the PPP entity"
biz-303,verified,selected,medium,legal,True,False,17519726198,"A & G PIPING, INC.",651 N BURLESON BLVD,BURLESON,TX,76028,CT,U,0071373800,07/23/1984,A,A,07/23/1984,238222,"exact legal name incl. entity suffix: TX 'A & G PIPING, INC.'; no address corroboration (TX address 651 N BURLESON BLVD, BURLESON TX 76028); address corroborated via DOL Form 5500-SF 2024 ACK 20250312194451NAL0019867905001: sponsor EIN 751972619 (= FEIN in TX taxpayer number), sponsor 'A & G PIPING, INC.' at 3124 WICHITA COURT, FORT WORTH 76140 = PPP borrower address"
biz-304,verified,selected,high,legal,True,False,32042283708,"BRADBURY BROTHERS, LLC",30045 FM 2978 RD,MAGNOLIA,TX,77354,CL,U,0801296351,07/21/2010,A,A,07/21/2010,561790,"exact legal name incl. entity suffix: TX 'BRADBURY BROTHERS, LLC'; street address corroborates: TX '30045 FM 2978 RD, MAGNOLIA 77354'"
biz-306,verified,selected,high,legal,False,True,32042739915,"SCHMIDT MECHANICAL GROUP, LLC",10927 WYE DR STE 102,SAN ANTONIO,TX,78217,CL,U,0804133806,06/25/2021,A,A,09/29/2010,238222,"legal name match (entity suffix ignored): TX 'SCHMIDT MECHANICAL GROUP, LLC'; street address corroborates: TX '10927 WYE DR STE 102, SAN ANTONIO 78217'; entity type differs (PPP 'corp' vs TX 'llc'): possible conversion/successor, charter date may not cover the PPP entity"
biz-307,verified,selected,high,legal,True,False,32043935843,TEXAS MECHANICAL CONTRACTORS LLC,6936 COMMERCE AVE,EL PASO,TX,79915,CL,U,0801404214,03/30/2011,A,A,03/30/2011,,"exact legal name incl. entity suffix: TX 'TEXAS MECHANICAL CONTRACTORS LLC'; street address corroborates: TX '6936 COMMERCE AVE, EL PASO 79915'"
biz-307,verified,,low,address,False,False,32042485675,"TEXAS ELECTRICAL CONTRACTORS, L.L.C.",6936 COMMERCE AVE,EL PASO,TX,79915,CL,U,0801309364,08/24/2010,A,A,08/24/2010,,"same street+ZIP, similar name (token overlap 0.50): TX 'TEXAS ELECTRICAL CONTRACTORS, L.L.C.'; street address corroborates: TX '6936 COMMERCE AVE, EL PASO 79915'"
biz-308,verified,selected,high,legal,False,False,17527949022,"HAWK PLUMBING, HEATING, AND AIR CONDITIONING, INC.",8506 SPRING ST,FORT WORTH,TX,76179,CT,U,0151426900,12/07/1998,A,A,12/07/1998,238221,"legal name match (entity suffix ignored): TX 'HAWK PLUMBING, HEATING, AND AIR CONDITIONING, INC.'; street address corroborates: TX '8506 SPRING ST, FORT WORTH 76179'"
biz-309,verified,selected,medium,legal,True,False,17525491290,"DUNCAN HEATING AND AIR CONDITIONING, INC.",PO BOX 65018,LUBBOCK,TX,79464,CT,U,0130810700,04/05/1994,A,A,04/05/1994,811000,"exact legal name incl. entity suffix: TX 'DUNCAN HEATING AND AIR CONDITIONING, INC.'; city only (LUBBOCK); street and ZIP differ; only active Texas record with this name statewide; city-level address corroboration"
biz-310,verified,selected,medium,legal,True,False,32035351249,"TEXAS RRL, LTD.",PO BOX 381822,DUNCANVILLE,TX,75138,PL,U,0800531561,08/15/2005,R,A,01/01/2008,,"exact legal name incl. entity suffix: TX 'TEXAS RRL, LTD.'; city only (DUNCANVILLE); street and ZIP differ; only active Texas record with this name statewide; city-level address corroboration"
biz-312,verified,selected,high,legal,True,False,32043000952,"TEXAS PLUMBING CONTRACTORS, LLC",6936 COMMERCE AVE,EL PASO,TX,79915,CL,U,0801341096,11/09/2010,A,A,11/09/2010,,"exact legal name incl. entity suffix: TX 'TEXAS PLUMBING CONTRACTORS, LLC'; street address corroborates: TX '6936 COMMERCE AVE, EL PASO 79915'"
biz-312,verified,,low,address,False,False,32042485675,"TEXAS ELECTRICAL CONTRACTORS, L.L.C.",6936 COMMERCE AVE,EL PASO,TX,79915,CL,U,0801309364,08/24/2010,A,A,08/24/2010,,"same street+ZIP, similar name (token overlap 0.50): TX 'TEXAS ELECTRICAL CONTRACTORS, L.L.C.'; street address corroborates: TX '6936 COMMERCE AVE, EL PASO 79915'"
biz-313,review,,low,legal,True,False,17417667387,"E. L. SMITH PLUMBING & HEATING, INC.",308 CALADIUM DR,CASTLE HILLS,TX,78213,CT,U,0032350300,04/24/1973,A,A,04/24/1973,238221,"exact legal name incl. entity suffix: TX 'E. L. SMITH PLUMBING & HEATING, INC.'; no address corroboration (TX address 308 CALADIUM DR, CASTLE HILLS TX 78213)"
biz-315,verified,selected,high,legal,True,False,32064151932,WELCH HVAC INCORPORATED,118 LYNN AVE STE 800,LEWISVILLE,TX,75057,CT,U,0802753293,06/24/2017,A,A,06/24/2017,,"exact legal name incl. entity suffix: TX 'WELCH HVAC INCORPORATED'; street address corroborates: TX '118 LYNN AVE STE 800, LEWISVILLE 75057'"
biz-316,review,,low,legal,False,True,17529139952,"AMC SERVICES, LLC",1501 S LOOP 288 STE 104 C/O 179,DENTON,TX,76205,CL,U,0806748059,08/14/2026,A,A,12/14/2000,238220,"legal name match (entity suffix ignored): TX 'AMC SERVICES, LLC'; no address corroboration (TX address 1501 S LOOP 288 STE 104 C/O 179, DENTON TX 76205); entity type differs (PPP 'corp' vs TX 'llc'): possible conversion/successor, charter date may not cover the PPP entity"
biz-317,verified,selected,high,legal,True,False,17417395658,"YOUNG & PRATT, INC.",12822 OLD KIMBRO RD,MANOR,TX,78653,CT,U,0031716000,12/27/1972,A,A,12/27/1972,238222,"exact legal name incl. entity suffix: TX 'YOUNG & PRATT, INC.'; street address corroborates: TX '12822 OLD KIMBRO RD, MANOR 78653'"
biz-318,verified,selected,medium,legal,True,False,32040869243,"E AND E AIR CONDITIONING, INC.",PO BOX 451469,LAREDO,TX,78045,CT,U,0801207925,12/21/2009,A,A,12/21/2009,238220,"exact legal name incl. entity suffix: TX 'E AND E AIR CONDITIONING, INC.'; ZIP 78045 corroborates (street differs: TX 'PO BOX 451469')"
biz-319,verified,selected,high,legal,True,False,17524750092,"NATIONAL NETWORK SERVICES, INC.",389 W ROCK ISLAND RD,GRAND PRAIRIE,TX,75050,CT,U,0121312700,11/21/1991,R,A,11/21/1991,238222,"exact legal name incl. entity suffix: TX 'NATIONAL NETWORK SERVICES, INC.'; street address corroborates: TX '389 W ROCK ISLAND RD, GRAND PRAIRIE 75050'"
biz-319,verified,,low,legal,False,True,32073970967,"NATIONAL NETWORK SERVICES, LLC",5511 VIRGINIA WAY STE 333,BRENTWOOD,TN,37027,CI,V,0803820410,11/03/2020,R,A,03/02/2020,,"legal name match (entity suffix ignored): TX 'NATIONAL NETWORK SERVICES, LLC'; no address corroboration (TX address 5511 VIRGINIA WAY STE 333, BRENTWOOD TN 37027); entity type differs (PPP 'corp' vs TX 'llc'): possible conversion/successor, charter date may not cover the PPP entity"
biz-321,review,,low,legal,False,True,32104544948,DJR LLC,1341 CAJUN ST,ODESSA,TX,79765,CL,U,0806455172,02/20/2026,A,A,02/20/2026,,"legal name match (entity suffix ignored): TX 'DJR LLC'; no address corroboration (TX address 1341 CAJUN ST, ODESSA TX 79765); entity type differs (PPP 'corp' vs TX 'llc'): possible conversion/successor, charter date may not cover the PPP entity"
biz-322,verified,selected,medium,legal,True,False,15623317755,"RAMZEL CONSTRUCTION, INC.",PO BOX 33966,SAN ANTONIO,TX,78265,CT,U,0121678100,01/06/1992,A,A,01/06/1992,812990,"exact legal name incl. entity suffix: TX 'RAMZEL CONSTRUCTION, INC.'; city only (SAN ANTONIO); street and ZIP differ; only active Texas record with this name statewide; city-level address corroboration"
biz-323,verified,selected,medium,legal,True,False,17414773055,"FOX & HEARN, INC.",PO BOX 17065,AUSTIN,TX,78760,CT,U,0019888300,12/18/1963,A,A,12/18/1963,238222,"exact legal name incl. entity suffix: TX 'FOX & HEARN, INC.'; city only (AUSTIN); street and ZIP differ; only active Texas record with this name statewide; city-level address corroboration"
biz-324,verified,selected,medium,legal,False,False,17417498221,"MISSION PLUMBING, HEATING AND AIR CONDITIONING CO.",PO BOX 782169,SAN ANTONIO,TX,78278,CT,U,0032153700,03/20/1973,A,A,03/20/1973,238000,"legal name match (entity suffix ignored): TX 'MISSION PLUMBING, HEATING AND AIR CONDITIONING CO.'; city only (SAN ANTONIO); street and ZIP differ; address corroborated via DOL Form 5500-SF 2024 ACK 20250722164532NAL0006679762001: sponsor EIN 741749822 (= FEIN in TX taxpayer number), sponsor 'MISSION PLUMBING, HEATING AND AIR CONDITIONING CO., INC.' at 15440 TRADESMAN DRIVE, SAN ANTONIO 78249 = PPP borrower address"
biz-325,review,,low,legal,False,True,17429654795,"SERVICE WIZARD, LLC",PO BOX 202485,AUSTIN,TX,78720,CL,U,0804807783,11/09/2022,R,A,07/14/2000,238221,"legal name match (entity suffix ignored): TX 'SERVICE WIZARD, LLC'; city only (AUSTIN); street and ZIP differ; entity type differs (PPP 'corp' vs TX 'llc'): possible conversion/successor, charter date may not cover the PPP entity"
biz-326,review,,low,legal,False,False,32040376462,STAR AC SUPPLY LLC,2407 CENTENNIAL DR,ARLINGTON,TX,76011,CL,U,0801175183,09/28/2009,A,A,09/28/2009,423730,legal name match (entity suffix ignored): TX 'STAR AC SUPPLY LLC'; ZIP 76011 corroborates (street differs: TX '2407 CENTENNIAL DR')
biz-327,review,,low,legal,False,True,17603953104,"ARCHIMEDES, LLC",10644 W LITTLE YORK RD STE 200,HOUSTON,TX,77041,CL,U,0804205711,08/19/2021,A,A,03/12/1993,238220,"legal name match (entity suffix ignored): TX 'ARCHIMEDES, LLC'; city only (HOUSTON); street and ZIP differ; entity type differs (PPP 'corp' vs TX 'llc'): possible conversion/successor, charter date may not cover the PPP entity"
biz-328,verified,selected,medium,legal,True,False,32051533977,"AIR 817, INC.",6001 DENTON HWY,HALTOM CITY,TX,76148,CT,U,0801818972,07/18/2013,A,A,07/18/2013,238220,"exact legal name incl. entity suffix: TX 'AIR 817, INC.'; ZIP 76148 corroborates (street differs: TX '6001 DENTON HWY')"
biz-329,review,,low,address,False,False,32042583875,"GOODE BRO'S HEATING & AIR CONDITIONING, INC.",PO BOX 603,WHITE OAK,TX,75693,CT,U,0801314746,09/07/2010,A,A,09/07/2010,,"same street+ZIP, similar name (token overlap 0.57): TX 'GOODE BRO'S HEATING & AIR CONDITIONING, INC.'; street address corroborates: TX 'PO BOX 603, WHITE OAK 75693'"
biz-330,verified,selected,medium,legal,True,False,17428821783,"C.A.W. HVAC, INC.",PO BOX 508,ALICE,TX,78333,CT,U,0149333900,06/08/1998,A,A,06/08/1998,238222,"exact legal name incl. entity suffix: TX 'C.A.W. HVAC, INC.'; city only (ALICE); street and ZIP differ; only active Texas record with this name statewide; city-level address corroboration"
biz-331,review,,low,legal,False,False,17517458042,"GARLAND HEATING AND AIR CONDITIONING COMPANY, INC.",5323 SPRING VALLEY RD STE 350,DALLAS,TX,75254,CT,U,0055391000,03/16/1981,A,A,03/16/1981,238220,"legal name match (entity suffix ignored): TX 'GARLAND HEATING AND AIR CONDITIONING COMPANY, INC.'; no address corroboration (TX address 5323 SPRING VALLEY RD STE 350, DALLAS TX 75254)"
biz-332,review,,low,legal,True,False,17426952028,"BEYER PLUMBING COMPANY, LTD.",17197 BEYER JOHN DR,SELMA,TX,78154,PL,U,0012973310,01/01/2000,A,A,12/29/1993,238220,"exact legal name incl. entity suffix: TX 'BEYER PLUMBING COMPANY, LTD.'; no address corroboration (TX address 17197 BEYER JOHN DR, SELMA TX 78154)"
biz-333,verified,selected,high,legal,True,False,32065783048,"ENTECH HOLDINGS, INC.",3404 GARDEN BROOK DR,DALLAS,TX,75234,CF,V,0802894153,12/29/2017,A,A,12/29/2017,,"exact legal name incl. entity suffix: TX 'ENTECH HOLDINGS, INC.'; street address corroborates: TX '3404 GARDEN BROOK DR, DALLAS 75234'"
biz-334,verified,selected,high,legal,False,False,17519075067,F. G. HAGGERTY COMPANY,1318 HATTON RD,WICHITA FALLS,TX,76302,CT,U,0066495500,07/25/1983,A,A,07/25/1983,238222,"legal name match (entity suffix ignored): TX 'F. G. HAGGERTY COMPANY'; street address corroborates: TX '1318 HATTON RD, WICHITA FALLS 76302'"
biz-334,verified,,low,address,False,False,32051704750,"F. G. HAGGERTY FABRICATION, LLC",1318 HATTON RD,WICHITA FALLS,TX,76302,CL,U,0801830429,08/08/2013,A,A,08/08/2013,,"same street+ZIP, similar name (token overlap 0.67): TX 'F. G. HAGGERTY FABRICATION, LLC'; street address corroborates: TX '1318 HATTON RD, WICHITA FALLS 76302'"
biz-334,verified,,low,address,False,False,32103854546,"FG HAGGERTY E.P., LLC",1318 HATTON RD,WICHITA FALLS,TX,76302,CL,U,0806391333,01/08/2026,A,A,01/08/2026,,"same street+ZIP, similar name (token overlap 0.67): TX 'FG HAGGERTY E.P., LLC'; street address corroborates: TX '1318 HATTON RD, WICHITA FALLS 76302'"
biz-336,verified,selected,medium,legal,True,False,17523225278,"TEXAS WATER MASTER, INC.",PO BOX 5451,ABILENE,TX,79608,CT,U,0114644000,03/19/1990,A,A,03/19/1990,812310,"exact legal name incl. entity suffix: TX 'TEXAS WATER MASTER, INC.'; city only (ABILENE); street and ZIP differ; only active Texas record with this name statewide; city-level address corroboration"
biz-337,review,,low,legal,False,True,12003737827,"TEXAIR, LLC",PO BOX 233,HEREFORD,TX,79045,CI,V,0802726156,05/19/2017,A,A,07/16/2004,814110,"legal name match (entity suffix ignored): TX 'TEXAIR, LLC'; no address corroboration (TX address PO BOX 233, HEREFORD TX 79045); entity type differs (PPP 'corp' vs TX 'llc'): possible conversion/successor, charter date may not cover the PPP entity"
biz-337,review,,low,legal,False,False,17411633724,TEXAIR COMPANY,2201 W EXPRESSWAY 83,MCALLEN,TX,78503,CT,U,0010998500,03/31/1952,A,A,03/31/1952,238222,legal name match (entity suffix ignored): TX 'TEXAIR COMPANY'; city only (MCALLEN); street and ZIP differ
biz-338,verified,selected,medium,legal,True,False,17105103489,"C A C ENTERPRISES, INC.",450 S KINGS HWY,TEXARKANA,TX,75501,CT,U,0044650300,09/05/1978,A,A,09/05/1978,238221,"exact legal name incl. entity suffix: TX 'C A C ENTERPRISES, INC.'; ZIP 75501 corroborates (street differs: TX '450 S KINGS HWY')"
biz-338,verified,,low,legal,True,False,32050935363,C-A-C ENTERPRISES INC.,PO BOX 85,JARALES,NM,87023,CF,X,,,,A,05/10/2013,,"exact legal name incl. entity suffix: TX 'C-A-C ENTERPRISES INC.'; no address corroboration (TX address PO BOX 85, JARALES NM 87023)"
biz-339,verified,selected,high,legal,True,False,17316253040,"BEST PLUMBING, L.L.C.",7802 FARNSWORTH ST,HOUSTON,TX,77022,CL,U,0800046849,01/17/2002,A,A,01/17/2002,238222,"exact legal name incl. entity suffix: TX 'BEST PLUMBING, L.L.C.'; street address corroborates: TX '7802 FARNSWORTH ST, HOUSTON 77022'"
biz-341,verified,selected,high,legal,True,False,12616442443,"HOLTS MECHANICAL, LTD.",5522 RITTIMAN RD,SAN ANTONIO,TX,78218,PL,U,0800915139,01/01/2008,A,A,01/01/2008,,"exact legal name incl. entity suffix: TX 'HOLTS MECHANICAL, LTD.'; street address corroborates: TX '5522 RITTIMAN RD, SAN ANTONIO 78218'"
biz-342,review,,low,legal,False,False,17603482591,"HCB MECHANICAL, INCORPORATED",PO BOX 1779,CYPRESS,TX,77410,CT,U,0120375400,08/22/1991,A,A,08/22/1991,238220,"legal name match (entity suffix ignored): TX 'HCB MECHANICAL, INCORPORATED'; no address corroboration (TX address PO BOX 1779, CYPRESS TX 77410)"
biz-343,verified,selected,high,legal,False,True,32079619121,"CAPSTONE MECHANICAL, LLC",7100 IMPERIAL DR,WACO,TX,76712,CI,V,0804105775,06/08/2021,A,A,06/08/2021,,"legal name match (entity suffix ignored): TX 'CAPSTONE MECHANICAL, LLC'; street address corroborates: TX '7100 IMPERIAL DR, WACO 76712'; entity type differs (PPP 'partnership' vs TX 'llc'): possible conversion/successor, charter date may not cover the PPP entity"
biz-344,review,,low,address,False,False,17418594291,S AND B AIR-CONDITIONING AND PLUMBING SERVICES OF,12806 E BOURNEWOOD DR,SUGAR LAND,TX,77478,CT,U,0037968300,04/22/1976,A,A,04/22/1976,238221,"same street+ZIP, similar name (token overlap 0.89): TX 'S AND B AIR-CONDITIONING AND PLUMBING SERVICES OF'; street address corroborates: TX '12806 E BOURNEWOOD DR, SUGAR LAND 77478'"
biz-345,verified,selected,high,legal,True,False,32059372402,"DISCOVERY PLUMBING SOLUTIONS, INC.",12902 HAYNES RD STE D,HOUSTON,TX,77066,CT,U,0802375668,01/22/2016,A,A,01/22/2016,,"exact legal name incl. entity suffix: TX 'DISCOVERY PLUMBING SOLUTIONS, INC.'; street address corroborates: TX '12902 HAYNES RD STE D, HOUSTON 77066'"
biz-345,verified,,low,address,False,False,32092196073,"DISCOVERY PLUMBING SOLUTIONS HOLDING SERVICES, INC",12902 HAYNES RD STE D,HOUSTON,TX,77066,CT,U,0805277144,10/24/2023,A,A,10/24/2023,,"same street+ZIP, similar name (token overlap 0.60): TX 'DISCOVERY PLUMBING SOLUTIONS HOLDING SERVICES, INC'; street address corroborates: TX '12902 HAYNES RD STE D, HOUSTON 77066'"
biz-345,verified,,low,address,False,False,32092196164,"DISCOVERY PLUMBING SOLUTIONS LEASING, LLC",12902 HAYNES RD STE D,HOUSTON,TX,77066,CL,U,0805277131,10/24/2023,A,A,10/24/2023,,"same street+ZIP, similar name (token overlap 0.75): TX 'DISCOVERY PLUMBING SOLUTIONS LEASING, LLC'; street address corroborates: TX '12902 HAYNES RD STE D, HOUSTON 77066'"
biz-346,verified,selected,high,legal,True,False,17416093825,"ROESSLER EQUIPMENT COMPANY, INC.",5805 SCHUMACHER LN,HOUSTON,TX,77057,CT,U,0024998000,08/01/1968,A,A,08/01/1968,423730,"exact legal name incl. entity suffix: TX 'ROESSLER EQUIPMENT COMPANY, INC.'; street address corroborates: TX '5805 SCHUMACHER LN, HOUSTON 77057'"
biz-348,verified,selected,medium,legal,True,False,32050679714,BACON PLUMBING INC,2055 KRISTY LN,ROCKWALL,TX,75032,CT,U,0801765799,04/10/2013,A,A,04/10/2013,238220,exact legal name incl. entity suffix: TX 'BACON PLUMBING INC'; ZIP 75032 corroborates (street differs: TX '2055 KRISTY LN')
biz-349,review,,low,legal,True,False,17426337089,"ACCENT PLUMBING, INC.",1141 FM 1660,HUTTO,TX,78634,CT,U,0123100700,05/11/1992,R,A,05/11/1992,,"exact legal name incl. entity suffix: TX 'ACCENT PLUMBING, INC.'; no address corroboration (TX address 1141 FM 1660, HUTTO TX 78634)"
biz-350,verified,selected,high,legal,True,False,16511631059,"AINSWORTH AIR, L.P.",905 W ARCHER RD,BAYTOWN,TX,77521,PL,U,0800594039,12/31/2005,R,A,12/09/2002,238220,"exact legal name incl. entity suffix: TX 'AINSWORTH AIR, L.P.'; street address corroborates: TX '905 W ARCHER RD, BAYTOWN 77521'"
biz-352,verified,selected,medium,legal,True,False,17602364527,"THERMACON SERVICE COMPANY, INC.",PO BOX 7826,BEAUMONT,TX,77726,CT,U,0104823500,11/30/1987,A,A,11/30/1987,238222,"exact legal name incl. entity suffix: TX 'THERMACON SERVICE COMPANY, INC.'; city only (BEAUMONT); street and ZIP differ; only active Texas record with this name statewide; city-level address corroboration"
biz-354,review,,low,legal,True,False,32072151999,"HILL COUNTRY PRO HVAC, CORP",15511 W HIGHWAY 71 STE 110-307,AUSTIN,TX,78738,CT,U,0803437286,10/04/2019,A,A,10/04/2019,,"exact legal name incl. entity suffix: TX 'HILL COUNTRY PRO HVAC, CORP'; no address corroboration (TX address 15511 W HIGHWAY 71 STE 110-307, AUSTIN TX 78738)"
biz-354,review,,low,dba,False,False,14108546830,GEMINI INCORPORATED,103 MENSING WAY,CANNON FALLS,MN,55009,CF,V,0006874006,03/20/1986,A,A,03/20/1986,326199,"TX legal name 'GEMINI INCORPORATED' equals DBA documented in SBA BorrowerName; no address corroboration (TX address 103 MENSING WAY, CANNON FALLS MN 55009)"
biz-355,verified,selected,medium,legal,True,False,17522127228,"HARDIN PLUMBING CO., INC.",109 INDUSTRIAL DR,KERRVILLE,TX,78028,CT,U,0105258500,01/14/1988,A,A,01/14/1988,236220,"exact legal name incl. entity suffix: TX 'HARDIN PLUMBING CO., INC.'; ZIP 78028 corroborates (street differs: TX '109 INDUSTRIAL DR')"
biz-357,verified,selected,high,legal,True,False,17606128985,"DERRYBERRY'S, L.P.",2203 W CEDAR BAYOU LYNCHBURG RD,BAYTOWN,TX,77521,PL,U,0012275810,07/27/1999,A,A,01/01/2008,,"exact legal name incl. entity suffix: TX 'DERRYBERRY'S, L.P.'; street address corroborates: TX '2203 W CEDAR BAYOU LYNCHBURG RD, BAYTOWN 77521'; preferred over same-address namesake(s) with a different entity suffix"
biz-357,verified,,high,legal,False,True,17429249240,DERRYBERRY'S INC,2203 W CEDAR BAYOU LYNCHBURG RD,BAYTOWN,TX,77521,CF,X,,,,A,01/01/2011,,"legal name match (entity suffix ignored): TX 'DERRYBERRY'S INC'; street address corroborates: TX '2203 W CEDAR BAYOU LYNCHBURG RD, BAYTOWN 77521'; entity type differs (PPP 'partnership' vs TX 'corp'): possible conversion/successor, charter date may not cover the PPP entity"
biz-357,verified,,low,address,False,False,32001692329,"DERRYBERRY'S INTERESTS, INC.",2203 W CEDAR BAYOU LYNCHBURG RD,BAYTOWN,TX,77521,CT,U,0154375200,07/23/1999,A,A,07/23/1999,,"same street+ZIP, similar name (token overlap 0.50): TX 'DERRYBERRY'S INTERESTS, INC.'; street address corroborates: TX '2203 W CEDAR BAYOU LYNCHBURG RD, BAYTOWN 77521'"
biz-358,review,,low,legal,True,False,32106969473,"AXIOM SERVICES, LLC",5900 BALCONES DR STE 32170,AUSTIN,TX,78731,CL,U,0806684792,07/06/2026,A,A,07/06/2026,,"exact legal name incl. entity suffix: TX 'AXIOM SERVICES, LLC'; no address corroboration (TX address 5900 BALCONES DR STE 32170, AUSTIN TX 78731)"
biz-360,review,,low,legal,False,False,32051315623,"MISSION A/C HOME SERVICES, L.L.C.",1630 ELMVIEW DR,HOUSTON,TX,77080,CL,U,0801806200,06/21/2013,A,A,06/21/2013,238220,"legal name match (entity suffix ignored): TX 'MISSION A/C HOME SERVICES, L.L.C.'; city only (HOUSTON); street and ZIP differ"
biz-361,verified,selected,high,legal,False,False,32088342541,A&L SHEET METAL LLC,3413 ROYALTY ROW,IRVING,TX,75062,CL,U,0804919922,02/09/2023,A,A,02/09/2023,,"legal name match (entity suffix ignored): TX 'A&L SHEET METAL LLC'; street address corroborates: TX '3413 ROYALTY ROW, IRVING 75062'"
biz-362,verified,selected,high,legal,True,False,32043364234,SC PLUMBING COMPANY,10400 RODGERS RD,HOUSTON,TX,77070,CT,U,0801367460,01/10/2011,R,A,01/10/2011,,"exact legal name incl. entity suffix: TX 'SC PLUMBING COMPANY'; street address corroborates: TX '10400 RODGERS RD, HOUSTON 77070'"
biz-363,verified,selected,medium,legal,True,False,12015069995,"PANHANDLE FIRE PROTECTION, LLC",PO BOX 8877,AMARILLO,TX,79114,CL,U,0800378145,08/17/2004,A,A,08/17/2004,238990,"exact legal name incl. entity suffix: TX 'PANHANDLE FIRE PROTECTION, LLC'; city only (AMARILLO); street and ZIP differ; only active Texas record with this name statewide; city-level address corroboration"
biz-364,verified,selected,medium,legal,True,False,17522330699,"B & W ENTERPRISES, INC.",PO BOX 2214,PAMPA,TX,79066,CT,U,0107882200,05/31/1988,A,A,05/31/1988,238222,"exact legal name incl. entity suffix: TX 'B & W ENTERPRISES, INC.'; city only (PAMPA); street and ZIP differ; only active Texas record with this name statewide; city-level address corroboration"
biz-365,review,,low,legal,True,False,32058239024,"SOUTH COAST INDUSTRIES, LLC",9205 EAGLE DR STE 300-512,MONT BELVIEU,TX,77523,CL,U,0802288581,09/08/2015,A,A,09/08/2015,,"exact legal name incl. entity suffix: TX 'SOUTH COAST INDUSTRIES, LLC'; no address corroboration (TX address 9205 EAGLE DR STE 300-512, MONT BELVIEU TX 77523)"
biz-367,verified,selected,medium,legal,True,False,17525562280,"AIRMASTERS HEATING & AIR CONDITIONING, INC.",PO BOX 2015,CLEBURNE,TX,76033,CT,U,0132488600,08/31/1994,A,A,08/31/1994,238220,"exact legal name incl. entity suffix: TX 'AIRMASTERS HEATING & AIR CONDITIONING, INC.'; ZIP 76033 corroborates (street differs: TX 'PO BOX 2015')"
biz-368,review,,low,legal,False,False,17602205787,COASTAL SPRINKLER CO. INC.,13691 ROLLINS RD,WINNIE,TX,77665,CT,U,0103762200,05/08/1987,A,A,05/08/1987,238000,"legal name match (entity suffix ignored): TX 'COASTAL SPRINKLER CO. INC.'; no address corroboration (TX address 13691 ROLLINS RD, WINNIE TX 77665)"
biz-370,verified,selected,medium,legal,True,False,32058448070,PARAMOUNT PLUMBING LLC,6715 CORPORATION PKWY STE D,FORT WORTH,TX,76126,CL,U,0802302563,09/29/2015,A,A,09/29/2015,238220,exact legal name incl. entity suffix: TX 'PARAMOUNT PLUMBING LLC'; city only (FORT WORTH); street and ZIP differ; only active Texas record with this name statewide; city-level address corroboration
biz-371,verified,selected,high,legal,True,False,32018843782,KG RICH HEATING & AIR INC.,145 SHELTON ST,ABILENE,TX,79603,CT,U,0800594576,01/03/2006,A,A,01/03/2006,238220,"exact legal name incl. entity suffix: TX 'KG RICH HEATING & AIR INC.'; street address corroborates: TX '145 SHELTON ST, ABILENE 79603'"
biz-372,review,,low,legal,True,False,32068696585,MAVERICK PLUMBING AND UTILITIES LLC,9900 SPECTRUM DR,AUSTIN,TX,78717,CL,U,0803144602,10/18/2018,A,A,10/18/2018,,"exact legal name incl. entity suffix: TX 'MAVERICK PLUMBING AND UTILITIES LLC'; no address corroboration (TX address 9900 SPECTRUM DR, AUSTIN TX 78717)"
biz-373,verified,selected,high,legal,True,False,12005519546,"MEYER HEATING & AIR CONDITIONING, INC.",258 DEBORAH DR,NEW BRAUNFELS,TX,78130,CT,U,0800287766,01/02/2004,A,A,01/02/2004,238221,"exact legal name incl. entity suffix: TX 'MEYER HEATING & AIR CONDITIONING, INC.'; street address corroborates: TX '258 DEBORAH DR, NEW BRAUNFELS 78130'"
biz-374,verified,selected,medium,legal,True,False,17600640985,"M.A.C. MECHANICAL PLUMBING, LLC",PO BOX 40367,HOUSTON,TX,77240,CL,U,0803369498,07/16/2019,A,A,06/17/1983,238220,"exact legal name incl. entity suffix: TX 'M.A.C. MECHANICAL PLUMBING, LLC'; city only (HOUSTON); street and ZIP differ; only active Texas record with this name statewide; city-level address corroboration"
biz-375,verified,selected,high,legal,True,False,12602337615,HAL WATSON AIR CONDITIONING COMPANY,518 ALANA LN,SPRING,TX,77386,CT,U,0800820389,05/24/2007,A,A,05/24/2007,,"exact legal name incl. entity suffix: TX 'HAL WATSON AIR CONDITIONING COMPANY'; street address corroborates: TX '518 ALANA LN, SPRING 77386'"
biz-378,verified,selected,medium,legal,True,False,32019528127,"ENCORE MECHANICAL, LLC",1597 HART ST,SOUTHLAKE,TX,76092,CL,U,0800638274,04/06/2006,A,A,04/06/2006,238220,"exact legal name incl. entity suffix: TX 'ENCORE MECHANICAL, LLC'; ZIP 76092 corroborates (street differs: TX '1597 HART ST')"
biz-379,verified,selected,high,legal,True,False,17606414542,CRAIG MECHANICAL INC.,1900 ALDINE WESTERN RD,HOUSTON,TX,77038,CT,U,0158129500,05/04/2000,A,A,05/04/2000,238000,"exact legal name incl. entity suffix: TX 'CRAIG MECHANICAL INC.'; street address corroborates: TX '1900 ALDINE WESTERN RD, HOUSTON 77038'"
biz-380,verified,selected,medium,legal,True,False,17526149442,"HERNDON/MCFARLAND, INC.",PO BOX 1541,ADDISON,TX,75001,CT,U,0137247800,10/09/1995,A,A,10/09/1995,238000,"exact legal name incl. entity suffix: TX 'HERNDON/MCFARLAND, INC.'; ZIP 75001 corroborates (street differs: TX 'PO BOX 1541')"
biz-381,verified,selected,medium,legal,True,False,17528682341,"TRAVIS MECHANICAL, LLC",2400 TARPLEY RD,CARROLLTON,TX,75006,CL,U,0706542822,03/17/2000,A,A,03/17/2000,238221,"exact legal name incl. entity suffix: TX 'TRAVIS MECHANICAL, LLC'; ZIP 75006 corroborates (street differs: TX '2400 TARPLEY RD')"
biz-382,verified,selected,high,legal,True,False,32041717094,"MCCAW CABINETRY, LLC",1430 NALL ST,PORT NECHES,TX,77651,CL,U,0801260745,04/23/2010,A,A,04/23/2010,,"exact legal name incl. entity suffix: TX 'MCCAW CABINETRY, LLC'; street address corroborates: TX '1430 NALL ST, PORT NECHES 77651'"
biz-383,verified,selected,high,legal,True,False,12032390606,"THE COMFLOW COMPANY, LLC",6411 LAWFORD LN,HOUSTON,TX,77040,CL,U,0800525993,08/02/2005,A,A,08/02/2005,238220,"exact legal name incl. entity suffix: TX 'THE COMFLOW COMPANY, LLC'; street address corroborates: TX '6411 LAWFORD LN, HOUSTON 77040'"
biz-385,verified,selected,medium,legal,True,False,17606674129,"RDI MECHANICAL, INC.",23106 TOMBALL PKWY,TOMBALL,TX,77375,CT,U,0160490800,11/15/2000,A,A,11/15/2000,811000,"exact legal name incl. entity suffix: TX 'RDI MECHANICAL, INC.'; no address corroboration (TX address 23106 TOMBALL PKWY, TOMBALL TX 77375); address corroborated via DOL Form 5500-SF 2024 ACK 20250216215749NAL0000863617001: sponsor EIN 760667412 (= FEIN in TX taxpayer number), sponsor 'RDI MECHANICAL, INC.' at 7150 BREEN, HOUSTON 77086 = PPP borrower address"
biz-386,verified,selected,high,legal,True,False,32018103757,ESPERANZA VENTURES CORPORATION,421 SCHREINER ST,KERRVILLE,TX,78028,CT,U,0800538861,08/31/2005,A,A,08/31/2005,238220,"exact legal name incl. entity suffix: TX 'ESPERANZA VENTURES CORPORATION'; street address corroborates: TX '421 SCHREINER ST, KERRVILLE 78028'"
biz-387,review,,low,legal,True,False,32053198050,"HOUSTON AIR REPAIR, LLC",1250 W OAKDALE RD,GRAND PRAIRIE,TX,75050,CL,U,0801933411,02/13/2014,A,A,02/13/2014,,"exact legal name incl. entity suffix: TX 'HOUSTON AIR REPAIR, LLC'; no address corroboration (TX address 1250 W OAKDALE RD, GRAND PRAIRIE TX 75050)"
biz-388,verified,selected,medium,legal,True,False,17512315841,"HOUK AIR CONDITIONING, INC.",1250 W OAKDALE RD,GRAND PRAIRIE,TX,75050,CT,U,0022694800,08/02/1966,A,A,08/02/1966,238220,"exact legal name incl. entity suffix: TX 'HOUK AIR CONDITIONING, INC.'; no address corroboration (TX address 1250 W OAKDALE RD, GRAND PRAIRIE TX 75050); address corroborated via DOL Form 5500 2024 ACK 20251014133031NAL0003031217001: sponsor EIN 751231584 (= FEIN in TX taxpayer number), sponsor 'HOUK AIR CONDITIONING, INC.' at 833 111TH STREET, ARLINGTON 76011 = PPP borrower address"
biz-389,verified,selected,high,legal,True,False,17424423998,"CLARKE KENT PLUMBING, INC.",1408 W BEN WHITE BLVD,AUSTIN,TX,78704,CT,U,0101924400,12/04/1986,A,A,12/04/1986,238221,"exact legal name incl. entity suffix: TX 'CLARKE KENT PLUMBING, INC.'; street address corroborates: TX '1408 W BEN WHITE BLVD, AUSTIN 78704'"
biz-390,verified,selected,medium,legal,True,False,32020102003,"COMMERCIAL VENTILATION SERVICES, LLC",PO BOX 591158,HOUSTON,TX,77259,CL,U,0800674474,06/28/2006,R,A,06/28/2006,541990,"exact legal name incl. entity suffix: TX 'COMMERCIAL VENTILATION SERVICES, LLC'; city only (HOUSTON); street and ZIP differ; only active Texas record with this name statewide; city-level address corroboration"
biz-391,review,,low,legal,True,False,32016648043,"KENNEDALE/MANSFIELD PLUMBING, INC.",211 E CRINER ST,GRANDVIEW,TX,76050,CT,U,0800446731,01/28/2005,A,A,01/28/2005,,"exact legal name incl. entity suffix: TX 'KENNEDALE/MANSFIELD PLUMBING, INC.'; no address corroboration (TX address 211 E CRINER ST, GRANDVIEW TX 76050)"
biz-392,review,,low,legal,True,False,17410494797,"GREGORY-EDWARDS, INC.",PO BOX 801647,HOUSTON,TX,77280,CT,U,0008806100,08/20/1946,A,A,08/20/1946,238222,"exact legal name incl. entity suffix: TX 'GREGORY-EDWARDS, INC.'; city only (HOUSTON); street and ZIP differ"
biz-392,review,,low,legal,False,True,32062377869,"GREGORY EDWARDS, LLC",400 VIRGINIA AVE SW STE C120,WASHINGTON,DC,20024,CI,V,0802610007,01/01/2017,A,A,01/01/2017,541990,"legal name match (entity suffix ignored): TX 'GREGORY EDWARDS, LLC'; no address corroboration (TX address 400 VIRGINIA AVE SW STE C120, WASHINGTON DC 20024); entity type differs (PPP 'corp' vs TX 'llc'): possible conversion/successor, charter date may not cover the PPP entity"
biz-395,review,,low,legal,True,False,17512194865,"TIMBERLAKE & DICKSON, INC.",PO BOX 551667,DALLAS,TX,75355,CT,U,0021124900,02/26/1965,A,A,02/26/1965,423730,"exact legal name incl. entity suffix: TX 'TIMBERLAKE & DICKSON, INC.'; no address corroboration (TX address PO BOX 551667, DALLAS TX 75355)"
biz-397,verified,selected,high,legal,True,False,17600504629,"MADDUX COMFORT CONTROL, INC.",6734 RUPLEY CIR,HOUSTON,TX,77087,CT,U,0064390700,02/18/1983,A,A,02/18/1983,443141,"exact legal name incl. entity suffix: TX 'MADDUX COMFORT CONTROL, INC.'; street address corroborates: TX '6734 RUPLEY CIR, HOUSTON 77087'"
biz-398,verified,selected,high,legal,True,False,17522263072,"A/C CONTRACTORS, LLC",3830 GILMER RD,LONGVIEW,TX,75604,CL,U,0800802325,04/17/2007,A,A,03/24/1988,238210,"exact legal name incl. entity suffix: TX 'A/C CONTRACTORS, LLC'; street address corroborates: TX '3830 GILMER RD, LONGVIEW 75604'"
biz-399,review,,low,legal,True,False,32087111756,REFRIGERATED WAREHOUSE CONSTRUCTION CO. LLC,370 WABASHA ST N STE 700,SAINT PAUL,MN,55102,CI,V,0804809402,11/09/2022,A,A,11/09/2022,,"exact legal name incl. entity suffix: TX 'REFRIGERATED WAREHOUSE CONSTRUCTION CO. LLC'; no address corroboration (TX address 370 WABASHA ST N STE 700, SAINT PAUL MN 55102)"
biz-401,verified,selected,high,legal,True,False,17510131760,"FRANK'S PLUMBING CO, INC.",6920 WINTON ST,HOUSTON,TX,77021,CT,U,0015390900,03/17/1959,A,A,03/17/1959,238221,"exact legal name incl. entity suffix: TX 'FRANK'S PLUMBING CO, INC.'; street address corroborates: TX '6920 WINTON ST, HOUSTON 77021'"
biz-402,review,,low,legal,False,True,32103969070,MESQUITE PLUMBING CO. LLC,5511 VIRGINIA WAY STE 333,BRENTWOOD,TN,37027,CI,V,0806399950,01/20/2026,A,A,01/20/2026,,"legal name match (entity suffix ignored): TX 'MESQUITE PLUMBING CO. LLC'; no address corroboration (TX address 5511 VIRGINIA WAY STE 333, BRENTWOOD TN 37027); entity type differs (PPP 'corp' vs TX 'llc'): possible conversion/successor, charter date may not cover the PPP entity"
biz-404,verified,selected,high,legal,True,False,17601315330,BATEMAN PLUMBING COMPANY,3405 SWENSEN RD,PEARLAND,TX,77581,CT,U,0073774500,01/29/1985,R,A,01/29/1985,238222,"exact legal name incl. entity suffix: TX 'BATEMAN PLUMBING COMPANY'; street address corroborates: TX '3405 SWENSEN RD, PEARLAND 77581'"
biz-405,verified,selected,high,legal,True,False,17419169572,ELITE PLUMBING CORPORATION,13645 WESTLAND EAST BLVD,HOUSTON,TX,77041,CT,U,0040465400,05/02/1977,A,A,05/02/1977,238000,"exact legal name incl. entity suffix: TX 'ELITE PLUMBING CORPORATION'; street address corroborates: TX '13645 WESTLAND EAST BLVD, HOUSTON 77041'"
biz-405,verified,,low,address,False,False,32010458308,"THE ELITE COMPANIES, INC.",13645 WESTLAND EAST BLVD,HOUSTON,TX,77041,CT,U,0800171356,02/03/2003,A,A,02/03/2003,,"same street+ZIP, similar name (token overlap 0.50): TX 'THE ELITE COMPANIES, INC.'; street address corroborates: TX '13645 WESTLAND EAST BLVD, HOUSTON 77041'"
biz-405,verified,,low,legal,False,True,32092949893,ELITE PLUMBING LLC,3701 PECAN PARK DR,WEATHERFORD,TX,76087,CL,U,0805349103,12/21/2023,A,A,12/21/2023,,"legal name match (entity suffix ignored): TX 'ELITE PLUMBING LLC'; no address corroboration (TX address 3701 PECAN PARK DR, WEATHERFORD TX 76087); entity type differs (PPP 'corp' vs TX 'llc'): possible conversion/successor, charter date may not cover the PPP entity"
biz-406,verified,selected,high,legal,True,False,10107597758,"POLK MECHANICAL COMPANY, LLC",2425 DILLARD ST,GRAND PRAIRIE,TX,75051,CL,U,0800159172,01/03/2003,A,A,01/03/2003,238220,"exact legal name incl. entity suffix: TX 'POLK MECHANICAL COMPANY, LLC'; street address corroborates: TX '2425 DILLARD ST, GRAND PRAIRIE 75051'"
biz-407,verified,selected,high,legal,False,True,32038940436,RLP MECHANICAL CONTRACTORS LLC,4117 N HIGHWAY 77,WAXAHACHIE,TX,75165,CL,U,0804829149,11/23/2022,A,A,02/20/2009,,"legal name match (entity suffix ignored): TX 'RLP MECHANICAL CONTRACTORS LLC'; street address corroborates: TX '4117 N HIGHWAY 77, WAXAHACHIE 75165'; entity type differs (PPP 'corp' vs TX 'llc'): possible conversion/successor, charter date may not cover the PPP entity"
biz-407,verified,,low,address,False,False,32057940739,RLP MECHANICAL CONTRACTORS ACQUISITION COMPANY LLC,4117 N HIGHWAY 77,WAXAHACHIE,TX,75165,CL,U,0802263772,07/30/2015,A,A,07/30/2015,,"same street+ZIP, similar name (token overlap 0.75): TX 'RLP MECHANICAL CONTRACTORS ACQUISITION COMPANY LLC'; street address corroborates: TX '4117 N HIGHWAY 77, WAXAHACHIE 75165'"
biz-408,verified,selected,high,legal,False,True,32036438920,"L & S PLUMBING PARTNERSHIP, LLC",1101 E ARAPAHO RD STE 190,RICHARDSON,TX,75081,CI,U,0007162910,12/16/1993,C,A,01/01/2008,238210,"legal name match (entity suffix ignored): TX 'L & S PLUMBING PARTNERSHIP, LLC'; street address corroborates: TX '1101 E ARAPAHO RD STE 190, RICHARDSON 75081'; entity type differs (PPP 'corp/partnership' vs TX 'llc'): possible conversion/successor, charter date may not cover the PPP entity"
biz-409,verified,selected,high,legal,True,False,17425821117,"GLENN & CARRIE DAVEY, INC.",511 S LOOP 4,BUDA,TX,78610,CT,U,0116620300,09/17/1990,A,A,09/17/1990,238221,"exact legal name incl. entity suffix: TX 'GLENN & CARRIE DAVEY, INC.'; street address corroborates: TX '511 S LOOP 4, BUDA 78610'"
biz-410,verified,selected,high,legal,True,False,17526043884,"MANN REFRIGERATION, INC.",701 CATES ST,BRIDGEPORT,TX,76426,CT,U,0136290100,07/14/1995,A,A,07/14/1995,238221,"exact legal name incl. entity suffix: TX 'MANN REFRIGERATION, INC.'; street address corroborates: TX '701 CATES ST, BRIDGEPORT 76426'"
biz-412,verified,selected,high,legal,True,False,17526308758,"BRIAN'S PLUMBING, INC.",901 OHIO AVE,WICHITA FALLS,TX,76301,CT,U,0136403900,07/21/1995,A,A,07/21/1995,238221,"exact legal name incl. entity suffix: TX 'BRIAN'S PLUMBING, INC.'; street address corroborates: TX '901 OHIO AVE, WICHITA FALLS 76301'"
biz-414,verified,selected,high,legal,True,False,12034547062,"HEART OF TEXAS MECHANICAL CONTRACTING, L.L.C.",203 CORDELL ST,BROWNWOOD,TX,76801,CL,U,0800504255,06/09/2005,A,A,06/09/2005,238390,"exact legal name incl. entity suffix: TX 'HEART OF TEXAS MECHANICAL CONTRACTING, L.L.C.'; street address corroborates: TX '203 CORDELL ST, BROWNWOOD 76801'"
biz-415,review,,low,legal,True,False,12612771084,"BELL MECHANICAL SERVICES, LLC",PO BOX 77260,BATON ROUGE,LA,70879,CI,V,0806631221,06/02/2026,A,A,05/01/2009,238220,"exact legal name incl. entity suffix: TX 'BELL MECHANICAL SERVICES, LLC'; no address corroboration (TX address PO BOX 77260, BATON ROUGE LA 70879)"
biz-419,verified,selected,high,legal,False,True,17420508768,"WEEKS SERVICE COMPANY, LLC",1306 HIGHWAY 3 S,LEAGUE CITY,TX,77573,CL,U,0804969019,03/04/2023,A,N,07/10/1979,238221,"legal name match (entity suffix ignored): TX 'WEEKS SERVICE COMPANY, LLC'; street address corroborates: TX '1306 HIGHWAY 3 S, LEAGUE CITY 77573'; entity type differs (PPP 'corp' vs TX 'llc'): possible conversion/successor, charter date may not cover the PPP entity"
biz-420,verified,selected,medium,legal,True,False,32042284722,O'BRYAN PLUMBING LLC,104 N CEDAR DR,ALLEN,TX,75002,CL,U,0801296209,07/22/2010,R,A,07/22/2010,238220,exact legal name incl. entity suffix: TX 'O'BRYAN PLUMBING LLC'; ZIP 75002 corroborates (street differs: TX '104 N CEDAR DR')
biz-421,review,,low,legal,True,False,32005466951,"COASTAL LEAK CONSULTING, INC.",12040 WINDFERN RD,HOUSTON,TX,77064,CT,U,0800079943,05/01/2002,A,A,05/01/2002,453000,"exact legal name incl. entity suffix: TX 'COASTAL LEAK CONSULTING, INC.'; no address corroboration (TX address 12040 WINDFERN RD, HOUSTON TX 77064)"
biz-422,verified,selected,high,legal,True,False,32043975526,BSP INC.,11510 HIGHWAY 36,NEEDVILLE,TX,77461,CT,U,0801405101,03/31/2011,A,A,03/31/2011,,"exact legal name incl. entity suffix: TX 'BSP INC.'; street address corroborates: TX '11510 HIGHWAY 36, NEEDVILLE 77461'"
biz-423,review,,low,legal,False,False,12054972877,"1ST CALL PLUMBING, HEATING & AIR, LTD.",5511 BREWSTER ST,SAN ANTONIO,TX,78233,PL,U,0800072761,04/04/2002,A,A,01/01/2008,238220,"legal name match (entity suffix ignored): TX '1ST CALL PLUMBING, HEATING & AIR, LTD.'; city only (SAN ANTONIO); street and ZIP differ"
biz-424,verified,selected,high,legal,True,False,32052854950,"ENTERPRISE PLUMBING OF TEXAS, LLC",900 ALPHA DR STE 430,RICHARDSON,TX,75081,CL,U,0801910206,01/07/2014,A,A,01/07/2014,,"exact legal name incl. entity suffix: TX 'ENTERPRISE PLUMBING OF TEXAS, LLC'; street address corroborates: TX '900 ALPHA DR STE 430, RICHARDSON 75081'"
biz-424,verified,,low,address,False,False,14120696720,"ENTERPRISE PLUMBING, INC.",900 ALPHA DR STE 430,RICHARDSON,TX,75081,CT,U,0800146643,11/26/2002,A,A,11/26/2002,238221,"same street+ZIP, similar name (token overlap 0.50): TX 'ENTERPRISE PLUMBING, INC.'; street address corroborates: TX '900 ALPHA DR STE 430, RICHARDSON 75081'"
biz-425,verified,selected,medium,legal,True,False,32055504537,CAPITAL PLUMBING INC.,PO BOX 427,AUBREY,TX,76227,CT,U,0802088674,10/23/2014,R,A,10/23/2014,,exact legal name incl. entity suffix: TX 'CAPITAL PLUMBING INC.'; ZIP 76227 corroborates (street differs: TX 'PO BOX 427')
biz-425,verified,,low,dba,False,False,32055996832,"CAPITAL MECHANICAL, LLC",PO BOX 5576,WACO,TX,76708,CL,U,0802127028,12/29/2014,A,A,12/29/2014,,"TX legal name 'CAPITAL MECHANICAL, LLC' equals DBA documented in SBA BorrowerName; no address corroboration (TX address PO BOX 5576, WACO TX 76708)"
biz-426,verified,selected,high,legal,True,False,17525819722,"TIM LONG PLUMBING, INC.",195 COUNTY ROAD 4840,HASLET,TX,76052,CT,U,0133924700,12/29/1994,A,A,12/29/1994,238000,"exact legal name incl. entity suffix: TX 'TIM LONG PLUMBING, INC.'; street address corroborates: TX '195 COUNTY ROAD 4840, HASLET 76052'"
biz-426,verified,,low,address,False,False,32063172806,"LONG PLUMBING MANAGEMENT, L.L.C.",195 COUNTY ROAD 4840,HASLET,TX,76052,CL,U,0802675861,03/13/2017,A,A,03/13/2017,,"same street+ZIP, similar name (token overlap 0.50): TX 'LONG PLUMBING MANAGEMENT, L.L.C.'; street address corroborates: TX '195 COUNTY ROAD 4840, HASLET 76052'"
biz-426,verified,,low,legal,False,True,32107771480,TIM LONG PLUMBING LLC,5900 BALCONES DR # 27752,AUSTIN,TX,78731,CL,U,0806766659,08/25/2026,A,A,08/25/2026,,"legal name match (entity suffix ignored): TX 'TIM LONG PLUMBING LLC'; no address corroboration (TX address 5900 BALCONES DR # 27752, AUSTIN TX 78731); entity type differs (PPP 'corp' vs TX 'llc'): possible conversion/successor, charter date may not cover the PPP entity"
biz-427,verified,selected,medium,legal,True,False,32056202768,"PESSIN HOLDINGS, INC.",2118 DOWNING LN STE 150,LEANDER,TX,78641,CT,U,0802143098,01/23/2015,R,N,01/23/2015,,"exact legal name incl. entity suffix: TX 'PESSIN HOLDINGS, INC.'; ZIP 78641 corroborates (street differs: TX '2118 DOWNING LN STE 150')"
biz-428,verified,selected,high,legal,True,False,32036078106,"CASA MECHANICAL SERVICES, LTD.",2401 E OLD SETTLERS BLVD,ROUND ROCK,TX,78665,PL,U,0015087010,04/30/2001,A,A,01/01/2008,238221,"exact legal name incl. entity suffix: TX 'CASA MECHANICAL SERVICES, LTD.'; street address corroborates: TX '2401 E OLD SETTLERS BLVD, ROUND ROCK 78665'"
biz-429,verified,selected,high,legal,False,False,17421281217,SIEGERT HEATING & AIR CONDITIONING COMPANY,989 N EARL RUDDER FWY,BRYAN,TX,77802,CT,U,0052676900,07/28/1980,A,A,07/28/1980,238000,"legal name match (entity suffix ignored): TX 'SIEGERT HEATING & AIR CONDITIONING COMPANY'; street address corroborates: TX '989 N EARL RUDDER FWY, BRYAN 77802'"
biz-430,verified,selected,medium,legal,True,False,17510121217,"THE BOSWORTH COMPANY, LTD.",PO BOX 3449,MIDLAND,TX,79702,PL,U,0800272397,11/25/2003,A,A,03/31/1959,,"exact legal name incl. entity suffix: TX 'THE BOSWORTH COMPANY, LTD.'; city only (MIDLAND); street and ZIP differ; only active Texas record with this name statewide; city-level address corroboration"
biz-431,verified,selected,high,legal,True,False,17529440962,"AIRMAX, INC.",216 W PECAN ST,CELINA,TX,75009,CT,U,0163153900,06/07/2001,A,A,06/07/2001,238221,"exact legal name incl. entity suffix: TX 'AIRMAX, INC.'; street address corroborates: TX '216 W PECAN ST, CELINA 75009'"
biz-433,verified,selected,medium,legal,True,False,17513023980,"ROBERTS & PETTY, INC.",PO BOX 1427,BROWNWOOD,TX,76804,CT,U,0026105000,05/12/1969,A,A,05/12/1969,238221,"exact legal name incl. entity suffix: TX 'ROBERTS & PETTY, INC.'; city only (BROWNWOOD); street and ZIP differ; only active Texas record with this name statewide; city-level address corroboration"
biz-434,verified,selected,medium,legal,True,False,18208381865,"DELTA T EQUIPMENT, LP",PO BOX 691467,HOUSTON,TX,77269,PL,U,0802686587,04/02/2017,A,A,01/05/2005,238220,"exact legal name incl. entity suffix: TX 'DELTA T EQUIPMENT, LP'; city only (HOUSTON); street and ZIP differ; only active Texas record with this name statewide; city-level address corroboration"
biz-436,verified,selected,high,legal,True,False,18303551230,"RICH MANAGEMENT, INC.",7575 W US HIGHWAY 190,BELTON,TX,76513,CT,U,0800195208,04/18/2003,A,A,04/18/2003,238212,"exact legal name incl. entity suffix: TX 'RICH MANAGEMENT, INC.'; street address corroborates: TX '7575 W US HIGHWAY 190, BELTON 76513'"
biz-437,review,,low,legal,True,False,32035079352,MASRAM MECHANICAL LP,12307 WOODWORTH DR,CYPRESS,TX,77429,PL,U,0800747654,12/18/2006,A,N,01/01/2008,,"exact legal name incl. entity suffix: TX 'MASRAM MECHANICAL LP'; no address corroboration (TX address 12307 WOODWORTH DR, CYPRESS TX 77429)"
biz-440,review,,low,legal,True,False,32040243175,"DALLAS MECHANICAL GROUP, LLC",2791 MACARTHUR BLVD STE 300,LEWISVILLE,TX,75067,CL,U,0801166957,09/04/2009,A,A,09/04/2009,238220,"exact legal name incl. entity suffix: TX 'DALLAS MECHANICAL GROUP, LLC'; no address corroboration (TX address 2791 MACARTHUR BLVD STE 300, LEWISVILLE TX 75067)"
biz-441,verified,selected,high,legal,True,False,17513861637,"S & T PLUMBING, INC.",804 W SHADY GROVE RD,IRVING,TX,75060,CT,U,0030582300,04/28/1972,A,A,04/28/1972,238222,"exact legal name incl. entity suffix: TX 'S & T PLUMBING, INC.'; street address corroborates: TX '804 W SHADY GROVE RD, IRVING 75060'"
biz-443,verified,selected,high,legal,True,False,17427783729,"INTERNATIONAL MECHANICAL SERVICES, INC.",1914 BREEDEN AVE,SAN ANTONIO,TX,78212,CT,U,0139392700,03/27/1996,A,A,03/27/1996,238220,"exact legal name incl. entity suffix: TX 'INTERNATIONAL MECHANICAL SERVICES, INC.'; street address corroborates: TX '1914 BREEDEN AVE, SAN ANTONIO 78212'"
biz-444,verified,selected,high,legal,True,False,32027715823,"JMS INTEGRATED BUILDING SOLUTIONS, LLC",1840 HUTTON DR STE 100,CARROLLTON,TX,75006,CL,U,0800784475,03/07/2007,A,A,03/07/2007,238390,"exact legal name incl. entity suffix: TX 'JMS INTEGRATED BUILDING SOLUTIONS, LLC'; street address corroborates: TX '1840 HUTTON DR STE 100, CARROLLTON 75006'"
biz-446,review,,low,legal,True,False,17421312210,"LARSON PLUMBING & UTILITY, CO.",PO BOX 158,ODEM,TX,78370,CT,U,0053425100,09/30/1980,A,A,09/30/1980,238222,"exact legal name incl. entity suffix: TX 'LARSON PLUMBING & UTILITY, CO.'; no address corroboration (TX address PO BOX 158, ODEM TX 78370)"
biz-447,review,,low,legal,True,False,32067432768,"BEYER AIR CONDITIONING AND HEATING, LLC",17153 BEYER JOHN DR,SCHERTZ,TX,78154,CL,U,0803037778,06/07/2018,A,A,06/07/2018,238220,"exact legal name incl. entity suffix: TX 'BEYER AIR CONDITIONING AND HEATING, LLC'; no address corroboration (TX address 17153 BEYER JOHN DR, SCHERTZ TX 78154)"
biz-448,verified,selected,medium,legal,True,False,17603079520,"EASY AIRE, INC.",PO BOX 2787,SUGAR LAND,TX,77487,CT,U,0115141900,04/25/1990,A,A,04/25/1990,238222,"exact legal name incl. entity suffix: TX 'EASY AIRE, INC.'; city only (SUGAR LAND); street and ZIP differ; only active Texas record with this name statewide; city-level address corroboration"
biz-449,verified,selected,high,legal,True,False,17523684623,"WEBB SANDERSON ELECTRIC, INC.",214 E MULBERRY ST,SHERMAN,TX,75090,CT,U,0118067200,01/30/1991,A,A,01/30/1991,238211,"exact legal name incl. entity suffix: TX 'WEBB SANDERSON ELECTRIC, INC.'; street address corroborates: TX '214 E MULBERRY ST, SHERMAN 75090'"
biz-450,verified,selected,high,legal,False,False,32017287981,"MURRAY PLUMBING COMPANY, LLC",4430 CENTERGATE ST,SAN ANTONIO,TX,78217,CL,U,0800484366,04/25/2005,A,A,04/25/2005,238220,"legal name match (entity suffix ignored): TX 'MURRAY PLUMBING COMPANY, LLC'; street address corroborates: TX '4430 CENTERGATE ST, SAN ANTONIO 78217'"
biz-451,review,,low,legal,True,False,32037223149,PELLERIN AND STEUBING LLC,PO BOX 900,SPRING BRANCH,TX,78070,CL,U,0800986482,06/03/2008,A,A,06/03/2008,238220,"exact legal name incl. entity suffix: TX 'PELLERIN AND STEUBING LLC'; no address corroboration (TX address PO BOX 900, SPRING BRANCH TX 78070)"
biz-452,verified,selected,medium,legal,True,False,32040864228,PERFORMANCE HEAT AND AIR INC.,PO BOX 2083,MANSFIELD,TX,76063,CT,U,0801206504,12/17/2009,A,A,12/17/2009,238220,exact legal name incl. entity suffix: TX 'PERFORMANCE HEAT AND AIR INC.'; ZIP 76063 corroborates (street differs: TX 'PO BOX 2083')
biz-454,verified,selected,medium,legal,True,False,32001495434,"REX MECHANICAL, INC.",PO BOX 582,NEEDVILLE,TX,77461,CT,U,0153338100,04/29/1999,A,A,04/29/1999,,"exact legal name incl. entity suffix: TX 'REX MECHANICAL, INC.'; ZIP 77461 corroborates (street differs: TX 'PO BOX 582')"
biz-457,verified,selected,high,legal,True,False,32065301007,"C & D MECHANICAL, LLC",8706 US HIGHWAY 59 S,TEXARKANA,TX,75501,CL,U,0802850761,01/01/2018,R,A,01/01/2018,,"exact legal name incl. entity suffix: TX 'C & D MECHANICAL, LLC'; street address corroborates: TX '8706 US HIGHWAY 59 S, TEXARKANA 75501'"
biz-458,verified,selected,medium,legal,True,False,32060258012,"MCBRIDE PLUMBING, LLC",9518 GRANT RD,HOUSTON,TX,77070,CL,U,0802441889,04/21/2016,A,A,04/21/2016,,"exact legal name incl. entity suffix: TX 'MCBRIDE PLUMBING, LLC'; city only (HOUSTON); street and ZIP differ; only active Texas record with this name statewide; city-level address corroboration"
biz-459,verified,selected,high,legal,True,False,32056283818,"SIRIUS PLUMBING & AIR CONDITIONING, INC.",1406 HALSEY WAY STE 100,CARROLLTON,TX,75007,CT,U,0802146511,01/30/2015,A,A,01/30/2015,,"exact legal name incl. entity suffix: TX 'SIRIUS PLUMBING & AIR CONDITIONING, INC.'; street address corroborates: TX '1406 HALSEY WAY STE 100, CARROLLTON 75007'"
biz-460,verified,selected,medium,legal,True,False,17422374144,"COVE PLUMBING, INC.",PO BOX 1448,COPPERAS COVE,TX,76522,CT,U,0061632200,07/26/1982,A,A,07/26/1982,238221,"exact legal name incl. entity suffix: TX 'COVE PLUMBING, INC.'; ZIP 76522 corroborates (street differs: TX 'PO BOX 1448')"
biz-461,verified,selected,medium,legal,True,False,17426196428,"JACOBS-CATHEY/PERRYMAN, INC.",PO BOX 7305,WACO,TX,76714,CT,U,0121505600,12/17/1991,R,A,12/17/1991,238222,"exact legal name incl. entity suffix: TX 'JACOBS-CATHEY/PERRYMAN, INC.'; city only (WACO); street and ZIP differ; only active Texas record with this name statewide; city-level address corroboration"
biz-462,review,,low,legal,False,False,17418336172,"COBB AIR CONDITIONING CO., INC.",630 BRAZOS ST,LUMBERTON,TX,77657,CT,U,0034185200,04/26/1974,A,A,04/26/1974,238000,"legal name match (entity suffix ignored): TX 'COBB AIR CONDITIONING CO., INC.'; no address corroboration (TX address 630 BRAZOS ST, LUMBERTON TX 77657)"
biz-463,review,,low,legal,False,False,17513282586,"ARMSTRONG MECHANICAL CO., INC.",PO BOX 3430,LUBBOCK,TX,79452,CT,U,0026933200,12/08/1969,A,A,12/08/1969,238222,"legal name match (entity suffix ignored): TX 'ARMSTRONG MECHANICAL CO., INC.'; city only (LUBBOCK); street and ZIP differ"
biz-464,verified,selected,medium,legal,True,False,32034254675,"GOEBLER TCS, INC.",PO BOX 1241,BUDA,TX,78610,CT,U,0800905615,12/04/2007,A,A,12/04/2007,,"exact legal name incl. entity suffix: TX 'GOEBLER TCS, INC.'; ZIP 78610 corroborates (street differs: TX 'PO BOX 1241')"
biz-465,verified,selected,medium,legal,True,False,12082858361,"EARL'S PLUMBING, HEATING & AIR, INC.",4720 HIGHWAY 84,LUBBOCK,TX,79415,CT,U,0800762405,01/22/2007,A,A,01/22/2007,238220,"exact legal name incl. entity suffix: TX 'EARL'S PLUMBING, HEATING & AIR, INC.'; ZIP 79415 corroborates (street differs: TX '4720 HIGHWAY 84')"
biz-466,verified,selected,high,legal,True,False,17522346364,"CURTIS MECHANICAL CONTRACTORS, INC.",1610 OSPREY DR,DESOTO,TX,75115,CT,U,0108030700,06/17/1988,A,A,06/17/1988,238220,"exact legal name incl. entity suffix: TX 'CURTIS MECHANICAL CONTRACTORS, INC.'; street address corroborates: TX '1610 OSPREY DR, DESOTO 75115'"
biz-467,review,,low,legal,True,False,32065261920,"COOL AIR MECHANICAL, LLC",139 S ENGLISH STATION RD STE 250,LOUISVILLE,KY,40245,CL,U,0802848150,10/24/2017,R,N,10/24/2017,,"exact legal name incl. entity suffix: TX 'COOL AIR MECHANICAL, LLC'; no address corroboration (TX address 139 S ENGLISH STATION RD STE 250, LOUISVILLE KY 40245)"
biz-469,review,,low,legal,False,False,17606149858,"AIR POLLUTION CONTROL SPECIALISTS, L.C.",PO BOX 1277,LEAGUE CITY,TX,77574,CL,U,0705456522,08/19/1999,A,A,08/19/1999,423730,"legal name match (entity suffix ignored): TX 'AIR POLLUTION CONTROL SPECIALISTS, L.C.'; city only (LEAGUE CITY); street and ZIP differ"
biz-470,review,,low,legal,False,False,32034457211,K&S HEATING AND AIR CORPORATION,PO BOX 861011,PLANO,TX,75086,CT,U,0800921282,01/09/2008,A,A,01/09/2008,238220,"legal name match (entity suffix ignored): TX 'K&S HEATING AND AIR CORPORATION'; no address corroboration (TX address PO BOX 861011, PLANO TX 75086)"
biz-471,verified,selected,high,legal,True,False,32064373122,"FRG HOLDINGS, LLC",100 CRESCENT CT STE 700,DALLAS,TX,75201,CL,U,0802773258,07/20/2017,A,A,07/20/2017,,"exact legal name incl. entity suffix: TX 'FRG HOLDINGS, LLC'; street address corroborates: TX '100 CRESCENT CT STE 700, DALLAS 75201'"
biz-472,review,,low,legal,True,False,17426561142,MJ MECHANICAL INC.,PO BOX 209,HUTTO,TX,78634,CT,U,0125786000,01/22/1993,A,A,01/22/1993,238220,"exact legal name incl. entity suffix: TX 'MJ MECHANICAL INC.'; no address corroboration (TX address PO BOX 209, HUTTO TX 78634)"
biz-473,review,,low,legal,True,False,17524997800,"DMI, CORP.",PO BOX 53,CEDAR HILL,TX,75106,CT,U,0126651700,04/08/1993,A,A,04/08/1993,238210,"exact legal name incl. entity suffix: TX 'DMI, CORP.'; city only (CEDAR HILL); street and ZIP differ"
biz-473,review,,low,legal,False,False,12513350814,"DMI COMPANIES, INC.",210 5TH ST,CHARLEROI,PA,15022,CF,V,0006385606,11/08/1984,R,A,11/08/1984,331511,"legal name match (entity suffix ignored): TX 'DMI COMPANIES, INC.'; no address corroboration (TX address 210 5TH ST, CHARLEROI PA 15022)"
biz-475,review,,high,legal,False,True,32098746699,"BMF SOLUTIONS, LLC",13602 JARVIS RD,CYPRESS,TX,77429,CL,U,0805894098,02/04/2025,A,A,02/04/2025,,"legal name match (entity suffix ignored): TX 'BMF SOLUTIONS, LLC'; street address corroborates: TX '13602 JARVIS RD, CYPRESS 77429'; entity type differs (PPP 'partnership' vs TX 'llc'): possible conversion/successor, charter date may not cover the PPP entity"
biz-475,review,,high,legal,False,True,32100286007,"BMF SOLUTIONS, LLC",13602 JARVIS RD,CYPRESS,TX,77429,CI,X,,,,U,01/01/2025,,"legal name match (entity suffix ignored): TX 'BMF SOLUTIONS, LLC'; street address corroborates: TX '13602 JARVIS RD, CYPRESS 77429'; entity type differs (PPP 'partnership' vs TX 'llc'): possible conversion/successor, charter date may not cover the PPP entity"
biz-475,review,,low,legal,True,False,17531824286,B M F SOLUTIONS LLP,PO BOX 2116,CYPRESS,TX,77410,PI,X,,,,N,01/01/2008,561621,exact legal name incl. entity suffix: TX 'B M F SOLUTIONS LLP'; city only (CYPRESS); street and ZIP differ
biz-476,review,,low,legal,True,False,32067038250,"EXPERT SERVICES, LLC",PO BOX 851830,MESQUITE,TX,75185,CL,U,0803005350,05/01/2018,A,A,05/01/2018,,"exact legal name incl. entity suffix: TX 'EXPERT SERVICES, LLC'; no address corroboration (TX address PO BOX 851830, MESQUITE TX 75185)"
biz-477,verified,selected,high,legal,True,False,32022787025,"GEO-SYSTEMS USA, LLC",2435 DILLARD ST,GRAND PRAIRIE,TX,75051,CL,U,0800737388,11/22/2006,A,A,11/22/2006,,"exact legal name incl. entity suffix: TX 'GEO-SYSTEMS USA, LLC'; street address corroborates: TX '2435 DILLARD ST, GRAND PRAIRIE 75051'"
biz-478,verified,selected,high,legal,True,False,14121337969,"JOE CLARK MECHANICAL SERVICES, INC.",15104 DELAHUNTY LN,PFLUGERVILLE,TX,78660,CT,U,0800321352,03/25/2004,A,A,03/25/2004,541000,"exact legal name incl. entity suffix: TX 'JOE CLARK MECHANICAL SERVICES, INC.'; street address corroborates: TX '15104 DELAHUNTY LN, PFLUGERVILLE 78660'"
biz-479,verified,selected,high,legal,True,False,32053392885,"MOONBIZ, INC.",1579 N LEXINGTON BLVD,CORPUS CHRISTI,TX,78409,CT,U,0801946748,03/06/2014,A,A,03/06/2014,,"exact legal name incl. entity suffix: TX 'MOONBIZ, INC.'; street address corroborates: TX '1579 N LEXINGTON BLVD, CORPUS CHRISTI 78409'"
biz-480,review,,low,legal,False,False,32070145290,RBRM INVESTMENTS INCORPORATED,319 S 1ST ST,TEMPLE,TX,76504,CT,U,0803270185,04/01/2019,A,A,04/01/2019,,"legal name match (entity suffix ignored): TX 'RBRM INVESTMENTS INCORPORATED'; no address corroboration (TX address 319 S 1ST ST, TEMPLE TX 76504)"
biz-481,verified,selected,high,legal,True,False,32037070847,"DIRECT AIRFLOW DISTRIBUTORS I, INC.",51 ESPLANADE BLVD STE 100,HOUSTON,TX,77060,CT,U,0800978454,05/15/2008,A,A,05/15/2008,,"exact legal name incl. entity suffix: TX 'DIRECT AIRFLOW DISTRIBUTORS I, INC.'; street address corroborates: TX '51 ESPLANADE BLVD STE 100, HOUSTON 77060'"
biz-482,verified,selected,medium,legal,True,False,17427826452,"A. Y. MECHANICAL, INC.",100 KRISTI DR,AUSTIN,TX,78746,CT,U,0139795400,04/25/1996,A,A,04/25/1996,238221,"exact legal name incl. entity suffix: TX 'A. Y. MECHANICAL, INC.'; city only (AUSTIN); street and ZIP differ; only active Texas record with this name statewide; city-level address corroboration"
biz-484,review,,low,address,False,False,17518481035,"FIRST SERVICE AIR CONDITIONING CONTRACTORS, INC.",3009 GARDEN CITY HWY,MIDLAND,TX,79701,CT,U,0063259100,12/06/1982,A,A,12/06/1982,238222,"same street+ZIP, similar name (token overlap 0.80): TX 'FIRST SERVICE AIR CONDITIONING CONTRACTORS, INC.'; street address corroborates: TX '3009 GARDEN CITY HWY, MIDLAND 79701'"
biz-486,verified,selected,high,legal,False,False,32053650803,"GLV INTERESTS, INC.",6117 MILWEE ST STE D,HOUSTON,TX,77092,CT,U,0801962486,03/31/2014,R,A,03/31/2014,,"legal name match (entity suffix ignored): TX 'GLV INTERESTS, INC.'; street address corroborates: TX '6117 MILWEE ST STE D, HOUSTON 77092'"
biz-487,verified,selected,high,legal,True,False,17529674917,"ELSTONAIRE, INC.",727 E CENTRE PARK BLVD,DESOTO,TX,75115,CT,U,0800021007,10/17/2001,A,A,10/17/2001,238221,"exact legal name incl. entity suffix: TX 'ELSTONAIRE, INC.'; street address corroborates: TX '727 E CENTRE PARK BLVD, DESOTO 75115'"
biz-488,review,,low,address,False,False,32067994627,PAYNE MECHANICAL OF TEXAS LLC,2000 S EASTMAN RD,LONGVIEW,TX,75602,CL,U,0803085157,08/10/2018,A,A,08/10/2018,,"same street+ZIP, similar name (token overlap 0.80): TX 'PAYNE MECHANICAL OF TEXAS LLC'; street address corroborates: TX '2000 S EASTMAN RD, LONGVIEW 75602'"
biz-489,verified,selected,medium,legal,True,False,32035219131,"SRS OPERATING CO., LP",PO BOX 1739,FORNEY,TX,75126,PL,U,0800622585,03/02/2006,R,A,01/01/2008,,"exact legal name incl. entity suffix: TX 'SRS OPERATING CO., LP'; ZIP 75126 corroborates (street differs: TX 'PO BOX 1739')"
biz-490,review,,low,address,False,False,32052252817,"MECHANICAL 360 AIR CONDITIONING AND HEATING, LLC",9940 CYPRESS CREEK PKWY,HOUSTON,TX,77070,CL,U,0801868082,10/17/2013,R,A,10/17/2013,,"same street+ZIP, similar name (token overlap 0.57): TX 'MECHANICAL 360 AIR CONDITIONING AND HEATING, LLC'; street address corroborates: TX '9940 CYPRESS CREEK PKWY, HOUSTON 77070'"
biz-491,verified,selected,medium,legal,True,False,17603038641,"PLUMBING SPECIALTIES, LLC",PO BOX 572,BEAUMONT,TX,77704,CL,U,0801812186,07/04/2013,A,A,04/02/1990,,"exact legal name incl. entity suffix: TX 'PLUMBING SPECIALTIES, LLC'; city only (BEAUMONT); street and ZIP differ; only active Texas record with this name statewide; city-level address corroboration"
biz-492,verified,selected,high,legal,False,False,17413836879,THE LEE THOMPSON COMPANY,1718 ELMVIEW DR,HOUSTON,TX,77080,CT,U,0017171000,01/25/1961,A,A,01/25/1961,238000,"legal name match (entity suffix ignored): TX 'THE LEE THOMPSON COMPANY'; street address corroborates: TX '1718 ELMVIEW DR, HOUSTON 77080'"
biz-493,review,,low,legal,True,False,32058693972,BILLYGO LLC,2100 LA ROCHELLE,FLOWER MOUND,TX,75022,CL,U,0802322376,10/29/2015,A,A,10/29/2015,,"exact legal name incl. entity suffix: TX 'BILLYGO LLC'; no address corroboration (TX address 2100 LA ROCHELLE, FLOWER MOUND TX 75022)"
biz-494,verified,selected,high,legal,True,False,32043309163,C&L HEATING & AIR CONDITIONING CORP.,1641 LONE STAR DR,ODESSA,TX,79766,CT,U,0801365069,01/04/2011,A,A,01/04/2011,,"exact legal name incl. entity suffix: TX 'C&L HEATING & AIR CONDITIONING CORP.'; street address corroborates: TX '1641 LONE STAR DR, ODESSA 79766'"
biz-495,verified,selected,high,legal,True,False,17524107624,"GOLDEN MECHANICAL CONTRACTORS, INC.",1232 COLORADO LN STE 102,ARLINGTON,TX,76015,CT,U,0121359500,12/02/1991,A,A,12/02/1991,238222,"exact legal name incl. entity suffix: TX 'GOLDEN MECHANICAL CONTRACTORS, INC.'; street address corroborates: TX '1232 COLORADO LN STE 102, ARLINGTON 76015'"
biz-496,verified,selected,high,legal,True,False,32033226278,TROTTER AND MORTON FACILITY SERVICE OF TEXAS INC.,11202 DISCO,SAN ANTONIO,TX,78216,CT,U,0800835277,06/26/2007,R,A,06/26/2007,,"exact legal name incl. entity suffix: TX 'TROTTER AND MORTON FACILITY SERVICE OF TEXAS INC.'; street address corroborates: TX '11202 DISCO, SAN ANTONIO 78216'; preferred over same-address namesake(s) with a different entity suffix"
biz-496,verified,,high,legal,False,True,32041697890,TROTTER AND MORTON FACILITY SERVICE OF TEXAS LLC,11202 DISCO,SAN ANTONIO,TX,78216,CL,U,0801259489,04/21/2010,A,A,04/21/2010,,"legal name match (entity suffix ignored): TX 'TROTTER AND MORTON FACILITY SERVICE OF TEXAS LLC'; street address corroborates: TX '11202 DISCO, SAN ANTONIO 78216'; entity type differs (PPP 'corp' vs TX 'llc'): possible conversion/successor, charter date may not cover the PPP entity"
biz-497,review,,low,legal,True,False,32018230568,"PREMIER PLUMBERS OF TEXAS, INC.",3809 INTERSTATE 30 W,CADDO MILLS,TX,75135,CT,U,0800548029,09/21/2005,A,A,09/21/2005,238220,"exact legal name incl. entity suffix: TX 'PREMIER PLUMBERS OF TEXAS, INC.'; no address corroboration (TX address 3809 INTERSTATE 30 W, CADDO MILLS TX 75135)"
biz-498,verified,selected,medium,legal,True,False,32045591826,"C2 MECHANICAL SERVICES, LLC",811 TRADESMENS PARK LOOP STE A,HUTTO,TX,78634,CL,U,0801505764,11/09/2011,A,A,11/09/2011,238220,"exact legal name incl. entity suffix: TX 'C2 MECHANICAL SERVICES, LLC'; ZIP 78634 corroborates (street differs: TX '811 TRADESMENS PARK LOOP STE A')"
biz-499,verified,selected,high,legal,False,True,17528512407,"A. LOWERY, LLC",4105 N FM 2528,LUBBOCK,TX,79416,CL,U,0803953590,02/23/2021,A,A,01/01/2008,,"legal name match (entity suffix ignored): TX 'A. LOWERY, LLC'; street address corroborates: TX '4105 N FM 2528, LUBBOCK 79416'; entity type differs (PPP 'corp/partnership' vs TX 'llc'): possible conversion/successor, charter date may not cover the PPP entity"
biz-501,verified,selected,high,legal,True,False,17424433856,"MECHANICAL REPS, INC.",9407 MIDDLEX DR,SAN ANTONIO,TX,78217,CT,U,0102209700,12/23/1986,A,A,12/23/1986,420000,"exact legal name incl. entity suffix: TX 'MECHANICAL REPS, INC.'; street address corroborates: TX '9407 MIDDLEX DR, SAN ANTONIO 78217'"
biz-503,verified,selected,medium,legal,True,False,17529284444,"TB2 SERVICE, INC.",3250 STORY RD W STE 102,IRVING,TX,75038,CT,U,0162049200,03/20/2001,A,A,03/20/2001,811000,"exact legal name incl. entity suffix: TX 'TB2 SERVICE, INC.'; ZIP 75038 corroborates (street differs: TX '3250 STORY RD W STE 102')"
biz-504,review,,low,legal,True,False,15623753744,"JM CARTER PLUMBING, INC.",202 W MAIN ST STE 100,GUNTER,TX,75058,CT,U,0800222297,07/08/2003,A,N,07/08/2003,238220,"exact legal name incl. entity suffix: TX 'JM CARTER PLUMBING, INC.'; no address corroboration (TX address 202 W MAIN ST STE 100, GUNTER TX 75058)"
biz-505,verified,selected,medium,legal,True,False,17604636559,"MESAH COMMISSIONING, INC.",16310 STATE HIGHWAY 249 SPC 504,HOUSTON,TX,77064,CT,U,0134856900,03/13/1995,A,A,03/13/1995,238220,"exact legal name incl. entity suffix: TX 'MESAH COMMISSIONING, INC.'; city only (HOUSTON); street and ZIP differ; only active Texas record with this name statewide; city-level address corroboration"
biz-506,verified,selected,medium,legal,True,False,17516318437,"HALL MECHANICAL CONTRACTORS, INC.",9500 COUNTY ROAD 603,BURLESON,TX,76028,CT,U,0046110100,01/25/1979,A,A,01/25/1979,238212,"exact legal name incl. entity suffix: TX 'HALL MECHANICAL CONTRACTORS, INC.'; no address corroboration (TX address 9500 COUNTY ROAD 603, BURLESON TX 76028); address corroborated via DOL Form 5500-SF 2024 ACK 20250718112441NAL0002506960002: sponsor EIN 751631843 (= FEIN in TX taxpayer number), sponsor 'HALL MECHANICAL CONTRACTORS, INC.' at 600 DE COSTA STREET, FORT WORTH 76111 = PPP borrower address"
biz-507,verified,selected,high,legal,True,False,32060192054,ELLIS AIR LLC,3513 FLORENCE RD,KILLEEN,TX,76542,CL,U,0802436166,04/15/2016,A,A,04/15/2016,238220,"exact legal name incl. entity suffix: TX 'ELLIS AIR LLC'; street address corroborates: TX '3513 FLORENCE RD, KILLEEN 76542'"
biz-508,verified,selected,high,legal,True,False,17429395142,"CHRISTIANSON AIR CONDITIONING AND PLUMBING, LLC",1950 LOUIS HENNA BLVD,ROUND ROCK,TX,78664,CI,V,0013189811,03/01/2000,A,A,01/01/2008,,"exact legal name incl. entity suffix: TX 'CHRISTIANSON AIR CONDITIONING AND PLUMBING, LLC'; street address corroborates: TX '1950 LOUIS HENNA BLVD, ROUND ROCK 78664'"
biz-509,verified,selected,high,legal,True,False,17607179748,"T. L. MECHANICAL, INC.",4717 WESTWAY DR,CORPUS CHRISTI,TX,78408,CT,U,0800136885,10/25/2002,A,A,10/25/2002,238221,"exact legal name incl. entity suffix: TX 'T. L. MECHANICAL, INC.'; street address corroborates: TX '4717 WESTWAY DR, CORPUS CHRISTI 78408'"
biz-510,verified,selected,high,legal,True,False,32044291840,"ANGELL SERVICES, LLC",13321 IMMANUEL RD,PFLUGERVILLE,TX,78660,CL,U,0801428582,05/18/2011,A,A,05/18/2011,,"exact legal name incl. entity suffix: TX 'ANGELL SERVICES, LLC'; street address corroborates: TX '13321 IMMANUEL RD, PFLUGERVILLE 78660'"
biz-511,verified,selected,high,legal,True,False,32060894535,"MOJICA PLUMBING AND DRAIN CLEANING, LLC",1808 BENCH MARK DR,AUSTIN,TX,78728,CL,U,0802488040,06/27/2016,A,A,06/27/2016,238220,"exact legal name incl. entity suffix: TX 'MOJICA PLUMBING AND DRAIN CLEANING, LLC'; street address corroborates: TX '1808 BENCH MARK DR, AUSTIN 78728'"
biz-512,verified,selected,medium,legal,True,False,17514501208,"MOSBY MECHANICAL CO., INC.",PO BOX 8582,LONGVIEW,TX,75607,CT,U,0034526800,07/01/1974,A,A,07/01/1974,238222,"exact legal name incl. entity suffix: TX 'MOSBY MECHANICAL CO., INC.'; city only (LONGVIEW); street and ZIP differ; only active Texas record with this name statewide; city-level address corroboration"
biz-513,review,,low,legal,False,False,17606057754,"PB&J ENTERPRISES, INC.",PO BOX 735,BELLVILLE,TX,77418,CT,U,0153557700,05/13/1999,A,A,05/13/1999,238221,"legal name match (entity suffix ignored): TX 'PB&J ENTERPRISES, INC.'; ZIP 77418 corroborates (street differs: TX 'PO BOX 735')"
biz-514,verified,selected,high,legal,True,False,17419511781,"FRESH AIR, L.P.",5702 POWER LINE RD,RICHMOND,TX,77469,PL,U,0800263900,11/01/2003,R,A,02/16/1978,,"exact legal name incl. entity suffix: TX 'FRESH AIR, L.P.'; street address corroborates: TX '5702 POWER LINE RD, RICHMOND 77469'"
biz-515,verified,selected,high,legal,True,False,17605461320,"TEXAS DRAIN TECHNOLOGIES, INC.",4918 PINEMONT DR STE A,HOUSTON,TX,77092,CT,U,0145721200,08/21/1997,A,A,08/21/1997,238221,"exact legal name incl. entity suffix: TX 'TEXAS DRAIN TECHNOLOGIES, INC.'; street address corroborates: TX '4918 PINEMONT DR STE A, HOUSTON 77092'"
biz-516,verified,selected,medium,legal,True,False,17526905959,"DIAMOND D MECHANICAL, INC.",PO BOX 32,BROWNFIELD,TX,79316,CT,U,0143063600,01/24/1997,R,A,01/24/1997,238222,"exact legal name incl. entity suffix: TX 'DIAMOND D MECHANICAL, INC.'; ZIP 79316 corroborates (street differs: TX 'PO BOX 32')"
biz-517,review,,low,legal,True,False,32038389634,"MID-COUNTY PLUMBING, LLC",PO BOX 477,PORT NECHES,TX,77651,CL,U,0801055024,11/21/2008,A,A,11/21/2008,,"exact legal name incl. entity suffix: TX 'MID-COUNTY PLUMBING, LLC'; no address corroboration (TX address PO BOX 477, PORT NECHES TX 77651)"
biz-517,review,,low,address,False,False,32092179806,MID COUNTY CYCLES LLC,2222 SPURLOCK RD,NEDERLAND,TX,77627,CL,U,0805275302,10/23/2023,A,A,10/23/2023,,"same street+ZIP, similar name (token overlap 0.50): TX 'MID COUNTY CYCLES LLC'; street address corroborates: TX '2222 SPURLOCK RD, NEDERLAND 77627'"
biz-518,verified,selected,high,legal,True,False,17429539848,"A. C. DISTRIBUTION, INC.",5638 BEAR LN,CORPUS CHRISTI,TX,78405,CT,U,0157795700,04/07/2000,A,A,04/07/2000,238220,"exact legal name incl. entity suffix: TX 'A. C. DISTRIBUTION, INC.'; street address corroborates: TX '5638 BEAR LN, CORPUS CHRISTI 78405'"
biz-519,verified,selected,medium,legal,True,False,32063280575,"SHAFER-ANDERSON HOLDINGS, LLC",3800 SAN PEDRO AVE,SAN ANTONIO,TX,78212,CL,U,0802684107,03/27/2017,A,A,03/27/2017,238220,"exact legal name incl. entity suffix: TX 'SHAFER-ANDERSON HOLDINGS, LLC'; city only (SAN ANTONIO); street and ZIP differ; only active Texas record with this name statewide; city-level address corroboration"
biz-520,verified,selected,high,legal,True,False,32012474923,"ADVANTIS SERVICES, INC.",4250 SPRING VALLEY RD,FARMERS BRNCH,TX,75244,CT,U,0800252552,09/30/2003,A,A,09/30/2003,,"exact legal name incl. entity suffix: TX 'ADVANTIS SERVICES, INC.'; street address corroborates: TX '4250 SPRING VALLEY RD, FARMERS BRNCH 75244'"
biz-522,review,,low,legal,True,False,32033258511,"WALSH ALLIANCE, LLC",2401 S PERSIMMON ST STE 100,TOMBALL,TX,77375,CL,U,0800837765,06/30/2007,A,A,06/30/2007,,"exact legal name incl. entity suffix: TX 'WALSH ALLIANCE, LLC'; no address corroboration (TX address 2401 S PERSIMMON ST STE 100, TOMBALL TX 77375)"
biz-523,verified,selected,medium,legal,True,False,32039146439,ABLE PLUMBING INC.,1217 N MEYER AVE,SEABROOK,TX,77586,CT,U,0801101099,03/23/2009,A,A,03/23/2009,,exact legal name incl. entity suffix: TX 'ABLE PLUMBING INC.'; ZIP 77586 corroborates (street differs: TX '1217 N MEYER AVE')
biz-525,verified,selected,medium,legal,True,False,32052523902,AC LONESTAR SERVICES INC,PO BOX 1369,PECOS,TX,79772,CT,U,0802707378,04/21/2017,A,N,11/21/2013,,exact legal name incl. entity suffix: TX 'AC LONESTAR SERVICES INC'; ZIP 79772 corroborates (street differs: TX 'PO BOX 1369')
biz-526,verified,selected,high,legal,True,False,32052425959,MAS MECHANICAL LLC,10050 HOUSTON OAKS DR,HOUSTON,TX,77064,CL,U,0801879842,11/08/2013,A,A,11/08/2013,,"exact legal name incl. entity suffix: TX 'MAS MECHANICAL LLC'; street address corroborates: TX '10050 HOUSTON OAKS DR, HOUSTON 77064'"
biz-527,verified,selected,medium,legal,True,False,32043465254,CAPITAL FIRE PROTECTION LLC,PO BOX 422156,HOUSTON,TX,77242,CL,U,0801374424,01/24/2011,A,A,01/24/2011,,exact legal name incl. entity suffix: TX 'CAPITAL FIRE PROTECTION LLC'; city only (HOUSTON); street and ZIP differ; only active Texas record with this name statewide; city-level address corroboration
biz-528,verified,selected,high,legal,True,False,17416541740,"GILBERT PLUMBING COMPANY, LP",4118 SOUTHERLAND RD,HOUSTON,TX,77092,PL,U,0800434524,01/01/2005,A,A,12/19/1969,,"exact legal name incl. entity suffix: TX 'GILBERT PLUMBING COMPANY, LP'; street address corroborates: TX '4118 SOUTHERLAND RD, HOUSTON 77092'"
biz-528,verified,,low,address,False,False,32016448022,"GILBERT PLUMBING COMPANY GP, LLC",4118 SOUTHERLAND RD,HOUSTON,TX,77092,CL,U,0800434521,12/31/2004,A,A,12/31/2004,453998,"same street+ZIP, similar name (token overlap 0.50): TX 'GILBERT PLUMBING COMPANY GP, LLC'; street address corroborates: TX '4118 SOUTHERLAND RD, HOUSTON 77092'"
biz-529,verified,selected,medium,legal,True,False,17424833410,"VAMVORAS, LTD.",PO BOX 781667,SAN ANTONIO,TX,78278,PL,U,0800533152,08/18/2005,A,A,12/15/1987,,"exact legal name incl. entity suffix: TX 'VAMVORAS, LTD.'; city only (SAN ANTONIO); street and ZIP differ; only active Texas record with this name statewide; city-level address corroboration"
biz-530,verified,selected,high,legal,True,False,17601674975,"KINGWOOD AIR CONDITIONING & HEATING, INC.",22424 LOOP 494,KINGWOOD,TX,77339,CT,U,0077169300,10/22/1985,A,A,10/22/1985,238221,"exact legal name incl. entity suffix: TX 'KINGWOOD AIR CONDITIONING & HEATING, INC.'; street address corroborates: TX '22424 LOOP 494, KINGWOOD 77339'"
biz-531,verified,selected,high,legal,True,False,17602381075,"C-AIR-S MECHANICAL, INC.",8430 FAWNDALE LN,HOUSTON,TX,77040,CT,U,0800908860,12/12/2007,A,A,11/30/1987,238222,"exact legal name incl. entity suffix: TX 'C-AIR-S MECHANICAL, INC.'; street address corroborates: TX '8430 FAWNDALE LN, HOUSTON 77040'"
biz-532,verified,selected,medium,legal,True,False,32052600718,"CHIP MILLER PLUMBING, LLC",PO BOX 110,WILLS POINT,TX,75169,CL,U,0801892603,12/04/2013,A,N,12/04/2013,,"exact legal name incl. entity suffix: TX 'CHIP MILLER PLUMBING, LLC'; ZIP 75169 corroborates (street differs: TX 'PO BOX 110')"
biz-533,verified,selected,high,legal,True,False,10304520421,"CLASSIC PLUMBING, LLC",1301 10TH ST,PLANO,TX,75074,CL,U,0802584848,11/17/2016,A,A,01/01/2008,,"exact legal name incl. entity suffix: TX 'CLASSIC PLUMBING, LLC'; street address corroborates: TX '1301 10TH ST, PLANO 75074'"
biz-534,verified,selected,high,legal,True,False,17518163500,"PANTEX PLUMBING, INC.",PO BOX 3249,AMARILLO,TX,79116,CT,U,0059812600,02/26/1982,A,A,02/26/1982,238222,"exact legal name incl. entity suffix: TX 'PANTEX PLUMBING, INC.'; street address corroborates: TX 'PO BOX 3249, AMARILLO 79116'"
biz-535,review,,low,legal,True,False,17561159892,"H & G SYSTEMS, L.P.",9150 MARKVILLE DR,DALLAS,TX,75243,PL,U,0800016017,10/02/2001,A,A,07/05/1973,,"exact legal name incl. entity suffix: TX 'H & G SYSTEMS, L.P.'; no address corroboration (TX address 9150 MARKVILLE DR, DALLAS TX 75243)"
biz-536,review,,low,legal,True,False,32034733769,CERTIFIED PLACERS LLC,PO BOX 367,LA FERIA,TX,78559,CL,U,0800938685,02/19/2008,A,A,02/19/2008,238120,"exact legal name incl. entity suffix: TX 'CERTIFIED PLACERS LLC'; no address corroboration (TX address PO BOX 367, LA FERIA TX 78559)"
biz-537,review,,low,legal,True,False,17524148594,"KEN-MAN PLUMBING, INC.",3288 MESQUITE DR,VENUS,TX,76084,CT,U,0120896600,10/14/1991,A,A,10/14/1991,238220,"exact legal name incl. entity suffix: TX 'KEN-MAN PLUMBING, INC.'; no address corroboration (TX address 3288 MESQUITE DR, VENUS TX 76084)"
biz-538,review,,low,legal,True,False,32039335420,"DILMAK SERVICES, LLC",PO BOX 509,ADKINS,TX,78101,CL,U,0801111615,04/16/2009,R,A,04/16/2009,,"exact legal name incl. entity suffix: TX 'DILMAK SERVICES, LLC'; no address corroboration (TX address PO BOX 509, ADKINS TX 78101)"
biz-539,verified,selected,high,legal,True,False,32042708787,"NATIVE SOLUTIONS, INC.",1400 S SHERMAN ST STE 120,RICHARDSON,TX,75081,CT,U,0801322979,09/24/2010,A,A,09/24/2010,,"exact legal name incl. entity suffix: TX 'NATIVE SOLUTIONS, INC.'; street address corroborates: TX '1400 S SHERMAN ST STE 120, RICHARDSON 75081'"
biz-540,verified,selected,medium,legal,True,False,12022377688,"JET MECHANICAL, INC.",2642 DANBURY ST,SAN ANTONIO,TX,78217,CT,U,0800445331,01/26/2005,A,N,01/26/2005,238220,"exact legal name incl. entity suffix: TX 'JET MECHANICAL, INC.'; ZIP 78217 corroborates (street differs: TX '2642 DANBURY ST')"
biz-541,verified,selected,medium,legal,True,False,32047699015,"SI MECHANICAL, LLC",PO BOX 1589,BUDA,TX,78610,CL,U,0801583578,04/18/2012,A,A,04/18/2012,238220,"exact legal name incl. entity suffix: TX 'SI MECHANICAL, LLC'; ZIP 78610 corroborates (street differs: TX 'PO BOX 1589')"
biz-542,verified,selected,high,legal,True,False,17600647709,"GRAVES MECHANICAL, INC.",5910 SCHUMACHER LN,HOUSTON,TX,77057,CT,U,0065743800,05/26/1983,A,A,05/26/1983,238212,"exact legal name incl. entity suffix: TX 'GRAVES MECHANICAL, INC.'; street address corroborates: TX '5910 SCHUMACHER LN, HOUSTON 77057'"
biz-542,verified,,low,address,False,False,17602085023,"GRAVES-WEST MECHANICAL, INC.",5910 SCHUMACHER LN,HOUSTON,TX,77057,CT,U,0102569900,01/27/1987,A,A,01/27/1987,,"same street+ZIP, similar name (token overlap 0.67): TX 'GRAVES-WEST MECHANICAL, INC.'; street address corroborates: TX '5910 SCHUMACHER LN, HOUSTON 77057'"
biz-543,verified,selected,high,legal,True,False,17517382390,CHAPMAN AIR-CONDITIONING INC.,10750 SANDHILL RD STE B ATTN: LARRY BAIL,DALLAS,TX,75238,CT,U,0055075300,02/10/1981,R,A,02/10/1981,811310,"exact legal name incl. entity suffix: TX 'CHAPMAN AIR-CONDITIONING INC.'; street address corroborates: TX '10750 SANDHILL RD STE B ATTN: LARRY BAIL, DALLAS 75238'"
biz-544,verified,selected,medium,legal,True,False,17527836849,"TRUSS & SON PLUMBING, INC.",PO BOX 151640,LUFKIN,TX,75915,CT,U,0150738400,09/28/1998,A,A,09/28/1998,238221,"exact legal name incl. entity suffix: TX 'TRUSS & SON PLUMBING, INC.'; city only (LUFKIN); street and ZIP differ; only active Texas record with this name statewide; city-level address corroboration"
biz-545,verified,selected,high,legal,True,False,32034625940,"Q. MARTINS PLUMBING SERVICES, INC.",11712 FRANCIS SCOBEE DR,EL PASO,TX,79936,CT,U,0800931270,01/30/2008,A,A,01/30/2008,,"exact legal name incl. entity suffix: TX 'Q. MARTINS PLUMBING SERVICES, INC.'; street address corroborates: TX '11712 FRANCIS SCOBEE DR, EL PASO 79936'"
biz-546,verified,selected,medium,legal,True,False,17426328146,"AMERICAN WATERCARE, INC.",PO BOX 2080,ROUND ROCK,TX,78680,CT,U,0122952500,04/29/1992,A,A,04/29/1992,333318,"exact legal name incl. entity suffix: TX 'AMERICAN WATERCARE, INC.'; city only (ROUND ROCK); street and ZIP differ; only active Texas record with this name statewide; city-level address corroboration"
biz-547,verified,selected,medium,legal,True,False,17428609097,"KILLEEN HEATING & AIR CONDITIONING, INC.",507 CONDER ST,KILLEEN,TX,76541,CT,U,0146382400,10/14/1997,R,A,10/14/1997,238220,"exact legal name incl. entity suffix: TX 'KILLEEN HEATING & AIR CONDITIONING, INC.'; ZIP 76541 corroborates (street differs: TX '507 CONDER ST')"
biz-549,verified,selected,high,legal,True,False,17428953578,"O'HAVER PLUMBING, LTD.",18615 FM 2252,SAN ANTONIO,TX,78266,PL,U,0013063310,02/02/2000,A,A,10/12/1998,,"exact legal name incl. entity suffix: TX 'O'HAVER PLUMBING, LTD.'; street address corroborates: TX '18615 FM 2252, SAN ANTONIO 78266'"
biz-550,verified,selected,medium,legal,True,False,17527403194,"PETREK MECHANICAL CONTRACTORS, LTD.",9618 HIGHWAY 80 W,FORT WORTH,TX,76116,PL,U,0800312290,03/04/2004,A,A,04/27/1995,,"exact legal name incl. entity suffix: TX 'PETREK MECHANICAL CONTRACTORS, LTD.'; ZIP 76116 corroborates (street differs: TX '9618 HIGHWAY 80 W')"
biz-551,review,,low,address,False,False,13002908427,"ALLIANCE MECHANICAL SERVICES, L.L.C.",2130 REGAL PKWY,EULESS,TX,76040,CL,U,0800435260,01/04/2005,A,A,01/04/2005,238220,"same street+ZIP, similar name (token overlap 0.75): TX 'ALLIANCE MECHANICAL SERVICES, L.L.C.'; street address corroborates: TX '2130 REGAL PKWY, EULESS 76040'"
biz-553,review,,low,legal,False,True,32105279395,"ALAMO WELDING & BOILER WORKS, LLC",3847 RED CEDAR WAY,CHASKA,MN,55318,CL,U,0806527153,04/02/2026,A,A,04/02/2026,,"legal name match (entity suffix ignored): TX 'ALAMO WELDING & BOILER WORKS, LLC'; no address corroboration (TX address 3847 RED CEDAR WAY, CHASKA MN 55318); entity type differs (PPP 'corp' vs TX 'llc'): possible conversion/successor, charter date may not cover the PPP entity"
biz-554,review,,low,legal,True,False,32041109458,"TIM BAILEY PLUMBING, LLC",PO BOX 11068,COLLEGE STA,TX,77842,CL,U,0802510575,08/02/2016,A,A,02/01/2010,238220,"exact legal name incl. entity suffix: TX 'TIM BAILEY PLUMBING, LLC'; no address corroboration (TX address PO BOX 11068, COLLEGE STA TX 77842)"
biz-555,verified,selected,high,legal,True,False,17604681241,"WALLER COUNTY ELECTRIC, INC.",1005 13TH ST,HEMPSTEAD,TX,77445,CT,U,0133706300,12/12/1994,A,A,12/12/1994,238221,"exact legal name incl. entity suffix: TX 'WALLER COUNTY ELECTRIC, INC.'; street address corroborates: TX '1005 13TH ST, HEMPSTEAD 77445'"
biz-555,verified,,low,address,False,False,32072543591,"WALLER COUNTY ELECTRIC EQUIPMENT LEASING, INC.",1005 13TH ST,HEMPSTEAD,TX,77445,CT,U,0803472070,11/07/2019,A,A,11/07/2019,,"same street+ZIP, similar name (token overlap 0.60): TX 'WALLER COUNTY ELECTRIC EQUIPMENT LEASING, INC.'; street address corroborates: TX '1005 13TH ST, HEMPSTEAD 77445'"
biz-555,verified,,low,address,False,False,32072543609,"WALLER COUNTY ELECTRIC REAL ESTATE, LLC",1005 13TH ST,HEMPSTEAD,TX,77445,CL,U,0803472069,11/07/2019,A,A,11/07/2019,,"same street+ZIP, similar name (token overlap 0.60): TX 'WALLER COUNTY ELECTRIC REAL ESTATE, LLC'; street address corroborates: TX '1005 13TH ST, HEMPSTEAD 77445'"
biz-557,review,,low,legal,False,False,32034339559,LASCO MECHANICAL SERVICES LLC,4101 COUNTY ROAD 2509,ROYSE CITY,TX,75189,CL,U,0800912682,12/19/2007,A,A,12/19/2007,238220,"legal name match (entity suffix ignored): TX 'LASCO MECHANICAL SERVICES LLC'; no address corroboration (TX address 4101 COUNTY ROAD 2509, ROYSE CITY TX 75189)"
biz-558,review,,low,legal,True,False,32033836845,LASCO PROCESS SYSTEMS LLC,5224 BEAR CREEK CT,IRVING,TX,75061,CL,U,0800876882,09/27/2007,A,A,09/27/2007,,"exact legal name incl. entity suffix: TX 'LASCO PROCESS SYSTEMS LLC'; no address corroboration (TX address 5224 BEAR CREEK CT, IRVING TX 75061)"
biz-559,review,,low,legal,True,False,32039444180,"STELLAR PLUMBING, INC.",PO BOX 8274,ROUND ROCK,TX,78683,CT,U,0801118149,05/01/2009,R,A,05/01/2009,,"exact legal name incl. entity suffix: TX 'STELLAR PLUMBING, INC.'; no address corroboration (TX address PO BOX 8274, ROUND ROCK TX 78683)"
biz-560,verified,selected,medium,legal,True,False,12042636584,RENEGADE FIRE SYSTEMS LLC,4317B FM 2351 RD,FRIENDSWOOD,TX,77546,CL,U,0800610659,02/08/2006,A,A,02/08/2006,561621,exact legal name incl. entity suffix: TX 'RENEGADE FIRE SYSTEMS LLC'; ZIP 77546 corroborates (street differs: TX '4317B FM 2351 RD')
biz-561,verified,selected,high,legal,True,False,17604407233,"PRECISE TECHNICAL SERVICES, INC.",18616 KLEIN CHURCH RD,SPRING,TX,77379,CT,U,0131545000,06/08/1994,A,A,06/08/1994,238211,"exact legal name incl. entity suffix: TX 'PRECISE TECHNICAL SERVICES, INC.'; street address corroborates: TX '18616 KLEIN CHURCH RD, SPRING 77379'"
biz-562,verified,selected,medium,legal,True,False,17426549519,S.A. RITEWAY SERVICE COMPANY,10123 IRON OAK LN C/O CAROL SUGARMAN,SAN ANTONIO,TX,78213,CT,U,0125634900,01/12/1993,A,A,01/12/1993,238222,exact legal name incl. entity suffix: TX 'S.A. RITEWAY SERVICE COMPANY'; city only (SAN ANTONIO); street and ZIP differ; only active Texas record with this name statewide; city-level address corroboration
biz-564,review,,low,legal,True,False,32040224779,AGGRESSIVE PLUMBING SERVICE & REPAIR LLC,2515 WEAVER ST STE F,HALTOM CITY,TX,76117,CL,U,0801165520,09/02/2009,A,A,09/02/2009,238220,"exact legal name incl. entity suffix: TX 'AGGRESSIVE PLUMBING SERVICE & REPAIR LLC'; no address corroboration (TX address 2515 WEAVER ST STE F, HALTOM CITY TX 76117)"
biz-565,verified,selected,high,legal,True,False,32066859565,CW MECHANICAL LLC,914 E MEYER RD,SEABROOK,TX,77586,CL,U,0802989116,04/13/2018,A,A,04/13/2018,,"exact legal name incl. entity suffix: TX 'CW MECHANICAL LLC'; street address corroborates: TX '914 E MEYER RD, SEABROOK 77586'"
biz-566,verified,selected,high,legal,True,False,17427595511,"M.S.C. MECHANICAL, INC.",10464 STATE HIGHWAY 30,COLLEGE STA,TX,77845,CT,U,0137046600,09/14/1995,A,A,09/14/1995,238222,"exact legal name incl. entity suffix: TX 'M.S.C. MECHANICAL, INC.'; street address corroborates: TX '10464 STATE HIGHWAY 30, COLLEGE STA 77845'"
biz-567,verified,selected,high,legal,True,False,32019916918,"AVATT SERVICES, INC.",340 COUNTY ROAD 260,LIBERTY HILL,TX,78642,CT,U,0800661591,05/30/2006,A,A,05/30/2006,238220,"exact legal name incl. entity suffix: TX 'AVATT SERVICES, INC.'; street address corroborates: TX '340 COUNTY ROAD 260, LIBERTY HILL 78642'"
biz-568,verified,selected,high,legal,True,False,32044061862,PRO SERVE PLUMBING LLC,11255 CAMP BOWIE WEST BLVD STE 120,ALEDO,TX,76008,CL,U,0801413106,04/18/2011,A,A,04/18/2011,,"exact legal name incl. entity suffix: TX 'PRO SERVE PLUMBING LLC'; street address corroborates: TX '11255 CAMP BOWIE WEST BLVD STE 120, ALEDO 76008'"
biz-569,verified,selected,high,legal,True,False,17523947368,"COOPER & MOORE, INC.",10430 SHADY TRL STE 100,DALLAS,TX,75220,CT,U,0120523000,09/05/1991,A,A,09/05/1991,238222,"exact legal name incl. entity suffix: TX 'COOPER & MOORE, INC.'; street address corroborates: TX '10430 SHADY TRL STE 100, DALLAS 75220'"
biz-570,verified,selected,medium,legal,True,False,17525728642,"AMERICAN PLUMBING COMPANY, INC.",PO BOX 5114,TYLER,TX,75712,CT,U,0133885800,12/27/1994,A,A,12/27/1994,238221,"exact legal name incl. entity suffix: TX 'AMERICAN PLUMBING COMPANY, INC.'; ZIP 75712 corroborates (street differs: TX 'PO BOX 5114')"
biz-571,verified,selected,medium,legal,True,False,19201919909,"LONGMIRE PLUMBING, INC.",2301 S 34TH ST,ABILENE,TX,79605,CT,U,0800175089,02/19/2003,R,A,02/19/2003,238222,"exact legal name incl. entity suffix: TX 'LONGMIRE PLUMBING, INC.'; city only (ABILENE); street and ZIP differ; only active Texas record with this name statewide; city-level address corroboration"
biz-572,verified,selected,high,legal,True,False,17415094758,"STRAUS SYSTEMS, INC.",7 STRAUS CT,STAFFORD,TX,77477,CT,U,0800836991,06/28/2007,A,A,07/01/1965,541330,"exact legal name incl. entity suffix: TX 'STRAUS SYSTEMS, INC.'; street address corroborates: TX '7 STRAUS CT, STAFFORD 77477'"
biz-573,verified,selected,medium,legal,True,False,32051074089,MATHEWS AIR COMFORT SOLUTIONS LLC,4502 S PADRE ISLAND DR,CORPUS CHRISTI,TX,78411,CL,U,0801789310,05/23/2013,R,N,05/23/2013,238220,exact legal name incl. entity suffix: TX 'MATHEWS AIR COMFORT SOLUTIONS LLC'; city only (CORPUS CHRISTI); street and ZIP differ; only active Texas record with this name statewide; city-level address corroboration
biz-574,verified,selected,medium,legal,False,True,17601074374,"AAA PLUMBERS, LLC",PO BOX 40291,HOUSTON,TX,77240,CI,U,0070099600,04/17/1984,C,A,04/17/1984,238221,"legal name match (entity suffix ignored): TX 'AAA PLUMBERS, LLC'; city only (HOUSTON); street and ZIP differ; entity type differs (PPP 'corp' vs TX 'llc'): possible conversion/successor, charter date may not cover the PPP entity; address corroborated via DOL Form 5500-SF 2024 ACK 20250718065048NAL0001354081001: sponsor EIN 760107437 (= FEIN in TX taxpayer number), sponsor 'AAA PLUMBERS, INC.' at 6547 PETROPARK DRIVE, HOUSTON 77041 = PPP borrower address"
biz-575,verified,selected,high,legal,True,False,17510749090,"HAROLD JAMES, INC",3240 BRYAN AVE,FORT WORTH,TX,76110,CT,U,0017542300,06/19/1961,A,A,06/19/1961,238221,"exact legal name incl. entity suffix: TX 'HAROLD JAMES, INC'; street address corroborates: TX '3240 BRYAN AVE, FORT WORTH 76110'"
biz-576,verified,selected,high,legal,True,False,17428404671,"CUSTOM FILTRATION, INC.",9233 LEOPARD ST,CORPUS CHRISTI,TX,78409,CT,U,0145126000,06/26/1997,A,A,06/26/1997,238221,"exact legal name incl. entity suffix: TX 'CUSTOM FILTRATION, INC.'; street address corroborates: TX '9233 LEOPARD ST, CORPUS CHRISTI 78409'"
biz-577,verified,selected,high,legal,True,False,17603497995,"HOUSTON AUTUMN AIR, INC.",18812 TOMATO ST,SPRING,TX,77379,CT,U,0118322400,02/19/1991,A,A,02/19/1991,238221,"exact legal name incl. entity suffix: TX 'HOUSTON AUTUMN AIR, INC.'; street address corroborates: TX '18812 TOMATO ST, SPRING 77379'"
biz-577,verified,,low,address,False,False,32069057456,"AUTUMN AIR, L.L.C.",18812 TOMATO ST,SPRING,TX,77379,CL,U,0803175857,12/03/2018,A,A,12/03/2018,,"same street+ZIP, similar name (token overlap 0.67): TX 'AUTUMN AIR, L.L.C.'; street address corroborates: TX '18812 TOMATO ST, SPRING 77379'"
biz-578,review,,low,legal,True,False,32052355156,"A/C RESCUE, INC",5095 STATE HIGHWAY 276,ROYSE CITY,TX,75189,CT,U,0802344600,01/02/2016,A,A,10/30/2013,,"exact legal name incl. entity suffix: TX 'A/C RESCUE, INC'; no address corroboration (TX address 5095 STATE HIGHWAY 276, ROYSE CITY TX 75189)"
biz-580,verified,selected,high,legal,True,False,17517121251,"M. BROWN SERVICE COMPANY, INC.",6340 BAKER BLVD,RICHLAND HLS,TX,76118,CT,U,0052262200,06/23/1980,A,D,06/23/1980,238221,"exact legal name incl. entity suffix: TX 'M. BROWN SERVICE COMPANY, INC.'; street address corroborates: TX '6340 BAKER BLVD, RICHLAND HLS 76118'"
biz-582,verified,selected,high,legal,True,False,19434240248,"SMELSCER PLUMBING, INC.",PO BOX 20551,WACO,TX,76702,CT,U,0800052498,02/05/2002,R,A,02/05/2002,238221,"exact legal name incl. entity suffix: TX 'SMELSCER PLUMBING, INC.'; street address corroborates: TX 'PO BOX 20551, WACO 76702'"
biz-583,verified,selected,medium,legal,True,False,17527893014,HEAT AIR PRODUCTS COMPANY,PO BOX 14866,FORT WORTH,TX,76117,CT,U,0149680000,07/06/1998,A,A,07/06/1998,238392,exact legal name incl. entity suffix: TX 'HEAT AIR PRODUCTS COMPANY'; ZIP 76117 corroborates (street differs: TX 'PO BOX 14866')
biz-585,verified,selected,medium,legal,True,False,17428757557,"PROFIRE PROTECTION, INC.",PO BOX 4859,CORPUS CHRISTI,TX,78469,CT,U,0148587500,04/09/1998,A,A,04/09/1998,423850,"exact legal name incl. entity suffix: TX 'PROFIRE PROTECTION, INC.'; city only (CORPUS CHRISTI); street and ZIP differ; only active Texas record with this name statewide; city-level address corroboration"
biz-586,verified,selected,high,legal,True,False,17606285686,CRUZ GENERAL INC.,2005 FM 1960 BYPASS RD E,HUMBLE,TX,77338,CT,U,0156589000,01/12/2000,A,A,01/12/2000,532412,"exact legal name incl. entity suffix: TX 'CRUZ GENERAL INC.'; street address corroborates: TX '2005 FM 1960 BYPASS RD E, HUMBLE 77338'"
biz-587,verified,selected,medium,legal,True,False,12700209427,"LONGHORN MECHANICAL, INC.",PO BOX 909,VAN ALSTYNE,TX,75495,CT,U,0800097719,06/24/2002,R,A,06/24/2002,,"exact legal name incl. entity suffix: TX 'LONGHORN MECHANICAL, INC.'; ZIP 75495 corroborates (street differs: TX 'PO BOX 909')"
biz-588,review,,low,legal,True,False,17601728979,"SAYE PLUMBING CONTRACTORS, INC., HOUSTON",18002 MUESCHKE RD,CYPRESS,TX,77433,CT,U,0078588100,02/14/1986,A,A,02/14/1986,238221,"exact legal name incl. entity suffix: TX 'SAYE PLUMBING CONTRACTORS, INC., HOUSTON'; no address corroboration (TX address 18002 MUESCHKE RD, CYPRESS TX 77433)"
biz-590,review,,low,legal,True,False,32052170944,"BRIGADE FIRE SOLUTIONS, LLC",7110 BRITTMOORE RD STE 350,HOUSTON,TX,77041,CL,U,0801863712,10/04/2013,A,A,10/04/2013,238220,"exact legal name incl. entity suffix: TX 'BRIGADE FIRE SOLUTIONS, LLC'; no address corroboration (TX address 7110 BRITTMOORE RD STE 350, HOUSTON TX 77041)"
biz-591,verified,selected,high,legal,True,False,32054953446,"TRIO FIRE SYSTEMS, LLC",1138 S CEDAR RIDGE C/O TOMMY WRIGHT,DUNCANVILLE,TX,75137,CL,U,0802049406,08/21/2014,A,A,08/21/2014,,"exact legal name incl. entity suffix: TX 'TRIO FIRE SYSTEMS, LLC'; street address corroborates: TX '1138 S CEDAR RIDGE C/O TOMMY WRIGHT, DUNCANVILLE 75137'"
biz-592,review,,low,legal,True,False,32041671903,"PRIORITY PLUMBING, LLC",13820 KIDD RD,CONROE,TX,77302,CL,U,0801257417,04/17/2010,R,A,04/17/2010,,"exact legal name incl. entity suffix: TX 'PRIORITY PLUMBING, LLC'; no address corroboration (TX address 13820 KIDD RD, CONROE TX 77302)"
biz-593,verified,selected,medium,legal,True,False,32066028732,"KTB MECHANICAL, LLC",PO BOX 1532,CYPRESS,TX,77410,CL,U,0802917354,01/22/2018,A,A,01/22/2018,238220,"exact legal name incl. entity suffix: TX 'KTB MECHANICAL, LLC'; city only (CYPRESS); street and ZIP differ; only active Texas record with this name statewide; city-level address corroboration"
biz-594,review,,low,legal,True,False,32053696426,"DYNAMIC MANAGEMENT MECHANICAL CONTRACTING, LLC",137 WINDY MEADOWS DR,SCHERTZ,TX,78154,CL,U,0801965671,04/04/2014,A,A,04/04/2014,,"exact legal name incl. entity suffix: TX 'DYNAMIC MANAGEMENT MECHANICAL CONTRACTING, LLC'; no address corroboration (TX address 137 WINDY MEADOWS DR, SCHERTZ TX 78154)"
biz-596,review,,low,legal,False,True,32077214818,CHAMPION AC LLC,2114 LOU ELLEN LN,HOUSTON,TX,77018,CI,U,0803881157,01/04/2021,A,A,01/04/2021,,"legal name match (entity suffix ignored): TX 'CHAMPION AC LLC'; no address corroboration (TX address 2114 LOU ELLEN LN, HOUSTON TX 77018); entity type differs (PPP 'corp' vs TX 'llc'): possible conversion/successor, charter date may not cover the PPP entity"
biz-597,verified,selected,medium,legal,True,False,17426954917,"BIESENBACH, INC.",PO BOX 629,ADKINS,TX,78101,CT,U,0129840100,01/21/1994,A,A,01/21/1994,238222,"exact legal name incl. entity suffix: TX 'BIESENBACH, INC.'; no address corroboration (TX address PO BOX 629, ADKINS TX 78101); address corroborated via DOL Form 5500-SF 2024 ACK 20250819135838NAL0001179075001: sponsor EIN 742695491 (= FEIN in TX taxpayer number), sponsor 'BIESENBACH INC.' at 9254 US 87, LOT 3, SAN ANTONIO 78263 = PPP borrower address"
biz-599,verified,selected,high,legal,False,False,15623058532,"E. D. MILLER SERVICE COMPANY, LLC",9736 BROCKBANK DR,DALLAS,TX,75220,CL,U,0800146258,11/25/2002,A,A,11/25/2002,238222,"legal name match (entity suffix ignored): TX 'E. D. MILLER SERVICE COMPANY, LLC'; street address corroborates: TX '9736 BROCKBANK DR, DALLAS 75220'"
biz-599,verified,,low,address,False,False,32014199379,"MILLER ENGINEERING SERVICE, LLC",9736 BROCKBANK DR,DALLAS,TX,75220,CL,U,0800293278,01/16/2004,A,A,01/16/2004,,"same street+ZIP, similar name (token overlap 0.50): TX 'MILLER ENGINEERING SERVICE, LLC'; street address corroborates: TX '9736 BROCKBANK DR, DALLAS 75220'"
biz-602,verified,selected,medium,legal,True,False,17522973068,HIGHLAND FIRE PROTECTION COMPANY,3100 PREMIER DR STE 200,IRVING,TX,75063,CT,U,0112177100,07/27/1989,A,A,07/27/1989,238212,exact legal name incl. entity suffix: TX 'HIGHLAND FIRE PROTECTION COMPANY'; ZIP 75063 corroborates (street differs: TX '3100 PREMIER DR STE 200')
biz-603,review,,low,legal,True,False,17426127811,"A-OK PLUMBING, INC.",PO BOX 2369,LEANDER,TX,78646,CT,U,0120750600,09/27/1991,A,A,09/27/1991,238221,"exact legal name incl. entity suffix: TX 'A-OK PLUMBING, INC.'; no address corroboration (TX address PO BOX 2369, LEANDER TX 78646)"
biz-604,verified,selected,medium,legal,True,False,32014767647,"COOL SERVICES, INC.",708 E HOWARD LN,AUSTIN,TX,78753,CT,U,0800325894,04/05/2004,A,A,04/05/2004,238220,"exact legal name incl. entity suffix: TX 'COOL SERVICES, INC.'; city only (AUSTIN); street and ZIP differ; only active Texas record with this name statewide; city-level address corroboration"
biz-605,review,,low,legal,True,False,32061484765,"NITRO A/C, LLC",5614 FRANZ RD,KATY,TX,77493,CL,U,0802535825,09/06/2016,A,A,09/06/2016,,"exact legal name incl. entity suffix: TX 'NITRO A/C, LLC'; no address corroboration (TX address 5614 FRANZ RD, KATY TX 77493)"
biz-606,verified,selected,high,legal,False,False,17600270205,HYMAN PLUMBING COMPANY,9880 LOST LN,CHAPPELL HILL,TX,77426,CT,U,0060916100,05/27/1982,A,A,05/27/1982,238000,"legal name match (entity suffix ignored): TX 'HYMAN PLUMBING COMPANY'; street address corroborates: TX '9880 LOST LN, CHAPPELL HILL 77426'"
biz-607,review,,low,address,False,False,17603223987,"CUSTOM AIR CONDITIONING AND SHEET METAL, INC.",1729 STEBBINS DR STE 110,HOUSTON,TX,77043,CT,U,0117236300,11/12/1990,R,N,11/12/1990,238222,"same street+ZIP, similar name (token overlap 0.57): TX 'CUSTOM AIR CONDITIONING AND SHEET METAL, INC.'; street address corroborates: TX '1729 STEBBINS DR STE 110, HOUSTON 77043'"
biz-608,review,,low,legal,False,False,17419975291,"SARGENT PLUMBING, INC.",25808 LA FOUCHE DR,TOMBALL,TX,77377,CT,U,0062772800,10/27/1982,A,A,10/27/1982,238221,"legal name match (entity suffix ignored): TX 'SARGENT PLUMBING, INC.'; ZIP 77377 corroborates (street differs: TX '25808 LA FOUCHE DR')"
biz-609,verified,selected,high,legal,True,False,17427775139,"CENTEX MECHANICAL, INC.",514 OLD AUSTIN HWY,BASTROP,TX,78602,CT,U,0138965200,02/27/1996,A,A,02/27/1996,238221,"exact legal name incl. entity suffix: TX 'CENTEX MECHANICAL, INC.'; street address corroborates: TX '514 OLD AUSTIN HWY, BASTROP 78602'"
biz-610,verified,selected,high,legal,True,False,32018706617,"RICHARDSON MECHANICAL, INC.",660 INTERNATIONAL PKWY STE 100,RICHARDSON,TX,75081,CT,U,0800582225,12/09/2005,R,A,12/09/2005,,"exact legal name incl. entity suffix: TX 'RICHARDSON MECHANICAL, INC.'; street address corroborates: TX '660 INTERNATIONAL PKWY STE 100, RICHARDSON 75081'"
biz-611,verified,selected,medium,legal,True,False,17420954871,"BELL AIR CONDITIONING, INC.",PO BOX 420,BELTON,TX,76513,CT,U,0050648100,02/06/1980,A,A,02/06/1980,238221,"exact legal name incl. entity suffix: TX 'BELL AIR CONDITIONING, INC.'; ZIP 76513 corroborates (street differs: TX 'PO BOX 420')"
biz-613,verified,selected,medium,legal,True,False,32065252614,"BLCCS, LLC",1665 E BORGFELD DR,SAN ANTONIO,TX,78260,CL,U,0802846875,10/27/2017,A,A,10/27/2017,541330,"exact legal name incl. entity suffix: TX 'BLCCS, LLC'; city only (SAN ANTONIO); street and ZIP differ; only active Texas record with this name statewide; city-level address corroboration"
biz-614,review,,low,legal,False,True,32034933286,"REGENCY PLUMBING CONTRACTORS, LLC",10631 S SAM HOUSTON PKWY W STE 200,HOUSTON,TX,77071,CL,U,0806314124,11/21/2025,A,A,01/01/2008,,"legal name match (entity suffix ignored): TX 'REGENCY PLUMBING CONTRACTORS, LLC'; no address corroboration (TX address 10631 S SAM HOUSTON PKWY W STE 200, HOUSTON TX 77071); entity type differs (PPP 'partnership' vs TX 'llc'): possible conversion/successor, charter date may not cover the PPP entity"
biz-616,review,,low,legal,True,False,32044814807,"MR. CHILL HEATING AND AIR, INC.",2000 EXCHANGE DR,SAINT CHARLES,MO,63303,CT,U,0801706543,12/28/2012,A,A,08/08/2011,,"exact legal name incl. entity suffix: TX 'MR. CHILL HEATING AND AIR, INC.'; no address corroboration (TX address 2000 EXCHANGE DR, SAINT CHARLES MO 63303)"
biz-617,verified,selected,medium,legal,True,False,17527968923,"EASTERN MECHANICAL CONTRACTORS, INC.",PO BOX 852787,MESQUITE,TX,75185,CT,U,0150172000,08/11/1998,A,A,08/11/1998,238222,"exact legal name incl. entity suffix: TX 'EASTERN MECHANICAL CONTRACTORS, INC.'; city only (MESQUITE); street and ZIP differ; only active Texas record with this name statewide; city-level address corroboration"
biz-618,verified,selected,high,legal,True,False,32059913767,"BILLY BLACK HVAC, INC.",1026 S GOODE ST,MIDLAND,TX,79701,CT,U,0802415363,03/17/2016,A,A,03/17/2016,,"exact legal name incl. entity suffix: TX 'BILLY BLACK HVAC, INC.'; street address corroborates: TX '1026 S GOODE ST, MIDLAND 79701'"
biz-618,verified,,low,address,False,False,32084190563,BILLY BLACK HVAC OF SAN ANGELO LLC,1026 S GOODE ST,MIDLAND,TX,79701,CL,U,0804529099,04/20/2022,A,N,04/20/2022,,"same street+ZIP, similar name (token overlap 0.50): TX 'BILLY BLACK HVAC OF SAN ANGELO LLC'; street address corroborates: TX '1026 S GOODE ST, MIDLAND 79701'"
biz-620,review,,low,legal,True,False,17602436911,O G H SERVICE COMPANY,402 4TH ST,SEALY,TX,77474,CT,U,0106943500,03/01/1988,A,A,03/01/1988,238220,"exact legal name incl. entity suffix: TX 'O G H SERVICE COMPANY'; no address corroboration (TX address 402 4TH ST, SEALY TX 77474)"
biz-621,verified,selected,medium,legal,True,False,12024247103,"D.E.K. PLUMBING, INC.",1220 W HURST BLVD STE 100,HURST,TX,76053,CT,U,0800461186,03/04/2005,A,A,03/04/2005,238220,"exact legal name incl. entity suffix: TX 'D.E.K. PLUMBING, INC.'; ZIP 76053 corroborates (street differs: TX '1220 W HURST BLVD STE 100')"
biz-624,verified,selected,medium,legal,True,False,17519359495,"ADVENT AIR CONDITIONING, INC.",1560 E SOUTHLAKE BLVD,SOUTHLAKE,TX,76092,CT,U,0068874600,01/25/1984,R,A,01/25/1984,238221,"exact legal name incl. entity suffix: TX 'ADVENT AIR CONDITIONING, INC.'; no address corroboration (TX address 1560 E SOUTHLAKE BLVD, SOUTHLAKE TX 76092); address corroborated via DOL Form 5500-SF 2024 ACK 20251014153550NAL0003297457003: sponsor EIN 751935949 (= FEIN in TX taxpayer number), sponsor 'ADVENT AIR CONDITIONING' at 500 S. KEALY STREET, LEWISVILLE 75057 = PPP borrower address"
biz-625,verified,selected,high,legal,True,False,17519958817,"SOUTHERN MECHANICAL PLUMBING, INC.",400 S ASTON DR,SUNNYVALE,TX,75182,CT,U,0071645500,08/13/1984,R,A,08/13/1984,238221,"exact legal name incl. entity suffix: TX 'SOUTHERN MECHANICAL PLUMBING, INC.'; street address corroborates: TX '400 S ASTON DR, SUNNYVALE 75182'"
biz-626,verified,selected,medium,legal,True,False,10436127541,"AIR FORCE HEATING & AIR CONDITIONING, INC.",2804 N ELM ST,DENTON,TX,76201,CT,U,0800058065,02/22/2002,A,A,02/22/2002,238221,"exact legal name incl. entity suffix: TX 'AIR FORCE HEATING & AIR CONDITIONING, INC.'; city only (DENTON); street and ZIP differ; only active Texas record with this name statewide; city-level address corroboration"
biz-627,verified,selected,high,legal,True,False,17604551329,DOUG TURNER PLUMBING CO.,PO BOX 1177,SUGAR LAND,TX,77487,CT,U,0133783200,12/19/1994,A,A,12/19/1994,238220,"exact legal name incl. entity suffix: TX 'DOUG TURNER PLUMBING CO.'; street address corroborates: TX 'PO BOX 1177, SUGAR LAND 77487'"
biz-628,review,,low,legal,False,True,32020139260,"HOLE IN ONE PLUMBING, LLC",7721 FM 35,ROYSE CITY,TX,75189,CL,U,0800676491,06/30/2006,A,A,06/30/2006,,"legal name match (entity suffix ignored): TX 'HOLE IN ONE PLUMBING, LLC'; no address corroboration (TX address 7721 FM 35, ROYSE CITY TX 75189); entity type differs (PPP 'corp' vs TX 'llc'): possible conversion/successor, charter date may not cover the PPP entity"
biz-629,review,,low,legal,True,False,17528025426,"MCDANIEL & SON PLUMBING, INC.",7501 US 287 HWY STE B1,ARLINGTON,TX,76001,CT,U,0152039300,01/21/1999,A,A,01/21/1999,238221,"exact legal name incl. entity suffix: TX 'MCDANIEL & SON PLUMBING, INC.'; no address corroboration (TX address 7501 US 287 HWY STE B1, ARLINGTON TX 76001)"
biz-630,verified,selected,medium,legal,True,False,32051524349,MAGNUM AIR INC.,7781 ADOUE RD BLDG. C,MONTGOMERY,TX,77316,CT,U,0801818477,07/18/2013,A,A,07/18/2013,,exact legal name incl. entity suffix: TX 'MAGNUM AIR INC.'; city only (MONTGOMERY); street and ZIP differ; only active Texas record with this name statewide; city-level address corroboration
biz-632,verified,selected,high,legal,True,False,12039044867,"RHEA & SONS ENTERPRISES, INC.",333 COUNTY ROAD 116,LLANO,TX,78643,CT,U,0800564507,10/28/2005,A,A,10/28/2005,238220,"exact legal name incl. entity suffix: TX 'RHEA & SONS ENTERPRISES, INC.'; street address corroborates: TX '333 COUNTY ROAD 116, LLANO 78643'"
biz-633,review,,low,legal,True,False,32041934145,"ACCELERATED MECHANICAL SERVICES, LLC",2517 FRANKLIN DR STE L,MESQUITE,TX,75150,CL,U,0801273459,05/25/2010,A,A,05/25/2010,238220,"exact legal name incl. entity suffix: TX 'ACCELERATED MECHANICAL SERVICES, LLC'; no address corroboration (TX address 2517 FRANKLIN DR STE L, MESQUITE TX 75150)"
biz-634,verified,selected,medium,legal,True,False,30119089966,"WHITAKER PLUMBING, INC.",PO BOX 1415,CARTHAGE,TX,75633,CT,U,0142513600,12/11/1996,A,A,12/11/1996,,"exact legal name incl. entity suffix: TX 'WHITAKER PLUMBING, INC.'; ZIP 75633 corroborates (street differs: TX 'PO BOX 1415')"
biz-635,review,,low,legal,True,False,32044112848,"JM ENGINEERING, LLC",1314 HILLRIDGE DR,ROUND ROCK,TX,78665,CL,U,0801416735,04/25/2011,A,A,04/25/2011,,"exact legal name incl. entity suffix: TX 'JM ENGINEERING, LLC'; no address corroboration (TX address 1314 HILLRIDGE DR, ROUND ROCK TX 78665)"
biz-636,review,,low,legal,True,False,32097602166,"DFS FIRE SYSTEMS, LLC",2801 NETWORK BLVD STE 300,FRISCO,TX,75034,CI,V,0805786228,11/15/2024,A,A,11/15/2024,,"exact legal name incl. entity suffix: TX 'DFS FIRE SYSTEMS, LLC'; no address corroboration (TX address 2801 NETWORK BLVD STE 300, FRISCO TX 75034)"
biz-637,verified,selected,high,legal,True,False,32038814821,"ALL-TEX BOILER & PLUMBING SERVICES, LLC",10635 TOWER OAKS BLVD STE I,HOUSTON,TX,77070,CL,U,0801081835,02/05/2009,A,A,02/05/2009,,"exact legal name incl. entity suffix: TX 'ALL-TEX BOILER & PLUMBING SERVICES, LLC'; street address corroborates: TX '10635 TOWER OAKS BLVD STE I, HOUSTON 77070'"
biz-638,verified,selected,high,legal,True,False,32035576159,"ABERLE PLUMBING, LLC",13141 KINSMAN RD,HOUSTON,TX,77049,CL,U,0802785550,08/05/2017,A,A,01/01/2008,,"exact legal name incl. entity suffix: TX 'ABERLE PLUMBING, LLC'; street address corroborates: TX '13141 KINSMAN RD, HOUSTON 77049'"
biz-639,verified,selected,high,legal,False,False,32029654566,"M F PLUMBING CO., INC.",2060 FM 963,BURNET,TX,78611,CT,U,0800797734,04/04/2007,A,A,04/04/2007,238220,"legal name match (entity suffix ignored): TX 'M F PLUMBING CO., INC.'; street address corroborates: TX '2060 FM 963, BURNET 78611'"
biz-641,verified,selected,medium,legal,True,False,17515044166,"REED PLUMBING, INC.",PO BOX 1230,KENNEDALE,TX,76060,CT,U,0037890800,04/09/1976,A,A,04/09/1976,238000,"exact legal name incl. entity suffix: TX 'REED PLUMBING, INC.'; ZIP 76060 corroborates (street differs: TX 'PO BOX 1230')"
biz-642,verified,selected,high,legal,True,False,17605221617,DP SOUTH TEXAS PLUMBING COMPANY,5431 BRYSTONE DR,HOUSTON,TX,77041,CT,U,0134142200,01/13/1995,A,A,01/13/1995,238000,"exact legal name incl. entity suffix: TX 'DP SOUTH TEXAS PLUMBING COMPANY'; street address corroborates: TX '5431 BRYSTONE DR, HOUSTON 77041'"
biz-643,review,,low,legal,True,False,32061121490,ONE SOURCE ENTERPRISE LLC,518 E HIGHWAY 67,DUNCANVILLE,TX,75137,CL,U,0802506067,07/26/2016,A,A,07/26/2016,238220,"exact legal name incl. entity suffix: TX 'ONE SOURCE ENTERPRISE LLC'; no address corroboration (TX address 518 E HIGHWAY 67, DUNCANVILLE TX 75137)"
biz-644,review,,low,legal,True,False,32006534625,MATCO HVAC INC,PO BOX 48485,WATAUGA,TX,76148,CT,U,0800093370,06/07/2002,R,A,06/07/2002,811490,"exact legal name incl. entity suffix: TX 'MATCO HVAC INC'; no address corroboration (TX address PO BOX 48485, WATAUGA TX 76148)"
biz-645,verified,selected,high,legal,True,False,18611248115,"CUSTOM FIRE PROTECTION OF TEXAS, INC.",5023 ADDICKS SATSUMA RD STE H,HOUSTON,TX,77084,CT,U,0800430064,12/23/2004,A,A,12/23/2004,236220,"exact legal name incl. entity suffix: TX 'CUSTOM FIRE PROTECTION OF TEXAS, INC.'; street address corroborates: TX '5023 ADDICKS SATSUMA RD STE H, HOUSTON 77084'"
biz-646,review,,low,legal,True,False,17418123463,STAN'S HEATING & AIR CONDITIONING LLC,8890 MCGAW RD STE 320,COLUMBIA,MD,21045,CL,U,0803180558,12/06/2018,A,A,01/24/1975,238220,"exact legal name incl. entity suffix: TX 'STAN'S HEATING & AIR CONDITIONING LLC'; no address corroboration (TX address 8890 MCGAW RD STE 320, COLUMBIA MD 21045)"
biz-648,verified,selected,medium,legal,True,False,32059358963,"AMERICAN LEAK DETECTION OF SAN ANTONIO, LP",136A INDUSTRIAL DR,BOERNE,TX,78006,PL,U,0802372929,01/20/2016,A,A,01/20/2016,,"exact legal name incl. entity suffix: TX 'AMERICAN LEAK DETECTION OF SAN ANTONIO, LP'; ZIP 78006 corroborates (street differs: TX '136A INDUSTRIAL DR')"
biz-649,verified,selected,high,legal,True,False,17524927146,"METRO MECHANICAL, INC.",430 S BRYAN BELT LINE RD,MESQUITE,TX,75149,CT,U,0127821400,07/23/1993,A,A,07/23/1993,238220,"exact legal name incl. entity suffix: TX 'METRO MECHANICAL, INC.'; street address corroborates: TX '430 S BRYAN BELT LINE RD, MESQUITE 75149'"
biz-649,verified,,low,legal,True,False,16408394175,METRO MECHANICAL INC,PO BOX 368,BOLTON,MS,39041,CF,X,,,,N,01/08/2002,,"exact legal name incl. entity suffix: TX 'METRO MECHANICAL INC'; no address corroboration (TX address PO BOX 368, BOLTON MS 39041)"
biz-649,verified,,low,address,False,False,32069239781,METRO MECHANICAL BRANDING CO.,430 S BRYAN BELT LINE RD,MESQUITE,TX,75149,CT,U,0803192767,01/01/2019,A,A,01/01/2019,,"same street+ZIP, similar name (token overlap 0.67): TX 'METRO MECHANICAL BRANDING CO.'; street address corroborates: TX '430 S BRYAN BELT LINE RD, MESQUITE 75149'"
biz-649,verified,,low,legal,False,True,32081305719,"METRO MECHANICAL, LLC",PO BOX 368,BOLTON,MS,39041,CI,V,0804262033,10/01/2021,F,N,10/01/2021,,"legal name match (entity suffix ignored): TX 'METRO MECHANICAL, LLC'; no address corroboration (TX address PO BOX 368, BOLTON MS 39041); entity type differs (PPP 'corp' vs TX 'llc'): possible conversion/successor, charter date may not cover the PPP entity"
biz-649,verified,,low,legal,False,False,32087009067,METRO MECHANICAL INCORPORATED,745 S COMPRESS RD,LAS CRUCES,NM,88005,CF,X,,,,A,01/16/2015,238220,"legal name match (entity suffix ignored): TX 'METRO MECHANICAL INCORPORATED'; no address corroboration (TX address 745 S COMPRESS RD, LAS CRUCES NM 88005)"
biz-650,verified,selected,medium,legal,True,False,30003571632,"LESCON PLUMBING, INC.",2010 N HOUSTON AVE,HUMBLE,TX,77338,CT,U,0043303000,04/20/1978,A,A,04/20/1978,238000,"exact legal name incl. entity suffix: TX 'LESCON PLUMBING, INC.'; ZIP 77338 corroborates (street differs: TX '2010 N HOUSTON AVE')"
biz-651,verified,selected,high,legal,True,False,17526142264,"SUPERIOR INSTALLATION SERVICES, INC.",1230 CROWLEY CIR,CARROLLTON,TX,75006,CT,U,0137003400,09/11/1995,R,A,09/11/1995,238000,"exact legal name incl. entity suffix: TX 'SUPERIOR INSTALLATION SERVICES, INC.'; street address corroborates: TX '1230 CROWLEY CIR, CARROLLTON 75006'"
biz-653,verified,selected,medium,legal,True,False,32028765520,THARP ROUSH LLC,361 LOGAN RANCH RD,GEORGETOWN,TX,78628,CL,U,0800792564,03/23/2007,A,A,03/23/2007,238220,exact legal name incl. entity suffix: TX 'THARP ROUSH LLC'; ZIP 78628 corroborates (street differs: TX '361 LOGAN RANCH RD')
biz-654,verified,selected,medium,legal,True,False,32040016415,"TEXAS ONE SOURCE INDUSTRIAL SOLUTIONS, LLC",685 JOHN B SIAS MEMORIAL PKWY STE 625,FORT WORTH,TX,76134,CL,U,0801153012,07/30/2009,A,A,07/30/2009,236210,"exact legal name incl. entity suffix: TX 'TEXAS ONE SOURCE INDUSTRIAL SOLUTIONS, LLC'; city only (FORT WORTH); street and ZIP differ; only active Texas record with this name statewide; city-level address corroboration"
biz-655,verified,selected,high,legal,True,False,17410606325,"TEZEL AND COTTER AIR CONDITIONING, L.P.",2730 CASTROVILLE RD,SAN ANTONIO,TX,78237,PL,U,0014168910,11/01/2000,R,A,11/10/1947,,"exact legal name incl. entity suffix: TX 'TEZEL AND COTTER AIR CONDITIONING, L.P.'; street address corroborates: TX '2730 CASTROVILLE RD, SAN ANTONIO 78237'"
biz-656,verified,selected,high,legal,True,False,32019390569,"RSC, LLC",4508 WOODROW AVE,GALVESTON,TX,77551,CL,U,0800629529,03/20/2006,A,A,03/20/2006,238220,"exact legal name incl. entity suffix: TX 'RSC, LLC'; street address corroborates: TX '4508 WOODROW AVE, GALVESTON 77551'"
biz-656,verified,,low,legal,False,False,32066750913,RSC,24698 STATE HIGHWAY 154,DIANA,TX,75640,AR,X,,,,N,04/05/2018,,"legal name match (entity suffix ignored): TX 'RSC'; no address corroboration (TX address 24698 STATE HIGHWAY 154, DIANA TX 75640)"
biz-657,verified,selected,medium,legal,True,False,32064742409,"BRANDT AIR CONDITIONING AND HEATING SERVICES, LLC",751 CAROLINA ST STE 400,KATY,TX,77494,CL,U,0802806217,09/05/2017,A,A,09/05/2017,,"exact legal name incl. entity suffix: TX 'BRANDT AIR CONDITIONING AND HEATING SERVICES, LLC'; ZIP 77494 corroborates (street differs: TX '751 CAROLINA ST STE 400')"
biz-658,verified,selected,high,legal,True,False,17430815096,"CANTU'S PLUMBING, INC.",2710 N CONWAY AVE,MISSION,TX,78574,CT,U,0800155419,12/20/2002,A,A,12/20/2002,238221,"exact legal name incl. entity suffix: TX 'CANTU'S PLUMBING, INC.'; street address corroborates: TX '2710 N CONWAY AVE, MISSION 78574'"
biz-659,verified,selected,high,legal,True,False,32051407446,G & S MECHANICAL LLC,204 TRADESMENS PARK DR,HUTTO,TX,78634,CL,U,0801811387,07/03/2013,A,A,07/03/2013,,"exact legal name incl. entity suffix: TX 'G & S MECHANICAL LLC'; street address corroborates: TX '204 TRADESMENS PARK DR, HUTTO 78634'"
biz-660,verified,selected,high,legal,True,False,17424210528,"SAN MARCOS AIR CONDITIONING, INC.",3500 N STATE HIGHWAY 123,SAN MARCOS,TX,78666,CT,U,0116811400,10/02/1990,A,A,10/02/1990,238211,"exact legal name incl. entity suffix: TX 'SAN MARCOS AIR CONDITIONING, INC.'; street address corroborates: TX '3500 N STATE HIGHWAY 123, SAN MARCOS 78666'"
biz-663,verified,selected,high,legal,True,False,12042673447,"EXCEL FIRE PROTECTION SYSTEMS, L.P.",321 N CENTRAL EXPY STE 257,MCKINNEY,TX,75070,PL,U,0800607339,02/01/2006,A,A,01/01/2008,,"exact legal name incl. entity suffix: TX 'EXCEL FIRE PROTECTION SYSTEMS, L.P.'; street address corroborates: TX '321 N CENTRAL EXPY STE 257, MCKINNEY 75070'"
biz-665,verified,selected,medium,legal,True,False,32041413413,"GREEN ACRES COMMERCIAL SERVICES, L.L.C.",9561 INTERSTATE 35 N,NEW BRAUNFELS,TX,78130,CL,U,0801242511,03/11/2010,A,A,03/11/2010,,"exact legal name incl. entity suffix: TX 'GREEN ACRES COMMERCIAL SERVICES, L.L.C.'; ZIP 78130 corroborates (street differs: TX '9561 INTERSTATE 35 N')"
biz-666,verified,selected,medium,legal,True,False,17603005467,"CUSTOM MECHANICAL, INC.",11415 CYPRESS NORTH HOUSTON RD,CYPRESS,TX,77429,CT,U,0114236600,02/12/1990,A,A,02/12/1990,236000,"exact legal name incl. entity suffix: TX 'CUSTOM MECHANICAL, INC.'; ZIP 77429 corroborates (street differs: TX '11415 CYPRESS NORTH HOUSTON RD')"
biz-668,review,,low,legal,True,False,32061677095,"CIRCLE L SOLAR, INC.",5620 MIDWAY RD,HALTOM CITY,TX,76117,CT,U,0802550567,09/27/2016,A,N,09/27/2016,,"exact legal name incl. entity suffix: TX 'CIRCLE L SOLAR, INC.'; no address corroboration (TX address 5620 MIDWAY RD, HALTOM CITY TX 76117)"
biz-669,verified,selected,high,legal,True,False,17600063493,"TROTTI SERVICE COMPANY, INC.",9210 MEADOW VISTA BLVD,HOUSTON,TX,77064,CT,U,0058888700,12/14/1981,A,A,12/14/1981,238222,"exact legal name incl. entity suffix: TX 'TROTTI SERVICE COMPANY, INC.'; street address corroborates: TX '9210 MEADOW VISTA BLVD, HOUSTON 77064'"
biz-670,review,,low,legal,True,False,32039071108,K SAUNDERS COMPANY,4804 OLD GRANBURY RD,GRANBURY,TX,76049,CT,U,0801096669,03/11/2009,R,A,03/11/2009,,"exact legal name incl. entity suffix: TX 'K SAUNDERS COMPANY'; no address corroboration (TX address 4804 OLD GRANBURY RD, GRANBURY TX 76049)"
biz-671,verified,selected,medium,legal,True,False,17600865301,"AIR-CARE SOUTHEAST, INC.",701 LOUISIANA ST,SOUTH HOUSTON,TX,77587,CT,U,0068940200,01/30/1984,A,A,01/30/1984,811310,"exact legal name incl. entity suffix: TX 'AIR-CARE SOUTHEAST, INC.'; ZIP 77587 corroborates (street differs: TX '701 LOUISIANA ST')"
biz-672,verified,selected,high,legal,True,False,17521923460,"BEVILLS HEATING AND AIR CONDITIONING, INC.",1834 W OVERLAND TRL,ABILENE,TX,79603,CT,U,0106170700,09/10/1987,A,A,09/10/1987,238221,"exact legal name incl. entity suffix: TX 'BEVILLS HEATING AND AIR CONDITIONING, INC.'; street address corroborates: TX '1834 W OVERLAND TRL, ABILENE 79603'"
biz-673,verified,selected,high,legal,True,False,17603515739,"DAVID DEBIEN ENTERPRISES, INC.",520 THORNTON RD,HOUSTON,TX,77018,CT,U,0120756600,09/30/1991,A,A,09/30/1991,811000,"exact legal name incl. entity suffix: TX 'DAVID DEBIEN ENTERPRISES, INC.'; street address corroborates: TX '520 THORNTON RD, HOUSTON 77018'"
biz-674,review,,low,legal,True,False,32017057400,EAST POINT INSTALLERS INC.,PO BOX 597,CHAPPELL HILL,TX,77426,CT,U,0800470169,03/23/2005,R,A,03/23/2005,238220,"exact legal name incl. entity suffix: TX 'EAST POINT INSTALLERS INC.'; no address corroboration (TX address PO BOX 597, CHAPPELL HILL TX 77426)"
biz-675,verified,selected,medium,legal,True,False,17606956583,"ASSOCIATED MECHANICAL SERVICES, INC.",PO BOX 1818,NEDERLAND,TX,77627,CT,U,0800024907,11/02/2001,A,A,11/02/2001,238000,"exact legal name incl. entity suffix: TX 'ASSOCIATED MECHANICAL SERVICES, INC.'; ZIP 77627 corroborates (street differs: TX 'PO BOX 1818')"
biz-676,review,,low,address,False,False,17603020250,PREMIER A/C & HEATING COMPANY,2109 LOU ELLEN LN,HOUSTON,TX,77018,CT,U,0113517000,12/07/1989,A,A,12/07/1989,238220,"same street+ZIP, similar name (token overlap 0.80): TX 'PREMIER A/C & HEATING COMPANY'; street address corroborates: TX '2109 LOU ELLEN LN, HOUSTON 77018'"
biz-677,verified,selected,high,legal,True,False,32068271884,"MADDOX AIR CONDITIONING, LLC",125 S BONNER AVE,TYLER,TX,75702,CL,U,0803109006,09/04/2018,A,N,09/04/2018,,"exact legal name incl. entity suffix: TX 'MADDOX AIR CONDITIONING, LLC'; street address corroborates: TX '125 S BONNER AVE, TYLER 75702'"
biz-678,review,,low,legal,True,False,17527460681,"C & C SLAB LEAKS AND PLUMBING, LLC",PO BOX 756,SEAGOVILLE,TX,75159,CL,U,0703334322,01/23/1998,A,A,01/23/1998,238221,"exact legal name incl. entity suffix: TX 'C & C SLAB LEAKS AND PLUMBING, LLC'; no address corroboration (TX address PO BOX 756, SEAGOVILLE TX 75159)"
biz-679,verified,selected,high,legal,True,False,32055927654,OASIS HC LLC,105 E TATE ST,ROBINSON,TX,76706,CL,U,0802120201,12/17/2014,A,A,12/17/2014,,"exact legal name incl. entity suffix: TX 'OASIS HC LLC'; street address corroborates: TX '105 E TATE ST, ROBINSON 76706'"
biz-680,verified,selected,medium,legal,True,False,32043464760,"SA SPECIALTIES SAN ANTONIO, LLC",16019 UNIVERSITY OAK,SAN ANTONIO,TX,78249,CL,U,0801374528,01/21/2011,A,A,01/21/2011,,"exact legal name incl. entity suffix: TX 'SA SPECIALTIES SAN ANTONIO, LLC'; city only (SAN ANTONIO); street and ZIP differ; only active Texas record with this name statewide; city-level address corroboration"
biz-681,verified,selected,high,legal,False,False,17425297367,"MCNAMARA CUSTOM SERVICES, INCORPORATED",230 MCNAMARA LN,WACO,TX,76708,CT,U,0110711600,03/10/1989,A,A,03/10/1989,238222,"legal name match (entity suffix ignored): TX 'MCNAMARA CUSTOM SERVICES, INCORPORATED'; street address corroborates: TX '230 MCNAMARA LN, WACO 76708'"
biz-682,review,,low,legal,False,False,32043625410,"SWAIM CONSTRUCTION GROUP, L.L.C.",5091 LINDA LN,FRISCO,TX,75033,CL,U,0801384723,02/16/2011,R,D,02/16/2011,,"legal name match (entity suffix ignored): TX 'SWAIM CONSTRUCTION GROUP, L.L.C.'; no address corroboration (TX address 5091 LINDA LN, FRISCO TX 75033)"
biz-683,verified,selected,medium,legal,True,False,17427612571,"BOEN PLUMBING, INC.",PO BOX 21803,WACO,TX,76702,CT,U,0137462000,10/23/1995,A,A,10/23/1995,238222,"exact legal name incl. entity suffix: TX 'BOEN PLUMBING, INC.'; city only (WACO); street and ZIP differ; only active Texas record with this name statewide; city-level address corroboration"
biz-684,verified,selected,high,legal,True,False,13714511675,"TLCP, L.P.",16536 MUESCHKE RD,CYPRESS,TX,77433,PL,U,0800134403,10/17/2002,A,A,01/01/2008,238220,"exact legal name incl. entity suffix: TX 'TLCP, L.P.'; street address corroborates: TX '16536 MUESCHKE RD, CYPRESS 77433'"
biz-685,verified,selected,medium,legal,True,False,12032515145,"ACCU - AIRE MECHANICAL, LLC",PO BOX 200266,SAN ANTONIO,TX,78220,CL,U,0800518565,07/14/2005,A,A,07/14/2005,333415,"exact legal name incl. entity suffix: TX 'ACCU - AIRE MECHANICAL, LLC'; ZIP 78220 corroborates (street differs: TX 'PO BOX 200266')"
biz-686,review,,low,legal,True,False,32052294611,"ELITE HEATING AND AIR CONDITIONING, LLC",7101 BURLESON RD,AUSTIN,TX,78744,CL,U,0801871535,10/23/2013,A,A,10/23/2013,238220,"exact legal name incl. entity suffix: TX 'ELITE HEATING AND AIR CONDITIONING, LLC'; city only (AUSTIN); street and ZIP differ"
biz-686,review,,low,legal,True,False,32096676849,"ELITE HEATING & AIR CONDITIONING, LLC",PO BOX 1504,CANUTILLO,TX,79835,CL,U,0805697554,09/09/2024,A,A,09/09/2024,,"exact legal name incl. entity suffix: TX 'ELITE HEATING & AIR CONDITIONING, LLC'; no address corroboration (TX address PO BOX 1504, CANUTILLO TX 79835)"
biz-687,verified,selected,medium,legal,True,False,17514761505,"BON AIR SERVICE CO., INC.",PO BOX 530798,GRAND PRAIRIE,TX,75053,CT,U,0036033000,05/08/1975,A,A,05/08/1975,238221,"exact legal name incl. entity suffix: TX 'BON AIR SERVICE CO., INC.'; city only (GRAND PRAIRIE); street and ZIP differ; only active Texas record with this name statewide; city-level address corroboration"
biz-688,verified,selected,high,legal,True,False,17425650623,"A. CHAVARRIA'S PLUMBING, INC.",6320 KRONE LN,LAREDO,TX,78041,CT,U,0111209500,04/25/1989,A,A,04/25/1989,238211,"exact legal name incl. entity suffix: TX 'A. CHAVARRIA'S PLUMBING, INC.'; street address corroborates: TX '6320 KRONE LN, LAREDO 78041'"
biz-689,verified,selected,high,legal,True,False,17525393009,"UNLIMITED SPRINKLER FIRE PROTECTION, INC.",130 KRISTEN LN,WYLIE,TX,75098,CT,U,0131291900,05/12/1994,A,A,05/12/1994,238221,"exact legal name incl. entity suffix: TX 'UNLIMITED SPRINKLER FIRE PROTECTION, INC.'; street address corroborates: TX '130 KRISTEN LN, WYLIE 75098'"
biz-689,verified,,low,address,False,False,32099625769,UNLIMITED FIRE PROTECTION LLC,130 KRISTEN LN,WYLIE,TX,75098,CL,U,0805982060,04/07/2025,A,A,04/07/2025,,"same street+ZIP, similar name (token overlap 0.75): TX 'UNLIMITED FIRE PROTECTION LLC'; street address corroborates: TX '130 KRISTEN LN, WYLIE 75098'"
biz-691,verified,selected,high,legal,True,False,12011272411,RAGSDALE PLUMBING COMPANY,PO BOX 8647,GREENVILLE,TX,75404,CT,U,0800344387,05/18/2004,A,A,05/18/2004,238221,"exact legal name incl. entity suffix: TX 'RAGSDALE PLUMBING COMPANY'; street address corroborates: TX 'PO BOX 8647, GREENVILLE 75404'"
biz-692,verified,selected,medium,legal,True,False,17423199615,"HESS AIR, INC",PO BOX 910,ALAMO,TX,78516,CT,U,0069926100,04/04/1984,R,A,04/04/1984,443141,"exact legal name incl. entity suffix: TX 'HESS AIR, INC'; ZIP 78516 corroborates (street differs: TX 'PO BOX 910')"
biz-693,review,,low,address,False,False,32002869447,"PROFESSIONAL PLUMBERS GROUP, INCORPORATED",1322 CENTURY WAY,WYLIE,TX,75098,CT,U,0160070600,10/05/2000,A,A,10/05/2000,,"same street+ZIP, similar name (token overlap 0.67): TX 'PROFESSIONAL PLUMBERS GROUP, INCORPORATED'; street address corroborates: TX '1322 CENTURY WAY, WYLIE 75098'"
biz-694,verified,selected,high,legal,True,False,32011667915,"TOTAL HEAT & A/C, INC.",1408 O AVE STE 100,PLANO,TX,75074,CT,U,0800217827,06/25/2003,A,A,06/25/2003,238221,"exact legal name incl. entity suffix: TX 'TOTAL HEAT & A/C, INC.'; street address corroborates: TX '1408 O AVE STE 100, PLANO 75074'"
biz-695,verified,selected,high,legal,True,False,17414848501,GRACO MECHANICAL INC.,5910 SCHUMACHER LN,HOUSTON,TX,77057,CT,U,0019510600,08/01/1963,A,A,08/01/1963,238212,"exact legal name incl. entity suffix: TX 'GRACO MECHANICAL INC.'; street address corroborates: TX '5910 SCHUMACHER LN, HOUSTON 77057'"
biz-697,verified,selected,high,legal,True,False,32034147101,"TRI-STAR LEGACY, INC.",4600 MARSALIS ST,FORT WORTH,TX,76117,CT,U,0800898298,11/14/2007,A,A,11/14/2007,,"exact legal name incl. entity suffix: TX 'TRI-STAR LEGACY, INC.'; street address corroborates: TX '4600 MARSALIS ST, FORT WORTH 76117'"
biz-698,verified,selected,high,legal,True,False,32012648823,"BETRON, L.L.C.",11842 BEINHORN DR,HOUSTON,TX,77065,CL,U,0800262927,10/28/2003,A,A,10/28/2003,,"exact legal name incl. entity suffix: TX 'BETRON, L.L.C.'; street address corroborates: TX '11842 BEINHORN DR, HOUSTON 77065'"
biz-700,verified,selected,high,legal,False,False,32038470616,"FPG MECHANICAL CONTRACTORS, INC.",3630 WOOSTER LN,EL PASO,TX,79936,CT,U,0801060649,12/09/2008,R,A,12/09/2008,,"legal name match (entity suffix ignored): TX 'FPG MECHANICAL CONTRACTORS, INC.'; street address corroborates: TX '3630 WOOSTER LN, EL PASO 79936'"
biz-701,verified,selected,medium,legal,True,False,32043969040,"TRI-CHEM SPECIALTY CHEMICALS, LLC",PO BOX 532,CRESSON,TX,76035,CL,U,0801407412,04/04/2011,A,A,04/04/2011,424690,"exact legal name incl. entity suffix: TX 'TRI-CHEM SPECIALTY CHEMICALS, LLC'; ZIP 76035 corroborates (street differs: TX 'PO BOX 532')"
biz-702,review,,low,legal,False,False,12000763826,"METRO HEATING & COOLING, LTD.",1960 E INTERSTATE 30,ROCKWALL,TX,75087,PL,U,0800208546,05/29/2003,A,A,01/01/2008,238220,"legal name match (entity suffix ignored): TX 'METRO HEATING & COOLING, LTD.'; no address corroboration (TX address 1960 E INTERSTATE 30, ROCKWALL TX 75087)"
biz-704,verified,selected,high,legal,True,False,17425301151,"CARAWAY PLUMBING, INC.",502 S DE LEON ST,VICTORIA,TX,77901,CT,U,0110028100,01/05/1989,A,A,01/05/1989,238221,"exact legal name incl. entity suffix: TX 'CARAWAY PLUMBING, INC.'; street address corroborates: TX '502 S DE LEON ST, VICTORIA 77901'"
biz-705,verified,selected,high,legal,True,False,32041721534,PALO DURO HEATING & AIR INC.,7741 LONGORIA RD,AMARILLO,TX,79119,CT,U,0801260658,04/23/2010,A,A,04/23/2010,,"exact legal name incl. entity suffix: TX 'PALO DURO HEATING & AIR INC.'; street address corroborates: TX '7741 LONGORIA RD, AMARILLO 79119'"
biz-706,verified,selected,high,legal,True,False,17428911444,KCE MECHANICAL INC.,4702 N STATE HIGHWAY 123 STE C,SAN MARCOS,TX,78666,CT,U,0150776700,09/25/1998,A,A,09/25/1998,238221,"exact legal name incl. entity suffix: TX 'KCE MECHANICAL INC.'; street address corroborates: TX '4702 N STATE HIGHWAY 123 STE C, SAN MARCOS 78666'"
biz-707,verified,selected,high,legal,True,False,17528056876,"THURGOOD, INC.",1500 CAPITAL AVE STE 101,PLANO,TX,75074,CT,U,0151450500,12/03/1998,R,A,12/03/1998,238221,"exact legal name incl. entity suffix: TX 'THURGOOD, INC.'; street address corroborates: TX '1500 CAPITAL AVE STE 101, PLANO 75074'"
biz-708,verified,selected,medium,legal,True,False,32039186831,"WILHOUSE SHEET METAL, INC.",2211 CENTURY CENTER BLVD STE 109,IRVING,TX,75062,CT,U,0801103169,03/26/2009,A,A,03/26/2009,238220,"exact legal name incl. entity suffix: TX 'WILHOUSE SHEET METAL, INC.'; city only (IRVING); street and ZIP differ; only active Texas record with this name statewide; city-level address corroboration"
biz-709,review,,low,legal,False,False,32000396492,"DAVE LANE AIR CONDITIONING, INC.",17857 HUFSMITH KOHRVILLE RD UNIT A,TOMBALL,TX,77375,CT,U,0146951200,12/01/1997,A,A,12/01/1997,,"legal name match (entity suffix ignored): TX 'DAVE LANE AIR CONDITIONING, INC.'; no address corroboration (TX address 17857 HUFSMITH KOHRVILLE RD UNIT A, TOMBALL TX 77375)"
biz-711,verified,selected,high,legal,True,False,17605716285,OHLCO PLUMBING LLC,1015 FROST ST,ROSENBERG,TX,77471,CL,U,0800874147,09/21/2007,A,A,11/06/1997,238221,"exact legal name incl. entity suffix: TX 'OHLCO PLUMBING LLC'; street address corroborates: TX '1015 FROST ST, ROSENBERG 77471'"
biz-712,review,,low,legal,True,False,32034026560,"ULTRA MECHANICAL, INC",PO BOX 464,ALIEF,TX,77411,CT,U,0800890497,10/26/2007,A,A,10/26/2007,238220,"exact legal name incl. entity suffix: TX 'ULTRA MECHANICAL, INC'; no address corroboration (TX address PO BOX 464, ALIEF TX 77411)"
biz-713,verified,selected,medium,legal,True,False,12052621872,"ACCUVENT AIR, L.L.C.",PO BOX 1249,TOMBALL,TX,77377,CL,U,0800683178,07/19/2006,A,A,07/19/2006,333413,"exact legal name incl. entity suffix: TX 'ACCUVENT AIR, L.L.C.'; no address corroboration (TX address PO BOX 1249, TOMBALL TX 77377); address corroborated via DOL Form 5500-SF 2024 ACK 20250418013028NAL0001165923001: sponsor EIN 205262187 (= FEIN in TX taxpayer number), sponsor 'ACCUVENT AIR, LLC' at 11927 WINDFERN RD., HOUSTON 77064 = PPP borrower address"
biz-714,verified,selected,high,legal,True,False,16114457662,ENVIRONMENTAL TECHNIQUES CORPORATION,2809 INDUSTRIAL LN,GARLAND,TX,75041,CT,U,0800185322,03/19/2003,A,A,03/19/2003,238222,"exact legal name incl. entity suffix: TX 'ENVIRONMENTAL TECHNIQUES CORPORATION'; street address corroborates: TX '2809 INDUSTRIAL LN, GARLAND 75041'"
biz-715,verified,selected,high,legal,True,False,32029958892,"DU-WEST TOTAL PLUMBING, INC.",510 W PASADENA FWY,PASADENA,TX,77506,CT,U,0800800582,04/12/2007,R,A,04/12/2007,,"exact legal name incl. entity suffix: TX 'DU-WEST TOTAL PLUMBING, INC.'; street address corroborates: TX '510 W PASADENA FWY, PASADENA 77506'"
biz-717,verified,selected,high,legal,False,False,17421992375,NEVA CORPORATION,11350 BRITTMOORE PARK DR,HOUSTON,TX,77041,CT,U,0051288000,03/24/1980,A,A,03/24/1980,238222,"legal name match (entity suffix ignored): TX 'NEVA CORPORATION'; street address corroborates: TX '11350 BRITTMOORE PARK DR, HOUSTON 77041'"
biz-717,verified,,low,address,False,False,32036843855,"NEVA LEASING, L.L.P.",11350 BRITTMOORE PARK DR,HOUSTON,TX,77041,PI,X,,,,A,01/01/2008,,"same street+ZIP, similar name (token overlap 0.50): TX 'NEVA LEASING, L.L.P.'; street address corroborates: TX '11350 BRITTMOORE PARK DR, HOUSTON 77041'"
biz-718,verified,selected,high,legal,True,False,30115601145,"LASSITER, INC.",8601 MILL CREEK RD,IRVING,TX,75063,CT,U,0121181100,11/08/1991,A,A,11/08/1991,445110,"exact legal name incl. entity suffix: TX 'LASSITER, INC.'; street address corroborates: TX '8601 MILL CREEK RD, IRVING 75063'"
biz-719,verified,selected,medium,legal,True,False,32056609855,"LINC INTERESTS, INC",16225 PARK TEN PL STE 500,HOUSTON,TX,77084,CT,U,0802171653,03/09/2015,A,N,03/09/2015,,"exact legal name incl. entity suffix: TX 'LINC INTERESTS, INC'; city only (HOUSTON); street and ZIP differ; only active Texas record with this name statewide; city-level address corroboration"
biz-720,verified,selected,high,legal,True,False,17422385769,"A.I.M. ENTERPRISES, INC.",4418 TETONS DR,EL PASO,TX,79904,CT,U,0061610400,07/23/1982,R,A,07/23/1982,811000,"exact legal name incl. entity suffix: TX 'A.I.M. ENTERPRISES, INC.'; street address corroborates: TX '4418 TETONS DR, EL PASO 79904'"
biz-721,verified,selected,medium,legal,True,False,17418315424,REED SERVICE COMPANY,PO BOX 20577,BEAUMONT,TX,77720,CT,U,0036335100,07/02/1975,A,A,07/02/1975,238000,exact legal name incl. entity suffix: TX 'REED SERVICE COMPANY'; city only (BEAUMONT); street and ZIP differ; only active Texas record with this name statewide; city-level address corroboration
biz-722,verified,selected,medium,legal,True,False,17528027422,"EAST TEXAS LRL ENTERPRISES, INC.",PO BOX 150937,LUFKIN,TX,75915,CT,U,0151670300,12/28/1998,A,A,12/28/1998,238221,"exact legal name incl. entity suffix: TX 'EAST TEXAS LRL ENTERPRISES, INC.'; city only (LUFKIN); street and ZIP differ; only active Texas record with this name statewide; city-level address corroboration"
biz-723,review,,low,legal,True,False,32059987993,"CAT TECH, LLC",200 AVENUE I,ALVIN,TX,77511,CL,U,0802420936,03/23/2016,A,A,03/23/2016,,"exact legal name incl. entity suffix: TX 'CAT TECH, LLC'; no address corroboration (TX address 200 AVENUE I, ALVIN TX 77511)"
biz-724,verified,selected,medium,legal,True,False,32063305323,"FTC SOLAR, INC.",10900 STONELAKE BLVD STE B-100,AUSTIN,TX,78759,CF,V,0802646081,02/08/2017,A,A,02/01/2017,,"exact legal name incl. entity suffix: TX 'FTC SOLAR, INC.'; city only (AUSTIN); street and ZIP differ; only active Texas record with this name statewide; city-level address corroboration"
biz-725,review,,low,legal,True,False,32033883847,"RICK AND DICKSIE, LLC",10618 S LAKEWOOD AVE,TULSA,OK,74137,CL,U,0800880353,10/05/2007,A,A,10/05/2007,,"exact legal name incl. entity suffix: TX 'RICK AND DICKSIE, LLC'; no address corroboration (TX address 10618 S LAKEWOOD AVE, TULSA OK 74137)"
biz-726,review,,low,address,False,False,17417674995,JAY HARKINS COMPANY,618 N HIGHWAY 95,ELGIN,TX,78621,CT,U,0033134900,09/26/1973,A,A,09/26/1973,441110,"same street+ZIP, similar name (token overlap 0.50): TX 'JAY HARKINS COMPANY'; street address corroborates: TX '618 N HIGHWAY 95, ELGIN 78621'"
biz-726,review,,low,legal,False,True,32093369364,HARKINS LLC,320 ANDRE DR,IRVING,TX,75063,CL,U,0805387630,01/22/2024,A,A,01/22/2024,,"legal name match (entity suffix ignored): TX 'HARKINS LLC'; no address corroboration (TX address 320 ANDRE DR, IRVING TX 75063); entity type differs (PPP 'corp' vs TX 'llc'): possible conversion/successor, charter date may not cover the PPP entity"
biz-727,review,,low,legal,False,False,17421077656,"KENDZIORA PLUMBING CO., INC.",7552 WERNER ST,HOUSTON,TX,77037,CT,U,0051614700,04/22/1980,A,A,04/22/1980,238222,"legal name match (entity suffix ignored): TX 'KENDZIORA PLUMBING CO., INC.'; ZIP 77037 corroborates (street differs: TX '7552 WERNER ST')"
biz-728,review,,low,legal,True,False,32041404685,"TRI-COUNTY AIR CARE, LLC",PO BOX 165,FARMERSVILLE,TX,75442,CL,U,0801242030,03/10/2010,A,N,03/10/2010,238220,"exact legal name incl. entity suffix: TX 'TRI-COUNTY AIR CARE, LLC'; no address corroboration (TX address PO BOX 165, FARMERSVILLE TX 75442)"
biz-729,review,,low,legal,True,False,17528713534,"FREDRICK LEE PRESS PLUMBING, LLC",12365 FM 859,WILLS POINT,TX,75169,CL,U,0706605422,03/31/2000,R,A,03/31/2000,238222,"exact legal name incl. entity suffix: TX 'FREDRICK LEE PRESS PLUMBING, LLC'; no address corroboration (TX address 12365 FM 859, WILLS POINT TX 75169)"
biz-731,verified,selected,medium,legal,True,False,32034498124,"RELIABLE PLANT MAINTENANCE, INC.",PO BOX 397,MCKINNEY,TX,75070,CT,U,0800923994,01/15/2008,A,A,01/15/2008,,"exact legal name incl. entity suffix: TX 'RELIABLE PLANT MAINTENANCE, INC.'; city only (MCKINNEY); street and ZIP differ; only active Texas record with this name statewide; city-level address corroboration"
biz-732,verified,selected,high,legal,True,False,32059485857,"PREFERRED AIR OF HOUSTON, LLC",4031 ELLIS RD STE 200,FRIENDSWOOD,TX,77546,CL,U,0802384375,02/03/2016,A,A,02/03/2016,,"exact legal name incl. entity suffix: TX 'PREFERRED AIR OF HOUSTON, LLC'; street address corroborates: TX '4031 ELLIS RD STE 200, FRIENDSWOOD 77546'"
biz-733,verified,selected,high,legal,True,False,17601898731,"AIRE TECHNICS, INC.",39397 FM 529 RD,BROOKSHIRE,TX,77423,CT,U,0079912800,06/02/1986,A,A,06/02/1986,238220,"exact legal name incl. entity suffix: TX 'AIRE TECHNICS, INC.'; street address corroborates: TX '39397 FM 529 RD, BROOKSHIRE 77423'"
biz-735,verified,selected,medium,legal,True,False,32045508572,TRADITION PLUMBING LLC,1427 KEEFER RD,TOMBALL,TX,77375,CL,U,0801502346,11/02/2011,R,A,11/02/2011,,exact legal name incl. entity suffix: TX 'TRADITION PLUMBING LLC'; city only (TOMBALL); street and ZIP differ; only active Texas record with this name statewide; city-level address corroboration
biz-736,verified,selected,high,legal,True,False,15625032691,"TRADE-MARK BROWN, INC.",3146 JUNCTION HWY,INGRAM,TX,78025,CT,U,0800460555,03/01/2005,A,A,03/01/2005,238220,"exact legal name incl. entity suffix: TX 'TRADE-MARK BROWN, INC.'; street address corroborates: TX '3146 JUNCTION HWY, INGRAM 78025'"
biz-737,verified,selected,medium,legal,True,False,17606591687,"GEO PRODUCTS, LLC",12626 N HOUSTON ROSSLYN RD,HOUSTON,TX,77086,CL,U,0707730222,10/25/2000,A,A,10/25/2000,424990,"exact legal name incl. entity suffix: TX 'GEO PRODUCTS, LLC'; no address corroboration (TX address 12626 N HOUSTON ROSSLYN RD, HOUSTON TX 77086); address corroborated via DOL Form 5500-SF 2024 ACK 20250723150015NAL0009031698001: sponsor EIN 760659168 (= FEIN in TX taxpayer number), sponsor 'GEO PRODUCTS, LLC' at 4545 BISSONNET STREET, BELLAIRE 77401 = PPP borrower address"
biz-738,verified,selected,medium,legal,True,False,17524293721,"QUALITY 1 ENERGY SYSTEMS, INC.",10870 PLANO RD STE C,DALLAS,TX,75238,CT,U,0122945400,04/28/1992,A,A,04/28/1992,541330,"exact legal name incl. entity suffix: TX 'QUALITY 1 ENERGY SYSTEMS, INC.'; ZIP 75238 corroborates (street differs: TX '10870 PLANO RD STE C')"
biz-739,verified,selected,high,legal,False,False,18001053646,"MORROW MECHANICAL, LLC",17013 SEVEN PINES DR,SPRING,TX,77379,CL,U,0805626999,07/17/2024,A,A,02/23/2004,811310,"legal name match (entity suffix ignored): TX 'MORROW MECHANICAL, LLC'; street address corroborates: TX '17013 SEVEN PINES DR, SPRING 77379'"
biz-740,review,,low,legal,True,False,32054992501,"BURDETT PLUMBING SERVICES, L.L.C.",PO BOX 528,WHITESBORO,TX,76273,CL,U,0802051908,08/27/2014,A,A,08/27/2014,238220,"exact legal name incl. entity suffix: TX 'BURDETT PLUMBING SERVICES, L.L.C.'; no address corroboration (TX address PO BOX 528, WHITESBORO TX 76273)"
biz-741,verified,selected,high,legal,True,False,17603328356,"STRUTTON PLUMBING COMPANY, INC.",5805 CYPRESS ST,HOUSTON,TX,77074,CT,U,0118372600,02/25/1991,A,A,02/25/1991,238000,"exact legal name incl. entity suffix: TX 'STRUTTON PLUMBING COMPANY, INC.'; street address corroborates: TX '5805 CYPRESS ST, HOUSTON 77074'"
biz-741,verified,,low,address,False,False,32069437187,"STRUTTON PLUMBING EQUIPMENT, LLC",5805 CYPRESS ST,HOUSTON,TX,77074,CL,U,0803210544,01/14/2019,A,A,01/14/2019,,"same street+ZIP, similar name (token overlap 0.67): TX 'STRUTTON PLUMBING EQUIPMENT, LLC'; street address corroborates: TX '5805 CYPRESS ST, HOUSTON 77074'"
biz-741,verified,,low,address,False,False,32069437195,"STRUTTON PLUMBING PROPERTIES, LLC",5805 CYPRESS ST,HOUSTON,TX,77074,CL,U,0803210543,01/14/2019,A,A,01/14/2019,,"same street+ZIP, similar name (token overlap 0.67): TX 'STRUTTON PLUMBING PROPERTIES, LLC'; street address corroborates: TX '5805 CYPRESS ST, HOUSTON 77074'"
biz-742,verified,selected,high,legal,True,False,32053117399,"COOK MECHANICAL, INC.",9837 WHITHORN DR,HOUSTON,TX,77095,CT,U,0801927563,02/06/2014,A,A,02/06/2014,,"exact legal name incl. entity suffix: TX 'COOK MECHANICAL, INC.'; street address corroborates: TX '9837 WHITHORN DR, HOUSTON 77095'"
biz-743,verified,selected,medium,legal,True,False,17421163266,"COOPWOOD'S AIR CONDITIONING, INC.",PO BOX 10244,HOUSTON,TX,77206,CT,U,0052102900,06/06/1980,A,A,06/06/1980,238222,"exact legal name incl. entity suffix: TX 'COOPWOOD'S AIR CONDITIONING, INC.'; city only (HOUSTON); street and ZIP differ; only active Texas record with this name statewide; city-level address corroboration"
biz-744,review,,low,address,False,False,17601785102,"BATES AIR CONDITIONING & SERVICE CO., LLC",620 RANKIN CIR N,HOUSTON,TX,77073,CL,U,0804257162,09/29/2021,A,A,03/11/1986,238220,"same street+ZIP, similar name (token overlap 0.80): TX 'BATES AIR CONDITIONING & SERVICE CO., LLC'; street address corroborates: TX '620 RANKIN CIR N, HOUSTON 77073'"
biz-745,review,,low,legal,True,False,17512868385,"BRANTON COMPANY, INC.",12001 N CENTRAL EXPY STE 500,DALLAS,TX,75243,CT,U,0025110400,09/09/1968,A,A,09/09/1968,238222,"exact legal name incl. entity suffix: TX 'BRANTON COMPANY, INC.'; no address corroboration (TX address 12001 N CENTRAL EXPY STE 500, DALLAS TX 75243)"
biz-747,review,,low,legal,True,False,32036928755,"MTW PIPEWORKS, LTD.",4405 DIRECTORS ROW,HOUSTON,TX,77092,PL,U,0800972220,05/01/2008,A,A,05/01/2008,,"exact legal name incl. entity suffix: TX 'MTW PIPEWORKS, LTD.'; no address corroboration (TX address 4405 DIRECTORS ROW, HOUSTON TX 77092)"
biz-748,verified,selected,medium,legal,True,False,10206063611,"CORPORATE ENTERPRISES, INC.",136 MARINA DR,GUN BARREL CY,TX,75156,CT,U,0800086501,05/21/2002,A,A,05/21/2002,541512,"exact legal name incl. entity suffix: TX 'CORPORATE ENTERPRISES, INC.'; ZIP 75156 corroborates (street differs: TX '136 MARINA DR')"
biz-749,verified,selected,medium,legal,True,False,32072962338,"ALL P.H.A. TX, LLC",PO BOX 380186,SAN ANTONIO,TX,78268,CL,U,0803505959,01/02/2020,A,A,01/02/2020,,"exact legal name incl. entity suffix: TX 'ALL P.H.A. TX, LLC'; city only (SAN ANTONIO); street and ZIP differ; only active Texas record with this name statewide; city-level address corroboration"
biz-750,review,,low,legal,True,False,32044690934,"TNT SYSTEM SOLUTIONS, INC.",PO BOX 1572,BROWNWOOD,TX,76804,CL,U,0801456141,07/21/2011,A,A,07/21/2011,,"exact legal name incl. entity suffix: TX 'TNT SYSTEM SOLUTIONS, INC.'; no address corroboration (TX address PO BOX 1572, BROWNWOOD TX 76804)"
biz-751,verified,selected,medium,legal,True,False,17603418736,JAMES J. MAZURKIEWICZ CO.,PO BOX 883,STAFFORD,TX,77497,CT,U,0119820300,06/28/1991,A,A,06/28/1991,238000,exact legal name incl. entity suffix: TX 'JAMES J. MAZURKIEWICZ CO.'; city only (STAFFORD); street and ZIP differ; only active Texas record with this name statewide; city-level address corroboration
biz-752,verified,selected,high,legal,True,False,17420623666,"DINGEE PLUMBING CONTRACTORS, INC.",1410 FM 2004 RD,RICHWOOD,TX,77566,CT,U,0047719200,05/29/1979,A,A,05/29/1979,238222,"exact legal name incl. entity suffix: TX 'DINGEE PLUMBING CONTRACTORS, INC.'; street address corroborates: TX '1410 FM 2004 RD, RICHWOOD 77566'"
biz-753,verified,selected,high,legal,True,False,32060000182,"MERRITT PLUMBING, LLC",28991 INTERSTATE 10 W UNIT 290,BOERNE,TX,78006,CL,U,0802422119,03/25/2016,R,A,03/25/2016,,"exact legal name incl. entity suffix: TX 'MERRITT PLUMBING, LLC'; street address corroborates: TX '28991 INTERSTATE 10 W UNIT 290, BOERNE 78006'"
biz-754,verified,selected,high,legal,True,False,32018213069,"COPELAND CONTRACTING COMPANY, INC.",1425 UNIVERSAL CITY BLVD,UNIVERSAL CTY,TX,78148,CT,U,0800546865,09/19/2005,R,A,09/19/2005,,"exact legal name incl. entity suffix: TX 'COPELAND CONTRACTING COMPANY, INC.'; street address corroborates: TX '1425 UNIVERSAL CITY BLVD, UNIVERSAL CTY 78148'"
biz-756,verified,selected,high,legal,True,False,32044147695,"HART PLUMBING SOUTHWEST, LLC",142 ELDRIDGE RD STE A,SUGAR LAND,TX,77478,CL,U,0801418262,04/28/2011,A,A,04/28/2011,238220,"exact legal name incl. entity suffix: TX 'HART PLUMBING SOUTHWEST, LLC'; street address corroborates: TX '142 ELDRIDGE RD STE A, SUGAR LAND 77478'"
biz-757,verified,selected,medium,legal,True,False,32056764833,"EZ COMFORT AIR CONDITIONING AND HEATING, LLC",2001 S HOUSTON AVE,HUMBLE,TX,77396,CL,U,0802183257,03/23/2015,R,A,03/23/2015,,"exact legal name incl. entity suffix: TX 'EZ COMFORT AIR CONDITIONING AND HEATING, LLC'; ZIP 77396 corroborates (street differs: TX '2001 S HOUSTON AVE')"
biz-759,verified,selected,high,legal,True,False,17415084924,"COTEMP, INC.",3345 PINEMONT DR,HOUSTON,TX,77018,CT,U,0021435200,06/10/1965,A,A,06/10/1965,238221,"exact legal name incl. entity suffix: TX 'COTEMP, INC.'; street address corroborates: TX '3345 PINEMONT DR, HOUSTON 77018'"
biz-760,review,,low,legal,True,False,32040924907,KTB SERVICES LLC,PO BOX 133096,SPRING,TX,77393,CL,U,0801211899,12/31/2009,A,A,12/31/2009,,"exact legal name incl. entity suffix: TX 'KTB SERVICES LLC'; no address corroboration (TX address PO BOX 133096, SPRING TX 77393)"
biz-761,review,,low,legal,False,False,15104459233,"BARRERA PLUMBING, L.L.C.",PO BOX 550566,DALLAS,TX,75355,CL,U,0800175509,02/20/2003,A,A,02/20/2003,236000,"legal name match (entity suffix ignored): TX 'BARRERA PLUMBING, L.L.C.'; no address corroboration (TX address PO BOX 550566, DALLAS TX 75355)"
biz-762,review,,low,address,False,False,17603986153,"ALL AMERICAN AIR & APPLIANCE MECHANICAL SERVICES,",15002 MINTZ LN,HOUSTON,TX,77014,CT,U,0126756300,04/15/1993,A,A,04/15/1993,238222,"same street+ZIP, similar name (token overlap 0.88): TX 'ALL AMERICAN AIR & APPLIANCE MECHANICAL SERVICES,'; street address corroborates: TX '15002 MINTZ LN, HOUSTON 77014'"
biz-763,verified,selected,high,legal,True,False,32072914867,"2019 ACQUISITION, LLC",104 S DOCK RD,ODESSA,TX,79762,CL,U,0803501452,12/26/2019,A,A,12/26/2019,,"exact legal name incl. entity suffix: TX '2019 ACQUISITION, LLC'; street address corroborates: TX '104 S DOCK RD, ODESSA 79762'"
biz-764,verified,selected,high,legal,True,False,17605243926,"G.O. PLUS PLUMBING SERVICES, INC.",13602 LUTHE RD,HOUSTON,TX,77039,CT,U,0142993400,01/16/1997,R,A,01/16/1997,238000,"exact legal name incl. entity suffix: TX 'G.O. PLUS PLUMBING SERVICES, INC.'; street address corroborates: TX '13602 LUTHE RD, HOUSTON 77039'"
biz-765,verified,selected,high,legal,True,False,32040062948,"STRATUS SYSTEMS, LLC",10490 VISTA PARK RD,DALLAS,TX,75238,CL,U,0801154604,08/05/2009,A,A,08/05/2009,238220,"exact legal name incl. entity suffix: TX 'STRATUS SYSTEMS, LLC'; street address corroborates: TX '10490 VISTA PARK RD, DALLAS 75238'"
biz-766,verified,selected,high,legal,True,False,32050175465,"TRIAD PHC, LLC",7001 US HIGHWAY 183 S,AUSTIN,TX,78744,CL,U,0801733276,02/12/2013,A,A,02/12/2013,238220,"exact legal name incl. entity suffix: TX 'TRIAD PHC, LLC'; street address corroborates: TX '7001 US HIGHWAY 183 S, AUSTIN 78744'"
biz-767,verified,selected,high,legal,True,False,32064499398,"A&B REFRIGERATION, LLC",5 CABRALL CT,ODESSA,TX,79765,CL,U,0802785466,08/04/2017,A,A,08/04/2017,,"exact legal name incl. entity suffix: TX 'A&B REFRIGERATION, LLC'; street address corroborates: TX '5 CABRALL CT, ODESSA 79765'"
biz-768,verified,selected,high,legal,False,False,17603546536,"NEW TEX PLUMBING, LTD.",611 TODD ST,THE WOODLANDS,TX,77385,PL,U,0800041688,01/01/2002,A,A,09/26/1991,,"legal name match (entity suffix ignored): TX 'NEW TEX PLUMBING, LTD.'; street address corroborates: TX '611 TODD ST, THE WOODLANDS 77385'"
biz-770,review,,low,address,False,False,17420113700,SHORELINE PLUMBING AND CONSTRUCTION LLC,1954 SARATOGA BLVD,CORPUS CHRISTI,TX,78417,CL,U,0805912681,02/20/2025,A,A,12/22/1978,238220,"same street+ZIP, similar name (token overlap 0.50): TX 'SHORELINE PLUMBING AND CONSTRUCTION LLC'; street address corroborates: TX '1954 SARATOGA BLVD, CORPUS CHRISTI 78417'"
biz-773,review,,low,legal,True,False,32056385258,"J & S PLUMBING SERVICES, LLC",2501 N HIGHWAY 175,SEAGOVILLE,TX,75159,CL,U,0802153448,02/11/2015,A,A,02/11/2015,236115,"exact legal name incl. entity suffix: TX 'J & S PLUMBING SERVICES, LLC'; no address corroboration (TX address 2501 N HIGHWAY 175, SEAGOVILLE TX 75159)"
biz-774,review,,low,legal,True,False,32038537125,"COAST TO COAST MECHANICAL, LLC",528 MEADOWSIDE DR,HUTTO,TX,78634,CL,U,0801065300,12/19/2008,R,A,12/19/2008,238220,"exact legal name incl. entity suffix: TX 'COAST TO COAST MECHANICAL, LLC'; no address corroboration (TX address 528 MEADOWSIDE DR, HUTTO TX 78634)"
biz-775,verified,selected,high,legal,True,False,17603914189,"BELKNAP PLUMBING SYSTEMS, INC.",9030 SOLON RD,HOUSTON,TX,77064,CT,U,0125683400,01/14/1993,A,A,01/14/1993,238000,"exact legal name incl. entity suffix: TX 'BELKNAP PLUMBING SYSTEMS, INC.'; street address corroborates: TX '9030 SOLON RD, HOUSTON 77064'"
biz-776,verified,selected,medium,legal,True,False,32003035147,"TEXAS AIR ZONE, L.L.C.",9639 GREENVILLE AVE,DALLAS,TX,75243,CL,U,0708025522,12/18/2000,A,A,12/18/2000,811412,"exact legal name incl. entity suffix: TX 'TEXAS AIR ZONE, L.L.C.'; city only (DALLAS); street and ZIP differ; only active Texas record with this name statewide; city-level address corroboration"
biz-778,review,,low,legal,False,True,32105970688,"MLL ENTERPRISES, LLC",313 LANDVIEW DR,BURLESON,TX,76028,CL,U,0806592877,05/10/2026,A,A,05/10/2026,,"legal name match (entity suffix ignored): TX 'MLL ENTERPRISES, LLC'; no address corroboration (TX address 313 LANDVIEW DR, BURLESON TX 76028); entity type differs (PPP 'corp' vs TX 'llc'): possible conversion/successor, charter date may not cover the PPP entity"
biz-779,verified,selected,high,legal,True,False,32040251277,"EDDY RAY OPPELT, INC.",308 US HIGHWAY 80 E,SUNNYVALE,TX,75182,CT,U,0801167692,09/08/2009,A,A,09/08/2009,,"exact legal name incl. entity suffix: TX 'EDDY RAY OPPELT, INC.'; street address corroborates: TX '308 US HIGHWAY 80 E, SUNNYVALE 75182'"
biz-779,verified,,low,address,False,False,32069802794,"EDDY RAY OPPELT CONSTRUCTION, INC.",308 US HIGHWAY 80 E,SUNNYVALE,TX,75182,CT,U,0803241027,02/19/2019,R,A,02/19/2019,,"same street+ZIP, similar name (token overlap 0.75): TX 'EDDY RAY OPPELT CONSTRUCTION, INC.'; street address corroborates: TX '308 US HIGHWAY 80 E, SUNNYVALE 75182'"
biz-780,review,,low,legal,True,False,17602381885,"COMM AIR, INC.",PO BOX 2430,SUGAR LAND,TX,77487,CT,U,0105316200,01/21/1988,A,A,01/21/1988,811000,"exact legal name incl. entity suffix: TX 'COMM AIR, INC.'; no address corroboration (TX address PO BOX 2430, SUGAR LAND TX 77487)"
biz-781,review,,low,legal,True,False,32059033335,"METRO EXPRESS SERVICE, LLC",6552 STEPHENSON LEVY RD,FORT WORTH,TX,76140,CL,U,0802347438,12/10/2015,A,A,12/10/2015,811490,"exact legal name incl. entity suffix: TX 'METRO EXPRESS SERVICE, LLC'; no address corroboration (TX address 6552 STEPHENSON LEVY RD, FORT WORTH TX 76140)"
biz-782,verified,selected,high,legal,True,False,32055813706,"EVERFLOW PLUMBING, LLC",118 DUSTIN DR,FATE,TX,75189,CL,U,0802111398,12/03/2014,A,N,12/03/2014,,"exact legal name incl. entity suffix: TX 'EVERFLOW PLUMBING, LLC'; street address corroborates: TX '118 DUSTIN DR, FATE 75189'"
biz-784,review,,low,legal,True,False,32037202580,"AXIUM SOLAR, INC.",3499 FM 1461,MCKINNEY,TX,75071,CT,U,0800987173,06/03/2008,A,A,06/03/2008,423720,"exact legal name incl. entity suffix: TX 'AXIUM SOLAR, INC.'; no address corroboration (TX address 3499 FM 1461, MCKINNEY TX 75071)"
biz-786,verified,selected,medium,legal,True,False,17429218245,"STEVE BROUGHER'S PLUMBING REPAIR, INC.",1106 SMITH RD STE 102,AUSTIN,TX,78721,CT,U,0154083400,06/28/1999,A,A,06/28/1999,238221,"exact legal name incl. entity suffix: TX 'STEVE BROUGHER'S PLUMBING REPAIR, INC.'; city only (AUSTIN); street and ZIP differ; only active Texas record with this name statewide; city-level address corroboration"
biz-787,verified,selected,medium,legal,True,False,32014388246,"NORTHSIDE A/C GP, LLC",816 OFFICE PARK CIR,LEWISVILLE,TX,75057,CL,U,0800304102,02/11/2004,R,A,02/11/2004,,"exact legal name incl. entity suffix: TX 'NORTHSIDE A/C GP, LLC'; ZIP 75057 corroborates (street differs: TX '816 OFFICE PARK CIR')"
biz-788,verified,selected,high,legal,True,False,17530557754,"BEACH PLUMBING, INC.",4829 BLANEY AVE,N RICHLND HLS,TX,76180,CT,U,0800067343,03/22/2002,A,A,03/22/2002,238221,"exact legal name incl. entity suffix: TX 'BEACH PLUMBING, INC.'; street address corroborates: TX '4829 BLANEY AVE, N RICHLND HLS 76180'"
biz-789,verified,selected,high,legal,True,False,17426870378,"GATEWAY AIR CONDITIONING AND SHEET METAL CO., INC.",3117 ROSA AVE,EL PASO,TX,79905,CT,U,0127252900,05/27/1993,A,A,05/27/1993,238000,"exact legal name incl. entity suffix: TX 'GATEWAY AIR CONDITIONING AND SHEET METAL CO., INC.'; street address corroborates: TX '3117 ROSA AVE, EL PASO 79905'"
biz-790,review,,low,legal,True,False,17600113900,"ENVIRONMENTAL AIR SYSTEMS, INC.",PO BOX 41049,HOUSTON,TX,77241,CT,U,0060089700,03/19/1982,A,A,03/19/1982,238222,"exact legal name incl. entity suffix: TX 'ENVIRONMENTAL AIR SYSTEMS, INC.'; city only (HOUSTON); street and ZIP differ"
biz-790,review,,low,legal,False,True,32045420943,"ENVIRONMENTAL AIR SYSTEMS, LLC",9753 KATY FWY STE 700,HOUSTON,TX,77024,CI,V,0801499299,10/25/2011,A,A,10/25/2011,,"legal name match (entity suffix ignored): TX 'ENVIRONMENTAL AIR SYSTEMS, LLC'; city only (HOUSTON); street and ZIP differ; entity type differs (PPP 'corp' vs TX 'llc'): possible conversion/successor, charter date may not cover the PPP entity"
biz-791,verified,selected,medium,legal,True,False,32053494186,"THE RIGHT CHOICE HEATING & AIR, INC.",13370 BRANCH VIEW LN STE 160,DALLAS,TX,75234,CT,U,0801952527,03/16/2014,A,A,03/16/2014,,"exact legal name incl. entity suffix: TX 'THE RIGHT CHOICE HEATING & AIR, INC.'; ZIP 75234 corroborates (street differs: TX '13370 BRANCH VIEW LN STE 160')"
biz-791,verified,,low,legal,False,True,32076237760,RIGHT CHOICE HEATING AND AIR COMPANY LLC,6666 CRESTWAY RD,SAN ANTONIO,TX,78239,CL,U,0803792339,10/10/2020,A,A,10/10/2020,,"legal name match (entity suffix ignored): TX 'RIGHT CHOICE HEATING AND AIR COMPANY LLC'; no address corroboration (TX address 6666 CRESTWAY RD, SAN ANTONIO TX 78239); entity type differs (PPP 'corp' vs TX 'llc'): possible conversion/successor, charter date may not cover the PPP entity"
biz-791,verified,,low,address,False,False,32086028720,TEXAS CHOICE HEATING AND AIR INC,2290 SPRINGLAKE RD STE 103,FARMERS BRNCH,TX,75234,CT,U,0804699651,08/25/2022,R,A,08/25/2022,,"same street+ZIP, similar name (token overlap 0.67): TX 'TEXAS CHOICE HEATING AND AIR INC'; street address corroborates: TX '2290 SPRINGLAKE RD STE 103, FARMERS BRNCH 75234'"
biz-792,review,,low,legal,True,False,17525734954,"HEDRICK MECHANICAL, INC.",PO BOX 1990,ROWLETT,TX,75030,CT,U,0133835000,12/28/1994,A,A,12/28/1994,236220,"exact legal name incl. entity suffix: TX 'HEDRICK MECHANICAL, INC.'; no address corroboration (TX address PO BOX 1990, ROWLETT TX 75030)"
biz-793,verified,selected,high,legal,True,False,32053619535,S.W.A.T. PLUMBING LLC,2111 E FM 1187,ALEDO,TX,76008,CL,U,0801960963,03/28/2014,A,A,03/28/2014,238220,"exact legal name incl. entity suffix: TX 'S.W.A.T. PLUMBING LLC'; street address corroborates: TX '2111 E FM 1187, ALEDO 76008'"
biz-794,review,,low,address,False,False,17513131171,ARTHUR HAGAR CORPORATION,5020 SE LOOP 820,FORT WORTH,TX,76140,CT,U,0027062900,01/07/1970,A,A,01/07/1970,238221,"same street+ZIP, similar name (token overlap 0.50): TX 'ARTHUR HAGAR CORPORATION'; street address corroborates: TX '5020 SE LOOP 820, FORT WORTH 76140'"
biz-796,verified,selected,medium,legal,True,False,17427914605,"FAUGHT SERVICE COMPANY, INC.",PO BOX 10537,AUSTIN,TX,78766,CT,U,0140930300,08/01/1996,A,A,08/01/1996,238221,"exact legal name incl. entity suffix: TX 'FAUGHT SERVICE COMPANY, INC.'; city only (AUSTIN); street and ZIP differ; only active Texas record with this name statewide; city-level address corroboration"
biz-797,verified,selected,high,legal,True,False,32048828290,CLC PLUMBING LLC,1007 RANCH ROAD 620 S STE 100,LAKEWAY,TX,78734,CL,U,0801645173,08/23/2012,A,A,08/23/2012,238220,"exact legal name incl. entity suffix: TX 'CLC PLUMBING LLC'; street address corroborates: TX '1007 RANCH ROAD 620 S STE 100, LAKEWAY 78734'"
biz-798,verified,selected,high,legal,True,False,32037634667,SERVICE ONE AIR CONDITIONING AND HEATING LLC,110 SPORTS PKWY STE B,KELLER,TX,76248,CL,U,0801010738,07/30/2008,R,A,07/30/2008,,"exact legal name incl. entity suffix: TX 'SERVICE ONE AIR CONDITIONING AND HEATING LLC'; street address corroborates: TX '110 SPORTS PKWY STE B, KELLER 76248'"
biz-799,verified,selected,high,legal,True,False,32069727934,AKS PLUMBING LLC,5110 BIG SPRING DR,PEARLAND,TX,77584,CL,U,0803234444,02/11/2019,A,A,02/11/2019,,"exact legal name incl. entity suffix: TX 'AKS PLUMBING LLC'; street address corroborates: TX '5110 BIG SPRING DR, PEARLAND 77584'"
biz-800,verified,selected,medium,legal,True,False,32037232769,"AMAILEY PLUMBING, LLC",PO BOX 690694,HOUSTON,TX,77269,CL,U,0800988114,06/05/2008,R,A,06/05/2008,,"exact legal name incl. entity suffix: TX 'AMAILEY PLUMBING, LLC'; city only (HOUSTON); street and ZIP differ; only active Texas record with this name statewide; city-level address corroboration"
biz-802,review,,low,legal,True,False,32034306210,"A & A PLUMBING, LLC",121 WINDY MEADOWS DR,SCHERTZ,TX,78154,CL,U,0800909598,12/12/2007,A,A,12/12/2007,238220,"exact legal name incl. entity suffix: TX 'A & A PLUMBING, LLC'; no address corroboration (TX address 121 WINDY MEADOWS DR, SCHERTZ TX 78154)"
biz-803,verified,selected,high,legal,True,False,17426816165,"JOHNNY ROOTER PLUMBING, INC.",6725 SHIRLEY AVE,AUSTIN,TX,78752,CT,U,0128219500,08/30/1993,A,A,08/30/1993,238221,"exact legal name incl. entity suffix: TX 'JOHNNY ROOTER PLUMBING, INC.'; street address corroborates: TX '6725 SHIRLEY AVE, AUSTIN 78752'"
biz-804,review,,low,legal,True,False,32048177789,"S.M.R. PLUMBING, INC.",4835 NORMA ST,DALLAS,TX,75247,CT,U,0801607582,06/06/2012,A,A,06/06/2012,238220,"exact legal name incl. entity suffix: TX 'S.M.R. PLUMBING, INC.'; no address corroboration (TX address 4835 NORMA ST, DALLAS TX 75247)"
biz-806,verified,selected,high,legal,True,False,17427034800,"ETC PLUMBING, INC.",12130 PECAN ST,AUSTIN,TX,78727,CT,U,0130783600,04/06/1994,A,A,04/06/1994,238000,"exact legal name incl. entity suffix: TX 'ETC PLUMBING, INC.'; street address corroborates: TX '12130 PECAN ST, AUSTIN 78727'"
biz-807,review,,low,legal,False,False,17523229304,HOPPER AIR CONDITIONING & HEATING CO.,1401 PI BLVD SUITE C,RICHARDSON,TX,75081,CT,U,0114734800,03/22/1990,A,A,03/22/1990,238000,"legal name match (entity suffix ignored): TX 'HOPPER AIR CONDITIONING & HEATING CO.'; no address corroboration (TX address 1401 PI BLVD SUITE C, RICHARDSON TX 75081)"
biz-808,verified,selected,high,legal,True,False,32000569320,"ROSENBERG PLUMBING SERVICE, INC.",2321 WEHRING RD,ROSENBERG,TX,77471,CT,U,0148434700,03/26/1998,A,A,03/26/1998,,"exact legal name incl. entity suffix: TX 'ROSENBERG PLUMBING SERVICE, INC.'; street address corroborates: TX '2321 WEHRING RD, ROSENBERG 77471'"
biz-809,verified,selected,high,legal,False,True,32024350715,"JOE THE PLUMBER, LLC",15503 JARVIS RD,CYPRESS,TX,77429,CL,U,0802622183,01/06/2017,R,A,01/02/2007,,"legal name match (entity suffix ignored): TX 'JOE THE PLUMBER, LLC'; street address corroborates: TX '15503 JARVIS RD, CYPRESS 77429'; entity type differs (PPP 'corp' vs TX 'llc'): possible conversion/successor, charter date may not cover the PPP entity"
biz-812,verified,selected,high,legal,True,False,17605977218,"SUN COAST PLUMBING CO., INC.",1204 MISSOURI ST,SOUTH HOUSTON,TX,77587,CT,U,0152117200,02/22/1999,A,A,02/22/1999,238221,"exact legal name incl. entity suffix: TX 'SUN COAST PLUMBING CO., INC.'; street address corroborates: TX '1204 MISSOURI ST, SOUTH HOUSTON 77587'"
biz-813,verified,selected,high,legal,True,False,17420257754,"BUTLER PLUMBING, INC.",9709 SWANSONS RANCH RD,AUSTIN,TX,78748,CT,U,0046578000,03/05/1979,A,A,03/05/1979,238222,"exact legal name incl. entity suffix: TX 'BUTLER PLUMBING, INC.'; street address corroborates: TX '9709 SWANSONS RANCH RD, AUSTIN 78748'"
biz-814,review,,low,address,False,False,17525268524,"GUY'S PLUMBING, HEATING & AIR, LTD.",6326 CANYON DR,AMARILLO,TX,79109,PL,U,0800176301,02/21/2003,A,A,10/28/1993,238222,"same street+ZIP, similar name (token overlap 0.83): TX 'GUY'S PLUMBING, HEATING & AIR, LTD.'; street address corroborates: TX '6326 CANYON DR, AMARILLO 79109'"
biz-816,verified,selected,high,legal,True,False,10505324144,"TSB PLUMBING SERVICES, INC.",2531 SPRING CREEK DR,SPRING,TX,77373,CT,U,0800118469,08/30/2002,A,A,08/30/2002,238222,"exact legal name incl. entity suffix: TX 'TSB PLUMBING SERVICES, INC.'; street address corroborates: TX '2531 SPRING CREEK DR, SPRING 77373'"
biz-816,verified,,low,address,False,False,32064006821,"TSB COMMERCIAL SERVICES, LLC",2531 SPRING CREEK DR,SPRING,TX,77373,CL,U,0802743370,06/12/2017,A,A,06/12/2017,,"same street+ZIP, similar name (token overlap 0.50): TX 'TSB COMMERCIAL SERVICES, LLC'; street address corroborates: TX '2531 SPRING CREEK DR, SPRING 77373'"
biz-816,verified,,low,address,False,False,32064631149,"TSB PLUMBING ENTERPRISES, LLC",2531 SPRING CREEK DR,SPRING,TX,77373,CL,U,0802795037,08/18/2017,A,A,08/18/2017,,"same street+ZIP, similar name (token overlap 0.50): TX 'TSB PLUMBING ENTERPRISES, LLC'; street address corroborates: TX '2531 SPRING CREEK DR, SPRING 77373'"
biz-817,verified,selected,high,legal,True,False,32063100435,"REF EXPERTS & HVAC, LLC",3838 OAK LAWN AVE STE 1000,DALLAS,TX,75219,CL,U,0802669588,03/09/2017,A,A,03/09/2017,,"exact legal name incl. entity suffix: TX 'REF EXPERTS & HVAC, LLC'; street address corroborates: TX '3838 OAK LAWN AVE STE 1000, DALLAS 75219'"
biz-818,verified,selected,high,legal,True,False,32034394166,"EXTREME MECHANICAL SERVICES, INC.",1911 OLD DENTON RD STE G,CARROLLTON,TX,75006,CT,U,0800917785,12/31/2007,A,N,12/31/2007,,"exact legal name incl. entity suffix: TX 'EXTREME MECHANICAL SERVICES, INC.'; street address corroborates: TX '1911 OLD DENTON RD STE G, CARROLLTON 75006'"
biz-819,verified,selected,high,legal,True,False,32063173101,"SALOF LTD., INC.",5141 INTERSTATE 35 S,NEW BRAUNFELS,TX,78132,CT,U,0802675748,03/13/2017,A,A,03/13/2017,,"exact legal name incl. entity suffix: TX 'SALOF LTD., INC.'; street address corroborates: TX '5141 INTERSTATE 35 S, NEW BRAUNFELS 78132'"
biz-821,verified,selected,high,legal,True,False,32058918346,"COMPLETE SYSTEM BALANCE, LLC.",8745 FM 35,ROYSE CITY,TX,75189,CL,U,0802338467,11/25/2015,A,A,11/25/2015,,"exact legal name incl. entity suffix: TX 'COMPLETE SYSTEM BALANCE, LLC.'; street address corroborates: TX '8745 FM 35, ROYSE CITY 75189'"
biz-825,verified,selected,high,legal,True,False,15420804955,"LANGE MECHANICAL SERVICES, L.P.",933 WAKEFIELD DR,HOUSTON,TX,77018,PL,U,0800065447,03/12/2002,A,A,01/01/2008,,"exact legal name incl. entity suffix: TX 'LANGE MECHANICAL SERVICES, L.P.'; street address corroborates: TX '933 WAKEFIELD DR, HOUSTON 77018'"
biz-825,verified,,low,address,False,False,17600369023,"LANGE MECHANICAL, INC.",933 WAKEFIELD DR,HOUSTON,TX,77018,CT,U,0062867400,11/04/1982,A,A,11/04/1982,811000,"same street+ZIP, similar name (token overlap 0.67): TX 'LANGE MECHANICAL, INC.'; street address corroborates: TX '933 WAKEFIELD DR, HOUSTON 77018'"
biz-826,verified,selected,medium,legal,True,False,32011190868,"EDH PLUMBING CONTRACTORS, LLC",13280 NORTHWEST FWY STE F307,HOUSTON,TX,77040,CL,U,0800193427,04/11/2003,R,A,04/11/2003,,"exact legal name incl. entity suffix: TX 'EDH PLUMBING CONTRACTORS, LLC'; city only (HOUSTON); street and ZIP differ; only active Texas record with this name statewide; city-level address corroboration"
biz-827,verified,selected,high,legal,True,False,17600446698,"SCHAFFER MECHANICAL, INC.",5420 GULFTON ST,HOUSTON,TX,77081,CT,U,0064338400,02/15/1983,A,A,02/15/1983,238221,"exact legal name incl. entity suffix: TX 'SCHAFFER MECHANICAL, INC.'; street address corroborates: TX '5420 GULFTON ST, HOUSTON 77081'"
biz-828,verified,selected,high,legal,True,False,17604636187,"RAYMARK MECHANICAL, INC.",3520 ALDINE BENDER RD STE B,HOUSTON,TX,77032,CT,U,0134725400,03/06/1995,A,A,03/06/1995,238222,"exact legal name incl. entity suffix: TX 'RAYMARK MECHANICAL, INC.'; street address corroborates: TX '3520 ALDINE BENDER RD STE B, HOUSTON 77032'"
biz-829,verified,selected,medium,legal,True,False,17425316902,"STATEWIDE DISTRIBUTING, INC.",PO BOX 18284,SAN ANTONIO,TX,78218,CT,U,0110771000,03/16/1989,A,A,03/16/1989,238000,"exact legal name incl. entity suffix: TX 'STATEWIDE DISTRIBUTING, INC.'; ZIP 78218 corroborates (street differs: TX 'PO BOX 18284')"
biz-830,verified,selected,high,legal,False,True,13643137139,"AIR SPECIALIST HEATING AND AIR CONDITIONING, LLC",1323 N MAIN ST,PEARLAND,TX,77581,CI,V,0012849406,09/14/1999,A,A,09/14/1999,238220,"legal name match (entity suffix ignored): TX 'AIR SPECIALIST HEATING AND AIR CONDITIONING, LLC'; street address corroborates: TX '1323 N MAIN ST, PEARLAND 77581'; entity type differs (PPP 'corp' vs TX 'llc'): possible conversion/successor, charter date may not cover the PPP entity"
biz-831,verified,selected,high,legal,True,False,32015657623,"LABORATORY MECHANICAL SERVICES, LLC",4823 KATY HOCKLEY RD,KATY,TX,77493,CL,U,0800379716,08/20/2004,A,A,08/20/2004,,"exact legal name incl. entity suffix: TX 'LABORATORY MECHANICAL SERVICES, LLC'; street address corroborates: TX '4823 KATY HOCKLEY RD, KATY 77493'"
biz-832,verified,selected,medium,legal,True,False,17606755647,"BIG TEX AIR CONDITIONING, INC.",PO BOX 23296,HOUSTON,TX,77228,CT,U,0801363714,01/01/2011,A,A,01/01/2008,,"exact legal name incl. entity suffix: TX 'BIG TEX AIR CONDITIONING, INC.'; city only (HOUSTON); street and ZIP differ; only active Texas record with this name statewide; city-level address corroboration"
biz-833,review,,low,legal,True,False,32103059039,J&N SERVICES LLC,1340 W GRAY ST,HOUSTON,TX,77019,CL,U,0806305311,11/14/2025,A,N,11/14/2025,,"exact legal name incl. entity suffix: TX 'J&N SERVICES LLC'; no address corroboration (TX address 1340 W GRAY ST, HOUSTON TX 77019)"
biz-834,verified,selected,high,legal,True,False,17604777049,"ASHIK ENTERPRISES, INC.",13425 ALIEF CLODINE RD,HOUSTON,TX,77082,CT,U,0136447400,07/27/1995,A,A,07/27/1995,238222,"exact legal name incl. entity suffix: TX 'ASHIK ENTERPRISES, INC.'; street address corroborates: TX '13425 ALIEF CLODINE RD, HOUSTON 77082'"
biz-836,review,,low,legal,True,False,32056087060,"BIG BLADE PLUMBING & ROOTER SERVICE, INC.",PO BOX 3581,CLEBURNE,TX,76033,CT,U,0802133915,01/09/2015,A,A,01/09/2015,,"exact legal name incl. entity suffix: TX 'BIG BLADE PLUMBING & ROOTER SERVICE, INC.'; no address corroboration (TX address PO BOX 3581, CLEBURNE TX 76033)"
biz-837,verified,selected,medium,legal,True,False,32042486434,"EXCALIBUR PLUMBING, LLC",11880 OLD FARM TO MARKET RD 2243 STE 308,LEANDER,TX,78641,CL,U,0801309278,08/24/2010,A,A,08/24/2010,238220,"exact legal name incl. entity suffix: TX 'EXCALIBUR PLUMBING, LLC'; city only (LEANDER); street and ZIP differ; only active Texas record with this name statewide; city-level address corroboration"
biz-839,verified,selected,high,legal,True,False,32063104569,"HELM PLUMBING SERVICES, LLC",907 S MAIN ST,MIDLAND,TX,79701,CL,U,0802669093,03/08/2017,A,N,03/08/2017,,"exact legal name incl. entity suffix: TX 'HELM PLUMBING SERVICES, LLC'; street address corroborates: TX '907 S MAIN ST, MIDLAND 79701'"
biz-840,verified,selected,high,legal,True,False,32038449743,"TAS MECHANICAL, INC.",11250 THOMPSON RD,WILLIS,TX,77318,CT,U,0801058612,12/04/2008,A,A,12/04/2008,,"exact legal name incl. entity suffix: TX 'TAS MECHANICAL, INC.'; street address corroborates: TX '11250 THOMPSON RD, WILLIS 77318'"
biz-841,review,,low,legal,True,False,32060296566,THE REPIPE COMPANY LLC,310 MORNINGSIDE DR,FRIENDSWOOD,TX,77546,CL,U,0802443920,04/27/2016,A,N,04/27/2016,,"exact legal name incl. entity suffix: TX 'THE REPIPE COMPANY LLC'; no address corroboration (TX address 310 MORNINGSIDE DR, FRIENDSWOOD TX 77546)"
biz-842,verified,selected,high,legal,True,False,17425255829,"PHIL'S PLUMBING SHOP, INC.",7361 N LOOP DR,EL PASO,TX,79915,CT,U,0110020200,01/12/1989,A,A,01/12/1989,238221,"exact legal name incl. entity suffix: TX 'PHIL'S PLUMBING SHOP, INC.'; street address corroborates: TX '7361 N LOOP DR, EL PASO 79915'"
biz-843,verified,selected,high,legal,True,False,30001885588,DELTA-T COMMISSIONING INC.,538 FOREST CENTER PLZ,GARLAND,TX,75042,CT,U,0032474500,05/17/1973,A,N,05/17/1973,238000,"exact legal name incl. entity suffix: TX 'DELTA-T COMMISSIONING INC.'; street address corroborates: TX '538 FOREST CENTER PLZ, GARLAND 75042'"
biz-843,verified,,low,address,False,False,32035672362,DELTA-T LTD.,538 FOREST CENTER PLZ,GARLAND,TX,75042,PL,U,0800284481,12/23/2003,A,N,01/01/2008,,"same street+ZIP, similar name (token overlap 0.67): TX 'DELTA-T LTD.'; street address corroborates: TX '538 FOREST CENTER PLZ, GARLAND 75042'"
biz-844,verified,selected,high,legal,True,False,32039293413,TEXAS EXPRESS PLUMBING INC.,4725 STEFFANI LN,HOUSTON,TX,77041,CT,U,0801109652,04/13/2009,A,A,04/13/2009,238220,"exact legal name incl. entity suffix: TX 'TEXAS EXPRESS PLUMBING INC.'; street address corroborates: TX '4725 STEFFANI LN, HOUSTON 77041'"
biz-844,verified,,low,address,False,False,32105109410,TEXAS EXPRESS SOLUTIONS LLC,4725 STEFFANI LN,HOUSTON,TX,77041,CL,U,0806512982,03/25/2026,A,A,03/25/2026,,"same street+ZIP, similar name (token overlap 0.50): TX 'TEXAS EXPRESS SOLUTIONS LLC'; street address corroborates: TX '4725 STEFFANI LN, HOUSTON 77041'"
biz-845,verified,selected,medium,legal,True,False,32066923486,"RUDD FIRE PROTECTION, INC.",PO BOX 132046,TYLER,TX,75713,CT,U,0802994308,04/19/2018,A,A,04/19/2018,,"exact legal name incl. entity suffix: TX 'RUDD FIRE PROTECTION, INC.'; city only (TYLER); street and ZIP differ; only active Texas record with this name statewide; city-level address corroboration"
biz-846,review,,low,legal,True,False,32024836044,"SALAS PLUMBING, INC.",4360 MAPLESHADE LN,PLANO,TX,75093,CT,U,0800758550,01/12/2007,A,A,01/12/2007,,"exact legal name incl. entity suffix: TX 'SALAS PLUMBING, INC.'; no address corroboration (TX address 4360 MAPLESHADE LN, PLANO TX 75093)"
biz-847,verified,selected,high,legal,True,False,32038573344,"PURGE RITE, LLC",13802 N HIGHWAY 75 STE B,WILLIS,TX,77378,CL,U,0801066990,12/23/2008,A,A,12/23/2008,,"exact legal name incl. entity suffix: TX 'PURGE RITE, LLC'; street address corroborates: TX '13802 N HIGHWAY 75 STE B, WILLIS 77378'"
biz-847,verified,,low,address,False,False,32096122661,"PURGE RITE INTERMEDIATE, LLC",13802 N HIGHWAY 75 STE B,WILLIS,TX,77378,CI,X,,,,U,01/01/2025,,"same street+ZIP, similar name (token overlap 0.67): TX 'PURGE RITE INTERMEDIATE, LLC'; street address corroborates: TX '13802 N HIGHWAY 75 STE B, WILLIS 77378'"
biz-849,review,,low,legal,False,False,17602740908,"SANTHOFF PLUMBING COMPANY, INC.",1519 5TH ST,MISSOURI CITY,TX,77489,CT,U,0108390200,07/25/1988,A,A,07/25/1988,238221,"legal name match (entity suffix ignored): TX 'SANTHOFF PLUMBING COMPANY, INC.'; no address corroboration (TX address 1519 5TH ST, MISSOURI CITY TX 77489)"
biz-851,review,,low,legal,True,False,32061474519,"HCE PLUMBING CONTRACTORS, LLC",PO BOX 551793,DALLAS,TX,75355,CL,U,0802534077,09/02/2016,A,A,09/02/2016,,"exact legal name incl. entity suffix: TX 'HCE PLUMBING CONTRACTORS, LLC'; no address corroboration (TX address PO BOX 551793, DALLAS TX 75355)"
biz-853,verified,selected,medium,legal,True,False,32052830877,"SAME DAY WATER HEATERS, LLC",5417B DICKSON ST,HOUSTON,TX,77007,CL,U,0801908075,01/03/2014,A,A,01/03/2014,,"exact legal name incl. entity suffix: TX 'SAME DAY WATER HEATERS, LLC'; city only (HOUSTON); street and ZIP differ; only active Texas record with this name statewide; city-level address corroboration"
biz-854,review,,low,legal,True,False,32052333484,GOLD STANDARD PLUMBING LLC,18335 BRACKEN DR UNIT 4,SAN ANTONIO,TX,78266,CL,U,0801873762,10/29/2013,A,A,10/29/2013,238220,"exact legal name incl. entity suffix: TX 'GOLD STANDARD PLUMBING LLC'; no address corroboration (TX address 18335 BRACKEN DR UNIT 4, SAN ANTONIO TX 78266)"
biz-855,verified,selected,medium,legal,True,False,11419159295,"ABM RESTORATION, L.P.",PO BOX 2754,PEARLAND,TX,77588,PL,U,0800395585,09/28/2004,R,A,01/01/2008,,"exact legal name incl. entity suffix: TX 'ABM RESTORATION, L.P.'; city only (PEARLAND); street and ZIP differ; only active Texas record with this name statewide; city-level address corroboration"
biz-858,verified,selected,high,legal,True,False,10206507229,"KILGORE INDUSTRIES, L.P.",10050 HOUSTON OAKS DR,HOUSTON,TX,77064,PL,U,0800128950,10/03/2002,A,A,01/01/2008,,"exact legal name incl. entity suffix: TX 'KILGORE INDUSTRIES, L.P.'; street address corroborates: TX '10050 HOUSTON OAKS DR, HOUSTON 77064'"
biz-859,verified,selected,high,legal,True,False,32051974445,PHOENIX PLUMBING LLC,275 LESLIEWOOD,RED OAK,TX,75154,CL,U,0801848875,09/12/2013,A,A,09/12/2013,238220,"exact legal name incl. entity suffix: TX 'PHOENIX PLUMBING LLC'; street address corroborates: TX '275 LESLIEWOOD, RED OAK 75154'"
biz-860,verified,selected,high,legal,True,False,12614566029,"PENNWAY PLUMBING CONTRACTORS, LLC",112 GROSS RD STE C,MESQUITE,TX,75149,CL,U,0800898445,11/15/2007,A,A,11/15/2007,,"exact legal name incl. entity suffix: TX 'PENNWAY PLUMBING CONTRACTORS, LLC'; street address corroborates: TX '112 GROSS RD STE C, MESQUITE 75149'"
biz-861,review,,low,legal,True,False,32050075913,"JDW ENERGY, LLC",2109 CLEAR LAKE RD STE 400,WEATHERFORD,TX,76087,CL,U,0801726853,01/31/2013,A,A,01/31/2013,,"exact legal name incl. entity suffix: TX 'JDW ENERGY, LLC'; no address corroboration (TX address 2109 CLEAR LAKE RD STE 400, WEATHERFORD TX 76087)"
biz-862,verified,selected,high,legal,True,False,32033626808,CARL'S QUALITY COOLING AND HEATING LLC,11255 AMBER PARK DR,CONROE,TX,77303,CL,U,0800864146,08/29/2007,A,A,08/29/2007,,"exact legal name incl. entity suffix: TX 'CARL'S QUALITY COOLING AND HEATING LLC'; street address corroborates: TX '11255 AMBER PARK DR, CONROE 77303'"
biz-863,review,,low,legal,False,True,32066743926,"SWAN PLUMBING HEATING & AIR, LLC",3610 N JOSEY LN STE 223,CARROLLTON,TX,75007,CI,V,0806012615,04/28/2025,R,A,04/03/2018,,"legal name match (entity suffix ignored): TX 'SWAN PLUMBING HEATING & AIR, LLC'; no address corroboration (TX address 3610 N JOSEY LN STE 223, CARROLLTON TX 75007); entity type differs (PPP 'corp' vs TX 'llc'): possible conversion/successor, charter date may not cover the PPP entity"
biz-864,verified,selected,high,legal,True,False,32011709758,"PAT MORGAN PLUMBING, INC.",32902 TAMINA RD,MAGNOLIA,TX,77354,CT,U,0800219871,06/30/2003,A,A,06/30/2003,,"exact legal name incl. entity suffix: TX 'PAT MORGAN PLUMBING, INC.'; street address corroborates: TX '32902 TAMINA RD, MAGNOLIA 77354'"
biz-865,verified,selected,high,legal,True,False,32039292621,"GONZALEZ MECHANICAL CONTRACTOR, LLC",7201 STILES DR C/O BLVD AB,EL PASO,TX,79915,CL,U,0801109755,04/13/2009,R,A,04/13/2009,238220,"exact legal name incl. entity suffix: TX 'GONZALEZ MECHANICAL CONTRACTOR, LLC'; street address corroborates: TX '7201 STILES DR C/O BLVD AB, EL PASO 79915'"
biz-866,verified,selected,medium,legal,True,False,17423394943,"FAIRES PLUMBING COMPANY, INC.",PO BOX 1199 %MILE 17 1 2 SHARPE,EDINBURG,TX,78540,CT,U,0072395800,10/09/1984,A,A,10/09/1984,238222,"exact legal name incl. entity suffix: TX 'FAIRES PLUMBING COMPANY, INC.'; city only (EDINBURG); street and ZIP differ; only active Texas record with this name statewide; city-level address corroboration"
biz-867,verified,selected,high,legal,False,True,17512378542,"BATJER & ASSOCIATES, LLC",2825 PINE ST,ABILENE,TX,79601,CL,U,0804459823,02/19/2022,A,A,12/27/1966,238222,"legal name match (entity suffix ignored): TX 'BATJER & ASSOCIATES, LLC'; street address corroborates: TX '2825 PINE ST, ABILENE 79601'; entity type differs (PPP 'corp' vs TX 'llc'): possible conversion/successor, charter date may not cover the PPP entity"
biz-868,verified,selected,high,legal,True,False,17528677721,"BATJER SERVICE, LLC",2825 PINE ST,ABILENE,TX,79601,CL,U,0706516822,03/14/2000,A,A,03/14/2000,238220,"exact legal name incl. entity suffix: TX 'BATJER SERVICE, LLC'; street address corroborates: TX '2825 PINE ST, ABILENE 79601'"
biz-871,verified,selected,high,legal,True,False,32040312129,SARENTEC LLC,18058 E FM 1097 RD,WILLIS,TX,77378,CL,U,0801171036,09/17/2009,A,A,09/17/2009,,"exact legal name incl. entity suffix: TX 'SARENTEC LLC'; street address corroborates: TX '18058 E FM 1097 RD, WILLIS 77378'"
biz-872,verified,selected,high,legal,True,False,17527927481,"ZOOM AIR, INC.",3905 S PEACHTREE RD,BALCH SPRINGS,TX,75180,CT,U,0150776200,10/06/1998,A,A,10/06/1998,238221,"exact legal name incl. entity suffix: TX 'ZOOM AIR, INC.'; street address corroborates: TX '3905 S PEACHTREE RD, BALCH SPRINGS 75180'"
biz-873,verified,selected,medium,legal,True,False,17426784769,"W. WHITE AIR CONDITIONING, CO.",PO BOX 270265,CORPUS CHRISTI,TX,78427,CT,U,0127046900,05/14/1993,A,A,05/14/1993,811000,"exact legal name incl. entity suffix: TX 'W. WHITE AIR CONDITIONING, CO.'; city only (CORPUS CHRISTI); street and ZIP differ; only active Texas record with this name statewide; city-level address corroboration"
biz-875,verified,selected,high,legal,True,False,32064442802,"MECHANICAL ONE SERVICES, INC",6787 COUNTY ROAD 487,NEVADA,TX,75173,CT,U,0802779303,07/28/2017,A,A,07/28/2017,,"exact legal name incl. entity suffix: TX 'MECHANICAL ONE SERVICES, INC'; street address corroborates: TX '6787 COUNTY ROAD 487, NEVADA 75173'"
biz-878,verified,selected,high,legal,True,False,17517634139,"SKIHI ENTERPRISES, LTD.",2943 STUART DR,FORT WORTH,TX,76104,PL,U,0014186310,12/01/2000,A,A,04/23/1981,238222,"exact legal name incl. entity suffix: TX 'SKIHI ENTERPRISES, LTD.'; street address corroborates: TX '2943 STUART DR, FORT WORTH 76104'"
biz-878,verified,,low,address,False,False,32038238682,SKIHI ENTERPRISES CHARITABLE FOUNDATION,2943 STUART DR,FORT WORTH,TX,76104,CN,U,0801045752,10/29/2008,A,A,10/29/2008,,"same street+ZIP, similar name (token overlap 0.50): TX 'SKIHI ENTERPRISES CHARITABLE FOUNDATION'; street address corroborates: TX '2943 STUART DR, FORT WORTH 76104'"
biz-880,verified,selected,medium,legal,True,False,32052183541,STRATEGIC HVAC & INSULATION LLC,1211 HOLLYWOOD ST,HOUSTON,TX,77015,CL,U,0801864518,10/07/2013,R,N,10/07/2013,238220,exact legal name incl. entity suffix: TX 'STRATEGIC HVAC & INSULATION LLC'; city only (HOUSTON); street and ZIP differ; only active Texas record with this name statewide; city-level address corroboration
biz-881,review,,low,legal,False,False,17424323487,"AIR PRO, INCORPORATED",PO BOX 17576,AUSTIN,TX,78760,CT,U,0101144400,09/19/1986,A,A,09/19/1986,238211,"legal name match (entity suffix ignored): TX 'AIR PRO, INCORPORATED'; city only (AUSTIN); street and ZIP differ"
biz-884,verified,selected,medium,dba,False,False,32035890717,"FREEDOM AIR CONDITIONING, L.P.",31574 HUFFMAN CLEVELAND RD,HUFFMAN,TX,77336,PL,U,0800091703,06/06/2002,A,A,01/01/2008,,"TX legal name 'FREEDOM AIR CONDITIONING, L.P.' equals DBA documented in SBA BorrowerName; street address corroborates: TX '31574 HUFFMAN CLEVELAND RD, HUFFMAN 77336'"
biz-884,verified,,low,legal,False,True,32059739568,"P.P.& P.,LLP",PO BOX 100,CASTOR,LA,71016,PI,X,,,,N,01/01/2013,,"legal name match (entity suffix ignored): TX 'P.P.& P.,LLP'; no address corroboration (TX address PO BOX 100, CASTOR LA 71016); entity type differs (PPP 'llc' vs TX 'partnership'): possible conversion/successor, charter date may not cover the PPP entity"
biz-886,review,,low,address,False,False,32038222595,"MINYARD SONS SERVICES, INC.",1004 CEDAR PARK DR,CEDAR PARK,TX,78613,CT,U,0801044573,10/24/2008,A,A,01/01/2009,238220,"same street+ZIP, similar name (token overlap 0.50): TX 'MINYARD SONS SERVICES, INC.'; street address corroborates: TX '1004 CEDAR PARK DR, CEDAR PARK 78613'"
biz-888,verified,selected,medium,legal,True,False,17428072239,"VICTORIA AIR CONDITIONING, LTD",PO BOX 3882,VICTORIA,TX,77903,PL,U,0009492710,12/31/1996,A,A,01/01/2008,,"exact legal name incl. entity suffix: TX 'VICTORIA AIR CONDITIONING, LTD'; city only (VICTORIA); street and ZIP differ; only active Texas record with this name statewide; city-level address corroboration"
biz-889,verified,selected,medium,legal,True,False,17517346544,"COLONY AIR-CONDITIONING AND APPLIANCE SERVICE, INC",4805 S COLONY BLVD,THE COLONY,TX,75056,CT,U,0054737000,01/26/1981,A,A,01/26/1981,811412,"exact legal name incl. entity suffix: TX 'COLONY AIR-CONDITIONING AND APPLIANCE SERVICE, INC'; ZIP 75056 corroborates (street differs: TX '4805 S COLONY BLVD')"
biz-890,verified,selected,high,legal,True,False,17425677253,"WILKS, INC.",139 WALEETKA ST,SAN ANTONIO,TX,78210,CT,U,0115059000,04/19/1990,A,A,04/19/1990,811412,"exact legal name incl. entity suffix: TX 'WILKS, INC.'; street address corroborates: TX '139 WALEETKA ST, SAN ANTONIO 78210'"
biz-891,verified,selected,high,legal,False,False,17513986905,BERGER ENGINEERING CO.,1617 W CROSBY RD STE 100,CARROLLTON,TX,75006,CT,U,0031342400,10/02/1972,A,A,10/02/1972,238220,"legal name match (entity suffix ignored): TX 'BERGER ENGINEERING CO.'; street address corroborates: TX '1617 W CROSBY RD STE 100, CARROLLTON 75006'"
biz-892,verified,selected,high,legal,True,False,32054924413,"PALMER SERVICES, LLC",924 ALLEN ST,IRVING,TX,75060,CL,U,0802048590,08/20/2014,A,A,08/20/2014,,"exact legal name incl. entity suffix: TX 'PALMER SERVICES, LLC'; street address corroborates: TX '924 ALLEN ST, IRVING 75060'"
biz-894,verified,selected,high,legal,True,False,32044167974,"RES FIRE SPRINKLER, LLC",1110 OVAL DR,ATHENS,TX,75751,CL,U,0801419973,05/02/2011,A,A,05/02/2011,,"exact legal name incl. entity suffix: TX 'RES FIRE SPRINKLER, LLC'; street address corroborates: TX '1110 OVAL DR, ATHENS 75751'"
biz-895,verified,selected,high,legal,True,False,32050668774,"P&E MECHANICAL CONTRACTORS, LLC",5279 N STATE HIGHWAY 6,WACO,TX,76712,CL,U,0801764815,04/09/2013,A,A,04/09/2013,,"exact legal name incl. entity suffix: TX 'P&E MECHANICAL CONTRACTORS, LLC'; street address corroborates: TX '5279 N STATE HIGHWAY 6, WACO 76712'"
biz-896,verified,selected,high,legal,True,False,17429306560,"AXXON SERVICES, INC.",352 SPENCER LN,SAN ANTONIO,TX,78201,CT,U,0155067300,09/15/1999,A,A,09/15/1999,238222,"exact legal name incl. entity suffix: TX 'AXXON SERVICES, INC.'; street address corroborates: TX '352 SPENCER LN, SAN ANTONIO 78201'"
biz-897,verified,selected,medium,legal,True,False,32039755064,"TEXAS QUALITY SERVICES, LLC",PO BOX 961,BURNET,TX,78611,CL,U,0801136615,06/18/2009,R,A,06/18/2009,238220,"exact legal name incl. entity suffix: TX 'TEXAS QUALITY SERVICES, LLC'; ZIP 78611 corroborates (street differs: TX 'PO BOX 961')"
biz-898,verified,selected,high,legal,True,False,17512553870,GRANT AIR CONDITIONING COMPANY,254 ROBERTS CUT OFF RD,FORT WORTH,TX,76114,CT,U,0024222700,12/27/1967,A,A,12/27/1967,238222,"exact legal name incl. entity suffix: TX 'GRANT AIR CONDITIONING COMPANY'; street address corroborates: TX '254 ROBERTS CUT OFF RD, FORT WORTH 76114'"
biz-899,verified,selected,high,legal,True,False,32052924316,BIG FISH HVAC LLC,168 WAREHOUSE DR,BUDA,TX,78610,CL,U,0801914390,01/15/2014,A,A,01/15/2014,,"exact legal name incl. entity suffix: TX 'BIG FISH HVAC LLC'; street address corroborates: TX '168 WAREHOUSE DR, BUDA 78610'"
biz-900,review,,low,legal,True,False,17528921848,"SERVICE SPECIALIST, L.L.C.",405 STATE HIGHWAY 121 BYP STE D100,LEWISVILLE,TX,75067,CL,U,0707089922,06/28/2000,A,A,06/28/2000,238221,"exact legal name incl. entity suffix: TX 'SERVICE SPECIALIST, L.L.C.'; no address corroboration (TX address 405 STATE HIGHWAY 121 BYP STE D100, LEWISVILLE TX 75067)"
biz-901,review,,low,legal,True,False,32036784158,"STAR COOLING TOWERS, L.P.",121 N PASADENA BLVD,PASADENA,TX,77506,PL,U,0015220710,06/06/2001,A,A,01/01/2008,237990,"exact legal name incl. entity suffix: TX 'STAR COOLING TOWERS, L.P.'; no address corroboration (TX address 121 N PASADENA BLVD, PASADENA TX 77506)"
biz-902,verified,selected,high,legal,False,False,17411633724,TEXAIR COMPANY,2201 W EXPRESSWAY 83,MCALLEN,TX,78503,CT,U,0010998500,03/31/1952,A,A,03/31/1952,238222,"legal name match (entity suffix ignored): TX 'TEXAIR COMPANY'; street address corroborates: TX '2201 W EXPRESSWAY 83, MCALLEN 78503'"
biz-902,verified,,low,legal,False,True,12003737827,"TEXAIR, LLC",PO BOX 233,HEREFORD,TX,79045,CI,V,0802726156,05/19/2017,A,A,07/16/2004,814110,"legal name match (entity suffix ignored): TX 'TEXAIR, LLC'; no address corroboration (TX address PO BOX 233, HEREFORD TX 79045); entity type differs (PPP 'corp' vs TX 'llc'): possible conversion/successor, charter date may not cover the PPP entity"
biz-903,verified,selected,medium,legal,True,False,32043289068,HVAC EXPERTS INC,1128 S GRANDVIEW AVE,ODESSA,TX,79761,CT,U,0801362970,12/30/2010,A,A,12/30/2010,,exact legal name incl. entity suffix: TX 'HVAC EXPERTS INC'; ZIP 79761 corroborates (street differs: TX '1128 S GRANDVIEW AVE')
biz-906,verified,selected,high,legal,True,False,32050114167,"VANDERFORD AIR, INC.",207 FM 646 RD W,DICKINSON,TX,77539,CT,U,0801729136,02/05/2013,A,A,02/05/2013,,"exact legal name incl. entity suffix: TX 'VANDERFORD AIR, INC.'; street address corroborates: TX '207 FM 646 RD W, DICKINSON 77539'"
biz-907,verified,selected,high,legal,True,False,14613580340,SPUR INDUSTRIAL LLC,1420 HUGHIE LONG RD,CRESSON,TX,76035,CL,U,0801681102,11/07/2012,A,A,11/07/2012,237990,"exact legal name incl. entity suffix: TX 'SPUR INDUSTRIAL LLC'; street address corroborates: TX '1420 HUGHIE LONG RD, CRESSON 76035'"
biz-908,verified,selected,medium,legal,True,False,32056302857,"AIRCO PLUMBING & MECHANICAL, LLC",PO BOX 5027,WICHITA FALLS,TX,76307,CL,U,0802149544,02/02/2015,A,A,02/02/2015,,"exact legal name incl. entity suffix: TX 'AIRCO PLUMBING & MECHANICAL, LLC'; city only (WICHITA FALLS); street and ZIP differ; only active Texas record with this name statewide; city-level address corroboration"
biz-910,verified,selected,high,legal,True,False,17526583954,"WELDON CONTRACTORS, LLC",3100 E RANDOL MILL RD,ARLINGTON,TX,76011,CL,U,0801201657,12/05/2009,A,A,01/01/2008,,"exact legal name incl. entity suffix: TX 'WELDON CONTRACTORS, LLC'; street address corroborates: TX '3100 E RANDOL MILL RD, ARLINGTON 76011'"
biz-911,verified,selected,medium,legal,True,False,17514751977,"NAPPS INDUSTRIES, LLC",PO BOX 2546,LONGVIEW,TX,75606,CL,U,0802674275,03/15/2017,A,A,05/20/1975,238220,"exact legal name incl. entity suffix: TX 'NAPPS INDUSTRIES, LLC'; city only (LONGVIEW); street and ZIP differ; only active Texas record with this name statewide; city-level address corroboration"
biz-912,verified,selected,high,legal,True,False,32057545603,"K & R MECHANICAL SERVICES, L.L.C.",12634 HAYNES RD # B,HOUSTON,TX,77066,CL,U,0802234644,06/15/2015,A,A,06/15/2015,,"exact legal name incl. entity suffix: TX 'K & R MECHANICAL SERVICES, L.L.C.'; street address corroborates: TX '12634 HAYNES RD # B, HOUSTON 77066'"
biz-914,verified,selected,high,legal,True,False,32045887190,"YATES COMPANY, LLC",4738 WHIRLWIND DR,SAN ANTONIO,TX,78217,CL,U,0801514623,12/02/2011,A,A,12/02/2011,541990,"exact legal name incl. entity suffix: TX 'YATES COMPANY, LLC'; street address corroborates: TX '4738 WHIRLWIND DR, SAN ANTONIO 78217'"
biz-914,verified,,low,legal,False,True,16408932701,THE YATES COMPANIES INC,104 GULLY AVE,PHILADELPHIA,MS,39350,CF,X,,,,A,01/01/2004,551112,"legal name match (entity suffix ignored): TX 'THE YATES COMPANIES INC'; no address corroboration (TX address 104 GULLY AVE, PHILADELPHIA MS 39350); entity type differs (PPP 'llc' vs TX 'corp'): possible conversion/successor, charter date may not cover the PPP entity"
biz-914,verified,,low,legal,False,False,32083757800,YATES LLC,2800 CENTURY PKWY NE STE 300,ATLANTA,GA,30345,CI,V,0804482204,03/18/2022,A,A,03/18/2022,,"legal name match (entity suffix ignored): TX 'YATES LLC'; no address corroboration (TX address 2800 CENTURY PKWY NE STE 300, ATLANTA GA 30345)"
biz-914,verified,,low,legal,False,False,32103552884,"YATES, LLC",3964 FM 556,PITTSBURG,TX,75686,CI,V,0806356331,12/20/2025,A,N,12/20/2025,,"legal name match (entity suffix ignored): TX 'YATES, LLC'; no address corroboration (TX address 3964 FM 556, PITTSBURG TX 75686)"
biz-915,review,,low,legal,True,False,32065146659,"FRS TRENCHCORE, INC.",15911 ROSEVIEW LN,CYPRESS,TX,77429,CF,V,0802838143,10/17/2017,F,N,10/17/2017,,"exact legal name incl. entity suffix: TX 'FRS TRENCHCORE, INC.'; no address corroboration (TX address 15911 ROSEVIEW LN, CYPRESS TX 77429)"
biz-916,verified,selected,medium,legal,True,False,17526148329,"AUTOMATIC SPRINKLER OF TEXAS, INC.",PO BOX 382091,DUNCANVILLE,TX,75138,CT,U,0137211100,09/28/1995,A,A,09/28/1995,238222,"exact legal name incl. entity suffix: TX 'AUTOMATIC SPRINKLER OF TEXAS, INC.'; city only (DUNCANVILLE); street and ZIP differ; only active Texas record with this name statewide; city-level address corroboration"
biz-917,verified,selected,high,legal,False,False,17421537279,CHERO-KEY PIPING COMPANY,1800 SHERWOOD FOREST ST STE D1,HOUSTON,TX,77043,CT,U,0054987300,02/13/1981,A,A,02/13/1981,238222,"legal name match (entity suffix ignored): TX 'CHERO-KEY PIPING COMPANY'; street address corroborates: TX '1800 SHERWOOD FOREST ST STE D1, HOUSTON 77043'"
biz-918,review,,low,legal,True,False,32066174247,"ANCHOR INSULATION OF TEXAS, LLC",4718 COTTON BELT DR,SAN ANTONIO,TX,78219,CL,U,0802930363,02/07/2018,A,A,02/07/2018,,"exact legal name incl. entity suffix: TX 'ANCHOR INSULATION OF TEXAS, LLC'; no address corroboration (TX address 4718 COTTON BELT DR, SAN ANTONIO TX 78219)"
biz-919,verified,selected,high,legal,True,False,18611100373,"MIINC, L.P.",1960 W NORTHWEST HWY STE A,DALLAS,TX,75220,PL,U,0800358979,06/28/2004,A,A,01/01/2008,,"exact legal name incl. entity suffix: TX 'MIINC, L.P.'; street address corroborates: TX '1960 W NORTHWEST HWY STE A, DALLAS 75220'"
biz-920,verified,selected,high,legal,False,False,32025249783,"A-OK COMPANIES, INC",3737 CONFLANS RD,IRVING,TX,75061,CT,U,0800762092,01/22/2007,A,A,01/22/2007,,"legal name match (entity suffix ignored): TX 'A-OK COMPANIES, INC'; street address corroborates: TX '3737 CONFLANS RD, IRVING 75061'"
biz-922,review,,low,address,False,False,17514570484,KAHN AIR CONDITIONING & HEATING COMPANY,2787 IRVING BLVD STE 130,DALLAS,TX,75207,CT,U,0035074000,10/21/1974,A,A,10/21/1974,238222,"same street+ZIP, similar name (token overlap 0.71): TX 'KAHN AIR CONDITIONING & HEATING COMPANY'; street address corroborates: TX '2787 IRVING BLVD STE 130, DALLAS 75207'"
biz-923,verified,selected,high,legal,True,False,13713760877,"CTI FIELD SERVICES, INC.",2826 CENTER ST,DEER PARK,TX,77536,CF,V,0802969254,04/03/2018,A,A,03/10/1999,236220,"exact legal name incl. entity suffix: TX 'CTI FIELD SERVICES, INC.'; street address corroborates: TX '2826 CENTER ST, DEER PARK 77536'"
biz-924,review,,low,legal,True,False,32042629827,"PLUMBING ACEE, INC.",PO BOX 229,FRIENDSWOOD,TX,77549,CT,U,0801317696,09/13/2010,A,A,09/13/2010,,"exact legal name incl. entity suffix: TX 'PLUMBING ACEE, INC.'; no address corroboration (TX address PO BOX 229, FRIENDSWOOD TX 77549)"
biz-926,review,,low,legal,True,False,32040861653,"W.T. STOVALL HOLDINGS, INC.",PO BOX 10308,MIDLAND,TX,79702,CT,U,0801206924,12/18/2009,A,A,12/18/2009,,"exact legal name incl. entity suffix: TX 'W.T. STOVALL HOLDINGS, INC.'; no address corroboration (TX address PO BOX 10308, MIDLAND TX 79702)"
biz-927,verified,selected,medium,legal,True,False,32038583624,"GEISTWEIDT PLUMBING, INC.",PO BOX 6657,LUBBOCK,TX,79493,CT,U,0801068046,12/29/2008,A,A,12/29/2008,238220,"exact legal name incl. entity suffix: TX 'GEISTWEIDT PLUMBING, INC.'; city only (LUBBOCK); street and ZIP differ; only active Texas record with this name statewide; city-level address corroboration"
biz-928,verified,selected,high,legal,True,False,32064721809,"HUTCHINS PLUMBING AC, LLC",1301 S SAM RAYBURN FWY,SHERMAN,TX,75090,CL,U,0802804694,08/31/2017,A,A,08/31/2017,,"exact legal name incl. entity suffix: TX 'HUTCHINS PLUMBING AC, LLC'; street address corroborates: TX '1301 S SAM RAYBURN FWY, SHERMAN 75090'"
biz-929,review,,low,legal,True,False,32043186454,"COLD TEX REFRIGERATION, LLC",109 METRO DR,TERRELL,TX,75160,CL,U,0801355349,12/13/2010,R,A,12/13/2010,238220,"exact legal name incl. entity suffix: TX 'COLD TEX REFRIGERATION, LLC'; no address corroboration (TX address 109 METRO DR, TERRELL TX 75160)"
biz-932,review,,low,legal,True,False,32055504537,CAPITAL PLUMBING INC.,PO BOX 427,AUBREY,TX,76227,CT,U,0802088674,10/23/2014,R,A,10/23/2014,,"exact legal name incl. entity suffix: TX 'CAPITAL PLUMBING INC.'; no address corroboration (TX address PO BOX 427, AUBREY TX 76227)"
biz-932,review,,low,dba,False,False,32055996832,"CAPITAL MECHANICAL, LLC",PO BOX 5576,WACO,TX,76708,CL,U,0802127028,12/29/2014,A,A,12/29/2014,,"TX legal name 'CAPITAL MECHANICAL, LLC' equals DBA documented in SBA BorrowerName; no address corroboration (TX address PO BOX 5576, WACO TX 76708)"
biz-933,verified,selected,medium,legal,True,False,17423250236,"DWAIN MCCAIN PLUMBING, INC.",PO BOX 10096,CORPUS CHRISTI,TX,78460,CT,U,0070866500,06/15/1984,A,A,06/15/1984,238221,"exact legal name incl. entity suffix: TX 'DWAIN MCCAIN PLUMBING, INC.'; city only (CORPUS CHRISTI); street and ZIP differ; only active Texas record with this name statewide; city-level address corroboration"
biz-934,review,,low,legal,True,False,17516251430,"FROST & KEELING ASSOC., INC.",39 TRUSS DR,BOERNE,TX,78006,CT,U,0045683500,12/18/1978,A,A,12/18/1978,238222,"exact legal name incl. entity suffix: TX 'FROST & KEELING ASSOC., INC.'; no address corroboration (TX address 39 TRUSS DR, BOERNE TX 78006)"
biz-936,verified,selected,medium,legal,True,False,32034358625,"TOTAL AIR SERVICES, L.L.C.",4780 TURTLE DOVE CT,EL PASO,TX,79922,CL,U,0800913600,12/20/2007,R,A,12/20/2007,,"exact legal name incl. entity suffix: TX 'TOTAL AIR SERVICES, L.L.C.'; ZIP 79922 corroborates (street differs: TX '4780 TURTLE DOVE CT')"
biz-937,review,,low,legal,True,False,32085133646,RAMCO ENTERPRISES LLC,4601 LANGLAND RD STE 104,FARMERS BRNCH,TX,75244,CL,U,0804617984,06/21/2022,A,A,06/21/2022,,"exact legal name incl. entity suffix: TX 'RAMCO ENTERPRISES LLC'; no address corroboration (TX address 4601 LANGLAND RD STE 104, FARMERS BRNCH TX 75244)"
biz-938,verified,selected,medium,legal,True,False,17421044540,"HOUSTON NORTH AIR CONDITIONING, INC.",PO BOX 91188,HOUSTON,TX,77291,CT,U,0051222200,03/14/1980,R,A,03/14/1980,238220,"exact legal name incl. entity suffix: TX 'HOUSTON NORTH AIR CONDITIONING, INC.'; city only (HOUSTON); street and ZIP differ; only active Texas record with this name statewide; city-level address corroboration"
biz-939,verified,selected,high,legal,True,False,15622888962,"INFINITY CONTRACTORS INTERNATIONAL, LTD.",1400 EVERMAN PKWY STE 134,FORT WORTH,TX,76140,PL,U,0800119473,09/01/2002,A,A,01/01/2008,,"exact legal name incl. entity suffix: TX 'INFINITY CONTRACTORS INTERNATIONAL, LTD.'; street address corroborates: TX '1400 EVERMAN PKWY STE 134, FORT WORTH 76140'"
biz-940,review,,low,address,False,False,17603986153,"ALL AMERICAN AIR & APPLIANCE MECHANICAL SERVICES,",15002 MINTZ LN,HOUSTON,TX,77014,CT,U,0126756300,04/15/1993,A,A,04/15/1993,238222,"same street+ZIP, similar name (token overlap 0.71): TX 'ALL AMERICAN AIR & APPLIANCE MECHANICAL SERVICES,'; street address corroborates: TX '15002 MINTZ LN, HOUSTON 77014'"
biz-941,verified,selected,high,legal,True,False,12019576482,FIVE STAR AUTOMATIC FIRE PROTECTION LLC.,3520 CONFEDERATE RD,EL PASO,TX,79936,CL,U,0800414952,11/15/2004,A,A,11/15/2004,561621,"exact legal name incl. entity suffix: TX 'FIVE STAR AUTOMATIC FIRE PROTECTION LLC.'; street address corroborates: TX '3520 CONFEDERATE RD, EL PASO 79936'"
biz-942,verified,selected,high,legal,True,False,17418935965,"C&B UTILITIES, INC.",13420 E HARDY RD,HOUSTON,TX,77039,CT,U,0802359052,01/01/2016,A,A,10/25/1976,,"exact legal name incl. entity suffix: TX 'C&B UTILITIES, INC.'; street address corroborates: TX '13420 E HARDY RD, HOUSTON 77039'"
biz-943,review,,low,legal,True,False,32052895102,ALDEN MECHANICAL SERVICES LLC,8300 CYPRESS PKWY #421,HOUSTON,TX,77070,CL,U,0801913256,01/12/2014,A,N,01/12/2014,,"exact legal name incl. entity suffix: TX 'ALDEN MECHANICAL SERVICES LLC'; no address corroboration (TX address 8300 CYPRESS PKWY #421, HOUSTON TX 77070)"
biz-944,verified,selected,high,legal,True,False,32010414988,"TRADEMARK PLUMBING, INC.",17651 TELGE RD,CYPRESS,TX,77429,CT,U,0800169526,02/03/2003,R,A,02/03/2003,238220,"exact legal name incl. entity suffix: TX 'TRADEMARK PLUMBING, INC.'; street address corroborates: TX '17651 TELGE RD, CYPRESS 77429'"
biz-945,verified,selected,high,legal,False,False,17605216591,BARTSCH SERVICES INC.,1440 LAKE FRONT CIR STE 155,THE WOODLANDS,TX,77380,CT,U,0142336000,12/04/1996,A,A,12/04/1996,238000,"legal name match (entity suffix ignored): TX 'BARTSCH SERVICES INC.'; street address corroborates: TX '1440 LAKE FRONT CIR STE 155, THE WOODLANDS 77380'"
biz-947,review,,low,legal,True,False,32056281838,"NORTEX SOLUTIONS, LLC",PO BOX 1418,MCKINNEY,TX,75070,CL,U,0802146903,01/30/2015,A,A,01/30/2015,,"exact legal name incl. entity suffix: TX 'NORTEX SOLUTIONS, LLC'; no address corroboration (TX address PO BOX 1418, MCKINNEY TX 75070)"
biz-949,verified,selected,medium,legal,True,False,15623753744,"JM CARTER PLUMBING, INC.",202 W MAIN ST STE 100,GUNTER,TX,75058,CT,U,0800222297,07/08/2003,A,N,07/08/2003,238220,"exact legal name incl. entity suffix: TX 'JM CARTER PLUMBING, INC.'; ZIP 75058 corroborates (street differs: TX '202 W MAIN ST STE 100')"
biz-952,verified,selected,medium,legal,True,False,17512477229,"ANTHONY MECHANICAL, INC.",PO BOX 3886,LUBBOCK,TX,79452,CT,U,0023564300,05/31/1967,A,A,05/31/1967,238222,"exact legal name incl. entity suffix: TX 'ANTHONY MECHANICAL, INC.'; city only (LUBBOCK); street and ZIP differ; only active Texas record with this name statewide; city-level address corroboration"
biz-953,review,,low,legal,False,False,17418231449,"VERNOR MATERIAL & EQUIPMENT CO., INC.",PO BOX 967,CLUTE,TX,77531,CT,U,0035891600,04/11/1975,A,A,04/11/1975,423320,"legal name match (entity suffix ignored): TX 'VERNOR MATERIAL & EQUIPMENT CO., INC.'; no address corroboration (TX address PO BOX 967, CLUTE TX 77531)"
biz-954,verified,selected,medium,legal,True,False,32055397692,"BALANCE ENERGY, LLC",2502 WESTGATE DR,HOUSTON,TX,77019,CI,V,0802080305,10/10/2014,A,A,10/10/2014,,"exact legal name incl. entity suffix: TX 'BALANCE ENERGY, LLC'; city only (HOUSTON); street and ZIP differ; only active Texas record with this name statewide; city-level address corroboration"
biz-955,verified,selected,medium,legal,True,False,32015399549,A TEAM PLUMBING INC,PO BOX 1650,CONROE,TX,77305,CF,V,0800363494,07/11/2004,R,A,07/11/2004,238220,exact legal name incl. entity suffix: TX 'A TEAM PLUMBING INC'; city only (CONROE); street and ZIP differ; only active Texas record with this name statewide; city-level address corroboration
biz-956,verified,selected,high,legal,True,False,32072040549,"FPI, LLC",2588 N HOUSTON ST APT 2212,DALLAS,TX,75219,CL,U,0803428521,09/24/2019,A,A,09/24/2019,,"exact legal name incl. entity suffix: TX 'FPI, LLC'; street address corroborates: TX '2588 N HOUSTON ST APT 2212, DALLAS 75219'"
biz-956,verified,,low,legal,False,True,30003160246,FPI INC,4849 N MESA ST STE 311 %V K SIZEMORE,EL PASO,TX,79912,CM,V,0004088207,06/03/1977,A,A,06/03/1977,,"legal name match (entity suffix ignored): TX 'FPI INC'; no address corroboration (TX address 4849 N MESA ST STE 311 %V K SIZEMORE, EL PASO TX 79912); entity type differs (PPP 'llc' vs TX 'corp'): possible conversion/successor, charter date may not cover the PPP entity"
biz-957,verified,selected,medium,legal,True,False,17521472047,"TOWER ENGINEERING, INC.",3001 RAMONA DR,FORT WORTH,TX,76116,CT,U,0101549700,10/27/1986,A,A,10/27/1986,238990,"exact legal name incl. entity suffix: TX 'TOWER ENGINEERING, INC.'; ZIP 76116 corroborates (street differs: TX '3001 RAMONA DR')"
biz-957,verified,,low,legal,False,True,32084235400,"TOWER ENGINEERING, LLC",1014 E HIGHWAY 82,GAINESVILLE,TX,76240,CI,V,0804535282,04/22/2022,A,A,04/22/2022,335312,"legal name match (entity suffix ignored): TX 'TOWER ENGINEERING, LLC'; no address corroboration (TX address 1014 E HIGHWAY 82, GAINESVILLE TX 76240); entity type differs (PPP 'corp' vs TX 'llc'): possible conversion/successor, charter date may not cover the PPP entity"
biz-960,verified,selected,medium,legal,True,False,17514894140,G. W. VINES COMPANY,PO BOX 227416,DALLAS,TX,75222,CT,U,0037009100,11/07/1975,A,A,11/07/1975,238000,exact legal name incl. entity suffix: TX 'G. W. VINES COMPANY'; city only (DALLAS); street and ZIP differ; only active Texas record with this name statewide; city-level address corroboration
biz-961,review,,low,address,False,False,17518481035,"FIRST SERVICE AIR CONDITIONING CONTRACTORS, INC.",3009 GARDEN CITY HWY,MIDLAND,TX,79701,CT,U,0063259100,12/06/1982,A,A,12/06/1982,238222,"same street+ZIP, similar name (token overlap 0.50): TX 'FIRST SERVICE AIR CONDITIONING CONTRACTORS, INC.'; street address corroborates: TX '3009 GARDEN CITY HWY, MIDLAND 79701'"
biz-962,verified,selected,high,legal,True,False,17603873203,"SMITH SPECIALTY CONTRACTORS, INC.",10400 RODGERS RD,HOUSTON,TX,77070,CT,U,0125037500,11/16/1992,A,A,11/16/1992,236220,"exact legal name incl. entity suffix: TX 'SMITH SPECIALTY CONTRACTORS, INC.'; street address corroborates: TX '10400 RODGERS RD, HOUSTON 77070'"
biz-963,verified,selected,high,legal,True,False,32052934778,"OHLMANN ENTERPRISES, LLC",1309 COTTON FLAT RD,MIDLAND,TX,79701,CL,U,0801915915,01/15/2014,A,D,01/15/2014,,"exact legal name incl. entity suffix: TX 'OHLMANN ENTERPRISES, LLC'; street address corroborates: TX '1309 COTTON FLAT RD, MIDLAND 79701'"
biz-964,verified,selected,medium,legal,True,False,17413615034,STARKEY PLUMBING COMPANY,PO BOX 191,PASADENA,TX,77501,CT,U,0016307900,03/01/1960,A,A,03/01/1960,238222,exact legal name incl. entity suffix: TX 'STARKEY PLUMBING COMPANY'; city only (PASADENA); street and ZIP differ; only active Texas record with this name statewide; city-level address corroboration
biz-966,review,,low,legal,True,False,32098362422,WILSON HOME SERVICES LLC,923 MINTERS CHAPEL RD STE 200,GRAPEVINE,TX,76051,CL,U,0805859617,01/15/2025,A,N,01/15/2025,,"exact legal name incl. entity suffix: TX 'WILSON HOME SERVICES LLC'; no address corroboration (TX address 923 MINTERS CHAPEL RD STE 200, GRAPEVINE TX 76051)"
biz-967,verified,selected,medium,legal,True,False,32070300325,BTN SERVICES LLC,2368 RICE BLVD STE A,HOUSTON,TX,77005,CI,V,0803283487,04/04/2019,F,N,04/04/2019,,exact legal name incl. entity suffix: TX 'BTN SERVICES LLC'; city only (HOUSTON); street and ZIP differ; only active Texas record with this name statewide; city-level address corroboration
biz-968,review,,low,legal,True,False,32055372422,"1ST FIRE SAFETY, LLC",PO BOX 1238,CEDAR PARK,TX,78630,CL,U,0802078495,10/08/2014,A,A,10/08/2014,,"exact legal name incl. entity suffix: TX '1ST FIRE SAFETY, LLC'; no address corroboration (TX address PO BOX 1238, CEDAR PARK TX 78630)"
biz-969,verified,selected,high,legal,True,False,17420338919,"A-1 SHEET METAL AND AIR CONDITIONING, INC.",2935 MILAM ST,BEAUMONT,TX,77701,CT,U,0045813600,12/29/1978,A,A,12/29/1978,238000,"exact legal name incl. entity suffix: TX 'A-1 SHEET METAL AND AIR CONDITIONING, INC.'; street address corroborates: TX '2935 MILAM ST, BEAUMONT 77701'"
biz-972,review,,low,legal,False,False,17603482591,"HCB MECHANICAL, INCORPORATED",PO BOX 1779,CYPRESS,TX,77410,CT,U,0120375400,08/22/1991,A,A,08/22/1991,238220,"legal name match (entity suffix ignored): TX 'HCB MECHANICAL, INCORPORATED'; city only (CYPRESS); street and ZIP differ"
biz-973,review,,low,address,False,False,30005963449,"GOYO'S AND SONS, INC.",2410 MOON TRACT LN,LAREDO,TX,78046,CT,U,0057515300,08/21/1981,A,A,08/21/1981,238220,"same street+ZIP, similar name (token overlap 0.50): TX 'GOYO'S AND SONS, INC.'; street address corroborates: TX '2410 MOON TRACT LN, LAREDO 78046'"
biz-974,verified,selected,high,legal,True,False,32052404616,A. J. MONIER SERVICE CO.,1446 N FLORES ST,SAN ANTONIO,TX,78212,CT,U,0801878443,11/06/2013,A,N,11/06/2013,,"exact legal name incl. entity suffix: TX 'A. J. MONIER SERVICE CO.'; street address corroborates: TX '1446 N FLORES ST, SAN ANTONIO 78212'"
biz-974,verified,,low,address,False,False,17412401246,"A. J. MONIER & CO., INC.",1446 N FLORES ST,SAN ANTONIO,TX,78212,CT,U,0800551668,09/29/2005,A,A,09/29/2005,,"same street+ZIP, similar name (token overlap 0.50): TX 'A. J. MONIER & CO., INC.'; street address corroborates: TX '1446 N FLORES ST, SAN ANTONIO 78212'"
biz-974,verified,,low,address,False,False,32051990557,MONIER SERVICE COMPANY,1446 N FLORES ST,SAN ANTONIO,TX,78212,CT,U,0801851913,09/17/2013,A,A,09/17/2013,,"same street+ZIP, similar name (token overlap 0.67): TX 'MONIER SERVICE COMPANY'; street address corroborates: TX '1446 N FLORES ST, SAN ANTONIO 78212'"
biz-976,review,,low,legal,True,False,32050075913,"JDW ENERGY, LLC",2109 CLEAR LAKE RD STE 400,WEATHERFORD,TX,76087,CL,U,0801726853,01/31/2013,A,A,01/31/2013,,"exact legal name incl. entity suffix: TX 'JDW ENERGY, LLC'; no address corroboration (TX address 2109 CLEAR LAKE RD STE 400, WEATHERFORD TX 76087)"
biz-977,verified,selected,high,legal,True,False,17316911993,"STRATEGIC FILTRATION, INC.",2500 FAIRWAY PARK DR,HOUSTON,TX,77092,CT,U,0800290746,01/12/2004,A,A,01/12/2004,423730,"exact legal name incl. entity suffix: TX 'STRATEGIC FILTRATION, INC.'; street address corroborates: TX '2500 FAIRWAY PARK DR, HOUSTON 77092'"
biz-978,verified,selected,medium,legal,True,False,17527583268,"TEXAS GENERAL MECHANICAL, LLC",PO BOX 645,TERRELL,TX,75160,CL,U,0803197276,01/02/2019,A,A,03/23/1998,238220,"exact legal name incl. entity suffix: TX 'TEXAS GENERAL MECHANICAL, LLC'; city only (TERRELL); street and ZIP differ; only active Texas record with this name statewide; city-level address corroboration"
biz-979,review,,low,legal,True,False,32069326174,"ALL POINTS PLUMBING, LLC",25533 RICHARDS RD STE 11,SPRING,TX,77386,CL,U,0803199833,01/02/2019,A,N,01/02/2019,,"exact legal name incl. entity suffix: TX 'ALL POINTS PLUMBING, LLC'; no address corroboration (TX address 25533 RICHARDS RD STE 11, SPRING TX 77386)"
biz-980,verified,selected,high,legal,True,False,32072635967,"TRINITY VALLEY HVAC SERVICES, LLC",2305 EDGEWOOD ST,LIBERTY,TX,77575,CL,U,0803479535,11/25/2019,A,A,11/25/2019,,"exact legal name incl. entity suffix: TX 'TRINITY VALLEY HVAC SERVICES, LLC'; street address corroborates: TX '2305 EDGEWOOD ST, LIBERTY 77575'"
biz-981,review,,low,legal,True,False,17603079520,"EASY AIRE, INC.",PO BOX 2787,SUGAR LAND,TX,77487,CT,U,0115141900,04/25/1990,A,A,04/25/1990,238222,"exact legal name incl. entity suffix: TX 'EASY AIRE, INC.'; no address corroboration (TX address PO BOX 2787, SUGAR LAND TX 77487)"
biz-983,review,,low,legal,False,True,32076692113,"BLUE BOX AIR, INC.",2016 FARRINGTON ST,DALLAS,TX,75207,CF,V,0803633724,05/29/2020,A,A,01/01/2019,541990,"legal name match (entity suffix ignored): TX 'BLUE BOX AIR, INC.'; city only (DALLAS); street and ZIP differ; entity type differs (PPP 'llc' vs TX 'corp'): possible conversion/successor, charter date may not cover the PPP entity"
biz-986,review,,low,address,False,False,32043905655,"REYNOLDS ELECTRIC, HEATING AND AIR CONDITIONING SE",2001 SKYLINE DR STE A115,SHERMAN,TX,75092,CL,U,0801403494,03/25/2011,A,A,03/25/2011,238220,"same street+ZIP, similar name (token overlap 0.75): TX 'REYNOLDS ELECTRIC, HEATING AND AIR CONDITIONING SE'; street address corroborates: TX '2001 SKYLINE DR STE A115, SHERMAN 75092'"
biz-987,verified,selected,high,legal,True,False,17513127815,"JOE RUSHING PLUMBING COMPANY, INC.",2405 1ST ST,LUBBOCK,TX,79415,CT,U,0026827600,11/07/1969,A,A,11/07/1969,238221,"exact legal name incl. entity suffix: TX 'JOE RUSHING PLUMBING COMPANY, INC.'; street address corroborates: TX '2405 1ST ST, LUBBOCK 79415'"
biz-988,review,,low,legal,False,False,17421364484,"SUN CITY AIR CONDITIONING COMPANY, INC.",PO BOX 1693,EL PASO,TX,79949,CT,U,0053429300,09/30/1980,A,A,09/30/1980,238222,"legal name match (entity suffix ignored): TX 'SUN CITY AIR CONDITIONING COMPANY, INC.'; city only (EL PASO); street and ZIP differ"
biz-989,verified,selected,high,legal,True,False,32044112848,"JM ENGINEERING, LLC",1314 HILLRIDGE DR,ROUND ROCK,TX,78665,CL,U,0801416735,04/25/2011,A,A,04/25/2011,,"exact legal name incl. entity suffix: TX 'JM ENGINEERING, LLC'; street address corroborates: TX '1314 HILLRIDGE DR, ROUND ROCK 78665'"
biz-991,verified,selected,high,legal,True,False,17516301169,TRINITY INSULATION CO.,549 N 5TH ST,GARLAND,TX,75040,CT,U,0045355200,11/16/1978,A,A,11/16/1978,238312,"exact legal name incl. entity suffix: TX 'TRINITY INSULATION CO.'; street address corroborates: TX '549 N 5TH ST, GARLAND 75040'"
biz-992,verified,selected,medium,legal,True,False,17528869146,GRG SANDERS & CO.,2303 120TH ST,LUBBOCK,TX,79423,CT,U,0158533800,06/01/2000,A,A,06/01/2000,238220,exact legal name incl. entity suffix: TX 'GRG SANDERS & CO.'; ZIP 79423 corroborates (street differs: TX '2303 120TH ST')
biz-994,verified,selected,medium,legal,True,False,32044419540,"DELTA TEMP SERVICES, L.L.C.",PO BOX 532045,HARLINGEN,TX,78553,CL,U,0801436209,06/08/2011,R,A,06/08/2011,,"exact legal name incl. entity suffix: TX 'DELTA TEMP SERVICES, L.L.C.'; city only (HARLINGEN); street and ZIP differ; only active Texas record with this name statewide; city-level address corroboration"
biz-995,review,,low,legal,False,False,32051750852,APOGEE PLUMBING GROUP LLC,6901 K AVE STE 106,PLANO,TX,75074,CL,U,0801834459,08/16/2013,A,A,08/16/2013,238220,"legal name match (entity suffix ignored): TX 'APOGEE PLUMBING GROUP LLC'; no address corroboration (TX address 6901 K AVE STE 106, PLANO TX 75074)"
biz-999,verified,selected,high,legal,True,False,17606573727,"THAKKAR SERVICES, INC.",9457 W BELLFORT AVE,HOUSTON,TX,77031,CT,U,0160012400,10/02/2000,A,A,10/02/2000,238221,"exact legal name incl. entity suffix: TX 'THAKKAR SERVICES, INC.'; street address corroborates: TX '9457 W BELLFORT AVE, HOUSTON 77031'"
